id,price
69940,22222.34622879707
44315,15159.904616284868
41540,11128.708477159897
18443,17646.380134681596
52142,19573.18790772875
65709,5135.1328492706125
62910,11261.206558938362
99776,10555.443555762766
40708,22278.285231497775
96765,27828.271085566023
52928,8868.90103848989
40021,14458.361507769607
98392,18137.133467460226
86830,15586.329402093614
94536,16280.734620836893
93193,11024.12611728146
87617,19644.630010256627
14801,23378.06638892983
15013,17420.87306892538
52883,27163.404249451523
31734,5075.419939139198
65314,22627.10473970515
71105,8403.413510791364
59591,12494.234140640205
89037,15864.272901021715
56374,19433.570465196248
13524,15452.55169455925
84388,11945.509205010438
79884,17049.422182944174
72954,30360.193647530767
75216,7707.453924204248
33383,14021.814870553937
29832,10087.559700734462
33110,12856.179109962677
70848,11160.248493938954
40932,12431.386647639843
87246,8369.421466868354
61012,20742.705074891408
37025,7958.958299359027
12342,21388.859009182263
85804,42946.6316811212
48587,7523.478864983552
99950,16201.961695920301
42232,8601.71364842937
12686,10796.418698575148
63871,12249.444061978287
81844,16991.877569573804
88383,15159.904616284868
89574,9880.169578582438
97473,11443.736023739355
11330,14242.442526073337
74308,23866.884120278275
83311,12560.129539690412
36292,8521.210303325344
31986,7423.099343087917
69741,15340.450342296526
22310,19161.192094055703
21914,16395.542214620495
14486,11581.080071254357
75307,24421.594275812415
10168,8287.116988324546
37138,9213.126183767266
57002,25535.63547136805
85835,2705.5986826934804
10668,6433.529026639737
90081,23907.269192229585
65847,9977.005763040568
22979,16395.48473227031
69310,9824.270888529862
41517,17738.39269997669
69132,49294.51110977097
47563,10615.347611939298
86660,28497.63397006217
64128,26397.875892775613
67422,28226.54464453771
98124,14600.644617088185
18716,8654.066541590448
76451,29583.813943128647
88649,15217.503852818865
18356,18356.80075815606
73489,9873.468169726322
29677,10759.355628048004
44876,7143.384850159726
39387,10018.181167232571
38073,16781.99538485482
16652,10107.370821368557
14345,19503.34466256841
70100,10502.786651624865
56901,7688.336290153446
20308,11549.21595980792
12175,14368.411412320831
78409,17487.659899156137
57549,13244.70880234325
83980,22690.61785642809
96598,8896.380235801178
93646,23135.906117636136
46784,8153.907085158726
88737,20759.649241846353
86329,15631.129894288844
97535,23969.6804764327
74164,11705.187184273895
65037,11676.744552487744
52209,9546.58550313997
90068,10748.636579130201
42009,21215.566076718766
70225,28343.667768617517
67116,16684.216121911482
71383,22669.39153682901
13156,14062.14538960582
57482,29487.195908631234
18641,13513.068182068711
30157,15164.395669132493
97855,10520.687095358368
55725,10335.695336754365
51606,10583.749429297815
17807,10819.204631057122
59471,13562.46322489097
39498,21103.613675757617
74952,9434.742583395258
18020,18358.737989385347
13002,31200.205241859516
82584,10472.653419592007
33723,7589.412400971385
60037,18470.1069642568
59808,21277.748326591813
71923,20189.76429343661
13700,17222.789235443386
81982,13563.074741006036
26604,15958.978492407186
44791,9689.728405602194
59947,13926.101175270542
98567,12434.09011730987
13654,44908.61062611424
79635,13916.927788256411
24896,13785.50298891393
75023,14502.736542451885
73525,14326.083073304828
41802,10552.205871938168
49119,18643.404578361664
90004,8947.263768613891
58374,33471.83861288963
32982,11522.311019880577
85362,28463.96472849155
36714,9881.168782257411
47488,15967.831029794435
13391,9683.560133986297
62562,9927.422180614718
71354,8577.081675270822
33838,6918.418662228312
37113,35460.38213500574
60685,24729.728415564095
90305,29444.30588756595
57840,9592.478712944387
12533,11914.498057385095
87220,10623.483901815118
85707,18187.685602819598
67188,6611.340914181797
67526,29788.145119577206
82173,11258.617957534792
10028,26453.069720914104
29227,24574.18090109074
71559,49109.066437672096
75351,11258.268601022031
35024,7914.349065821898
39671,18817.179560840286
29011,22970.255127424934
80147,27965.839117900123
77822,34293.356922389496
54226,14385.522358697059
89363,9164.585448607984
71874,13528.857755615662
49545,6836.35831659293
36573,10953.787572547502
37027,19246.46093109755
91881,32677.028416692505
43573,9112.298564303423
48741,21749.455505855894
71831,10673.7092738135
81312,21912.90353210853
27547,22447.839440421238
88427,43300.52131269636
64335,17100.272293861675
79054,20170.666481591725
50871,19392.08199957815
15182,7834.488932767123
47192,38453.39113385235
25758,12360.947500996539
48511,15125.70292979545
57461,14648.657214707651
73725,19228.51394651705
50606,26584.4278346827
25775,18570.843601258
26012,46305.125718211195
22477,8312.470574355479
70020,18198.25878454644
33259,12320.116208461823
79174,12979.817330610218
81929,27419.25932989722
62233,17876.64668054255
44238,9971.127512257233
45847,33413.76647744991
95500,13132.064906122027
96022,9510.107180472281
57832,5519.399347394079
65914,21763.192034544223
11411,38098.70066891419
50662,11586.735042884528
29286,9652.878958892827
60058,17413.949530825674
98901,14917.5075060971
25919,15795.743318510196
53646,16745.759257033158
89713,13938.429276333885
80385,9458.056023396326
90811,10119.353010618264
29937,12273.952350755588
67575,10111.55975028424
20241,35777.604283615234
93242,61032.57711387877
77743,14982.988342197243
95982,7484.071354247853
13869,10298.002200747993
34720,14376.849989256356
81331,19043.84232647615
72543,15765.992350291042
46183,10791.717305323127
20715,10313.041912754248
16461,6902.042099561015
77698,9751.613989306235
18448,11434.897334780988
58364,14428.552990510303
20578,14245.952634714798
94094,24347.597930503154
99948,7130.675970529337
89282,16691.562382919536
86237,21627.55776796119
85402,13809.781834813311
19564,25111.839999707307
49203,9561.446752845819
48850,20783.368822267345
98654,11789.326096347417
27873,11656.717602620694
20134,13491.65028351473
23656,38452.70160473435
91926,20228.755922807293
54462,5977.760553311866
41117,10393.293959058548
50736,6324.197315440802
81768,10016.330226970189
89839,11185.207666081971
63930,11836.87320263495
33616,16726.63685363955
57073,15459.245911173206
17133,25803.11246404655
34064,12334.095356566508
89184,31736.316308610138
24862,15669.80076798628
46350,9590.80064422359
46627,29247.842394233845
66117,22126.8032189794
55256,12099.047584347645
64494,10258.254102081402
92553,34645.47217444895
54552,13102.276701520412
22491,7370.051756375713
77198,16328.404748345794
51564,42675.81771886628
53053,17335.8809278976
46709,8529.552001289569
79606,7541.774797342379
14870,8973.20435130565
24715,10747.224995457633
73402,14705.63100325543
13691,20694.477886593184
75970,10383.873458092774
74793,14750.703166097748
16372,37323.55882459262
34479,27742.552071643095
87225,15285.624707150742
19843,13761.779260870913
90996,10073.047178643124
48805,16860.54142269564
43365,14756.459983664146
62917,14426.541408050754
37081,23510.902016765416
60913,25234.400041844245
25748,9780.263152539002
59143,22609.35794844712
70647,28384.327068546518
91234,18342.25804803826
17287,13680.696428062805
66682,18923.01267545663
86204,20183.633619052063
90052,8744.324234270713
79376,24975.691519906046
55167,9625.481900341354
99018,5674.311827848214
84513,14655.872273008503
99514,9439.041459290802
94202,9387.995389567954
24990,13051.717761151545
72968,10481.24421779584
68910,23210.439466271033
68051,10076.590148783787
55410,5974.528562169189
72869,12410.467989306435
41420,12421.93389931738
31232,13693.976579038364
74172,10357.79026497569
52728,12574.516189709324
49583,18232.198633830427
28445,8412.252154349339
46437,12479.757618569864
15708,9549.395019238875
94086,27091.928744302655
68573,22596.77847185499
49124,10336.27842737083
13202,18743.917734592487
68694,28120.725583702515
80695,11172.923090153265
55560,11569.998608057129
84885,11706.120111434499
63064,22931.38135675467
53294,20962.82017535669
18134,17262.71113192795
54401,5306.385886496955
92045,22669.22108779191
62754,13051.473309721794
90605,29471.242456898704
40201,15766.146322822502
63127,6648.697055135308
66369,20518.9729190978
53553,9022.604251781922
97912,23898.386330975653
25720,9199.40807727346
54997,13815.579703044095
71633,11541.047052739501
19423,29799.583896003664
58286,36276.77785286309
33230,12799.085047478386
29493,19185.735348171773
60688,28156.458056411837
76567,7680.667449472101
69619,8984.506637675799
17887,17614.69686749943
57519,16309.65656040741
29747,6150.973748572878
13252,15175.283343334384
12577,6713.185064303383
35708,35722.89814441178
97240,5263.171872213243
42203,11098.46943333523
96265,14669.35697181106
89879,15517.373957686466
42421,13081.86112907969
15183,29075.974207421044
25095,23151.49652642068
13007,20784.22274402775
82862,15781.262093013054
72457,15796.418077039516
15331,9601.263366877349
76766,25806.43541383471
62881,30258.322375621443
11978,34477.12857964923
48345,8403.413510791364
26072,11343.893880236088
46315,6974.973336090092
17733,25242.221762141053
47176,17230.30550102455
50753,19350.924525877173
78438,13111.669412599009
95090,14195.720628519302
12058,13513.733426713505
70723,21686.991996777142
89022,9210.001147251998
44333,12162.328533093474
55967,11453.801344300877
65125,24377.70132514263
68975,15990.532359005614
52199,6597.025496435794
51032,13847.724493758054
92212,30677.3208086589
97887,10045.604853386352
70580,11268.544315587398
22936,10958.523853744457
95296,7138.994735285791
47899,14848.606463403812
18441,57631.33964026686
22585,24204.58632533537
20392,6583.429675045638
90775,30572.500275828468
50896,53908.427075635365
60044,17899.673462850173
84935,17894.523207094106
78641,12594.172883167059
77261,4861.767810480234
39800,25648.725501291417
40129,20008.383692162213
88929,21746.823371317267
80046,20626.49700316876
80919,26344.740626959785
94888,10482.850637134005
88007,8481.602477682867
83274,26553.425152057454
49434,26148.92581632366
77163,13566.400437538123
15890,23069.537052775206
30859,22894.691042729584
70789,7508.502272998983
77125,19115.7377746662
23659,18754.246029193746
80082,6164.287107579823
62110,27153.171881585156
25363,9660.67058192369
52159,14181.917483019904
18896,26499.19709013854
24553,21158.281684878624
45104,12539.88492722248
25303,4021.9114072308475
29558,21162.155372488887
92473,14308.520094601969
37928,9577.052445405494
23735,25635.9007014917
97888,11286.196587380442
87143,26336.43549336715
54564,28101.88796230508
33888,14107.720021514488
53563,6185.463707182507
53908,12436.966415560055
92267,13719.473103732518
68305,21728.87115254061
29046,17693.578793276516
10968,13076.628744849771
14949,8693.890409148305
46196,13539.125916270354
59677,7714.469916547447
91751,13132.46725862727
96127,5814.754949675558
86202,17624.029933284826
62365,20912.6088129478
98433,11917.895802973679
63777,27327.238712106388
77004,6558.088355641034
58998,27206.45201455526
36749,20093.607163666366
73866,7259.927005526904
42087,7004.603094038868
64753,9209.029723707736
41518,11704.335846255053
87161,10037.231723329907
74276,6270.349588672936
84189,10454.735965143944
41159,14967.83130767312
26544,28350.08910284168
75614,30698.257911028802
63483,7959.94303005545
23312,30412.920791846638
30316,21592.376905218254
14218,15458.782074488194
97278,19668.48588644059
57582,45149.74897446789
45302,18044.5926864527
10393,12537.60275800178
64953,9865.19944337775
83566,16091.02287264757
23933,23990.154801076445
50614,9110.250791358729
40468,9165.580926494647
73865,28436.58693746182
99318,18805.18663276723
61043,9955.836197599216
32189,16910.915779991545
90045,17643.334922738228
18576,8749.460099938615
91000,11612.51839339575
34168,16965.22916500073
60545,12411.984211151483
60278,24419.99587708249
45185,21918.075262874438
73472,46209.73009702795
36328,10456.73457138792
16809,9061.443126472586
14188,9235.348216693157
40401,10994.999337264147
24444,13321.922215249164
38995,16748.969687755012
97585,10298.226231114197
89040,20591.33908071316
99398,14961.013912750193
81882,22821.538970820697
34509,8894.71743643262
54482,2378.2464336320645
17298,10777.707941838424
39845,12389.003140861103
24760,11981.80807622949
22624,16427.923339745812
83822,16801.077583070793
88935,13222.31794555451
95520,8560.267671639247
65289,16378.955773841832
34936,10537.647828797548
81412,15440.092835454774
53092,21380.463859842966
91725,5874.666639529702
95533,6398.013054070432
66575,12743.850628280303
58002,9538.35344912285
63834,25174.956580528877
31477,13084.712624652457
98572,8658.979064955276
77073,32595.892024042005
35583,17175.55195438662
55938,8104.587883690345
53949,7647.506222620625
76332,29739.48424091244
48743,10138.992822488564
67252,15420.533779841
39802,31908.896530687838
36730,11638.504294733884
85019,12034.484183957393
85572,14669.840871338882
38872,17865.662076049237
16773,16067.71808986838
85889,10681.906490230283
62004,16911.144410694742
68732,14984.867097783084
80633,10816.995901561306
77593,9852.409781391632
19513,12665.02993440584
29964,20475.753345187273
21065,5977.646871465942
56655,14022.83357660291
20374,22608.8385245936
22039,26956.34385118754
32180,11578.20470576215
11725,33375.53955637157
58293,30394.35537251497
77697,9332.848940533233
16786,27689.92661127758
34460,23827.26794880627
39026,10046.089843103113
14472,18514.472669796378
82748,13125.39142064874
26879,11992.4113638407
42889,16526.911294168047
35896,10509.432534177566
99462,26609.81630917025
93680,42245.82217921523
99447,14003.709813814245
68768,30991.203324834554
48933,21259.004267333024
45390,17965.491581748254
11117,12140.775144933697
16002,9555.386522615816
54673,7603.519077544399
37551,7461.650350622052
33713,10233.577599953423
98363,12317.60082024676
77895,13595.72382939588
59707,13270.073202935142
69585,28698.138422197444
53564,20609.638463673677
76322,10152.466885713293
24325,15812.62915812001
17464,13856.306571280405
81056,32947.81310253365
18939,33320.48644789387
27258,18942.060798779257
73984,8023.627404496037
52272,38621.60508280266
13628,16591.857089597954
43329,30730.12276016533
11185,17562.033720831798
88690,7411.483839828888
32880,17152.088890675746
69017,27055.17583614562
39802,11219.576761769977
99429,31447.418993106505
11188,9635.445795073301
24580,49521.30848425625
74473,19173.904706429945
70169,4439.848217601142
85930,12403.672395359927
51378,22687.78040830888
81433,10274.466463644954
33030,18927.081155600084
96518,9966.185522545024
94413,5291.448978309943
18188,39205.805364515894
54639,49641.82432177564
18560,15411.932981679078
81117,16078.837159764593
52311,21437.626971663653
64501,11193.305506035736
15629,16073.386927261343
16067,10009.970365227571
18912,16307.819509343002
79277,12473.310980294504
15218,22643.77085049158
24717,14624.87477442879
90022,20794.886019496964
87275,9038.050133967728
88100,15642.590170656935
19895,20732.36603774235
48678,17932.144696801548
53307,10100.89390661932
94176,13974.364078983526
60094,28390.287661273454
76042,6244.616684174389
40717,19975.91836145949
48533,14652.215093307812
12757,22658.01777071163
75678,5328.2534398615935
99276,9490.411483697093
58820,12453.66022226651
77788,11388.513809488168
70016,37418.00778040119
89609,8506.01807274693
40424,25375.225994651617
93641,16272.765874111568
69756,12541.82948225118
18811,7690.409440220659
82294,14171.836962572881
24177,8448.848512036428
29507,14912.541415455049
24730,9316.28875331266
89257,19604.143465112807
16642,32378.366565569744
67113,12671.384315461935
77911,24081.146007022762
33449,20830.209539223644
16150,11183.548470350495
24907,4881.697296610595
93896,19245.131436319076
97071,7991.1337988712185
79324,27836.047412695458
15022,19327.196768601196
31778,13573.01131564883
23426,11415.42706990381
48049,16920.93913992143
15337,33285.09526849014
37932,21111.88594824576
52558,14256.469670904715
99385,8244.814791791418
35026,22522.284023397922
95649,18305.36571731815
88577,29832.61756144984
40169,26824.347356704628
51302,17085.07801753027
40422,22671.973209728676
99225,20081.012481711
38257,7005.068938884542
50161,10277.585547262915
69918,10769.203767605904
82294,17581.88150105269
91748,27464.981638138794
28372,21559.44069114308
52610,6517.128505626826
93324,16569.670444606905
64894,27047.25855146295
30053,26046.92834928722
53484,6505.821158741117
63142,5998.0389624926665
66244,4020.4791430379864
97121,12311.536990928085
21053,11041.258154775998
17067,8641.716960483362
37211,15740.031299299337
56722,11644.47183856842
60472,9734.304748987524
64564,20640.14756333072
55635,12648.729769514226
37055,18099.846986921562
22865,9790.302522009111
84303,14806.967870376846
73671,13561.603614003918
82156,28654.89598498744
26702,13081.418913115867
72235,15182.100694024373
16071,12621.31610302973
73911,31539.756879921104
94973,9386.280212016924
25166,20230.641053603315
78113,19607.665843142382
69388,21436.852892967927
98166,15349.028219408685
30170,6510.076743933583
35767,12921.857196065888
63559,8783.450695108746
21799,18947.232902890537
32792,28438.81203749514
15424,18112.76384464135
68443,12236.611329750336
24829,11961.244372081183
95105,50070.38342508871
36281,8652.343079747252
82165,19676.25127114759
43191,4611.115299268513
67311,15097.029996787409
84580,31152.39640992946
19526,11861.527672818345
53288,20321.732555957093
55282,21455.16239495348
35460,29563.878616762835
20283,16055.63851880466
37894,10359.135806278748
57886,12661.691287350666
18690,11785.43914474513
38120,18070.511466598327
90379,14638.181766169495
55535,17058.26237800665
17065,11522.714929421654
24873,5486.467540865397
32636,15678.079380298392
99416,12120.489694578791
82586,15871.65414312411
54720,43911.354443412194
20238,29167.386010014445
16475,12954.78481184816
92600,8865.758796987973
49781,14627.09319461442
73051,12565.09254036008
84418,9506.404815271284
68691,14162.964649389087
64180,18065.83253640645
23095,9076.170430663977
10791,17785.16951490739
14961,47961.469752725134
67136,17017.139407219278
39561,7308.019032303198
49463,8889.937362125975
25508,22757.05509039137
43826,27537.23331015079
52159,11982.305036612037
92248,17817.23991570725
28028,54872.46393360711
32093,6898.43534715965
75032,15157.710563804634
20897,9456.737824152167
45420,10984.969425039635
74140,29836.02955318946
29907,18209.918409424597
20760,31314.342921316347
63577,19759.986495971825
97727,9241.65531479796
69527,10824.507191388748
36671,11816.558676154498
57227,14133.167619382757
20596,12850.402941860222
67066,15807.29228711512
33304,9647.456579898502
75035,13279.322166625007
77334,11243.576288665212
99887,15775.409610313021
10630,12535.961242742116
22541,16736.53801381365
84983,8707.289448999763
26300,14580.20046765652
44248,10937.57464248998
60899,24982.77753889613
57351,25875.01508547958
89097,9664.714779128426
13671,13079.904854935165
18517,14400.488180491648
21774,3663.539214668819
55678,14302.827140884221
31953,12654.233464644309
79309,5290.524477270523
64187,47775.18069307415
71859,23518.988401693077
87093,10532.667749273853
81071,22742.254301917037
20680,31266.35385437686
97514,7968.916512977414
53477,23829.75733296504
11239,20795.250859208958
31127,9894.645744700902
23570,16199.700801673298
85586,19324.727735807053
65869,14703.369514727063
83115,8850.7053652857
82869,9583.69356476632
71837,7605.369992689357
68700,10126.97063697528
89489,5687.286983146752
81464,6733.023890144988
77737,11368.832261719315
35832,34639.52867109722
76185,16578.62821746968
55950,39625.443177314
64455,15995.530163729612
51646,5274.069900035605
39063,6919.553908386066
57821,7436.140102856571
51543,15495.050300413206
98492,8889.151710635017
79095,29741.437796085454
98679,31109.58654955571
33620,24113.861992894694
60643,6619.01658105798
76785,20922.665650059982
69079,8497.29465769988
14250,7907.295881297743
21545,11791.934011056273
84893,8885.279196354755
89092,12765.061071407457
93484,12716.465236960608
61632,20365.960510775498
43465,16911.028395804467
95520,15082.536285538481
74810,8040.193547538591
90012,25555.170506531307
21394,16129.697910679894
50088,12436.966415560055
93551,15050.865058812684
27779,24287.4491463328
76682,13119.640173349333
26211,11994.990304158717
99956,5944.421598010711
65388,24791.449229348615
21464,10447.390760642189
24439,10365.465348650323
71732,30677.82890142446
96812,107897.14579745187
12098,20183.61704579755
89880,34680.26190657518
94275,11416.594996986716
32326,12088.644191071311
58187,10507.934498898117
90300,29567.597981242972
48431,21786.313877979785
55336,10877.953124436099
70963,20434.400366669433
25058,10024.575185532067
61855,21843.78538090197
78895,35777.604283615234
80129,11842.387493008064
75058,21127.7756555964
21078,15838.08694724698
90081,4821.775279398149
86856,22441.288915094905
85195,9650.803309562127
96303,19345.462334762287
64126,5234.439090509957
95999,24163.135881142938
93807,18528.577796504684
45523,15593.51501000926
65360,12802.55360173912
75308,10671.364904216527
93970,6521.578690826651
72326,40745.228371210615
78759,12470.677304563149
40927,19444.2392480384
58751,8512.39344870851
55650,8968.946482396093
79140,20508.62402490662
79554,11720.372325899261
33104,16918.991505917562
52136,26527.905754353706
95736,1480.3258780745637
37536,9799.459229418659
79087,13196.52330888835
20891,14213.781940043731
14083,7811.594487397264
46212,25277.730535308907
54532,15096.228654938128
33914,16344.674371271176
45903,4838.904925800722
80569,27316.62171017403
82575,10868.22811844564
80934,24250.598248217266
94751,7023.612537323315
10341,40655.528455241016
65431,20555.247480476304
94808,8846.13557310159
76550,9564.916259960853
83408,9883.700964247015
14875,2270.0436877278953
41609,10736.741723326108
91411,6916.908809153672
32099,20954.289802995372
82135,11214.61284198512
44948,9527.157638231642
50866,10969.78083315155
83926,14810.881322829682
32243,14376.679658424619
46377,19945.91612995815
35054,19781.306008047162
62168,15133.721287172364
91698,16328.52269197057
55210,19119.10098890803
43344,16263.397358852351
67641,11584.290591873387
60808,10291.031861291385
20268,6376.335222948761
15757,78016.19848387432
58448,21618.64051674895
13318,25074.173783740793
49970,52393.272720081535
93732,12502.991586283115
36973,49823.406600988485
94420,17787.184284171854
23243,10806.908070947198
95991,7152.948909429333
89758,10439.872005108049
68523,10053.281654776685
80874,10821.999865991456
29630,25176.05616610551
80023,12317.662041226275
29542,41059.06501567303
36294,6193.980132798286
86214,5810.52935836345
23315,19046.52331994382
59091,26995.63612663222
94439,12844.79998459969
98769,17698.474488066553
53064,9120.523673021857
52351,31724.220069239134
83135,25870.761397154827
78989,46593.44492144631
40211,16690.772442681806
39681,11350.424864580415
63887,17687.946737901744
71145,8944.868233901172
56140,8775.907120376036
75087,13589.236929489232
20243,9422.560391427509
58891,35784.95846038243
73120,26425.05751188741
94110,8256.01530555382
47017,22794.24421713903
66329,7009.97057384545
77762,15605.209521967743
40551,10822.271961909162
89954,15467.945457661963
30031,33096.591911352225
93095,15025.76858783101
22388,9796.179401288873
26341,31271.989266078024
42785,6133.73777883645
43053,16110.62375533109
31203,28711.435207722003
74172,14128.832734779096
80598,5035.445409291464
97461,7186.608512279769
54284,13211.043617960051
97200,14026.313520416801
11689,15319.011467977309
94917,16613.842262206697
24854,11428.63557461592
40991,14045.795258785422
93103,10885.815223977037
33885,13773.760368405143
34212,29063.092421944944
20440,17901.736249780584
44119,18571.813372460263
49367,13575.22261358288
41954,7884.607428814945
90255,6030.2266631177445
90073,31213.66722818291
25513,11666.022466905131
87857,10874.852507849322
81910,15001.925373210594
36278,12261.053891974021
11924,10919.68227487676
21252,37281.4722525288
71113,7463.633335346689
33969,6085.792864163432
58375,10115.73271922574
76197,27814.446628240585
23593,29792.681591742417
18791,9828.576816467947
19433,10387.952083679465
69095,9380.445364737361
10000,11309.702944632192
94389,10795.919610564219
13066,15447.147593729465
78654,17105.262820176147
50735,10292.712775830705
43455,32349.03971925321
16097,20255.902649874533
80480,15174.53015224415
45083,7780.981032715203
49038,10448.299971546017
88366,39831.74330948724
45433,15179.242560420631
29638,9401.698194576757
37167,4925.718266992211
16283,6805.947954046886
18547,16037.79529570541
78888,10657.564159530943
46697,13062.849847514739
90607,26438.15001195909
85905,13127.492676329111
45726,10263.313050785771
64128,14740.0503234732
57312,57452.353518680655
63051,7553.439138990618
20087,19385.372321996154
13440,19021.874198714977
11416,30689.245038025103
70954,11736.019066848246
77390,18458.108435349015
52466,7635.288054222467
79645,16186.884741849726
17910,10136.463213228952
89104,12557.611068515796
80999,24275.470019120294
71022,8360.681134310285
85297,22082.377882782643
66145,15211.914960336542
93796,13173.148111372055
90693,18574.22916648361
98278,27568.929998188873
83634,12837.123355377484
39770,25411.638799340493
61855,30296.164175577687
52502,10262.955768168678
30717,21758.64668151314
94593,19104.65123143156
62695,24976.927617172005
13979,27362.70231938758
90626,13096.911505344488
36860,11071.286593975125
73869,13649.340592747538
31009,22932.414163889665
53637,7113.198049916604
42082,69976.68680793727
55952,7907.199855781817
88620,13316.244659925103
85401,29306.898355626603
29982,27466.038662572355
67620,25077.37159887083
20168,11352.716852835521
45196,7143.491177841803
60902,10565.443482924882
58227,8681.847307453841
67330,13550.805256961523
78402,9769.428309948837
62717,27617.37101622941
26584,13863.225675310287
84111,13495.908349313859
84513,28890.695283351775
80174,11502.09534268412
60488,10867.050320970455
72613,15744.71760198905
16481,10496.241703825563
48809,5508.699031897755
30961,23422.680578575215
45699,19087.527570102076
72482,8369.486144598488
17761,6844.61047122641
30530,10477.334083152267
47505,10093.89848059262
50522,5168.114058815459
15744,22531.792761278895
21945,16569.234786719822
76623,10007.783008424532
45430,32496.930615552235
25713,29715.31305619477
31840,11874.595089339906
42910,25108.588110143646
78553,24697.90524825562
84837,40691.577111440565
21820,8589.51442178974
13882,7179.616307293003
90158,24379.93707777138
99292,26267.693960390607
94672,17475.02536637546
76130,6529.517971300669
91047,11944.208793834992
57978,8927.51786327624
62817,9991.396037242224
24255,13202.792810134244
23811,16404.72346996609
21096,13624.587224945957
33178,17258.87836176022
33792,11098.538469858067
65912,14929.737974745649
75376,12693.407216583904
67955,9258.305644862361
66126,19995.51626094932
78059,23753.657901028884
65707,13249.495895251874
66666,9014.666105819333
44055,66086.9016810848
53235,30158.84215980712
10239,7206.653927911317
15702,9073.255285384132
75181,11108.205841467268
89733,23787.7315848276
83886,26008.655773290848
90127,10448.50879606959
95267,13191.851906848806
63481,15584.376030130152
83383,10798.16089624662
24491,52301.68840363129
89726,17214.529273121407
79245,30705.53715861032
57284,18167.87048069878
32425,27180.285614489727
30412,7438.795453889328
67750,23226.721537884867
72131,8471.864810544404
63698,17272.229676809726
67427,7867.596612822697
15049,14856.117185653417
85818,8661.646291918441
60746,40904.032326532295
18501,7775.4637752059425
91572,9252.272101312366
76775,20703.840396492884
43350,22309.320963670874
18254,11352.004961353809
81431,8034.079185161758
14319,29772.202586053718
14028,66439.6907008526
94743,45334.90225685142
48063,24824.52716093154
75579,9156.210866946854
55013,12082.98988136443
87091,12403.226581019
25682,20547.755437271757
76496,9752.081482962112
44981,15237.660281312685
95716,10564.638895991397
35384,19729.243583016654
36528,16311.438108790284
53054,18694.91791602719
30460,13001.63611300716
12691,15359.660367967213
76575,15036.191696269809
85612,11181.384355513908
96214,25655.24991443019
47057,10777.646234971176
89939,22500.14194782027
73847,11934.839251545473
22426,10905.256655749821
53049,10368.671304668294
72313,11900.575241422222
21431,32855.78397608679
27351,14288.839732324377
74265,9282.543124483058
62444,21603.040177048628
29194,19065.613087785037
85041,13953.386642485822
40318,14331.001272595939
31256,32014.569817933036
30509,8135.901771993091
36181,30765.772177429608
54268,10863.489270964355
89423,21374.997490938775
81500,6969.005167898369
86454,16991.803385879157
46816,24091.725339260644
47021,7924.281964712312
89863,19657.736810190076
63588,22332.376708288113
37269,37838.92042810269
90705,14376.800095450508
59271,16780.254855115014
35176,8381.22277429307
63648,15024.398249774165
91772,23105.092775372035
78314,15013.018978010283
91915,10633.60797931502
68780,16996.836522064983
27404,12432.807485288027
59776,24584.644972338985
13518,16067.303648682417
81864,16625.315764774816
82793,29905.577915293972
88304,20169.599181854792
92823,12915.755972992763
93431,11482.565683082343
10159,9971.340026820963
42444,24507.74116264867
55383,7238.130248661531
67010,25503.637242436023
51522,12818.035523518012
55625,33958.59657343399
53164,6007.447581377453
42497,17090.894755940804
99043,11937.727822037115
81785,10779.613739839668
73609,20824.70443087999
38017,17785.358309843436
16942,23350.97596887351
32296,13546.013398200575
80995,20595.755806130866
48541,16397.191845373174
90418,14987.276514577508
85822,15198.087760342047
12540,7117.5191941732755
21628,6718.1831431244755
20581,16484.538073312124
82650,15632.762461125174
37232,37125.89881705781
90770,9787.324075893452
74036,26408.868328624816
35161,10723.209480145599
31974,13520.195897092693
89077,8489.286259388604
80947,11456.618741131486
42278,49522.107103372065
67831,12172.371690357319
33443,43599.44314591556
75649,17645.26825380558
96558,14990.89077198438
85193,17539.82057320779
88150,18487.79581690196
29604,6578.737283037584
72165,30814.84099188225
91596,5534.215805909749
77499,26570.87273374515
19530,7435.638537125056
21156,17429.50262655417
98373,18469.859138856
90604,66400.21616932869
70183,15840.27818539843
29092,20513.540648510807
45139,27570.71276533766
86079,20897.484836932617
89460,14433.29822127264
24306,11501.856723709596
15934,32456.051250286833
21701,7715.268282963727
69905,20018.425306496098
99725,123269.45038720834
23054,11600.150643332396
82972,9959.635021187201
87974,7562.0024341364515
57496,17856.05968920975
14502,17264.894513745377
59340,17406.881014304407
38146,9590.80064422359
66083,8652.367756751355
43901,11236.025886600353
15200,10233.833695389225
73585,21478.053953100134
14963,13412.26493674422
71118,26537.94833050792
31117,14780.537566180483
80762,14393.935777858294
72321,10992.967229399808
45496,13958.854022232195
55712,12453.66022226651
90823,8215.544626355932
96582,18467.924524207887
27128,25684.7337021924
23176,10519.3777586082
29887,18172.49296074891
33091,14461.288258061208
90706,16546.783951900004
51247,4920.8707547155955
89822,9496.966575193419
55211,42628.246719784525
86417,10530.096034137488
34771,10614.472000883718
75816,22309.320963670874
33365,18823.095806910176
26184,10369.486410768233
68299,50476.08779233422
78752,13756.608722504645
67925,12676.612529203547
57145,15772.319702310971
55956,13114.43979471932
90567,10430.476641437508
40303,12970.516260427263
50393,12503.810374943252
85431,14178.810284963489
92925,35647.57953937202
95537,12830.457368069287
87386,20107.197175223453
16084,5013.27967623356
36210,23370.148332931873
69730,4962.898306295478
73036,23158.730654698702
62145,12333.540384866386
49532,34832.12599129125
69583,12630.532520559475
96918,10655.802869377592
93653,13424.639954822356
83571,23892.87606008943
31360,18842.247754642503
32356,10443.407181696319
21358,13778.491595389827
42525,8592.424671953893
40582,16969.620832402095
22652,8601.71364842937
18385,3327.4781870613206
58740,9482.65334760962
70865,17025.814260941348
74537,56127.3241443028
49965,25318.33200345497
63601,20148.37887079386
80264,8911.74477459563
94136,32761.6163832639
31280,14070.43282769955
43501,18784.11577284539
90591,14205.1414262812
60471,19091.60978671057
10136,10013.05233300808
56442,19299.384158456603
27226,21039.41312575264
36800,15827.643851735094
24480,10875.530624625098
64943,27197.52157455191
10460,14653.653333153019
72781,9810.112158846821
24420,17110.222612626567
35560,21323.395881855344
28115,9122.45978833058
75034,10943.484328311226
46870,25321.89935999502
21517,22192.783396020568
49195,24885.32649742306
71238,12330.396125601506
14538,31177.78027329305
17645,8911.669825934061
46492,9139.90705332945
59132,12719.252350258172
29400,10971.959629895604
64954,17929.031755698183
50612,5458.540480505182
19904,31017.001565219103
68635,5319.945963014436
70451,9597.4938156442
30867,19168.705335747734
13686,30272.400947504866
72117,11113.795597221037
47719,18132.2829944707
63190,14325.763825522088
18071,11270.361829514732
98251,18918.193752950257
43372,13191.214835849216
56373,8180.52757640842
30883,15211.914960336542
59023,7785.859755081992
47676,11099.887826623915
92395,12513.15916132235
65738,14001.116681969655
28790,16547.663622754655
48357,30595.641867215465
81527,39472.12520016286
35730,25684.7337021924
87665,10562.71314171735
92379,6652.970519780272
19382,11920.771606621161
15631,12947.102409477613
26443,19600.199713404443
68679,40742.52132489045
41865,22904.508766735176
96210,16786.643217587454
26829,21263.837294888835
59254,20655.81016876213
48340,6546.244289214897
35745,11234.393567874878
72574,35087.637484976105
30602,62281.98282693334
11815,16287.510319878993
92201,7206.846834016424
64346,10285.134001651875
74757,10167.0693788219
74836,10525.191131420554
40920,7280.85761718174
53033,14806.06111668107
22169,19831.02416929739
43074,9894.387023773665
65407,17353.8320568148
48539,25721.185325468632
18322,14886.71956614647
69588,12454.676351949905
81890,12050.269564806275
71138,9846.563977273818
75895,12739.090303961773
42358,24219.738479819825
14804,20896.769935006174
64996,2610.676261440387
82990,9319.50932941827
45641,14062.14538960582
88465,13050.202065745087
46727,14446.948958721456
35740,31018.947272446087
13856,16067.303648682417
88678,16874.698864989616
41282,15840.031066519432
28312,64234.93617845471
94569,50703.749925374286
20634,19140.337638168498
37913,26935.10842031098
95952,22877.472998724712
93615,13151.974670417252
59817,34750.35705022614
82703,20443.570894770484
19091,16537.37140929314
37921,15734.525147761686
51756,13574.547568630995
74091,25202.03672310251
72380,16109.90653351846
16667,12568.234972122285
48984,12363.336069864894
15387,13240.160906002788
77822,38575.26863431938
86438,16981.071471134896
36150,19716.8295476845
54258,9390.469008111493
87028,13015.40253090353
95224,6624.761452245964
68244,11113.795597221037
12230,15593.042151376763
48014,20513.23502736367
94981,15558.763166462839
15652,20515.174728488208
58433,10009.970365227571
18304,19535.748718958468
39039,24694.725784696257
10366,30560.27777023198
61986,13199.491560658582
96627,27694.738414264542
68726,9819.453236677437
63190,7471.889977245335
15862,20884.240158265722
94872,8454.344596731582
27633,32740.820019911203
39335,7586.295464028113
41375,23871.860060740146
95664,31067.596892216774
36125,11524.265362461369
69917,30278.07888719585
30752,11320.098890300462
73601,8330.69064686893
23922,20605.83954572087
66252,28320.522059497205
15668,19754.284419850283
43923,14311.001613761646
60779,10424.836230442996
96387,27008.337602166077
43644,19329.65860214163
93672,9342.95336745383
36806,8854.247942399095
30139,29274.57416069121
97499,6178.278154650947
28083,19310.291725670595
55472,7299.8569814826205
71799,7871.828179400658
48269,29731.475468873985
90179,17683.52083557761
15377,16367.441080150702
99417,8748.902009115207
94708,61306.38543813177
97600,25320.68619633138
88475,14520.318301169766
79680,20161.451879948083
94638,37750.61689919674
38050,14469.699167325047
73307,28881.318665740444
43151,20516.680602294124
17405,10511.795953301485
58330,31542.804501617014
16403,15724.624101499116
35970,13076.127345544828
73771,15989.112087579575
33605,7448.094861415633
98776,28657.686484413578
68426,7198.185142087799
25289,13870.08838518836
19654,8859.35682176009
14364,14328.75862774136
48222,23259.045622762314
55316,5999.3594764468635
54611,9750.259840685156
42890,24792.39140183867
61851,12666.622676085684
95011,8625.475465012174
26562,14753.400962147833
39519,10668.807151339191
13827,7931.374478809397
25724,10953.602749938193
11688,17335.504878067946
66758,41614.27775673182
88449,20715.439360944645
63499,16369.528840837831
88810,13206.958374464799
20951,10393.722975296128
29362,25543.440788722583
15224,13353.716197416252
46492,15005.724069058175
17182,10476.552729283085
64337,9513.873295674706
70019,16862.682572678717
35683,13406.536061744231
13011,19343.08492305149
70439,9201.82049078248
26001,11727.954163591727
91259,10517.957834477416
36165,41613.84338398026
56078,36430.76644059857
83921,16828.512422063657
74033,14846.906112190316
30084,27703.02062489005
69438,34230.63142380574
33479,7641.809857355098
75497,26398.061491687855
73207,8312.774962734959
45440,14774.731778422993
55688,20596.410208931342
21612,25803.11246404655
75234,15874.681938132962
38257,13407.346757631478
84459,11719.610874245744
30984,32290.80049936097
13277,28608.554150985146
37483,7395.837540200275
17729,20366.655394414196
74139,10975.344922041808
85888,23873.176219013712
48516,15887.87654452084
56018,27670.342251089
74866,14015.423530641076
31665,8554.236109270842
74974,31959.74987507111
68083,18022.984114093477
66423,30055.940771794885
72095,13191.940273306855
85549,11430.970049374442
43404,13155.896691381253
51955,17740.193459956376
32873,17282.589801646398
19898,20357.555366866793
76154,11359.60114939429
98549,10009.765993149169
47794,18237.141766724166
36102,20920.11228224151
78014,20260.619286488734
47777,9458.600986460675
78763,14736.762928213619
22188,9121.88264752167
92857,24156.08725545819
63098,12014.249623944106
93491,21570.07884078531
12230,19340.906385770482
49629,31007.271708873235
38543,11519.769930731421
11250,12544.632573910258
18271,21237.920296210534
67802,5866.478217409171
48738,19014.41602155173
76611,15686.956691388506
24928,17670.75569984341
49341,17815.61426959191
62422,13725.186067225632
69456,27330.16533674416
90034,17275.214226145603
74190,13822.9864102395
42360,20130.658511165104
74217,11320.225795110688
41884,10513.55568637769
92638,15444.424930630443
77380,10400.20719441996
48200,53270.24534420334
68068,17666.072626692145
44773,51517.60104538767
67253,8956.233970879894
25911,18585.628167017505
89703,15150.738818194757
22086,20483.701947871166
89898,27044.73680628768
74241,12318.728194814526
76402,9317.355272783096
54074,16362.489292280345
71303,13814.627952269879
10383,9881.265202164388
85420,6402.292986561366
16144,10369.92792375791
90815,22096.845874862716
27677,12610.624393727556
40112,24324.288173094606
36597,18346.846401601964
84058,17812.97797595681
55009,17511.21112872108
68145,14647.720591408282
41399,26655.395471251766
56506,27203.303410396926
52889,23220.608404330284
20463,8118.709709741386
46359,29655.66044362705
31735,11430.76038918546
35196,16263.826195049929
27617,28476.630846643944
53096,25731.40215793801
63836,5487.67524880826
95259,28549.178902901782
16526,12763.451787605876
21304,7260.530736584877
46130,24406.474519546522
57163,11147.50478427601
63742,18735.750098545264
72404,19600.06832540589
80661,21993.204917404095
69734,11798.45215161996
87008,27549.483556023348
64553,26822.591734118614
68994,13239.81183918186
56516,7094.8830247266305
21662,10018.2136349412
39659,53156.92718163914
30741,21585.261386767947
92657,28249.63520442872
58502,16323.185801981379
27341,28224.038088299196
54797,12870.41468553611
35989,10331.79848718688
81451,19945.089721686327
98454,11409.50817152951
44582,17247.573538834713
49092,11527.003426214442
61689,7198.110928313259
99517,8192.47364513226
13803,15761.445352297636
11880,18551.353139070714
66735,20557.668586396605
98454,14131.196570377924
41793,16157.450452378727
40647,12284.791501530262
11055,18070.55903241086
41876,14383.969572250626
13402,12853.264319782214
39937,22224.44810574336
97064,9594.947393262932
35815,16745.961449133556
79007,15039.774148002882
70998,8167.534368646062
75040,31114.474872330942
53623,25107.165554656276
82854,16913.04775632094
91694,8329.039799643579
69476,16969.331194449005
68896,19708.4731360505
21679,24609.469034261485
81991,5037.945231686195
79903,11034.152926493327
30125,23028.87901131357
38744,41883.18628913844
31066,13805.868486827098
94891,12812.963977241787
77075,11866.668371613854
56736,11660.281196024109
66048,5007.263867054611
59385,18179.67238954352
50016,12215.541267441324
85518,8367.945410784352
23909,11160.669008665494
36737,9721.081458623597
35742,9834.52780472377
50579,4423.472418064823
60650,9869.61543727583
87805,13365.219302335705
55752,7183.520474987827
65608,10013.403806514742
88023,10779.361091381728
18134,22098.49426956537
83171,5883.721087658501
79133,18921.5616658265
19927,14911.06504011606
28775,13480.66132698962
66439,5169.830162812072
13561,14397.268697515558
31514,11881.758511277747
94630,38629.974596825436
91693,5706.727658069898
76219,27351.155821998764
18844,15071.32098163427
11660,12987.84820362348
74374,8139.347025765697
24234,7723.560611686489
74859,8159.314295708413
16963,7439.498833137284
48412,14186.460904468464
70485,8837.888798849006
95918,12944.012861316118
50913,30862.93752741399
15074,28909.039342370095
84335,19551.911573233676
85521,6498.014653749669
43868,8158.626420178174
18263,11712.803224004925
88733,6517.582776303612
97970,30856.83397485246
32580,17946.158834067068
67642,15679.355847365812
22710,5262.340523108007
14423,23666.909550507757
11569,45776.404938377374
16131,26154.847334294223
13598,19229.75832984988
97858,11779.808333095947
57765,42884.74764863729
32837,41582.996931511865
65003,19082.172823265555
35154,42635.9088366923
44414,11313.539251588343
82014,13172.021350852452
18262,15520.050543447214
93600,8063.777930930117
67746,13343.280301447325
13507,16595.29700941203
54173,7744.980694504722
69119,27126.15052164271
63827,54722.57331054396
59776,20824.662141428726
63378,62611.93046171183
33866,13590.321335356242
71514,33507.20401239977
97710,26416.613580307174
20885,15564.132204629143
36548,14014.281900747072
61955,6784.857688822174
89615,30907.369435080425
27581,8697.038447092955
67312,20449.415562939605
43088,11603.254441667259
35819,18365.64034559438
81397,19221.87470664966
85715,25674.379460478747
86101,24866.303933934974
46476,29375.559828168152
45576,16339.218979356026
10265,18911.597846936682
61579,18865.785056745008
64080,14769.243835586165
10631,18785.40441674092
88004,8691.537979745244
86139,16166.628070872577
67140,11944.526443227322
50532,22436.01684037289
68862,11236.280401475777
36319,20784.528827065446
20539,13361.55500942907
94626,42884.08959793392
68922,13062.341932210007
99638,14190.207125970128
55345,20296.417171871755
57905,8744.851411488971
22224,17996.95606512777
35094,14540.49403529075
71633,23946.16541674333
26368,13344.894262423528
22801,8726.767900995012
77903,15168.664826773535
11671,9532.901886286658
62916,14940.063896537213
40941,7445.163284123506
53368,22220.14046635612
32443,19800.27945729265
55012,14859.44415335818
87215,12531.866008168763
31717,8496.534223351859
19932,25088.232604563986
38080,25534.91894494561
13815,36462.64370992248
38790,9318.180408598131
74732,29641.110472640958
37648,11011.443036276689
29573,6474.458114270075
90110,15469.174365514287
33441,10281.644171103777
96597,8096.3218295342285
48945,16228.849906879284
82708,26725.29229579452
67487,25230.545739993853
92209,14910.344449012082
34268,5489.9356080215075
75338,29136.26915151966
37399,9605.485100785387
63079,15071.713300493613
35757,14311.23184896815
12591,12041.235776773414
72375,32862.329211506025
52624,11274.351123682456
39140,23241.76082432581
25747,11509.682936023473
27882,10643.918624589965
54769,11944.526443227322
10677,5717.02154384089
64292,10593.752206187863
31618,24159.564352464018
90298,38699.50902253875
79498,11498.759741712025
19505,17817.451862127513
50247,8560.344607338808
33538,9034.449358118363
88914,22192.14363961825
24507,16409.244341587935
38225,18418.687248846665
30310,17182.302050409195
40918,29222.21893145731
79185,14510.905145932156
15897,13597.601330196901
59501,15413.156498048338
39112,16996.013335791948
27798,24313.016897596543
66598,13828.182319627205
28638,12452.026359440739
68273,17923.21128763709
91273,9943.941955478977
42243,21594.275433883704
77156,28575.358324690595
43359,5311.600173073823
49769,10471.618561689587
37976,20813.90209589512
86309,28903.826378238224
14882,28440.0516817062
92811,21383.93974340268
13193,10068.421897584318
66324,7149.1377083414845
29842,11172.69922432962
66584,8434.537723023588
25720,13791.63096031002
34958,15243.649709774068
72881,13776.231284357067
26390,12733.080886236537
73214,11574.157547707558
80279,25651.79808284877
57100,10099.208520412722
80864,13930.499048064341
57682,9907.036454152269
84214,24322.022711343827
18155,24739.202534305066
27746,17451.480453546872
43107,18791.90105868482
47429,11028.156409666732
65092,11391.173794998205
78336,10289.795675708392
79464,10932.510102830714
67960,27569.933483300367
54213,6749.399837742605
42636,5099.3058193333945
26499,14874.768151030257
69979,14037.992339578224
52221,25793.911781767965
90981,6999.014287516684
77714,29155.903598560188
25061,34624.6234802628
49385,14928.985648919766
20545,22872.961733515946
31342,15062.621303103882
32864,15166.829748034195
80241,29934.095730192763
98271,28101.88796230508
67465,22626.121955299
46174,54996.681170802476
33672,9347.403757018837
31080,10015.680971411968
66141,14577.987412315377
89188,18540.849098275674
35641,19822.47307322674
18735,19439.23933077731
34452,19662.515651806087
55840,15172.30978821554
54227,9523.051341507073
59525,10266.023370246672
54146,14370.096323632311
98202,16981.727320648493
77797,13230.621185494583
55873,11414.669265908236
66320,23370.217223145755
30345,15037.013318631383
61006,9883.700964247015
86805,16277.283418817407
82942,12365.188123800412
31652,25133.577557065862
75316,7786.534551229097
61119,10746.172378327828
95219,8703.10269016239
88471,8268.812465893543
63160,27955.32793233091
56397,18407.122757779314
39406,9486.932805807317
17733,9560.694051664514
60929,13763.810411113072
29740,14904.097670384339
77914,18693.23906694803
94290,15399.050481703218
84377,22435.794145682776
76396,8948.694458376744
48296,11374.451204150182
86961,19491.50477902235
31440,14813.331021840075
48473,7861.528400041721
31152,21172.658970660606
16014,15088.262176220644
37636,14952.173263852097
40232,49788.0735972278
94335,18052.543700344282
26399,29675.445956493742
13175,21875.497853979774
10736,7727.251311705297
80056,5458.992205339906
53890,6921.574054706114
65357,23251.992248260733
22602,48822.076411577305
14103,19417.12796427533
61793,20957.505019637745
73337,20601.477541415486
79852,9722.513585858072
88556,36734.37506683989
65002,4634.745323692503
95278,15708.288636215253
19217,9304.938457101682
38333,9976.627110569141
44051,8317.739510192905
82349,32721.51520502035
50265,12512.64911089481
16875,10445.512900419752
83469,16387.07018472321
67359,32703.590211660558
96118,13825.453113141766
12190,23510.087987758776
83000,24831.822887842554
95734,10292.250885469472
65915,22657.48261858646
77360,28553.02154286852
75913,9857.389329107027
53761,14020.79391003987
49639,20111.219591857523
55246,7359.348437645165
78667,28575.358324690595
84492,6468.646434493337
82680,49027.00954869701
91191,28845.92898138592
45041,28926.78843116012
93303,11873.2441254377
48794,18022.458184997973
28409,10261.481897003236
63521,6131.806792539641
97211,19439.74691562491
94402,22027.38873958871
27815,7184.459854590354
90906,9718.079432249833
10325,9655.167689413993
96254,10065.869733398205
25558,6824.858777603049
99609,8730.878625143652
35334,18619.184728103053
39470,20654.5859891009
30673,36663.39538590326
54080,17986.226328681103
64948,11945.944025628658
36681,12527.906552488788
93289,17234.16059732198
65339,11312.636846472626
35833,23303.707633690457
72691,12393.547134144144
26380,20309.637307133085
54588,24068.828433619157
35457,10605.331600545589
54191,5978.5568904715565
55064,22779.222515105277
97779,19140.85696965153
83534,9855.728422911125
33445,12426.754044954283
54099,13993.14223718473
61403,9214.370259182797
37829,12607.016646094435
65646,17040.465624367713
36716,25712.095254407992
26646,22757.510398574024
98974,24878.038404158255
92805,13515.932298702523
89041,17624.541943431213
28191,15205.179772678808
30527,8441.062245930512
99404,10124.619861154193
28846,10834.933877888121
71954,15281.442204453899
45304,22879.61546466774
72905,19965.14100822551
33898,8134.718441260831
69760,20642.128799304097
86069,4645.126486285511
47717,13807.017942013732
66501,48872.97161768362
84617,10881.65127396815
16198,8066.940669381056
28036,18578.648685176013
32299,11821.267876763744
88731,19319.377449675216
24226,16501.642848432115
27996,16535.26493719162
32416,10643.991864557385
83916,19831.503757570106
52588,18127.877373004736
59482,8188.767658113733
88137,16240.261711052823
26679,11210.37563879094
69987,20532.10917844061
68834,9728.127450506272
65780,11548.815393703977
69766,11052.742995536351
20465,17208.966764106008
92129,5219.039532791088
54925,19967.355863559365
16671,11671.648885333969
62974,8997.011433030882
44006,16547.28273993658
51019,11503.295840951996
15073,5184.884286020037
20669,14142.758379873503
65280,17747.124477342586
98590,29488.87716530425
75620,5695.6279206109775
15584,64780.121929602916
27922,16526.661860284963
61578,26913.243627042102
53873,12125.574428030635
69415,13987.343288669012
95522,31208.50823695837
97850,10983.956642859806
95551,29042.6298719864
31784,18918.49835365071
43561,26168.752396946547
56175,10304.584738149737
78003,13886.135095832813
71957,18819.72376038463
39571,28912.624585757378
92924,7810.134236264401
78333,13288.728243369947
83769,14897.11150543364
78006,15743.324776442732
93686,21051.123097446252
10004,14539.953236135085
57437,46605.49782473392
34357,17094.918282851275
63420,20914.059632274133
77055,13345.338416578365
55187,10124.343006683277
23710,7414.247652930306
93420,13911.977922158465
44691,22803.441393611374
12433,18071.38367578054
36269,8103.407698176798
53990,51773.78745949092
50841,9920.428351899216
31806,10464.713825614206
63309,13888.27916043026
92760,12452.987416047807
15930,16787.58845395283
29403,15861.590001332355
82221,8174.4483561978395
50476,8976.768662332674
80251,20030.543229402167
94397,18082.319834461658
63129,16016.055207649208
50098,28143.500666048247
74091,16277.819751891775
49150,10169.408211044414
42812,9372.51629143007
32471,26943.51341694766
86239,19638.325647477748
96547,11850.103484997715
12247,18338.305918189522
30407,26772.780218996937
14980,21452.626775881366
50228,13957.966802700852
11844,16720.5311717814
66469,8963.346500214371
46950,22200.31262854306
37247,12895.504011314166
77282,14943.4713016856
11261,9020.495647287935
20616,13111.147401365128
81276,8210.39981030571
54691,50285.27724104397
40359,16601.461396479343
69626,32934.95820610809
69898,14407.629827358816
51026,9275.991713221887
38064,10292.120439101305
58273,13602.777505107566
36278,12741.263103517533
69437,15632.572082115463
25324,19098.668724111085
91257,21183.454232290176
11594,33403.22946625264
72359,14166.935041070574
32064,15309.799025562703
67981,11361.557918786551
26274,19080.446644068066
99447,15936.824405373096
40032,12470.02009796221
41289,17151.06558648822
30444,28872.42520990719
29091,12797.611636784994
77836,17357.578382868367
10272,21878.17900828433
64347,12576.269703699554
61136,10525.061376437747
82242,17215.262328820423
70644,11692.582333532173
85061,11428.507971325605
45982,19170.7972939857
54142,8704.882325893399
41010,14482.867929189833
81483,22610.0364547432
99645,13711.517016543563
28959,20670.75651434398
22323,13252.30160851141
27032,14382.820520286925
89146,9602.792356347287
10609,30270.156722301523
14176,7385.6091833692535
48568,27021.71451811478
85214,36145.46936379118
99199,22162.843170993838
60157,19210.782152240754
43289,13315.54182140011
38448,15275.557413307102
12664,15143.740445723537
14839,9875.289368575404
70069,14751.382315242385
83019,18577.000666527903
92404,9904.385337733154
55281,7598.920912670108
82243,26781.370300544724
85086,10502.525760695753
64812,18812.048637972035
66130,14614.828648638064
60063,3322.8349566869983
47755,14661.13929426907
46052,37682.775531358275
13967,16579.390652102808
38198,20810.279705040804
79438,16307.819509343002
89197,9104.476888627409
21458,47775.54244182781
76740,13627.511172704097
75323,10957.36990202872
21477,21018.990174680966
79674,11461.547132401158
57918,22588.76285627697
87082,8652.669338771007
51999,13149.50940433144
98704,7589.796872175873
83086,43940.9520154637
38124,13678.173867040998
28511,16164.554634858338
81887,27633.25771821375
14802,11675.859404133758
90468,12181.32486481329
32045,27179.5952086776
50460,7570.730077362101
58938,11758.788034128487
74118,14067.963029991113
70644,18822.74751759588
83647,22549.39855258742
21886,28337.13240817622
50524,18436.47995968204
73732,29803.044785304774
30061,12029.93967864915
47761,10285.050868099574
73515,13020.273317086541
62169,11978.89389579384
62705,28559.795085573845
37544,15781.994157165715
39250,13589.565481590023
48495,24766.71906626007
99971,9079.471175979179
44707,28427.617690643165
57746,9822.05790517116
87856,12462.201720629488
61986,28481.165645614492
75860,9441.35108043647
98677,23785.11025394008
40396,25237.25306909914
86386,11548.856024037024
84376,15442.381898961241
81567,9675.851402417218
16957,15355.733628531796
80805,9874.045317451328
31161,16325.559189139163
50848,19126.60933226601
86838,13543.957872179424
79324,11732.670735203785
72088,12050.927177204263
43048,32936.90577128618
17006,8994.256524603046
80823,25222.772857760676
10735,42130.46124602892
29686,28676.24276244064
84334,20544.206217779833
89850,10541.89288371539
31536,7506.218074320826
50432,19588.947838840304
83373,12702.497236219435
13717,11218.783456025107
80063,16767.918408851663
95435,31230.97051901059
87608,10096.888303834727
34445,24602.742752516708
15483,17349.56239765715
31223,15797.84591723175
31325,53564.55643273049
45838,15851.862809640834
34304,10022.15989582831
43585,23196.12881532253
54159,7112.34591054611
71490,5871.417615859722
78789,24761.009882961913
76505,10178.320612145217
58459,10072.648083070686
17443,17355.29186236898
72982,12184.376157149603
18063,7178.627673807039
10624,16530.429238889195
55332,17172.25181876325
47494,30918.76461583363
14129,20127.015046332075
78338,10645.963647629047
13715,23430.923138752063
77205,21154.93300761689
17123,32138.326508504157
33954,13856.036294122494
66594,10876.350414572673
59539,9082.011042731843
95717,6796.237698334124
77018,9710.372989863006
28282,28692.45256199793
21370,7309.035161986594
43968,13487.214236284779
59563,17031.34545027031
63996,10546.955400408915
64141,12670.460510962163
74655,28671.846432070015
12764,8415.3574421741
14216,17081.749584691555
81817,15739.40920954249
89981,27620.499218304074
17256,29288.438177188295
37984,27056.889018507798
35526,21569.429977834185
57157,12805.841889335898
32552,16193.557951694167
90191,10949.607205626617
93105,16100.038350743083
96980,7586.295464028113
75136,12625.449112349099
29555,25285.09663580727
93183,7907.295881297743
31708,12078.928856318002
52310,18536.102294959703
69001,18373.268464302266
57600,23577.49144446103
45980,30544.277712353563
50326,49123.573239432575
23304,7986.967371058263
41483,28750.33443640145
97306,15693.77348369086
35539,19651.659989927743
14967,16911.028395804467
57804,13248.696509447054
93576,22221.37394278907
41859,7034.4016221165475
11582,8996.852367875636
11154,9412.841223147578
49628,17368.591862678884
25133,11881.62528121368
13943,7856.026153757521
52044,7797.900929026742
24963,31143.06246523348
81024,20818.08962011038
41848,10116.333058199942
86213,20012.941080345056
26483,20570.880491296422
76715,49536.346368663944
69509,14928.671751514392
19995,12058.214119196253
88896,17158.53915946054
18751,17415.59408121588
92303,8454.208165235586
41756,34589.57178146271
77527,33057.29117269406
74584,19908.510885310498
43927,9874.95818090127
53947,21110.6493592808
84824,32038.998793126197
97565,11898.505196979375
28826,12131.506866364507
10986,28532.53888565932
59712,10411.937356453429
57852,10106.891446162354
56419,9198.367881643333
19603,9805.189385290087
43207,9020.558573660219
49999,15335.822628618866
29068,6185.635380992389
83290,10875.269483673204
15002,9381.779891755528
28336,13550.755927339651
69667,12713.094276018373
39427,23109.086304616514
82837,13086.134730242362
61502,10746.172378327828
45768,20251.750790354497
93035,16374.728674457081
34329,18462.451439274315
81977,30728.232689874072
90684,26608.615095621833
57399,10449.385946340586
25590,18654.297238475792
47072,11023.922247163631
14042,11939.917214677836
25841,25140.51502492639
76809,20109.93087430002
30821,30237.7536932915
76556,9619.70053194609
82015,29731.856036562374
22676,25222.71170359809
92423,9759.904224075546
50455,9699.649554047333
35943,19142.02217454218
62575,20759.029941831224
69693,34322.19139612907
50281,7799.220107062116
71047,12718.505456818653
88215,8430.578558303298
69311,9067.071799586603
57952,17954.0255889882
87611,15807.719313124559
74688,21221.22347947697
83250,14090.208213032367
75782,10283.360334343452
68114,11872.077908202798
53458,12807.637224531027
44784,11375.047298431386
77084,12830.441999058698
65821,15801.90290046015
15804,10712.46683637039
28884,12367.670125398705
24439,23200.839316994792
11664,17452.5663610147
81328,12633.498552083336
98972,20444.68461917922
72681,15888.229644772151
11639,25230.11262416275
23006,9891.0996832998
28665,17033.78379279963
81153,11209.129686700422
90679,7415.2681519192465
76500,8498.017877625449
82486,13625.863098225625
44881,8992.672442329893
15417,16900.89270174275
61090,26872.121673677357
18430,11988.261288700873
75055,20085.446542801714
54745,15352.320875373645
37880,13718.612737737201
21059,9874.045317451328
10571,11622.816197576489
29316,9043.254130179814
62193,8143.489504349889
78291,22132.739237032456
95603,26911.480502066093
98039,19193.13747974431
61590,12857.001822718083
38279,30714.954581362792
61864,6244.861223334783
82927,14885.39429706868
72148,19444.566592953062
12434,11124.546834267972
72962,12469.442075519644
28408,15567.255668383808
41976,8073.782177239227
88904,12512.925074531508
81003,9561.191497700063
86866,10062.560380960787
83157,13294.969318065992
33256,9954.968512598221
36086,12655.598273610898
87124,9526.387391899969
67674,5773.876365248287
50164,10104.781034705846
25930,14193.926375739919
75958,27997.20676334417
22966,11030.748225564234
53623,12970.737099808308
41795,9847.530647408406
79581,16033.901329879227
34007,11075.701666939352
35981,14722.179578815418
20196,47215.688146205444
37417,7848.657645216586
35153,12792.322087630395
59732,8412.207593788999
27547,9508.298950076452
45599,14031.892709719807
96039,10114.477534325064
44374,47089.71411916114
95777,27029.982858320218
55710,18175.99592131649
43687,10967.617288301513
44634,12649.085035037437
39660,12646.11743738885
66162,10976.690531579006
52043,6497.250583256076
30183,9779.355652272401
32136,14966.799676220095
38116,17560.569039643127
29036,3340.5017730579348
24015,33123.26748681562
38061,16007.083219683
74566,14252.798152828898
10980,7886.1759981188425
47439,21302.885949845448
13799,13776.757729463008
62502,7976.565018717143
50088,13735.503761515862
61616,19258.749921141727
89674,4297.742772161197
77055,66117.5243643208
66898,11671.03829659111
88235,24545.671894127438
58842,21560.75849592235
97794,16887.484751375257
85350,13369.573486233174
96263,13340.321936123048
41733,26548.883048127398
93027,15782.069914723375
38572,19318.157566559647
78135,8973.903414077493
13891,9771.938517895249
39356,10329.850458338611
26475,13215.449134857454
80460,41209.200256202064
70893,15440.15190679548
66889,21040.369397152273
91546,19391.577159604083
95717,15616.008678527354
87288,14755.381587102176
67239,6750.07111489992
43927,8992.667993814723
97824,7970.128857391259
20034,23315.669154481046
13177,23406.92970858502
35075,20917.589995124406
98762,23023.86778428932
81071,19058.446241759142
39333,28291.877982551105
89418,24441.24582144156
81196,35013.14841359774
21324,12182.49666930483
96232,11665.652589662077
14347,11704.998819525234
98014,22776.624480936167
16059,26452.45296540309
36870,11220.660035012897
89721,12111.570556769442
22080,12882.446661985345
94448,18650.530808223164
64033,30421.93387272646
35121,6945.846598467266
69735,16169.058665643399
67098,16506.574495582965
41671,9271.50396194608
94270,16559.64192513032
92983,7894.3977736986635
64086,11983.124057943589
91722,19536.537500010327
44277,17201.33275541976
39521,15315.686045721279
92787,15321.528154519978
59697,14488.047157854638
53598,25376.343573369522
13813,26267.852923250204
95294,14019.545411118386
43453,8214.881630429754
74020,13061.167012730071
24425,7273.44704898981
98622,19309.242576648532
17453,7707.867567188818
48849,7291.436333565616
69919,17251.33413013798
68708,24498.604336534234
93446,6285.039328707229
39422,8285.624439258137
11370,23180.75622188922
97482,7488.206285565289
70568,31357.599017981127
69991,11201.045242601791
75209,11381.326647930608
37747,34344.211694465266
57202,16933.186079137697
11171,9273.571944807838
69647,14912.541415455049
62074,11682.721540953076
65808,10413.699821160762
39598,6775.300088188898
16079,28576.65301822632
93461,6787.343331187136
19769,17917.507035736213
63720,17000.03039754159
99995,33581.91496851384
78882,35263.90605521682
82115,16774.46775767238
65677,33059.0072716257
80088,5427.658171610739
74253,21230.835979134332
71918,15645.238566857532
80371,14912.924139099856
36978,18809.196012064942
43441,13252.130372416861
45871,15206.692131391295
76236,12695.15153774745
78679,24872.335874537275
77154,10341.451174615966
10158,17983.74282324334
26672,13772.882530247727
80945,26474.857907457474
48973,16532.218664962595
30054,12018.484642226107
21394,23346.01160901577
19953,903.9424592583509
54381,30829.227043566025
45839,10043.02653885535
51367,10370.504070877334
54400,45253.239339394124
86502,27791.66206007673
39190,9651.73298514904
33502,5753.1383648893025
77017,20175.946684486025
75771,10956.009242977607
69335,25374.295383902176
14983,15455.885302490762
61797,68408.81753106309
74647,13300.917175323033
36778,26561.362079657913
26434,15760.6532917599
65160,7821.195470934115
70823,17218.680919688057
80003,14735.222297891802
28682,11636.302176335994
80091,30348.44479337569
99857,12190.427891879872
43827,12579.171999571961
31014,13608.34556692327
42494,23681.545417366004
85334,11442.181247247849
91184,8583.929713626581
77307,11278.079323326667
84252,15236.005814149281
72493,10725.531061559013
82754,24263.80980962977
84209,31160.661294451653
84052,10790.453837402387
61017,21606.469230216833
77368,10053.422718448504
78921,69827.33820048366
28341,11144.279325126397
92883,10192.814870670678
13688,27857.020380841386
26671,13692.237684223797
46381,9029.89729169001
97987,783.4255597845004
44741,16456.66016165387
25931,9960.347679175547
93206,10534.551400334221
70116,10076.80905177514
98906,22244.916210244413
35627,16691.258428352143
32921,11389.975508057083
33525,18889.759906071988
94558,11178.89573724613
43223,6341.229760507944
93527,10268.068945445593
49666,16362.999411298708
48469,14265.790248586365
82090,19374.017632688945
13150,11121.774821934834
87862,33397.96476231881
25403,7592.551872272044
48292,22336.32216414303
87260,14126.644646932487
20588,15009.312178110322
38822,22490.26488199396
92100,12718.621820048274
38975,12080.397638724035
75932,19151.351003668493
31710,8387.586141217384
68006,7453.429818177272
28926,10130.324247016819
46217,56988.14711398154
63789,15426.172623512912
23368,39215.90152359339
84655,30955.83614406538
45519,11655.693469780635
38786,16609.98089195244
71082,27393.42628569426
97790,13868.448231448672
83763,17452.66653848139
66872,24439.92406839912
46174,19762.32174650502
58375,28282.938105258927
64087,20625.699553457296
57834,12843.319900812563
78765,26104.929823783226
13304,14364.943146403573
86050,13721.08946296092
88477,11958.551086442523
64214,26195.631317743802
35111,18804.70697462751
78949,10300.509585617327
33743,12547.818259945685
46710,2356.072857612584
66931,15377.539803014428
45617,15610.65348019575
89238,11481.36141410589
18917,17032.087769505182
42777,10211.927919807966
26661,23122.433697395587
77340,11182.512743902595
73075,13944.023931168964
36828,8000.15552534028
79499,10473.352091648296
68471,17678.27233830441
32629,10660.892967619446
21809,5359.7722933659425
24677,14853.903362773188
25605,52496.937721456525
70527,10748.794419256003
83992,29797.376078107958
47087,8523.054629653247
41017,25493.069463943524
72306,13474.209834403158
73287,12436.966415560055
84057,15308.581191986583
84461,14888.47246659108
14683,24701.550420887623
23514,13910.564693136152
39478,6609.333609410089
42110,7118.821907475924
53621,11601.554642167994
52470,21692.172836572623
86153,11145.419492069774
39971,12322.730760416212
35992,14601.397801545652
60645,23055.933227250884
63412,8011.097578437679
44564,15295.18145807865
77835,13892.971447310883
97771,26892.0237808198
98254,10819.075785507599
64614,45090.978938261775
79357,27833.049327480545
77692,30154.35510160632
78114,5567.568365873327
90024,7696.38528795262
52831,12133.395838614637
12807,8323.238682397421
23396,17993.863128531993
48040,32098.40228091464
72404,16565.05958811551
25845,18071.53490892488
27795,12553.748604825665
50682,14210.645449504344
14947,11937.015031882733
30128,5678.655142259418
26869,17806.294971490013
93226,11832.012684465088
30928,21711.758517374663
70992,13271.377603624987
85227,10612.000224763251
92718,12223.784772740668
82640,4925.718266992211
84084,8104.342126381136
68389,11289.916123706138
77950,28770.85511201946
55783,10561.896070217685
53854,9061.890405802304
33592,17566.87512927274
16774,8182.855136310702
53680,20723.796908645192
93427,21974.649126307217
96264,22222.34622879707
83229,15065.14089934123
36068,46454.69466897226
92217,10791.422698539463
22092,14144.950830696878
94461,10204.529602446632
27977,21687.9137629907
73493,12768.727076750973
90430,20427.906058933764
31169,7791.514847988385
25240,22011.326504547593
88062,12772.717464143287
20299,12727.201696424523
55975,16063.577340334803
31153,10813.89528497453
34878,10334.51003278479
84143,30158.020193652348
90782,18227.342344227698
63898,9769.191606562377
12199,17654.56044727852
59916,13015.246217368578
82505,11958.487133943678
89843,15986.10008600244
21110,15300.565339061868
21742,10660.973873595602
90223,10997.18067707117
54675,35217.7016368008
89371,26196.010952892128
53321,16894.45149554014
73379,16261.128439052996
93445,40546.87534784459
29593,8652.343079747252
95183,77680.65018474424
99318,13925.871478552534
72583,5947.934510596904
12397,16718.124359603473
48039,26631.25729253308
51498,29773.054471653646
84217,18707.45677504868
46659,12448.914498776898
65004,13018.628577784011
48054,12934.790363044945
66469,12636.605687684232
27616,12530.536853739608
90229,18190.4772643153
39747,30054.608027040413
69900,11530.91400700255
50962,26793.30120370938
13225,10826.342304031154
71891,15463.19091163344
63788,9418.814142513593
31643,27927.668530134513
23414,73094.22318906164
34510,23298.24206076752
75522,12487.515393114125
81004,9588.467220828572
47108,11873.13722504787
77305,13306.493273744827
97537,20807.682305296214
64627,13673.199807462934
62619,14788.446503209207
20069,24325.80004286729
68013,13657.242191714686
78423,6960.153669413692
15843,9921.208040130572
57242,24082.458314111973
41531,16073.397687961413
74869,11891.451786698084
18343,18451.8308325155
38876,7200.928720499049
94173,6510.007552367499
89763,31890.432312017387
76855,85132.43039208237
93785,11128.012859115015
55656,24650.607914260527
90549,35120.36614405974
73838,14281.874043673197
24382,669.9539716585823
32939,44378.27004168171
80443,11400.046537456592
75314,13635.749522919956
93721,12504.183149637054
80490,16589.110644753797
90152,8841.64488501249
55456,14111.648324294973
56142,49773.33868628967
95013,31024.482932521627
35617,18131.52701337569
34382,33312.91070122487
40820,12478.357161683176
14343,13427.405121120837
85358,25713.87622425516
57513,19365.204864748783
21774,3364.4586110900163
33736,5375.869819508762
92079,14523.853743155929
43095,20915.39683521876
45852,14293.347042195805
14121,8334.331781456302
36902,3638.995043561934
40395,17271.071795312826
79245,9577.25296646752
82704,10732.10249277022
74630,31901.88558779275
63094,23770.00492936189
45374,39719.763782007954
23088,34489.722381838365
73368,8983.365990620652
16261,10550.448304511647
91772,18068.724800925513
16747,14254.279854046812
49076,13289.116281683655
56690,8676.226840437088
59416,2501.047344364364
18709,12945.82655754217
57246,11821.267876763744
23807,9106.81981658921
16539,9467.000601088115
46496,21095.606578758307
47953,9520.943153704873
69614,15689.729190612166
50534,14588.180744406567
13486,14607.40432354566
76440,10547.657328362628
63912,26347.759568000438
14386,21158.801532586953
45107,3914.275735127734
54358,8573.892953535567
80311,21623.282721140557
33902,17319.388235860937
87906,6970.510905552133
56027,11877.589211850274
44535,6025.551554432443
89205,14222.333615445234
26863,19141.362157661177
46778,18362.96536990704
13663,7241.209020986971
49431,23038.279619658737
11106,12755.1189950472
87615,7800.84939207728
29800,58740.924388238156
65449,21296.517458158
85470,7986.967371058263
61813,14436.369036792454
15148,11413.177012655946
75386,20522.650235632747
40493,11058.526696767942
40016,30020.39328465217
17718,12514.148881722818
30223,13453.820361657075
74408,31592.229940954545
95304,13799.563808251994
24684,11937.89008843315
57041,16151.860200881853
76783,5086.3001412501635
74830,47607.955666968264
51051,18811.030871600055
60424,18674.32610065607
42870,19607.795683383647
32909,8922.21362662247
66628,8726.767900995012
63125,8020.125399209519
36395,16068.278308410068
27920,9567.52406008196
68784,20111.219591857523
14992,9828.295012466424
77793,25535.484067100148
19861,12983.360888283716
37160,11737.131147931814
12321,13157.953045351649
44513,14251.672862272928
77118,14251.682917483035
89264,18080.442835750484
79044,9410.63284501428
19457,7575.852747165522
58434,21887.52809824202
87152,7293.829166771817
67231,14905.681463568213
91610,25844.39398691836
23474,27586.611258950274
74742,53145.00611702119
19481,19078.884410442057
40595,13546.278384731515
81717,33236.16556334334
59989,4197.118141046176
51896,28708.74173120543
21404,17087.751755431385
34545,11424.468898428408
52910,9920.508248171322
63572,16409.763459225924
95031,9784.180954438903
95726,18110.63910898122
24599,9093.617362167493
86870,9030.130907490846
37009,25544.48319455259
51629,8423.821543357619
44016,28792.12233366694
26710,8456.508222527045
41953,12573.879268422297
49937,22357.233270980916
64222,13127.846625347285
69443,30175.17439403347
53739,16230.747125122802
65565,7545.283521087884
68727,11469.001402859438
60633,14449.264365603127
94440,10498.584553577708
32291,15664.509291439186
85753,30048.284743406362
79300,22691.55861618562
94635,35599.956644042446
27247,20965.195261675835
60052,18476.33603292263
92747,34236.75864949117
66512,6040.439622593283
72393,13445.722599954415
88177,15991.821734483396
20989,16627.543249756793
59160,10426.51247897379
77068,7511.636423457132
41982,21546.348938097894
35560,24710.864348083047
25584,46651.63245459949
35198,31407.175331069462
97773,22556.146158343014
70737,25776.112364270073
37563,16237.865534469345
95646,14181.69389435385
19567,19654.051536098737
47788,8897.511400568334
71158,8661.646291918441
64701,20906.227821503417
53114,13730.803554128623
43999,10660.973873595602
98933,10990.85737929068
21897,13031.752147722618
62685,14771.494390958791
55739,11998.74999927904
80136,30412.671527169565
22944,72322.50368549381
50677,9706.112490060861
50954,6521.306306287772
77751,15280.754033220348
86370,9523.726721346542
35064,15744.71760198905
37279,26906.605778270947
65252,16011.190338016271
42168,12381.15704756133
69669,9501.02568558813
93124,18111.334085431747
67744,12779.02122193283
96665,10789.576711386304
51343,10113.038163548932
73774,7390.778163161152
49686,21172.667588718337
88234,15577.786701519888
70614,7287.115586391339
90908,12682.759457481301
40409,8864.395908116305
72601,10717.504333071123
53181,17642.70459446102
59177,55940.009969915634
23474,10197.250759090042
79189,22922.038399644858
50107,11485.333098776622
33709,14317.533140997612
30174,53051.05112852025
66151,18587.2956963436
46196,5791.371615610757
79068,19337.834651104484
45541,10041.141451528805
74366,8716.503591473294
70851,24098.959284823093
65623,9928.95157081242
40672,9814.19952101663
96354,9744.550373229096
92917,12940.971040686312
48037,11805.06049265512
67904,16609.98089195244
52957,54974.31090749765
65722,23408.29515526288
38637,12908.428553831025
54545,9605.154370699489
41833,10660.501378916506
60622,10511.868871620285
31014,11508.930963015348
25535,30757.63667622601
26259,14308.18866217788
58526,12493.552193921889
70240,21566.334098918964
29809,11044.670470445075
56351,19578.60677042955
53289,12959.834403111867
20241,8430.200595734428
68325,16857.45069179619
43973,10735.37789115221
26273,7357.004706332531
21337,7083.101913363469
27114,8914.445126589771
16618,26753.90616190731
13757,25985.20599020113
96786,10216.003281679456
45665,9420.29550808111
89160,7217.0891406092705
15407,16291.953051396125
91413,9660.526051067585
40038,24552.057787896767
41723,18211.42806303342
67149,21234.511190032656
29675,22156.02006770573
33198,10383.79827240551
54690,20631.18930412331
57839,30326.889041669543
31259,12892.210150645591
70668,6705.769811150116
72742,24483.245722170363
37884,13617.30804241705
64238,17090.636548377843
29339,4867.821482298379
65895,53310.4662304557
77385,17282.06736133237
79989,20186.224090772957
80101,17301.275716688197
51363,10417.905806226001
32582,23464.149790125553
15898,18722.960298042995
73160,21789.923526989383
75351,11360.228151381316
43068,10307.60937142209
95874,16343.567937102865
54482,10713.51389321482
65144,12785.8464138088
47588,25793.68361777501
64172,20133.89231656551
47265,10541.324049109477
50624,25137.27437744295
33929,7639.555410717463
51219,18561.04382640002
79992,9768.18211341168
39018,14170.280576239817
31245,6124.719943036547
92799,10924.339425122489
58532,17838.849494345028
26836,16320.94450249709
22581,14410.99539133728
26223,13651.976587868248
70763,39602.119323686886
95744,30611.273987586515
30710,16039.080091157493
43720,30039.94066105591
22912,12219.427726825072
51996,13840.285861053962
16587,20432.549184100862
32514,27016.175669588505
38458,16125.781054523206
12261,30834.498673316502
60306,14891.39585027802
93037,20915.1180576908
87100,21143.83760363368
24586,26895.517613313838
84383,13459.171152956362
54625,29994.97565378457
77578,12178.670980997218
44559,37949.45728158571
75476,12779.062394282297
43718,13777.243292157369
98203,18170.02438279021
18347,14312.613055915765
43328,9390.170026129028
68642,6504.008003750594
34264,17819.715490014514
47996,16226.70788904384
58769,10522.345731935218
43705,5817.034012581122
50955,33291.50349757211
94988,20642.446189793776
48513,49830.33428808483
67239,14678.594757020872
63557,14448.325305644197
76021,26528.293008071923
82075,8625.18087450938
78865,9825.695941176084
34771,8427.276579845862
80108,17217.460489645
70811,15098.200317049404
76560,15101.837768392232
57833,10630.324365598542
14204,10524.04452417721
17837,44480.22768335893
57108,11112.433326510007
82235,12419.730001795448
67016,47223.761052773836
29521,27826.238911671404
13570,13961.523899464255
40297,19846.111680102764
54346,9726.499435673515
86311,16298.931878214744
51400,13132.668185491537
77086,31010.2623334576
88637,9339.701390853887
29738,5795.685633339079
27026,10349.551404761416
35996,16274.977553154722
80406,1406.1936280607079
97884,8639.155867369553
66439,10569.910001392172
57428,11248.06784954773
66181,22033.70113832306
60349,7723.464380731637
39804,19188.52727383982
71019,21398.143373523184
30467,15552.260407698748
83652,10503.240335333581
53524,10369.601473732711
71993,27144.90462719518
10462,10917.530025360811
51764,15776.033990170117
79268,19299.900788497176
19823,13221.046587995032
36814,11856.916641046559
97005,20382.28090585193
22189,6431.9988833546995
78748,11447.888944745864
86950,11979.536120309127
61875,2454.171718549109
94524,20336.169405219087
90464,13555.822493292659
50982,28082.48325471156
59479,30394.35537251497
39832,14021.814870553937
41124,27900.49193538048
65152,21331.057551117345
17563,30521.298647439347
20925,9719.149652706055
43040,9928.067792947044
73250,55281.02122482642
43815,10904.42643664463
13079,17077.594843781728
34143,20962.518984632065
79365,13294.93321160601
69501,13587.154875222524
40300,9378.65130968402
12920,49145.830246331025
88523,10292.120439101305
90930,25622.384789601914
65608,19429.866117233618
53013,20048.336109681222
70604,12857.630509805827
71930,18235.023346742204
23189,10684.988484481968
90538,17961.06990907371
62294,19140.086839988897
41476,14662.594524474838
16018,13214.314303391908
19693,20928.712810289333
41915,20437.944426027585
75338,31840.87855847768
98953,3448.554498125135
88932,8391.100161086955
82946,33405.684883594186
46081,16328.52269197057
14091,9034.920179370532
29254,9888.555870421627
56813,55548.057168448344
18542,29308.901149423553
32167,15263.625597833789
85408,9620.191051632912
22936,49075.981777673194
38327,21571.518249177072
41658,16047.817901727896
21313,6847.064652727377
39334,11624.457945452143
13975,26751.565823528203
58857,13361.672419288696
24244,13906.695593651626
25111,14077.253074975773
55672,11865.199730362523
35291,21828.712307971415
16666,20655.937877920558
89597,21051.87407376903
26805,20807.208215875195
41925,28369.0600551143
10549,22287.15137968755
71830,13502.682640568655
83865,16104.767006580823
27205,25669.088924932512
21832,9750.220298350061
23913,38846.71603177744
43159,5947.788093235407
63687,13433.366841166826
12495,22861.686649678555
81984,22441.87018895893
93144,11685.60026865089
22466,16233.700472830922
34847,21372.785540886092
30819,11035.55795623943
30587,9278.770742000603
11318,25065.441450513717
62523,10329.206178179062
61390,12346.290523695947
90290,7038.519575402044
40499,5477.64447639303
58607,9022.605393144331
43646,14032.600518408093
49341,23561.68521508494
83715,12831.100408691844
78553,2501.9760281913295
50851,24487.16196750463
44623,19626.566306993052
70251,14654.985371349105
49580,10723.16759088117
51458,11033.10939908274
98031,32824.141360580004
59794,19474.17640437932
87531,11507.304203015352
49601,20121.171629104934
36457,22517.07366000179
50847,8664.143699266955
46141,21187.59660506116
32010,34019.3394205332
71599,8174.838197160509
10835,24405.80107150748
38798,10164.822557612906
48446,7174.63436825272
25586,9538.92530788101
31475,9384.500173806711
74112,11347.598587494165
15894,9690.334832887977
94614,20936.284745282268
83110,35530.62572472406
89187,16662.20754174788
43262,16291.644275281444
73962,24138.470330427954
68478,6504.008003750594
15243,14306.358658120162
68941,17207.917058497907
66982,7971.816184675039
45241,24155.89332282352
11941,8715.792543269845
96922,19926.814641816414
32899,13216.537994767665
54353,49937.42126674772
32728,11926.345607913441
12562,21201.685949141054
32307,11999.084841199205
65301,10519.827060335614
33715,22738.099900883175
64844,16879.15487265998
70960,11456.479130977814
72321,12045.952602906294
17745,12069.751586670744
27067,21013.05802342679
87685,28828.93414293032
56810,6918.034960385316
78460,9273.414621132215
80374,8948.042771575365
81158,11649.753929661229
89738,8212.03335696487
67130,8935.851199448243
72798,6850.044248925056
86208,11447.901979094255
71049,10096.457700481602
13572,9981.0570050284
59185,25858.39126171684
63293,17383.050580004656
40532,10190.86495818177
88199,25952.62151647343
18427,13147.102271878974
48940,23263.43582695746
55238,54825.856498600195
77488,9847.300792181337
18131,16964.46380564288
83319,17589.119311252824
28945,11854.84944297347
36676,22180.015735837038
53551,10553.510489655811
36503,15378.600424753698
94006,16352.434180091177
99188,8008.27558753361
84136,6991.847733290457
14860,6733.1060598329
35700,11353.45862622568
81645,8037.4593167562
94113,19388.476543017307
40728,7691.249121161134
31864,14379.386482373226
58168,31102.545062213376
57752,29025.565955946146
28785,12884.774738257009
65263,24338.11196129502
13667,22381.841110776033
15159,23911.732160861557
68982,20911.854104348564
66046,13953.991131780771
95007,24906.965090677244
24637,15824.907356377882
90721,6550.757349991689
34841,12014.361632906333
46621,12446.821410066133
34266,24726.66866974832
53856,23851.712032387917
33126,21790.030709029157
85452,8971.630458001728
59979,19837.859189462873
73396,20111.376914716806
86000,12398.48065590206
31823,17409.73393484863
44801,17501.75094684519
57570,20869.62759312461
58805,10143.504949838778
59321,18364.057102480085
63549,13127.194983715106
57386,9428.766241283822
68510,6102.392158636007
54098,20154.180967160028
10884,14445.628993243257
28144,9032.26955822049
33032,16489.7542856781
25503,6875.983203520269
69249,12364.747974901473
19875,20124.823836367574
42020,7890.724045263227
13777,19699.114257298137
12123,12062.49944574964
14044,11397.120666008796
45941,6409.661262047097
70450,25981.989904652306
46067,50977.233512047875
54509,17231.13630462612
53274,13237.229947526039
23984,10253.390151195752
37968,14163.644865196271
24247,19685.36981216834
47375,7610.748478945119
28592,11309.383096395382
80077,9550.864065659647
37650,17312.370837015693
37814,12587.202526104444
43202,5705.487481828239
78670,16526.887649133107
42686,30061.479961388235
48605,12245.53595488839
92108,10164.822557612906
13646,8688.13524954897
10318,15649.461462117684
89281,13537.908501334503
48241,16247.454401639377
42654,8713.694535864626
15081,13620.927829181239
57567,24483.245722170363
60645,25804.180791370076
49358,25974.311039016276
53681,14895.013797446813
61631,11503.295840951996
26860,20708.312057163705
32013,19335.094465501956
51973,29941.317808900254
77810,10554.22105584297
27307,26762.007692035022
28271,12398.180495891776
55633,7000.872798372071
36335,11595.390972692276
45613,16159.898235813615
53823,8904.653774889317
13274,14510.419079724275
84402,6961.014152295136
63794,32257.88167855721
65268,22293.97251956983
95649,5077.920053731243
73347,4621.902274558828
91054,14667.850529782216
11109,8288.890993037507
89280,23041.062930982553
47217,20724.624650627644
38001,13935.212958053467
78586,33841.63056928137
26126,4489.745824751753
11655,15818.507386341467
24229,8505.771292627533
52008,22844.26903788583
24178,9493.320295166635
34796,16438.935667843885
56085,9208.623796547552
19372,11462.90620422484
71383,22482.3908741421
64398,11098.467189484218
33741,16894.21933640626
94087,5103.66297994108
22575,13973.714383998013
14212,6445.820573075267
11730,10843.29154808712
61384,9601.263366877349
42539,16849.900239884155
45491,18764.56130977261
18829,7938.4284060910995
41352,3598.5964024475907
64918,13444.884417450594
54444,24204.140077591223
35159,6377.215975896077
60718,19261.50992346023
75797,6870.034584984996
34498,11320.642124049004
68875,15828.38317779089
40574,2641.9887527301817
12766,37826.946046239485
73160,33973.080407374015
45691,18976.943073543112
89162,11424.98932619964
45237,10063.743102695575
76621,14337.035362082166
44519,10347.666299152559
44544,15371.276488000281
65541,8663.006662169973
86883,48030.719270542584
45929,24707.24252645149
39366,22785.612332997145
57379,13688.931229640497
52539,17595.98713515556
25264,18883.63377367374
72812,14431.528916944366
73701,7891.920102567512
61418,24857.473687511585
72855,17137.207053168284
88326,26067.08192684008
81742,15381.386128917353
57966,13243.200959541584
14031,12362.94207089103
40928,9184.724790494212
39800,38113.54256952135
33052,21905.758601211535
67181,8220.380280435835
88416,13378.675213226416
20239,17333.9547853642
18825,16535.421364118145
99327,9788.639870244908
24152,22726.009888460656
94687,10510.620814164855
55379,27788.735636878864
69174,11649.869032184652
10848,13551.61143168781
68695,16946.436708479116
18965,12163.036350443295
10226,11985.367953171473
47007,7612.6447537809145
86897,17741.53642065263
55045,12689.79851495536
87762,17539.91217726084
86241,10087.038618508632
32377,14635.897826135324
38463,1866.5983127104118
98055,24285.729583335666
77172,11966.734331441143
47332,8726.153701571086
22413,19799.020582635563
15254,10660.561570607795
14592,5007.263867054611
37265,7537.342929282562
57052,34344.34630629426
26131,14321.970562391387
54631,10184.821232080696
24654,19954.97909041647
54067,8079.146237519602
66442,17513.89768849327
82977,6670.129183037045
60712,15682.29099456743
59345,19451.793796457627
44189,13223.765229899485
25465,2482.6206381992306
46026,14641.961020736904
55473,78765.5304701601
34752,10351.682058250151
35787,19252.028428780868
78994,7495.176716016866
84631,15776.405349971401
41093,8104.871017238185
70538,10032.571505835764
87419,10741.931047112055
59569,5777.299667932133
86638,15526.628404818719
61210,31511.91170887847
20548,9641.047982906515
92377,8467.281844928208
21547,29123.741233158835
44950,26015.832022925933
18426,8457.338174694933
33967,23327.11585215748
15045,6810.8348878931865
61422,15781.029975238498
87514,29514.816968349824
77122,11989.677128293606
40239,9864.784059006492
91084,15549.275747302749
46316,9827.850484102963
63756,12239.776896427116
30129,12358.120225007111
94118,15163.126951256341
63309,8175.841308415624
69035,11773.113082323871
79777,26269.49140854706
80817,30996.634596217606
13306,16958.074218208403
21095,15070.586977846087
49802,20268.047019366535
23164,23906.22528219796
20366,13393.838553049289
84453,19547.59518932181
17546,19935.120336507767
89033,18062.490922593384
39943,19261.827958218633
32753,20817.388626007425
64394,8041.056645259163
85935,15503.137752647877
70819,14842.336567467499
78323,22495.161882445238
74546,12607.729027244564
64512,13061.268190997886
35118,20307.328113802458
90758,16569.935340684664
45056,8439.818735010549
85106,29548.169368317467
19850,9570.04573849028
12909,9639.76245872894
49341,10670.605129600372
52219,8352.232161209571
28523,23982.171422817708
98631,18623.4139766843
82991,24299.939175875093
82668,25849.080856866763
98046,15604.555469586052
70356,10307.18448319198
23955,18634.023748617597
70164,21076.118710155853
32982,31576.231340001876
87537,7106.65482775449
48174,9911.385273426713
53860,18149.761444820488
96951,4195.1454017079905
53747,13205.434151147754
71419,17590.10978641652
74106,9290.219647451779
50847,10612.191157648416
26223,7505.275853362453
90076,23262.118952921453
98280,15380.168753926666
68909,34828.69322466495
43511,8543.225566238845
82301,19651.498447904527
68937,19923.453031949768
28570,12657.844104277581
83705,13870.595011498197
64313,32533.18447496892
67495,10878.972524666155
66250,10145.073551420568
21487,14278.397108935562
48226,21582.31508658351
14788,15634.89430766468
15961,10737.717488481583
58079,14200.374194902317
90157,36019.14725936773
69703,9020.495647287935
99797,9558.440290703453
84639,24618.18818339485
80705,13841.499843076916
99374,9226.457372358505
69186,22286.478005077588
99710,15953.284420738135
85120,10291.758458549473
35335,24427.74540262381
13897,16221.389291682655
29027,14940.983618939437
60763,25920.12235655676
41718,16774.323397014574
81975,13862.081984866489
62949,22065.138739456983
33019,23713.288422050013
94642,32141.647731984078
84768,7855.395047183783
15413,20036.068589121758
43806,9145.557142624108
99663,14687.782902120469
37983,4753.004493244061
51335,35480.774610223176
28405,13143.374837498755
36734,9566.24285180491
29606,17757.59377877733
43707,12845.64376252636
45311,13172.106694147842
77361,2189.8584927781103
10120,9089.524688088206
20537,10098.820973892
87321,7861.942571853013
41939,8650.039419481105
53649,9882.597471034871
91559,12024.942789531015
19164,13923.233829653074
61830,7228.217003786098
29318,19598.59823239548
94881,7745.9679955882
38069,17172.902048466047
91162,18318.317888828195
76788,7977.320215460106
19962,8785.14286553525
61972,4798.412898158809
93194,11398.98741837373
63642,19232.233862944267
44143,26411.30689748843
95124,9420.479143741799
33081,16428.907195167973
69411,20852.34427284495
11249,6947.63426611075
55997,7694.374960791045
97817,4090.985838105662
64579,24645.627091383452
95454,13637.981791563258
90436,7719.3569699005675
81039,20704.508495367812
15597,24775.575576189553
37353,6930.114906011566
69817,21879.8633125103
40309,8324.326896781096
68289,8840.754223630438
82391,12564.276990794944
63876,18103.425066034
36653,9456.737824152167
70362,15652.164736478622
46718,13543.957872179424
48361,6363.1626187029
67953,10000.37929597948
68167,20261.519916132565
16374,9894.45796490238
84485,10179.57967065844
30750,26962.68234740368
89283,10684.481284172249
81020,19501.689087468567
62731,31652.23639856812
41015,9165.580926494647
50656,28058.15132547321
46370,18786.14322504453
23892,18064.903629366043
86399,26072.26402728109
62102,7321.120277189182
39419,71938.32104795084
11559,24358.321523124767
92865,11940.234936354436
66127,14208.730504203319
60062,4795.993924868717
23754,18041.37957117334
57897,8177.104983921028
25894,28035.4112747748
50865,33319.09313475339
19345,9383.365425220465
91518,13332.482762550291
13187,11879.099704642285
41939,16325.564990084476
38635,15724.624101499116
92223,8528.481845419696
16671,11479.702752037401
61666,18652.5137929478
47222,9197.61420413556
85196,9328.09277939861
37001,10231.741891402537
62040,11305.175521275443
83950,23219.420467860633
83831,26847.87547272887
19295,18769.175729534105
91411,26508.92454749636
35035,15674.164798156553
81574,16711.620893276173
19596,14675.029590971746
71023,7284.804106108173
48184,16741.96538533439
47064,3527.092410388075
77312,10296.032431071095
89204,11286.96074616335
64966,6230.126956226541
31344,12514.701906375096
64982,15726.476935517047
55427,12635.056606256094
49246,9498.948028689003
39114,25047.98223104936
16980,18922.752976906402
25801,14864.864024512379
34481,16504.481357458066
87167,35912.25541809327
50324,43653.670323833336
93458,20278.42725516941
17689,14761.556584991424
41353,22618.755989177218
74762,24749.298184413874
97882,50169.02006172389
43470,9937.747885841154
91158,5086.661494721882
81126,28501.402715030054
17611,13725.186067225632
33759,12727.43158599038
82978,18933.989773893514
95423,6340.939346989349
27901,9731.02269007056
75494,32505.900547769998
84651,19517.403062734298
15361,9176.14798583799
47966,10572.952749807715
96372,19011.56395566321
25567,16305.32055188196
22765,19213.68117602628
39450,8262.727831242699
29816,6462.3741422581625
31146,17214.36921438353
70717,7030.740095692987
31671,10308.733861326236
58882,2621.940151310855
16596,20812.64205429367
46349,21659.198369924394
94317,8804.118941809726
80038,5248.956091310429
28344,11587.126101585933
49453,21228.218158623145
20198,6240.137891519809
54613,10062.458687109583
32822,10637.679913661163
49182,14802.182176859395
35315,20541.15827562236
74773,3074.463375820731
22079,22918.09173846499
92571,10689.917010537029
58404,21711.7763657816
73355,10361.839336414138
39115,11003.14862744708
98952,20641.973270568807
96131,16262.625153044659
19010,22463.399456523846
39301,11025.579456006937
53700,7110.6954298491855
59827,10516.02923435321
12465,11374.16251922691
65326,5646.975738912421
12745,14087.616296765278
95319,19786.027072636545
81130,10330.361023670519
87836,12511.851178845653
14360,7756.817075318453
31532,10445.512900419752
26696,21090.269233773077
59107,11258.210503959544
49782,34473.32733003967
35904,19800.558238779307
67550,6921.9928374390565
75794,54649.06317017628
39211,23081.91147974806
83329,21896.51819675325
74815,14451.536266924097
88752,11307.762040711792
48984,14722.331639399867
89646,12346.290523695947
41598,17788.970217255108
48924,18184.879539693902
13369,15764.581862398476
95874,7277.570166846788
19651,13205.682716236606
73368,27107.6274041438
36449,14654.18388802911
58239,14774.531340930507
11482,19060.321915265966
21554,8587.751076290782
35003,27083.657496422045
24769,13176.955332983445
60382,30463.169461772253
29634,20698.27619843368
13422,9658.484789456987
36359,10447.138700138637
29132,13961.130955849367
99625,14918.65514134822
30181,17849.44280316373
72443,5738.7511749137975
61683,21181.322721932276
52164,20288.34538623237
40204,11207.968496655627
49479,15236.728352637823
84908,43571.1918809169
84724,9816.917533239619
75651,18953.413309672003
42929,29125.41899665926
75976,2596.1345145934247
99882,18256.694209363985
50388,16991.630093541447
97763,11391.949917111731
83431,12463.334485473573
63421,9719.35189518872
48390,25045.2829209212
63367,27585.253927257043
84028,41679.91901555713
40996,7634.191872100304
39819,9645.455526983777
38977,20946.482586278216
74437,12323.534686235313
72273,14320.740642457307
66981,10666.035838486174
20672,14137.649879768913
34025,5480.442345559319
30458,10163.194960380497
60099,29378.352790917983
12345,18693.23906694803
14198,13963.018504175554
55596,12474.75845139905
44230,8251.749845457069
45523,25210.114065354854
28944,28363.239583656956
92893,21677.72757684629
19927,39149.28378859244
60774,6461.7318715179135
67336,48638.1070788121
12600,10086.363107270587
69277,9651.98870887925
35162,20634.71181756654
76248,17415.020431747
12658,14168.78629469366
72717,13407.235806055676
23539,18087.677816518695
22010,13302.758320762376
13846,14468.906864079221
40820,30111.323978979446
77251,12188.381261411781
72821,10303.535267123829
77495,9093.295872801948
84109,34549.09014374824
41165,12462.201720629488
52314,5714.457224212114
94766,6858.8737582572885
77064,6518.198170788963
37727,17338.07350922639
76799,25950.362033343274
39836,10694.461119852745
86503,14096.328372872427
13057,6033.642258533442
22415,23947.60359868151
14651,57709.50030229438
42105,37423.83213328903
22873,15776.606007124727
48943,6424.6393853911595
30180,24069.358803351803
41452,27248.04072203263
18862,6197.508311413292
81786,24760.5488144665
36833,8246.708317989382
46861,7017.845868919874
87094,12927.382262164421
26221,14283.854984813017
60324,15381.985836315856
31811,13262.48563755996
54194,18717.764869431187
82474,23261.270845556945
49000,30731.65951064101
79063,21566.67947627017
55315,18539.318886893674
45579,29315.557003281145
72376,11177.519545515237
55429,11050.282062407885
62830,17761.555599724157
54059,13344.150356857668
34253,24066.714205374425
73837,8648.931100262398
30749,26372.49306235544
30818,10257.049819188793
70878,14948.702822179248
33903,16486.236353897166
36469,29355.193728378865
48073,21701.731281541677
49982,10233.617189955174
23864,20007.106287592163
14796,7926.5244781356
84231,15881.979796448813
90092,18988.613857100932
55100,10134.50164548925
20244,17207.54578936343
23830,12417.184655954763
73031,34325.086714610035
60987,12950.525198101048
69981,26669.19079911272
29217,7296.016523574857
41216,9229.360640764518
25613,19748.677059639365
92677,43538.90976432263
23969,5610.103966890121
32536,7585.990694022796
68098,18944.421636884836
34481,16093.58736965886
58037,16783.150762664
46901,21165.100427745074
20239,11572.285928342651
57177,2774.0655586307003
96659,6932.671853447027
92806,17690.531560482188
38938,14581.829559645783
28376,23787.375908452057
47782,22521.638286157253
11760,6413.198396184111
19257,24609.38473215891
43479,10078.155750981688
87042,10874.979109638232
89757,7005.068938884542
98474,15414.364012691067
78944,36780.28328719086
59269,12778.519561143825
81447,10098.87038245884
69973,21596.956674154644
77433,7474.836361236763
42697,14093.945396281428
25586,28495.607587814262
99010,12191.02974741779
23224,30789.14606156361
67249,40232.455769887165
93693,17717.496658252665
51838,59116.623852369245
57948,19997.432597808198
84482,16268.96590390086
29251,11822.198685260933
45667,6038.774065362475
30700,12845.542974818367
12001,20502.044316292668
36022,28896.94225300942
37620,25609.740476368555
30078,7349.482960634086
59226,16743.01843898049
74982,10341.404219259904
98223,9607.000467083428
31266,12787.886123672259
14402,14765.48600362906
31760,26930.02204094973
71570,34089.8022973504
89918,18165.258702470914
41045,12290.154183170718
27805,17808.603729584353
37294,36194.356222761686
40175,19755.752223554842
30218,27772.80497840917
65420,22160.42452010067
18276,9169.575995624888
16287,29054.974760929428
98872,16529.261603037558
36561,8221.760299692323
66666,13322.625929593607
87106,24509.02470242623
81142,8642.06956065741
60235,25852.93434371357
70929,10524.04452417721
77526,6817.936005303338
40475,22100.9884274124
95604,9956.940610061312
59914,6079.1912980070065
81437,6368.575769983694
62333,30944.679539150176
86867,24494.298759177258
64625,37594.81211517588
54235,21129.62334637338
27614,15513.177109198907
44334,8999.945862016617
11720,20694.477886593184
87832,53124.87061613393
34522,29685.99599585413
72914,41784.19096276529
25733,32713.894505980556
69431,13686.954910589333
66101,17855.313169353412
74793,18562.56982924022
69268,32084.35853675066
58581,7232.302038082325
34270,23442.533450231425
46734,6197.508311413292
89932,21858.599433413132
27149,12945.255910975415
47324,5019.204745913901
26579,25184.348271573836
79650,30919.139735209417
73843,12092.111491912834
69569,11674.399592059359
39342,20934.764641735877
79767,14726.508172529097
41975,5520.976739304628
49479,8746.98557399146
82314,21556.96852012402
91604,2350.7257077191643
37584,13883.318402645322
88927,21696.689158764042
93640,28040.08727495208
64721,15233.353069951825
54896,7318.325348820579
14217,11359.60114939429
23115,30817.55774580579
91962,22490.3612362266
11511,15744.14676815948
54968,21355.63037322
28427,7516.644028565272
63126,9520.618822095683
15892,35479.08841727341
81035,13071.491110611165
40154,19443.46004901371
72290,24022.69065495196
18828,15143.36301746055
17441,37452.79459341162
16341,7826.217561566309
60336,22308.233461423042
84411,22760.909973083635
70102,12824.445217992132
73550,18560.213059978458
16580,55550.88476435131
84322,13466.069240462977
98031,13319.859234710731
49780,18597.728361022986
23155,15369.32779092368
26633,10457.679982660167
50452,9212.552108973421
12822,15585.436595874562
75069,14065.651189543161
66342,17804.976650101547
34540,26751.368455851247
34670,15756.453514443365
38406,30751.863179316577
51465,12849.400711592441
69196,13458.443885817505
82277,10111.970795412566
77373,10043.686404271879
92065,11997.289251002112
56112,6390.583587050391
81183,11921.416118946763
17875,14842.72393746576
17326,12929.723587777678
75810,10160.095229655308
88212,2696.073088300129
17635,34297.44313532853
49869,14593.411734032288
76891,24878.038404158255
14880,8133.719392374413
56973,13456.327023241014
16070,16313.974601907154
87229,4668.275124512578
69204,27249.184252155137
99361,17349.551257018058
74071,13201.837801545413
33313,17615.12466992248
31492,10351.659764290802
46455,13052.662629307586
25241,14641.591610947551
96017,21596.70447042158
68786,14614.505736425292
63443,7950.634433755595
97783,14881.59858056471
97568,7610.588349107706
70397,14849.100435347282
73263,18947.99749917373
83647,36507.06698625184
40960,10566.042515739213
59471,19753.911605036912
27909,14553.356568772379
84728,12870.224670265337
26749,30366.322397373966
16863,7774.101895441836
42222,10420.679425505932
87179,7958.9600167550725
75176,16601.60364528416
54053,9392.509328058131
77298,17355.92797109485
51432,7390.360964539857
64250,9100.570836402516
24069,15763.668084560062
96557,10155.980744203433
19509,9330.363395403767
69908,36260.29109757803
18569,13447.897468073625
21734,17360.69141935152
91406,27096.55221662952
85170,10314.907655882907
13340,13405.52886358576
83930,14465.586782227761
66181,12714.431443143358
91995,15949.389319334892
97638,12355.138206105212
84580,13476.713846019695
48687,31510.964849290278
50845,24596.829259528567
39780,28028.29288233985
50453,15074.988586555733
59875,15543.643650489503
83512,11728.02950291407
31244,11120.906063687056
47266,13394.323983414888
60685,27785.11651394503
77462,25532.471773573263
57546,26454.54293088924
21771,14210.593531201092
84856,57709.50030229438
71909,31780.667831372997
37776,18512.468489620052
15617,25162.834406512047
73042,11714.953582335133
98653,17264.732888916416
53884,17199.318678709813
21738,23792.850394190787
66083,7939.848086624281
56211,17390.123808291886
82560,16978.1156561426
74231,62707.40601615874
68082,11566.770691444104
56367,22768.043560749007
12319,26660.958784000715
30629,61927.83630919496
84094,24662.2932948137
98704,21426.878506067627
91845,14221.396894871903
71932,12471.698704606792
71240,32081.55069977751
85474,13120.935435322323
28583,11103.567304620057
81701,12497.563653975427
79697,20115.664707795986
82317,11623.244623873
57241,21729.693742787807
99058,18246.617370351592
60932,11731.486058314324
98629,8518.769593527146
78315,10751.056828534041
14603,15806.086991763448
76079,14006.353596353254
64273,20187.249760430695
53659,16887.930968071287
12465,11339.512739002847
80678,6860.004048509974
31018,12684.077274586447
76877,13572.72199395045
83086,7131.656166103865
97172,13792.951283607079
16868,10707.889177290515
34469,9798.018272458601
82407,14067.957088639487
86920,18419.267635442808
18208,11288.697706902363
93618,24454.37570578089
24846,25147.885121498603
11327,9601.822951427795
95248,8817.212275475653
37939,13743.900983959247
28222,9324.29265876469
17391,10354.092742268778
10716,19522.906166103792
37289,14744.741558453718
40697,16682.06189011707
59195,8209.143956534745
71322,18330.421551790052
33719,13004.834642750777
87859,12931.815906198519
73832,11208.926604280612
43246,12027.329621912417
24589,31705.51188331937
21290,19937.751071965664
62392,16418.379019276836
93020,21049.096795655998
54685,34109.03366086144
87131,18651.752075694836
34844,23683.524680763076
69818,18713.107724042475
89333,14194.7500006277
64799,8028.996908082363
82037,11729.64348405111
75640,14564.997092467569
86614,15888.323323849072
36423,8738.427293164068
70859,6304.963802956418
76126,10793.717084820388
51984,16581.542991825885
81147,19463.226194391842
77050,16164.227665033006
42161,10348.124738003244
43739,12741.380839164874
26288,36846.93321222559
60084,24773.024467352352
99709,15553.098692456391
88140,7666.968108416007
59879,32703.738238824186
10026,16573.78215180634
78495,21610.818334030344
22632,6429.580130870911
37529,20350.04589193666
86705,8937.11895567822
26931,11047.84380205123
82765,31113.30390212567
99477,13798.16731121398
41827,7619.382226626032
31321,32811.825435698825
98362,7515.771053003029
10294,13805.627337982361
10483,12165.757526487887
48458,27234.233364658256
98382,11324.026580042533
38290,27120.70478055328
81001,8986.07044677934
70799,9596.85508466101
18096,9203.11856451985
31814,24692.501650696773
42889,53520.2643486862
50163,7738.1904404560755
11692,11645.43291694572
96109,23341.66007067539
60461,18659.779750739912
73145,20278.064124435434
61722,17163.29969791858
77099,8559.692945830318
24500,9247.870792741436
59390,20055.887723574826
74690,12335.757459876248
17237,11036.276420764245
36138,16924.48593289761
28447,17425.109880988202
31244,12643.777986868141
41969,21141.702988223962
33163,15571.095694738027
46594,22642.795298036566
14427,11894.54472425166
60334,31687.585481957143
26870,14001.315155773325
23143,12545.16229545249
45895,12581.863230914427
89352,20028.300678345164
11388,13404.512733902362
87618,21201.994354602062
60089,13790.23681040806
79110,11041.892412485948
14125,31171.727013751883
47765,21493.466576910512
18768,9174.59215163751
55093,7238.644961358297
12928,11933.301715462578
29243,29122.40162706486
70470,19415.604178999183
39932,12954.33706629317
21256,22102.43294297239
84567,37900.69423962085
21720,26789.960444242613
43926,14046.90921990052
23128,20983.14919534421
65672,7981.531243527166
34174,10691.173230564531
29020,13208.881028323909
86962,11002.893675122186
90054,26865.131405368913
85888,34135.00345691723
27773,10434.550414284802
24835,8668.489660713523
69776,9680.909633709114
43178,13420.953282964736
68921,24022.84400236234
42142,10175.154007551482
67903,13277.802306107693
85689,12619.9027749915
74542,10189.812804499128
23159,10392.284504320058
46412,15089.466894762703
41914,15149.017869676733
23050,16051.709188218474
72238,39113.1019103144
51553,36172.67669574561
80575,30638.71682241212
48881,25071.43317692648
18693,10340.299853953096
72634,22668.311665902515
23254,15820.3471979244
27560,33141.00321005375
77843,10769.772151499175
56059,11132.454635168155
19099,27914.64830789055
76475,10943.471214527168
80086,7469.944785387035
67793,16224.063260541901
29367,10550.12164294167
27695,19072.784248130185
14293,17870.922746611704
65360,9424.700907839193
11922,23545.641226901746
86249,20202.80223568563
89598,5347.175692331071
65352,15543.186759909619
54313,23137.34414806336
33417,22176.585635944866
54268,9537.123209316593
48186,9642.760933679558
97567,7163.288380951317
43976,20604.581366148745
22158,10649.972842135485
47727,28508.952465060054
62854,7376.131297088479
71345,21068.23619244428
49726,11220.129691783743
92214,23798.540888075608
63700,30068.850218043335
23778,16851.95966738282
42384,23528.25014162786
73201,17324.72282431747
87775,5506.462796754002
57173,18873.491895694577
45695,8809.55545569926
87335,16053.977975516542
86196,6943.149870814479
12924,13149.50940433144
40961,10147.539719220122
22989,6905.279795671642
29931,9192.011577207952
85370,6604.790205617897
11150,31031.66428553261
43549,17071.88527263663
44556,12165.10830188444
78209,10292.120439101305
86747,6900.777907941798
69557,49267.547086623774
61669,20431.50541579018
21143,5085.437361560287
12998,10280.136068011083
50340,17994.573216038494
68375,19293.04596424048
68055,26300.275446459502
29397,8585.202831571898
94020,14091.107900965799
13229,18369.165504149507
43532,8676.915553672352
62489,17582.1941461042
18220,14386.834699825931
21377,14722.618048378521
46913,7452.898752241883
86027,28374.198000127315
92553,48249.871512410304
61924,14813.922989061437
73685,15040.220386540914
73075,14146.586589546741
73340,7318.202172116058
59101,42533.48153911019
85709,10292.250885469472
74572,16668.202394789412
54923,19683.744189829824
46439,7696.668634859725
38913,9814.340629810287
92630,45873.33998137773
73297,10781.7295396037
93242,34549.314226570656
73591,98082.65423941864
80147,11901.355503716757
65351,12505.082813869807
41739,10392.602662801675
20500,11326.067429355364
39298,7447.77181348705
12588,27456.385923596405
94010,13412.847146713362
84802,44736.693240099296
79473,15329.886848802586
80512,12300.608552580521
28430,19755.564952445206
79152,14185.699896321876
25808,20284.75904453334
12037,21878.378244985102
44468,20620.738096496
74303,8496.534223351859
19924,20672.36795639535
70674,10297.638516821573
41570,13286.488110060498
41843,10875.395138490621
76164,15920.359043778144
60779,14304.336186898025
54733,10631.82132833673
62120,4570.04303759494
35598,6952.868576035253
23097,18713.107724042475
11076,8958.339689371101
96196,20794.29530471786
17690,12186.885787282457
37298,15467.945457661963
55581,15223.788689702567
75200,22295.75239167968
91993,9169.064557296206
75200,34974.903077427996
80780,14842.202602696401
43928,21678.590452406137
65280,7560.419914489254
49560,21135.465238026114
12857,5374.438799208969
26101,21187.57267792058
44935,9545.016853850135
10334,7349.678303657207
33602,16385.60653230479
28921,23209.394646850094
51090,11993.732744520803
27855,8310.842610532456
77866,22790.557640024796
22602,17471.315426178884
57641,19937.738066264697
46520,12786.232787602637
35043,7528.932508458605
25347,11276.24077843329
89875,7756.936183690381
89560,2974.288159138243
80015,9887.20777135643
61816,13571.73214411334
10052,20327.74057839292
50524,24509.02470242623
98727,24484.5893906949
48018,33068.10586461685
61385,9238.252884761469
37641,9868.689941661916
97430,6962.643815555302
42207,15247.773071632915
19620,8494.991779304104
60865,18298.0625068266
56513,9177.454238844864
21365,5431.836525502533
27117,7572.3856363923915
33132,10239.763166429626
66299,18618.953463913233
48603,12884.57018786333
23097,18441.62821393283
97750,26094.14412533461
18910,24968.681725337938
46050,29195.22169547323
70698,11572.527102058059
95153,20607.796550207502
46256,11565.255399157002
60791,20835.661234436302
84632,5783.454911656627
66973,20201.93617791189
30776,35983.05075914583
28832,20184.460429077735
36935,19851.41699773819
35507,9045.743939786256
39077,22391.2655905349
70218,20161.03828404845
21476,8026.334841578613
21222,8588.292144900035
93292,22281.16609877233
42375,35165.346006824824
67177,12396.93645159125
59486,10041.481637369034
16441,11425.800700399875
44069,13418.98378147203
48188,23171.34015660204
14774,8623.820160831023
67550,9580.205381334064
61127,33375.37640311863
18503,17860.77227473792
95389,10128.111219936465
72458,21496.42792205342
87453,12218.067002370466
66563,6686.664021523473
87929,24884.052146977454
17827,5266.7320246845775
95563,18506.371469725626
69423,18474.806712543384
24744,25916.41129999058
43668,24149.975197962194
31307,24225.212489522193
93515,21661.515540503908
91011,12487.798589758244
22103,12568.435837708606
37626,17270.448672337705
49877,10927.277740090263
46681,28478.719470778764
60211,29646.01946295204
70798,48031.517354645934
77047,11233.13844166164
97273,13123.619200258381
67291,19473.41508840054
13347,11429.497427550417
90073,15012.644576276483
49776,16523.270681783008
95234,14947.930966827755
86043,16034.980699716578
28160,16892.42868337029
65475,14269.72227684007
19448,16208.507469918355
76536,17783.3195688583
24181,16531.878362297244
84523,30079.24005129643
20141,9463.056040489451
51780,23894.028925177015
84806,15167.497714874637
67715,15435.652364298177
63176,12964.953969294129
39286,35760.07497846038
93713,11901.97127366548
59909,25596.946186012596
40556,13145.58116013341
82833,17660.88929667972
49628,12963.69242726696
73538,16991.60698161484
92770,8770.147911712818
38573,14042.315529685377
51417,9288.595436070686
43340,10045.604853386352
27860,14093.664054834018
33293,7204.211186414193
32938,11361.514392277139
12486,17381.320404688788
18543,17063.28787519548
68483,16188.049721122132
84740,10270.352155945311
70517,16095.084127965472
73358,10439.138258741299
11835,15962.142122161626
21744,9109.564474566625
50769,31799.679459822342
94676,22865.267025125977
10892,20206.20871642042
89416,9519.863602795793
74911,25208.49357539291
35124,17932.88076679495
55706,20909.440880104165
38683,16447.66485628826
33317,10392.217945131148
16801,7415.056179737461
80389,8376.841249423158
51447,33407.42203183526
39945,12101.288725614946
90729,15579.416060908594
79658,17116.476446982982
83131,18230.120120745123
29874,15039.774148002882
78725,10690.4795468093
77366,30905.368109928888
80650,24002.52341433472
51306,15764.210179084146
25885,8951.05226072163
41714,17479.635244719833
69633,26954.11625444029
78414,25190.797512563848
34499,8766.973144075308
50692,9035.96262486609
13348,19164.264343831055
82684,7730.0016213150975
47746,9608.8946009827
49575,14496.595317618983
20107,20352.648835690434
42435,25367.883145759024
12774,25873.534160259405
16296,8843.16818066826
36389,21605.39288308456
77590,11146.1032207867
14822,7995.206637189076
50959,12055.488374545908
36594,23647.15134838826
56338,36748.78634527566
13835,16888.135846353405
97017,23886.285563011876
99884,11634.368446702225
56550,20455.822482920918
30340,19941.735242716983
33651,17763.11651494065
37293,10700.833283038413
75490,14056.744687490434
14277,6557.269753679046
76539,8706.712904676942
43872,21350.53220449081
11207,29501.85845042734
99026,16063.181962956258
59386,14200.23979132029
67466,8991.436019665609
74922,20293.301895292658
27657,6733.257636025486
67733,16743.631466777486
41126,12861.412833614595
99818,18419.041930406773
61643,17117.616894394967
17520,27852.384142601637
44502,13494.703004853804
72862,9279.421813128884
37831,13367.073145554506
49786,26476.30430653278
84973,11573.031701477263
26350,14872.707820926264
81357,37069.98486541267
65185,28153.2128378449
14846,16247.19151962727
16903,13291.723992361043
26691,11785.389243071568
43299,17626.66177459884
67576,12358.648295674202
88498,30960.181987254182
77918,12947.188427844398
86448,13139.93812465133
20781,12860.909168084743
17387,24837.135752749593
94990,13670.415097932715
15746,15449.456411993351
10414,26478.34072308553
79487,9899.475830953765
32783,28716.805621299263
54379,10722.28549371381
86043,11784.985784108321
39813,19810.431540089958
10120,47588.00724288559
36179,23004.555063321422
51294,21979.222233066856
57764,27181.297059196964
67274,19174.454639473828
64680,11978.835862930959
42473,12088.025224618093
32156,19328.495167705158
26859,9582.23528669357
22639,14543.333110982094
27798,21092.889229699653
68972,20825.049838344763
11408,22616.593638918057
56458,16344.14027719155
86957,43113.58190121375
17617,10901.731969744289
44296,22642.504295930543
12071,10976.504618564473
39431,22768.86914855695
43483,26384.494799751228
60097,6950.23007695355
35277,7633.215812752491
65254,14590.509136259021
65667,21042.268490589464
50970,10424.473337054613
69368,13769.81867112793
15968,6689.710607271676
30108,13087.032011194337
32782,12727.43158599038
37361,22755.041602793666
66518,9053.988775477437
75747,12265.683442033383
13882,8887.437685471124
11201,9626.279820345557
41038,23682.93525946898
50203,7213.368612935134
86585,26781.87524636279
57961,15688.468212064985
71640,10836.34044681316
23148,9654.342743876365
57988,13999.937260837965
70134,21737.328872058788
43059,31838.2682921007
54869,8862.01221011269
13495,16698.929958121123
57384,24814.714527996708
20337,8589.065588312005
43096,12845.64376252636
92671,10048.338257105264
25844,6696.737917655568
11489,11023.917728801192
53656,12181.32486481329
88199,21487.421239764997
61210,7956.604063117642
39474,13259.551270195609
51906,2911.0929816202715
11173,15498.413728406867
53700,29345.226748375113
21827,33164.23979134981
28017,23560.199514404147
50479,10049.219913195295
30811,9628.267031467652
83433,6991.847733290457
19674,15537.808168943488
94276,5292.825398640089
63241,21723.15081489265
12694,9123.935739910525
60222,12422.074467888175
95577,27863.800081144822
99085,11854.37715644325
49084,21472.553497332243
37041,6174.055397971833
33671,18813.31656962972
38277,20140.70089414354
34961,25774.268421873843
85778,9800.248666355576
99776,8922.916947290349
13630,11254.496359121302
70042,15277.147986120955
52762,5692.989686406145
74047,16028.226511177485
71138,16456.37829479457
22154,5123.735885017044
64822,20969.554603173252
88386,38380.47853578735
98931,8124.198429014936
36749,18912.39947692943
18498,13241.043627901714
20175,12275.082007064624
62221,20279.592127813336
51068,15690.858043778499
36751,11676.048187535493
36513,19396.92565882001
80331,6400.045324628161
36062,3608.9786142188495
51947,12439.492891408889
67315,35442.32026917448
95964,49382.88005308417
37533,11273.942980059164
64718,14634.478274284407
74677,26362.31445075159
83113,15053.004970618615
56997,9807.158269179781
90244,11178.79093385379
38129,6672.764584274666
47758,9509.585542206014
41682,52557.237596238534
47795,17037.77490171304
69252,12151.682398596371
53360,44038.63890720211
74392,15867.361131539057
58058,25621.829204108282
96193,15818.49772590459
47283,32089.831356884864
15220,14465.474393984394
55537,9666.714676069132
59921,12893.655639544213
37180,29841.851610187085
50155,30619.026926714596
82350,8412.178571599425
53282,14148.588661093627
71804,17919.859869657605
96947,13518.663875582806
78350,6370.631770994152
34053,22917.135802089786
84390,26517.731262250294
52564,11156.327024344635
93300,9710.896937306281
26677,8953.185980772474
30664,14069.5174880787
12290,11219.113562100345
62165,10222.171931963512
99504,11436.71220797227
94061,22074.28615599311
64446,11567.825599112952
86325,13225.737393232703
46662,7726.926779452657
33712,10144.263041084081
46322,12443.397523750882
39619,9379.331391800139
70050,9800.68381878562
70964,8422.471121013938
19908,24727.470584982
62853,13839.907065624719
65584,31971.60034074111
29625,21714.2004171288
93191,8841.64488501249
92688,20976.578176992472
93051,8427.193316984445
45410,29380.619804351358
45790,26847.87547272887
49539,7799.04953429271
19520,9677.886988643058
14164,9456.872002253276
67053,12749.522968641159
49193,8548.320107170346
67243,10120.90786612367
19291,8551.552390110255
62603,4703.845282377057
85960,17348.88106500278
53743,31682.064704318174
78413,11745.257574234583
78090,11395.049525206154
51108,9569.869537068735
30546,15823.710452394647
90711,9920.993825646667
12822,16421.82746123786
30297,11382.0870848542
97065,14521.70711715446
11517,13067.75277653465
44206,13740.37959658165
16292,46537.42865728967
71059,20026.30868427946
49186,10725.34326250634
86110,9551.91832929886
79278,44226.245259345684
21097,14796.226873275475
51600,10489.139131396634
36817,10262.138664722166
63879,12711.205473739908
94159,8346.842275591935
65158,46857.22161652048
71932,8903.2207680135
71165,24270.250929127935
47799,16421.82746123786
72145,10523.783821755784
32583,12606.853474234194
75105,27519.108822189177
21736,19384.282767663022
46837,14385.859350158036
74156,23342.18128786161
64903,15245.09122555434
98844,20712.865664291785
68078,11059.219472213943
64369,36233.08916939212
81763,13826.430899528914
23373,13456.097205442771
46979,12152.147780769526
99347,16900.159773890977
25538,10150.334451257899
42088,24903.346529850987
36340,14550.369237409572
40297,8492.992672010985
21389,11136.30386004869
32287,24764.710715147776
52141,14404.637663083255
38526,22151.678649180267
19640,14909.211338272458
12582,11113.795597221037
17793,17241.370955326875
75851,6993.056175760883
85031,11624.805236522401
93918,20437.944426027585
11145,49075.03790874893
31378,7661.461494545727
18703,5985.157144866518
73535,30108.984286756473
20182,24455.076496271602
22658,17291.373413368994
69655,10986.69343228534
58805,16772.947577577546
46095,10491.12266515673
21484,13096.85398678244
19881,8210.850286202123
88119,18160.164258127883
98266,34935.90961159585
58182,10422.931637388003
52800,13568.34819738401
50210,17241.370955326875
83591,8526.811663893637
88567,16875.440685011952
67340,29331.85719444927
93648,10085.11552403463
68492,15908.903732079763
63504,12316.56907646262
91659,9308.230881517364
73654,12160.899106737392
76975,15062.359375432256
27945,17813.501667252247
24769,30962.723506179624
21159,8015.067340119911
32246,17539.91217726084
10368,8218.884220816757
44264,10113.935741497455
57841,6381.272403838444
99516,10095.463464104934
87373,22605.27352955027
60343,9020.700580542072
15640,36819.4596620072
58468,9559.650134614792
93377,49074.716449186315
52646,11113.795597221037
46954,27276.50186641475
99918,3987.111136954023
49566,14381.25814226635
53389,7729.439729805024
47438,15326.20390897314
54811,17595.521203044937
94264,27094.789653978198
64936,15510.063887527036
55460,13985.832485984696
87902,24289.76898538961
46214,9957.793589426132
91851,33068.74135534407
41207,28759.770474603993
62763,13580.06009307526
69563,6034.267929236614
78503,17266.37959756023
41490,19583.339815441614
43426,10292.717405166672
96677,14850.089254547409
26645,7559.319128310579
87079,19906.69294404983
46505,20087.995908600882
90709,11391.877699812092
28175,16087.265782434504
67967,7109.25464506189
21180,16203.090643009276
98450,11221.785723895176
96872,17105.465861709774
27511,12438.922172521727
94980,20526.660066333876
65637,27985.350661701057
27111,22958.120550265445
40322,10133.282621311162
62514,10025.345105164044
27898,6536.217287679165
59268,28773.71967919486
76822,32926.96069699501
86400,12806.99070212007
38011,26615.973922280624
85526,11051.226389637446
17896,7915.953858876963
75040,8331.512932152407
87523,13760.664007258954
61875,15253.410412979745
39276,8890.311467611908
15009,15761.445352297636
83287,9700.064133408858
33321,10557.169789135361
63773,20848.784173505028
50228,20201.320838707878
50996,13849.911197236132
43146,11910.096227069149
10501,49456.16672590627
34554,9167.059263127332
31642,20524.76753894915
92177,15267.768561651803
44510,11870.967748289388
91893,8942.282992772307
97772,16097.457710806795
88594,10969.816406142725
52801,17940.886999558526
26256,13221.046587995032
47983,20636.24777973936
59281,8160.119371073446
13541,24697.88940822436
99634,26889.897675814056
63158,24786.262724915745
39236,10955.615509361392
71539,26792.31529073359
37814,12399.93889311502
42825,11896.93289099892
64694,15288.439907053365
12869,19165.511388570918
42751,26944.80007457742
84673,13448.061415993872
24948,4045.549278026563
39285,24872.83751762253
96795,32231.95469890916
71039,6856.777734477264
13084,11947.40133687239
10506,22225.389306033172
55575,14577.149629619258
28423,17496.7787423934
75073,61410.37926849321
40807,9883.720133725217
57596,9350.150096442143
79203,9711.220177953543
99228,14409.457667990948
57706,15241.365314913648
28830,30131.599109365194
30308,11144.967783177177
47557,5573.819121429729
52597,15286.458996395977
22965,11740.455100895066
65188,8657.511288231752
93526,9800.256961081335
31400,8059.541045251024
81459,19309.975667147562
56589,33220.961839667725
38799,12751.196301466567
18150,20602.084273591274
45722,12392.907068417777
79909,29034.341026120692
99248,9025.144950515489
23433,20427.095863703482
76239,21309.68347541002
23857,10436.175071154328
97474,8543.481806512518
69418,22165.949121681406
26742,13349.230327819603
42181,9394.031235691127
47397,16506.965287293777
46775,8236.91969771991
66298,33916.298352405945
47781,9356.28000890505
97715,14229.609859943512
96812,7421.318276776858
21334,12974.946486809658
83340,9849.627153788546
38279,20616.302947107302
46715,21086.709936487947
44124,8211.470584141134
17406,21854.62064773342
17042,10576.573588752786
74679,7907.295881297743
69754,10171.65067494999
82364,19895.617066028273
22768,9864.645059154529
74239,24645.627091383452
51079,7742.982078457535
35053,15337.88877452198
82248,13372.476463299052
19074,17791.192674337177
89130,38151.55976550954
35601,14326.230460169361
60014,21143.279109443498
25245,7877.316323419511
41531,16221.202980293288
53525,19925.92833952287
63345,17710.143667741944
56917,36605.738499314786
99564,6336.429478673526
11056,10663.644537740156
88432,23664.587154640125
81604,9814.227829646677
75350,30569.969363955446
60859,30250.33105039425
70105,15701.962999675825
67149,13393.838553049289
73130,19399.300474701748
65107,8624.711486733744
16240,9420.798205027695
52526,6943.752767805365
88428,15335.038599464548
55919,16162.02104754444
62343,9452.437535788727
64236,12599.780116091322
44263,14810.40374824389
67934,35978.460679748925
60370,11450.23468961384
56607,18254.174708899547
11016,23765.236610502256
66772,11694.46868304006
85514,12004.464598240455
62891,12464.778546471005
72163,33961.00831340938
57330,15781.262093013054
37859,7897.264665145298
91751,6236.01076924806
19741,27851.129356822108
77286,20388.08954311244
14901,22380.083997828027
17837,25324.050258464675
12150,17266.261245847316
82339,18223.197421690977
23560,14593.370565303778
69101,16592.71051931634
64795,23328.006984736065
92761,13412.832670767384
16698,12365.454064723828
27121,23757.83529892625
76632,16900.159773890977
58933,17723.309235188088
59494,53662.75089186555
30681,16221.752712281435
97459,8328.604417519055
67316,18988.835920250687
88332,20753.600713930304
27078,19210.24696569466
53664,30381.62796963242
13420,9283.08901586411
84850,20002.201814514203
83733,21507.19095728881
15481,48014.10187744287
22692,11949.813736095639
67457,13851.927712582474
95963,10424.277683335222
36641,13858.385232083749
22750,19515.48925625111
23297,17492.88237926905
83842,19077.308061691518
90904,19828.448385941832
36382,13322.792395151362
34102,22477.807994619347
80114,11238.489990680293
45123,23451.44485432719
68642,4821.875111529733
71429,30554.696335626177
52615,17956.036117874344
36198,9019.53570663894
34960,10144.398674519685
71756,15459.342837229347
48911,11875.344548060926
11302,7944.881498352021
89206,13171.806769446917
81063,32058.51653468574
29675,11757.554013034996
81741,13786.628068709488
20641,22105.43151056485
11254,25256.804318758015
11833,11055.11668146534
22606,25768.611453397265
19811,11964.961453610744
69603,15223.160300216303
57768,9694.811477729763
25566,14654.339688997072
21211,11811.029061572695
54868,13212.616822926246
24236,19306.68112048965
47168,13537.693805865849
23924,23967.530314490097
17420,13338.155302992938
13097,16442.850769087527
38305,9171.612858384657
52697,14036.01287693375
28010,6521.306306287772
85849,11076.534151249487
98811,9767.566384266269
27131,7560.687825610403
72235,12710.403122739335
45700,10284.3670230287
55878,7619.06189412755
69041,21476.803417304014
53661,25181.109334505003
38143,9020.495647287935
34880,12435.921594807605
80984,8528.481845419696
38026,11165.685115492055
12861,7741.034314515959
92073,30076.16876892141
69719,17043.18943597993
22708,7446.260568057192
33557,68435.40824005415
62236,8134.737095328572
38991,15440.797210010669
60078,9895.181217299421
13306,19255.16546987788
37134,9678.515956462918
81865,7196.500403604152
56703,17590.329558888585
43274,6692.918687710959
17810,33601.80407776547
41847,9706.000647644316
20790,6748.221973050095
99650,15529.64554414642
66238,20677.822712793743
20118,25021.581614943512
23533,20407.470795844332
49083,19264.35937331192
80382,17025.33382567223
98475,10899.863529669517
39007,4718.776824297176
78237,14037.992339578224
98754,8255.99614010849
89960,36124.04004507484
78966,25261.060763681086
89505,10151.804004481979
52333,8274.098808394636
98148,9246.726499085944
96248,14433.553137369605
46256,11130.831626232663
93258,21181.10453446947
37879,10988.115538392081
94874,31368.169589349567
71538,15531.756919826612
75463,10090.905811003573
10810,10046.418443719584
23122,15893.417555669057
47681,13155.757974842953
40699,11067.64552114067
67142,16673.25837092888
36537,22098.761355775667
43351,7212.039966865845
25695,9590.80064422359
88993,11322.826990187055
63536,12096.919784247977
54490,20657.47464013186
34198,18058.554497348516
22138,9714.287162229291
63196,13183.019474263654
64707,30706.21885893392
59098,13006.983930274311
35780,11547.808805250364
10470,6611.284728949002
35484,8705.080161585422
91110,9421.44778473433
31015,21516.636077560157
70825,12414.241472034637
78575,34251.51436957548
21126,23701.478857907754
94711,17133.870213728438
39203,11518.722476146146
86022,14295.70331135692
62568,10622.258613689712
62363,16495.543132513267
81366,3278.0539603446414
56536,17879.554462046042
45666,10539.782870379378
41420,11949.813736095639
80164,29817.8340556592
71357,8383.755147390184
61219,16339.507006565682
90540,18211.42806303342
51942,11146.920035850093
26731,10595.926711579556
75218,8813.73829048697
78547,16849.99269626951
13502,29579.581619955905
91945,19244.27712888032
33360,15714.822513652822
90771,11350.395817740377
87018,9800.248666355576
63392,16313.974601907154
59476,22112.973280009734
56718,21311.047349595614
85385,16078.303419909973
34200,11183.12556356905
44831,18979.728779785677
12259,12945.23758032231
18047,33404.32517815319
30349,9640.309750514109
98714,21430.134397487847
65496,15213.041962536325
74171,7996.282278023029
97962,12502.087835039854
81821,17664.84731098366
18160,30052.41565070987
83119,10556.362880745759
42797,10149.314651643805
91453,32359.857260849185
27277,9764.547093284482
24897,7720.1112787595175
10495,15045.175210963547
65983,40820.65831128857
95932,32790.43815443413
71242,12947.480888248068
50677,13734.211935305651
47705,10255.866085693124
43080,14071.90291425431
29423,16810.902752723032
62597,7957.255502594922
51796,13448.789464750902
99949,16087.65647644246
58191,13952.381211661645
22123,11109.569499012916
87921,14977.95504087729
28194,7699.770302734205
64666,19552.853717743805
94184,9863.786612567877
62004,11763.1676284175
74962,20555.694056400273
47233,5752.557187445143
73257,26817.865872082155
29821,4985.763717006381
44814,15036.353797935786
93135,10544.540377565423
14712,10400.383312462247
34326,24705.062965067416
27248,28863.356185126006
57211,7343.114800786374
50402,9974.059367515669
68696,21297.302951588754
24590,9336.495790608886
47721,17959.360622290293
22648,13788.344945625226
58950,9765.28251689476
32348,11519.074084490414
45246,23827.57858671932
99487,13423.798180988548
93081,9313.62765749823
56953,26790.774715077896
73978,15121.594605530845
52687,14769.072522548342
63862,10527.43302202901
10703,12100.834553148878
19146,10733.779074820672
26627,22954.869079425036
61168,17262.778075025795
77218,15500.635319521789
65985,11836.455732349712
48927,6888.498852213708
20646,19088.99422134187
48193,14586.392945155627
54753,11338.27679384736
98897,13628.202292945045
15644,8345.26723913144
38753,12949.53603977831
53763,4834.030790896699
22657,21271.939814799523
30999,17721.531759763857
55077,26492.700357381258
74388,28475.7505789701
40007,8402.397381107969
81452,8847.361463601259
55358,22264.36720091592
87920,22578.46319131
53003,9187.458919346576
73465,30509.049400747732
76046,20935.77116173873
51620,20638.465291781562
89559,36829.34277613088
82913,15563.00826389026
23126,7616.264629478741
73612,38697.54576693155
25283,17161.38261970759
53200,18519.00998162002
55038,20735.323557036187
38533,27013.71904669516
21724,811.7433085709381
61769,14875.922482626376
38466,14836.723631725701
46098,10697.343612188259
73073,17350.91457566203
73134,7997.854442941449
29621,10958.542142969753
34597,8678.293641015429
33663,23614.074562466838
56902,16769.402795600603
15739,24091.21015064906
73541,28390.19738121762
62112,17020.888505910247
63332,27960.355006404272
55510,17314.05532895442
34011,10817.927892890108
95359,19441.859923336317
73957,31566.784497068602
62689,31797.68989569278
71073,14158.481225678825
25067,11542.94505412347
80887,27064.562841349456
55835,19241.2884729062
84050,11491.499241638387
15651,11219.290492986776
64503,12658.44807201372
46507,20951.15200182301
29140,28179.666205128073
88485,9349.669417008596
14288,11147.50478427601
19412,20053.686570491886
26240,29777.604801153782
16752,5470.323462789505
27320,25383.408641498463
62071,15626.815293833648
69008,13208.516517637428
92884,3942.238423924344
46659,24017.55380109301
54123,22190.465605472324
56567,92040.35936883124
19902,12686.089469263654
60124,9445.874136318354
19971,14900.382152086362
87735,66754.36709291674
27622,7917.053511395357
79913,13034.08790263267
16876,12322.730760416212
70082,20644.96140135029
84449,9765.28251689476
53263,13991.95439859832
20180,20615.574659969978
42695,15501.135686857524
35197,7134.815528406743
13461,8266.48816933797
74116,23849.315626767897
86662,8726.000796349843
46775,9911.19056272972
79669,16804.45993070949
44950,14148.65320495356
41657,11393.441069685943
26343,11308.936248523514
21797,29437.559291781377
68445,13747.154241330943
24269,10133.549998195149
22139,21443.852016740195
66069,25801.045939693162
48118,9707.473443954677
65274,32198.792174133567
47871,11133.163058371947
66235,44784.42662883211
69084,11667.283442053726
59887,23996.18070563947
72468,12044.3836380909
33811,7263.854693794037
67666,17952.291672907584
93825,14445.303538649558
71547,7476.1885735431915
80396,18715.62629058277
66564,8854.455186799181
31029,18200.016880739906
28474,18510.604944693903
66313,4847.93638650239
36165,10395.492380822472
84836,13339.913400573263
10330,11678.968330776297
77810,15810.760928869877
20250,19791.68678560846
19594,10792.124653630506
93092,18038.15386695632
32087,22007.72900447589
51033,7488.206285565289
60561,13577.253492711468
58595,15098.792182492985
72393,16161.299552922164
13913,16306.87661319505
84592,22443.634045076218
36457,13626.889627248727
84950,18368.870435437544
24246,13278.299831216304
89861,14725.400583555083
71882,17146.889572651653
48499,16707.965976491072
16629,16247.192178822706
74394,6368.8921166077525
29972,4461.987818300102
86341,17781.971270723072
62795,7844.586038273215
43082,16602.2047429948
21628,11879.073138197575
81828,16561.30592061388
16171,27937.465515275893
83444,19620.86347769061
10783,8104.524059039213
76193,5425.207817985158
65938,11728.714341900075
83544,5497.134961954671
30786,14423.723666771295
37659,35170.002586989
51023,8198.753583122781
52712,11546.954797843382
36887,12741.656405009155
88194,27155.502180890224
83317,5615.076649894909
48236,10334.427030541918
55925,11159.439559666625
54446,9586.202981126216
94866,14010.468772912249
48444,24560.653736652963
78934,22647.45143799892
98669,28146.45884914577
31448,25666.844126258897
21789,17666.660861730878
26642,7690.128615532523
60030,11166.419168667464
37328,7988.510081903631
79797,14773.64638288418
64677,10869.366027999884
78813,21997.710826812257
99756,20974.293623907815
14721,22377.344139961417
59933,12703.887693148185
66815,17954.721206810435
71827,26564.329343662095
20487,7888.536389506033
26068,6769.930481548263
46031,46307.65232443314
16976,12943.75726693677
52733,18837.624194071057
17478,9324.796898509136
69032,10454.743108186765
57355,22529.107576791786
44224,31567.454755596456
42750,13541.49556187113
77741,9905.982596439313
34989,9015.023377311794
65199,7992.009202568806
87481,10458.65357956881
95756,12306.41904078256
72586,8530.745441772842
89049,12540.695570862437
68701,22964.703187472598
16160,12493.978547329789
96300,15092.636910001895
93874,8205.715390371526
40881,16952.55250580258
40412,19101.07476831442
36548,21202.997771086935
66010,31094.16963929186
30654,29954.85444617447
34309,43038.36966168189
45388,14582.010116211623
11790,7011.928339653035
20526,10945.626892396333
34653,7448.2263261483
72640,13638.30576345179
60048,16319.48777719591
46775,26614.777857737572
74686,16201.693345998705
13936,10166.317577289075
27412,10043.45326566447
35817,21150.644925792963
99562,7389.895793806743
46651,15683.289664419783
93359,39509.73288887498
22130,14894.176727375021
26916,8916.73136487147
24544,8053.818456589715
76968,9519.268819963665
19086,13694.702353876055
69892,13930.978017450778
97516,13221.428327460184
77089,4199.32954025465
98041,6781.400885270317
62802,7430.909765661845
82475,9673.861197410992
10401,13688.324514625485
48512,20798.226147331356
48144,15172.611312591704
96539,15826.909884356059
42414,30344.60469862896
88223,6878.576074328046
84220,20104.990610997214
45148,22109.67210193612
60272,41517.70989492687
73349,14831.423878980251
94617,19973.23542593913
28721,22011.326504547593
24752,20298.884730659705
37880,8423.3342704454
75872,9834.712526991096
58931,15155.440334979226
82212,27685.76292044686
26349,6377.382889667824
85597,29894.191863501263
53649,18320.73051419896
64285,32760.944968394575
73756,11681.273561846658
76653,8948.324743694164
72168,11063.968731607316
43939,18160.922714604712
61602,7127.49008415004
75364,15714.33741554418
36345,15669.922151763969
56506,7528.543470077555
35872,20007.795388791146
81771,11643.053950183748
45002,6557.923861675112
44815,18150.186777247938
10994,22081.648729204946
48650,10453.604344399042
13959,8351.015431179334
63378,7228.978721865515
34928,11315.533083820965
82257,13837.929092020295
87412,10518.706256331965
83611,11642.66532618019
70251,13397.462183634354
91394,7781.951217619044
84854,50223.34525650839
64961,2771.3785138578132
28232,19554.392675851977
62826,15403.73235041163
91559,8646.459083340353
15044,10402.06891219719
26546,7281.191331057211
78021,9765.271533385301
99819,21659.596546533317
89631,24433.38042176582
98384,11110.692793944274
39102,22762.44337270299
25789,11289.007807570837
81740,8455.420872322662
92035,27102.805718342548
95297,11551.063491435201
49054,9341.45131875941
43975,21376.563353320038
99617,11897.348433619449
25215,42038.7939923712
34913,27595.63704837183
40414,6177.620044145655
40088,10134.777158030116
59444,8739.18862899924
84060,10117.926353559982
53418,9419.330821035113
67870,12815.749309057623
26592,6563.255488201841
50191,27161.674413564066
81312,5023.272085778661
77336,15017.758660962869
20502,11109.84084246329
45827,12322.730760416212
38302,15338.357534984734
32285,20501.951028910484
56053,18730.976971262593
14449,14950.106159470368
41369,13302.15878188974
68941,20934.55071186376
97540,8241.543260088958
30108,44358.07643816841
10262,10454.735965143944
55852,6350.868643614223
57448,13737.137368088112
73438,30316.57038904068
22842,12630.249545082279
80608,29365.859051002757
82341,2290.322892384378
71697,16237.597626699793
91167,21239.02291193176
76177,21759.787887563027
72277,11934.356241158403
24121,48095.89663860879
25344,9680.043689894108
51713,19623.066348913995
14125,8417.550964713868
89662,14236.982746651302
80433,17751.757116973593
88274,9736.130952666623
70268,7185.328445120467
27529,12729.683198753513
14124,5494.099023342806
92092,29196.819291660562
51606,13754.79809546914
12025,7442.259463357714
97485,5190.579187007161
48697,21781.350225002956
77548,22610.512085058537
82474,14168.643513044972
83452,33418.41651845253
79146,32796.264683253685
11461,75159.06138294656
42062,12971.552775847314
53159,20217.869256727718
40181,16544.35024499957
48866,3532.1124129698837
46915,19748.682506131525
84946,21110.528957100898
73490,22873.560292523074
99665,40680.60611955919
40487,30858.891886821497
70303,15529.999588235918
82551,19401.593548615278
86741,12543.24736837939
13677,1763.9343185549642
75970,17994.970451002315
87196,19976.68842989101
21941,23727.98367325763
82437,14152.849383409983
22479,28684.530416303096
70717,13011.998679510056
21838,25485.928969234956
59661,29062.894621471594
80228,11256.453327844569
23970,9315.523369475102
50090,14108.01310792782
89859,16187.01354997893
60568,20487.463228352877
37284,5192.461060489699
37816,16496.151600483627
47271,16872.122543254056
15999,7268.844432794409
50845,14704.181448542102
86580,9434.704434862513
82501,18679.962268428375
76696,11371.938903385811
98652,7107.680234133766
80046,11138.128750116106
69850,17264.662750610212
48592,21114.7978572202
38502,17708.5126257785
23764,7563.84419809425
93814,8679.647615406997
41477,14122.691024266973
40842,7273.44704898981
70077,7560.687825610403
11984,16023.051496250591
11009,9181.443169422575
82248,9481.15593494293
43826,11186.521238751127
70467,45305.16973779336
93453,7992.293439474299
22634,11804.054091092767
19015,12082.082818445962
34845,24164.37846787538
79764,5994.8930303144825
94852,19194.224449465237
71970,12834.209173907559
25882,17388.400244879762
58321,15863.892122937012
84699,34737.63040315109
68934,18181.81565908852
27693,10156.487769180043
42835,20834.799131359403
43186,21041.702781140542
50853,10929.104409579266
27525,20680.415639914692
52086,12993.538336645217
81862,19167.15820317563
70357,20979.004588356456
64477,36433.65417706067
70306,13208.04739561796
35407,34093.31655967914
55540,16328.015494182153
85618,10675.609402801747
32380,27959.898588560318
28423,12660.651184155118
11916,11471.379131779788
89453,15273.5437846036
32429,5021.429889523499
52740,14271.2896962774
57788,25954.91439115476
65979,10032.83422639275
24200,10070.208319647025
49307,6791.786731449967
15426,10280.226878286208
36660,24001.466722824644
52946,17602.137713761356
58170,16814.291132478782
46503,17852.250872335448
20139,12397.721199072115
47334,10332.801647534761
82115,13096.328202752833
79194,12368.669012117407
63759,13447.103951495938
41004,9934.038068905713
11294,27735.58419766687
12020,29093.842460899315
56057,16165.574458068237
15498,17280.979091616013
48647,27206.45201455526
65898,13822.564745769527
58815,24359.79933444479
62290,10834.431198477392
64525,8676.6513441596
35172,19444.2202957314
90557,18854.314443327345
47708,17257.059252227784
82588,16242.413979339093
67685,27689.55508500244
10581,23110.10779101227
72784,29832.25302290752
49170,10309.720187369108
21061,12080.167062595388
44103,8198.342537994453
90085,6522.672656989162
54443,10101.262571728792
25559,16219.509717186733
45598,10222.171931963512
22899,12699.21455635841
61008,74910.9665021057
57290,8526.502638744792
96844,13240.664282742775
87382,7792.294034746501
13327,7791.964334536353
45944,27836.047412695458
79003,16531.56993142835
47545,11700.403018278204
91370,13739.118091375174
21831,17916.337624015952
60342,17421.040282653314
28251,8299.595005819001
60685,5182.444587472566
15059,13755.286417737658
44330,9403.259269496444
63044,6984.305804833239
76212,6851.690622087348
32285,17815.926226901276
24116,15159.40238293318
73869,28045.01144521331
96910,26419.902684090055
18945,22567.317009012328
70325,14496.196489095684
63107,10676.51223585545
40698,20471.68153182108
41565,35530.356605200315
94944,5155.171964339315
54717,16456.85443980529
45371,10020.84310301907
17023,24454.998674671922
43001,12370.733819798785
88529,16455.123651557587
89747,21840.581670228778
47884,11800.821819643017
45159,33751.092173466524
96174,8613.3763025039
55019,10113.885836112613
93553,11693.701297746244
97781,15776.606007124727
12836,10843.29154808712
82646,6762.036802898507
71840,7764.425324765718
68070,11668.084009735685
91553,12650.983396961416
64777,28189.57413944251
89533,7263.796844275377
36025,17809.022598262432
50827,14423.443298377446
94910,15363.160728668492
90316,29212.718279931505
92039,10719.01010986268
31086,15816.78737218687
89535,11353.552374079856
68879,20070.229069098325
64965,18391.54809068532
81255,19746.7951334776
84928,9329.8553854641
43487,7599.519336957692
92459,13616.220116429218
14327,28782.516521330275
92451,41298.37398026361
83033,15190.141784454096
22042,14240.290785933425
15677,8178.233107540555
10158,21173.21513042704
89903,15012.67950339964
27691,20299.176457723726
25272,8289.875702269073
71355,21398.199207103087
44014,20171.08773498372
45023,13487.738628838719
38971,15994.310767774903
82648,26167.408004714
14126,19346.63408297533
61059,4092.443890687715
60397,18292.900362330336
67109,19885.590403618135
30900,10797.020092678522
53531,12741.302952208003
44217,4357.501363343932
68913,10503.400882125286
35735,10329.850458338611
53751,12973.877995833145
87184,8332.580697453388
39914,28619.292546183293
66599,34719.459152241645
65996,11212.290286865693
41561,10976.84984732484
78400,13562.109616730564
24731,8943.922946135022
84033,26351.888286933106
27599,10160.214391711164
31550,19133.08795801814
10778,51042.28900157225
76658,8616.218388249461
23546,5925.24119191405
93171,11585.97232881132
35579,20655.03485601212
87691,15937.965136099678
84866,15331.228489911215
77750,29583.12886958776
10874,9821.021935230568
64001,13278.313192949408
52357,26956.093262378687
71641,29900.342838448803
94289,15366.410195726166
68161,21648.26564064846
39291,34165.58495944069
24356,10283.222206479273
40271,10882.453099163886
15746,14978.927657056409
68537,10981.8857636524
33748,10765.765641298476
48817,5043.766689402813
48439,13737.546299292542
74564,33493.43743163448
95702,25653.57298330978
28914,10049.453167201706
98941,16356.734319865187
66817,21428.221050776076
58354,15633.70546392157
79353,11299.82040633809
19481,16167.866952417036
10868,47999.80202023822
43436,22991.07334638942
23370,26991.293620686174
34267,9674.634643628502
30050,8748.696162167491
11525,32524.865692300038
29903,12491.604505976673
44741,19605.018100421574
83310,11618.653152007812
49909,13850.735397253502
68698,30029.346614393944
42902,13824.805437637398
60633,15115.891710708569
87309,22550.397248028734
14429,12572.759500973696
40090,22441.87018895893
36401,12527.487980088708
17693,19489.889350745747
45812,6777.166561965156
67760,27336.44172720837
30390,17162.66628962976
34840,22898.301373409995
87512,6776.3587380166155
66249,23476.27237267896
94120,4563.019031340369
16249,28084.670140803242
83885,11396.108019924048
42138,17428.521409169865
50206,19252.740093746183
28759,14264.28687173386
80917,26205.03005923635
23322,5129.556100079702
64694,13237.330231378215
64989,15207.086131854228
59585,12644.597694879776
57738,7301.35930793333
17508,9194.930868278012
89677,23854.47941023145
30483,21528.044468115135
84471,18266.4950151311
81762,5872.127180570964
74734,18985.304808088396
80275,17764.471786629576
12857,35286.52118312298
76524,18168.40939023404
36086,2232.043237466689
26456,33989.0140176024
56848,6657.120043041605
95181,17250.848559827955
24309,13120.85585970014
42908,23115.39688403382
64232,15723.666602466938
50650,11598.042092058351
75509,11048.154802959234
28727,10615.105799734565
51420,23935.03026822145
30481,13951.495376980749
88317,16080.177074846422
78452,29884.278059594777
56296,68777.80931323743
42809,7866.831414170341
60568,18138.965550735495
45030,14930.036582175966
12388,21806.328616254974
21015,17053.907180885697
88312,15856.33481519163
64950,12564.002312656856
62765,14282.731999992078
29132,7020.8923692475855
13237,15392.891779517162
50072,26688.667798421993
66876,24843.313338702166
66491,15846.028243590523
51057,15696.412512521478
30369,12050.807534594845
65315,19496.024780460437
24662,19931.483415399885
43750,10359.135806278748
69761,22978.342748504165
31307,16533.589757539878
50474,9266.335587483638
52411,9835.737750709766
18180,15488.315728896203
72049,13559.142157642917
97103,13657.109340411853
13818,7372.483615715597
30576,7752.864418209849
77929,16637.7360852514
24830,17772.665020063545
36159,11382.99993389913
49022,6261.73489636295
26911,7456.818933798046
25810,12015.37067208693
15821,13973.313801906268
86984,19496.024780460437
23850,5437.475310832449
55281,12744.761356499785
35828,17717.772044260597
40967,12216.294404848137
81925,8771.350925300962
69072,10852.024749606473
69424,6373.089706451408
34018,16455.236633725675
42670,11295.967936102368
33720,17020.38956271723
92063,22552.860052923294
74505,44364.36236772682
94218,10697.927585036306
43656,13610.281414852778
22920,7934.4471178616095
89549,11736.439878172434
37623,10176.932515459488
18340,6566.8354869146715
76682,10301.884702675214
19748,14717.486792717453
58938,14563.55547157798
88910,12167.473993095227
31470,10424.473337054613
49222,10681.906490230283
64120,17629.530036217177
10476,26993.10482270048
27731,1645.7172843843946
33244,10001.995647052463
16315,18631.459250119584
21591,9207.973605396483
28341,18337.778657726918
44358,43906.04370904382
56239,35373.75973710885
67483,31086.494866043497
33479,26305.52161364037
35515,16704.475240966407
37529,14554.45521510232
35634,11492.276046242983
77219,1661.6883377778977
85147,19365.464206897286
96749,20564.686869125948
65467,9390.469008111493
92304,20507.64717142855
67528,12798.232034773857
82887,7568.785420364644
60341,13999.954919912014
80325,27545.127599115352
67183,26258.938659360705
18291,7843.459397285258
13765,18170.190397366765
27247,14847.755126902122
90126,13009.502676639164
88440,9373.51492276019
37055,6210.210844819761
98025,14822.200190863085
20653,9577.03422934169
62362,16014.14056325222
97436,23083.23407119476
59037,19920.629816889916
57349,15930.675374239017
99220,2747.9153358452313
57398,17751.333311401442
49233,21485.53231780635
64835,16738.006507662
53036,12110.97831569335
61956,14939.009273306727
54072,25679.048201709407
90909,21953.34579178235
25617,6824.75719391217
21169,6649.67119577192
66081,8853.188323899336
29211,26708.59559737466
73060,16715.266324661057
49227,14049.871799069226
96441,12469.409448611736
73883,21556.98372606221
91957,13225.748214624122
94173,17828.474220796856
95099,21859.814881399223
23806,46871.839201980736
77910,23083.513535913477
26278,7649.665571521637
61888,20855.288356068704
14085,13365.974719947293
78631,7311.6716099574405
31674,10618.523152372505
43193,27794.880803329557
99926,11625.349463991923
15787,6616.958661296836
35858,7538.1004638330505
78921,17826.092419279605
99285,7724.292413838133
15115,20967.398640163898
12052,23402.378449544565
16613,8886.486706228043
93972,11476.399679050493
32504,6873.531791167501
72532,10191.40061677431
66070,10381.969348072884
13240,19637.172797856252
65026,18468.58715370115
48795,12558.890117973542
59356,19200.38938723833
78032,26140.496427641854
64251,7983.401039991315
80037,18559.53142155957
16592,14114.86519715935
72687,7586.924685148224
91906,11113.999969299442
95880,4319.122798841718
77338,14798.708117028067
93856,11784.764937039476
56501,13577.292644559006
10993,8539.296503407475
34533,9981.72745703398
64241,6208.009731956159
79359,11081.796947101659
17458,14930.864626672139
54019,9846.387655782215
68067,29444.647810890034
12053,56280.42562074722
38576,31730.98185238585
41257,28904.5148826416
26734,3762.1185191602162
64248,12105.02079859755
96780,14562.374121552497
16216,32505.718314440295
75038,13951.25401950736
62244,20509.446756509988
59366,43489.029215663664
91641,17313.882378620918
70380,6684.800919090832
24284,7295.456575860135
29670,24876.05541943362
56397,20897.626488733822
47872,27356.42049300434
43738,17394.551287282342
23594,9939.091236011975
81944,28767.727162738214
77905,11970.827062373584
61236,9950.539779073106
16713,14313.179062660025
24931,17800.55140965448
62688,10324.734170280517
80007,11120.498240026822
25889,12279.33461053827
80644,35823.10110511634
75403,25015.843529090656
10186,10414.985401340848
72327,23563.047770500754
81567,15641.40671956636
45998,11429.517857666538
16257,9128.210169514154
91278,9830.457553060161
43667,15857.104079366309
82613,5350.145546228472
13890,16295.785042899402
79527,30063.77601757038
38067,10590.231529577068
27574,21766.552608618236
55471,20943.128683324874
16511,21574.41301473458
57962,16771.099203087597
24148,8091.057469829882
60909,11130.63869672162
12921,17155.766583530512
45326,14594.866836318999
15400,4000.961742097459
94612,9729.98204384726
75421,13727.667765473965
88605,28495.24965134792
18723,23195.86919174844
90842,10919.591755547583
64214,8287.664490621513
42953,12669.546218581821
23086,8351.898493010958
34570,9945.091338665186
68267,26833.410200626655
96314,17589.101586884746
86058,19664.593866232077
40437,11411.131270139142
12850,6252.982205033439
23109,20759.864906292718
90755,14549.208442399407
38586,25308.89970999874
49132,20222.99783901471
57221,9586.987874957806
48974,20301.85270019131
18250,24647.9245270854
74709,15389.247395525479
85664,15790.381415411613
64799,13043.109371847251
82599,23060.01578621663
18838,15522.657572778995
65831,9343.673610133235
92323,18704.277653052217
43196,9032.019085286322
92640,16685.098680110656
22033,13981.5324480542
33701,25602.63857823005
82623,7597.566574388937
26678,26891.135962009255
71873,14641.084388704776
90702,21901.366892593956
35950,17550.97658634512
12766,14606.635532275923
75670,34632.90612443833
27670,9818.489995471256
47205,12833.666509739225
83463,33778.297528905474
11868,19596.632494217607
45473,5757.520247415239
81996,12097.864188438343
16718,11538.468537820116
93917,14816.742068128697
37956,7501.518860966526
47576,15914.532920330774
86078,7409.538515531585
71964,10411.946284424765
81408,18948.549027604742
96183,6862.380013608516
22639,18772.647991872716
29705,14951.911434468195
25101,6245.767073274768
46349,12132.982461377762
69477,12763.179010845153
50651,32522.534823363494
35952,8625.940284586837
83478,19915.138399931144
94556,6447.4801774822645
95196,27873.416445754337
29353,12251.443598494265
11463,18092.4782428569
79848,11882.705376549555
77951,16241.048273997327
47392,13532.972099791168
10949,9265.739609663837
64232,27783.299512136815
47058,14907.038391842558
86908,40882.760846930556
12958,23854.47941023145
20885,18474.14558302013
46624,19641.133718453373
85347,10810.865227910883
94025,6705.69618077891
42469,9041.114134391642
99901,19474.990835106248
88153,7513.247423935971
83230,14925.989158655433
44615,15022.742928171283
17877,9489.051497107923
49896,64390.99569318349
97961,19563.986902241108
98326,21464.741589171816
81559,21072.3136875664
27077,42614.34303554171
30507,9272.646009101016
67951,5279.583508247155
91194,32059.138760314443
44751,18523.197650442296
62977,11940.159179554335
13638,15263.141386235066
39761,7200.634322501397
62631,12495.264383507601
20581,9561.446752845819
18726,9623.709277969192
17396,12814.234590184384
51850,11077.411665273085
66355,6853.241950833477
77572,9526.105856041067
91984,10526.356246710202
89500,7302.429817030723
81403,11969.057060141795
46196,10567.458588099755
88066,8738.50749586018
70518,28133.930099949444
81808,12301.90328479288
21118,7382.645344420227
86162,25648.725501291417
95357,72190.84231426296
85702,32945.53794713433
22598,8300.74106323843
31047,18928.718051824842
46830,24615.93178167523
20325,21509.225507313506
39752,19220.660589457326
77175,7194.1931557780335
59675,30697.605746852772
32697,12853.136032726576
97921,19306.68112048965
19179,7503.051252888425
30348,23167.075620774805
18574,18071.194533075748
71581,9886.91294553989
69071,20143.886450464066
18909,26614.777857737572
99134,10809.830456121668
32669,6402.259099582814
72056,10861.19363312946
23255,17533.410775745175
21824,5914.614536028776
90282,15274.15385619616
70986,6976.243162608733
28394,9496.541312822155
81217,26648.230437093778
89937,5504.897115143112
31139,10904.80081755251
84581,6647.736626941589
18672,16509.424409372117
84343,10875.167930180685
52242,19475.719781403306
60410,22731.52924587465
29714,10670.814397689612
94099,10892.705357698243
96584,10877.030471295784
41185,26184.167003501316
42431,7140.245090968396
82102,8125.393394682649
84694,13057.736025820335
16464,11637.693157363505
66060,30835.559444257495
23050,16598.9406190021
14271,19490.595628355128
84840,31107.482799113626
92831,27399.479044285254
49544,7825.080497914734
76546,11005.388237251373
98798,6556.253135850273
38527,17210.79780204833
74465,27458.880780813677
98121,9091.118009842297
25888,10289.321926510751
73945,14221.38853435663
55755,14249.957633128426
43298,7710.916164759172
27098,32600.866027291937
60768,16588.877413502138
41051,42659.64680151533
75968,17986.903435165525
48042,9090.745115241243
11472,9832.007575422444
32220,13159.195703339394
52468,20077.581242156157
46134,9485.354530156736
36522,7292.096131326551
81523,13280.124659468253
20579,20602.084273591274
34606,19695.98287105721
21528,24513.35173925797
83862,11217.021469472948
67785,11340.426352186527
72569,10466.624192820766
50691,9521.575864247077
74184,11398.094356956217
87506,14316.865450844967
40046,18712.270721113306
72175,9911.62422021256
86138,10266.724097074391
48966,13306.283939682102
48899,33212.90113276126
29609,19510.527253018292
70761,10981.860939915947
70224,14900.387995735771
68093,11222.704481024683
82402,29307.992149798643
55184,47937.67047924271
58120,16848.67673256672
98422,25262.07508077244
11571,6861.418902804611
49205,29472.503780882646
56232,23868.79442590137
35191,42663.37879777684
45101,7930.201885380755
70311,13755.286417737658
83527,30555.720017312517
66173,29819.694085698615
37535,23694.427237743315
84548,26959.627225900957
15489,27824.734136782925
74639,23069.45576086245
20202,11199.490013467926
46544,14925.539053639188
57268,29242.26359848687
72646,46077.06475856282
76689,34854.393238223805
49982,11147.50478427601
87921,30429.056835766394
81524,9304.386730786839
92917,14345.520664002079
17994,19918.609814125
94775,12785.416343336154
11345,16116.634192740394
32598,7814.685799504712
14380,18519.57741968819
95227,26741.02495049882
49740,2581.312304814888
99984,4872.451759529633
66315,25150.9202446888
27794,15335.795594500863
51002,35483.202603504804
71349,25501.656480310085
41257,12352.730084545467
95493,14197.859293297517
18692,13096.08157852121
51652,36719.59226291983
48227,7669.615992473258
81288,8230.440281797979
14039,9749.42531418001
48489,12584.684164697022
19032,3610.9540266228632
59829,5551.46524931621
91060,12705.565207387208
10555,12111.39532077486
41597,14253.898461987286
51677,19331.506122541952
19427,42362.794169352506
53778,6013.318932878799
76683,23155.111763572902
53334,10177.540716514097
79620,7955.676599456541
18097,10808.750960025336
98300,9132.029930196368
35728,22471.48534479213
50824,11053.84446554642
72792,7269.632835357146
80930,5245.781556318894
77486,7391.947983698941
68795,9294.02240116433
12157,17860.77227473792
59685,16968.477580510298
93146,19735.288640830215
38145,13983.562793588651
75492,26943.461922883245
12375,30420.54223940184
64739,20235.413205938345
89066,12190.212676869294
34294,11680.125447984727
12149,11831.859260137502
34005,19552.962106420233
97973,16807.531213869188
65882,13204.221818482172
96227,15644.767908438022
26129,25911.496493977014
60720,14511.58276923282
71445,20884.92819305985
45353,14764.27440862374
37050,10775.969332256289
64180,7883.287555520043
79114,23691.51626890592
10121,12843.888708836617
23204,27611.137133421078
88573,8101.01114645302
48576,19177.03554018295
69463,18083.978456530644
78445,14919.853090822326
30310,24419.113796582817
26737,16320.94450249709
58933,9562.266279308278
94165,28422.488666025783
57057,9804.659485061828
70286,11840.279961927408
89697,6323.907286406373
58167,17039.148765625847
27380,9672.221830431572
58086,14281.3293084668
32726,9802.488641579406
91499,17764.913460030875
84725,18099.12076197561
24259,28363.218123028477
34739,13856.060905460006
77805,10866.736931385489
23301,44904.60060161636
55060,26902.23562164254
91594,17636.63482107948
36263,16894.74674416627
63361,8391.100161086955
50720,20005.658345586657
47385,9840.5949441923
15733,11216.605913586622
50608,32210.545999951093
55978,7151.245235544726
69969,12656.515466324658
17165,9689.163966276936
27697,4704.0472906453615
25608,12950.74056346306
96596,14137.455774232149
72621,6913.203506925589
99467,4584.865264992373
69184,18861.78201402666
95697,27369.087900729173
54191,10069.749121371111
74418,2923.496532425719
60038,7887.959873071657
78186,4070.7163229971247
46021,18702.668167067048
11351,10667.918336128687
86577,21782.210982914017
59411,6895.216212140434
67420,10024.87649848015
36033,31112.323210901057
85751,7712.225958161984
57886,12821.99588379904
36666,12265.211212486625
11386,26622.28568729593
70575,18833.613673920383
93882,12869.296789635922
21936,7396.503041717977
32406,11216.59434370691
89583,24440.07469333704
61282,7622.483605149957
47335,15472.64271693079
10639,9846.89238689244
20786,21597.653684415494
93261,9547.478982842025
75044,5578.207203223359
60465,12262.107943972318
62977,12525.583882046334
79302,14666.506134594616
32297,18870.410382389447
79159,23729.771068417347
13926,23716.50811356597
91611,9307.897562192247
11045,17219.472118529746
91118,16411.181271746253
76136,25730.49471320922
55699,18275.66041118739
54639,8401.156139409632
27895,12130.464267897089
13100,14492.128949079739
83601,17551.72912871469
29088,30555.879525502467
62644,22597.306954978798
98087,12554.333953904526
13480,17984.41956128024
14743,8018.238415289417
21334,19014.41602155173
44747,12699.21455635841
18758,10216.003281679456
16066,8137.858695363342
18861,7325.415830397278
30278,13128.25677765991
49798,14135.066845434485
20846,12036.922649573005
55717,19905.049821846955
62086,18968.22563689301
62803,15177.560210966736
95747,12821.182929562658
99223,7444.085202497932
12439,20103.286947509594
91211,14409.773328290386
33572,7675.272207390675
46769,26441.56635918631
36798,11141.07026275263
53476,9572.976822561584
99505,34980.23407395136
37339,12696.331738748097
68591,22316.83677806372
23177,10946.968572238256
39913,8136.677388050424
68106,7989.021416418414
67052,12056.320229259796
72432,33811.5225714274
76903,16183.552617022864
27718,25925.173622680995
52661,27603.420092262037
55665,20300.498616482088
45055,7906.312112953139
55666,19184.725587225832
42223,11415.181567158917
20994,7635.918779397794
68263,11079.457454396652
64068,22221.89405701306
54406,11216.778565039762
78923,11655.54183644569
33057,29234.08851980499
83070,7907.295881297743
48570,17547.21251348057
23490,12343.949006472532
74229,13835.100510264605
65923,28721.72635243713
94825,6081.785085612208
98874,12041.290186956237
76834,11620.655263676053
50392,5055.832127664735
92173,35773.13634627964
55937,7617.610986529007
66432,9986.398392711752
54849,11117.48171161023
64869,21965.82438695379
38516,8659.794479948649
72951,23439.284926258024
72692,12870.535152861969
54320,24845.58087572526
89947,6183.298761196451
51069,28153.325885048936
26367,28999.78495048239
52128,21250.944874032855
10709,15325.796959570776
82127,46496.58591302941
63449,13389.582287972456
82451,7519.5583743652915
37222,16774.518558568416
32687,9200.94422877804
55124,8099.68647976102
59376,20579.944684281818
32733,11274.351123682456
11338,11302.560412453297
37112,26077.98997167991
23605,8646.952199696287
86106,11113.31750633299
62913,19345.492192456906
14249,9649.343790752864
91305,27179.5952086776
29837,16551.36794829633
21367,20633.657920335198
70658,7116.374374490457
93944,12823.546630692394
60491,22700.50870510381
88979,12203.693278097195
56893,7498.983927552827
16728,8104.587883690345
44348,18159.459049589583
38344,7839.387538041525
79629,24229.566894691514
55251,4489.745824751753
95235,9702.388469935839
63735,21560.619089862048
90980,13452.609280619909
15531,15488.891579342258
55029,10036.516534144866
27838,35490.0014913051
55168,9336.562368991621
92871,15158.48340054676
19459,21481.040133451235
73104,15287.579675871571
79534,13862.081984866489
87427,9580.621412052413
68898,46875.52121978515
62458,21174.788275323837
70760,16568.21337371343
58804,30844.75987512849
52024,14245.952634714798
61338,7223.370722727881
23810,16933.90760559429
57113,21632.595091945837
26947,13766.779018034234
22517,8135.122928084082
46134,24857.446748409417
12401,17131.081396122605
58861,97562.89852435762
31213,7906.4367125395365
71019,10782.265114369142
53369,11428.87444855372
54226,22520.842939812643
65575,20015.435362433753
39617,21174.97878353983
90953,10248.48487657353
37037,26885.045135338758
56832,45597.693179621376
84480,14189.306791231911
41469,13561.483961068925
45427,18465.436794956146
58056,9818.888621803486
98265,14312.04644136344
37791,16448.593483328194
75097,6805.8147032205525
87802,16261.514702416718
57798,21521.84120520405
27725,17242.494898642664
60408,20010.9231602397
52976,14886.338415153283
83227,14867.917080053538
11640,16230.303273182191
69409,11073.65909900624
23930,49103.90619944931
97556,30922.05129119785
51521,12159.637110750384
31800,19496.587032841504
26738,9342.184800811194
78405,30018.474046108884
35108,30400.677535010007
86220,7756.078431085727
31663,11803.356070238578
60555,28491.35193275437
92681,20662.785004142504
81652,6682.234281355055
59142,26017.353432204894
79528,19663.808680738814
98386,14419.707534661691
73030,19560.380051980865
54940,29094.352931643254
10594,17468.560003789604
70653,27180.120613875617
53706,9672.027262346386
70853,12812.57232615272
16903,8765.042654447909
85684,13131.979961507639
54415,21113.12847884209
25583,27712.4664515607
74390,20018.260358610154
85664,19467.514923171544
62676,12585.441503322949
53788,17053.266929292808
77792,8146.363540084092
22535,7009.97057384545
81110,9257.397214937133
29673,21541.155821284992
54571,24548.16277847071
14389,11268.75654459532
65164,8493.983949077292
80164,13795.51414204153
84817,13457.847384895911
33322,12071.960475725602
54701,22894.32171976941
95133,14169.339685309442
81927,26636.30172078505
42342,13057.55333941322
77460,21923.35625658392
15564,14101.848944451398
58477,14991.801018941336
56674,13291.744602304701
21102,25779.50467544607
41799,13019.854685149925
74677,8034.977590361268
24110,13297.512534567866
15958,11925.165411979433
39789,15190.893849316502
23227,14020.289035072528
13891,23270.119662936537
12500,11765.20271949538
80062,28077.260255798446
26704,11550.335204259627
58645,21012.607404632607
51947,10439.987321125867
62793,6991.847733290457
96489,13965.03720598183
70713,7904.963062740075
66394,17695.75104758008
92089,12550.776111787443
17193,27673.378654148048
93295,26380.631314035985
14086,3545.858100329824
59515,9053.0587373223
53833,19152.62880178842
50471,22764.381240603056
62310,13020.885575117794
75272,19180.37951399607
50276,18110.13341721763
24139,13312.512089778385
27777,8012.024262883808
75389,25635.146390273312
91252,37339.48006748654
70023,7305.092504742635
35958,11805.06049265512
29548,6102.968969192141
24743,10088.309271286042
59114,22853.766229715573
64229,13967.919067564682
56756,16768.54838405496
30165,10077.67095398786
18830,18781.350814841928
66416,12254.587936088908
57880,32727.234823164523
68961,10877.450488552877
82394,14581.687252044312
70994,31425.072761506326
36077,12584.207001717763
88652,12806.620574690567
51985,15378.998039873166
37780,39028.336206518
69473,32564.439111204083
85778,11492.47082774926
68781,2852.1182039948344
72468,19329.136195172225
20153,26220.37192840025
60893,9038.633174537988
34291,12767.72073655612
41676,13191.476692412198
81582,5701.829042904663
19214,12802.111830115427
27065,31232.85000304413
92486,18743.087563270867
94945,11045.961168998705
39113,10581.529207239444
61649,14089.299644741945
54728,36784.92336702077
83048,24903.346529850987
20341,12876.973196639305
62168,13213.904476036092
12945,10610.820068560753
94039,9451.28002474409
71366,33167.13100689146
85451,6410.212352588625
33543,11100.968894541804
15519,8760.400771566234
28899,33024.51770198527
11083,16334.954983647129
25452,13657.246981475912
79406,9842.015914264917
70851,8563.005229516817
75579,28088.24346790793
99161,4906.449429728305
83895,11978.835862930959
96652,15579.084606076585
60807,17244.811630136734
51278,8706.652682714473
67223,22493.949430109053
43450,7420.843821825507
72003,9924.611446546664
17612,51783.96726183532
43039,18786.846561406805
70764,13197.42368434136
63346,15218.223864631203
50191,14908.103163914475
65207,14389.315370319273
73328,7489.7244867654845
28185,31680.802882005708
51472,11206.923926721629
21903,7990.431614385265
52517,10550.777349278884
23970,22573.37838043428
64530,26724.31881866465
90076,16085.959029477244
13958,13002.099196606625
92509,26077.450975499843
41352,7865.314196793208
28086,31069.122090898938
74403,14991.197479224493
48024,11410.772834135885
62591,33649.40593380995
12929,29201.795395190988
25269,15223.171042170361
34215,27768.470873979597
80553,9530.873808904948
14067,35725.86121329936
33832,21747.269978020748
72543,12591.591030410706
27368,28817.386089983633
85534,12690.347731593247
81645,9799.094601391102
32960,11060.902222853863
65999,17957.42303499536
44200,13316.24658734737
92898,7765.43493656558
76537,21917.04894647081
39036,10377.704410496
34099,16899.76012134441
44898,14519.081646459581
44123,27250.520883142795
36309,24403.3425773805
50559,14234.10312005912
52344,10997.99945470172
89782,11410.772834135885
86444,15285.54345686123
17429,20404.36811539443
42226,22221.89405701306
74590,15199.220983890107
28605,19278.62238469523
51012,24568.544312306578
33742,15423.778186774813
98822,11780.355832115536
68659,15306.907870123228
52482,10044.018130485903
73159,18858.61094491363
55307,7864.454367093927
60122,17150.801214127598
41230,6033.498176877452
34424,13188.341186720716
18098,8285.48466348619
35316,5963.664922056869
47006,1405.6815918909924
79331,15994.829515928035
62723,14381.421328270122
43217,23266.30897399196
23585,13099.495952911104
32616,18569.77293836936
94143,10260.415536062486
64675,19117.110306315506
72232,14472.263486953823
40406,20343.532695049424
82760,3143.2974020690526
16427,15893.1659744133
20767,23958.71557309969
93658,7479.881517125914
87505,16545.224856559817
74091,83803.82115656648
98824,14004.357483054382
24552,13571.836866525897
51985,40443.193161787065
26286,9441.775445822364
27502,22895.208762645987
69954,4078.8422917701428
21632,28151.923483505496
51994,17502.381643202047
45480,2091.2980572670076
97163,8034.617952396829
23493,9565.89978901665
87849,12497.887373356678
86964,15329.216940845143
48581,8882.202229728431
27181,11522.548097969026
28517,27850.563571083003
52760,13835.973578031713
11808,19648.700026510138
44980,6714.935661234871
17648,26028.92735933241
44450,7736.54857534184
87848,7277.570166846788
47335,13617.246540622962
54375,19890.461199597514
52356,10007.062678889779
69853,11450.412671103088
31962,11844.328839810298
66905,18355.51590016209
64700,8926.512469442896
61747,24433.9560998196
86657,14435.168862565011
11556,9036.130818790089
17928,11820.782914224863
88772,42817.84681899735
50054,20875.51325192815
19945,11823.472174136446
55311,8656.899437218119
77211,28287.693737182162
33528,8690.608606844287
38937,9027.800645900754
78089,9321.210437287777
84329,12614.895139970722
66562,37151.920105338155
56273,28190.947373031726
62342,23173.6790259623
50212,20639.333180683934
22555,14991.375981398483
79988,16698.67520358225
13366,23318.872936025437
42278,9067.382802548867
79520,36507.62983379541
70805,20992.710317603018
67475,7498.983927552827
28817,11488.193977223378
58087,14545.465967691489
64239,11093.216047267157
10415,24799.44842564628
67128,7637.073956417082
21354,25026.368391026746
97463,21617.231915409167
32318,20923.31153515481
68956,15052.595319227188
39685,18829.080087094688
12141,34991.90068688383
76569,10169.829614839447
47308,9408.148360059091
57769,23188.755034648097
36070,17361.600774953033
19090,8481.43954196443
65709,12410.02864141826
27192,14001.116681969655
80463,12144.366102583863
98207,12475.300517654357
19496,36185.49072184546
68692,12939.253046016103
44810,20024.171410420673
15299,13617.655043923338
30485,25249.975596937296
29551,21004.5429310352
10326,13923.021446699886
29446,11912.748174723512
51882,19026.784305559435
72260,11573.63854573988
77414,5615.076649894909
19918,18957.40648689874
16796,18788.750595773334
88530,17647.241744603714
45761,11242.174987653689
10315,7259.8865618311775
11662,15231.970136767566
32104,23720.111383506388
37986,9008.153119577748
37959,13521.164814935248
65917,10783.967510186889
17977,10654.62426758854
41772,6521.306306287772
57497,12959.268271685296
23676,10388.003698793804
23224,27959.440320775368
23471,10556.129408689729
46607,11069.967385312379
13544,10626.898298468519
91932,13584.019855318584
18173,9284.180423975502
32128,12057.808765505179
79415,14386.173857080586
81565,13709.296762596716
55263,22610.0364547432
73021,15436.212473743399
10212,14940.224916483396
74176,23252.08138527773
98090,13211.885280875125
65560,9642.082932311514
10441,25133.577557065862
96939,19097.72047162571
96378,9535.8519060045
93030,20835.71501304784
58296,8538.95063583529
67372,12578.269839392937
16898,20269.603236791812
80415,44861.39909504859
44251,10488.226533161629
86546,14750.180463324776
41707,9696.82472639293
11904,12975.9226424345
93980,11659.08097809885
73464,16632.853792665574
49510,14546.676739844846
19873,32289.82100221917
31447,8553.02298149734
58962,9036.90670004686
81222,19718.842560832592
61467,14771.30095499878
26560,14065.943312811523
84874,10058.519322051256
78375,15861.96647349402
52693,18731.143085771244
21671,21378.60395221267
94066,15671.248650971242
50803,43520.76131000661
22339,13738.305120489953
76734,12966.006536716326
23870,16168.217897137849
62345,8916.73136487147
44088,9827.512917480424
57000,16080.177074846422
92292,18883.828137386823
52116,21977.067242631943
57006,27670.626283057492
45008,6866.099415720497
34798,21628.263577720045
61832,36256.01158795968
90366,7170.095583560185
54602,13549.821812774439
94754,12201.062013999257
21790,11626.101099197758
23939,15160.117097219565
95515,33210.228630528625
61880,14707.175046953778
73975,16023.97269518478
77462,16188.16215489418
73722,8108.71918247957
99252,26881.903679022613
59951,14545.637287729967
86618,26821.26247017627
67974,7720.555952387107
27370,11962.433852509861
88731,12908.032213568229
33661,8168.385607613007
89032,2880.025199593503
28295,20307.18092463507
69790,18279.826015442733
24158,20345.077948865666
11116,22533.47024027192
33492,6541.389011358104
89017,14466.764099042059
65162,8820.307039951938
27499,11208.1932220339
75834,11738.662488028636
89379,13719.081233022487
88239,12922.203940630812
63288,18737.74422005766
50012,10615.214525392656
50400,22012.377034291494
20932,18206.7475542427
42731,9441.305151492044
90955,56690.82981744784
41511,17612.718340456435
91513,27384.12118565179
42126,26911.005226013305
72887,20875.59374825508
37483,15176.040888412515
27719,10663.054227251374
85352,22147.831222269844
54332,8874.543000908037
40569,21621.682147855667
86082,10147.849725798977
35868,11415.008173608701
82760,12254.300317782585
25113,4679.457735076076
10510,11512.566315879747
45078,4685.262450610189
89244,28760.634477534906
32188,21979.678634432326
92000,10452.857561362609
51671,16639.45347579785
37507,11275.859038968136
43284,26665.54247137882
43037,12551.730654877485
62392,9924.268565340019
50825,5911.263893549625
36409,16786.643217587454
52966,21546.348938097894
28511,17348.88106500278
43314,19200.154324186078
22843,18419.861653218493
36556,10483.777069050662
76395,10285.694081929087
70386,10141.266226812588
19885,11979.994380003438
97940,10704.555888995672
53524,16116.634192740394
99428,27229.397296222734
41284,17285.41785544576
91936,32324.747073628663
36613,9801.442214143295
71821,23484.33935080046
49409,13836.8557724237
44800,20070.229069098325
32341,16121.758933395722
21799,50262.92753849244
74155,26967.3274037262
46043,29211.714932308623
57590,64044.870685912945
77050,6001.406295431443
45238,34657.85323146223
21496,9704.216594758469
19990,8893.787812515768
73675,8511.377319025114
81994,6709.228283939408
27316,10247.846925053935
56100,11317.772475472593
74949,14008.165754935615
19346,16916.987649976552
59903,26038.607991791643
62603,10318.940250874359
34706,10546.955400408915
75837,19219.2965267121
20658,23106.711260812433
42949,11412.943050490278
51620,14868.702329569689
47794,18131.442231164303
47449,18857.491759306242
61770,27800.47923464817
16242,19535.945360618876
43446,22611.47602929985
15459,7979.90775950669
93765,8935.282143765213
12411,18027.11598226517
61949,23548.68014519057
35683,10103.49025726474
90554,7208.04962884495
64997,19015.476792238096
22851,19003.956116438218
53135,45971.50819224189
52669,12773.196540446284
19799,14265.186727192584
47634,31102.545062213376
14436,15484.523891324166
43284,16218.787023060784
30888,19459.906724593005
28774,45911.232761669686
77156,7662.627474463681
71568,19264.378224965763
60836,9248.546569985969
58024,70009.36747690485
12504,8665.380551859405
81600,15013.385357519328
72583,17191.150832840347
73070,13766.80998023746
74185,16759.69270958444
96448,17626.612673188065
73350,14724.24116041344
28049,10831.790253574036
77564,12147.257931130851
31019,13152.238041370587
33983,20002.433010641587
89275,14258.007088481945
32997,13079.904854935165
33170,12266.09341303402
95470,8667.365755956853
88959,7352.6304731171695
72516,9185.00700110846
92654,10860.131783788434
78898,12781.510322456743
70941,11682.612534362033
97015,10604.335569603518
48298,9138.079064684132
37779,12811.796737330877
70794,13282.594170243108
55163,9565.341611436757
29898,17016.402882628714
16468,23249.224294105974
14226,10459.785431198912
87356,9450.763353029492
67140,9652.69067005558
75367,7726.7534260437205
25170,10229.586788171931
86485,3839.9647781457898
85517,19522.633732524086
43094,31088.309397444347
66501,16491.90554949188
81460,24739.12173476243
18161,32409.339596756956
67503,20219.54998433277
54420,19335.094465501956
55129,61853.88151777454
31272,12602.123291969485
24862,12782.997223274273
38710,32765.771113027244
37886,38384.640037240926
72168,7790.0909136970495
22523,20635.104992276276
25445,7713.38673252638
87639,15057.59132029683
30530,25615.347632565925
23070,6789.611401589682
93639,14392.96651712748
22808,59992.66504243548
28039,5296.059469614696
73941,36299.99863038525
49192,20230.687445596297
33982,20676.86984810166
38023,11849.711754238724
25206,29148.368950742
63023,22775.904902825154
81007,10115.122946073296
87485,13962.837519779921
69776,16232.991911133318
62809,7044.510623713466
90953,11526.168775251197
20762,25045.714854552923
59545,36964.615547546244
97184,23991.0501277021
99106,13886.135095832813
96867,10551.185602087011
16940,9291.971173675389
89356,20916.429247797238
82338,21327.14506166994
95342,17977.630670576724
37802,10633.61782984927
29934,7102.133638371844
70376,28736.289060055118
49766,18440.31104854892
72043,25423.15129905758
78662,16193.64341556629
15818,35777.604283615234
76193,5346.87085224315
17985,7908.289251431672
72664,14682.16008788851
86224,8807.640896605626
45268,15282.612488181256
23982,10305.445003125951
64747,17378.86739289589
49403,16358.589416595361
55200,8662.656037501758
82549,15520.779613391795
17309,64319.28231960546
82990,20215.964268329077
30121,12346.65337888158
45989,47872.08573409752
25142,12970.261928993874
64146,22760.499710733668
35854,11197.615461267713
46246,7867.766270523456
50869,11817.407522528792
55431,53593.94324280268
13487,18705.775973020736
63581,33600.73337294425
82288,24273.03133234929
85586,9844.843602122226
26992,12441.527330591585
52037,11214.61284198512
82413,24624.540583859998
56310,12463.381607204145
20930,6327.635208552096
36798,7187.508590784482
20537,16098.217844107787
68537,10824.318571009266
97454,13149.069406868883
53010,10272.053280087513
21253,8895.084993247256
13565,17828.198353829866
29643,5887.437058855814
91706,28192.438402795073
98110,14885.92958537022
21412,21120.04617307766
81630,16307.656930845927
45636,14481.236396955426
38156,18322.735653060732
80076,7835.677375389954
97394,13993.719531022805
32059,18120.518676330823
16071,8230.068350549884
76283,10416.45246466549
36230,7044.618958470173
98332,34782.98074684582
56211,16033.074707360081
47148,9174.86396103103
47613,15563.02389155775
64629,6709.739831053841
43067,1659.7252937549092
58412,9601.556822722541
22891,8945.476351918158
56535,10742.879951017196
53144,8496.850326890824
79060,25496.51868002003
84298,4313.980256585684
58239,9061.890405802304
26522,12179.58519025072
51575,12508.700222947618
21234,13562.445049628397
34936,18394.932127894095
37201,19361.88186753081
97976,31515.95593116845
92820,19458.54579480369
55390,37961.88684300758
66435,26167.48581094222
27199,5557.304201168798
19621,20105.75032830704
82572,13240.32922494003
35988,12733.247324136819
14616,39446.52478134547
77991,26889.897675814056
27750,17965.678913494416
60471,24067.22438642331
46087,25483.773166124363
50607,23169.209039157722
94806,13049.529771848021
35770,8869.001543279428
19336,15529.203928879973
31620,19429.697909687915
18421,19548.961139561266
34989,19445.68979599381
72358,15812.563096451597
14600,14355.796643556674
93188,10009.765993149169
94182,10118.209672368695
24727,19129.38433005458
14639,5461.764874711585
49863,30343.912428322557
81590,7125.999261193891
40316,9851.188099628233
89168,11100.997368573495
73095,30410.008996517296
75310,18163.835074337014
41679,14548.29141079522
50382,21280.186305060553
16823,12192.388122880802
34715,7384.9424396552295
32686,17243.679770883144
59449,13235.469940169605
52417,7811.594487397264
54776,20274.41220469065
78076,15679.51507147183
65243,21259.270838705343
45570,31736.963685159535
39552,2998.138223882348
28052,22921.910029930325
25700,6941.154584601203
71765,19707.415084371787
36057,33054.1942157014
40247,6111.7256695279575
12639,27622.445425507365
16906,27466.96845586446
11417,14064.198280475921
11523,15384.290126159594
34706,20805.490264300635
66823,15852.365207021972
74346,9954.748778557758
26715,25823.60359631451
22881,14179.225271200468
26095,59167.72434806258
24479,8692.092849540344
18647,10746.658006351201
45242,6994.754960599974
64479,8770.561941895685
68805,9269.10455101018
99157,5910.132829090819
11503,6847.064652727377
25474,23268.97097364337
96802,32639.790019952918
98166,29298.684696520144
61791,33230.048895609376
53401,40563.50986412911
64981,6945.910398566444
33447,21710.566032311348
30519,15401.249327217707
75301,9765.28251689476
90453,18373.19336960298
46752,11113.999969299442
54393,12893.871167501024
31074,20006.518127490875
65493,26974.727049702837
40902,41358.12669560409
47493,10301.950110790587
43710,21851.346556330387
21403,17135.890743633125
15592,9835.737750709766
51303,8072.056441302619
16127,14719.077497182576
72102,8658.069169383794
36638,28529.223212863395
95400,19980.631324915343
59196,11475.251545234732
58919,29552.595634794998
50091,24026.740433546867
39130,14375.205596348369
94174,7619.846092582602
50921,31237.204509849922
43357,20283.631335586455
61155,19969.364112562766
13520,6359.455990935092
38346,31361.597251873092
70205,14807.550842566618
18483,13037.962589532526
46877,10760.399524506134
97118,11579.287870739568
64117,15297.394305705486
64424,9933.657353091436
93355,9221.61955004431
55690,13326.09542932433
77617,6636.177131657099
25522,10290.917449094632
16911,25688.267356047378
43960,24286.47574258624
93888,10198.834185311294
16398,20283.104252422418
47921,11866.165520219642
36095,8968.307005071787
89525,13725.491233616274
13325,4155.336826056
24919,44623.072685579245
24276,9874.546783139276
80589,27948.937362755936
98120,9380.529990976655
69167,4914.3925710647545
62092,18039.447037500388
83462,13338.801678969887
45884,9283.270133774462
88658,19192.173167493158
33271,19304.037560472225
48327,9575.136171297585
85313,14677.10848942673
94232,10594.421916181404
40496,23019.689362503585
99716,18269.591276479558
99582,10126.08994298712
43253,5911.263893549625
55645,20806.278821470005
82636,31306.28143554751
30144,19725.147706744963
95217,7153.263990532258
26255,13688.127702783975
26817,29759.614283995048
86193,15763.426802915172
30783,13749.1935131647
99670,9417.30763528858
82680,13404.64424569521
19362,14678.244326075474
65406,17899.502311826567
76934,8262.220671506195
30160,8685.06753670633
79829,45475.847973443655
24421,8516.121165763972
90617,27933.133795636437
20444,7255.377706228028
15236,3483.1526511533666
24477,8210.25397943655
55905,56009.567761178994
39648,7307.029738056954
51158,48291.088368324476
18179,8514.837713919958
94835,27385.15382509784
90349,20197.685717313732
46563,15471.002555925414
84754,10129.078186132014
36186,23216.210507482854
92146,9385.076006108942
76328,10455.655778829907
14221,22093.6540054445
65498,33319.09313475339
55084,24403.3425773805
79528,24816.54433440388
28816,17160.774589320597
72144,21729.78742869552
98117,26270.889809900105
70918,28667.825029259307
39171,13384.407539323134
24162,20849.19527242654
43722,24196.323374214953
21827,11099.432757925668
87112,8180.6778547835365
56576,24783.2779126389
40982,17933.559375864283
39930,13200.293113607122
83666,9474.276317301903
44272,7639.886640130795
54606,22269.534157230584
14647,15179.025347508452
49905,22886.646253340656
71067,14840.786993181271
89616,12599.02938011795
56835,13720.250420570652
78761,15272.340856678657
69961,14856.617061359859
45698,14709.597145348293
29259,23414.58732732782
41141,9589.328693370619
54616,9087.084658414486
75948,27959.440320775368
40203,10489.829083154673
27511,13807.897196238875
91147,8513.79873972607
59910,9445.476843272763
80311,14015.423530641076
30894,7497.519586050454
32854,19555.106999736156
20574,16592.025032989855
74351,17399.693556921713
95259,14286.510891461749
13118,35092.13278705136
64763,13081.640945362757
64581,11406.834367709649
24738,9286.204487876266
70059,30300.279702418444
74661,19206.39448576965
83794,32340.03776214562
26804,9628.417990540365
51609,9509.96778011899
81442,7114.822195080607
33150,7306.34591348428
99130,10239.591158474486
12311,13778.943615145381
25740,10234.439482712896
53209,15531.627366429479
86715,38924.11097060885
21975,6395.1954328878
24047,36615.136167851204
16201,5127.55081764273
20129,30190.798363815975
69066,21061.93111308039
73609,16491.086913048177
55776,13993.976956371018
21397,13011.886268934502
20119,20464.54015115488
19977,13497.107505608661
87925,13609.959379468686
24461,8207.08981053333
99481,9159.267184260969
92169,28051.754434724215
59506,8256.190396474982
59396,13051.57027207741
14293,20653.35723970477
62560,16925.960612077706
79142,8997.687006815971
96644,6736.641893982538
30936,16521.497457272406
29997,10989.291991993368
54811,10282.617034243818
89383,21453.102841222113
82789,2044.2470822730502
20641,18211.1672306224
79919,10525.567829350679
60369,30458.312830303395
33632,14352.009283080302
85368,8347.136309632397
79189,8007.688125467446
33213,9856.273429895875
20292,25181.760113954362
21406,14400.917430023483
52525,7102.614085570696
65729,10328.399626763028
31644,7279.666719577042
19876,8199.32656050274
90546,26988.5176288361
59770,8163.843718780683
94869,7114.046522522112
85817,11804.92383017213
60765,14361.304736242984
91630,12840.444811921432
43745,13943.791124507035
92420,45683.21284198236
60703,9038.230459647126
89155,23232.05193730905
82394,18568.365800076557
52761,16319.972711223701
61068,40613.00332296039
87767,9590.80064422359
18265,7439.524449989403
36403,7765.43493656558
59085,18652.204095960657
99462,14859.855551827479
49453,15345.184959469203
84518,24947.694233579725
63864,28941.67034061168
14408,9713.757072655499
62171,7776.271326692373
17318,17515.09310458177
30447,8439.782700210864
74330,14566.998638327426
19530,9556.743559876424
90007,12708.577166899318
60386,16310.681393059489
30595,19338.60737808815
99325,9569.075393782892
37185,20824.85716903756
36277,9336.116578946872
36755,24378.03445168777
16309,15506.387268602843
72731,9556.511042424292
57748,29738.366428445806
35022,34736.6597823239
18030,20471.68153182108
14220,9839.592423969269
53917,12205.553281254202
61960,10681.906490230283
55605,12455.58491268833
73898,13680.710449997372
17161,21987.293294499897
61930,18869.618206490803
13752,9213.919046675608
39132,8903.01793579519
84015,10332.510685758545
26526,23712.259461863712
58418,21914.66953541524
86228,12341.486185546395
41170,7371.368238505065
78252,8133.6304546419615
89419,19515.55216009086
74729,10025.206084704707
61459,14881.735128943248
12112,22363.0957922746
33803,6727.987123192581
78413,15671.98936403955
27032,17432.343931456144
76905,7265.692070700883
54381,21216.821392546637
97237,11322.826990187055
38285,25436.68989398518
55933,8313.25566929209
83931,33757.54751439864
28070,11262.357703287034
93798,9066.279372445362
34457,6427.185144940866
62697,24833.10601636614
14925,15456.08662109571
42757,30128.297413459393
28899,9953.560926721872
32989,10414.28497809185
61151,28744.3850961024
40811,16572.527799178628
11926,20223.173043865314
97177,29538.998205016316
92232,3674.1215315199697
59636,14290.538784428556
59009,18818.4851203055
75912,23477.816154170356
92959,9396.558703169001
17401,17796.608406631774
49584,11513.681604095007
91767,7594.850445461618
62113,4959.882530345361
65874,7185.5869843635555
34845,9040.608386378075
74562,11091.689038356293
14702,20241.662435432652
68423,5667.27012649813
95080,12262.97204978752
25844,7889.128273641838
83824,8807.754333966921
57501,28305.834037339788
59667,10882.147151167996
97198,29066.85071893131
85783,18474.76909369994
79243,8857.808893592488
13550,8730.43265531367
47629,15074.576913066254
40258,19414.298420585535
18988,24655.57370321332
81510,33370.36529451152
51531,7599.267137901757
30112,18710.931246936674
11490,53011.57866748742
66274,12363.416068616114
71207,26394.91765642621
54185,11094.889943239163
65550,15474.734597898081
56976,14289.048285550498
39980,9539.06144558015
25397,15159.904616284868
32415,12508.700222947618
50147,19399.634512330762
62806,13568.418761637895
74025,11616.640776793736
61534,19085.222200738845
78351,8922.21362662247
88722,17351.188226469112
71984,21896.326000403023
82086,19735.348455313815
38819,11415.770444486941
37578,12960.391017317304
59675,34715.55157766353
44093,7979.90775950669
24565,23349.201885177463
52120,34630.551286730886
12737,27326.16584504985
41276,21023.354229825403
59499,14410.590105387037
33046,44170.76161377346
94170,20458.66727841767
21271,17908.558513298565
47249,21226.242112311375
37861,9482.89657751231
26304,7636.597223846065
68791,11122.25260189148
78337,19793.225041783757
54400,8317.739510192905
52758,25496.51868002003
54771,14142.55327749809
84898,29641.163025664508
11604,7204.569902241239
99919,28669.286165580106
66974,7202.227481122951
13689,14368.1189221074
70811,35777.604283615234
66350,20575.393324518103
79303,7917.053511395357
95093,22759.312323242208
94736,10943.021400302865
16244,6123.054421656037
44458,8441.192305944174
17433,5264.421945706143
45890,17000.41686739555
99797,12438.047480444782
41435,10782.796954250787
70772,11684.450568820357
34350,7462.990051179499
68266,25886.020883750745
45575,19236.5454918893
47228,30855.15440526878
15212,11489.39197299511
68622,10969.312477684918
22804,15838.518650191389
61041,25211.60363554758
23041,14052.506950420366
80400,12960.01949137921
92359,11928.849079301857
90215,11862.94245341166
60230,15990.073916741525
52841,49813.83998380489
75681,44596.57020699896
90587,9926.16709739852
74789,15363.1739231346
93364,10445.469077073267
67319,6840.381276820175
81532,8100.303939407928
83911,10339.496205569532
39711,38857.52816808605
59595,25637.88840728612
26634,18843.298665555354
66038,15366.23776839858
87201,30707.81418443581
53714,10613.145578513044
41677,21757.888723044238
52346,30405.813083290202
64849,23617.7619598881
54389,25237.089585578346
36804,22596.266785673688
98349,19441.6119248397
48764,15362.313529745745
54757,8363.644900051968
60196,8826.78347626769
39004,21458.915114871023
48680,10222.498781055112
73237,22475.608585845133
87390,34043.89941773073
75804,10072.944890729217
33718,11812.405165856842
95036,13242.611241112483
87037,16249.327020860272
11773,12390.50253714561
96412,31714.965646977722
72228,10874.039442264257
68580,24721.851189858808
45004,18661.335437520698
30830,8741.336995282742
79614,13966.45561256754
32683,9166.680323365272
82250,20221.814918543496
50282,16437.326932921023
31462,15315.686045721279
59967,19662.56950124575
24650,14496.196489095684
62192,6109.911541780855
21027,14284.312127421148
50285,16584.24805666488
83131,16513.54693767849
32031,38794.03327030133
15694,8931.119454799526
62367,15285.624707150742
45978,19501.850364964914
61358,21749.280965120874
23782,23468.52305418667
11788,11957.798048802784
15501,19478.71018809861
92090,8676.612418274992
19882,7048.85606938739
51153,20412.76302887403
67530,25334.746609644837
54329,17710.500849188622
35998,10981.182318233736
19015,19674.251002293724
82867,22653.04092454526
28540,27005.688519911484
18718,9123.805706810195
55319,11725.789766304939
94171,14165.508803471574
32747,10346.657390321756
63784,12694.538726574383
55039,6166.335094554137
89651,8429.861685179538
81615,11991.215935159824
86702,17665.573787090343
20750,13189.071378908691
83333,12113.575146929978
37698,18356.68382660446
49467,13686.674539182848
11315,15585.392159813548
10156,7875.189961436956
88168,11068.138787805632
95360,53207.43322584395
32164,19889.231544866343
77371,17067.066067230342
29166,9267.002066120323
17872,12522.23283368161
58409,12501.787002961746
74835,18388.9540050113
77969,9822.05790517116
69328,12346.268299013673
93347,11134.967093503063
51153,13077.9785023766
14531,20994.361843266037
30735,11948.37084972081
61816,28739.93693237842
65273,7133.776916269486
93374,17958.701236716126
77272,15897.245545507016
51524,10403.906136154916
86288,20833.758196556493
97132,20865.840262285463
39353,7700.065922112584
32520,8613.628238992047
81656,35365.59237357752
38164,12637.171907937758
13570,41202.63099163288
50179,15772.314843520786
63554,9199.70857608312
14070,23797.997725082794
54760,7216.131163169197
68784,20483.36684361824
19368,16479.043304037783
16630,13168.39585940733
33605,29673.739108770547
89033,14310.745842912715
83830,13206.023794996225
49471,18188.058414113617
47224,11002.676814707276
36287,32647.843191503212
71660,27290.86744671649
44319,12442.113052351531
74039,40233.17172600215
19827,32381.49904922439
90312,14579.323099701734
65646,6775.300088188898
94013,25661.72643022616
28384,17350.9052120174
13050,13858.98891501147
72272,6479.343795795754
50128,7926.220697578512
10239,6887.169305051437
93596,9815.017858947322
16471,9329.8553854641
31626,10617.152562307347
78663,12022.814018021862
29782,20087.227421355106
74901,29219.331539408868
20331,12529.478840415703
21039,7811.594487397264
30688,37932.0116408164
95630,16934.313038617664
57242,11424.468898428408
55989,12104.834030078326
91267,9255.782480111095
33876,14143.734686727223
63821,12220.78279739423
23389,23245.618177284334
11706,16446.321350870705
37609,14969.829505764434
82423,14031.892709719807
19391,16225.885169321657
79378,24166.041635269677
55257,17111.88418892594
38502,25178.930491738956
35585,7497.9924315296175
82776,24749.271494090674
81748,19299.73324401991
54861,17835.644088249606
55904,13295.376809842379
46485,12216.854203224073
77947,7186.111285579547
58712,16636.975431902203
90311,16872.303169629326
16022,22354.63709367912
83892,12106.785722488909
65719,8478.848054881495
80639,14891.849666378732
57685,11741.057856339256
45200,5918.362491316055
18475,25230.545739993853
78116,9111.670865123724
85526,10270.937812535994
36749,18955.815999047467
24183,14226.698644261649
99696,11430.02889483971
30134,11159.328500266585
40796,23520.91926778674
18677,24158.69237364861
26241,9406.063895879077
77828,9691.604806955324
47503,17847.28087647464
12498,7884.131512666443
93015,9878.272012576963
82702,26273.465967762044
33045,10746.172378327828
99032,13481.673503270733
25256,53309.237620478074
89641,17186.411921377017
88448,6023.905687789706
20102,9613.564756725526
88816,15059.785311765403
63189,9815.017858947322
38018,4575.820167312242
63773,21626.715541478767
94091,15539.32810951515
35991,14290.858896581189
57529,22184.787418262233
12362,14910.290551939795
69495,5496.649158598033
10428,8582.437336031764
28120,5848.408710562444
39628,17147.389956981042
93226,82983.37822408772
97657,11788.061668790393
14714,13020.671634507244
90213,16109.561278052503
60933,29738.181034110843
48438,9601.209805575505
42868,21576.10650312771
17025,31021.558343277866
69122,12922.666223670854
98375,12181.638411175674
28416,33274.97063779009
32829,13254.646259806328
20894,6689.710607271676
60498,22015.1370058187
36415,22645.888957376243
70319,10507.934498898117
80983,18054.818969187403
58427,9993.055085816271
70968,7598.444796685359
46838,17392.186403868916
86726,14098.141832882873
11996,11298.945436961936
32867,7299.8569814826205
20408,7350.74043104078
93543,8768.446215757847
12073,13016.147944726783
43942,10303.490799772339
83129,10594.349718723752
78532,10807.26613649289
90675,33291.50349757211
14735,24370.420043413666
22188,22219.523931798074
48938,11740.666289412802
80617,13691.718475930096
96525,9626.316910769194
23014,6506.76322590308
60482,8858.52633823204
97588,15398.26329172949
14103,9702.280773394166
85861,22511.833175482454
50516,12127.43115782955
29540,31900.818075160398
56770,18401.01496785776
10077,5025.782111530229
16880,6419.129331660075
94712,21195.065611079233
64698,12710.345338666122
24337,25235.260673291144
47994,17685.4760428722
63393,10272.170558612434
90155,8201.94568368475
89061,18865.93090694301
87355,9101.888121994674
73816,18038.310926094597
23637,13481.673503270733
70742,16541.00374343529
64363,14115.091496554915
46829,9591.714401936384
55667,7114.733278404465
49895,6467.2843420590325
27136,12242.983194566921
48015,36196.23165975066
70523,12256.961928155612
63056,12894.346895196994
28988,10094.247777679895
57190,15042.06184556672
82750,15792.233560444367
76006,7834.175457494741
97939,20391.245231810626
29183,14229.609859943512
92381,7005.068938884542
45642,20190.908778849287
26410,13485.546543947316
95942,19652.584892839946
61811,10323.167743370686
89626,24944.227122852833
18208,10533.752159852029
55302,12902.433688411173
15278,29984.99031466835
16293,11171.951203681514
64919,13034.49757456562
19123,14519.521714574123
95183,12719.373652013412
55708,4759.675273721874
56013,7879.012675172113
97429,15633.43173280886
59376,19607.665843142382
97857,8842.015563187444
38512,13692.631455956805
85078,11116.0634960452
20589,30869.46040614467
93192,8556.434027785963
11909,10647.410120249951
76315,16317.768884438698
95057,15951.853548370886
73119,12740.562991239305
96100,25804.180791370076
56887,9912.802421902928
54349,32189.47251315045
25270,15529.262692603745
36266,33646.85162145375
21088,13438.290803252834
76882,7249.772628293264
49531,20726.95830395198
18780,18245.473761326484
46135,28582.84654914955
97889,34544.635951829565
31138,18776.40527803787
66712,11835.803745213881
80599,16565.80482530094
28938,8079.880546066817
84478,11538.468537820116
44395,18054.62757151177
23994,10247.846925053935
76153,21589.018435567683
48337,30951.887795928887
88881,11272.286181879503
15414,21049.51871402855
48008,13581.589415771923
15189,20692.08481714996
16162,9552.637982516444
88647,21846.923126524758
60019,9446.907150225721
53358,19371.66057777782
89269,17687.834522568104
87540,15175.819257375395
52662,22315.055636520203
56097,11696.001628173042
40763,8333.01508809012
42854,13105.390125709826
69443,8201.179110568812
25660,18111.314534483543
11663,14049.871799069226
22624,9656.632030916368
14895,8112.150311445404
29414,11541.954050705252
50560,12863.691812420133
77067,34358.70742978457
93905,11918.17604654195
85028,49026.82690204345
36863,22243.32337150322
65086,29858.80809872159
92904,18389.174894531534
67473,22581.119370459783
82624,12736.994911181027
51805,12919.35922505293
57261,18157.48699773168
60693,9976.651294212981
37678,9937.747885841154
44747,16110.101193741315
92292,14783.402451684686
55430,32375.149746168347
35887,26859.85967374502
94514,9654.24613436655
29571,16460.604026107783
73701,14161.641363906267
64903,11783.37763903997
17778,22018.72032489593
91994,11073.514552885286
65568,18774.454794477926
75753,7889.315577886189
70373,34099.792862340415
86765,9580.311873965296
46266,11511.66277963202
98314,6000.02419500135
81011,20299.669789733394
12987,25423.15129905758
95156,42505.40464347307
90840,10631.216862553603
41170,23815.5056646633
18614,33351.0148669927
71016,15960.123711811986
85034,26517.511624612835
41337,9817.597180444318
34626,23908.73792577257
97432,6634.9861984185845
67075,14831.089410324348
28274,9009.308765576905
19435,8666.269829507419
67513,8045.547525462633
25156,17122.920727784713
23737,8147.580011505861
72952,14090.785599965875
25318,13612.44322352546
84158,6305.182831760545
65788,17136.497028018664
59166,7241.730234388098
73310,10358.185365928213
58239,15775.364676924726
95187,7727.510052750664
66549,16528.303727099556
95667,12871.740113489393
33516,6742.900311345798
57919,11201.720175248302
11804,16275.393883816243
51507,10517.957834477416
11738,12525.097744025778
45472,9819.949275830799
80093,29022.047387874154
93623,15585.392159813548
34691,9006.099311385968
27265,18791.419972450512
87379,8537.49719577977
37883,27749.372032076328
98540,34088.045238127
44622,7241.954785852129
40037,27942.429284443017
48849,10638.170370583997
98127,2523.482029269657
67700,13209.498621392511
89095,10124.643918415133
19223,44189.099320754234
80957,17643.334922738228
85692,7216.561085164667
45451,15225.822447289798
48996,16469.172833993336
50054,22353.178225407133
26896,22547.8301746999
99082,8765.486167608131
24068,12365.188123800412
55840,8520.246981651726
33173,13306.209924015808
76126,19318.18292669202
43438,13253.00362194266
30669,9366.15469854069
98508,22184.706638663243
93123,18660.38560753899
18271,35479.4463502935
50465,7863.9531513296515
33602,9503.16944944533
34060,30115.777777631243
88371,31062.346705532964
78350,9800.251403638436
13612,14470.214387773738
73093,48177.225058325894
13730,18477.594476044906
38252,8258.37178402184
26034,13611.455655454227
11706,46684.51575327385
13489,13186.769454093133
55549,43850.11262591492
29256,12312.316701194422
46521,20136.09126553259
83398,8911.755931351508
26332,16144.493440157563
99815,6751.780453419047
78507,10592.089454813751
12946,23162.51848459992
38258,56353.663909786555
38858,15377.046510621676
28404,23048.38538507574
56745,30136.16417177552
72615,28836.239203059748
99554,10868.58269466009
38209,16444.524824756463
30200,7561.725305635551
85859,12000.639457028912
26052,14273.97713660001
48299,10049.58048325072
16905,35936.74798431716
64285,13704.803282940973
27258,10501.273932537655
21018,12665.9982408797
52329,47669.61591470119
21436,6438.7236243669995
97970,22519.985654939388
73837,10881.445635861513
72176,11069.967385312379
76535,17424.353600278242
12964,14356.113202577395
72396,14620.564662110184
64174,13839.714454176534
97473,10133.189308227124
28015,17361.722156928
69387,20661.832195589996
20337,24207.899208606763
26536,17512.909893736265
42538,15693.77348369086
88554,6479.343795795754
62375,14345.513266937163
57217,8225.291485230298
62238,31539.126429423355
15193,15517.613612812045
78860,5675.2879633873
75877,3002.4708511480894
93064,3568.50196694658
42288,9575.489692321476
10922,16658.918525098274
43658,15018.436294288924
47895,18147.402812651297
82499,12763.183606583218
53665,9011.578278969178
55303,14867.571555070372
11236,11662.613970559309
74066,11712.087820823155
47703,10385.163020576947
58273,13496.027080954933
83813,16725.92733464984
21128,9612.637657068812
87772,17535.4689875563
24121,15542.90764661409
86958,22170.184758216696
67588,20849.901575383366
31508,20497.24395491659
23914,12456.585582713386
70437,16740.800868389004
25837,13626.475637537053
80328,8201.49335078184
54580,21129.260344551567
26315,15385.740360935264
45769,18298.0625068266
43596,10158.509247799102
17671,9559.982916775132
10932,16426.77410469903
43392,9818.888621803486
53930,9691.128154893671
76246,12844.79998459969
65476,9353.82271175189
45503,19794.48948266146
84092,34475.7101678733
18839,9738.675908542791
31316,7698.24563205419
47278,27559.535983268295
18664,8871.729960624984
94116,30024.706198623637
20699,20787.731476063593
48776,24075.353621370858
92763,7104.965230534777
58861,14501.82454993394
83423,10484.84950983014
57477,13285.866883312685
12492,8741.356149230625
86970,15816.78737218687
63803,19787.920898529657
66779,6566.395590100368
36987,19137.410796045035
95293,31143.12797316435
99411,8947.263768613891
80428,10879.66080771422
73379,28890.454438977184
62433,27557.820791697544
28959,21326.213601097195
68546,26128.49623810938
37001,6800.930390511765
70759,16262.14687422153
72257,11999.467361038813
24158,6735.886013951695
38723,20879.085758862522
85734,7225.573501022338
84279,14042.283908761112
66183,14301.594478166557
31650,10282.617034243818
67732,29094.93825873028
43980,7645.882687743671
11656,12775.915520259792
25729,9564.135732217175
95300,15647.613542175477
99903,6159.661545668045
19949,12475.426937906912
37730,11496.968026088778
80484,10639.413961535582
46680,7094.470650442299
35623,17029.149033384907
50286,5328.2534398615935
17419,22369.123420544376
32980,1899.738428722956
45002,13311.183331327242
19307,11687.51350156714
56991,13768.729166768711
75625,7490.9897306096245
37337,14800.717015255352
66266,50285.27724104397
29247,6920.563260486078
24566,9134.323155135167
14765,11447.605466212932
49261,19640.86168814879
49333,11229.200352465345
57608,9406.436934585563
98170,9547.68921650451
95066,22412.485160858138
14262,48282.46699175914
16873,29505.5672184321
22561,28880.59337281619
10549,7271.639656475934
74570,18750.94524332368
60549,10170.422498485485
37985,14530.143531043965
70500,20603.078024164413
46341,26328.31700249287
42120,28842.880264175117
49894,14041.747706478076
87634,9971.455412481533
11961,8150.629991495387
80804,16550.50756299892
31694,14270.422361593546
13801,22212.34880956945
87630,16254.962973753862
75728,9656.632030916368
38525,8122.436410758706
24095,11327.882368852454
35597,12310.267670677134
21329,3589.2196237607805
23635,17167.307340255265
85696,9767.729640630667
11890,11817.303407263993
14416,49529.382861279926
86341,13926.72461678805
31540,6972.292191705337
56608,14375.002158887857
15443,13201.227211521058
71882,15688.468212064985
47899,13618.180823571007
50399,16027.66740696688
62470,8025.228411096115
38740,12887.651272956015
80327,28862.920238536768
23612,7719.0083839964645
94369,10660.305425185834
46956,10422.143767008307
18881,23477.42299079092
88705,8309.496614733484
78938,11537.05312846602
13445,23334.287237561442
55770,10376.38285709744
85485,8642.952457286554
83832,8948.035055263586
11303,19967.682108754452
82746,12425.364168386992
88244,9355.191379270207
64157,28649.59083103774
50803,16974.193004557965
57513,15028.812751654878
32772,15536.903131333498
51520,12150.874235906522
98865,11358.85661486644
42957,10844.34528632624
14998,6077.023019150871
77592,7669.615992473258
20664,1576.9520765533744
84091,29556.4929662933
54719,8167.25380329743
76457,7074.039360397348
10568,9977.704119265367
24683,19128.026533824108
49839,20802.847308122473
17946,8606.507340211152
17589,20668.285452685777
20408,8684.886559174787
13610,26831.7561490621
97675,8380.455724334237
50725,13355.176267499004
97927,25688.022853174585
85593,25605.938251707572
97134,24779.891346506614
11671,15923.011705848005
39942,20416.12925378433
52634,13365.974719947293
94496,9069.20918869381
84539,11381.228311738574
64884,24913.459700374016
89770,12042.151053322226
89237,6660.653955028067
21921,20443.570894770484
29596,10927.797346840323
90447,20626.383196289036
15531,30643.394383946325
54010,10059.675100308872
22334,6807.747846092823
42713,26908.894697687883
87726,11446.06503473438
48666,16258.59488283088
66770,22097.476755358643
19773,7855.892160894389
77476,20950.037261318754
78372,25863.105541219833
28712,31219.68670235268
53054,13141.32004051692
55846,8414.759908608878
88577,34950.880875922325
81340,17112.910316734167
72507,23129.784783427152
99187,10902.117339099681
50278,17069.02671284571
29097,40760.14010951696
21359,12593.14797004205
47327,5002.055203065162
84371,19304.210965096114
22672,10885.499389758159
39507,8167.323446038266
19209,16374.801919778462
43149,23126.001810628324
34559,35368.031371807236
33464,14969.450354007658
52086,11438.66958164865
55451,22125.18605639956
69473,24474.42241615083
13651,12049.014472918141
46390,13343.050893556236
12497,50357.719633401204
17743,7564.435347281762
54348,14232.312676223759
59859,14013.83516911736
38049,10339.496205569532
52219,7667.0412826056745
21565,7182.641737496762
23949,26167.408004714
67739,24875.69091320548
60183,14273.97713660001
44410,10676.505823986969
76674,11565.185738698521
73061,21122.817432143136
14218,16335.544971237247
47389,18972.10084458686
66698,27662.78217679009
86631,13312.643563625466
21061,7813.971525842642
45193,16314.193339032987
12838,14582.010116211623
55582,12594.718804337037
34631,8274.398273102384
43460,29824.630540475177
51091,19900.492130556304
73255,15101.54116236927
67597,10862.386486994
54840,22739.799183325467
17722,17004.35092396261
18351,9212.136709133745
37538,29107.406864669974
29095,23242.929501973067
22633,9940.49186072483
44657,8016.1338370336725
87026,17332.17238645604
69387,11289.916123706138
19796,8873.991101785128
17072,8214.299823446881
41502,15748.850505383165
70524,14018.029566874093
57489,10168.202133964995
36987,13273.128827191655
55269,10780.234657076835
30237,16383.29553739972
51812,17453.635263459637
72874,28439.91909033178
97176,9769.326889120017
87516,9694.262543327546
69667,12549.20334234335
71720,11959.28643117295
29990,18268.95774788682
29660,8214.710472075982
21757,12934.181882975838
11643,35814.94547916432
59690,36873.074474750756
86450,7377.308353777622
13768,18628.887491596695
96681,17095.207068421943
64596,13091.517623637355
46402,21115.756825373457
21829,10014.565476564474
49579,18969.715943697665
52693,50880.650963124375
54796,7256.674616268499
44829,17295.30081466178
18403,19491.194256823583
57973,9553.31192609659
13524,7575.246042517938
99076,8388.01398441212
57491,7330.43615575195
14643,9442.153171759948
29052,6692.918687710959
22645,15806.012817828805
40469,15484.79171510728
60083,14994.315648842696
31524,19258.41699022287
86553,11212.68481023479
47697,14230.838262047779
67131,11353.15348366497
48624,9831.92320383935
32859,10430.26436535764
37634,9434.742583395258
77839,17716.786951884795
83313,18867.272203029515
28201,76159.00618509228
10194,24729.337359962374
78921,13319.066528662634
54270,10244.716056637057
58876,10068.923751366272
96938,6529.897188962381
88450,23720.91676223163
20028,6504.717775495161
91911,29366.1416002729
17629,10990.021169112075
26637,21075.102580472456
94482,19128.36700557527
21300,13487.039009090307
96855,13809.749412910356
47708,10044.102574496545
14588,20401.484567889456
66865,8081.85700907476
10525,15275.455939707412
70841,10254.721746038947
18000,16193.857618192564
86437,13208.240612690955
69539,10840.631232594142
34570,18124.077122849227
18109,8648.818270956926
91058,4846.09021038953
16357,36155.14685380753
60182,26953.200916546986
45526,15606.348529031538
32419,26981.243977103528
76581,30378.924526669864
62070,16037.097016621718
55649,28883.96271578913
83885,10001.720499538267
36605,73745.07080253882
90498,16341.223440014028
84049,10075.880721813835
10548,10910.093937306978
22408,17865.662076049237
28953,9249.478822058369
93693,6635.763803648453
66183,7560.378536924192
87395,23036.076781411237
93835,9407.51038422753
11508,10186.73217723253
94206,4554.706404369892
87834,17859.32474440277
27343,9988.750572352215
83309,9181.071418474236
13323,26955.575561257483
22039,20221.37144805288
91574,19356.50263437542
79522,19547.97652100765
71667,25978.788770172807
44103,10222.171931963512
58302,15747.82479467886
74449,24060.532583026532
49893,20451.20470642578
93391,11601.232202629046
24911,4299.32074399357
70993,19426.360601905315
92788,8957.98468292407
78339,11113.999969299442
59795,21803.35849035685
68184,9700.550957074778
26622,28837.86260636055
89547,17434.72681260623
88783,27669.483677808435
14272,22459.303152415214
74441,17306.980006015
89239,10147.86736729883
51872,9700.773664793787
31820,21445.34556161058
31599,8944.20726713689
69415,9972.923874237295
82705,13086.417370578738
81436,18582.293178178643
58849,13867.788703076374
70337,17762.273745134422
19655,19543.675636314365
98288,11561.435431105581
60462,44877.17471794893
10528,9828.91120499972
37729,17042.060436845957
34754,14664.55231823866
39485,29612.081886221993
78878,32271.687321120262
13883,11385.88414047542
24100,14597.426186305001
83791,11026.177735478213
87325,33320.88639368138
82851,11078.817296776313
15367,4578.47999288623
91041,7907.036199184264
81923,21180.372604267453
42399,6608.778510337934
59863,19208.497875955138
67743,5955.153587183344
38994,23152.74972482122
53696,17748.083729868114
14372,21964.73879044629
76533,32628.367017775214
10441,36167.45648505853
71203,13677.00477964103
12647,12741.966404722189
73277,9598.908615940798
87861,11028.010598010525
26299,8621.922186073252
48002,24589.645385850406
32314,16525.824058811624
13253,17740.15975253865
26002,16809.571206528053
11096,7186.769816272214
66570,10985.970082090209
98016,23919.324885591595
18485,18858.330830994495
24083,18150.19264164148
66413,14664.316407459339
37018,18499.949056345835
61655,15037.754428133721
67016,53668.83547407243
87113,25519.1391539263
32392,20413.052082569648
14245,6402.259099582814
53556,16583.488555584194
35026,10411.817184893715
76609,23202.792861752696
91221,17574.53558645416
68000,28933.127327723152
73591,34589.57178146271
62551,12094.38497728918
97226,30258.644792442898
82306,14337.039495492781
51907,10385.679116946678
46051,31110.891048452766
37377,11606.188421694498
84434,20503.101805345606
48269,16297.568695708365
94067,8404.92189336508
62641,11831.859260137502
56982,11844.679202221289
30749,8558.1109265393
23619,12128.919221824894
11611,11515.844123863048
39468,17411.237012858634
30612,25064.562553159467
65001,17160.70748797597
32733,7973.583961135477
48968,11395.110230098015
46070,7570.730077362101
92245,9580.311873965296
94539,11221.180974092216
11955,9966.568999623138
87972,8487.558041104952
43604,7934.4471178616095
89083,25261.49578518131
31080,25587.114077875867
89030,21254.791326718747
83370,13549.386524369267
47878,10797.339799335796
52619,14185.31637327967
48695,14095.501751956795
66384,35026.77684325138
80288,13407.36506648027
29113,13427.644441808381
37724,10069.844460258955
87287,20121.099001648625
11070,16204.817733106014
10705,14303.841344058534
44062,25123.77722869235
95498,47531.14144482628
26062,27615.16339629429
50904,10586.542288769411
15018,36061.27788524596
37494,11755.69325297673
34609,7378.253884554517
60057,18982.559193213114
48363,16728.19962195545
20072,12308.91081807243
13785,11024.572566215611
99420,22543.33851426014
55003,14047.826931889553
97836,9556.743559876424
48316,20267.409763128024
21640,15539.85905960809
85942,7612.6447537809145
60158,15964.89793052862
23133,39411.441771037906
60512,7883.558051724416
23489,14396.229859119061
87091,19009.49266179034
71800,7515.982065509004
21316,26501.810295480693
36628,28683.288573246224
36211,19724.163702672045
41049,16140.016136697945
36071,25395.444518675366
13965,13390.063461962556
89158,32449.65084636334
78758,13968.865202429755
39916,16435.92211928183
75130,23572.512994084456
17044,21293.820861361623
58471,17348.88106500278
69307,17632.78814729507
60259,33279.65775179039
35164,9513.877601056178
34012,16169.38716497568
64945,7140.058601308356
72620,2719.1306799489903
60959,7139.748418589277
18728,25317.231699818632
46778,6559.636792652476
29547,7720.2231173966065
82720,5900.752261819953
36558,12016.960680032887
24622,13597.303918402371
91502,7947.1302455879195
37990,20216.076979361125
93159,7587.513958413292
10443,7469.481707451549
10194,9251.8684181711
64306,26658.04019642587
52391,21402.07476437356
45430,11698.20778133562
16219,24519.357351841558
69252,17864.186281286933
88564,7859.969074811381
73528,16359.526717554429
24270,14741.795709681734
97026,21911.422371697314
11874,18092.87911098502
66637,9955.278734826521
11351,13953.527574866868
50403,10792.697665061849
95002,15861.590001332355
53645,13636.534226422813
40490,23098.489602857193
52746,11476.602936130443
27983,28555.786298018946
51039,9946.295025978932
46000,9842.015914264917
80072,10235.813895441377
20536,35780.957228874075
49646,31629.655738349054
40680,9337.546091454344
85218,10521.85004203318
92280,26412.11491330263
61630,8040.193547538591
96497,33798.480530734705
89943,29151.7144173518
94807,30434.25835467904
64692,18531.230620492395
80027,9548.62077269375
78547,25297.033988944673
21769,19913.630990366688
43539,22237.83312228938
80692,44351.74285662947
16764,14685.85818614885
74811,8957.943475280785
69637,15050.166740445433
30194,20610.777518078856
29588,9210.846626481574
90985,14280.454319498358
35254,7441.28280631133
70588,18065.554170033975
68219,21938.445388890592
25776,23546.2336985505
75691,16323.519476392137
63724,30905.368109928888
20839,8977.722885708336
82329,30779.725064756247
46116,35185.31231128997
19783,29750.098055195795
67620,12894.578890621
90306,35503.01334033003
60783,12422.489604327566
64927,12963.360735529377
53903,10203.289488387436
73326,11220.660035012897
69279,10879.619609313308
57092,8907.42977599363
10728,18951.893250212353
32130,13938.533405507309
52214,8285.177892616215
32413,17180.54686884632
11564,11942.381421721908
74384,14339.822318260163
32000,12725.253826586371
27384,22892.65322898833
32083,17495.212688682328
90210,15996.001931869261
66764,29163.91896326182
33514,7548.94126176403
30289,24987.929064242475
91927,27075.701292655016
98457,32052.19840078827
58342,4252.250097543871
21444,12069.791350795698
10568,11900.372038184843
96543,8514.252039103703
92759,43635.39318037136
85155,13353.25078777325
34372,11718.831301979402
36280,59222.78720013814
29933,5482.554111174544
83731,9537.197409378907
40927,13598.618080377582
52392,11992.767949282295
68349,17370.96982292674
52500,23019.32809711303
46490,9041.682005876975
52906,17536.753914552144
29874,13883.70136322244
37904,19281.567102817862
85169,11011.199536313274
81263,12226.98836563871
94320,12613.80200739776
12196,13842.493682756309
66748,10071.51919249002
44272,16021.778180827472
18391,15928.82297599743
99483,27592.460176856035
99112,19244.27712888032
46578,10281.217764032646
94172,5944.657341733189
48090,20111.613444259136
78701,26999.949862975547
24653,22521.86950186367
26916,17972.850283169355
67627,6432.747889407667
92562,10635.32201034696
32597,7448.155285752055
12294,9743.375036945574
19117,14972.401697736997
98772,10700.893600720465
61156,6467.881841449755
79012,16427.518142766683
14774,8597.318946648327
48108,8816.26041696451
93045,24843.313338702166
25352,25416.005265005384
78421,17055.389305674544
35953,11506.126312851566
87083,11805.451439583041
72429,15024.902017181292
81912,8360.659656234593
72643,51822.463563049576
69219,16164.334102773155
13074,48375.28410691818
77263,22220.14046635612
47009,15972.65962576224
82234,11932.081235769705
92721,13374.485084591048
82123,13546.716985007313
67047,11925.008199231179
23912,14740.335623754932
64648,41050.60438208579
96732,26573.07590363358
13402,22581.049793900173
57727,26931.891942858063
94611,24646.812206859948
87203,13485.804507437977
72357,7430.987140041067
59976,9767.113194331863
17873,25279.63526608535
64729,13508.969785076017
63016,32531.253647231377
23897,11117.48171161023
27964,23649.731153402834
33724,33699.98121796994
75551,9111.670865123724
23668,19538.705773498434
95547,13601.993711076413
49324,15355.733628531796
16143,21157.672721678853
86611,10069.953493449513
98157,12638.702948498449
96617,6972.292191705337
84486,18985.80958427339
80528,8570.461057527194
88288,20249.337511195532
54534,20577.14954301284
55847,8111.771802818383
35126,10753.11133268
66145,21240.130385843022
45938,5674.311827848214
14898,34111.27462454488
84171,8851.221491198568
14656,12272.859978185501
46533,14628.615532853753
87466,13659.968440335211
26654,10492.08470043592
82235,30557.084689247033
31162,22658.01671890149
84434,13484.482482097035
20764,3872.698402680455
52818,13075.894570095259
29418,17561.97349431183
92118,12927.586700619635
18157,12926.617175668238
47613,8299.595005819001
90428,23075.13910408682
76441,12202.81365400983
36329,15605.597039522896
22837,10167.0693788219
41312,12578.522297442662
98793,9369.13180242444
84753,8962.319967620053
79963,11701.743954320564
93889,22697.70445597735
51496,18703.484904846362
46022,22374.46512347128
95948,6916.03953648533
67821,18503.075004107217
28529,24183.411406186715
96699,11164.749271538238
62736,9828.91120499972
60154,43283.501970369645
99985,18149.74386705677
10864,21578.892873714743
63660,20491.968330485142
42101,10512.389708404451
73719,11227.968245556684
47071,20618.960175705495
31428,12509.548311203935
42343,8636.178783504027
60464,10591.302945979714
35218,10268.2525146941
39613,8928.676087843567
74822,19768.000634286247
70027,12721.524245709665
19861,25158.535816299507
92164,13825.868463287916
53770,12209.674883483045
83704,8436.777030341254
94503,30031.737752886303
39455,25789.20560166461
91874,17775.89007067546
76738,14982.710367261172
60719,6385.763518392199
95507,8309.283110377388
55025,17722.31131008758
96233,23897.206128407506
21193,27836.067638208347
38898,9291.725697083722
94553,18292.896050955158
62351,22063.186989336296
20347,17162.854652446775
84293,6280.617866833722
64379,7838.36954846259
64372,17005.714925719054
82204,6661.50926655273
79227,13322.672181865615
59833,18800.474704004308
58784,11117.710341220743
65299,25576.701380683597
54548,18742.63246718217
28363,23948.54366834193
92058,12925.306327968534
56889,7200.706628789958
37310,15152.630728659306
16186,25599.487785428064
48311,13535.664573516944
86942,16897.768021541906
74777,11270.742860358088
78590,13088.00172917396
63119,7000.6817587732585
20589,9761.962382953883
66127,12638.579272656829
12183,6646.782497541268
40619,12522.239931467779
29640,10503.469941715268
74481,11082.789529011809
67033,12100.871055621465
64998,13830.489174379723
26884,15523.254639105484
92392,10157.608109405051
18754,12662.023499367606
38376,10725.60627734866
52388,11615.386567910708
48485,19842.698581506727
91401,12001.106796481123
78137,15696.337803319637
70965,11808.79280451078
80983,17716.0559937598
51342,17204.536752834643
27353,17514.51721766437
47692,10799.10053567955
58379,9407.098134004365
68259,10152.740736183354
72570,12004.322561687492
57001,24377.198598444353
21480,3069.8762712115076
53919,25644.829567038054
36393,20050.45229302381
82852,11916.60760183855
89095,62768.979002234686
10348,15817.179734967878
48820,11147.276977685055
84578,11019.931751242078
10805,26647.67156676775
23256,13581.589415771923
40616,19748.682506131525
45340,21845.648345738184
90696,8723.636701660402
21082,10915.653124590255
62142,10816.256251347448
61179,15840.031066519432
78279,7460.301619525311
26049,20960.888011833085
68454,14652.168963991302
33468,10449.908936472399
24183,23211.38123235393
83192,33401.51197862731
92194,1627.8768793026775
69811,62368.40144861003
87557,8294.376119652447
57258,9677.315743919593
19482,20547.228120204647
63378,16509.735866743278
90042,29185.51043188347
64341,12575.221828629157
92318,13912.26747952282
25324,9958.883337673173
43619,12221.985391492803
16989,15298.683514161981
27828,22911.752543056326
92151,10615.183686691438
54147,9400.903754535531
28112,14379.605219499057
64399,19036.830313743
41029,27499.891533945127
82909,9651.612990917307
76209,18686.060622911777
89040,13610.340384115236
83046,48579.72515119806
96139,11486.4910002096
53297,15861.590001332355
77450,18815.712366694544
60533,9838.882394268192
94667,24195.632560123282
13843,10553.299008466394
54749,21603.14606166424
52588,8279.79792698951
93194,11154.058710530571
64768,26703.862467392544
22256,30559.147516554287
59226,20431.775662495136
14517,10477.096595409257
64905,10736.951548870278
38287,22267.89423339646
43354,56910.3918903767
35339,7307.772693385166
40262,30591.885735335454
81673,15806.026988150883
47523,19529.847748556283
26773,10022.663062374406
62022,10722.331170115009
32398,27327.814031354013
69380,30397.889125161233
58007,13912.35886156281
22910,7292.4630485219
42870,21874.732132579848
92908,9832.582803568017
98015,14773.45552921448
52671,25153.590465287278
15574,31682.10532130265
46156,17100.634086889404
63705,7863.164388137982
67564,10254.794910291595
32849,16981.414287560045
14535,22012.475327443044
55111,49559.99341858476
26138,12365.168680521081
68456,9126.370026438974
28894,11904.53385786025
72292,13466.605131136692
94538,15527.440879693086
89870,13399.195642782503
21637,15088.578666683294
63398,5976.9501972745675
56607,2481.8014000590338
27643,14110.715120097768
19686,23587.902062346675
11475,27096.05417783362
19766,21375.01071423048
49348,9711.20632947317
35442,10366.190559287208
62564,9143.176089335535
26910,33994.266994546386
34150,12644.873033222102
17117,12683.683802597741
72677,21378.814141594874
95176,24559.898446421957
54046,22640.600871616458
94146,19720.454199014035
23822,11605.302019391616
80081,9031.566857966642
31752,10762.299736795509
68521,15431.905176258771
67362,19964.552689915752
24202,16625.928502237377
20674,10113.935741497455
83835,20648.494622664424
14700,20006.144211484803
18892,16880.460170911294
13883,12119.695442117654
52074,42607.93497804791
23639,9557.537703162267
73638,8855.96407116728
50503,18434.8946305349
99592,14127.494269188895
95344,25221.897748038962
72442,14356.113202577395
94284,34417.687544197244
35755,36164.53730533164
28878,8532.735676950037
51151,14343.651633250114
39517,11964.699780378898
78919,14036.781407340624
35037,6143.435816265659
39732,4594.415425634908
29887,13183.12403322128
98156,19150.746125838217
85329,11766.694230978806
54962,20737.147765261954
55112,5330.81775949037
53185,30877.90055320425
58309,21606.691669098054
59179,22998.335032968957
96054,5605.8897435497565
70901,21734.439068058426
27278,7094.8830247266305
79544,18729.839841583
16732,19878.63141221095
56944,17688.233900206294
87393,29278.840142397094
10230,8585.841677227714
85401,25996.11249585629
95576,56732.70229969491
82493,12531.4935485929
45403,8836.481872139058
76062,13599.411526888753
72582,16738.022738902953
62537,13022.232600508934
53202,33214.901421925824
65111,28421.354443636534
86273,15971.110143995842
82981,27259.324021257202
18467,16032.426626195898
35346,15750.553955901903
45923,10745.795737372948
19685,10461.393019864356
23192,30555.8802972744
51495,28359.843846940148
53973,29417.613543965075
84084,14286.929424966911
30679,33507.642721645214
17241,25171.00204748972
29158,15275.195513738308
50411,21616.610394369072
69074,7228.978721865515
76334,13167.309125972155
90332,10764.945803012128
75732,19631.07642430277
32994,12264.141392900889
80516,7970.377612782522
93811,30167.062705289274
96218,27947.39585014936
83643,9404.603845860056
50022,18076.06132712412
53396,17922.301699346182
18139,12807.525931901453
64044,8012.581603299728
92050,17034.72628063066
94253,24063.947389930054
43925,18733.94393914675
25827,9266.39342221037
31552,28012.58043120499
26249,13912.150509534771
48098,25680.782071934344
82719,11675.106148665485
87434,18814.85016415747
69245,13227.353602029287
74613,6563.184126348606
72265,8515.31937771415
60742,9892.677086823165
51521,27964.070181120347
43003,7841.538311531967
37149,21175.968373255208
50694,19194.387525121434
88404,9702.280773394166
92129,29735.46435774219
91593,8327.819420434964
42433,9340.682071670239
85602,34204.65203332857
85709,19159.31191598771
12950,6910.499959857481
47517,9960.347679175547
74143,12559.975615910385
65643,5396.087504834228
67972,21984.43631789597
28154,12433.565204401973
71457,13899.80026488783
78313,37352.88859197349
99944,20021.28377010724
11431,22511.394475299938
17035,19750.140699275948
86954,9066.746019258066
18305,12946.241721575792
28959,14668.486332048938
56561,13578.995765906373
41497,9402.449812117666
21842,7186.021380402577
68055,19621.228362335685
21443,14291.26522878221
80087,26030.780085800892
51008,9218.99751566362
12512,7085.3802078085755
13540,12075.500662785624
80069,12373.120076476891
23012,15871.714204495389
83962,28270.66518798835
11229,14891.986096074568
54744,8745.674308348496
65950,25097.534533383565
86536,24433.468847265598
72369,10749.304860553497
74307,15594.317823127029
86422,19541.382291226048
34096,18077.541716772797
18208,6089.388670023256
50919,35488.744897803495
83393,7265.539802800809
84427,31238.8028037967
72483,8676.31053669864
36958,43314.05110530408
61210,7976.081853898637
24855,25877.28108699079
85646,17867.43265216046
14297,13252.30160851141
31556,10680.985605257065
66045,6643.159531297273
51480,8808.663314510424
96132,15586.434086164862
46285,55494.39152522426
88237,13217.290826385743
58695,7847.871424679341
52490,41409.79286365684
68525,23666.15439417969
92595,18437.8137754672
16760,22285.269387314427
54188,20316.31789547998
72391,8064.110837435133
21364,11975.055906439387
63652,9857.289345342144
78220,16872.873002979624
63737,14282.07343485318
51433,20963.98505301893
11389,38103.53372453844
23028,13534.430079841444
30140,22088.472651552154
11293,18471.805329222087
40445,8996.391132385765
56812,27627.899336649723
98582,9869.434164138233
29077,16723.563073340327
92690,12147.2178615036
28354,8626.059431236783
56293,25989.802895246983
80234,22257.430842036632
38063,17488.77718257986
67794,6872.856536449795
94723,15032.341969343088
61450,4241.325891967086
13124,9334.88281821076
73761,21375.192129942876
85968,24648.018644928736
24319,29990.40771283831
57742,13028.965184397324
65324,29593.209209769848
68945,17283.991148883393
44914,15437.275109623884
93758,15089.924739692602
26757,10833.198213728481
88645,26122.114527907022
18617,11213.851292736628
58137,6566.133631354962
78264,11426.611841594035
59879,11580.145278070479
25735,6945.846598467266
20946,17588.654016413486
39577,27218.54144345304
66063,12547.518231284095
86243,9051.747271197179
62273,22953.623445063226
91861,1532.5031939893597
70714,12631.046244735695
89610,22075.11773132971
56985,10367.435339130341
31450,14984.75467819306
99635,17334.259022050413
65562,19733.43122497843
76001,25458.45295260287
53704,9921.869341192567
74253,26138.91901031968
98382,10648.51561142656
86602,8214.881630429754
31174,26116.475890781177
64747,52841.10823638308
57955,25398.807484200708
95856,12033.37094670966
54685,37349.216472436645
83341,13914.720013062268
46078,29985.87072107244
14633,14396.755330134936
78789,8974.548297812184
77738,12202.98752340556
96163,6396.462634763067
95953,13396.56856124182
31827,9168.969477600895
32127,7667.2373287879855
16386,8635.944187601808
50323,13344.742081678778
57905,32343.50350804997
86687,15646.53044818253
33424,9274.625709746437
38425,18831.75358299338
55491,21098.284030198283
52080,13291.731855720618
56425,7736.032884690745
80816,23269.87546548128
28963,20206.03620491359
19350,10523.976104063328
56298,12214.252048696104
50646,15245.193864030609
92934,25247.11973079557
44320,10933.477329265079
71049,9143.807308471049
95338,23831.929889476738
40981,14837.439371454664
59433,13090.8575671225
90356,19781.127123161274
86148,33028.39153711496
76163,7018.61249049879
38079,17648.88595040503
60474,8210.06795607083
60247,14293.565277592861
70538,15315.926320611165
52004,7380.734005320917
37628,14318.54301355099
42035,13459.797767742819
18713,22354.023105911096
10949,15690.598337843065
34658,11106.133405667439
47697,10701.438100428764
42783,6487.196426592904
70714,23145.287498678063
78020,19289.57088307802
32611,11651.700511487279
92541,27301.433404534626
43655,22023.298944504626
33391,11106.699946232295
17488,11425.0231144791
90017,26378.993182972434
70606,38693.13610385904
90927,11123.155637737746
95866,15692.443268359752
57840,16630.11795763696
98426,9654.012333780265
38208,18462.55575940758
31798,10927.44743569096
91774,20196.4802544841
74037,3632.3593375849123
30979,31952.681975677464
64451,11832.22660778031
13631,26520.465338968217
30361,24838.921022381382
94107,10272.372934210955
37405,10037.611678445946
91698,26155.639921478094
36987,30575.093692549573
76074,11323.081422982295
12556,15274.445387996966
75658,17769.386737616816
63452,16245.745037285658
75274,10287.180011916978
96332,11620.553519957793
26578,4654.588990937173
83132,17538.090279589156
68287,16980.603673683752
27925,23563.50315379746
19086,10069.897260488397
35788,25571.945241270507
57346,9172.03920887799
72258,16744.387098054063
18703,18971.998734237433
64135,16894.440414467397
63760,9738.626673887084
97833,9831.643716034374
41643,49477.198206082656
69399,16656.248682376132
96603,30989.651337818435
29632,10572.952749807715
87340,17069.361826486376
58703,17019.442471203405
84705,10991.199913236549
77523,7857.474564283582
79974,11833.473692100259
28163,22336.567363637623
69590,19389.410387886594
74970,11258.375094611776
32373,18113.345865601117
90783,10589.138614421798
31874,10834.438751796391
75454,24405.93435320025
32875,13090.8575671225
31274,27008.93173268164
43826,24356.921813999455
41061,10111.55975028424
40140,22147.076876844327
93031,12233.492413009688
92366,15369.631118864403
19542,9569.869537068735
83231,16280.704050051845
48183,12923.659117006455
43913,8817.077862057526
25053,4886.721076621869
83754,20429.185803090975
94018,27480.78885172343
96288,11193.825121157992
64336,15600.630409873125
31706,10828.91662324505
28622,6410.7088434883535
61801,25934.396890010907
87037,64133.90577715503
98733,6819.542701717708
59300,18712.67344313442
71028,9434.371186960903
92772,26230.488311479727
92583,42745.179335028355
64924,29008.218915761357
66294,7913.629108339517
14424,21425.53766177466
23165,13178.23406586319
45790,11444.654196105977
68557,8090.4751454154975
46759,13516.825166775521
69896,10288.126785000175
68846,21977.581528256465
10456,11999.109988921264
97693,17694.90797439399
50008,22298.92493090267
96900,30229.79693911432
95067,8170.839086353561
42500,20564.83627656552
63105,9172.152200028435
22901,22150.207443855674
66595,5493.13624601184
79303,27662.52425413253
43345,25574.120731354487
78640,19556.58562677133
70936,20571.530976522077
82953,10120.90786612367
10712,13410.235384268297
87228,14934.416919991509
10213,11010.198126237927
44188,21066.190198038985
99680,15491.24442138151
19153,11081.326195709682
18989,9694.184656370673
16643,11715.936007663193
93220,30055.52210495928
62208,8396.08576373183
74412,15470.856446248328
85374,12634.752577351903
30805,11261.242391769383
40036,4679.501784619737
31095,17282.941539103424
62207,14245.11527200032
85202,15432.183226240164
50770,9920.508248171322
23515,8540.886562790838
38049,20409.780803497324
99426,9050.44716426583
90163,11300.3460537379
16937,13620.362593468266
90146,24079.1455757577
59443,18250.79583405117
79209,14274.608769703445
49659,26280.818271308228
35485,14501.432108181429
22789,9359.0058415957
20876,10291.031861291385
93292,31774.217453716206
73583,19441.859923336317
19451,26001.564587957677
33056,16336.93655574509
86030,14477.027729938582
35737,8693.890409148305
76844,28815.348600471283
13135,30162.145781437328
95264,14496.136923575694
52037,12978.006061985649
36644,25363.91618828729
64820,23389.648633459325
68700,16392.99604309338
30009,37731.850140224036
86203,19205.65018813847
54244,19757.1959566636
20267,12916.861486453312
83078,12326.194242137433
29072,19645.363453772403
20643,7736.443688715643
48208,10545.936681080035
42187,9074.51020705815
67339,8474.959625589465
14287,21068.518598608374
28420,14244.35022834859
86232,15616.034471509802
85423,18519.857861309953
70552,15167.842045782032
39291,13361.672419288696
30241,3962.8115742542486
85196,7236.307340867748
22986,20354.372257880157
20449,11668.839574101326
66840,9377.363169548753
40453,16700.773395503064
90547,12262.107943972318
40734,7172.410711775552
55150,24405.95684063428
15842,14504.323981736197
62613,24389.616309967845
83351,11307.566690271131
44677,23465.97372775345
40159,14504.198484527366
47504,15392.136813125486
67816,17135.001068004403
97174,9374.469111306562
25455,11641.054577680618
22769,17470.556440810313
22150,9616.337880290954
27681,7022.756503947985
76917,12805.117035065796
64693,29108.810753889975
49809,10979.206639880258
66387,20812.468286424126
35633,9943.135503781374
89497,13495.487902663317
75123,18138.671307055472
55914,9185.271283463924
77951,30771.238129749512
94609,24467.831483560578
72543,11028.156409666732
99188,6435.469378057358
11318,12330.377120559773
26829,20871.906619472957
86666,15001.653756893387
60965,9232.338287285951
37974,13592.484435296541
82994,11391.572087115188
17348,7243.412662493807
68062,8808.93679283952
67141,16447.072467441696
86397,22395.9312629851
79872,9999.858396155449
98722,12097.594089353473
53888,35119.12908566011
47633,11789.681880025099
14125,14486.640124097332
61591,15725.252620056273
12095,13686.765448824986
52068,32981.37745327833
34713,26213.21332188382
27608,14473.372754492406
90867,17193.94517626223
67062,7883.026838251977
91711,17999.9778923952
54654,7290.296408919723
99477,12355.138206105212
41095,10311.224117530104
80901,18448.18305245399
35477,12726.481887392929
53998,19065.80630465641
23560,9415.912968384779
90258,28270.367723611933
47414,20665.037652621748
30822,7209.121358599827
96848,9024.219375768713
46548,22171.706178870987
18750,30067.494673376626
43899,7589.412400971385
19567,17195.9113172654
31212,17033.363633847664
29784,8886.752423006626
79105,30636.554645286462
31163,8222.106345764327
60322,4826.3746614085285
96702,21601.66872783127
54914,20319.0234166801
64238,12905.876431021265
75996,18126.638082814905
88276,11534.314899450259
43095,10644.765989936976
79971,9812.622324234602
35202,24504.344266962667
52141,15895.427839239468
48293,39270.35439337361
31836,11058.260375426416
37608,15516.106758647007
51147,21489.01938752092
22548,29158.0290199217
43614,15190.784438147522
68958,16320.94450249709
54104,25914.138637239023
33620,9994.17960943953
82249,7177.005329343079
14463,12630.249545082279
25624,19574.18321588557
50216,11949.364204014684
66463,52885.20853750645
88268,11001.6777917576
60471,24103.676452506334
69373,12440.391010774525
82409,14250.638664291386
63134,8978.378759615633
93068,9332.419705092878
11203,5730.798810902592
39849,9919.770471439162
55954,14346.888967074932
10925,4090.9120912885955
42340,41252.14081879836
34462,19389.280410986816
55876,22431.465302590143
95022,8957.98468292407
64827,14698.098335519748
16980,10676.867768538235
95425,7160.845362713229
91221,17685.314697715094
18060,12936.639265979291
24382,21115.756825373457
47802,6518.737206382575
96487,26120.33807747152
92157,10090.861392688072
75169,24100.647583071954
92389,17689.088230714726
48327,11691.72046394516
10394,11593.067655148598
85503,21297.302951588754
49189,31377.713691571145
95393,16568.855509020734
41025,7683.4167958732505
59054,17698.660070112688
63306,1704.5703965285156
96856,16468.980322971485
44018,22873.670381267813
78374,7810.543002110255
39014,14912.071934366944
50221,19760.75085383174
71546,8274.507498222862
16965,14352.085089739294
61917,23231.541468767926
11855,27731.40521819624
51269,32403.977375457616
93144,12765.320690845943
99673,9685.077738916798
25433,35883.01598851097
63062,29667.615971741285
95683,36185.92485249205
54288,14093.4748650906
16926,13078.163126682914
54552,48617.63355021865
88598,6818.84720582087
81802,27576.47269308476
44988,12174.12782153422
43058,19441.816837022616
80557,12592.039954031723
15849,10772.257261495473
16230,13072.194891341587
26897,11838.578441992071
72346,21541.13667053772
94208,29743.30070383633
47851,19038.754654645843
63145,54076.81985440386
52804,10742.521644736764
81915,13454.975818604295
70306,12304.334163381067
79269,13035.706994044522
72171,6641.966964091802
69814,7707.321440631371
19597,16759.553219255464
11998,7562.0474463582905
18364,8862.86973434628
91526,14472.385533191138
49821,19864.458429577855
49319,13152.922838689807
40421,10047.388116301328
40773,22607.139588752696
34193,7156.422772830198
98048,7005.592263985749
41416,8653.190882411873
44701,8432.52758696471
78819,14283.147751094772
43451,9106.868168863886
34274,11493.219976651912
46987,22211.18444269777
37552,10642.608574470569
65790,10955.351680613334
30603,6419.440478181292
24020,21883.119472637092
62225,8500.48407536653
65669,6197.508311413292
78229,15414.958410501797
20764,17591.177066942662
65302,16608.559348501127
31791,28830.386982787502
62595,15274.487057483224
30614,20602.59235386152
59725,18563.948090581896
65939,10526.515592124144
44342,9776.332463875997
73223,12863.691812420133
30487,29117.648254879314
36816,9931.38108047063
86671,16701.106398742548
94585,27848.613579680255
97824,9676.89427046501
75534,13233.395936597297
83264,14858.243163178175
57356,4162.303407005984
84847,15852.19316652534
22957,18866.35953928754
24840,6891.341707463931
74491,11606.330865591332
94228,20207.015256116185
27246,28700.615603310205
65087,13530.370184852873
48663,6732.892825692785
57314,15424.974442942179
63010,21211.64111178308
12817,8182.770585411548
48710,18021.739871885737
23357,14874.483474629293
67579,18032.659919948394
63528,14742.519696112855
22152,13442.22020929187
28133,12636.951013938098
76769,31155.29256491139
90432,11882.730630769538
63693,13170.149408727491
61793,7499.807524655704
35830,16473.018298067786
82923,19664.12923395166
46932,17966.96314325409
97483,9381.80352243194
13660,18621.857092289352
92115,15700.761960713086
22462,13255.920270499952
89543,20513.284220572168
34181,29211.714932308623
82254,5709.12520022735
67267,9527.273876213785
30238,16657.38714250436
80786,11335.035227976154
44488,19834.65067202828
73517,9830.111500597728
96065,36011.637911566606
68809,6715.126641647474
61833,8228.096948626897
47110,9229.983922509495
83387,11057.64463049726
77896,8236.574693674389
23879,14234.070008187775
67325,9095.310526319969
20140,11999.103501650741
42831,12871.254430337378
16911,18095.38670252546
55472,7449.602449672022
96558,28709.934401626997
55092,33213.20450336127
74754,20511.233041356616
58622,16161.428428743902
32917,12213.315289990078
70207,11215.721369785027
28138,13584.726488706834
36410,14241.114599855435
27527,34565.584227263476
80518,9170.516964865074
49146,122873.01669839317
37778,17550.357223194067
51577,8357.649954172453
44712,6931.836947790845
98548,14033.339720494178
59106,13519.350257843993
22112,9136.320698825723
93669,21949.949042663982
12412,4982.860471102886
85854,20101.5602559898
38025,32671.679244167964
61353,13577.644954878111
12638,5732.209947604699
29747,15881.734088123458
53395,16077.900400725866
28689,10647.807405283189
58738,11381.133194989616
78677,7212.060800505218
76910,12100.530871588435
20968,9471.855941862666
39680,15361.383260310386
64662,34342.40948690372
24660,7734.9993854697
24624,11068.503043810004
85170,7932.690656931563
47826,29077.927493104937
80446,11251.297933987742
13731,24403.3425773805
31226,13463.723892428703
76834,7682.145798511519
66784,3910.901429562664
65449,12019.154470491983
96303,16021.238448292215
88382,16500.253154814636
15545,11502.09534268412
29435,12522.706153512916
96980,22348.981111902187
77585,8761.767828585276
51052,10038.949298520869
40562,10821.601923462014
58588,23418.453186060513
32173,8513.38826001392
35210,13732.008502404551
20553,24719.762952580197
26112,19552.660971757334
13172,18535.855160258787
59755,10000.641138205476
57516,17817.107943031053
61325,25208.57390270142
84788,16202.757188179496
46164,11720.483816651948
98733,26887.666135987136
95764,14029.153449926624
56658,7318.202172116058
58071,10290.31754098259
89861,10000.37929597948
55768,12039.09233664915
80591,23918.230843663852
54981,28838.66524481145
42826,15793.073698313177
63623,20346.78173164693
86736,9728.67923593957
68750,10392.413634222159
70501,13680.696428062805
94069,13590.51068354899
41462,6703.934592826285
65295,6341.871648690978
51400,22581.034235025407
26918,7783.862402626502
41282,20537.67331351908
20215,16017.379838265811
36359,20311.959010692284
17567,8752.332278184818
60038,9347.184961317955
37654,13273.380393607713
86875,11907.767494882159
59210,17233.594469743504
14989,19536.606849504027
24769,23478.00183459107
55721,12497.101093909252
16280,8507.56833984748
72948,10967.706666046619
40859,12103.907343353592
84962,15890.834290168059
35107,21815.639028117857
79381,7539.8889447476395
14027,9711.995178771813
12355,17859.067108194755
65534,9576.73940453232
94215,8447.222491478551
48615,6585.411965166089
52916,25279.065893852196
46940,15962.142122161626
15784,28125.153849863513
52165,14122.309939989624
27888,12480.855603616863
47165,14501.510752004953
28435,11407.862738904598
62402,19824.525453344373
42907,7771.9428303843215
81429,22256.880470085365
18844,7487.942823286561
15155,15924.37022736332
65773,21557.206041036963
43725,10222.171931963512
65248,26770.47271443558
25102,20525.907229052304
14356,14521.108638144975
69304,11441.674198177543
77750,7351.049368295806
34677,12958.379456818826
39817,22375.45765998284
38912,30427.595229168393
53695,18209.918409424597
76606,17481.26471864214
23033,12594.718804337037
57749,30406.059192245193
68820,9192.614661441532
82744,19302.476186106098
14287,19580.705377529623
36721,12364.833187792912
41069,24619.889758974256
68990,23503.497678188265
95161,13390.783300984043
69840,12388.064861595092
69061,10777.231535256698
52432,18316.082574688615
27108,12941.888530753686
75041,28438.321450642143
10075,21732.11432120943
69881,21151.252823443796
54276,6818.884360874788
56626,22412.485160858138
59432,9215.73800228162
65610,30527.369891657865
55030,15350.559247001085
60332,9637.205804466132
84441,16020.572293684709
33037,32821.52058337864
29448,15302.685376682823
68851,25586.881388214875
34900,16365.834123826617
50472,11233.384712515352
48290,17626.429511834664
43474,11892.945033874348
98950,15147.168910212833
32790,29666.72919832223
48003,29556.777694927612
95375,13567.49445882877
79475,9476.404920518187
21239,14584.696555670602
91542,8391.100161086955
26860,55926.54153273305
48877,11795.48080216685
33593,23158.730654698702
88421,11923.228037735942
28363,27937.314809043644
64725,35894.30734228699
70317,9969.386791684792
50403,16589.914652116062
85082,9039.758492618705
34146,22221.37394278907
19980,21755.99028359801
56654,14755.988484256957
97736,11259.485575982153
41087,13898.398593182601
28488,8104.266951458865
93753,11205.327163573726
25530,8015.278357443782
50428,10700.893600720465
47232,24509.02470242623
28999,14566.83197887996
56523,19647.59861456513
98596,27815.096301711135
46549,16957.846287925484
26553,15859.80897945432
19579,32045.98734452753
71262,10210.638290218554
67742,27649.57553486346
64215,8963.664178251707
11419,11275.859038968136
90433,57168.886660984645
19887,20895.63954980412
26071,14216.69287863535
61858,23124.101338170243
85781,6876.769938382749
15185,24304.59988371357
58768,39440.08676926025
61750,55536.39322442341
39948,12083.900553131176
92703,27557.384846196197
48270,10949.02706766481
25626,8393.320974614158
52916,14369.769012247889
23286,23229.254789139435
37295,24862.171298030185
27347,13082.19801400154
52033,7087.0248105691135
14670,22891.197672292517
77723,7612.095142491342
23810,21713.43105695239
98800,11017.943121881048
50020,25232.276375962712
15485,26098.586787937045
48469,5590.303854836462
94320,11817.805647978548
54575,14966.475443886236
43210,10031.086422584209
65768,21350.279039580215
50630,23332.702184821013
25128,31395.75322737528
59382,18066.12265354413
65686,17348.24571742581
74092,23368.730102618676
88565,14399.981619103588
44261,30890.51077114969
58267,42042.55414533967
55005,15719.54650919471
55961,13352.107951691669
74584,12494.08438522822
46618,29989.112103315165
35887,13794.247934526267
13878,6898.352208011851
12938,7735.055433811443
88181,13597.588439361094
17807,7734.8644659737165
81973,10338.751268296175
25284,19913.696639841182
51301,7801.967146798694
41485,20578.065867141413
79432,19964.14682814572
62329,48273.59826782625
49566,19718.87729936646
78197,20844.82146191964
22043,4682.043846807634
82058,1926.1187542147218
80840,24071.129972332878
46707,27043.67073045088
38978,10330.589711726541
36638,14509.489695694218
25851,19087.527570102076
79495,20391.998723875146
84537,8457.168345685506
45323,7778.844189478959
70355,13799.752869491025
60611,23799.69205515819
74039,18064.70755013493
41433,24343.970581948965
30187,13955.259091000295
44054,21714.446373182567
21447,29710.30367605615
86990,22518.723531607116
60053,1123.7080609028253
69070,7744.776322426318
43120,11709.232013442035
40995,9907.836457175861
19586,16738.617207803225
66784,13305.765232255762
12541,13311.347086784433
42750,22447.66169356973
19047,5142.497281020307
66034,5382.228118986741
86735,9508.846590753452
39263,10227.657340849542
51970,7660.291936028247
30483,11894.359211735175
84569,20870.083447119006
38232,14106.344977521054
73483,25415.20078896245
72891,15568.043616483837
83826,10942.799220821182
70213,9369.426959346229
16426,23738.717882207133
64487,5369.048286596562
69741,10500.728249579659
46589,32900.921249309074
51759,16480.27948868575
48719,24390.19315579126
90373,10307.6189622225
56548,15917.052109668028
50046,9965.78400501046
18154,16489.092668627178
62008,11725.213325787343
96119,9566.61546942067
82653,21004.435082796157
95040,22221.37394278907
17509,23651.905121382235
62467,7671.639725495144
96453,23193.293329606728
48879,20582.454943885663
31473,10709.759884502138
39720,31351.126628039543
73999,22812.32376868065
24843,8727.599525192778
62606,6735.940426721065
90941,22462.813090367814
55118,12154.722503907542
92087,11828.142435047299
26156,8589.478059844749
18240,24973.84889871462
16139,11620.669356503491
11407,16391.7077431282
62216,16762.18564971493
35498,20595.01468321355
97967,14522.825207847374
47586,16298.489434451061
80762,36438.81071404756
30249,11084.638945684539
31836,10809.614203768437
19461,10171.327478564705
31069,9653.503201852704
40190,21807.473903007714
33165,17960.545996818448
83265,33973.080407374015
87171,21063.09769375753
90959,22694.84002982569
16566,22525.515788280478
44468,10212.559829781236
49953,15926.01721027006
19672,6765.769224437701
40341,20961.317920254733
50903,12321.69311494374
78760,10572.952749807715
99937,49997.713024543074
85361,30372.18085612556
60265,8558.740649834961
62595,18288.11688959052
91952,48637.699217321046
90039,22236.26344427409
55481,7116.374374490457
53782,13370.460628039484
60351,20416.8110477364
29785,15851.613364329754
13640,14978.245617243907
54133,13525.909643726736
76170,7813.214330893841
94658,15974.69755040459
97430,19823.60611697199
26390,14781.065534858906
97903,29748.913649387556
43988,8099.68647976102
37532,14811.370622332292
48965,19159.18934981602
73749,17031.706220694286
73581,13458.549232307854
38810,10685.298769648787
26831,12410.51308148597
45501,20025.508667121325
85522,16307.819509343002
10735,11806.857571465545
42336,10249.352773541188
18401,30576.196314853667
55820,29156.979727690898
48589,26524.095562525985
72003,20425.70284633459
52403,9671.910860961962
97547,20316.36231050604
69759,9618.261222537885
27891,7694.281936744832
31623,16825.944524520255
19922,20148.90884277885
21385,11515.113898014753
91583,9582.246280421346
97041,7760.059259770278
18202,23376.93359785639
59480,18452.0885586954
28880,12457.194912890427
72798,12948.869634778272
57699,30527.561648923693
63380,8291.047193429018
17641,5889.419816986669
83721,13009.876756465872
45889,30361.574780303083
58245,41727.75159417046
12661,8595.633256003699
47581,13697.486192484886
69262,55729.77780520959
84661,10727.042756450168
45244,13536.850691297383
53209,17478.43704700802
57048,11864.800028030035
13165,31712.142048129812
92729,17975.793617296193
36210,7682.350170589923
41407,21587.243530967207
71909,29093.245747226552
26151,9857.19741832364
17224,15637.92415233108
65999,10331.907949214994
75970,15555.990971163139
85513,8066.940669381056
20092,22312.154504603735
12397,20096.44452959412
18079,2342.9974538576134
64782,9671.53877054576
38048,2530.585717032651
89933,12593.996142899192
85503,10402.471408766372
53373,47561.27110136663
77147,12903.68482055173
39300,18526.341922871576
87133,16434.791641379154
81957,35912.25541809327
29735,34018.556856389056
33857,11410.772834135885
94824,22582.986447354422
35946,16238.45954713543
82003,5461.458541338345
87751,21704.962953754984
15149,9845.511577043642
91183,40302.00642614828
49556,6790.305408237011
81173,10068.920346760242
52697,9268.191509140266
98433,12799.147459498792
19683,9860.750273230464
77095,21299.61365071429
92487,16828.512422063657
11086,30217.605088114356
33148,8863.398681023667
12058,24538.397630644246
48064,7709.60686788726
52882,15814.262098418272
43908,12476.7685312555
20333,18758.975112721393
69913,30871.004530265316
31582,13146.337732552547
23659,19044.116820131894
31811,9436.221070012525
29432,13084.06474846053
96482,6397.467984724146
14485,7460.301619525311
75215,18697.369522966495
22722,19468.929569665066
94889,29202.270687017808
94441,9680.043689894108
83093,14193.102603587558
32920,7208.619410738156
80384,20726.309603512942
49941,6324.039320423315
63994,12885.101730031023
58264,27409.287363933345
62959,10400.894460513504
31687,40667.21212807925
52197,6609.456511705979
25386,10454.735965143944
52958,24736.778171750026
28485,9322.853907242375
45735,27042.710267186376
30465,33525.086669848955
42270,16774.425274148747
42102,30030.388838245977
81662,10981.576955572753
21444,9145.140061633421
27521,15253.343753162222
48346,5880.673373704218
23240,8607.394798402553
17573,10464.586813216125
35696,10411.937356453429
29443,14539.765788131279
74955,27047.977414376423
96363,18710.678350271577
60387,10083.111446618535
78520,9667.574164752546
61778,29427.05276224293
41791,21541.37792192233
17867,44829.31857655923
76300,19593.159391310895
38707,10930.643742235452
92525,30333.115753873717
50271,21802.17759330003
21910,8179.284945314224
23097,7924.347222656665
15299,33818.37174312683
91089,6879.108883965693
74922,8898.484576034412
25448,34833.27443998252
22804,7551.472631592484
71958,17736.496776564258
61499,20021.28377010724
47747,6263.969619586091
49357,6678.400400236174
24999,8496.534223351859
88511,15709.745701158328
15744,24449.436276296467
76331,14335.535833157763
31582,12117.258044935104
95274,16398.309615382157
38028,29885.29184000679
73427,21771.635931220328
90436,19945.258556018278
67325,11990.939331294016
52769,6965.932225905881
66058,13991.260612197459
65445,19065.712019460872
31492,29496.608467523816
56043,8981.06089139888
65742,20020.55528675489
23068,17147.122456331104
86282,10310.650580167767
85903,33905.04738883424
54976,18519.400588056254
85581,16487.23288039418
14809,17630.791502522923
72810,29169.879781460782
48588,13599.511453556519
11315,17783.646452389603
76941,10365.396238289411
43831,9928.587918148536
32536,19623.015387943447
64718,19145.18814403634
89095,13045.103709219153
98092,7630.975532905202
48663,15929.015420026857
64887,8841.368393198176
71536,31115.935548891564
28396,14058.399295127381
18250,11320.571113114542
51781,9903.634044328352
55692,17072.03066593741
61847,6292.154807689725
89864,20377.984374375825
94161,14357.789563445702
32087,11179.50270608243
34677,9997.513967526302
69454,22342.56746222831
17341,10167.06547264518
74661,19630.63585879266
52908,9445.442808723346
78290,14183.926782626078
68971,7003.359727415647
22868,10500.9255180118
86072,24851.287292143545
47514,8601.18877306248
30061,8733.682567170878
67425,32473.403523171175
31391,9201.932514946533
40559,17599.370781175425
70315,18201.2073636839
60556,12953.669341109153
89011,21836.421438885278
47160,10096.507175043564
64539,8724.249839600307
19440,9568.407030377475
73313,19617.36235095175
19943,11503.767560330598
59819,24880.182095907727
52283,21789.61162307783
50608,14581.694309976318
98008,30507.16705530029
28477,2278.96582496924
63011,18087.998990787295
53649,9634.208114303505
89054,7067.463567419787
14465,18786.36674107115
47263,14323.363332752226
16584,11990.805015913242
75089,10051.891222291924
35246,25267.273510317675
43340,14177.772069592083
78465,29242.91686583863
69703,3394.470183393676
17286,13467.366098253893
68929,8125.665097366606
76562,9539.139651598005
38493,10831.332278460832
36359,7764.847804688388
68505,25497.565766306103
88820,31310.054736455197
59018,10199.260360687422
98881,16065.670586321956
57487,25032.60455645387
53072,13883.911289206459
10698,14210.472609835655
33869,13173.246284810919
10315,19213.68117602628
44629,41892.73961384637
29372,6636.264831271328
46606,15034.843282894602
88461,14973.561901259256
76628,29210.705094596553
99199,24195.221742083835
85811,6889.481718694304
90815,9383.365425220465
99442,7536.476789785731
20068,19771.26039455533
87024,9468.715879221712
33189,19637.700305312115
33257,24845.891076538133
66311,6785.705664390876
47221,14022.27661491094
42451,27808.60058455899
94892,12338.444031410736
15832,20386.57106241779
12501,10155.035599705214
42921,11838.480219287168
34395,16576.58814983393
47986,21673.35089288992
40092,9075.610932982949
10368,25822.180411461908
53014,11127.367296027453
86862,6692.38524755945
10251,14131.457393188177
83361,13033.412856933901
36261,11303.609500503357
30548,23180.75622188922
68475,18504.89694858463
58003,9780.22160414675
16332,16186.565406785272
97225,8409.829359825313
68482,21429.972427538727
53636,12677.94621606201
78381,10973.965359863992
35314,10802.539871770647
93707,7771.6293240827
95620,17308.703801375545
67807,20748.690239914777
38183,24207.49577960271
60179,13856.060905460006
25580,10824.318571009266
39502,13988.72030080789
78669,19307.12956118442
21761,28039.358745467554
93463,12336.353274497444
40537,11766.655234853935
32896,18539.446933024774
95600,18836.470798122045
24800,13946.72125285047
80460,7186.695553179536
11370,8116.403004720189
19029,26861.179270562396
95294,39251.521028149116
86467,9750.32523017716
41523,21921.47653803977
72204,15650.71174647902
56320,19931.45564956968
23118,25227.45688845369
36584,11278.17415676227
14182,18064.903629366043
71039,15041.21321930658
27949,15920.401987196277
85002,15440.092835454774
74403,7720.724829617278
62484,13486.44025629286
17017,9810.88462287671
73500,9329.8553854641
62826,25042.96543983626
64030,15254.939947896659
42914,16264.32894981062
78610,10070.208319647025
40457,30879.85000123683
59600,8535.450344620585
58288,13507.610855056959
81844,28449.827012646492
22138,12254.553573694986
86196,6383.277927969397
92757,15607.411981584024
11334,14347.532242524347
17557,11531.062376820566
86259,9990.460420965253
45974,16033.32569130247
78085,15754.657513244056
45666,32836.6010551625
92052,22500.61884164573
81468,21705.255586650375
51402,30960.875183145923
42476,14017.73476582573
52701,12527.519965935608
59029,13845.875045244697
15482,16842.45848132389
92820,14266.33139280184
20859,13160.756635199876
77290,10162.314362531688
60335,25160.071965299423
96832,16484.320781094484
21629,25551.147278548167
50484,41410.77455937497
83404,11428.507971325605
59199,10468.959241697374
74270,7596.534532578962
63233,10841.717279198027
30140,11793.714137739013
16064,8128.497012473823
47710,8850.7053652857
14559,18835.11187434465
32803,21911.605409641197
34579,16971.992811327713
75668,10555.617439266443
99173,10007.783008424532
66208,20455.41276328574
39481,30735.891793979088
88581,10732.527009280726
15039,21151.600457945628
62360,14459.217741365988
75800,6638.327828122323
25397,12992.905206357897
12016,12179.51040756852
11089,67961.00821041511
57702,9606.310696023382
97719,16411.28690126755
82442,9371.519706260584
95960,19624.66569535606
41547,6972.292191705337
19094,12125.28691275133
58156,15740.531994135581
74848,23640.8300049457
76231,15553.072507595942
94950,23678.31790707568
33553,11395.049525206154
78502,8601.763642810583
79573,6931.836947790845
18135,26347.74010832665
79144,9549.40588570922
38167,9395.938480803681
81276,16928.324952283743
55920,8677.289063880904
34619,26360.200865438732
36022,13441.672927103595
51306,20587.569677651918
98322,21830.973444993295
47220,10984.622643394756
20144,9590.80064422359
10329,6978.722954686853
87725,8442.325116162923
67531,29060.68487198843
88755,8367.466114533134
85152,23802.256374786964
80879,10325.350868981357
58936,9964.540296152423
28856,11630.097998352787
99718,35108.46958726688
26548,30873.257083817967
25578,61165.18184310988
23206,8048.104820680219
45860,8600.242011213873
67873,7572.097422087905
66206,8685.03106703761
72728,10543.790954246664
64259,18623.31888091617
62150,16567.616601020156
55745,27679.892513738596
80814,11471.60148075431
75809,10103.53352732652
80316,27417.361386940356
22084,3658.74463463746
43556,32331.923587556677
31329,15774.446778211528
97154,10978.3390659404
46270,6369.875645663549
86479,29357.51818242451
77369,24983.709623269846
75436,14358.871096637577
48182,16181.161357855202
71057,20791.737494933488
17786,18929.428731897548
31392,10151.297636368441
92092,23161.04800199054
14110,8178.233107540555
11122,20365.508922333724
32344,59566.4624635633
16951,16276.520828332952
19179,15961.506528802534
58225,30905.368109928888
61215,7334.87958369495
28311,10335.78856284607
57796,13249.243908246899
45660,13457.55393074395
53139,18251.46894600798
11809,10009.765993149169
71912,9544.289009047716
68473,34128.77391321163
50307,10011.444127142071
93741,24888.732210298236
64168,11391.00687234628
40281,28394.39221932795
82630,11321.06780328758
72161,8696.735199770039
36023,15906.378896394006
76306,15953.544696677485
72966,12993.728580342016
62551,13117.457950465747
16693,34574.97217282407
70121,13243.295632874859
10061,10936.07014230619
55558,10613.145578513044
59635,14249.963270935086
66065,19033.806564579063
67348,11902.25431783485
90879,11282.73514644575
54774,10645.096045778359
99522,19844.84261453435
49502,37410.44875916254
82813,11505.8744940515
79294,12550.776111787443
83549,15691.86867684152
89492,13566.92547157807
44620,14771.728978031713
70669,6832.903927677327
38556,17879.38532868939
92749,12448.067795367573
29854,12298.198284967108
90317,22182.70934972106
13844,14939.964652570941
85423,15782.705485736493
50564,13594.221357477565
72997,11657.525645395544
23347,20288.207361534962
22858,17349.88332317015
74734,16356.027630757319
81254,7749.7132916783685
18246,29139.741849411592
90194,44323.13571933733
88154,8850.120311554838
35289,17221.497179653205
34103,14599.206254716206
43803,13822.39010901306
99051,12853.352875290402
43725,15771.648498971274
50808,11714.304695593582
97397,9622.367159434283
11684,10154.940333077535
57848,30580.788593031513
71736,16694.410647863962
34892,8026.334841578613
51990,21832.767300645297
35348,15519.386343480985
14477,25522.54587059482
25158,5947.934510596904
97830,18922.900986996905
57508,31662.804780744467
14440,13192.964161680928
13990,10227.657340849542
86300,5416.231540403704
88634,24468.525324677954
68416,16008.9580632873
47578,29240.399029429173
42289,19274.66406791978
84352,8506.695961735033
59338,13537.488541601206
36178,8003.101389342095
92484,8101.619565974477
84686,6718.1831431244755
61800,20409.785791672242
85685,11614.906711618278
75263,20303.5953744535
71517,48662.97131367107
50693,10262.594160759214
77925,11271.367986120513
87614,16599.793349141426
11395,11802.865838585552
13617,12103.81790039493
29359,10417.826788818544
46030,17816.842678462006
69178,7582.149869192197
97223,14696.620273752811
57514,19228.220292998885
42806,27794.920971748004
82952,16298.934122065759
47601,7923.552354373389
34457,20836.113406220313
50418,7269.632835357146
77435,16906.20129558285
53883,8965.248312178064
32276,28376.892279752487
61016,18394.915864336865
27111,13466.069240462977
86128,14479.515698104497
50323,11106.133405667439
54861,19748.56720553505
65491,13033.230567414217
86860,6042.759824381234
82963,15322.651337668294
95277,10269.221095583398
69125,7406.219490149604
15461,7500.0093814993415
14992,10321.08757731444
28513,14519.654423287793
30537,13910.180095699037
24382,29158.144600334825
63808,16015.260591772403
41180,12449.327254547157
61927,30525.215071867566
79263,14901.056814304635
87084,15317.819266089064
42698,37912.230697215535
15680,28300.078567802695
31351,11519.769930731421
14975,30917.2148651928
15514,20407.276819360086
72254,4459.743515948532
26144,16043.491315578764
44553,16606.574979782723
15200,17502.381643202047
84982,27302.153572792617
49839,12698.353666671892
52014,10204.682120473739
53736,11245.079478992317
70921,11249.31017739847
44813,17285.94993747623
79395,8483.785859611444
85295,22523.56770884725
92913,6755.36931908417
20883,33632.24873133248
13512,15846.948045466163
98894,14920.879662663534
86993,29010.203519309485
28432,18160.186742402195
83924,29651.01478512609
96491,10009.765993149169
88560,16215.032316211107
74360,13654.050336715476
97976,17898.880864911953
95428,8343.642567248424
54726,25856.774663297154
59345,17283.09371458674
46998,25549.09745961392
91636,9490.980931107377
82973,32557.42056771093
73478,11765.777809115665
20389,24514.314091393742
54395,13512.583201764342
87762,7009.97057384545
51765,15792.602427729738
34863,9411.464126644554
86761,19689.344689760994
30768,6925.5443255109985
68906,21902.339161765438
34931,35553.261952311834
29376,30708.464797175486
43322,17136.599958354964
65105,12840.643241571552
22662,10772.313442480043
32941,9682.983172552988
91649,10714.634405810442
75094,9387.10528639062
38707,17942.268461349566
10947,9911.388809543743
61697,11032.26959793186
86076,43218.02471056591
58388,11097.101196071193
58080,15304.82498956588
14794,30779.092972733422
12314,14064.137857352769
32791,4056.2007422489987
92825,14456.295997593206
77654,22229.56033925922
54470,7605.7165519269365
48211,11716.85678211059
31664,14951.344124268599
20079,13718.342289448692
24345,14982.08428267926
95448,28119.00431562685
54169,53431.78297378837
77171,8370.05114774111
64031,30870.707157139397
21346,21818.39436914472
58130,9411.747747484165
10208,11077.411665273085
97445,16690.72063559954
95491,7417.600578693002
77777,10005.216729874184
41264,14356.113202577395
80248,13160.89111045991
80745,27169.40977131996
45932,13317.480504234525
46064,8266.15541080245
80337,14283.224909797158
13202,32732.458635432027
35261,13001.45773200297
88868,52149.00749691807
82646,13924.534787230019
42316,8666.107598167779
24367,5872.537083404672
12977,23306.00248184146
47992,27874.61824569189
36181,21253.73611789533
55272,14792.546241648895
82678,30731.168298780693
32087,11061.157543083453
51592,9752.707277272053
68968,10324.734170280517
11353,10775.980290143427
98481,15102.268698553878
23427,20317.502974047828
84112,13577.727533799949
39577,20501.469071917512
89421,84666.1544660136
17747,7514.15088055048
43658,13838.344190177622
15840,16768.60633301326
89242,30892.402269944356
40723,35586.57080311343
27269,11330.489275084918
73296,14215.633031142797
94388,11072.75768679073
32290,13622.741441131046
83731,12281.045044160956
23739,17331.079962727916
21504,26252.13248934837
67267,6553.9063371892535
30843,16684.216121911482
11477,9234.374538345148
73453,10795.448300983608
77678,23376.93359785639
65602,15223.788689702567
88186,20682.131932571843
93561,16979.79855997191
34462,19388.548101562686
49308,12272.070650082163
86506,14872.954425284921
92301,20015.207046983363
63976,14996.252591201024
62621,17176.873256951836
65230,11021.759055407223
86447,13497.59406822516
25354,15726.476935517047
61973,9381.243012888677
22997,12921.558712836104
97974,35628.49476425588
80027,17102.163857698775
36664,11976.643800784117
34257,24700.231458076712
37188,27439.642531735375
86701,17086.710143109412
80219,9140.759752557686
30701,10193.79210484062
51362,4401.433154786782
52225,11193.305506035736
43073,10426.396975765052
19210,21667.222206179904
24813,23777.545968340288
52391,22689.94389566309
10841,27234.357964031224
31052,17985.653001763545
24435,9894.365858484103
78691,11133.408299948547
43970,12293.565229459338
45072,50079.4768009263
54419,13093.874280060596
31124,10532.738469258315
88946,41924.517663307415
89200,29337.060187548115
98073,7527.105916772007
54330,16841.124619322887
20419,29085.587249943397
63061,22995.24443496926
24677,20872.317476632583
67164,17162.76485991038
28162,14494.023453194563
88187,21169.154351317815
55577,9639.76245872894
94064,13971.058308736996
46287,12457.192149592527
28486,5878.48714637042
20325,20415.418890007917
24511,11307.600714484368
24453,12905.155095078448
49574,9185.271283463924
91798,11904.640489266185
12744,10424.473337054613
20521,12029.25466905885
41570,12859.007315025723
12089,6809.23786083268
60503,30513.735650403498
76834,14878.703047047236
97247,17598.287323391945
73441,20239.632649392708
70762,4816.891960631279
91058,21848.8594030487
60254,15357.989257567913
62407,4774.325060864716
26986,16104.908529787
48654,13025.292033183445
78554,30851.272117764656
46167,18712.007623784495
71442,25648.575184009504
22873,25653.235839211593
87908,27800.289496929385
58472,15890.478487443694
63322,11866.165520219642
49457,11312.288198159644
21942,33828.42217829624
75731,8428.90080737735
55212,7688.17373763803
69938,12055.771624008099
22485,29117.57607989447
42203,5559.864905204691
18126,9230.52815169892
57987,11362.551642544257
77153,13358.61197607139
89843,7489.384308887558
87545,11708.561966788937
90336,13280.507618259624
89218,13365.974719947293
54705,23032.651279343016
40474,19981.32134843828
92042,15253.410412979745
10220,10647.448587978844
33146,12692.267612024312
23581,14144.909417488758
75795,52582.16019666368
81759,7540.939898517259
71195,23201.26903207405
15528,12544.632573910258
83794,33454.94607959909
86316,9633.509826089503
54049,15180.711227129319
56902,26590.79495692373
98893,11268.843297569863
85908,7889.948251076976
77214,9071.317451149796
10375,9260.773345903877
35220,10428.208209730823
40885,16724.778261336818
70997,7907.091085908045
75908,37448.84910361273
63783,8735.729221433397
73312,21522.196514742718
50569,13893.40117674777
90554,6279.697491667082
74664,16134.720252833895
49582,18012.354993782763
21109,7858.251369043104
82754,14409.85601430129
89406,5744.752765600342
51129,23095.967186509064
92717,8292.635997590478
38350,11634.840590452808
51601,18615.193978195064
95246,6683.318552390167
98631,11432.359687887056
60358,33910.58127555618
56925,12944.012861316118
19175,14353.452412740726
66022,9413.048004832071
79928,19072.496921926533
72176,10998.826047006898
22305,11237.55971381361
17716,21446.17170037358
26827,7498.059235155155
12640,30629.27512314282
41571,31453.25766703309
13762,14103.716421478246
38387,24859.378040899348
27920,29795.869859658116
76104,14455.660046182928
74804,21720.286388415112
18675,29044.669888810808
73539,16162.981464498172
41894,52210.67631394195
12615,10714.03136995028
86599,18085.855692960784
71642,11953.326648681832
81507,6938.127970013578
39359,33877.35271781933
32974,22969.87353244544
83174,9475.470586886364
35130,12777.743421144542
94548,15240.23418648129
13149,10001.836021280658
12981,18279.432672084215
96960,21955.16475850356
87973,16024.902951016578
35345,11279.132705423515
81538,24830.996281228152
87540,7857.474564283582
58396,22723.110556880907
44702,12600.103815878398
66969,12628.281203926914
77313,14140.59194323395
17808,7798.790528784179
83957,11100.500755236906
25652,11172.957848199501
29386,25449.994279747567
76000,9819.323150391476
41590,26728.416487286042
39734,11398.798046063606
76046,18490.439941446955
64623,35474.815454334705
53531,23122.367309896013
29448,10291.955110743986
30320,13653.770046874266
50294,10811.323152843117
87252,37435.83894737488
34484,11429.181127292053
95425,19911.705747265518
14674,8863.427388742151
10410,9039.529521320477
48665,12721.24885608403
13267,6935.43357794037
77359,31357.563461310747
10266,10572.952749807715
85474,9540.266255919276
51239,17464.23464543724
38430,10009.765993149169
79966,8620.425502274375
64456,30386.313147186716
61348,19919.782620437967
51507,10013.927966403873
89605,13171.048002216854
49374,8492.235143725084
25362,21463.83760093045
98208,25409.59585570058
33785,7501.989488035917
24248,18716.86045025926
73905,87009.80942344255
45661,14319.098219809523
13301,26509.82838414804
56954,20857.04328333813
10103,12386.008043184913
49038,13478.022775566349
72645,15852.387304401895
77991,9392.95942473055
44774,11610.950610169808
98951,7974.687979484717
58663,16245.455004632322
33917,23215.179969797544
57844,16125.318306798377
28393,30438.89685255467
26336,10542.906647897056
27905,12971.783841773424
93027,26816.29271458162
37328,11626.370971503435
23010,11321.338610696554
36644,23404.354900454266
77229,35420.379644067296
82118,19769.437432166997
22228,9023.51839968469
37018,10047.388116301328
79314,8263.430815954545
27644,13505.023683797297
20279,33251.67843177735
68509,45636.74607750287
53487,28943.095373268843
37755,15828.498178126834
76580,14097.884057036146
75373,19820.028556220554
64065,8166.492983810178
52828,8929.027136385997
23232,21549.25083370872
39515,27851.129356822108
44685,8876.43512131639
47133,11578.189400995729
92628,12690.743327459453
21994,13090.455506036351
72813,15144.287239544516
42000,15179.025347508452
79124,4995.822378880921
65025,14864.684439401
14428,7767.347260657811
49757,11886.996674851647
37945,10646.250151602582
62392,14285.768852722325
92003,13474.533787954766
52881,20144.580148568763
33795,4032.468952427449
84288,13724.299351290781
97303,11002.272198085611
24603,27768.476424733133
91471,15433.359474477313
69195,22689.94389566309
70863,12339.4539161259
20515,23683.763136758018
13854,23640.8300049457
76100,30834.03295930662
22104,45949.98892692769
41068,9384.147156560837
28992,8748.72757666577
46143,15450.570558915095
85793,7810.642027326905
32652,24659.44875900957
65105,7285.110882348135
10286,18724.729940791283
44927,10151.986307292293
85960,23701.122042237243
33132,27107.497213985225
10923,13128.518042372572
97624,11433.30918921538
91169,17815.891110685527
60002,20211.354765850465
89342,31663.331034327584
90215,19618.92635988557
20468,6945.910398566444
50274,10897.892031927226
89561,11494.667691161107
40975,8842.72452681297
47703,7372.298316899432
53239,10885.739915970025
87238,17345.488922256092
36968,22614.780050149748
21614,13990.891766533365
35315,9732.140512376409
38138,6270.95707313666
86790,10400.948775058176
31779,20934.764641735877
18063,18576.583019167687
21365,11494.740388660066
92220,23675.015704576883
66747,2806.152677945116
22576,16090.630212066204
47664,10232.817651350299
83597,22490.34417082378
90578,13659.587006238271
43780,14810.881322829682
64383,31852.250238322933
55597,5773.876365248287
61604,10107.430928023665
56255,13822.542137871551
78961,14375.80264027333
51410,12519.665795112767
83692,13433.762219985823
32558,12567.225165209149
15084,20054.471530367686
83839,13989.400331955198
75007,34702.00753205184
39777,47981.98850266372
87749,19793.225041783757
95596,8830.615854405467
26450,9772.792401160825
39825,27397.677160236344
73733,20741.79559641971
71145,28017.69190065912
77180,7861.483177836029
74600,9067.956150959226
62389,17878.067170010738
41190,17230.631955972054
80813,15092.426759148411
32616,15705.31877078183
33970,9080.215934981788
14357,9508.575641978201
35768,9005.76119563005
84436,11963.455699573504
77705,8691.098564452263
96498,18863.669748673557
64900,22077.832186698823
35849,31384.253200181603
21041,7021.065673398132
61358,10912.958187536282
57303,10936.07014230619
13399,8421.951314466081
17804,3901.1378806226166
17830,1818.1744535648668
54515,12840.444811921432
31244,21625.44185634864
38599,9421.048325483525
46437,10993.724865262478
25564,19584.00545768861
31089,10255.10806871402
71649,15578.969627560864
84344,6063.766440605214
32022,22388.07299436684
86899,17935.39768700317
27342,34824.486892105495
44155,18562.799999843584
73842,12514.701906375096
62779,11975.930462512799
28580,10912.383499258174
38460,10130.439329754427
59386,11578.450540093632
22316,24844.011010116352
13121,14350.25731721831
36365,22985.437741885573
78530,9424.700907839193
81467,10807.924677492148
77536,11263.127328464912
81669,23843.672297564623
45576,26511.407759359576
37980,27683.817443549346
70177,17208.68207338934
17528,17917.507035736213
74696,8671.576844144052
74243,8055.186656037895
54672,8392.192091223826
17652,16072.210540098016
76116,18055.22256859066
70014,25969.928645700827
24189,10895.113866164307
19971,12677.20147339915
31112,15225.558232449477
73258,15993.387628583052
93081,7527.2591644939075
49896,14668.620082925945
83400,13719.858450925205
23171,18184.617852339277
47284,13907.948719328257
39588,14713.550280188218
23937,2894.7555032216314
18318,9087.220169837103
12753,12191.80780301239
71933,7624.237058810992
37253,15912.799414832602
92880,16009.486223696831
10291,9388.267060181373
89086,10414.279691648155
44807,51923.399421470946
51805,19569.478639629084
17720,16763.07855856425
67840,9349.301184761274
58857,5705.487481828239
80493,9143.324072186464
61234,38140.04994493194
57821,7512.321955489704
18437,29554.24527591972
22058,26004.78413312901
16005,21380.524285319872
44735,23070.569454027333
47871,10739.480439427394
38089,59874.74098945587
93033,15869.167517215014
96069,19442.598303972354
16727,9664.077694557083
55234,13941.065219289076
94310,30504.082967210892
88441,13302.60755906043
41043,9475.78188583941
37341,20765.08910217826
40600,19427.102019740734
57645,12393.498411077444
33039,4542.023321633167
19180,12765.882268515163
34206,15979.665128586596
60395,8063.559259684973
59294,30973.548754800715
73701,7132.915582357464
61135,16686.632634862093
91443,8987.329867235962
96713,20687.391226988257
45172,10107.430928023665
17475,7853.146717954725
96077,16305.257300363857
42766,14559.447327868002
53088,11072.464699035203
76103,14434.682877215595
39820,9790.396397450117
13832,9647.795432618977
79979,10011.795369870633
97324,8292.902056797158
23834,9698.749931771901
35712,6288.137934749368
76468,6918.034960385316
26711,42015.77471635016
41201,34983.143756023026
34914,10739.560189313335
51451,11084.979920122485
84732,14798.494755476
20139,19315.05766168741
85881,9292.765508743594
87063,9405.76639289374
81240,21637.587364856354
15582,13071.947850231743
35276,10133.28040328592
72921,31542.804501617014
48137,20527.808457447067
90225,18976.739363929617
60100,31100.54353975181
59799,23190.410926828157
40851,25697.009910965535
84111,36328.893010021864
79705,29598.36542404831
65175,16623.167501614564
15406,25756.377451427918
81953,49036.421594150575
52427,18146.41536246715
99582,20795.441445295342
49969,13534.110724140872
91501,3608.15299516324
53057,29006.01204900393
51362,7588.418126063076
96029,13240.010990499322
68139,8073.295237884471
46378,14304.287637984216
31827,19526.98983356096
42830,18266.108701163856
38982,16770.562933305566
75759,18858.37878521535
37678,14490.356112789883
55552,7460.505991603715
26626,17668.52362723202
63532,12995.699022433733
68600,14982.17720922148
54673,13171.806769446917
45119,14773.8837657055
39884,8363.691133309812
37372,11791.964869183435
64772,23839.799866917696
60995,22546.62831448519
77448,10566.164853141488
94172,9478.700382088471
57763,20627.154617698103
97191,11075.701666939352
73906,34628.38155035037
56864,20342.431127322434
51499,15728.955497018862
22390,20301.530467443306
28088,10759.863633821798
25490,14163.029628656404
12179,7280.880169778538
63524,23325.56924202729
22048,12152.367916621883
60122,15113.631245251712
77577,19743.260504597503
46784,9322.836689252128
46004,22126.37310573995
54296,18802.55787950227
98799,11461.82934803756
64750,9424.700907839193
57642,25925.083380177995
59166,13901.437967670267
63164,15611.812981823952
18047,12247.155665218197
55232,12291.290031370903
79497,12621.60938014853
72611,60843.580689029615
26305,10490.555641589845
93840,9723.75327525396
15543,9540.945463806893
24820,10023.247917790373
84128,12924.491100582163
61816,19993.03055680254
75499,47905.870646332514
93146,10385.0931279547
41065,25416.757146845972
14679,13180.527888352492
33031,14418.804092833609
60739,23476.937468909964
30444,13755.286417737658
99706,23215.25355484582
59981,54865.818231441925
40596,15821.238629655603
28650,11052.742995536351
79112,34232.549955057664
79669,32144.83738948092
68341,11503.295840951996
93616,9451.371798789318
20479,25908.014518054973
18091,8646.083730925173
15375,22312.132846856726
94843,18968.389384425565
16734,10271.754474371559
98080,9557.338120658216
67397,11775.409912875148
13784,18822.49444843144
64708,7707.453924204248
85933,23387.879603461653
42663,21978.986167138788
41070,11494.52377666434
42690,7632.449704122504
65971,9950.539779073106
47294,7391.360993198039
97289,21225.336094910366
95941,25226.114470665612
52600,17934.032267807474
98514,17659.79467399274
81907,5306.385886496955
93412,10022.946907057076
24129,13232.179316346206
68227,31172.903271173345
82919,12110.393466899535
41510,9107.337602305997
68815,26538.767244581642
91870,8282.413431969033
61263,21895.659686807576
18106,24749.271494090674
87645,8254.465596353675
49251,9999.669636683731
13989,45740.45692851705
54584,8844.865858094827
63708,14007.610765920164
35294,17335.9996972713
17565,48861.03873996478
82200,10638.19241147304
16714,19158.287376709664
53839,36791.46492898195
10466,22625.605337250137
69236,13618.180823571007
33055,22930.96895493222
20273,8325.512890619817
55987,42662.3300713685
70898,19381.255713826515
63575,24057.684441745972
65349,9769.359858736272
47853,15675.550505481438
20511,7412.926623612431
33398,16307.705647502256
12423,11845.999485444412
63749,13659.237440200399
23641,44856.780366496714
12160,7789.9666164942555
63864,8992.672442329893
75489,12000.639457028912
68447,16328.52269197057
11138,18098.911883102744
97247,28755.79040022855
73287,14720.910814164567
13802,24644.531536449384
43357,22753.017853912195
11997,9628.267882684762
71898,9456.905001738236
66986,21023.690147442583
66936,19489.72188198849
82858,10159.410510976126
27099,6798.055745408168
67291,7499.379817202311
80598,19236.711807857224
99531,15748.041820933322
99433,25016.42469981512
10551,26252.72025400865
57684,21321.359888309224
32164,23200.785423369878
90012,10618.986048707704
58004,29197.81111806815
90058,13337.856357107175
69462,7645.882687743671
66960,9917.061541396728
74194,9355.056641201305
34296,15701.883089108554
20978,23501.381628735784
44541,14966.291740570328
12685,13410.238991986073
56604,11809.761666487837
42606,50986.234750162504
10851,19551.21421445235
92749,11738.412439226682
44293,17589.357414697446
75873,21144.37399810972
18026,17073.553817424
99260,29577.81665515496
72080,27530.824814365795
50947,6888.57591283466
96662,30351.849971449483
38967,37712.5289558754
29773,6871.589038277192
41318,23067.456891617097
78440,18816.445150653683
96615,24254.45815278905
14304,9490.411483697093
80790,18026.370823315
80613,13019.098033119935
19491,13327.52142626433
42462,3915.240870763366
74785,16767.151887016946
85955,6052.290158577278
23014,20347.83785276178
42934,24310.87698729853
20910,29391.157209091976
24284,16931.378636275273
36017,9539.72223473301
96305,36813.37933365361
15544,7252.536950141723
87272,12225.00671165267
77477,10011.367313405088
50073,29089.30521763164
37964,15850.412179346413
24924,10691.560115967124
40828,4382.069682390487
57352,7789.717746398323
99553,10708.004346721034
38887,15158.14686351522
15672,26265.053215218777
97838,10241.947017024777
70685,13843.335644073455
34343,14529.52119699385
90382,12447.397000356172
34120,9585.676549490956
80159,17278.638332915438
89101,24801.180388220568
95251,6985.395098364033
81027,10524.550053896171
75121,15267.768561651803
25887,17150.650614723145
44533,24511.022764141104
15132,8316.54611881124
98953,17026.991376402544
55792,28439.854897324265
33722,19396.92565882001
11348,15933.415327266472
86846,14247.37417816611
65305,6746.834952022311
14274,25205.143079899186
96081,18370.937410084254
33646,8155.664545600543
80343,14865.742294110376
75657,7399.6723475976105
51092,9807.77680182995
33769,7701.566477659768
36812,25687.632704632986
20970,15463.97862228078
60292,11063.386727469775
85699,7905.54886720711
41969,6592.238717990316
77216,57701.89440029365
65154,20175.193511150123
33707,13193.090531316722
46970,26595.738412169652
71629,5866.875238548164
56569,9866.652824091463
50729,28479.65654146859
41052,19887.1145499463
26863,12759.572331661888
64284,12084.186838691228
70631,64877.88119382403
77045,10571.783366902862
87848,9998.117757065087
32017,13158.132639377724
77254,12739.090303961773
26258,34686.15527614607
13765,20405.85204873567
72921,18737.018541684254
65920,18817.607004890604
55441,8350.324123221759
76003,12056.320229259796
14491,8178.282580566691
29527,30291.654095638747
43311,17796.93974599875
28741,8893.61474000594
87564,27340.020324202567
48657,11105.311824850984
96699,23813.431723892263
29925,9669.705496698349
10521,41141.40567529484
94820,19321.629531277602
84938,16971.661774215045
98105,13481.766674259201
98517,9522.536064863612
33380,7682.145798511519
96476,7970.002862911782
77175,25671.989406708104
10773,14470.289095578186
68074,30681.808511129137
40991,7405.0024775158745
40942,16129.697910679894
71553,14404.207637283635
58348,23799.76692198828
45479,25077.655121180273
44425,30343.912428322557
50485,3874.4108638370453
32129,29111.935714790023
30353,27114.63077280735
84474,44969.375803976465
88366,9590.80064422359
95033,8832.454968916536
68462,10144.807557808443
44110,19325.707924921393
41545,11113.795597221037
92054,17097.32213774111
14361,22896.0982266196
17216,20501.22891950713
55415,14840.786993181271
72494,11647.311371150394
87066,11538.468537820116
16498,6951.88746086677
23786,24067.25999142537
46753,20620.91973202543
84574,8052.037900547022
38736,13478.04708066365
99121,11303.561608274913
13516,18181.18192922824
96995,35409.26482080908
79845,21149.881982498657
75233,48163.95253505527
21150,19463.13908241218
68126,16426.77410469903
79462,10669.50909002486
98082,15043.196204031217
80606,19965.56787772478
84688,21251.026102009684
51899,20310.88621413667
67247,47961.469752725134
97173,15034.285670063458
39062,31241.197681649457
73123,16601.461396479343
91306,14773.486592897716
21273,8290.97809337123
66710,16779.906714341516
62772,12319.596055176076
38155,6306.964482099633
70980,9840.838857575774
69210,6556.287627216629
47849,11336.9352689725
50107,24936.78342843355
50062,14316.304024102817
56418,8836.175403462537
50820,19279.293259328493
98032,13387.675140637402
61123,25325.71475831349
84024,22222.34622879707
89132,17089.59722581428
46407,7102.188143743033
28219,13460.0383735602
74922,12798.76817433475
62520,12400.19090382026
44693,15955.94346056893
42328,28626.673789050048
32226,21703.61801682484
59453,16909.180476583246
60452,7790.055103961498
70227,6683.897651037152
43914,30163.711181629064
45084,6205.295643213438
61494,9748.833644641934
14788,17547.297200533572
74761,17526.59410348673
19646,13900.89372080813
46414,18456.340311705397
21921,19949.480230063647
19700,12335.167731877555
39274,10167.0693788219
98863,15308.395940898581
66933,8513.348447265282
11580,16457.80416109743
10897,14470.324630347302
24955,5777.299667932133
71922,4939.067946365023
50679,11772.92749040244
27976,28298.762933580645
38662,10460.274943656956
67627,6767.021456366667
35266,11808.23561921816
51210,7707.453924204248
41282,13265.763810400027
50867,14651.686663147642
92206,12019.391158170598
56106,19608.66014676431
92475,17862.968265126645
82314,24358.94241890578
54571,22076.85924685422
66683,11001.336721831647
26842,21664.59813118969
32507,10257.339922422505
23511,15113.002407555174
78729,28917.619724214073
58636,19253.339661740538
61552,16157.360266779704
10480,11937.727822037115
51223,7900.078338353907
95661,8045.569301957466
67520,4739.321949492576
19475,12645.889162905498
44065,18397.32301766789
32851,18129.968632025768
81000,16106.760942411724
74690,24901.90770240394
97112,13414.417800549705
65366,8430.415499276993
77235,16967.224297496057
17262,15180.791546760614
24370,13963.81907828943
78242,11812.723298193232
69507,20695.41017744481
56169,21902.334250977667
28059,8626.75636320829
34894,11429.921065817714
78939,16208.507469918355
17667,6699.3292700237525
52526,9711.20632947317
84680,17453.53166684484
62792,28191.670156905282
68458,22636.48646505884
88948,7288.307648074797
83509,25596.89689696691
56253,6545.220567345712
56831,13683.878454812222
64775,12375.822763747768
51321,14673.277622293203
58543,12042.278980205228
57053,55473.14388182646
90450,31544.621532914032
96880,23717.781900023452
65428,24571.573483723307
33992,29920.205159294463
60177,18513.023249991104
55950,15424.953599334825
58510,9388.727279409124
65946,10441.33686955544
43236,10908.335991956454
36498,39348.63796140228
64798,13438.75044500112
26999,9269.261174302403
17371,8426.24448031391
52211,21965.703046900977
78941,17040.42225346875
42917,19959.643896753925
73186,6776.330499089288
51142,8246.708317989382
87023,15641.3233186027
22052,16747.760049711742
79729,11523.42956233818
29459,6773.744040037194
24546,6635.710931611655
58159,57601.2272581137
10326,8890.033250915007
20613,9381.80352243194
25814,14657.282470714143
67112,12955.967646850506
30109,10023.204071999773
53951,25243.68742758521
25746,28214.12370612056
17233,33495.551253952246
43803,35910.05686591226
85227,13589.646360547213
52178,12593.527012676022
57327,16085.959029477244
65525,17532.163000805685
20057,28557.543612367343
83211,12731.644574320373
35373,18285.751737432292
41459,9639.51760753825
45048,14026.357582300914
43250,27248.861228876223
91513,6716.709288101209
82920,10781.518105086981
83997,9191.240174987288
80995,44134.619602093124
68756,10738.642686825257
77412,19886.090529921676
11196,4592.933416496575
55412,25633.4484143833
17395,56385.39656153756
23817,7267.004144303182
80209,6708.269450399139
69300,13030.641183394628
54721,17367.084160899012
92171,30912.502930233575
74689,7123.675814770993
85810,11925.822868973242
51524,18709.776194275473
93215,8991.507246593588
84388,10548.531221234887
82068,13629.784773856274
75054,10253.970089785955
73944,25025.33967920365
77056,29745.73359881559
86273,10603.757221113925
59816,10890.563904183167
43115,17391.124908248483
67751,8038.430812092163
97566,5816.1504840851885
78647,27372.69732357451
55506,10766.308610163114
52337,17491.788833976367
12029,8670.572720888049
79195,10274.045370615757
86768,32264.003449083986
29402,15478.412102837769
11586,6482.3149293768765
22931,26153.018023304572
35804,9329.443813048349
99094,6830.588027561265
33976,6231.284824419059
33135,3632.3593375849123
81378,19488.94650160873
54399,13022.750078518493
40290,25648.725501291417
86838,12857.855557383928
99387,24183.235175836497
91424,17459.503717470645
98678,19031.757886869007
13781,7471.969094730626
14950,12090.728023153933
49218,15384.131658889939
38529,8106.811615091921
18844,5470.447462474505
59383,9403.24081003958
64199,9910.425463430161
70308,23068.414433394468
83834,12337.16018610325
66766,9362.308207568782
13430,15688.392330228902
91862,23128.21981261826
31994,17331.098062310393
88354,7287.71302077932
60651,8965.488866530393
79601,9034.888815514587
41472,12403.285798004155
70675,20352.014711406093
56140,24617.166930238458
17150,11052.742995536351
92422,8687.910438660198
81756,12083.80520774349
66131,18866.76292081446
67068,8359.031962004341
92205,10165.821464972058
10721,50077.76891748177
62618,19482.756730145422
44836,10138.625428977446
32052,26825.498064019426
99724,16096.29556467896
50260,33340.565156053824
95690,23586.82374724181
14355,11426.493422075
92050,11728.760961031643
27797,9738.188561920093
78866,14311.23184896815
89595,9235.831452528226
66440,8958.744784481943
58579,10877.450488552877
48814,10243.93640683236
90013,10525.27883873406
19344,11329.398842630251
14089,21929.959155567652
78958,28418.974024036004
61168,10188.031811027045
19415,18418.11740179422
57259,19445.860882600908
67060,21293.23680326477
45454,16784.93016657568
22031,16528.411322179516
57084,7776.0070707277755
29133,15348.705334892446
13640,12238.063840319624
90400,21757.927252588124
11745,52807.5144458183
61681,37222.039411405574
34028,11855.559331045273
77581,12118.334371073368
31796,1888.763032702498
57178,8174.6712926528035
45801,24958.35267643138
44001,18732.325669272588
92337,17016.10642081051
32137,7562.135109955378
84720,19701.715915594843
67217,22313.357895820456
69083,9829.599008794852
26881,9538.089733998338
49049,8162.856063982963
25912,9122.474792467769
34217,52582.16019666368
44627,15266.030840449865
13122,19558.961271078453
42812,20787.731476063593
56125,5705.376843286693
23575,37499.760969661555
84907,14731.731130294807
60445,12709.760324778716
60177,14863.346917378934
76958,22260.498088369022
12632,12513.03144799327
12144,8560.267671639247
92988,25394.73234140141
40913,13094.883422917683
92697,28945.631866385716
89314,12869.645673906594
93543,9590.80064422359
44740,12172.95480400691
33314,12859.445422905084
18631,29977.92234994883
18910,16800.15100054024
94013,10240.460474558731
97099,7842.631489714035
72925,11806.785898591388
46102,26362.571076841916
48437,6775.300088188898
11686,17883.39654544057
63328,28305.637161146842
63623,11631.704523745853
35266,8300.333076983728
28766,32208.780970011416
13513,53602.71922455401
13694,10014.893577503257
47601,20548.547656920542
14360,9466.08608061056
15223,13750.240131061568
56499,15554.226532863555
13207,8786.094030844379
90257,16024.929578768628
95582,10889.118467817909
75740,13794.409235835828
27782,38309.32572458129
55412,22016.551025238758
77959,5341.601703114289
97266,17706.73912103686
91017,17103.86432710619
10916,7546.549944709499
40579,4414.16115349899
90532,14120.39457880671
33411,9129.893609583465
84620,17424.879084439184
97340,16705.34261532787
98084,13956.461424241743
46667,7471.7301824691
87464,8577.582295956845
44550,14284.706443645407
23082,12557.611068515796
69343,15871.349177931701
74777,15527.359085998856
14604,21053.65757195369
96796,8754.231754176417
68009,13814.014514380084
41538,7418.571967232532
96949,6448.787164765317
77723,14508.132484314447
24025,11832.012684465088
36471,12357.39677168036
74511,9239.562437038512
10567,9920.993825646667
50820,8815.240090021709
61619,8987.329867235962
51300,8897.99400909941
84455,18822.313289709447
40033,13141.084380635384
72520,7029.081479003493
49037,6847.357337398909
25629,7649.709968189278
28102,29822.15315349266
62320,15344.665642665928
48600,7132.302956587733
31913,17006.89859157041
74735,28683.476999398627
59337,19578.60677042955
52520,26489.207303792777
96616,22582.02907545469
65321,9601.17077425521
38034,11927.085193576215
42761,13786.897720546896
62464,15295.355378764792
36355,28820.78814916745
35546,14532.049549070094
33602,12762.143794111063
88572,12632.056716704781
22180,34141.95238158371
62200,14159.050329595375
50914,16417.05161132676
41716,9655.167689413993
52590,28021.78243368829
11353,21817.270316954142
94062,15154.717867318755
42620,17437.941018294365
12746,41835.18461845456
98638,13105.452310076236
84682,10889.075519109967
99874,32853.721469332035
90560,19857.474528581068
77524,13379.948338477887
46492,5138.78472351573
66650,27729.92763437501
55962,15375.65772887402
77199,31045.556703554634
73189,17560.518283001795
50756,35791.42219008642
26675,9046.422187587552
34784,6510.679423635189
52101,10717.335882451942
86791,9594.841305625392
78321,14965.46286445731
98582,11338.208814041485
68898,14058.074425035351
68744,8667.365755956853
27738,11649.864573028448
65383,7526.673980333093
38008,32043.51668891649
27728,15862.077024472368
69096,16722.728055189764
99552,9655.634634927432
32191,13702.333683437317
75761,7418.85861772805
91742,18746.213491634087
39080,11919.390684544655
35940,18951.893548209373
72944,13340.52872118067
41776,9035.745524137381
80642,38279.9415309255
48396,13720.983521186723
67799,22678.06964868457
89276,13918.927574274148
68072,3405.1923733449366
82302,3665.7161834608505
55365,19804.784026292793
66703,20802.517663458228
34676,21825.80318270049
52211,17676.174876737114
12270,19235.662260514677
74285,12657.521428363212
37649,26496.37948071112
59481,17130.675989280233
65453,10644.800397840314
82223,16657.7743333863
48221,6493.795958254977
49652,32653.846359717074
19383,17814.16591277907
64001,8131.726939101651
87800,8167.267189487857
41759,21779.231096666957
34433,17986.90496180457
99664,12255.570428528199
25841,15242.854320583028
38130,9045.994740978858
96291,16948.214139763026
83988,12594.718804337037
51635,7011.369590182327
10658,4861.501429760448
38626,6672.736217634738
13690,22166.71104228385
97239,15010.433060822734
42994,17574.819988941497
60809,14661.856234097286
28976,13036.36495584809
24823,7495.386605071224
66932,9565.22038179171
54442,5693.56159086813
87465,59264.17543814497
98114,10065.869733398205
31037,9049.756564521616
57484,11448.797317830074
70910,4970.261831037849
90758,32645.86080054366
73520,36688.95587205194
85513,30485.367400069725
21391,26159.191677609695
93567,6499.480252985966
20772,5863.832323538321
42655,8254.4599881091
83725,26301.175922384056
42371,18264.055118340526
70174,10236.104011206946
53882,12393.547134144144
86806,21130.325171336066
74205,24034.60268866113
95976,18604.716401174133
92467,15770.111546685099
48791,17457.998629607027
88860,17997.648429630644
12457,10615.455529939514
48678,15079.13865305909
12536,6773.344400770615
81560,25459.442458390084
80034,7309.7894864489335
21654,14122.36461714258
72338,12513.549829958969
31922,12322.730760416212
10722,23136.33299183333
50229,10034.03099640027
68976,11871.182230076301
89262,19840.44676536072
22558,21209.916894088128
69152,8820.516993183159
80021,20638.34194750485
64906,16769.20753052394
84390,28199.114265681346
58254,15260.073860526887
42530,20743.145242423794
28847,16008.469598747639
31964,10759.284800015972
82833,27290.86744671649
92919,15395.64418693888
12835,25186.64805265364
94733,8620.971252534386
52011,32982.522856104624
80056,13188.085135970065
11369,8719.43791744775
54807,14561.894447737348
60333,13273.152805831613
56802,10140.590617135837
47706,26691.371421024724
11554,11156.724357320287
44988,19769.621034727224
99127,5486.467540865397
59316,15859.085612246046
28964,12001.106796481123
47873,12482.97401790068
74604,15878.213608548625
66214,30493.231236821677
72139,10978.71595970032
13270,14650.290818028549
68961,17604.80774245457
91918,27446.628295589762
21254,9988.444712539065
29502,46930.37083695068
51409,9965.055459420986
42984,23696.444432321885
55744,20512.172700235173
41162,14798.009165532898
72940,10481.662772443102
75484,8821.712680281249
17827,13382.613029815286
69873,10147.159316575267
83763,27295.309965110624
90906,20273.256959701175
30145,8022.682650474326
28036,11160.353300489267
84810,16112.38840908714
83981,10849.808588292832
77502,21872.85119601428
22169,8983.365990620652
30336,15869.114778674746
55991,13691.62222228714
35016,7301.831151223134
68902,19259.891093216065
13287,7131.631272566065
26192,21388.97908228398
15976,9736.479928653727
69104,11277.115194341386
25299,10134.677368487864
72570,6948.7956626628675
61892,16718.11801379487
99822,14138.487733816957
32330,12100.852491997513
63019,27508.68313233536
34318,22197.50425951033
82793,7378.001191361745
79339,13663.952593188576
17659,24250.08634570327
94388,8834.35605617418
39853,13526.787841016556
84729,13971.904129553852
51553,6449.746294459877
95046,14364.80183564806
22288,10648.801347743563
11760,8244.94470845545
98252,11776.044033769514
78179,11326.452305095509
74493,13931.828746908952
39694,8802.944157595171
30984,13654.380773096396
76907,25035.5525380238
92999,11007.07421224824
59593,30192.67973574472
96455,19297.22284485953
18277,19936.66469151317
22966,25028.139551342938
55869,25706.272825007676
60134,10844.673864936782
56592,13449.740570383701
82171,21058.66586194946
54701,13376.971241112627
13270,14940.898526809127
46989,21925.96901711037
48977,14938.412332325672
37315,21005.599492241927
97678,13493.872162338506
86526,9862.997618975762
16063,10811.53370146974
66695,16852.772632335662
93397,29367.76555343627
29733,17507.328424593765
67891,9446.427794666677
31801,17047.72837949163
10367,18887.37808801399
15019,15822.817968609208
50224,10869.306256569671
42331,45171.85959460534
62916,19711.710539280037
89284,16683.381602567537
68788,19748.555976196494
37068,18815.66874552843
82811,14120.980246758616
27039,9971.455412481533
65300,27833.049327480545
63897,5609.819845392616
88282,10980.952263280735
30438,10979.7011911889
68744,29232.408875891895
25103,21412.879938977472
44939,2194.2350182990485
68332,8620.620044651081
51552,8691.556528746532
49602,14477.02272352203
75961,16116.634192740394
19586,13019.098033119935
64597,10183.256004561845
78711,26308.876905054014
32763,10323.231940498274
48862,25324.437342467092
52695,31177.89509458212
38689,19739.17636236687
29140,21789.61162307783
19982,16644.06225164917
56920,17619.45256503834
55353,7206.004197939461
21725,10838.156196644151
99003,14286.317715961599
51374,9245.935666702624
27470,21969.627050627685
19531,8636.784984138169
21792,9051.747271197179
32077,13378.796979441982
59725,7041.359421942278
65938,15043.196204031217
18388,16962.209937123385
18548,5434.993749379326
13515,9014.087159053284
78036,16355.72854029879
96887,21021.531867710422
54717,11117.68273288164
73982,13609.02268626475
97506,8562.96836139719
88509,9761.612652214973
67149,20322.701107053592
36323,7463.327070967522
42029,33511.1623272779
91021,21826.213077425997
49843,13157.999248453174
52638,22119.482122518588
18848,16936.557610788055
45223,12641.423524540318
14315,9682.983172552988
63682,25260.820118029653
43472,28267.524432670147
90572,8748.338498819103
26019,16955.20284455047
67707,9327.818563236066
51634,10875.395138490621
68882,1888.507244443801
29321,10436.175071154328
85302,27663.3666447199
42423,16519.06459413276
22051,17434.389725703884
93406,3192.3582645749775
58799,19522.79718235619
76491,17941.435219660205
15450,10362.848391678053
51338,15212.220541468447
14338,21769.239337997784
35223,18056.451929427916
97034,16067.618185887975
43214,19150.746125838217
53542,14352.205588642893
79790,10573.044969448005
77194,20233.83525035544
34174,20850.374480224462
29088,20560.373543721493
69017,30460.615819430845
72040,17876.456916308776
61213,7167.072852246949
26803,29385.4783485452
39592,29698.848481600508
38702,7548.168182731719
92101,15699.011799081778
96740,9393.221966944187
80311,26880.621706558108
92571,29789.779274993496
36787,8427.275471172574
68381,22217.540947073438
67696,12919.25440364725
72891,7796.922821344979
15285,12195.721778993047
49532,8743.824268824896
36798,12242.2276735716
17104,11498.22092424272
96570,18094.084072187
34612,20182.423566841862
80480,3472.3430300164273
82715,27168.673954726015
78002,9457.323653919704
68138,5569.043227681816
86665,13170.164659115831
13849,10095.057247063836
25261,14452.86742996455
71337,12490.523087140537
32903,29200.613256526012
72059,12643.194001346073
37899,18913.671186918666
64452,8783.52610596543
42782,11237.634250203775
99376,7543.086312379819
67217,24417.35149295811
99202,36062.76812258635
37755,10938.503151834446
47005,13339.625514561476
91608,31938.86951701632
88988,6129.133326792264
49462,11075.701666939352
95039,13786.338027976337
54016,12936.229151772653
34487,13716.43135614403
29403,15921.016229986144
37299,10199.110337403787
44354,12990.552789421637
91231,8571.56640220438
77206,27001.80596624928
56006,18392.225833894077
76575,8594.98831795523
25149,11884.206504266305
41784,22667.877959988014
91282,3791.8299079862663
30650,48042.01335803619
85265,10392.415966947487
48004,48452.79099607755
11028,57486.67187477729
29618,10413.155333698345
27827,10051.891222291924
42139,22810.3397322029
88428,11658.388424626573
63336,16177.587257045714
77761,12882.240388989225
26688,31506.064757559587
98050,3395.920689238188
37325,8931.12220061155
93046,13794.026650031576
72791,6916.886256556874
38047,8902.002817059192
69299,15562.875561436005
78160,3738.9917832466326
85954,22543.28871897311
60216,24313.493002319687
75730,6685.629900330498
18312,13739.307364352486
19814,9218.21507612207
41619,13342.111888970487
66999,13183.154580587452
83096,10867.434402727718
41011,33401.51197862731
45850,9978.25491201223
80887,28304.555075338463
28092,19987.702251766375
42786,32313.84074401296
80887,30129.62350766544
74015,27022.61300831753
65050,18269.635225504622
99092,14178.810284963489
22373,20265.2054381283
81615,22459.9163864334
93018,20060.024404450323
64551,11300.923164681213
19532,9486.063786046492
35607,14286.231263763677
27287,17613.41905294421
83476,9931.735388040968
81168,12493.21860886287
56498,15350.559247001085
17655,11408.905667199015
92198,6775.300088188898
68756,31159.723191655947
26625,26350.588409245775
31429,14491.091739203872
68540,12506.729475255248
68015,9411.25915003077
96692,17881.6493156023
48789,8943.089563397298
24353,16008.794689168368
41725,19638.878703424154
55134,48156.00580466278
99433,17789.91893107095
36512,50508.99042980715
88421,18850.686987857353
89788,11192.65800911763
51922,17662.848674593053
98957,11907.75996194163
48174,9447.070186842273
25491,10465.041423678855
60824,12174.853298999598
93065,23801.061263272142
45709,9333.65940537129
40929,9726.817534951559
30230,29704.31401969144
99573,5262.091925614894
82793,8954.734467020102
36834,8580.277122095968
64164,10815.474297813465
59758,16288.786130288107
65401,7714.469916547447
49776,35010.58520007388
73035,17620.800283055796
56496,14227.493634824938
32478,28078.759250259347
30412,6549.815077318506
19000,23849.686313139533
26456,12467.066253520725
83183,11885.01369012701
11476,9898.468763447876
91395,10955.493510986304
56439,14704.269109459827
83397,7285.138421696192
76209,14322.814756134794
82627,23880.980437888473
10882,9696.714588757935
58690,32379.73605879622
59144,11213.978392236848
44058,14319.091338529812
78071,45403.075916969436
48067,9892.276585926023
10066,16444.85700936833
88029,12736.04115260166
50890,21154.59148035974
18919,22385.444281985932
98634,7140.058601308356
63179,27557.306959239326
58061,21240.54336475713
60010,10012.378119761433
31096,12125.80752432026
98916,13668.834898495705
51210,10334.781537239745
68116,16604.15108623745
51620,20318.780212218735
51759,12529.479209125238
11862,12845.542974818367
59250,14865.465063501988
95647,18959.93460994039
73556,9024.193324225675
36694,10429.043129238722
53926,19807.422855872122
24431,19610.284246717158
49573,11800.103525642113
88073,10214.325185929853
90070,11463.335438833805
64730,7540.193591545614
77583,16285.80879994366
34927,20042.194237976037
52655,31615.048112112687
85751,24984.55427828308
50285,10611.925674241947
83223,26486.154357090512
25142,9364.41996121966
20674,12684.712152287444
24063,13981.5324480542
66344,9707.9903357943
26584,9960.938818954577
34945,10514.647203579321
87178,8351.910247725013
19938,9967.727553116703
92472,26880.20957443955
66836,11745.387116866992
61414,30037.79643049724
47965,16378.74716685278
15259,10365.465348650323
12570,11217.021469472948
90458,10858.920493426662
48912,12311.682130576814
56779,5494.099023342806
94431,8351.861921113872
63871,9401.724349800957
14057,1281.9462319947615
19988,8592.549051151567
26130,50521.685854578536
56773,8878.938348299625
62124,15377.708468080607
86784,13565.03073146949
55751,12088.481154671414
23945,13429.499673940354
43852,27221.045095654263
94367,11489.959673446556
70731,9685.951360257284
33939,11969.376937397003
29975,11383.24297613659
38875,11671.98133239426
74402,12670.329249225135
83103,10111.551746988463
87554,24281.27408674291
77003,9842.977076102481
88912,8536.754205561092
86091,16353.96892501412
23268,9111.670865123724
52423,11638.56692382615
31054,9328.574609642972
65205,15241.494505278211
97956,16413.481016528378
92268,14039.6561265684
61310,10297.13761982874
80326,6499.702705431295
55572,11019.4790940645
89642,11270.775440042693
37887,9477.226021619626
73687,11993.732744520803
31637,7791.495339929401
78813,12763.576456491577
68322,8587.62459453809
86504,18665.270995533356
21869,13232.612669820104
44412,28336.282356729236
52276,7865.591454126301
92375,7015.556771833875
46079,11106.133405667439
80372,18817.67459490418
27147,8758.690034507865
47008,19288.078746208233
99762,4783.034239517492
19504,6449.166505615009
42830,41060.51948346458
88446,11473.374222363911
62552,14878.505810779001
69737,8897.334522562227
91451,16577.593584384613
17907,6259.813289942023
27030,13844.619449550846
62983,15645.459853017692
99801,13847.558257010534
37681,13497.906356863255
57569,9945.879265557212
22294,17143.800354392533
72876,26049.368354972816
65722,6365.644423824817
58685,3168.678616860343
34884,11261.219418105231
85677,6316.869537368288
60747,12479.155830464515
68114,22788.85306147196
58663,35677.96800581082
74072,17102.610413005794
16860,28852.584690778494
11505,7854.804929598189
18211,30559.717906730453
15747,13286.19791024727
19062,17458.58870770279
87449,18337.89585678398
90001,9421.108328669612
57742,8509.26712468657
38483,11106.133405667439
15414,11714.874668507131
88777,13308.96669006748
89635,27076.96420357003
32187,5728.4951421065525
49702,11326.640888119902
41470,14761.445275697115
69520,9293.299967067771
84715,23330.216243131632
87717,15447.253579095353
41814,19679.1539215733
85780,22738.75573525099
38756,19292.49148319131
64865,15076.417827748375
51020,28269.05576924329
65858,12907.278740506608
27524,13559.642906880948
38453,7366.265803772409
54480,8749.410569438929
42442,16858.491234638976
17736,4612.605067774586
48473,6754.844988166185
82297,27311.185128118592
17034,10395.165938297032
65006,16448.429318211136
31823,39592.62617636056
77432,16638.678503201787
28864,6809.487300566367
87302,8860.6681103841
48697,8455.060285105734
43589,21252.947143958845
26552,9626.279820345557
27419,20275.99750997859
56975,17156.818414819114
56484,11861.264313842661
73856,9177.08038982956
39380,15627.823700674342
16969,12911.182432550973
80784,23291.644790408376
92552,15358.977615689237
52271,21755.38277926791
25492,14045.714585348722
30392,19356.537243691426
99417,25078.053303180677
55191,29034.34589157295
76902,5068.917116913619
61508,33229.91423175977
79629,5293.466668488083
40804,8000.518877196377
91374,20217.77695108143
67399,28000.365795882444
38935,10519.825828682518
75205,10653.771577154848
84510,8498.54450127473
40461,10644.091074394059
18693,12459.121911081123
97951,9414.642018399396
25334,17742.547394262045
65440,7243.412662493807
54931,48687.53592936431
50395,13125.317534804193
56289,27408.485693174764
69664,15620.344129693969
22201,11735.781703377708
54992,22059.635348082746
85580,29232.408875891895
80692,17385.32310442466
73094,28591.451631579483
72023,12205.42833819189
38029,16987.683752955505
97023,29192.56872361871
77482,18066.12265354413
47996,33538.14859627285
93021,7397.1285388858
39332,21841.20987779446
29073,32316.76086477485
90589,13821.392534138231
93734,16788.218583593956
48361,29673.201592460595
90665,22578.46319131
70416,11675.021708635384
94327,10640.52149187857
42649,8444.776981388095
68389,27885.402592768893
55675,14044.877202665737
71035,13294.126947827193
57774,12914.090390065048
78072,9462.800150683735
78553,35428.42637208308
42764,10231.05522177158
84103,10264.322301156495
29176,3743.004612825045
69175,10956.334606465847
38577,10626.274232917553
30755,39679.76150447038
78779,11193.752408853761
96326,10897.930184698522
44176,9693.671511521834
54448,17420.28677479104
66327,32715.898465802537
45666,14730.612947573783
14550,12512.925074531508
55126,12201.926667694643
52616,15075.335783079947
93766,21440.229970701763
65562,25815.130526913155
28009,9498.172388390693
35972,12785.096705937387
47176,8462.23062066209
11148,9224.091619199942
96733,14018.029566874093
93461,17954.022183779038
27271,7911.288169131385
33444,10337.488328916748
60120,9800.798989267565
98377,10312.912033688852
56582,22651.628863549748
36878,14403.035254611157
36688,10354.092742268778
74971,12577.773995093637
45554,33789.85026828165
54670,10114.365581323538
93393,16576.814651896027
67191,16660.439836011163
18211,15212.466030728658
38460,11318.948580661094
31558,7012.944469336431
43586,11934.484855992843
29261,13426.204092245058
32079,13391.36925876873
16335,55982.21421415225
68706,36269.65112418368
24086,35761.68666917631
53905,14288.457519079651
29906,7867.596612822697
73988,19618.67611320235
93154,19984.35898139412
13852,9038.047160339243
98632,13843.563347918443
30276,19545.210724593107
62628,20098.80186952411
30020,11303.609500503357
28310,6285.518379727933
59304,3150.7407659189485
75960,6238.672890703669
77159,35816.941912542374
84843,6604.990698691407
32506,31236.503886372506
32778,12092.507887097732
63944,35710.66620816778
60260,17398.158279388936
25212,10864.93655530933
54283,11886.996674851647
90875,5395.837560463566
91783,48190.4220346521
54732,22731.517390120647
93550,10215.912193538012
29961,22219.523931798074
73932,6390.49500561967
19876,12041.637284571454
45103,15867.775535187398
47552,12304.072768231654
49469,25007.808818550704
21457,9094.736351256146
69848,9987.899473436897
80442,8953.270125517727
49770,11203.133759283744
30092,9014.076201166146
90747,19324.85594505103
55851,23376.806220120343
46946,9892.98407014859
37732,15781.257447522154
13097,18686.643563213423
94011,7021.184688344369
64584,11328.626554182461
96191,23898.598005098236
95798,8980.733698340766
88371,11898.475499645054
80633,10131.98032877312
73548,31680.585214972692
75675,9611.9838910055
97614,12727.510725550062
36763,11664.91914927668
74601,19693.835503920192
15742,6820.776909314827
61569,14575.647399977537
55736,9895.181217299421
35946,16437.67924110725
73701,21890.971449794808
74703,15842.041129765401
55075,15151.695528283935
52733,6252.779030708851
68521,10482.873259212218
64577,13259.508411340503
12059,29904.2675886512
37395,11233.13844166164
86631,13172.643630371915
84295,6994.513229156744
66891,12871.890726456682
47730,8117.694890539675
19068,7682.145798511519
33843,14157.545312943494
23689,12341.99302587837
16352,76932.66666781949
18155,17514.181301450968
97237,18688.75147758124
15039,12318.550836526843
63018,18649.342386562195
96506,10819.940218495614
17149,35186.208535760685
50454,17355.143313854427
69211,18699.635922847745
76484,9544.592361432406
39680,11566.770691444104
31857,34421.63338411783
96010,32696.36960357057
75292,25874.868463276078
87730,20044.46951077039
45349,10293.73452853858
30997,27799.397649244267
41832,14565.75372256312
93415,12543.060488056286
17117,23468.258786272654
78596,10222.171931963512
17175,14284.312127421148
73441,52910.75041533456
56781,30356.55654848836
97260,11373.240550778566
56377,30037.93333189434
78134,34344.113719437984
88838,10507.934498898117
90133,20101.556964119052
27228,24688.37782993331
66171,18301.20131329826
40542,26901.578729234803
36079,8367.945410784352
80877,7789.423453928992
28161,13204.787211271332
50689,18117.59449175075
61240,4930.034959485445
69654,22221.37394278907
79557,7682.562740085681
26740,18247.56199165631
69058,38381.047902873725
87139,12611.235783082795
11956,8426.856502499997
91775,8435.870071946458
60266,7562.0024341364515
18499,18876.480475927467
74885,8508.705267574955
15397,8667.365755956853
21682,6821.724635334605
59429,15102.468508624326
17711,13017.63369161756
68857,15608.382157863147
19014,10715.119310486658
47467,8757.495222030306
46000,20001.458684794015
26186,10839.02460128604
17425,7308.350142591304
27532,18514.68923444574
67707,9287.263426634763
62172,18079.920084961504
29567,29964.6552362476
15001,13208.240612690955
46678,42979.84368048647
21889,48641.72263387374
12698,27803.332658376312
45566,12191.286841820867
46440,19610.359403089427
25822,25879.82324425487
20692,21994.195550725108
13934,7209.659608233349
32258,21455.766538178108
87201,23820.97927709082
37652,8976.79415773329
63280,18614.648390256698
36081,13611.943380136065
90734,10608.851772701097
22438,12068.224339381832
77946,9842.390792454367
55216,30985.029283113898
56330,9191.375513574449
54320,14988.538606543036
49779,8947.563734851428
54739,29758.717507489688
15780,9966.185522545024
67432,42840.46487253609
46666,8370.277339172337
74616,36926.85980340826
59550,2232.14520405865
14104,19172.906796677
59315,15725.384134730644
43464,13267.864397462448
59729,12234.502531887143
62231,17519.565248371076
63487,21589.902064617392
41559,11255.566024283436
32404,52504.04474399556
55923,15836.474566786397
78623,11123.58906131228
44035,24748.596744164744
78646,7833.439920162573
80958,17357.70133584695
98375,13462.324218502472
87854,26740.44402633689
74495,8821.953179240805
86278,7898.842829920239
34557,18214.54434189952
55256,9997.948130004566
24028,15918.031167460938
92451,7923.921539354726
89737,6458.089988159803
25093,14535.413114142651
23061,12861.727185344145
64301,14069.844017540545
92595,7342.088600961048
69177,13009.836000328023
38569,43856.63508584704
27108,10385.423924841085
19420,26837.49336521115
21937,15731.133486140292
49536,28654.106287527324
73845,12564.01348393035
92383,18753.39327950069
41727,11550.552333376429
69203,11350.9132933237
72460,12913.173221156168
76919,10508.041109286827
42040,25799.18771722829
95436,2641.446041318557
35007,21054.09443828952
48381,33601.206204177215
17336,23009.192134077835
84917,10996.47863126421
14819,8262.149971980867
85572,15644.295858489775
24203,11023.405856103274
60137,9390.703752061778
20074,14453.744136035979
44169,10497.562776714874
20123,17838.612908444928
25486,6340.855042753716
14882,13370.881687816778
83318,10218.489863761099
80733,30081.872109220374
55605,9844.022131589627
81296,7946.21705976088
68459,17345.921958211467
46329,9441.798398037314
13311,9528.790869904442
34505,28233.096166447234
70797,14268.254532855699
79997,23081.213118963722
69238,15666.736199207859
75197,33386.25049246417
93426,5979.316587214709
36420,10347.405349600962
94037,13458.443885817505
88841,11742.098682991029
37102,7647.658307843918
40097,12442.201857788164
83896,15786.2186045995
29986,26171.1334055321
91918,7899.923558830902
85913,11061.157543083453
10486,6439.613610479908
74893,32443.316933070106
89653,8817.212275475653
15266,5969.64986562643
21492,9347.184961317955
43231,18244.283791366644
97616,8688.13524954897
36406,16305.993733147443
77239,30067.88583122726
78952,12149.275346258342
16795,15126.817510431609
27372,12429.434335833073
24595,16958.926119589414
78635,10813.89528497453
16302,15119.78640562853
84513,25627.20988004272
85985,27494.430302238165
13955,34270.76580027242
29963,13798.25145296691
65313,17171.811411629562
49888,14665.373238529126
57737,12588.032788642882
19230,12232.320746776506
26495,23945.596885883257
98650,17078.931666947414
44997,10195.300088798776
81448,20039.41721159643
50151,15243.909441109588
34350,3675.14709473318
98813,9810.644410670986
46899,11677.100261058982
86500,15522.401948458933
72849,28187.92712567225
65674,20595.04261475412
65864,12124.391219132576
48491,8845.349303046773
59395,21881.33150081006
19664,5768.400802429513
72804,13958.006261168854
44646,27704.289611223816
11437,11437.944116131366
64235,15169.076300030145
48236,11010.10251624752
64393,14268.696430938096
50069,9541.311157356915
32902,29671.072857240324
48054,21156.489155566447
47926,9310.327478154566
58457,15404.383189327891
82175,13989.44509004329
89107,12085.296249982406
24630,10248.780122924767
77968,8633.434297460517
11346,20138.42433463606
29484,9701.328979098758
49829,20497.248019264094
87479,46942.7336434934
56525,15414.027937567067
87768,26561.88511694983
47552,14415.846364993318
77985,23895.614172068403
32748,10519.46597947005
35081,26725.464314910856
72158,24369.165622338827
98902,18135.74230863107
25797,9036.90670004686
22798,20584.442344636438
66669,7961.742026237422
56614,25158.054553731286
50563,26724.10057080385
73796,20320.67006491485
21588,23221.880341066513
28589,10786.882518352355
55393,18210.9378844302
71929,9083.161007834831
81707,25867.329479782686
49732,6049.223273752314
30466,13708.191367080857
28472,9926.16709739852
29117,15435.652364298177
69820,7646.432369515584
65149,7373.210055327574
91236,9982.439944969487
22837,56897.117654572794
10440,18989.431683546114
12887,27456.945495658052
48779,10345.398672359703
37687,17421.964550574558
91042,10382.248847877068
37865,14403.77843562005
87431,8022.1367237510385
86069,14624.49310009915
98907,48421.708740443784
38008,10334.095616514409
77652,15527.853100985276
56994,19711.68507831924
68734,20389.472044777845
29315,17738.39269997669
72903,11093.216047267157
44414,13271.427849892989
34970,21767.96363967843
68618,16830.03092405899
98992,3079.4578867972214
88116,18376.125833932827
87943,12916.30909570065
82168,18617.785904849516
30372,22974.02458252072
91741,14094.719661152198
47695,14552.457948644287
72882,7361.191837670618
90039,18006.596742776273
55902,7377.308353777622
36258,30954.255543544074
12766,9590.848295237629
69278,11727.187291569982
50081,18896.26143335077
17380,16059.15566198449
52053,29706.496808782067
52258,14501.843677410912
54243,16398.12688952883
89212,24308.76583286723
77965,10484.534123707524
57660,14934.539533475188
63465,15023.264783679106
40228,15984.14531337619
62374,9572.209309422578
19526,19979.12158519067
35175,7447.77181348705
46970,10640.442191646489
31651,16257.968035279513
82457,10696.439536804544
88172,33153.50571753045
12906,21219.915119697114
42521,28320.093976742435
65031,3505.4779972195993
11786,25427.96641268747
92156,29474.017986813
30357,13174.164580108772
49463,11650.781793364124
59899,12530.493350849609
60669,10292.250885469472
64438,12404.936836392386
14302,11354.653913403872
86830,10384.509816769503
19122,9075.209106288195
56042,35793.667594796934
34066,31068.653121931726
73333,5787.67910893513
94235,24700.491893306425
99424,20254.415615694907
28025,35709.70090837356
22414,22960.844355445148
29611,15451.135766318097
89415,4202.265985866559
36575,10038.110729383101
19123,12542.081292100542
32876,9822.860041470538
81595,43786.51012842232
36841,11376.952332824252
77842,6510.992398249595
95031,10678.689272039823
22478,23612.43755755545
16385,8626.67265530565
16246,17406.861440597826
92563,15551.846985924818
90683,22059.77732499379
67360,21193.260821339143
86794,2228.4798471827835
24156,10878.713019916802
21047,19819.215322264452
54519,15348.051695721653
64566,9779.941365834009
29646,10983.985895983838
40820,21644.23445244031
53192,3150.03548257118
68956,9255.358247663447
83843,18622.011350130295
21786,13438.596426483819
76303,21981.159632924995
52802,20902.243601535494
77324,9429.405326567557
46223,12470.124446969445
25261,14599.107516360897
79804,15960.384655622292
66593,22706.403961279568
79055,10650.258914342241
70986,6285.518379727933
64568,10919.964867834977
90458,52408.36119591235
98460,19475.779426243105
71117,63553.9686868121
10132,10877.13632194027
50856,18641.921324386163
58522,16609.98089195244
19610,22222.34622879707
36027,11163.1314304654
62580,26803.709604071602
73104,13114.980923699668
29862,15130.015845990214
13556,23147.126765065335
15598,7110.079444834244
63606,8039.070127700854
58189,11470.545316673006
54401,26472.236561042082
39931,12339.035309365336
92502,17945.69728414124
76316,34877.11385811971
41515,13491.162892468743
24362,21979.222233066856
97234,11342.731811700487
77318,22280.751882867615
78787,26838.382739823646
43676,8332.052399199049
78039,18442.266276165217
21684,10421.939171951604
68321,10771.690877873207
68267,3206.4213769224552
13529,9442.983945399475
67285,14126.506492760978
42385,10754.460225366356
24581,19727.18345263513
46422,21983.467103498362
81220,7851.868580140532
86750,9812.662411866988
18146,22280.291566458633
23811,5409.285247211701
62779,19563.90369546939
54559,19745.12452335666
62834,19992.8512186246
94557,17609.66304316165
81816,15702.869258348384
19953,14217.461465666229
21303,7412.522301232109
24443,7039.243686537464
46525,7550.332714582337
32362,20753.600713930304
28360,16020.745805675739
79595,16917.52164647521
51629,19576.009384613197
45067,14629.769429274926
69984,17461.46633110655
82582,11953.326648681832
99650,10956.419087375487
32947,22179.0669592218
98929,10779.613739839668
67650,25758.761077900555
84725,19055.023285904274
85133,6238.884561781044
63373,14314.433512814576
75611,18895.635102332453
38050,18980.05211677001
34465,6444.317623720668
57590,18850.476289725266
80581,24228.89233412097
37317,15856.911144808419
14018,9282.805144692213
13064,29360.185849784895
57786,8158.931417610949
62808,14783.704745137653
73155,13534.766101500874
42339,25694.91344778429
59955,7109.25464506189
58007,17151.257491579385
27200,14753.538568147802
28194,30933.640609436006
46053,20178.36568595346
83381,11170.57189325738
46047,11275.592000805065
66627,19902.69151534046
99136,13068.92920203957
13059,27194.130705972268
14344,8056.78832334206
25017,20966.851134186873
37381,20642.128799304097
55545,31156.945378475983
42336,13485.804507437977
77836,16200.78782429491
93151,17000.03039754159
29578,17855.172895848973
29263,29845.798406333273
33923,50816.49936345819
43018,67960.27242027436
27606,12934.321932080855
91080,22081.056334525994
56239,15927.237279484198
48128,97977.41098527658
68285,5589.214425217682
37962,31589.270446155308
16721,13908.299592509531
36800,14414.705348314506
76306,41545.676857885075
81686,10146.836122169876
59375,9051.747271197179
44426,9612.637657068812
82338,9943.135503781374
83902,11518.294894197294
50186,18342.620726961755
88444,12009.99978288404
44917,28258.6468380434
57378,16914.2612409463
10592,10772.734208519585
11834,11372.225107201053
63322,15990.048048561588
55422,9399.439071891988
55727,9387.41250663449
37965,12247.563416664678
99162,46303.254564409915
55019,19044.224157588385
81712,18475.623685779377
43354,8218.601386173668
95288,6410.601193351535
39260,21338.175679676464
60448,41219.278233717436
27140,14213.903050739114
46261,17272.871335802996
46191,9743.960025070579
45137,8496.042628755331
47389,9238.252884761469
95001,10581.419162071657
69871,13398.6610893051
83336,7438.795453889328
18680,11583.24213872388
32685,12875.645778463455
57823,38058.75993280239
99032,21560.826436312484
63157,8305.971137887733
36646,17979.90921558503
20702,32971.224222981386
28403,22323.50665233795
39642,18848.253493959655
62654,30973.55010794974
92992,12595.325692053912
71940,34636.96292476745
11420,10357.704622650272
33841,20602.43339071262
89059,19847.62009569767
23136,15224.338987391744
74814,6679.467851370666
49141,32947.81756482515
52486,16481.709290476214
39168,8318.835856489995
95949,17160.3729022003
20377,14160.842925816465
38960,13944.001381272747
28849,15099.446328434147
82423,24006.88786321749
73746,19240.30816901855
21242,26860.766723778106
76656,18276.95792931691
58214,11771.523560992173
23102,17252.098230260635
30549,14319.462660360157
89362,35074.61270718425
11263,17731.177129733784
80243,10179.57967065844
47698,20920.499882583732
62634,21947.187475221785
85081,10163.194960380497
11688,28837.03212713677
65141,28934.93854577139
50729,27979.532935540512
24650,12557.794569173398
51504,15005.19576382232
18416,31401.85716818825
85207,9088.831206304481
85343,20748.5927876072
25622,24817.79255180741
25230,7613.945531775291
27739,20869.157873583245
48222,7985.734763007207
79804,8958.339689371101
84150,12013.51416904617
65400,8823.606616617704
64859,9603.027813329205
52598,4933.293451092026
50975,5499.36900506329
94875,26155.107083142608
96268,6151.952073968929
63913,32028.134724485186
81503,4324.731920678521
24763,12063.927772390904
85553,13580.248100176455
80104,14570.229060843425
47310,5678.655142259418
61743,20582.1268500484
39836,29453.75484372343
14347,8866.502631753698
49434,9311.964518003086
51116,22855.137895646083
28853,5228.025666792802
12911,21566.93103291272
87366,35829.72038198999
43838,17236.21788543893
62084,6879.108883965693
65565,22700.831430246886
99286,125109.14420608197
11040,21621.682147855667
82044,12945.656687162471
42544,26464.768559103053
94708,23452.54602116711
32753,14761.366862731442
56324,8141.911179236957
57914,14020.566059990962
25409,27871.274536176854
64578,11218.783456025107
72486,25301.505888130494
24758,7330.797614973182
18038,30176.112175516108
78105,6580.143079765321
60593,18787.71089166429
71347,83846.67318599307
51935,7967.310363075156
11352,22323.717973101942
27603,20264.469524714124
99581,32717.41999519048
94809,14611.710052540555
99285,28339.786442022472
78735,26568.502771863627
59590,11511.285288640607
15577,31071.583249984586
46936,47103.83041612499
43239,18950.4666528426
47191,17815.15539302476
99770,14353.233221430753
27399,15055.324627406364
94077,9446.54329083765
44447,18964.775936353784
20653,21119.095670337574
39289,7917.607775636403
88357,20169.280020389033
36717,26668.072750188207
10399,9302.665191716149
48396,16228.451238330403
30449,6795.718270262267
51264,18546.144254019426
17239,19452.081345946048
86800,7457.337119043688
91762,22527.351556948768
60891,14181.99688653948
92837,10813.89528497453
38990,15392.211466078963
33495,26671.83355372955
93799,10915.39975516162
40421,41905.103865224475
89988,9807.234406692032
83699,12864.055804321602
41737,14379.605219499057
68048,12151.682398596371
37434,28243.960843607158
98838,45316.41033948324
20942,10675.442570693314
77822,13998.849913208007
70272,19762.94571715953
50642,7460.505991603715
68821,14224.060947439768
70914,15684.249981120804
27359,11504.946682496946
87372,10528.284147839062
23288,36708.4581670309
91696,28203.110525279626
96232,8689.774388181755
38658,10273.656577933925
50053,22807.229373472794
52472,13049.529771848021
73599,7596.534532578962
92062,25041.703037812935
57079,23852.74459022137
16121,11174.238197159939
14476,21330.60573184116
48080,25380.14223787072
91993,16275.719898207375
13416,16682.310518234608
97458,2590.0936161606514
25430,9211.661842264892
80333,7143.384850159726
80180,7988.2172822416
78670,9093.617362167493
95390,21403.345603644688
77710,16504.75896897547
49082,14530.978093336838
76864,7767.149563362738
53390,19189.331786700917
49047,8181.4166746385035
19681,25986.52532724318
26467,18763.546823709636
25470,9452.722795788774
62972,8871.227169013262
62197,12188.381261411781
26733,8590.86054510126
99984,16753.35330086567
72866,17123.350177739423
71878,30992.00668776111
97379,37837.75912696254
68877,12776.3848791311
88841,14215.768145729342
87609,7742.793337701682
30770,17258.074720801516
90759,16215.150840012562
13751,25048.66008239692
10934,20034.367100805997
77619,18407.759197014326
52811,17365.10448765737
28459,20827.879398962657
11446,14217.616366235292
48282,17663.86034943341
41640,22116.244351415335
66438,12464.368145644836
99630,48514.25969168695
24506,48189.81992123419
20504,12828.86156690677
18962,26661.556279715704
20350,49954.07653712458
81591,10730.104968795422
17642,12507.446805820207
99347,15013.385357519328
56823,32727.6994154099
95629,27231.912711469653
97710,24674.71856791054
13718,13394.981362381775
15350,21258.619419198672
53425,13478.670323636386
38309,13845.577897169049
44026,10258.920859452286
94693,18164.82309705558
91517,12384.453677033245
73372,18301.66338721448
47682,12363.652051137313
90894,26227.582011503415
13113,7545.105336133667
38504,5821.719917106737
80035,8216.304190925825
37016,15965.393126336437
29664,7782.321588545879
79076,9601.47311726287
54626,22816.998633031242
27887,45580.31424088184
21137,15611.874826196128
31699,7612.331117016034
85862,19538.689381292228
73881,6530.18961531529
31653,21938.412465723723
41488,42403.4010312694
28392,51268.5277932271
88159,11817.54677309188
52990,8176.921096835165
43734,10127.416166600637
27544,48092.60983281679
64555,16412.254683462088
43968,8394.677783327756
57977,14592.482381647495
83805,26063.174005331814
17586,9477.821257161917
48422,19380.252108170484
48710,20395.6039945616
73071,5148.295092455004
96916,28578.32586973139
24936,16524.257475597882
70095,16742.222541931023
25273,10280.19284850606
81570,18077.45857504938
79121,21292.24086693569
38512,10153.516320182316
77000,16256.719487210392
86052,10320.181090431422
63810,15720.215521372822
46335,13787.294335361637
55845,18923.965131829187
29252,37644.45766171359
68719,14812.382084829296
42595,10530.096034137488
38909,17011.856411211782
37790,20276.909083053746
14167,11114.854062454477
78560,10389.774529740576
67195,4264.97719350849
14374,12429.965933076994
39882,8471.307469345265
97735,22830.87717319494
84729,9648.042404859778
73229,9123.805706810195
30257,19026.8393229805
98140,18793.945744195855
14863,31835.320098762215
65834,18271.26220982387
21343,16362.179165691019
15886,5864.949351047873
48209,4522.924471679738
12171,20683.101390208067
29873,25935.792062036002
86784,15925.763176915083
92156,10636.79918759596
91185,7523.951978735104
81613,14436.235728700407
73109,21175.00080718779
96538,34421.19778638666
88853,13440.709332405018
65806,7594.684023414438
68624,24496.30258514827
85738,22995.24199296871
39363,8493.640444321089
66339,13160.258138072815
98414,10058.247133210514
69560,12643.064897312073
63329,9003.8849311203
24784,18511.113532779265
15380,7292.147156932053
85347,28306.46136403962
53811,14016.400524456194
47012,5773.995451954017
16870,11835.543360398482
41742,12287.842743940142
61724,23777.698105038042
44521,10488.452216244455
63541,24518.634655559676
41539,16227.0766928
94647,20629.003500349096
80706,9291.545594756668
75721,18882.9994731573
69437,18986.686710444188
90854,21095.501072990395
78658,11609.955627922114
20089,18585.894420564757
17667,9079.266021023393
77162,10360.250828140444
81571,18129.968632025768
64751,16239.385520389478
11481,13035.988086908754
92700,15716.045976564394
77028,10055.70863852054
55095,14220.219896776896
45797,16845.845038333173
31070,8293.644008413812
62463,27511.23470826567
79227,15067.265349913298
80750,14179.411603452303
42376,6728.7055642002415
65605,7198.110928313259
22571,13444.884417450594
20065,10227.157430638079
23211,12535.236179533007
89048,8879.444635868946
85223,15510.063887527036
16517,9789.966089098642
11534,13689.350784254564
22457,16861.82509424269
53571,9274.625709746437
97708,43706.710439382696
66356,16169.59840579368
25028,7005.068938884542
11413,15675.277118382004
19302,20358.381809383543
13105,13643.137504655206
15087,16691.504473289824
58889,9319.50932941827
90018,21646.335020357124
13393,14039.526835297518
81605,14259.050007439528
62889,14806.908337197561
25863,10641.292113067433
42181,55048.57049621017
21874,22291.631503845703
29327,12890.929512172415
86101,13260.160767661724
36204,13266.844262486215
48675,10522.975664679007
49173,27707.129028285002
97972,11534.747351682898
39278,29219.038632699987
77058,13990.891766533365
29670,30223.532339552483
33146,9778.313121333253
42384,10022.32354156004
34880,28916.457119587234
44759,20348.18473220435
30739,19218.196747291215
33209,7830.456504847727
40405,56198.06535420296
91015,15653.130933123723
68095,8355.777837382686
77047,8942.351301148334
95752,40830.37345450998
71464,9590.80064422359
76290,3650.4154084755955
10570,17839.546072455887
44951,34340.000408005835
68375,13510.4561920769
99530,10383.312151028176
77848,9902.199907505394
41576,14774.283998183682
60985,10650.894310826767
60329,19458.54579480369
69870,13994.08009119914
33808,27765.29410499856
53824,14122.383469453744
69947,19074.270757072452
79650,19935.089723300967
28028,16812.024113862444
19426,8409.315137409898
95651,16155.40693391329
45424,17750.949607194118
64479,13015.960361051846
50242,20705.913073440555
87284,11589.59011657878
65938,21367.5844992538
49183,9611.97456288501
73912,27810.479073241062
15187,16128.092342789118
23271,10391.3909635915
66916,28374.611248883335
26336,7616.898777896666
36947,11089.150082919326
35576,8769.526601531765
67302,19437.019222121824
75116,14442.102700905527
52542,10672.584134199617
80707,17796.93974599875
74152,23649.990341282988
60116,17691.11603603812
91523,14611.547775604962
93387,22590.614928004965
37357,13583.988780903972
78694,23993.053137697607
42076,24286.886167074244
39922,10637.7726138494
63325,15878.319126642924
18604,31251.266023575583
91107,7501.906256664335
19848,19846.31372649893
35030,8362.992006310116
60240,14228.543302233022
81183,12001.949198977265
44325,17577.417752352896
93923,7306.6506042610545
25878,10676.51223585545
63703,12620.492424381366
36187,8832.80827351749
78693,20793.142614037504
72943,16290.194672489479
23315,12237.410390646844
19522,836.15186262932
82934,17930.303520190966
82672,13120.94909159969
42546,5306.385886496955
22758,15887.339496767643
56961,12295.63105870491
11777,14891.737652879103
72390,12661.665560636691
94354,18317.067694994683
51150,3540.2573390169127
95987,5075.107238567527
31951,8997.61400182384
68772,20574.615474545764
55183,4364.559728289185
10402,6046.504898187033
46311,13963.702775115333
76192,19999.87622613954
16968,20744.69851370732
62548,21851.62759965649
48007,6925.0855385990835
60832,9576.312477844083
49801,27661.79846240434
24726,8937.867338951917
16494,28616.24709623512
84626,22146.984258951798
92674,6033.642258533442
68724,20958.977521046916
76160,7331.259896048765
51073,14803.8428365563
46933,20661.425093259768
53994,45154.34972091767
10131,13743.458631658048
67351,36044.68861043769
47324,7168.49973995541
32571,9774.768469540271
92564,10482.060636540362
78457,15305.754389437992
74204,11666.189939153111
34960,22017.658625288197
44436,25681.852395745816
27073,29684.9742917363
50488,18821.981808146633
92989,30756.278308166708
43210,27824.976729441674
81329,19490.388630884772
63280,39420.43606492449
30716,25182.203312376434
14437,14646.238113937441
11966,12916.30909570065
45044,8324.572083326737
17466,17836.664656998673
18157,14983.554392374195
82494,12718.615513727895
52178,27432.002032098288
69470,16095.767677139116
65749,8652.669338771007
33697,47948.78117717626
26063,12610.624393727556
70395,15668.625350890103
41071,35015.96530486853
15404,3923.345532433037
26511,29321.569326459226
53534,7286.8616879536075
53559,7307.911179766634
35948,13858.385232083749
21240,17490.710158388756
79158,11744.098964141795
91187,10868.11838811083
37536,5851.042338856965
36815,11882.1799502196
67755,16606.11776874888
21843,10208.129329643256
98806,28472.933135945885
76621,8319.728716333964
50949,17421.017510314927
43250,15822.817968609208
26986,14593.893285413147
59358,11073.014726123567
44334,28237.477625756197
62848,14325.032836577942
61519,5499.026775562605
73528,17202.855610605726
88654,23894.028925177015
98402,44610.00670481812
11735,19025.676669727407
65499,26610.5903162851
53416,22106.87035625426
20081,23122.498859410243
87390,5436.7266232157635
50515,13969.828737589902
56134,21361.083370020388
53879,18732.287960179972
42691,8692.60776742869
82832,8885.279196354755
75212,6158.6610926008325
94838,18102.65037895745
29872,22858.66424752694
77801,12573.879268422297
25106,15325.527093516439
10615,12688.340990070286
34509,6995.957786039682
53263,15041.21321930658
33319,12057.833913632343
56522,9589.85047720977
56772,17084.482800827616
64252,10889.075519109967
42094,27339.073783891952
18835,11793.714137739013
82632,15614.390179593202
58653,19628.45246702826
44088,10134.250619745557
50386,15155.29267919246
30171,10384.14364373517
98990,8051.871323833844
54642,13964.556956900962
76880,19510.16791337971
24130,11461.82934803756
37404,22155.123659642093
49770,29205.6744604037
81076,35817.60030800623
69172,14814.04866167041
65141,11234.262550906293
59816,32116.796585099954
18805,24756.82813522384
62408,10617.775455344614
93773,22703.186215710502
56776,19517.008788945594
90102,9841.109647031597
97295,7118.714493583224
80827,5444.2400073730405
13074,16765.685286056523
48583,13489.905702095195
85069,13255.82785691087
33236,30595.801474138316
90695,22117.166417052853
30681,9627.72710469053
41829,18533.39081510864
28104,7389.677822899566
51303,9541.36521920167
33153,12944.611727207379
26412,9187.562119417615
98181,9581.396001084173
30590,18851.137472130707
81399,13599.073117162909
31559,10614.303564251022
73968,22931.590417114712
35413,20098.20483781263
93163,9017.835584546288
26105,13482.789904115944
77114,12589.61590769514
41691,13187.903661014656
33666,33675.51116120595
20355,15179.025347508452
51280,12322.746666420486
11324,18953.96362780336
71606,12441.989555744132
63665,8003.1638034714815
37323,16181.806475280895
75149,24129.1713393955
50519,14342.954562954697
12769,16587.372500556296
22373,7632.449704122504
84643,13624.042786550068
30193,18175.356587726892
63646,12600.330631877696
69124,18338.183241881612
87664,15761.445352297636
60740,42313.186065154645
12443,12963.746305028542
96617,18024.433266182717
89778,11386.430374458116
90957,14573.96498225096
96163,8334.936872403745
23392,14071.533580350628
94111,10606.63320445798
40119,21879.186453708488
42909,20367.028802686298
49122,14644.85191510899
64207,13037.200982731263
67985,28979.283553996298
44677,44255.98950848248
52858,24784.879093995245
88626,7632.659976051329
96130,27067.1276173142
27897,8365.499907196925
34577,26801.87588124822
51296,17093.24298644785
48243,18393.092079244005
62318,16016.557230815495
41669,13411.75237520762
58036,13381.477145221894
76479,10042.998129749587
87122,30068.629661946587
49667,20216.373782765175
12333,24378.03445168777
81137,28312.670849590693
94885,44011.5234348587
51839,26255.196602125234
15006,12687.487017691292
69693,12516.880778367304
91125,20564.006278481378
98034,17544.10696517858
71263,10386.450499602615
65227,16809.47556869201
49912,13458.443885817505
78755,7917.053511395357
54592,7855.863092985241
69796,23010.11458871066
53311,41096.652341359644
31735,18949.223045356117
49505,20148.964973704253
79541,10208.771006824834
96328,16850.003252400034
10278,16509.604138277085
39987,11280.256234481556
69344,9388.267060181373
76306,10869.947297955794
14410,22818.716673821702
53338,11942.519607789633
11320,10338.206969556584
84194,9811.297031879625
85017,24544.356775226595
96655,12486.435472375299
67671,15493.737064923444
53916,17398.6356444279
59992,20331.476919752553
69452,9400.653945962355
69665,9827.766788402158
46039,31779.85986877758
55091,25706.371658920834
69641,4951.130761825958
62816,9509.585542206014
82269,8228.125215293745
72337,24370.284237967353
79341,21194.253543916857
54530,12583.829610598183
56812,6837.9971578552595
66449,13052.658298195522
26442,19031.118333313963
44712,5052.597468735023
79171,8507.56833984748
93555,21044.257984749423
82742,28804.806514735123
62196,9429.39976476091
48022,12740.854315477736
18710,45712.472490701926
26161,10813.955093757253
21144,21649.80344690413
57218,18071.148464011258
65208,18253.643179262766
13261,5366.359452240471
37114,23360.142881154254
33461,9403.549280339856
14290,14349.563579971891
38023,12958.838727330716
13123,6620.16733701647
93118,18211.04226635808
98160,10609.417431751335
15226,6978.2200264941075
86303,17380.57284437188
14677,22707.581328511158
53903,18823.740499559863
80275,21442.691987606235
79988,10723.209480145599
88022,26267.693960390607
76940,22056.26215903506
47032,11622.17344273558
60326,10003.54327019378
62394,12150.324243255105
75505,11074.237325436978
14007,7396.887105220114
98880,23721.015436573056
20376,22899.745282116968
58357,19230.130899333402
11680,17327.925264805894
89878,11271.171783680486
83182,16977.648343338078
30134,5219.763119745305
30336,20062.69534746553
92109,14701.413379104264
31263,18252.75570813014
82316,25145.242737231427
26312,21183.562695486646
79476,10649.972842135485
46139,29293.214608740956
71987,53319.1446092832
12703,7803.216845811201
57594,7560.687825610403
15511,22910.767802912167
64020,29256.546222833706
62501,11004.89787479474
58561,16335.670356020559
42838,13083.34944003798
35384,11122.534091206531
85900,11160.88202555104
37367,22172.968306742452
42909,7548.94126176403
35687,27978.513314954645
21592,12501.825605892216
29895,4908.720879572202
50725,29028.3553697704
87463,10915.833054788982
95295,23298.464390296722
91627,13946.198526390639
41226,13118.748986325652
36147,17474.646531130773
39601,14335.91553820696
85819,14810.881322829682
73479,17303.53087877703
55560,13604.606934754584
71469,11484.68489164122
10949,12645.616288069881
88651,24903.346529850987
52971,4439.848217601142
74808,17382.533724206518
40131,19491.632350251788
66489,12877.723240035
18540,8249.549723681832
90483,28637.405142059088
97878,17274.768911264317
53060,9390.170026129028
96655,18710.440139380225
35068,21209.863261062084
14231,11387.194537233809
51164,26778.128650550403
36351,10783.543188363672
82699,17272.766871995518
63152,15903.98714029673
26073,52315.29015011109
66657,6498.687447556396
92434,13949.037459051007
28851,10968.992517094764
51272,11708.180007064042
70588,13962.383438604145
78888,14675.429186132262
71434,21107.705625966522
86510,11105.758903632282
23042,10381.969348072884
89172,10519.3777586082
69951,10010.65679829536
12098,10498.995283091983
98298,10531.672395945208
36255,6647.011991550202
26782,38884.51361314024
46426,10822.733847680582
55195,24827.8045792235
41896,6941.153844259299
96982,19511.742573467876
40835,8929.86992321512
47353,17068.3305482064
11261,12703.530343794457
74789,21146.680047187154
14860,25762.2539713036
93848,21781.5783616726
84323,20709.451335065904
62262,5872.127180570964
18692,11084.902033165614
58416,12536.706035662515
60378,14063.564925549876
49256,10258.74403459438
64740,10943.209085365428
28368,18519.57741968819
18185,31272.567162884614
19493,9542.776242733742
42975,4716.492621763018
34052,19824.94599077745
68948,26973.8130872076
22097,11921.651713557247
76868,50099.77679941696
97149,30035.589687226307
77289,5816.310749320781
40940,9146.476964555548
62104,12151.682398596371
96109,7733.425313259446
57869,7626.676671025989
58478,28804.661288492567
33281,56892.99344040639
91545,25175.706580372876
22924,15642.103213436436
18397,7158.700819916816
17053,18364.462888409864
72350,16806.169509817217
30976,11794.502443759253
28546,10422.743495798757
11570,32652.563868104193
40756,8978.256987177547
32834,11920.272351998632
93566,11106.133405667439
35076,19564.621664078084
13246,10739.528975848098
73032,8752.332278184818
68965,11619.348131293105
91109,19118.28261958404
88955,9113.793533146665
12102,24617.073818818633
50545,19197.48223159347
70023,24823.414422642676
44632,13794.491580768872
68462,23316.176342914707
32461,24280.935898475815
60184,21438.614923721234
59654,12714.184709644378
34887,8494.595344410358
40794,17827.523544507414
22541,7928.761696240475
49507,9008.153119577748
80437,11488.504113972973
45997,7676.994729527041
82258,9893.08233508049
71047,12861.727185344145
48320,19489.875254016006
78320,11100.62435975803
12517,16615.622888699512
50302,33536.19000547179
90016,17722.2293328338
64497,16025.100004284915
35485,9963.411499561633
69001,13511.74869460992
64418,8066.940669381056
10803,25226.744590691153
50360,18060.08716149887
74630,20848.890289311454
49633,12248.78861087876
74843,26492.222372842465
38473,17260.003275246538
64593,46232.50872944267
75757,22463.59358162418
65738,27285.845269028774
79061,19118.06381615743
82130,13649.970821259196
12555,12341.969389357419
44998,18756.45400677489
43426,29501.052520622834
22258,10271.754474371559
58102,17318.24917250089
50696,24644.986773358498
39805,21650.340967364733
99699,9350.60081700591
17359,12676.433600645203
11216,9652.416768578456
25361,12616.395691433878
56405,13186.04452913313
72247,7617.3681216402565
38299,13537.554050639215
11556,23544.635302162227
27433,12588.62150106599
88368,48182.10981443245
52280,13175.922810877415
54858,17085.665009811204
31422,16538.064217771574
59543,14393.903385225381
91551,11203.595055850144
17427,11572.285928342651
42866,17254.83352596331
48802,22525.46008567324
74199,13081.640945362757
22075,9771.060447342064
89823,14758.297080037479
26510,7790.055103961498
10431,12539.473520611957
59538,15223.382931334048
27507,30305.897985618656
64204,24880.914744185495
16405,13082.003942100719
40891,9766.865102825612
53437,23620.230978285465
57396,8659.501225744738
18150,27847.834977323146
97905,14763.043871044549
61992,40829.2922933083
66381,48673.278528689494
97441,24280.20760706592
71941,30681.808511129137
94101,25485.509477578933
54082,10939.357057879988
72113,13435.263508283628
19540,18781.60339459745
92355,11174.553496652092
73431,9828.295012466424
86042,15762.875664030069
14784,11102.244116709242
42904,11382.0870848542
22904,19485.265756560442
62075,14015.827544260686
51015,55609.32894413738
82737,9414.370383699508
39679,6200.217896893935
21517,8210.179929143096
36681,19612.76705302486
52506,15330.865411974484
20683,8947.263768613891
30394,15057.217485511317
70439,22037.887002902367
75976,18313.364502008968
72974,11545.374970796684
51230,9912.802421902928
93669,17789.029923564445
39992,9622.240241630225
14234,20839.156483456412
85757,26210.40807417879
35006,19380.974337397638
56311,28207.110729012584
70673,8526.811663893637
52383,23958.325288085558
10792,6947.703442120406
78642,8557.587206989632
25646,18648.890616276272
55582,16264.011564326938
38274,21273.577593370275
56160,12898.859469680106
76471,23466.6227868408
42237,9832.007575422444
75206,21126.51082044313
57258,12082.614057813353
17959,13528.857755615662
22002,54957.86485669617
96511,10638.19241147304
90473,20118.90417226552
21948,12767.72073655612
56780,14247.688677613736
28621,8428.093292613832
46448,14065.791178245481
29167,6042.759824381234
46844,17626.513303786473
95441,7178.98659025945
83281,10263.313050785771
98914,26819.820594834877
13268,12390.116865074533
28086,8406.960629738629
81589,12290.154183170718
85305,15567.583813853877
15433,12819.982384554292
79713,15304.82498956588
30677,8889.366880476668
40242,15536.3403518724
69283,19579.11812650562
26735,12518.994292833897
33705,10544.422364822349
94749,27850.975899924764
87619,54620.01617210458
21937,19032.79805915562
21825,18885.277932514673
95466,22526.51887360109
14415,30996.55581666407
92059,23695.349789384294
68624,15141.565302820976
51611,14178.810284963489
21099,32539.20076663126
68195,3276.6691681125576
27133,16256.789730469156
15616,6704.844112335044
49381,50116.9378728935
93052,10902.68408268712
68383,17202.431866192535
26454,32071.22116392281
33165,11645.029980693209
19779,10473.219246346769
99370,27068.72523792953
24006,9752.081482962112
42657,15234.337310849252
23083,10968.492093112807
49156,16016.131790301237
30393,14696.042559184
11210,24367.36850742278
98074,11328.425072449993
45781,12273.929007011277
24787,8692.083337617885
66441,28302.66843802439
26506,21588.00072736951
93062,11720.283077879314
97356,10208.07525744414
66399,12216.899884123248
82024,15142.77152296278
55000,21340.70608621917
68455,13519.483158722507
47233,10287.674916444968
27812,5826.354880769231
66690,7827.434248019417
53739,16468.677943647523
10045,13803.944635258718
57895,11427.895195380781
46808,22621.03282040362
49211,6363.1626187029
37518,20478.756698504796
74293,11444.389549352933
52609,13541.027060697983
14811,42609.84185968179
62433,24493.2184163214
42504,8338.441709819224
84476,11669.785287610071
63969,18127.60089315238
96136,15473.85616921406
76502,9010.75604992188
44976,24192.676165556168
64755,11203.760779815502
64246,8992.811089995404
22410,15234.16980857275
39748,15590.273710003796
70103,10813.154948455613
99663,17556.45710832019
89724,11390.72752803276
89176,27679.124611171763
63580,18474.60151252874
20976,9737.441415420071
64743,9716.786633137915
32372,23568.65136600793
16476,7215.775870058445
33941,17081.385580015027
42262,11049.689274139713
63002,6320.891275945842
78002,53604.409568024545
25408,13599.264603494656
94667,15474.722891718857
97330,10269.631304547062
53444,10881.793317931275
52640,13348.67880972272
34385,21982.544412666743
85366,16969.195121815537
25352,10018.324679125908
40338,8848.225352548243
87156,15646.565629273435
88851,17283.991148883393
44083,21038.482527048218
52741,8663.024470386645
35430,29984.90238918444
81061,6064.102948490265
56464,35753.34427250173
34592,12591.591030410706
85929,11441.584554451714
93374,8618.872153539312
26879,32667.195931258422
93839,19997.45212412308
62016,8438.739842220217
65230,17311.599294081825
16581,9197.907296530273
92393,19510.481544252183
75692,12734.494389342608
55852,29408.702413857187
55944,12547.394779478753
10697,17077.594843781728
24756,10331.166255740696
49336,15281.474479470244
92572,15179.025347508452
25119,16537.320433582878
98719,19328.6124374835
98658,8842.129310057617
50506,43175.93292125349
38005,29942.59849984548
79752,9356.252322529943
40306,22124.662002154248
51264,48245.175652257465
81121,18200.04336100345
16377,14465.474393984394
81363,10201.331145344075
22962,22848.83384848879
66262,33540.33725914535
35449,32931.974035744504
14918,14941.38171101841
49384,11094.444048890447
22224,14504.970076092068
80394,10620.662877104734
14024,20762.615839026374
61562,13991.460734973442
88266,13950.80393482369
88811,13553.872210247999
99116,20292.30105158744
77366,19090.8171344261
82339,12171.034134827602
49027,20854.592701179277
80834,9901.244060698173
60806,18040.383043263002
15818,24848.926415112895
18376,7475.588610205619
92145,12027.382910351409
61832,13878.751948137551
34108,6584.554021448117
23014,33576.39723216427
67572,19217.84032590171
16500,33807.07528431532
77178,15652.922452207296
81219,11695.470655201156
77221,8956.564584283678
38505,16206.693447883172
81558,10388.333439985337
82980,10090.520403424955
29983,18123.884345303566
71722,2312.745591456787
66155,12775.734471302481
70933,10861.55521358371
27742,11811.029061572695
14361,30728.723899051492
38293,17732.16474091135
89302,16023.067440591365
73641,6359.455990935092
81522,22936.33459822605
49278,15077.01900591889
62196,3006.9972720875194
38092,26406.91766971696
87025,14552.445619962014
57850,43940.9520154637
95473,11305.34025152746
90732,16450.019187013208
52289,10049.219913195295
72105,17194.261437830133
87352,9987.59771417619
43773,15235.67339397266
32231,20278.390406266706
48090,7279.551864923085
80663,9295.113663293821
54373,16195.655322128541
99845,10330.645483890596
49757,11962.594882968353
90732,13897.598570818445
76333,15499.761891610702
38007,5651.913954351696
36147,8675.86644195229
69438,11938.215456503705
94123,21296.926954571696
79696,14222.762515848191
55645,20704.848334205595
42156,30610.576698344463
53284,8241.557378042846
27076,13666.396916076192
15325,10427.104430674557
89221,10485.25473129571
67472,37478.539045207224
84883,11121.291909919793
66831,12545.237872937218
27464,17589.58744308843
28972,21255.246231031975
80555,17255.238879764696
78639,10375.493856336652
75172,27471.132210624397
85767,13498.054653338222
99777,11187.980524409104
36314,8337.831866532699
15809,9126.275099586594
46478,10102.568740137847
93904,8126.844390802227
22226,8556.434027785963
47035,20623.266715358604
55544,29779.11020480255
69601,11660.281196024109
27771,9046.068589537397
85727,4251.9600357651125
47648,9349.669417008596
48081,19158.761888774225
74616,18513.45513381296
76305,26330.81016654175
82563,14740.89367618293
61219,12392.8580967495
41543,8415.105785177548
49786,16296.583702846865
62258,8047.688959143938
70185,16222.53545207347
44202,12036.241222813042
16319,21689.896958529374
44900,19914.867497178377
76809,8907.270989633931
98037,30006.70357709335
76019,10675.609402801747
95256,46952.78166851596
34710,9002.506186169683
81528,27324.90912201564
90416,32239.04275874456
37705,13176.319014637036
43434,16465.096459484565
15732,26064.070793348343
52582,8178.233107540555
55000,12335.411097470074
37096,7619.846092582602
25222,24575.113485797112
73408,9332.883606735531
32725,15899.552396020792
79321,20974.05482392912
85456,12967.144071716877
16582,19438.35225983811
57226,18499.7508102261
13336,6151.952073968929
97629,6199.06030587297
70443,5541.5988763515925
75492,2557.9259656156955
46397,16532.31742957361
85926,8404.604811654961
33936,8049.825227689786
35056,12390.92341746199
38322,12720.619909566069
56807,4791.292251776216
29686,54822.80488489542
87461,12845.64376252636
40825,9071.480804515542
87125,10344.297480556894
45136,31048.820862772016
99294,13234.198176400725
31495,18769.96369069929
34976,52423.00854224353
15991,10043.165916171027
66507,30087.018559333563
65228,22634.70052767482
33556,7428.402170730382
31543,12048.517205847726
57637,23381.963927661254
46867,17009.013142803637
88758,9691.885306589094
93088,17546.797595208078
35038,11164.749271538238
35584,7888.536389506033
56272,37329.51595213944
90991,8795.467942414787
59270,10203.876338338368
58869,8283.873116566312
40358,12165.169165773154
74351,19805.643030899944
40140,20805.038309184947
61499,9499.0873066567
37067,22426.6091898264
50173,28165.83704990666
39113,8451.404826917395
51819,50399.98119997128
29713,13194.809273729797
50384,8335.149967870317
44777,3403.0857522518545
41966,15426.10628936386
47690,8617.780057811193
36661,12930.337694545331
92248,13640.242466106334
22952,15381.089689706178
73508,15373.351068344093
41396,16556.27561213156
20712,10429.043129238722
93415,54624.54984858255
49157,10262.303747240618
39564,34697.72924314429
63299,9424.276011762046
38142,13997.899033684549
55014,16084.898845509031
28404,19170.58065024017
70641,20670.010165316256
92194,9828.991751862097
21235,12615.416396907869
66050,20095.44641392902
47206,30773.935507913106
21802,21043.435417329376
74128,9082.011042731843
46244,9305.794355461581
16803,12150.419860947753
12672,14981.536787878009
30664,21698.41605937898
16845,27278.616326942385
97487,16092.113956750756
47931,9694.790345367815
34939,7889.948251076976
13720,12541.4069845913
18013,16016.9338483074
61074,13048.165365078137
17161,10969.816406142725
14895,29440.890023348005
36858,10050.62001515579
24522,10596.062659614568
57824,7332.628270901561
63766,13568.550410541313
42015,10193.127533576979
82499,18880.132825372657
31509,16955.235099898684
38423,21443.08521719427
43943,21221.79132817483
57763,45296.75465267383
50681,22262.48728646232
93107,8234.173747202989
44813,26945.235386355293
39324,9925.645937756057
37262,9762.595899336415
18235,13337.464862658398
86306,13846.560345343925
92413,25722.3740678986
13932,20572.50409943811
24574,29938.752738187715
66900,15267.768561651803
89444,45322.85691163104
97567,12503.741152136534
32553,5495.436835748935
57356,9825.44146305303
82701,27577.220810170635
21007,18850.61469540009
13407,18346.53307663242
95784,7330.312781319513
69490,20245.11215537889
21164,4938.774902837316
73839,20203.459324263004
33365,32981.66693848933
47903,12487.515393114125
44119,33626.298702912056
81755,34157.12968083152
66874,19532.34767283649
95926,8661.203481545506
12808,33316.89504959049
36716,11617.985628512783
50838,33260.461623852454
19874,8485.88546489993
93861,13125.280549751124
31334,4334.673403441586
15469,21285.82784557686
32444,27509.78744837801
59771,7649.685961964187
22902,7245.582859932951
62994,20605.7790844872
52994,17416.649286706997
76644,13027.148712419661
80022,13778.089990622211
25949,11215.721369785027
92724,8883.76758010238
85562,39905.304273886155
27750,10159.913478690043
24036,13194.126515945349
48411,16225.042948430912
43848,14141.79739158033
41825,15455.88826929092
33513,19616.865960314823
27016,11931.508108158258
12174,8737.230421580349
57505,6183.351161102295
96079,32436.47862671966
91041,9020.493703518703
51821,49540.35002103113
10033,15991.530691410526
55682,9337.598820664112
73513,11457.083702181619
58228,-27.81813411041003
68228,20050.679577921488
59478,29925.25348314555
88120,11113.999969299442
53190,14317.488122102688
59589,24609.371086966876
30134,22245.367923783786
91798,7782.792737464366
80249,13306.227341804733
87303,9645.949213704058
70671,13057.976661772633
98077,28591.063272847183
19389,13304.411352667352
92869,8900.561394263485
67356,10967.54460301513
65361,7015.089432224571
80121,44198.25110881151
52506,5322.880761226781
48415,6363.1626187029
55495,6825.5019213890155
73015,10310.104534248232
32165,29355.07808146133
53235,12711.216687349644
33040,29501.952444982016
79850,9343.407231852678
74929,15155.654048975355
96487,14900.272337187027
23476,16850.037190515097
26953,11757.813827477603
12516,7535.407124623594
90545,38611.05612539314
10694,14166.189464443723
21555,10714.11814640929
85199,18290.267243844683
50027,14056.744687490434
34387,9499.402504917338
71307,25343.455795022906
28230,7632.449704122504
25689,6460.0946917302135
18348,19488.77598808212
69368,21025.261443996944
82689,23522.418671903786
57599,47832.84617751687
57968,9879.330632230194
44284,12381.972521027139
60275,29245.095320978602
15062,23248.67646626838
88200,9912.802421902928
90202,27374.325590972454
69619,23158.730654698702
50017,10323.332260597843
75042,29200.25510518373
69303,19278.62238469523
88990,15899.781678607542
72039,5262.340523108007
43644,32732.458635432027
91979,6838.33436933552
71637,16480.27948868575
73318,20788.694317002955
86579,21441.42778179495
94564,32080.387573996755
87429,13766.550456701509
37265,51668.122415806596
63227,9751.24484915226
73052,10168.096859075975
53233,24229.423978369865
99678,11664.029054761915
14033,53074.113966360834
10951,23538.370232491478
92230,7738.1904404560755
76598,11402.206519094147
62733,13384.707761666597
61753,9604.464878438223
67044,11482.565683082343
63376,30657.384339860422
94159,8540.729562023236
63103,16492.716866190276
11993,22354.57091057972
46655,18747.75083033609
45959,15114.7872539781
95871,32032.77575909223
43317,9227.021301873323
89388,7007.292436833632
62744,23270.709870948987
64143,6552.089689841647
46202,31957.84923217637
99955,20111.305450118227
96487,41277.52533792096
34786,15048.24339835072
65227,10147.159316575267
29295,11950.027131549426
24604,21053.348253822875
52087,16271.617252810825
59142,16263.201273382318
90741,24177.37080252626
79056,15007.405216730349
49776,10769.22195699464
40593,20497.248019264094
31811,20158.07517465162
56277,14328.29659403576
20787,23728.97162958329
83685,10595.695238943907
25072,15065.482991557155
93954,9499.0873066567
21230,33677.79934875319
45538,21209.916894088128
75247,22169.625749838524
84061,13315.65904535237
46471,4260.184757927305
68243,22371.329469656313
15850,10840.8960133744
20222,15355.617478870245
11192,21688.376079672802
25347,8732.194866073345
19805,21040.31436491591
26838,7641.31248553472
16422,16486.404523428588
33903,34315.031744635184
80313,6725.1451093799515
24633,16173.929779461334
80777,9342.516937203223
66559,10198.355270817865
38340,32702.126747478156
21351,19672.188553858447
65854,11863.476496288655
91351,28181.63469965588
30551,30175.31409432189
85478,6150.973748572878
27391,16963.01807198764
16813,14701.17633447889
84149,3152.557563651868
13909,17452.42556997978
30808,34475.7101678733
59775,15776.011847173024
39635,29482.995719304658
19774,26133.274886600237
61536,19457.834227751326
53449,14064.527538199298
24603,20459.022969213856
44875,33259.59042069761
13414,6044.010842005671
90921,18724.729940791283
46113,11414.861414920511
14062,15388.939744857984
73621,17027.416362494132
12821,23061.65067178496
59741,5693.442556823011
44096,8479.780208590611
42976,13870.784384975825
86323,17642.93031942762
97372,14280.298030633043
56978,6967.157021716801
50336,10207.292219825344
27448,13075.413802087542
67117,23616.91987900874
28390,19431.97281724346
56862,7920.705245218654
68493,10159.679647023564
33243,7934.246756994764
77010,12429.861147611045
83801,27290.86744671649
54819,28943.384023037303
44955,9278.426042894986
52713,10675.609402801747
32698,4751.786566728097
74484,11282.73514644575
58586,25238.84086468658
11631,17185.410071981903
14934,10710.383954048342
62433,40118.60442490263
48356,16175.613664918788
95225,8181.372372640186
38736,25321.859209565904
24763,38929.554485169494
45373,16098.109260905012
97825,16880.12473701432
52330,11589.429313018885
51368,12380.671580125423
75285,7994.840816266065
93969,12833.39746724036
32417,14203.97011876701
63598,17398.172360143075
19644,10974.128651615545
94089,16663.33639805818
76536,15632.579463366506
81207,12082.043470191693
69448,16068.453184048309
60938,28581.784960794306
28149,13825.693926380172
70376,11160.669008665494
33433,20303.564830797193
91412,22819.79299112867
16844,11565.46715691798
39339,25755.895896809765
69351,17387.380577453445
66866,10292.250885469472
40818,11579.839671259248
75650,16561.128436096624
58884,13862.655459738326
52565,17546.664562410246
59429,16470.005566491614
90773,24003.59432472652
16449,12925.351144895489
18772,11617.09446435497
89976,5140.72867967345
56596,15706.351367965284
75438,49540.071867474304
42266,13573.807528870007
55939,16672.415427147567
57846,9013.483994161947
40271,11662.613970559309
97056,20288.065202290883
13624,12568.825907815915
65018,9075.833892911432
59569,27179.984063069303
84587,19608.74269932966
34815,8948.694458376744
66754,3531.922898684541
18586,18565.186491992543
70412,20848.437729823705
15742,17086.49995787025
25560,9389.889581254225
80507,9081.073517058143
10153,32896.52714300214
57876,9472.079488512127
37324,27134.16720020065
71898,17429.50262655417
28802,11015.910098466178
65496,20192.529436706056
36378,11412.576274640087
45139,21813.505631377586
34198,19016.990295001226
31370,9685.077738916798
36445,14984.436896083884
21148,32499.74114795144
17328,17609.600829830466
85113,9949.865309464156
61750,6108.212756941764
16262,14228.910925446618
20314,24584.442372951726
43326,20873.536346355235
66320,27119.165287813612
93867,25125.70043057014
49715,12123.675769237827
62220,19776.246445757788
25507,7956.746860640062
81560,11024.613101638379
32415,10980.945332698398
66988,27612.055632834024
15864,26650.352955054084
63989,18764.47967143313
81958,12813.75047501459
29177,10228.050602554129
90625,12190.759475741523
60539,8194.697613642553
85454,16446.321350870705
49786,15360.578453636257
83426,7534.8215672837505
94810,13338.799606899025
27550,14775.70832181357
57544,11707.245894606265
28578,21481.10228204709
84152,8255.99614010849
85498,14782.558467671319
31272,7647.1921498520405
57052,11804.256021026995
53320,7949.995785993791
97803,3654.5777490020428
88555,7505.275853362453
99480,14369.769012247889
17134,25087.865599442
27261,28022.5321554608
56375,9505.356690565222
41913,6951.130709287208
10143,28472.792356669037
24857,10723.209480145599
85280,29647.127383474894
73990,6280.109265076511
16876,19387.246315616976
65473,7367.747126985365
96847,5760.549879476319
82958,10257.994691097658
99778,25357.758853123545
95296,68758.51766411227
51418,21220.58261391349
50920,27393.501068376463
88723,14472.893370250787
81395,10219.208923395112
54309,26683.710308117552
84267,13419.925701576494
60416,17557.41998330135
67962,12050.807534594845
68115,15333.652648305406
99914,26477.852556601116
51391,22283.513564896086
34625,19076.141374142662
98823,18646.148844786814
61084,17068.59191442275
90029,13360.548986015952
58643,8345.490307889082
32401,8949.15555446898
94237,16448.99326292536
26602,13279.554860718501
42070,13512.238401384308
57813,13466.069240462977
61527,16541.392393873204
94431,13745.27160004928
17699,12900.766268209303
35672,29805.38860581882
59927,10457.109723692029
61610,19147.182453514593
60775,20205.035254766724
81312,18796.770093961622
88695,16020.111754117983
98701,10491.320140512551
75806,7029.213897891608
17324,40441.70644896336
64088,18432.618287679437
77721,29032.020630464373
37701,13146.597289816807
10974,10654.62426758854
79999,8953.12144989628
32680,16731.141332676736
43089,9654.530699803505
28819,14519.580520648706
21833,6334.292583431816
68907,13557.107808468074
66825,15885.296653405292
89850,12587.39011353875
89893,10582.205817627248
45254,10660.067286326404
86129,10514.16358402852
75069,29218.89901688347
88459,26490.52489295489
67488,13945.773151154348
24351,24743.920141698025
38737,9824.518753484112
34171,10367.639235732218
57421,10739.638187477918
14892,25969.928645700827
47615,5975.648596733319
78532,15978.375766387964
70296,30100.126696133655
21802,13171.40757439403
73217,31542.804501617014
93555,15579.818336910828
26426,2787.201020296101
84144,7550.801940963522
93458,13849.948407299007
31354,9436.41234252285
31864,8157.70107224757
92434,9301.101973730796
86458,30246.857312540425
11240,27294.182769486422
19975,19596.964821026744
40571,15591.446744245233
27463,21588.858336032943
91850,14031.425002122094
51335,9284.727900150812
57470,15245.878597943034
81461,12324.516121669112
27590,5883.843210483845
58259,14822.455161203387
91193,13144.61258429636
74841,6429.819021159956
27678,40434.06018921545
38497,16710.512276255748
76388,29997.790223192464
27073,8999.166463303522
70141,7821.618913545462
31605,9948.931226569806
29433,772.1067244134192
29216,6336.081869819147
84737,8730.601448674848
77417,12691.571617549918
62548,18954.61394550163
32057,5372.5090703119895
12357,5774.9304580386815
91339,7879.570264706028
68234,10934.643330498511
84306,5624.379447609486
98913,6699.3292700237525
30335,23277.486986780703
98361,15949.771563951168
58028,13861.182391381979
54614,8490.676961724466
12907,11324.695879799952
99695,4960.200160081273
76545,14023.578600778099
12582,13273.34368160159
63093,29749.323200380735
90361,23635.486109682617
22323,21940.38232679195
78986,26472.403588636924
30224,26234.255882264777
16910,33946.568007320275
60494,18879.895976363652
95385,10272.465697869153
72487,7009.97057384545
57259,13563.530332037566
34159,8907.002972570732
27001,19923.1940387498
11365,19211.622494105057
15293,29555.3925429311
42339,22015.469634032335
91626,16190.370186519283
78252,4817.845942644184
22544,8363.40096207411
35211,7933.1439643819285
69375,16886.819821747842
64303,14917.103556082508
73685,10529.454141040222
68643,14622.58758537719
79386,25732.090917885667
85923,21252.475604309642
84212,28897.095635512116
11142,15188.555562961126
43591,21702.15355529621
25081,10179.57967065844
44679,7409.358048110787
22973,13754.533094646386
22796,11968.508751029029
75164,8926.513288060432
47119,13297.277509584646
80779,14703.337941831798
71155,1465.5672115776906
46916,14660.063516582923
93006,19540.04764730795
93254,25214.50815944522
58551,7909.221674429182
20142,21151.55874750299
45667,12213.83611803073
22276,32727.234823164523
58105,9624.1096686179
83457,14602.465871211112
40540,1305.6772302747522
22708,36637.30829227519
10723,21021.856194545955
32114,25317.437949607913
84111,12224.070733324135
29927,11969.89833598461
74558,20049.688781759647
55545,13648.962316103698
96572,40471.55869798497
67475,7670.41881021579
96796,29229.111748396954
14423,27988.72020691883
28491,12241.205900881741
40287,23124.185218915663
15427,11666.135709988903
79843,25626.07488738966
34813,23554.928585802936
71684,11438.966164948044
18260,49356.83324859534
76742,18736.172556655692
24130,22217.304051955507
33556,7399.552727556447
85480,8511.081252433672
37853,7260.952191224504
14427,14882.241334992274
68077,11703.359686647407
28298,10868.58269466009
75233,34007.439787710035
24901,11106.133405667439
86754,20854.21647547336
81391,26441.36575622185
14220,7566.5144427137
19378,17090.9748973044
64597,15722.068648356597
38445,27062.502397213575
33622,16567.714976164174
58590,21953.282135515976
62456,8226.102436111594
44346,19455.73835855498
98575,25523.363645612008
18558,10017.904215927128
78733,16083.172831497124
16095,9408.45512805831
75719,6684.076458951509
44804,14651.554865418077
95439,30685.039975352913
34305,22519.110789725535
69420,10980.387066737254
66655,37426.5402343703
89388,27660.5819090784
67677,12844.79998459969
99570,8899.343557397013
31030,3909.126813872761
86306,17760.97257977568
16602,10831.332278460832
33851,8813.767123096774
87761,18200.302733308894
84962,15056.749349920798
80128,10676.659320346218
47134,16045.701200194071
33008,30729.48226621151
32741,11195.019826829513
72073,46837.390025837
85199,11467.842212370291
28421,8836.038486353369
17210,19847.20247070156
30043,41142.051280011336
89712,27155.289942417345
27658,44999.35713242796
46645,30898.671088559175
18141,15419.115198497193
79194,22836.16241843089
71047,18436.389735644105
30043,13129.595637142338
51702,20962.54793304654
95882,10392.217945131148
83088,10266.724097074391
24156,13379.044188862901
11649,11410.66755483703
19468,18689.46711693046
20759,25061.32901859301
57669,19131.922855159944
49407,14552.917565433825
19239,4735.444064298299
90686,28434.276647983534
28300,8987.329867235962
48209,17715.48752739212
92906,17862.67422484773
86729,6770.208960305521
74296,10266.023370246672
51907,12449.170465409294
33555,8890.26997164217
91817,9192.2048933347
21579,16293.066342764323
73067,7242.281570125762
56791,12760.07282876979
46262,27045.1543185139
48702,6313.075639007377
45443,9795.662104348427
47854,19529.54363385574
60630,16603.292893032198
47630,8486.942752545403
96579,26954.048233772777
14007,30076.2063523392
46057,20036.35085329558
97567,21935.598865799904
14686,11933.10250628267
15877,9871.033127068122
30153,5314.374817198535
10850,6237.231785515683
93707,15488.101972191325
56183,63903.69970690416
20713,7725.299935934974
66084,23325.26584116649
55359,43405.30129838931
97129,13653.085787917542
31314,21906.40085814294
62423,21710.048741796716
53394,13962.446057140032
10392,17788.04873705418
54466,17923.992202427264
50351,11461.301972139761
40909,16209.18638260135
91364,12323.990298460049
40055,19898.628379629175
71416,18547.658833141784
27164,16685.452569024466
60348,16633.002774914778
61405,6987.484441828887
65213,5463.5804025010875
66023,14526.265733815659
45384,28148.802397280506
18180,16816.77864767778
86488,16085.959029477244
25786,12932.584079881439
99042,10795.360883869464
86307,21433.84285474021
89172,24938.19998778467
80688,24462.588355274893
25855,9844.022131589627
52527,9681.359406250314
26372,10550.724896211355
59971,23127.880256201734
38259,9083.608901004489
66745,34254.282423575976
59964,21701.22472380876
41615,21231.285034260865
24305,21044.545832881464
40499,9918.941577409048
35355,7113.313381329324
41148,22449.016696598654
61442,8383.698254966324
78585,8650.861756534294
20535,9899.837402225772
43990,24872.284308831324
12234,11580.804709741711
38738,18064.903629366043
95171,19541.288292676603
17460,9548.35165572778
88594,30883.921996779754
26956,7185.538847117632
51919,10807.924677492148
15505,28057.559262825496
82480,23156.7954396207
19252,24180.188835243476
60116,10814.82827903827
12093,21854.255229850314
80997,7541.689153803476
57449,20667.10692021821
18773,8994.608547712654
58160,15887.171485817831
78162,20925.34890173177
48242,18178.920190812278
67048,15991.821734483396
69246,6949.050422472097
33836,13606.480012527463
54430,18698.253995667466
11283,30205.336555421603
29701,14257.839275316821
95789,27505.175298517814
85932,14066.880454182388
64723,36155.96547563467
85742,15928.557925963709
27326,35950.992647033374
42004,13616.738335853366
50690,9682.439280930883
28522,20509.263163137508
96183,8349.399746695995
20442,15129.336586361447
43471,10538.26502318037
56397,12685.249211063603
36895,7397.513162081899
50394,19913.630990366688
82516,10951.239169172757
42960,53251.233052305615
87162,30634.929534258405
90211,8014.456886123238
27138,17667.780637013348
39306,36153.179069181504
46078,6931.09393350716
60696,8508.378993451262
60704,7671.902315729923
31732,27033.480952557198
16151,29394.511946355793
76664,7172.756217983086
10808,18962.97976982629
34152,27957.42440528844
83593,15961.977518133199
92318,11566.35703374035
56041,10885.9619587509
89127,7923.433893413365
78537,6891.973362023253
56567,22296.78536330256
58765,13343.393628922073
86311,10674.734276219466
11354,21288.89397782435
98898,15861.590001332355
50644,15023.501479378738
82869,7857.171503897771
29977,14749.111991672344
79818,18698.483584468064
45880,51497.12069613852
87992,11730.910100462823
96758,6151.952073968929
41279,14576.250763869411
62287,31212.854874132543
77223,26209.538009913686
41985,32080.35324528141
40710,6934.885321703094
34133,16279.581091482534
61036,22262.91700639248
29421,15080.22287838641
44053,11850.701528154677
96984,6252.98749684153
75242,23081.90004402662
75499,8987.395998460002
80865,3316.1892579542564
99110,25733.89249706203
99706,13970.808871790872
90714,23965.60319671076
75535,16608.559348501127
99077,15879.182086157349
26805,12559.575475276217
49038,25269.71207571712
85943,8337.831866532699
72359,16608.559348501127
29811,20119.012751270064
75286,11899.555908465314
22640,4671.37148869237
27139,28151.923483505496
55177,16449.340261018096
59520,28485.411636838144
83635,4843.961590274592
41180,11018.363626102255
88564,6922.353774242694
58802,12298.135021643448
59760,15271.426461812844
21650,22047.53570287744
67710,8929.023825691791
80199,21834.954670687177
17970,8016.942509233888
66252,27029.239787592414
55151,11065.623916492576
40595,8535.162801192659
37965,8431.427104850407
65039,12815.316143652863
16417,11029.655628344866
73334,34010.42129314938
55223,10956.192845339578
78453,7881.046021613503
84195,13710.284524755309
63954,13551.61143168781
27718,22359.589754950626
55185,17108.47688196336
50672,22462.813090367814
41562,20550.50544614182
93466,24507.28023752372
15802,16208.507469918355
29642,13275.593118008419
44578,11349.096273214385
33664,15355.030185332662
31985,15384.727120652948
21612,23043.636576754805
37447,21838.434872359132
70507,27462.185103642274
36569,10801.245370022238
81028,16087.63228670652
70743,12438.011459435827
53604,16369.14749276737
79116,9169.025484531514
41543,15511.495226992192
63882,11866.564174749423
54135,6781.686287780898
60003,11163.04578749359
83267,18702.1657189704
96834,4559.338093999069
36365,16688.546407538266
79358,63609.61262130187
69613,10224.22420369125
16268,10816.256251347448
19739,27101.903414135864
72191,13839.982708210926
10878,19295.475511526933
77746,8806.281865505935
66569,23099.582407674166
10541,17353.371471701743
44268,15999.151559908501
30093,15161.657279244377
58091,20194.959814371217
77594,11936.332428575555
62629,4260.818090472545
86571,41262.17964774301
22823,9898.340700483808
14579,8739.626049554034
60575,12736.260363147787
60445,17032.38960594535
57581,23528.25014162786
48941,13743.149832608577
58481,20698.03114471661
86795,9198.829641231305
22018,12486.857584722206
45698,14501.274187090457
94222,15788.273480843329
20910,19881.426085385836
40896,15795.559720784837
62319,7830.128908267889
45566,12107.806726539478
70682,9780.600745167732
72613,4650.431304369213
85291,11433.78748476079
87557,17348.88106500278
81927,15603.363965308945
84786,7282.5493754724685
28725,24549.969238146234
78184,16416.84489605694
51736,9132.332199265391
42618,6541.22060398537
25397,17957.093356133675
18155,13581.589415771923
27372,15219.157551093322
88006,20083.84396734507
55813,17894.995292968077
71889,8104.3417907163985
94322,14061.239034128434
49354,9958.901720297818
60505,16006.275482282006
80146,14340.502211730254
64879,21331.753895776998
30131,27299.603895673114
16065,11284.345481738364
28860,22032.262115666992
10755,21545.826519808277
58456,18001.98848472413
38733,9930.546310353977
72665,14973.561901259256
67570,43687.40819024085
60823,10080.832804893264
96039,12557.685776682247
99252,9496.249485196462
46610,10929.57733971703
11630,12668.96338320313
57300,9928.587918148536
15910,9791.607194955839
93992,17910.081492067166
90966,20957.139397219056
12698,14218.540521339031
27098,21318.20823093716
38390,37017.37590811819
45919,8334.002873116073
41470,11365.859629287672
56003,11445.622481488295
42814,7454.885337252692
11259,58320.95124026392
52278,7785.955919098125
27645,10054.836783138624
76076,11196.294253275439
60054,9220.732574867285
72023,30972.251805360833
61063,29255.07625138543
71372,10939.496848145332
11254,11191.619834494846
89479,32180.887667833078
53039,14238.557747374904
69110,27775.28438951138
97148,11925.297906182182
34294,12846.276800417956
47869,12541.121297781794
52643,5876.2115840654205
41532,15043.196204031217
75631,8310.932471932778
15878,14616.311590264122
23595,16850.44666719226
67429,16647.096646552607
96998,7560.687825610403
82743,12382.57826070609
21982,30392.5496417478
83091,9894.251087236753
21449,10001.289017409943
19227,27089.068508629913
41487,19454.975906611086
96204,42632.93635552986
94381,10711.814377558534
56345,36194.356222761686
68351,8947.263768613891
86523,8158.676585824063
91163,14474.354698932117
68150,13463.723892428703
53109,22189.340323102842
92160,14301.83918941414
78566,29710.30367605615
91965,10456.160589251955
25399,44416.86127248782
47298,7042.586498049575
95820,10639.634712086372
54921,28217.765847593277
45115,17582.545456013773
98902,26134.21399022939
54278,10837.107608813043
37399,20907.51610238316
18626,8445.585505072806
35628,7172.670334945547
20981,14248.128733739433
81931,28999.000389546127
43553,16032.101697073489
29181,16135.54203018464
27789,20633.419364056826
96204,30450.548546984544
52299,8571.844747369089
27330,28414.177997815925
21131,22680.772710953344
95890,15534.377416958238
49335,7140.476879383486
96637,10867.013640359883
53535,5859.026269459473
43113,3387.9022976548185
51107,19732.1079243421
12962,9371.519706260584
31469,40347.412170458236
12333,45791.07367884017
57269,12056.707835248926
65554,22374.168695622146
58429,15201.278831559997
43627,10321.08757731444
95574,32074.539318751704
53700,5485.529508355628
66907,6465.594667965095
46290,10500.9255180118
72467,9372.885412056161
17874,10975.660147950575
37266,9558.44754998538
50515,18841.47806832174
68188,7009.685229832967
18898,12846.84761305038
21912,15303.693113988102
14628,24233.929846275136
79784,34964.035610092746
92149,14142.758379873503
48668,11323.839156818485
30686,21255.71863730094
45515,47466.327058017094
39885,9237.459363366845
10141,9647.795432618977
42750,28466.625871754353
43573,8815.0394873351
58657,8970.140480466564
22538,12921.0680998733
92602,21935.598865799904
55932,21902.848007779896
91270,9678.088625889606
37042,14976.747431907688
23584,28413.279683601464
10769,10060.720994844234
72600,1885.3092190911811
13445,27756.01751218088
42722,17783.223081268243
34370,9292.863294786908
50195,17924.359968908895
93758,11075.337807551281
36172,9408.660697207584
53807,22104.837628177338
64545,23235.357285633312
80464,9199.190238928284
65471,16784.60202347581
18297,7264.9563284973665
70723,6838.33436933552
57697,12835.735719052269
59357,12491.211673900329
42010,5967.729195799246
63525,16234.884536551786
33081,21716.169698104284
18939,6548.74541215637
57117,8440.846506098953
28197,9560.088736869793
71827,15667.130481803704
48940,16995.88376559139
30581,9383.875890902698
48525,9803.473882504708
41019,10338.206969556584
84453,21174.3399297395
37391,19032.57090050556
94761,18542.213144477766
68874,8812.72122262803
57437,10126.467628572696
87176,7080.774862033522
73634,23206.719182831228
14309,18096.79899003118
56954,9605.807990202848
23642,63305.82597446824
49277,11774.240927421444
35568,17820.600560943858
15357,9966.958645323477
80422,8876.8705503403
26919,25835.247131396703
31385,19798.213277675008
40548,12103.757764003938
94823,12214.282217362867
90624,13171.248045700864
37529,17322.544290274458
18634,7575.069756996363
42502,10040.55970450925
22199,12945.394810204984
44208,9629.710089415166
96624,27442.898387268084
41067,15792.148041914745
17952,21688.02249552362
79488,5541.245574329476
61424,9329.8553854641
19228,15140.475630023153
48918,25120.120444910666
57334,22375.808293718048
49894,21763.489792447013
42760,13009.223608046223
52291,13715.745656741929
66503,9655.167689413993
91823,35148.3723564627
94777,13516.737466111199
89280,13390.072708419124
66233,10379.451832005201
91761,31601.467371614308
76582,17972.23616389998
97062,28464.708893209467
83991,4881.060180118462
93039,15278.712834274544
64425,9136.443376559682
36823,10176.391110036755
96997,7164.066252316819
50884,11845.187612925924
32280,9422.678371178572
33357,13082.954577323153
65935,20004.199220220584
69364,13905.721550221968
74362,9311.410776868452
80520,7568.7726833504075
94558,18604.145773801527
43418,11723.289379120637
35550,19331.715975712934
21092,14989.217697058244
66294,21325.02548612337
70230,11925.412599298947
99491,36162.259273617296
13134,19366.34025579856
23484,12731.282768448564
60793,25750.191643853006
15253,11428.10786908165
77393,22088.64639475022
66702,10530.096034137488
86778,16350.786892506221
95833,19213.68117602628
47233,18745.177266521507
78313,7344.803244844405
40264,18394.932127894095
90024,9753.093070430765
29352,9404.20994880857
42686,7687.338112211615
70530,20667.71475738614
89917,10536.049026119348
34136,32602.413560920926
93294,25061.22465202349
19004,11220.129691783743
75927,12434.253362178804
33341,17405.919487735297
95906,12210.780534375457
75267,21561.08735033635
72722,19597.5116055572
44185,13771.812748334309
52526,15907.64641975814
90993,28429.278186832413
64408,12720.177813828846
81180,15226.704522481086
86619,10303.860077461199
54209,8772.403101746137
50952,13861.830487724923
68862,7101.807580092021
96388,28993.608286616312
58691,13377.606472475883
53453,10204.529602446632
76905,12447.450157274523
40324,25035.189832649707
36569,34495.51707156091
28727,21085.098033373757
43883,6391.781884190064
68021,10174.300050772988
21969,11854.37715644325
84003,20067.687737094668
23560,19057.605329899474
43740,16466.63388954723
48819,18170.80338999825
10200,20279.19756581492
56764,14385.553965739602
27484,20376.763869519913
50035,10783.840856518447
23593,11235.207723202984
72936,8662.419703703468
74439,19309.242576648532
46416,30220.155919000565
43184,13857.873123170988
85095,30501.769078371886
77453,19212.357924621305
89130,9095.310526319969
22865,16763.345548312744
72278,20356.001284397105
69348,32820.43894862987
52788,20053.615032341062
97097,8116.107724913936
69265,9544.029627414266
34384,7024.04183686143
32619,7649.709968189278
49216,32742.87092873252
48929,8482.578477547097
84354,12023.599358408535
94552,19297.67067206763
11086,54681.48894789004
21770,11917.110294518243
14103,26459.55630371553
11913,16798.168015815605
94058,38574.01494370235
29304,21548.28460085157
81455,19621.635819116636
64074,17485.6140787458
49550,11176.692778504279
80033,17667.636254928082
91048,22754.237612713634
70677,8216.861480936239
89809,11754.06307733971
87791,23675.60282611415
64856,53445.890172143656
11872,12556.332189344736
43365,8401.679103447435
63821,10641.445112606769
90377,47618.92571028234
19653,15292.209804987939
19941,13173.037988775155
60408,10036.793610961471
48679,20279.726217316453
92532,18312.101988437877
50620,13152.238041370587
13293,21642.60963744986
84135,9969.386791684792
37904,32693.80885515325
62737,14351.965395633382
26203,31744.225369290307
93251,18427.108498927617
74393,9573.711265434062
37706,46807.22729077446
93968,17715.88381417275
78612,22337.723823963806
41845,45899.023921100634
72322,18481.862902338766
26025,8995.27685582013
67758,11468.5886941981
58318,19087.502949416146
89312,16028.171777368956
10632,9116.079701405137
95326,15654.930510640761
53649,9813.514417363054
19104,10013.326180151613
50817,8061.250964218601
28964,12757.332981175243
44788,31157.806395096668
45748,16665.088942616236
66399,10459.581346700446
16353,5906.595864156934
58140,17362.45351959265
10800,52538.76005111803
95147,23248.378632924203
28679,6486.219183785315
31105,21964.942102116125
46401,17448.46459911927
95655,21775.93422434757
48260,12875.645778463455
81856,16180.28863145289
42983,10252.836021883475
43231,11703.695925608823
20601,30636.240890389912
48955,7692.059894896789
48837,17965.422291638974
96293,31208.29930001225
48238,9480.120414322326
34885,24641.980622136645
78676,23693.921689197345
90155,15674.975543476636
20028,10797.42783032762
49466,25288.44237108383
78106,18825.1622514534
34214,15024.876201400062
60228,13247.84701843814
49095,9888.348987544387
99014,20067.016033237458
86364,16030.100681787459
93640,10697.0740899968
68286,13664.826071398384
98351,9218.415124436413
60104,12754.042735618174
96470,16654.254944581
51424,15176.02201883121
77492,9888.270756431124
55777,11382.075385652846
55672,10873.880346491042
86854,46203.98192693664
12939,8878.938348299625
25475,33440.53129299746
68239,12377.512337808712
75546,9358.694072759736
96371,22752.927998797037
84800,28508.194096547923
32084,26784.978698840867
48153,14487.595135387388
43819,10147.539719220122
20230,7144.870711772393
93934,6824.865325783841
13627,14773.18814766062
80001,9496.71519302584
26341,27615.537601234926
78185,29518.90863596047
14805,50670.77263526061
95065,6843.033240450044
65729,12469.653798230618
63779,20885.65288431548
30285,30720.595673961536
12077,13936.005724987628
72259,12143.806552400729
99949,10104.599234631067
90673,6941.201296395371
52029,11958.380529255974
31993,5841.508708935491
59874,18570.843601258
99705,11404.357983164997
78845,13345.842563793081
40359,10354.66567236048
70132,18705.381994247906
41337,15270.557162902958
12034,16177.109905138634
59695,41964.59149304135
42889,11904.624567741688
32694,20216.373782765175
47474,11729.617581152263
76200,26654.214577852305
72012,11569.531350672361
98389,20198.255524110988
43397,5906.584906269798
77385,12328.702674373024
21395,7983.460210255909
64689,14857.451390286276
18745,13250.305171802223
38992,22142.32781176006
24911,14044.714916380914
86851,7132.302956587733
13088,25734.002557795095
64667,13184.519950871676
31602,17469.632179773016
18656,11384.373455157725
89945,9703.50655417606
98871,7216.131163169197
14605,10035.848075983835
13791,27978.260590911643
90807,17604.0733197892
29748,7266.6402849151145
55855,25793.68361777501
17591,13456.18948265448
43441,19409.690675986894
37068,21606.469230216833
98142,13351.148743399013
98320,46274.07754191234
77799,6998.048951502769
46234,7221.053656768994
75708,4907.47636803786
31047,22441.252408189015
57387,8794.611709532634
70162,8624.63293579656
74856,5758.379923114893
24175,34027.76791907174
88523,21095.62562855053
89473,7412.74308567148
36387,9472.160657511995
78835,27333.071586260834
49993,25770.83265184542
89625,10439.94247639495
16221,9022.264343858846
55592,18021.66576081227
82742,42099.57712820528
52465,25192.87327188442
68689,9272.6427250218
87316,12139.259323895356
57707,9640.408884099226
18606,19708.267319003568
44577,9102.29727952531
37624,7343.786797471605
51719,15400.721355434918
45729,13617.567172260437
19528,14903.252088666917
11120,4772.066177450681
43274,9924.268565340019
52796,39690.66935285716
51043,15637.122295101124
51170,19537.90102991169
42420,12557.794569173398
45615,13610.281414852778
39964,19154.698254403895
16879,15712.633430929822
74822,14325.480394597696
29207,12385.950229858761
44519,14630.954907761288
58422,46986.79322651701
27419,13797.198884610003
19540,27768.88971143391
71607,7855.585100541639
87942,13732.316994962672
56545,17528.201195465448
94239,91942.4015990429
40062,19121.200064009212
22023,7185.134507946952
66548,26471.349815679692
31669,34222.36874994434
78715,17368.288646190504
76005,29160.52635501069
83020,46942.7336434934
37140,27005.688519911484
67500,17252.414164165864
39396,21208.661003572874
24049,17605.616656380764
48881,11744.337473622978
69076,16400.022490760388
21246,27762.035878260456
50411,28476.363280608028
39832,16097.530159800062
79531,9697.131034143044
20864,11052.199517264438
52606,12174.69385099161
51634,47443.87337978718
31285,11692.582333532173
70447,9545.235645193414
11348,27542.180513317988
25819,18076.06132712412
17867,21229.2807835487
42057,8552.82281828999
28702,12587.676106582645
82058,4812.386418975348
86438,9894.387023773665
65360,8241.875421066195
12642,8169.649338010153
78134,17911.390220389956
46167,10415.456748337298
14701,8944.868233901172
61901,19102.736068700575
27273,11097.101196071193
37626,18481.214268806383
18633,24378.03445168777
75204,22728.60264547498
12614,18779.396749627413
67394,5911.263893549625
32334,10521.548379537579
45187,21215.516699927328
35108,6272.0414071215855
98204,22764.43333891497
84355,11702.380537074634
84934,13385.72588210622
37700,18326.372830799475
56813,18506.371469725626
53301,15865.55302076301
75935,11981.470871016985
47948,16247.500699270608
42802,13205.58764623675
81200,11625.633511175269
24746,7243.831054770049
35113,20990.700531478054
86382,16256.197590385162
50491,13584.77473249968
46030,21185.168846524106
55411,10307.961744331278
73697,19158.012638154
43899,16660.826294669823
64664,24342.674027940448
31211,9849.127752354278
50418,31624.501577945673
91418,22180.957637834006
26579,11717.850764536914
53124,19999.405183965617
22556,8708.60826947086
63154,34203.63818123544
97840,19929.38124041773
44224,13327.52142626433
34891,19449.047939205066
90894,21398.744796318602
83936,29383.052777663917
34909,15801.124370832797
78723,11555.386991749509
87917,7147.456617424767
79347,27117.1005221637
97077,12799.147459498792
96768,21472.122776247008
87728,17491.317430816754
74492,29254.409423654593
64441,16392.104950346715
74723,13643.843358566477
66348,17488.645422984646
56849,22330.981954833347
65927,4239.524378295806
97851,28268.99857073069
56180,20107.153282602656
96201,22682.672700743635
15703,18903.234590757547
76711,27481.698387377182
58129,18012.655949537802
91538,7528.626047762078
78185,10475.292122539275
95466,14330.155581595387
10361,15413.576412370217
18385,3400.605106543715
16160,37251.95574344534
45999,14292.260461551528
56502,19318.20490543883
97553,13590.24453415464
50039,22189.509732434417
70953,13050.681030169424
12145,13840.101765555424
82748,13161.009399565446
43349,11645.238164788603
75463,10723.642054621287
69007,14455.660046182928
99130,16279.075286839336
28943,21618.671221938093
64199,15787.221826200112
57589,11028.156409666732
39714,8526.811663893637
34151,11103.567304620057
53346,8820.19713802286
17305,13344.218754198859
41826,7261.142755710836
79043,25815.26762146856
89264,9271.089797041419
52705,13750.126672324994
68667,42638.61743018652
37980,12110.204603384602
21642,13304.922003312899
15456,13129.30696552508
35271,18374.423068496355
40343,18923.16860636496
99048,18614.144014340487
52004,24719.1345437945
59177,5875.124445611338
95837,10628.370935595096
25552,32361.318772555962
82845,13614.625787109475
14983,26948.868449978618
61206,17046.11936470574
60895,13485.804507437977
75714,12892.27559765782
60380,8512.98491854339
87166,15459.10541409844
34927,19373.995217899632
63899,20696.66737840077
69220,17339.594157444782
74340,20390.099253709
16124,11882.875289078405
62891,12900.325600313558
71895,44410.962292372606
70149,14850.393558729591
15554,18954.71408999883
56989,18177.661697120537
25347,9549.874440117055
18525,13650.656978082849
70546,34128.88976818614
92213,19996.84714242007
11552,11121.591219961516
16661,19403.845008555163
22521,9275.29369937002
87963,23686.25997007609
95471,16055.640717838738
56061,9421.048325483525
68231,14015.49722802593
64708,20471.105900099385
85324,21152.952537575624
44532,11558.852070685709
81810,9358.51843482991
90803,7772.206713275316
46654,20898.314216014296
75967,13811.760772702426
51765,13765.481686855519
97080,10212.71935347415
17136,14596.005600783945
45385,12749.8827487306
57017,9541.071882203336
57183,20693.736431847734
64978,8353.942768392204
83052,14625.888858061113
54850,11234.262550906293
80589,8787.36079174928
84827,17659.3842455121
61928,7923.60494627478
85273,12127.43115782955
56585,11037.603601486102
74364,16442.683589178298
41711,10554.81053134297
59857,29779.11020480255
11658,19789.05804067852
75980,19553.895508363967
37334,28414.83815644969
22746,21911.38803674998
27226,7100.646645676088
97719,8401.679103447435
27842,20007.327434364674
45329,13939.61952098928
97110,16169.243712703172
35439,26901.578729234803
92743,15506.050274223624
27655,28516.10707127192
38313,17910.336729791696
61671,19746.373799452016
20024,15164.862183155998
21041,21959.143867099476
98192,36491.351429313916
12484,15975.063234822052
83956,16100.783945155168
79664,12688.326645208039
22791,15592.888125439518
94163,5361.630006965961
69952,24730.11982236863
34229,11841.237279039622
40025,7928.553221396947
28563,5554.301689787848
82238,19343.417444512757
10343,13788.880705271533
24178,28486.615058179133
34329,20098.20483781263
95962,12854.929635971692
73268,9061.890405802304
16538,18277.853090634275
13928,14470.15644786408
45298,24166.28709760499
85632,15888.986198972138
47899,9100.71377518298
15907,25878.60697305284
52063,8367.945410784352
39809,16471.59940319549
18369,34634.24120308847
91326,16177.109905138634
57582,15463.370559020559
34618,10955.50005401617
54679,6927.935779840298
52899,17532.515923798146
98949,13203.986589498036
43190,16350.897249428986
55211,48564.94317504548
27596,19513.33351653775
27004,13548.528230772381
37546,29345.867149093847
69496,24917.120177102468
22090,18581.790618566465
96266,33236.16556334334
89971,21639.133024629577
66842,7306.032742430167
44913,12131.506866364507
41528,8763.199734724738
89965,17311.26714872173
20181,15363.368565841323
14028,8835.30462467629
49074,14487.59394686376
59992,21209.64744466557
77550,13179.428742054184
26504,9694.184656370673
61753,8342.662337467882
30759,16378.78564360309
43375,17734.884505256166
85235,3983.058541295033
94121,13900.6858272215
41816,23323.491599534114
85011,14047.826931889553
71899,9073.637803651003
44098,11923.400685638855
83529,7282.886005189057
74255,23876.276953090823
11590,69116.46284107899
29260,28584.895335730733
49577,17434.134961379656
25509,29979.191056625517
24760,10037.231723329907
10950,22374.362242254407
32669,18048.909536829447
68897,21182.70376461427
87820,12214.196354357193
42519,22208.66740586544
20273,7901.776142732942
80620,57028.53763616937
58884,14929.156811595192
67614,6860.68204987802
93175,10484.84950983014
88165,11588.109223834625
45097,51739.080055392915
53452,10926.718209121718
36264,30895.038039510662
35162,32550.6006627854
63851,18524.27982423855
76670,11869.838957836935
17336,20998.077051941757
62445,10024.575185532067
58603,9666.714676069132
38744,16198.316025101045
67409,25191.817913470142
66900,2501.48796813674
14319,7172.275141999915
54643,9761.966222816634
52766,11320.612048677222
38399,19837.538253167444
33532,34033.3943578764
18005,11777.845618781108
37034,16363.803361246475
51727,12183.91103689231
31361,15855.31704126759
12535,56191.459463748324
95626,14413.661541423226
32881,11154.058710530571
17251,16537.641430963664
10483,22494.656362930305
35502,12542.037726343508
25021,20631.948401223035
27358,24286.19566374574
29728,17444.8424908416
50821,10689.77379307554
79548,9336.844082341977
77226,16924.639443879376
54455,22780.263226322997
68776,41192.33805303922
32045,6012.964047993344
37757,24040.11458416928
35068,6194.708060738241
78667,11594.631889084212
43516,20770.787167744766
87474,19463.11087834068
43198,10862.735010549006
89356,20395.68495267463
31183,18194.170027078857
16170,19228.23285570908
55195,15965.393126336437
98148,15160.144244746854
76393,11100.143491581433
55991,18192.860121262704
80383,28053.876087774806
54468,10342.163280570592
63673,12576.378017051768
86045,8906.495982587736
93182,17993.318127946222
40981,9925.295184349792
85706,20103.56512229736
97088,36570.45727037765
35425,25107.438077537772
35950,29144.82772886454
28324,18345.218681041886
85425,22229.137733058382
87654,14242.795807233271
19321,11123.076173845799
45858,33040.64597537452
61838,7259.912795549302
54416,13503.696546725587
29339,7148.061919959122
20813,13186.608731312506
43576,10262.303747240618
70090,23547.20346251792
93139,8959.110834155712
67081,9580.74961070242
24047,18662.08687142594
51052,12836.048156538393
77933,7857.474564283582
77661,17669.88785528317
74845,13376.334354019946
52105,6028.065879156873
44490,14594.736239510212
96546,8867.264246751987
34548,8024.6547852318945
32443,25815.130526913155
88693,33383.31892260781
43312,11827.675322123112
31315,7069.77369117375
33631,2378.872929789124
47172,10016.330226970189
44110,10610.125068543446
99307,16116.634192740394
76778,26469.21785336878
56922,24750.534948283563
45730,19901.52984174749
65212,24443.44699754736
83672,20151.55342812116
13164,14444.063848817848
63285,11869.28783593389
87386,10332.510685758545
72025,7593.331739353036
19040,22514.901074201338
93982,15116.354846082799
47923,11455.913422395504
80081,12407.24154618865
57538,18213.011059559867
29468,19142.233791413055
23813,32271.588725252812
37981,24196.48796620149
85360,24686.362967895155
71029,7403.180797695179
60547,14808.39516467973
68250,32665.298343715476
17919,17720.653701382864
69892,14540.04271717392
46039,27792.70949964197
14694,24242.535388920638
43281,10222.171931963512
86748,13471.115543567645
48547,15117.131254093109
10778,26563.706394283297
65195,12278.115442557939
10115,11030.137913270533
95135,6169.629941520017
36766,9324.321536184529
71969,21320.797290683433
47831,39568.33526513419
40822,29092.400083822664
89016,10798.761110691948
63731,9857.289345342144
97513,30561.496006745034
15040,19204.78888787568
30803,24217.62632434017
50264,3351.1063989669874
15065,19848.75196367731
38354,27308.138370614353
62187,14041.218706824711
98863,7405.693575977697
16040,26415.424876727073
43021,14370.196919598244
96019,17122.920727784713
95933,24395.753727991116
31113,7605.369992689357
52326,32991.95537363695
54737,11148.112604071068
96544,13568.901650243452
12346,26055.21693159447
64689,10536.049026119348
92693,21403.179506817436
68196,13969.908030456827
56475,23209.52749780662
61608,15012.788498018574
92521,20832.6455596101
34078,8568.237550450502
97262,13222.31794555451
35838,11068.680406601225
73613,24824.51496418156
26986,12687.474560009825
36363,25973.95363031319
13446,6198.045473452476
34871,57723.16348989295
61909,11106.133405667439
98908,13746.034407353078
38457,7292.4630485219
93049,7688.505674095528
64796,15172.981791436909
78804,20712.696249359306
84442,8011.097578437679
24172,5372.5090703119895
12274,13829.60782155155
38066,36971.16590419535
59540,8496.76610986838
29300,23418.530348996683
91237,15773.798717731119
40942,9709.487059861247
98691,8701.123612871535
84686,31201.315594276308
10469,14074.963160989144
94417,19282.500122983038
89676,13383.863249706028
20818,11902.860091960172
99381,22651.80403064498
73340,14891.317963321148
13761,12015.588840621764
81032,9596.4580345364
93989,21183.00935008611
42547,17569.20418436931
63946,12720.37565905022
41347,7648.119035634481
15246,10049.234248834131
32814,36129.157245393515
48366,7579.366275687014
26720,4548.6805205572855
28751,16177.418268870182
32663,11526.212947355365
55028,19862.23315256693
78784,7972.773855838495
38445,14072.008965224182
68680,18555.104784346884
26837,15270.932475410773
20428,16850.650239728155
37369,6945.642398601678
81551,7202.945784218215
79071,65456.18336899543
32636,11736.019066848246
63924,14180.262985870093
62574,19012.968677430665
91435,46191.869505125185
13646,17067.130913922523
59050,8430.790928407694
57495,8007.134013396384
70906,24896.604261398606
92762,15956.060322276746
95691,11036.621979764139
36613,12551.730481729954
93899,8852.138226046129
96609,11649.355954062816
82039,11337.411533865446
72889,18098.911883102744
64940,10450.477309847602
34315,21674.011988011735
77786,9564.995984088853
61327,9227.768495101842
44925,25080.58899528945
10883,13601.128556647041
15654,22801.633603278737
14029,8011.829463476975
72354,39828.419365325535
16802,11303.609500503357
15443,12515.458998750702
63059,18338.57262048767
94002,20133.89231656551
48444,9222.922598476756
65353,6927.935779840298
58150,10254.682238224437
58992,14433.247878606804
98585,36354.90063223892
36876,23772.824009910553
67310,35862.12408496463
15698,9202.870376192164
28800,25952.62151647343
77788,12115.075415940302
67283,23415.06287303929
80834,15716.65412859866
24540,11610.3038264676
25541,29522.107429377033
88582,19786.09825242786
51272,21086.950184860056
50221,15294.48693668006
72231,21104.913792231753
53257,21979.678634432326
76863,13485.804507437977
63512,6828.725001792411
70149,15667.770215690487
43042,10204.529602446632
95953,13453.722920450358
37306,17735.533666034262
89980,20449.127568765376
50399,15333.517642484154
88613,12347.086719568206
63883,9887.951825867103
93502,19199.124580855037
62825,18342.37962717803
64636,8335.988445201356
39870,10360.592531579927
36857,13078.172062702395
82914,25327.692946028856
87369,27385.39569522636
79639,8679.730842379118
56093,10314.29274214058
60890,20514.300350255566
21146,29438.529259802308
48552,24016.133919608015
28022,15135.59763389505
83757,8357.443450903724
99041,20478.09126424788
36798,19062.44206652893
60711,11586.517065101008
13626,18970.652634157344
54360,15506.22759775072
73883,16932.001630594892
13624,6649.715181331547
39337,20898.339781972943
18864,10330.361023670519
14266,12040.993869150818
32804,11645.238164788603
83467,20394.784629393936
29005,24317.350108869738
23071,10038.243729587972
98269,20352.52796963914
31817,4650.431304369213
34706,8477.167306865955
82619,13298.431155073235
24331,11787.681446162318
43243,11088.959259038844
72932,15149.651579817819
94715,11944.980654706647
93758,13410.377469044777
28936,15772.596264133294
13920,28071.355242638085
98922,6857.491715295788
13902,7009.97057384545
71325,11651.700511487279
83439,13455.53047486619
89612,11739.12918936781
54712,28553.875277279585
54759,9102.424688247742
59138,11139.1411069192
69301,17643.334922738228
51930,13230.203139978476
12815,10256.380849419184
84040,46919.32322559604
10207,11073.811482724055
73847,9605.531404810376
39657,10851.057457428476
25375,7392.723201653402
40765,24077.16758024032
60517,4097.525752151138
89940,10491.320140512551
57402,10820.183274747447
59272,5688.391227412258
22401,15047.91924881526
62003,8981.302638140598
27895,10537.45315171233
24966,13432.543106166342
96396,6300.551264410478
12912,17335.9996972713
25281,17681.402975097542
15012,29316.38493064034
43391,9255.895331972002
59474,10211.270326860165
93180,12871.740113489393
96759,7889.948251076976
30631,17049.44388764356
47713,13338.740850379658
56498,16984.095147185835
81657,16740.123257346186
90744,4944.666308956037
51343,13755.049022333478
84583,5761.38490382469
31352,19979.092026606744
74778,15030.317371739495
92471,20937.280100981574
27855,8319.438295031996
35526,25631.415525695953
26329,15638.271796972771
52848,7262.763156129306
72287,30490.502834624695
57028,10429.503714351782
94969,27609.704683280277
49359,10291.758458549473
48866,14707.891452916996
22549,20160.333643160506
36305,11169.768667224249
92655,11054.476448409261
53311,12096.508795346355
80314,15003.256178145037
69730,27542.44872753234
60171,7855.395047183783
30332,32288.43420780262
28297,9346.260354806655
71747,14101.889412637702
47854,11469.638686912258
23230,33985.518591471104
97989,9968.642612429689
55709,15389.801672685262
38469,6735.641196423994
91717,30338.130775869693
27407,1336.5090328321003
69810,26660.085726372323
61012,9085.342578435095
30867,7377.308353777622
29842,9121.258605256513
46903,8386.664704911524
12206,16629.087748686816
74735,33916.43681927877
10716,12144.366102583863
69874,10255.866085693124
84245,9115.431738683426
12243,18064.903629366043
25624,9609.541268767072
81254,25610.177857560906
33343,17802.827572021175
38954,14155.596276369206
54656,25664.48025938365
41069,13412.154507186053
23157,8335.43600706155
91308,11106.699946232295
39580,17031.298750391477
77013,12602.670713378719
43214,14152.126781466055
93492,7522.072299333957
65884,20393.88629019114
20032,8886.328200084354
41228,13784.245474881911
68218,14743.699695476544
36740,11601.881277177152
13225,17003.183625539743
14728,11228.375376990842
16442,11611.905025807344
14885,9882.854207553337
75960,21110.920220468644
28491,10597.892161086336
66840,17429.569389097625
47606,12051.18326553563
87228,29156.8310878734
48278,27404.530443520478
81662,10473.23090176954
11152,13254.646259806328
87285,6934.885321703094
78688,8601.292930087275
93046,21269.202166454987
74193,10448.320869365585
27073,19614.49942541923
36965,14040.26425428328
65764,48655.340628261474
53076,12153.667351899181
96610,12705.160837350799
10466,23339.41168224484
53464,12341.813127834757
66643,8008.324668877964
76079,7029.213897891608
76306,9540.266255919276
37180,16745.759257033158
17880,10222.171931963512
82257,20349.10604384051
93772,8569.820270687542
43788,12675.312531295485
25067,13188.018736652944
94835,11996.559936537446
73540,22278.804057541274
82179,27588.379953395164
57747,12615.280016973262
48824,31542.724599800815
16252,16701.9022513752
16064,15346.527085152364
14369,11323.207784842545
47641,8896.066497540809
40156,9033.639777346525
56440,14077.96209045048
86528,19185.77355937309
54722,10928.21262370453
58837,29461.99714324897
79750,12774.262955623117
49566,9219.518483997437
63512,17317.196121717672
66416,10280.24654707083
51539,14749.432842026854
11988,15484.988771448643
96030,9598.569541667312
62029,4606.957612700553
84677,25481.37431355449
82368,20588.396591459103
97102,14805.661873665167
52303,27255.58215595773
29356,13556.745224293709
12606,23014.19771323
68868,12752.953237710768
63276,7707.395808924002
28463,19930.60545509708
23407,15470.744782085776
11615,11027.688306592569
98338,19748.38571869019
10794,21014.49912183334
86062,14800.261947530253
16209,48520.97632415357
72729,8944.042794628773
66034,14098.376500051509
99034,22117.94517799077
41996,13604.999481272545
14035,13039.15281225296
23458,16691.258428352143
12669,28077.981214248764
88863,15109.124388602524
76302,21327.29498067926
54860,8879.444635868946
28341,18440.542528435275
17927,9416.33184773065
19160,14460.469013843951
38235,15926.418583588764
99959,30884.23930152427
11311,9486.932805807317
68040,14162.130445830306
31071,14567.985064098359
44004,11668.778105578425
40648,28999.340743263117
37004,14300.151224489624
70189,13826.658011183641
71782,23683.92144955112
42598,14385.553965739602
12011,18058.74042530415
39484,12550.055227129238
76290,12295.746692177763
43402,10192.869788046999
66353,12674.933435980784
24114,15056.021734973127
79398,4846.043023027176
71178,9461.803413407764
83875,11259.485575982153
15302,11742.459281092484
97356,10499.164456183775
99704,8436.777030341254
33411,23571.416475741702
32302,17782.746459545262
28791,11931.734129731321
96159,13993.976956371018
66212,12970.236471801703
35778,8503.67681918678
66440,6798.570636213481
40393,11963.455699573504
48708,17697.37595530952
17328,8127.445892440448
15972,17934.746768213714
89259,16214.566231888086
53345,31698.04942984382
85852,7141.403708598717
91186,32402.57426093347
29687,13893.950590927501
54841,9887.671456860047
47113,12013.424166127705
71622,16016.9338483074
23030,19573.23263234632
73776,6189.632776877557
40688,7617.337230935285
71664,53861.77106347935
79775,26984.9379669836
17039,27501.848659104748
22639,21512.838740869884
43410,29395.445057696736
64468,23248.76925538024
75225,6979.363692301131
81883,12106.324095057655
94807,18746.892443388486
24809,15590.7662871332
50004,7522.657690514579
43093,19821.931366157813
28559,17567.087201405044
22070,10582.620460211354
12125,8938.277031994028
18414,12809.054763084934
16556,27364.515996779235
42784,29729.988670956518
38612,26414.584461659757
78020,14579.759835892846
39685,11989.44977037032
29480,12023.088793076628
69911,23313.127704049242
77540,15880.798706125279
82857,9690.434942417836
62809,11721.383559993617
61033,7197.572665154345
91112,28289.51508488493
81839,9995.618657475814
35568,13999.954919912014
91095,9621.664545643656
73615,20833.80122938685
39779,10337.19332413076
35121,13054.163815814554
39783,19296.7570011607
78143,36846.48557624046
45761,17380.32122592888
41879,19181.231132533983
68197,10930.578104492926
46530,9828.91120499972
80222,14850.089254547409
67522,9916.751550028537
55600,7048.85606938739
14061,8121.3546959407795
83567,9953.734993566084
52763,12906.33372361851
69862,20476.631677944188
49338,10560.09136047137
73946,11851.25189092261
41616,9860.769561015797
71650,18730.707724416672
68541,15856.17836793237
98650,7691.783224904
80756,26501.652861914932
77843,14828.501582253462
63437,25224.48498615466
48463,11919.205119585224
35157,9212.762324379197
67717,19305.71052665794
15401,15970.381495065454
19800,30288.206677881237
64072,13759.622858376668
99962,22140.619691722375
57175,13594.376380973557
97239,12595.506793723707
30826,9776.311026059302
88355,16615.29043252814
67064,13482.621592416845
71247,9694.811477729763
36891,11751.190593743819
35513,20821.308000927515
38128,25684.7337021924
23320,32074.217197643513
80917,15731.566500229703
55103,9229.441797146821
66866,19808.334404111087
35124,7239.192154472794
12170,16102.798303083562
23275,9576.96563133474
87704,8918.5880604587
29282,19632.215893663168
61440,13917.27964023365
21934,31600.897004060753
28193,27247.781001879666
50978,12992.878771172796
39814,7667.343966931927
25747,2526.654631608264
28402,23178.582662911256
44255,10964.61497190571
65470,11179.286469295004
40306,12342.571046310115
46979,18971.664441752484
76078,16959.97405011115
80580,9741.017255654946
82575,13752.741410830196
73029,9738.338923796204
54404,5425.207817985158
47736,11525.84058528283
51742,11103.567304620057
47298,13853.831844386874
80582,35554.765212965605
84456,10966.358412446298
12463,24767.444790783837
51694,6999.014287516684
90444,6154.516393597705
57507,8508.616754698569
93180,17283.11547760945
71107,11234.215035495274
71803,20880.15488393474
14909,9613.241201400811
59871,7455.323202876376
14911,20845.356273698944
15234,18950.838619826314
12521,9856.273429895875
23821,14048.971690384125
40771,24103.590821395643
46213,9462.28968607039
15673,11725.213325787343
50642,8882.76877214199
86815,15844.636158206782
93865,19359.6015442111
99761,18728.580176156807
76550,11374.715924247588
38662,7690.829808857567
45957,21081.87564191186
74921,28362.23047326421
68766,13021.565703258051
17688,11844.169644599637
96252,20809.37004902852
57691,18942.247736674664
74492,7034.493382993041
47423,16285.611627201348
25363,8107.42081293991
64813,12083.869025538268
81969,25145.25961098174
24421,9820.794945474729
91280,6560.329388569462
19799,17103.86432710619
72654,9548.584974699763
27000,2667.147738793419
51618,9730.930114796949
87951,24649.580585142598
68229,30605.50598503014
28645,18772.083974197943
88090,20937.399604887305
17064,11255.794139851361
77187,10577.891717597944
75210,22814.256740408164
42036,7329.096278677622
84106,6581.358449335992
84459,18900.619383984522
71894,13236.397262289174
99844,20641.672259132647
40745,17594.535930938597
86525,21800.697885133162
83353,20642.128799304097
32469,17550.67424066647
39942,16798.631945422887
54253,13356.770784327788
42633,7455.588764797276
64751,26367.96289337838
53804,13896.484752847384
69291,12441.69565446135
24031,40724.20743528557
55081,11305.986195404948
77361,7888.7805909955605
31430,21906.41927077086
49739,22339.542541063038
22012,17482.351151948747
99281,46644.08634305354
87328,9064.915086808096
28461,18710.550389656448
53536,16215.614298939718
75064,11114.080511320564
12774,18420.77010101992
38664,16053.307650664181
71208,2921.851053558925
44438,19994.741971732263
15597,15502.861708866576
33672,28491.27513857223
88324,28988.818645330302
40018,11691.095046136204
19414,40010.02816475682
91355,27503.326914863632
45695,14572.218946105984
52916,21362.907040080296
12248,14533.161298189636
26822,17273.07958328948
39278,8158.281445087501
29402,20312.5965332295
18135,30216.229173987456
82085,9774.754639911174
95646,9988.573227113422
28161,17175.11362678193
74267,16765.316542680557
39474,13671.102195220597
49590,17427.851899557252
60368,18677.252324416782
81786,19447.181373487372
85863,19031.092849505523
24572,10089.971717774446
55509,9840.047405661293
37731,24837.135752749593
76024,16898.755380269595
83474,4292.629579355555
42179,23206.726535477665
16590,11405.599114367837
27690,15861.590001332355
96682,9374.464230339523
21133,10564.71678294827
87502,10102.05303081948
86917,32308.309232118565
91266,12842.165880543238
45316,30841.955598062304
56552,14590.374294986204
99042,13470.896956690658
51349,17587.023851960377
48907,14884.877244371064
49575,7336.652046346993
46477,13191.530649248163
29576,47631.37115648149
33697,15814.724555630422
23426,14252.799470315384
23723,11436.030853095926
46625,4427.123110039151
21648,15400.98233811157
11628,22139.037987064563
57700,12750.970252986132
72763,4837.144709230419
61148,10602.727345428322
20999,14015.013044276377
71725,17943.242643486443
24842,20014.479816697207
87735,26708.59559737466
83259,21167.688292877992
85419,12182.392173165299
13565,20599.58646460271
21710,15913.369377338235
89021,13918.226229543774
73265,9080.02948010163
88853,8679.647615406997
54368,10218.489863761099
23239,18900.15895710561
14497,20668.962857428676
93750,21658.712393423506
39529,9996.86068242658
78885,10120.957264756467
32335,13061.1970064828
43921,27925.581316410025
76400,15668.085536759416
25696,8350.6820333734
83899,25120.677333593776
52006,21296.49634347064
98229,25230.01115581332
49104,123279.70227223937
51026,26307.66335854303
59496,36561.2853229202
97640,10655.33258771076
94467,6489.706894689347
18828,68883.78084338424
35231,23940.831593714865
57045,11680.804172326245
28877,16472.321195046705
89884,19501.79259821129
35160,18440.60312001205
49120,12090.620880814575
36797,27402.251712385823
27141,8995.979429682722
88139,33306.49921130002
10127,15411.003823602648
56001,5908.700384811993
23058,14503.972170441259
14494,9249.55670901524
18210,12600.648379381295
22670,12018.806850376302
31975,21105.508779936605
34627,14451.52498039806
87999,13573.128825477637
13553,21984.084482659156
76063,17000.03039754159
31292,13167.83893107473
74687,19268.362059413725
58674,7730.227260486488
91267,18900.505015429684
55203,12331.138351175949
57648,12937.837566905719
14957,8674.803921812989
22798,13517.3633641626
17618,21105.319196778593
20689,10856.588790960723
11871,28378.06213416275
87625,32779.98969246072
85746,28400.273012905614
18201,14871.43389272259
67467,49143.09318157504
65811,5915.576206030764
68438,20924.297486197185
53450,2258.9362919259547
64157,9684.045648280713
43954,11551.496031343613
81989,25849.080856866763
20847,4091.416651336249
40016,39186.909014861274
36478,31183.362280852874
73692,22679.834743653308
22043,30697.190585692962
50893,16069.662208591462
90311,20548.29555390032
75100,5748.018074566144
31810,8319.893082416495
24360,13817.011122374057
84885,7315.811921115819
34546,4153.712238579177
25703,12337.16018610325
33190,10979.206639880258
12932,8960.157216925028
41904,20420.532138806215
61592,11113.999969299442
41600,21294.09340509714
60793,20587.951592046622
13516,24159.828757217663
11633,14888.332766986818
56851,11929.348431354698
41287,15986.686283642148
83868,7873.257920606375
31013,19995.51626094932
27861,14713.44853294701
93427,13552.942701439733
12583,23479.305547073076
25543,22725.031269453564
83823,11346.687021173546
99736,15396.604568694183
80768,5946.4718000679695
44433,11930.5783427879
39646,8235.569676139457
26700,23947.199963795436
44231,11866.856658174998
25548,9327.608722063975
43752,15510.740999356376
33058,30274.64316568126
78411,24461.33425249429
18245,7636.145089239353
44127,9692.183890679986
51738,12741.966404722189
41713,22129.070714456444
53896,14145.897662226049
88905,7182.038720095659
56457,25710.835997766415
11120,20563.262614572686
90562,11272.669420959177
74778,50315.05406504415
57725,7045.6067372915095
39518,18822.774399266975
56438,8928.423922273274
85758,17321.274740576264
97213,9932.003110495054
67377,11547.635568412128
15928,17411.33088922619
93488,43601.57346724639
95789,19430.192949109496
53399,17433.071411851855
61918,30912.89736118842
81174,20932.83995230018
15116,30757.042975560733
70488,15400.98233811157
23509,16559.19900794862
56448,8846.205185280098
90112,7056.646600247765
25231,27780.316344884493
57596,17922.306348254588
15659,12230.125975804702
90766,25255.34059984136
99134,4897.256322342679
31756,48668.61202587371
72653,10919.01506409935
90911,44484.435968142636
69235,12593.945205309057
93413,12570.86254984789
86618,8539.480180504406
22271,10294.873382643038
90105,38574.01494370235
91610,10157.408885445397
96394,9885.778562109299
58639,13496.576783448734
19737,13036.287068891219
51432,9580.314194223694
43720,8577.42106038176
22200,26235.202263766867
28906,21495.75120591482
93117,21987.475545225592
63763,11390.726821098095
92116,9619.35423043761
47176,18632.512761439444
24158,17886.361264237414
73188,30738.03533333063
92082,20644.96140135029
40061,16326.204559890739
57536,11498.855641985321
50468,6743.132142443714
77275,23701.976994344433
60965,26740.44402633689
58935,26824.347356704628
44430,19781.532312442476
71455,16449.904968140407
44944,15792.336755503093
43385,9407.645000868913
29094,9356.445368070645
35582,14376.849989256356
14478,15082.006125520107
19273,6969.312216624714
37670,2928.5578680951294
78244,14153.463303683166
65687,8077.913684604324
57035,29566.412126101928
85782,50311.79116393002
34182,18175.51166105565
92113,20780.4868176554
96603,16472.148762790068
96263,10385.679116946678
46577,21098.74250446697
90866,29406.737653590586
48551,8150.469180582322
16981,13932.39063159341
42909,21998.635999912553
39288,16188.06932900161
98551,24455.076496271602
33585,34016.64175516973
44149,7417.210775868503
34332,1529.61673041605
63387,1200.645721628025
95436,6114.867355002754
39342,15096.878469400144
42344,9263.19434248318
18814,19180.650147736527
99145,18731.895912717606
84180,12382.633215004847
36165,8080.664746005847
58477,24295.66893022148
76918,11053.84446554642
78922,31371.416144126604
16637,9462.800150683735
53188,15075.90257033842
49019,47975.72901476339
66063,28373.49880610453
98642,13548.624550720837
98453,8970.289691631977
56184,13482.163228226123
89328,9155.943657476979
37951,11017.407398172374
10473,54328.321096888765
99570,5611.934958967935
69072,10869.366027999884
51863,10510.605428915605
67806,19643.73505447672
50306,30593.227644676714
30896,9246.744021129307
18949,10720.26111209992
29096,29657.103834783018
99028,16393.84516312963
91674,14687.782902120469
78841,19406.819227179694
33734,12591.37345196661
48347,13496.194306730247
76468,12732.269513494031
94454,30335.724549681916
90030,8023.912016767059
51420,11616.526112804446
27090,17923.16545606503
42124,12935.440794399161
44146,19022.66839200998
31088,13318.611399323281
25094,13093.874280060596
74712,38770.78293030162
89210,7151.729885251245
81323,36056.12383140483
22529,12777.75613008169
77728,8151.179523744346
36788,8810.281771086888
34144,25172.668203810652
96619,7514.323904562141
28659,6165.333165694454
74793,22610.785008341627
55665,5707.026256107525
80575,114267.32116532365
61912,20141.471750890632
13677,8168.309959906355
75014,31743.86911038917
54803,10641.42256000997
72324,14105.845996679804
79680,11977.051372534544
96315,32924.216453565845
84086,10339.13816630522
91601,13696.08035428273
70057,45231.05204741818
54587,13363.901504581845
50677,30080.507614234295
90638,34105.5844369616
43594,20099.229141873675
45358,7086.3123377917145
36824,26276.24488017145
35281,13184.131983585614
45795,17181.500622145308
70890,12070.134129565573
36617,11634.854475795628
43981,16184.902481869936
95798,11855.559331045273
54044,24933.740351197448
12845,11844.169644599637
18460,11532.332836117195
44558,13262.043267771056
93321,17336.35237894693
56755,10947.2694535179
62830,15725.761068162274
60764,12455.631059277235
90677,12755.88837907735
75756,9520.651274163298
27124,25890.93167550722
90801,47289.8870314916
71134,16536.36500880557
69223,13999.718796747482
32728,13863.465672842312
14718,23764.097989101025
64210,6017.123344826516
74593,4355.625703099851
99084,21375.25408798374
36864,21610.818334030344
31912,17026.70139131377
79953,13356.770784327788
90509,28465.609480392304
57546,13824.805437637398
90502,18756.751568674423
17264,5744.934402672821
76071,20751.47049923282
81031,16183.78456723391
39835,7436.311098228793
30312,9738.06620959396
74289,12393.780316755749
76323,22268.295485166345
45417,10900.65816674949
71321,10061.55020493822
29361,9655.47904036444
34241,11248.384668706589
78420,23035.20367220773
32279,22003.725687491173
50337,10586.542288769411
40823,12509.373520692003
91645,19139.932616810576
91398,17187.521424436225
59084,20059.715770056322
10897,8946.964786631426
46311,9441.36947197721
94628,12249.359946199645
66180,31601.930591290336
28132,17640.97148031764
85654,11031.246123685218
53618,11010.540778782852
65646,3209.2333140347673
50946,6602.756786239863
99144,14627.405096573466
33510,20859.50681328838
85218,6686.664021523473
87381,10095.027395690318
94596,16489.092668627178
37017,8313.135352909532
98709,20820.175846847982
44489,16237.26662820243
60400,11924.532264966878
52223,10648.624615585031
20384,20226.78080886156
67624,28885.01024423346
96172,13660.666001183527
76299,16829.791433745544
71123,19620.039488910807
21268,24813.13744553021
83206,10569.957763889623
32096,22125.678550001714
87093,7604.866925407068
43061,13889.45709666418
24524,8238.527420092316
45636,19967.16504583084
19155,10313.845538062975
69770,26194.37415888972
23723,9690.807802697436
17440,10134.50164548925
10556,16277.613190660884
49049,18197.085219169898
79622,11507.206814851415
51958,12802.111830115427
35390,20518.277873521078
31901,14625.888858061113
26805,21420.493993068932
16160,28848.22129755913
58447,23837.896050582225
41286,17423.97466815093
34803,10871.34901272452
50471,5506.926790801712
67602,18556.35591805908
77832,13649.916281417061
77288,3397.479411342869
75715,28188.380844979794
41305,8893.61474000594
84039,14893.822312823668
69838,13617.1411708024
30880,24724.363263130526
88348,29700.930464120313
70979,7454.807450295819
75500,10637.263871418296
31128,9771.650157787839
86881,7894.3977736986635
33350,10956.292279021982
43643,10058.231287510529
61946,17938.78001622231
10665,6522.080149313879
19502,19908.733451239368
19927,29123.741233158835
12188,54356.076495934176
32137,53394.32404090115
38299,8734.17626285183
41278,13630.763242645944
40746,6637.527359986729
80281,25749.79352660189
80895,18704.02225521504
71650,13456.18948265448
32099,20186.809096129364
41030,18069.199708562497
55235,9867.133605985215
50285,17962.754563649647
33257,29999.237005960425
76015,30818.32982310387
10503,3719.577887929163
87916,16857.33136989988
97052,13716.75506355675
20420,10524.9677857174
44808,20317.370257297494
90741,13213.576895525563
74266,11133.421070230152
95230,22142.688251405798
38242,8059.541045251024
16150,12926.96860554325
99032,8122.892377500542
42087,10585.526159086015
66286,29570.452255862787
53475,7352.326935931189
40567,13100.11799193533
29285,19024.18424938019
16813,19952.85818522152
40885,11217.424292102907
94371,17794.118195023726
51982,19269.841211913765
27262,13691.69913725762
24631,22762.412502068168
30624,14758.930541707947
94975,27408.308823160456
90656,18978.239098226506
85614,7332.007979105154
97013,24663.453024522736
84591,13111.972612951551
66284,16787.732673759823
79664,15670.029581295017
18339,8057.499054855911
85630,8957.98468292407
93938,15065.842554184026
29955,8436.048155924404
83032,14284.536516765696
51327,18181.264751784685
13684,12548.075766085978
17985,38749.16641177119
54527,10572.729593171354
79648,17575.90672346031
27323,13769.658540719012
97741,9218.745067308984
79468,14145.018827991695
19138,12945.995195785694
68510,10143.8345956179
21316,24866.439446180102
27392,20953.134640384946
14529,14067.12723260156
78122,15389.768692843894
28180,11565.83353318464
17322,6836.967065433737
22252,20536.156573070104
58806,54440.298088272946
60195,19987.31972936317
73293,20148.42931615653
12841,10827.968917934722
40750,10354.543645017104
18267,8563.654974709787
99576,17913.52788630932
86193,12582.251816485887
28906,10847.81423619368
15826,5659.001729708838
82701,25839.90203088704
45110,10852.09425272945
68985,11215.721369785027
52290,19962.492696160574
87982,29112.168031887464
21196,12247.26087031217
30578,7653.849233254345
43279,23356.69562180709
40255,17855.412441668264
93230,7224.760957342658
69209,13572.36291513239
66679,40935.58892300457
58628,6094.379835879048
53162,8579.735917429545
31838,9377.851581998348
67096,17577.49954075157
86648,17391.052252875783
93362,7500.603002763648
89239,13361.801241687275
76450,19565.07866488048
27164,12639.116467815642
13079,42446.5815407124
51299,54219.029322000744
21685,6095.723321474794
11718,16808.66908202368
42748,19911.11265960173
26507,13737.196052853753
57216,10392.217945131148
65712,21239.982498385667
55030,30394.323868738087
50776,19011.591977572738
84257,12748.98185631796
82711,6979.363692301131
13611,10068.74397814465
26788,6781.662422091606
50596,19995.41510042908
55035,15434.102522953173
21341,7826.508541744695
23267,31542.804501617014
50348,12678.452575573918
74298,10278.381565585772
63824,25973.344828276688
98540,13650.819217772354
42134,15833.220582984351
11490,23279.856454080356
96036,8677.14253221572
46982,18201.33292292896
56391,26717.139777191944
34086,24137.559091331794
26894,10274.859520842128
97842,27641.55779972335
16016,13036.464845532188
10676,11602.422929702054
40761,12510.472116996047
60478,20811.785574373105
51966,8565.715808976438
39062,8171.578579901947
28989,6705.244717948724
84717,9364.961000991745
23161,13634.050781778946
40116,16326.597469764532
51925,9157.260414391045
93343,9049.756564521616
58726,17459.272137910506
76704,17244.148861496706
39236,48167.40349576299
38001,18627.46034644703
38935,11958.380529255974
86388,13173.292193307965
64725,9475.150667309104
59647,10193.603657076339
73748,15261.0631990473
68227,13590.416081006215
27588,8365.041713182525
44542,14364.997405296772
14091,52535.62728810402
81320,13219.708131237032
84816,13739.15345621543
25067,17333.780893002448
34065,22405.67789067757
19075,16882.054277838764
76627,13837.479109542863
66337,14663.862769314994
22410,18754.063142253854
35782,14272.795727531153
30250,8004.049875164634
42387,9964.097890291243
46146,10391.74323501611
80241,20508.62402490662
82814,15788.153704378707
68763,14002.156576169564
24476,10677.715411492674
91864,38658.06676377708
61902,30018.757980512826
63969,16532.056177022645
23069,10546.955400408915
60221,11820.472820811214
31078,20377.878951180042
16048,4276.063194895432
14388,24509.873327129426
55718,14815.573353925029
42607,22224.247841688233
25557,10509.432534177566
30477,20981.843457998493
78643,14058.173597227824
26548,19046.51286545316
80273,8329.910667340633
94320,66369.25066935585
60891,8744.049583413263
53105,13947.476398251558
34240,15262.160659365903
69427,18924.281810209177
49532,35809.722134308075
89230,15973.551895803794
96564,30832.02535432502
51153,17698.872436525242
46484,7115.265222033295
45027,20044.958676693674
94737,8665.380551859405
27480,16860.87040181536
59822,10548.531221234887
41223,11448.871402108613
98576,10646.18628548953
58726,8649.994033581152
49154,12393.760167360226
36904,40117.923640192006
94693,12660.674247328709
90145,23465.55829979869
32519,21891.87911299249
85376,6004.561356436245
58828,13079.904854935165
43960,9994.903800417109
34840,12500.915780342866
34523,5275.076793913338
69436,17791.52138754136
68362,12456.18591930435
37847,17330.109809975656
34609,12018.806850376302
98471,12396.555350764693
69969,18853.69033708358
22893,10597.795565939563
24617,14721.11604220367
48602,7797.756463585902
63791,28971.71333098467
62134,1634.5961235619034
19555,11591.938448702
77862,26230.715900807692
19034,18500.952598665088
60347,9875.859373725369
23130,21449.70054635207
58653,12703.730685758883
72247,11205.8694390777
29499,12826.996181971901
94809,17277.197607902624
49785,20570.118277502454
98200,13503.449172378834
95537,7744.318669166987
71614,17570.38804185893
26240,20658.256894649632
36119,28722.855470606588
76380,30761.86568092269
24933,22407.38451198215
90800,11822.693131333464
73403,16201.530780462599
26951,7390.1554354570835
12812,13864.670017716066
88814,8428.324578979182
90953,21652.32841689067
35913,14623.363055257232
12444,37733.88128377546
68857,26348.202707483568
27874,10403.451893936835
93613,4430.261352371021
30222,9706.709217110118
54534,17394.944475801134
38619,11844.65430430598
31506,9800.520338131219
60464,23240.045294639734
42006,12696.619798274362
50593,10310.852095546657
86880,13855.652208403222
59079,14495.602131289254
30864,12584.808758921848
13214,23957.302906341087
51021,19293.00407853008
10894,10677.471705883283
18983,20730.78377663914
66320,8063.338139112608
89342,17189.08900776452
85671,10256.248765121363
48685,12555.84110198011
68717,20039.38588710435
25612,21585.925498296318
96550,19049.060480933236
21464,15149.028014814403
51486,28085.533698703024
22369,14771.175545623826
28578,15069.000625545224
77396,6990.195787879637
77373,10698.418705979522
67004,7658.135828431001
68563,31237.204509849922
91408,11882.294586209387
95382,13412.13866802166
98119,25918.13395605758
75409,46167.63605323793
99133,17589.006505808804
49470,19613.021345695193
96566,5172.8480683623275
65681,29915.940189464724
95630,9589.581620045501
39429,7153.364200296961
47834,13417.797553418946
75912,10334.076082486248
82292,7848.325413695
99868,30048.337224150586
94767,5232.238560302092
89094,11051.603738400892
14214,11678.146788733258
52039,27881.54102122171
23905,20197.153977177426
26490,7295.812151496453
41924,26776.1419647355
92555,10627.229965954459
14453,6150.984283437343
94586,19921.508145156346
40364,21147.793914552247
58915,28831.01660452684
40540,69301.21101706821
58510,7011.369590182327
18293,7474.007173916463
71944,31397.66651664782
22878,12908.682168308544
18175,12536.734062486536
13395,22261.492843125638
41834,25763.1312720376
33112,21305.092142585156
50069,21002.89210309532
69629,19730.658720021594
46212,13625.099884227
34268,5476.20204308489
13749,12787.695302109172
50504,7666.607314921894
57627,7131.175291823411
89680,10090.520403424955
36956,8226.175206362392
69710,6770.77822431023
78217,11021.794523739027
75501,22052.52972699846
75219,18557.382481705346
33408,7360.26476559161
52870,12479.087297718615
86384,15282.61542345102
99984,28922.0409761057
78710,21049.1521324836
78906,5646.975738912421
22041,15435.625883011071
18386,10547.918941130858
61778,8149.40658787714
15419,12971.552775847314
62813,15100.81139118527
69734,6483.049555274403
59326,6287.002958826341
12741,42795.043249702314
15525,7626.876250703708
93955,12621.699052010052
74258,17730.145930086976
19966,21297.317534631282
95857,18054.97843606731
81983,16578.523396483954
59192,28410.417663900225
39000,26368.604849750365
50030,8969.509857100025
15960,19343.42038517924
21112,13015.40253090353
66687,16937.0079947744
63611,8654.534523230617
95711,16307.045821604952
60072,21642.201101642822
25734,48724.23930086619
67092,18785.018314134904
31774,33803.55465526065
80683,10606.075525037879
58091,8276.782611120281
51150,13171.044874053332
44423,12904.443434669607
91767,15109.29290651844
13234,28056.801846832852
29276,9689.002974226627
55612,30956.168652813412
71238,21550.81866154179
49145,11496.968026088778
99908,13481.691945195009
79559,22422.861879648088
96949,15467.771543310013
83060,13493.443716578664
39925,21514.735796010245
12533,26584.283988130614
69487,25646.046853334446
84871,52001.53883416919
94357,12913.55496062132
17159,18919.1240143652
95690,12735.141424631274
42318,16658.027204213693
65023,16400.637455215525
77067,11774.443877462798
68558,2311.7486522432664
84018,25902.786708412918
82929,14548.321776974451
88048,27666.107144412403
87270,11055.11668146534
61578,8074.038440189597
19642,10172.019375197946
58718,15937.255538345298
98102,8281.825075903806
86856,9479.50593349971
60401,21465.778667699815
67872,12222.222712803097
93733,11426.695601564199
13225,20734.16621241919
71739,7653.849233254345
96476,9862.474055855575
47423,9082.710684591355
14037,20192.910052274357
19507,22526.34261052172
67814,11297.873829919152
78686,15050.944169007334
24555,26405.210328999805
18324,18280.13727518914
47877,9704.592647343132
60111,11211.33553547005
35769,18568.274190255368
32496,10400.661771077957
67607,24674.127591107746
82987,28908.010388344483
17097,9000.88540826526
76777,27459.540328755094
70466,9620.504232157025
73292,26513.10594036676
22520,21650.413998319593
13367,37201.750617506535
26686,29870.080741897378
65919,12778.261363403497
33010,10617.08279563878
15710,10244.305189377563
84705,1007.2222877375843
93156,29570.642968187385
23166,6597.501900790399
84803,31804.00831290998
31800,24467.206763819162
85346,7880.61860008025
66896,62829.94283764959
17006,4201.6697501026465
33712,13819.928818112798
24104,11748.142347109693
50981,11640.042865479298
99303,6281.97767470639
81571,10596.449549090135
54878,21161.459060300174
81288,7181.972926124108
64982,11723.356843736945
57147,8752.332278184818
93482,25913.944160036655
47710,13836.973006143598
34478,13735.849579943064
43374,11246.471698391817
63246,8999.335839058862
50969,15014.54078357416
43099,20875.771658398975
88007,19659.857858510346
79936,6284.565781718484
79905,27199.2203237471
30774,19539.113104886797
55095,28384.16329485127
52610,56568.74589223482
76039,35179.8026267872
62224,19839.33746074752
50614,5956.941358196993
99075,12722.150936461656
71756,39333.51182058301
28710,16638.541057415165
71511,29866.49923030107
31748,22136.820935030417
49140,29908.184149256133
55354,26877.06597732991
17724,9853.57628024433
58295,13034.775825196355
80689,24503.591030957345
36156,11577.545182221507
16129,17802.839584822483
88118,9383.245779712393
77259,46150.94668451178
20500,9823.46900517334
69772,19846.19465974375
99358,17538.45241346436
78733,11786.449521264403
46392,12415.10514933676
29912,17204.865460323967
31501,9598.066685933152
98932,19134.10550245502
71662,18691.423540408337
20544,12083.702612522116
22239,28461.61396164896
16502,20380.718152126923
52831,20048.147202258566
99902,5076.527449888652
89737,13697.124374859579
22350,20071.921875887005
77367,18402.554182354514
86652,8122.9725552708205
35164,16367.441080150702
82006,10959.971702105373
29801,9549.162426988602
32395,26509.787126637682
97247,12480.248042957366
79753,16376.351535326346
83807,15803.385661788296
12621,22641.728848411163
47149,9812.16610377099
41753,13046.920323065882
73995,17810.5072759658
83421,12407.501156021164
18053,20885.692822334233
28376,16386.208351615667
62840,17415.54372278168
28960,24470.32973203796
33546,25817.237958023223
31873,10003.967920116738
62540,12206.674500415193
69304,7115.350461485601
46500,13249.201302811021
28723,8075.7709498281565
68684,10527.711716706599
29405,11712.087820823155
44859,10210.308133874623
54887,20979.16450264232
63461,8224.58938816799
37517,12256.594350407238
78927,12749.522968641159
39054,8262.727831242699
95967,10723.209480145599
43328,14676.156122576118
81393,9439.088381681115
28038,8524.178978121301
90437,8500.71462963344
47917,26200.762018761525
38209,16539.164705704497
35974,19150.21973484676
16832,11362.851130874358
41771,17821.659543199923
53141,9493.446527961045
80793,23867.702916759765
32829,10642.239367944276
44626,19805.185278397956
32648,8320.99364979202
48202,35364.01846824282
90453,11818.190458179688
72615,16514.91041375897
26667,2241.4646068836373
99316,13343.393628922073
76412,25154.356217753488
39667,17521.66865090358
73667,18785.877923625354
18235,8931.949481674788
24559,11682.867197065883
88552,11655.115295717937
23054,10951.3000245825
20414,19259.891093216065
27126,3978.429286813993
33694,9822.83021465082
70925,22862.818315405362
12645,42829.55186459921
62771,9204.28175619378
21958,14485.863793489401
99927,11211.33998379638
70619,12801.475308326479
30327,8451.615506263355
64938,11060.81240307738
11585,14224.671479294935
72551,7861.11650388051
79526,22858.0147774126
41233,7127.646358577658
18276,8343.41684553428
87829,15678.397172141076
97183,8312.92555748937
65993,13813.910598751983
16089,13189.325481815686
98043,13751.665909621532
79973,25435.124562324407
69063,7913.272441790525
13705,15150.68430190305
43252,9852.574036381797
20790,17858.78253869346
11707,16564.902194539536
54445,7589.16315461251
64100,21357.577394725355
55670,12543.513810667006
21523,46612.66368777452
21110,21609.345588753607
87681,7775.4637752059425
64059,15518.3575020356
22040,14711.248071368103
83676,15069.363630466607
13328,18021.06618064822
14796,6566.7291274934105
36644,15539.67801684636
49537,20805.49091304154
76982,13584.702598565627
92201,12098.545329077782
59553,4221.815153335896
40036,14971.00980671777
93349,11837.063536718691
91107,12524.455575542957
81205,9716.915194596819
68043,27933.475343704573
80773,16713.855644624462
10882,22099.745869818427
73858,12833.188468951097
81984,19947.39242054284
91671,16094.620422999993
30898,10047.500275964208
48418,12349.430851622807
19520,5693.544691759487
43650,7450.580784348605
10991,5737.56537253748
56786,9020.800364806666
75712,22799.077652775446
21456,18499.719081159765
31535,6413.198396184111
83097,14035.999488896708
46647,16919.115378341892
85102,3735.5605485050837
65052,13153.59532084384
72062,22809.118399544866
53547,19999.04426131266
85802,14774.156320731505
55099,35317.74816113009
55937,7309.035161986594
50615,10583.34136421135
59331,12073.239922145618
36677,7387.470234065984
32850,36321.68358427532
71029,8631.164548186098
69082,17062.145901165943
69917,12084.909935075331
78610,8141.35822724816
24019,15963.258250473027
75553,10002.247668210968
52865,15721.198155434313
97561,32002.450543547486
58231,18173.169485678132
93647,11436.00690971284
24639,15073.795909477329
57232,11028.156409666732
13352,16035.959428176904
64465,16371.52900169969
70776,9787.435665043253
54695,9783.887506604326
10633,22838.13618415619
34121,7159.318522203677
18077,13293.449507510342
28930,16229.254031101585
54363,14180.532864359859
10592,11229.004580428558
53110,9904.810741675667
63549,18371.717234412452
52821,21711.014651040223
62106,8692.87427946491
44182,14909.750279262078
31602,14322.128267992042
65815,15231.3583834284
43410,13302.758320762376
85781,35292.571897224414
13517,13980.022507177791
12807,16311.438108790284
84718,29319.014653492814
48802,5653.8656414866855
22093,32025.14150182159
24649,23670.447808271765
74106,15828.612665006682
16191,13403.425869637744
89160,10675.442570693314
19829,25191.817913470142
86447,11517.699937503821
60623,22283.801146510257
50892,14020.784797116794
22478,27104.49708642618
27899,13558.106062790643
37111,7853.623407810019
12182,16275.214943001427
92219,11428.712446374477
71265,8656.925362169768
30827,14004.925772658798
48823,52996.941740255184
29672,51681.55995545075
25082,18343.55201212369
37332,11244.526151900898
20202,19324.046562407624
39498,20420.460777784403
45687,13854.616137625371
18111,17054.393959056346
86344,13405.957306327242
90688,21348.88222171441
85360,29787.09303954786
32018,28155.955094685905
57548,8352.983850409582
94843,8799.412532591607
62942,13892.97184026119
31118,19189.545387730304
95578,9577.03422934169
17008,12778.76115356894
87484,21566.119295865254
28699,27463.974759697125
30059,9837.344938431299
88582,15878.24731562669
66148,12830.421640572873
19053,11229.63757999125
12060,30733.795303619823
67872,23695.053636608005
87455,30273.31644340457
96352,17946.16703918463
14601,18616.829561031827
54231,19693.345044255882
42281,23779.416325928873
54004,10936.876139232783
49586,19644.100924163205
85807,9134.781412014698
77158,10596.449549090135
11868,10076.864333800806
39632,8666.584720630444
62159,17136.599958354964
49022,16649.05411224403
37213,14923.825785118737
30495,18093.921908988985
54247,7495.695208638719
95306,5913.316558660103
82749,14676.724512983876
17319,12726.091451604478
10265,34305.36429531355
69556,9172.03920887799
44815,12033.203275434129
15824,7580.645936529047
34287,11114.080511320564
49492,20034.45184032988
23118,7043.025030656576
35361,10534.283595664634
90021,11732.71506081499
17837,9059.231337602487
86786,20325.37557112542
21334,22256.575520126178
62818,31451.882446666976
73540,8463.52649827261
98303,17756.841233534964
43409,9865.669161188864
44680,14908.563378906552
50021,11369.785286183649
74229,23502.165766969167
97894,12607.906195815944
86442,8511.26482961122
10333,10424.773867591193
13181,20838.548961300665
26231,10056.080609609617
11176,13146.78926849107
98923,17089.491438627283
82722,8466.72781878904
72613,12109.879140387317
39653,11865.199730362523
58016,8227.113788083316
87339,14191.801639828896
98810,19426.987990152924
23126,18912.687879607955
31560,24790.050050317834
16191,10745.153833248813
11415,17908.422985970665
68374,17510.04583323922
62173,10991.711287553742
47067,9681.433936720408
44743,14929.67288512273
48760,16203.702684372114
41518,19047.308355328936
81292,14629.572839066232
85232,17195.701837147004
84092,18201.2073636839
35297,12918.70790294542
84603,11948.643338917325
80584,19377.417497549886
46674,6941.154584601203
80829,11708.699831032682
35793,18670.049315374235
69375,4751.1460624998945
49164,15855.746199256162
46441,42558.19734562702
62733,13316.24658734737
10767,16408.418904568858
77396,5687.471321116236
43269,13630.051114159745
42444,12457.192149592527
38319,20186.809096129364
35907,12027.096346804494
23009,9013.518530722224
15505,18316.99735935099
75325,13591.2415589824
71690,11821.550770259015
62744,35777.604283615234
69319,17255.105786460714
36141,7448.094861415633
56225,17184.050826561815
56256,21566.67947627017
29128,7371.920253306203
42834,11931.132875139141
72810,6403.284723134679
19283,9973.126045405605
96580,22738.094844464227
57157,18350.028224478145
64815,24744.222986092012
32923,13195.614628203355
47518,5510.687086540271
45244,14740.945554216143
42888,34673.74685720634
31370,32399.468411608155
83496,27821.168912120917
80605,11840.279961927408
42512,18740.147240658873
32068,13480.66132698962
93878,28601.14322530295
81673,11171.951203681514
56404,14401.921435199203
44770,18710.25587230376
51092,9882.854207553337
77079,22262.419423885716
41669,52157.10150714646
74821,6968.104625368935
97076,10943.328976236626
74832,6226.2027089407875
56474,12221.085421821728
45065,15940.636150312666
76940,14714.107742334956
44808,11885.01369012701
40756,14698.493542773114
47240,12188.323645383418
59537,11094.929388987448
72445,23342.300062425864
34264,10762.656036348357
26004,11285.340719554912
25191,24999.709845066962
26497,14721.915642588461
93540,17955.00717101493
91913,17233.786369656496
86379,22873.306305965623
50692,8504.615429230016
55324,4013.7661875200847
97127,18291.762582715906
34796,29361.53593275828
16141,9264.691382118293
23104,6488.806196603555
59614,21084.72635000254
53427,41151.844378401984
25764,7770.365364744921
37981,6016.677793832654
76295,17277.774541147504
72585,15041.561654802925
12285,52412.8829955574
65495,15471.572407243895
18464,12865.34938632366
80713,45662.60560324675
61743,4193.61541959938
98221,14832.913810797194
55786,23244.00076916749
87000,14548.005552387865
49894,11519.769930731421
49245,19943.96480605907
66089,11502.09534268412
79550,29285.493423293898
85629,47455.57642386756
63801,17295.164727823027
11292,9685.684626681916
22206,9238.711139544474
54488,12654.735750332049
73121,19272.275316476662
22314,16571.80430736023
84109,18481.06750160108
77043,13184.01964319442
17598,9866.078880328234
86804,14031.892709719807
71140,24413.63753829724
50133,19437.948456219987
33789,16157.710731442423
21830,22854.351764322982
98644,18380.777219352665
29119,13078.210676293145
64171,16281.965457891522
45162,6754.928119890594
49319,12939.337150034306
50242,15870.275453097614
53213,13539.707276242509
67350,18325.604015797035
66105,24380.856748686772
85264,14060.854560651027
79802,10384.22153069204
26813,22570.925232889575
40884,12541.863118579087
69228,12241.129068883452
22095,13113.016918609423
84526,14173.502536271526
14319,15684.843193525348
99678,19707.66876684812
58937,10726.916811189669
56081,18936.369498606633
27618,13018.544134518306
75728,24175.047067677595
60526,17864.92021116946
93655,9492.432443989339
13686,31738.139628035206
73615,10253.390151195752
98926,10605.381656939622
28963,15810.272094523476
82195,15142.82231842471
93620,13623.062195811213
33095,20274.72465958125
35927,15081.897605918748
74744,16235.931200280429
85868,19538.97136988531
19171,22318.597395947705
35868,14385.553965739602
80426,10813.386862548647
93756,8046.710579902652
61813,11604.384936915922
35466,21574.41301473458
73331,15670.408008205482
33959,14901.916274097919
98226,12788.800539063097
13508,19554.353043711988
76939,20211.298572082327
40447,10155.746170068922
96003,12361.17097021266
89498,21382.942004159675
63429,9036.756551965671
87078,7738.320284684403
94877,17488.77718257986
51087,26585.7160095168
10422,28417.16632918311
29943,11249.289517240444
19854,7349.4081490578355
12738,8827.18171219416
49172,12085.204449983548
65513,7114.2141796
79099,29086.59472241514
59051,20521.41149621964
46415,22358.177693703266
57150,9968.742120590949
44323,12715.734986724075
24008,9748.8903282124
10889,15706.351367965284
81650,8058.7242109428935
16063,9083.161007834831
34563,9393.144079987316
59923,16206.938034276827
74799,19718.25638709034
81986,18113.345865601117
40644,15706.351367965284
44784,37323.55882459262
62909,5322.532335021762
42084,21809.77039233287
42128,7840.371067097321
74943,8413.487550393118
31314,30217.605088114356
85500,2345.8657709315303
44691,24419.895967177592
18916,10438.248133776142
90195,22522.978511694073
31732,22341.945369366185
96696,20496.44296396895
45466,16347.244757237213
74224,16116.634192740394
95430,19425.831219227508
39697,5775.084907197321
15684,7841.374833299631
17622,11205.468949270493
72106,14590.634368207648
61700,8897.465096373038
90018,6843.79386384345
93405,34093.333323234205
98441,6058.736520406637
78759,12220.369646185587
92235,19490.664725305087
97652,23492.754310455115
77145,19132.3314088137
80839,19271.78637526475
49736,9895.005055480498
33012,17525.698551355643
55453,20784.767036706806
90100,13183.693517908552
95286,22293.30148743499
58709,31400.723249057435
59927,12147.64495240915
41528,9825.416364750168
86013,18386.89867748337
47211,19443.46004901371
23055,13380.150707602657
79909,40441.88030905381
98197,27361.78705185844
94216,10222.90810669048
33365,37066.76289387894
23985,22826.83456139032
22958,9424.466352257543
72828,12633.994999451632
23378,32743.790815884724
46155,10467.521830061112
86887,7683.222011054897
10208,11147.588948046989
27291,13966.001849877664
36378,23324.891240228906
24662,13216.75683848797
39235,13929.107742437871
35519,5036.508539514616
23967,10545.689081393863
88403,20498.309380960825
46399,9938.491503164023
20813,6775.300088188898
99357,33574.13165930749
18672,10192.814870670678
56129,20342.754342300315
20503,15414.364012691067
64995,9967.03974444375
58012,31115.124279772775
34919,15687.218167987692
70702,27435.10495250307
76038,8717.394931423682
97275,8059.520730152646
27286,25359.621123213517
26138,10934.172407810009
30652,11040.430707682452
25906,12354.316843519839
94233,10473.451782177635
47374,17335.9996972713
50227,12489.072587864204
12913,30151.250279023094
15227,6456.873085925645
37558,19697.634998899826
29722,27456.87920952984
22050,32442.57492007028
83459,12153.384794006095
21151,19608.489916347185
89474,21436.852892967927
37108,36419.06878813511
24720,37144.2268475577
91397,21258.86422059373
20136,23464.887655714614
49684,5712.254846422431
27647,10933.477329265079
22147,19898.72121964358
61187,18197.812190581575
45847,17461.139534699578
44728,9062.170718299825
96652,7548.94126176403
12540,19269.71601127955
99179,2906.3105103514827
76166,26649.652856232293
80587,9689.716141024164
73837,4599.407676430288
50937,24967.025130550544
38143,13972.701758674993
44308,26834.153666660794
30239,35472.370318538524
20873,15992.416984101284
19628,9248.049660262626
67447,21855.33286410752
43074,13120.175767007102
71941,7499.807524655704
95767,16638.678503201787
88706,34292.24938045749
97782,7533.910572234752
32567,18304.702462421712
87592,28217.765847593277
26568,17965.329324100116
79670,26641.528199140335
43146,9163.290700059042
57819,13470.896956690658
28537,10009.765993149169
26049,11310.58847727488
81715,16885.404822242246
78256,30183.13019354273
29968,7706.512345657919
81916,33395.977371314075
82943,11228.865719119596
44506,32253.875491582847
26996,24978.665667664845
16308,27639.922894184907
43992,9705.96152860828
74485,8593.81146266279
21359,55952.30855313744
95795,47742.22705969378
44874,24610.195831369456
99955,23478.276423133677
45794,12218.385731451286
58103,27217.756868220167
85236,20417.792325605875
77896,10958.5996263521
48612,8894.326775135358
24207,33859.72846650709
40517,13307.020252844117
81607,5538.101410430667
54858,11137.467991254718
39425,20423.29147507527
29460,21435.59220166679
35884,7009.97057384545
63271,7363.266233213944
65159,5713.469537517689
80073,7115.1457316574215
26867,16514.30311438373
75834,13334.490347991412
77050,20661.19404889189
93849,26670.20261906698
44614,14885.426722054575
68873,5888.974490335411
23556,7733.418649723493
47197,15404.590513491494
40435,22073.516039971095
38411,10334.345818302396
14075,7148.879819760436
89722,15560.952861254695
34041,16820.09932322879
31211,9926.920974189683
83233,30621.796478515345
73398,12548.680346103069
80185,19551.459692515415
38592,44966.754409231755
21475,11362.851130874358
53800,19590.47580513222
70529,18898.029947229676
32679,16254.727533156474
36867,15956.383304656787
37863,14695.242371299164
22406,15754.503958971176
74863,7823.0169355223625
18607,9479.65565728988
75637,9273.336797146312
78789,7178.98659025945
85533,12160.899106737392
22715,12208.378033762598
24706,16057.231407779489
45548,17042.245441205854
84072,5872.810814517383
25301,25395.98399208964
53988,19532.356882716056
20431,37953.86435867114
78464,16280.317386808489
47512,31148.38213941522
52970,12410.467989306435
29891,9679.597896994825
29916,16771.7824168169
82487,27649.432469526015
57217,11012.680859526232
58960,14991.181636731388
52941,14035.590286061526
72001,14045.795258785422
22864,14587.967671793303
93910,21548.867939347718
45261,9187.31200931922
18458,10005.891252975098
50101,15411.577219005241
24348,7156.144330082092
30987,23200.13051236932
50316,29063.777122983127
76988,10332.549009078695
55931,15403.6799910306
86317,29725.30072031686
53091,11585.845834904714
47887,43557.230555595044
58320,18569.379259755624
69135,21896.014631599548
92761,10642.239367944276
47537,32317.40225806604
47400,14182.750599839643
26976,6174.362619581696
39704,26267.054857584408
19114,9043.047465147694
76350,23161.582845756122
47877,5890.517023122638
71372,15377.005560551639
75774,10127.240379816008
21348,15424.133213746944
94988,7283.750521664615
93405,7278.75882377744
76267,8135.612210181418
48394,23068.036952520408
48353,8406.256028529686
99258,29647.877412152135
46819,12435.921594807605
89864,18332.020035560592
98888,14451.52498039806
94901,9351.95609398299
38540,15556.512764573965
35114,9993.016241575813
63562,22200.174366674553
10611,13693.592637577216
92718,22195.285669053734
85328,22373.245877501802
54752,43673.66933728074
73322,10100.522440137469
30050,13036.694670463363
38706,22094.315414669443
47890,29822.23116313405
47638,21110.528957100898
42028,24772.09617502095
17520,11551.01320562767
32872,11952.325426940773
86337,27006.10924872484
57783,17549.44366871793
46625,10940.114805481571
40037,34517.666195235055
78487,10616.950707977252
51926,15276.110363437392
90472,19009.999559270815
66355,28411.962146812424
84515,13952.945912616233
65241,5874.952046021581
66899,16947.512530321445
81362,6308.6987216653815
60670,12589.128113353869
74798,13815.739082889053
49393,12040.984697103346
73374,21375.427164854693
58219,7303.700486158936
13910,21523.702483586123
95977,27818.94711565791
75610,10467.521830061112
82320,16516.44691963693
41184,26462.1291172872
13017,13053.533853570545
29717,15093.23368525044
95213,9031.588832994861
29318,14835.113824058508
19286,8531.91803349748
61136,13079.758364006562
78636,13359.504333093482
77483,31511.91170887847
28956,29784.512419902618
86295,5849.859402967764
48504,18570.521369879047
91232,5363.696645678412
82293,14311.542740970344
33073,29836.646562584872
29016,10203.679403497608
60781,3664.422464636282
92892,12068.885306146116
22626,10183.210736210585
18119,30731.65951064101
15078,17475.429086795204
29309,11062.333279026094
15474,19544.331177299187
93220,8066.940669381056
35108,20713.338047110672
39503,50117.66368292846
65278,13516.737466111199
54738,17008.93806033115
16537,9572.149922110206
10101,17034.594812857176
74915,41025.56799375196
10344,18967.316004158318
31762,19425.561389030885
51503,11989.226465901193
30125,14505.44742623096
15005,5927.663270090645
68615,7432.527031527827
99800,13733.151007393233
99920,8667.365755956853
18930,11026.978534758306
27261,8288.392071423352
50177,12544.632573910258
57570,17351.43810988411
50401,20080.32138582506
29608,5215.159745961624
25282,12849.714262532892
59061,9700.62014960196
56946,20160.466583170637
99052,11246.54958534869
90604,51534.04333179121
40234,7550.648344617364
19804,17038.554280404944
91056,5215.814869538735
20463,21318.20823093716
52469,15138.162601820284
68701,7301.5075052342345
38466,13061.268190997886
98292,17256.381868992605
30842,29360.185849784895
53627,25776.483726773105
91396,14740.335623754932
91855,10634.76214240343
41280,13824.584647029147
46119,16822.203263072803
68647,12831.100408691844
59344,29785.90439484494
13161,11371.954865382495
66988,12025.34663718778
64199,10009.970365227571
66028,15630.129841128079
63444,23522.84595350701
56640,7175.3622468564645
51072,20383.14020295606
30722,8166.592836533147
46220,18967.77169322608
96260,9491.071072267721
60021,17908.349970530453
45112,25783.32954260357
57448,22084.973204726622
59765,11075.701666939352
62784,9819.195415060458
69203,22471.099017918583
45399,21342.93310732866
88690,24945.828011685506
18449,8411.445802609209
53967,11374.715924247588
61777,8115.94195139337
13887,12257.97348051408
58169,6678.400400236174
94983,9516.883720742124
64868,26123.055940330254
66824,9798.129275225867
53949,11202.415084239188
15578,8577.081675270822
72642,9030.964723427405
74884,13159.561235444464
58783,15133.122472926727
40786,32560.62890467592
82739,11382.625380248788
71291,8775.97797861063
28592,20349.021793781132
98670,10031.5382786562
83745,15654.175397772655
45679,33937.529855494664
11909,10009.970365227571
27266,9574.046879084826
85442,12355.717525380223
66144,17170.463782104183
47389,15372.712487480061
80797,12196.162534931178
19572,14940.370685098822
77760,42602.77429300429
64242,2590.8466417140444
70976,15986.742809308727
97242,13334.278662189849
82109,7027.915001656613
61003,9600.290728666647
34370,10099.755173849415
61016,16258.073630629951
74328,27971.85037966131
31683,15902.999817219212
26311,14930.394929684831
12160,26799.586899200003
53741,17791.52138754136
13761,19266.495338663924
51187,29747.94506774681
96513,58873.191783797665
58023,9711.001957394767
77063,6716.030540188633
54933,19668.92733573222
82218,30731.65951064101
73372,7562.135109955378
25650,10882.194537596697
51990,46974.986283156904
34914,20385.57782620193
45942,10459.60439751331
78576,29768.779570292354
46100,14404.693038353897
25969,15053.929926346726
94344,17182.36720905819
46741,22892.444782155813
46688,18009.532551478016
20183,10896.657138417246
65975,14701.294090242138
98646,14348.097381499738
56593,22221.37394278907
45957,23818.917596421583
65933,12711.832782878446
67132,22552.03011367815
60606,5627.886245266627
72597,20605.785308298597
92821,20368.581077776755
33031,8398.25198522025
50895,29975.734297043924
46575,16381.78692263615
69237,10401.144214380774
96773,14817.301649017014
73777,26692.745285200184
23658,8939.067665623748
71684,14515.947362332288
42928,14062.472937372691
29742,9275.183184220026
83982,15343.03500737754
61233,18817.179560840286
23894,17097.311593946943
88201,16919.96071977545
57477,30451.845266234926
35054,7957.7534642839055
65017,28067.870810466236
41431,20277.845835385062
14097,9926.920974189683
36923,16520.818560965454
23368,10490.703224254557
30453,19213.866304636365
44102,41463.39560373788
97237,11879.537537932138
54104,13860.548050455025
14573,12624.089027525311
73631,11220.003917403074
46220,10278.333463345596
98637,15403.078681785133
19321,15734.939245623402
20391,18206.19005745407
52035,11652.989185658127
41136,17510.662815755124
47633,15885.598394549737
47689,23422.045090975873
33238,15043.196204031217
19776,23141.67110337414
94736,21915.922435358854
81954,17679.92997214677
63715,9977.033427276156
62376,10250.778602089062
65458,9493.888966618153
81109,16035.1944050988
30335,12957.663973028462
13768,17200.740380736523
67843,17267.289499755534
88455,11796.468413434755
25158,14573.799082316169
41826,19769.229265337704
13767,11829.321029212497
37587,25379.07991080617
50167,22312.41283293959
81555,69685.63642288889
95266,10233.833695389225
54262,6301.197274787124
75703,14637.333766079664
96447,10372.056731966179
96438,8742.032031184317
12409,11910.213649601477
25495,13774.400534945802
24623,14556.537014422098
26106,21743.773374530007
34056,18737.098984333014
71253,16571.396097504545
69064,10810.285134215503
56002,21548.893149015228
54318,8062.172107745946
11031,8889.989114588185
24287,21658.1204423692
61401,12157.000301191569
10580,17489.415994861567
37376,13142.022790153984
60185,9605.147976795884
34407,14152.126781466055
23585,25230.545739993853
47176,7447.368475016943
48589,11606.94636946288
65857,17210.160834507948
69488,21276.11108938448
95628,19339.511721615094
22624,12506.324324978023
28266,15498.905387143735
78236,7515.899510577019
47888,14515.947362332288
16815,12214.079295348854
88147,12706.445820757064
11698,30810.597577369932
30307,40758.92410574184
44353,13718.636921577396
70092,14504.770840148658
96369,26900.097783193745
47637,8698.548977687567
59206,10042.656621202432
66367,7381.900595305695
30044,9598.050137881542
92589,31581.984973146344
27468,5151.55397366722
77419,18820.042355292568
82139,11564.351701826428
62912,6902.451653491295
79878,25209.17696302399
56905,9383.875890902698
88976,16563.94969531242
73305,23938.44417594185
64741,7866.567561941212
12648,14857.451390286276
98892,18860.332105183494
39966,14887.63101188207
42614,11152.886444440328
86238,20342.056018465115
79944,8132.746075211953
76687,12612.39403647585
17672,16029.544498484469
58910,21166.383670859195
90641,9549.40588570922
22957,7154.336272382621
62306,45043.518274206624
55693,14541.568324006817
39932,1588.6406226930285
95569,18112.688969925854
97330,5842.636353543581
22308,9034.275222009213
88119,26460.01684229874
55367,25755.895896809765
13729,23586.64639799358
36858,12195.64063031833
44821,12486.897779751394
53692,7143.384850159726
20301,25874.7741403839
93968,10641.445112606769
18787,10810.56303840057
39994,11925.036361267352
21887,9081.262408350416
62922,14356.113202577395
84595,20857.922389893683
45223,18315.6877202131
32572,11692.801070658004
40409,52042.698008032545
73195,12404.75739322264
68189,22383.70058258457
78349,13429.057103646986
37237,26204.434851888087
31510,13408.979156778641
68722,13228.721702488832
60594,19044.887610532103
51369,12638.88383027639
80300,13377.861172186687
89681,17717.56671942228
11178,16425.096355529506
42422,15547.908636129243
67644,20409.346502926357
24169,12017.316818604982
73703,10813.89528497453
21485,25523.131768113977
55232,54121.74549596644
88499,10990.021169112075
64038,9111.670865123724
11575,14627.815581715326
11060,40212.0944319305
43618,6808.1791986176595
66684,25309.937006850836
70709,16482.944752933672
12701,44857.12807172979
58496,11081.931733843201
74068,16264.991820881034
13083,17600.39453753627
62983,27597.977815735176
98491,12490.433852696458
69634,13363.192076762794
95320,13297.688962506549
67954,11242.197358342837
97386,6207.5728541080225
28490,16788.85900010854
19591,33021.14577079212
48148,20597.421107003534
22558,10254.630513458793
11383,10685.298769648787
48593,17679.350986704037
90602,15533.397039802987
52054,13156.065471307085
94149,11730.497702241655
82814,16242.343402524484
93511,11238.475752601178
16464,5138.103811235509
41296,11307.762040711792
48686,56737.60249363079
24836,8621.12002321037
35448,19545.210724593107
67762,23233.857120578054
44577,14924.286556692701
12954,17278.119325928234
47225,19753.818183966367
82302,12370.321646130224
32673,46685.051634276155
22661,8908.041203902052
13370,13963.115799719026
56047,20426.606396694122
76907,13164.231141029864
14323,24545.34572972138
63129,30359.267017704893
23034,11016.081331551854
42051,22833.00797834064
70230,27115.371975016584
13067,29345.867149093847
69485,17331.817795189978
41816,22869.84080516587
22349,9111.386318343119
24126,20151.180590415977
94694,17714.58395621297
98244,13960.240923645979
40309,15540.87852049626
91836,15435.652364298177
27583,31033.926881476582
86550,20385.40438039011
21401,12060.241647767345
98562,10299.837688735706
26073,8235.835526964518
87068,12763.570689511136
91819,28515.457723765045
90715,11932.155984439376
95496,10413.155333698345
19051,13458.443885817505
55770,7117.606731166661
11658,13891.394915907393
96906,11526.408455493878
66522,16798.79994042521
43806,13936.853332282382
67370,22059.84561120114
46658,12765.060487668992
55353,30885.704586834174
99812,21527.679802273982
35754,6755.970920784073
39669,9027.628024509686
56747,10936.43676640969
77771,38127.7289198239
56938,14548.321776974451
19108,27247.781001879666
93054,30921.510849181526
69128,19276.518968555458
31626,34282.53651294971
51328,10961.492173420145
91455,17110.63863048946
84121,12405.952866259151
24702,11300.19866742826
54677,9726.817534951559
68742,7249.35652905485
43317,15534.764780801579
13416,9957.472140357953
17634,20605.178763487835
88773,22854.81415227243
21849,24378.03445168777
58326,16301.327244712187
51327,10545.689081393863
65672,9420.732799132822
76757,13902.730323744285
17603,17586.618258071292
61945,20192.23270553271
66922,19669.749202222196
16667,10303.545945619318
63598,20938.00790608143
30112,8546.595717501335
38389,10595.682116194017
69530,16798.866148620287
63369,11853.374912580715
41761,8781.839692212903
72837,48612.58047355511
39106,15933.600135183266
90108,7114.822195080607
60590,6300.551264410478
84209,3813.4784209295813
83214,9698.212946976448
27938,11376.72058737641
23960,18548.30924704063
43001,23767.245163180007
45244,17873.783862173168
24962,12605.746309246471
84840,11741.118693198172
58153,11528.35423167673
52265,9407.645000868913
94162,19346.298513470403
41916,15635.889963878726
63827,11182.977963446228
92984,16084.905358162021
27611,20009.360729403255
47261,27519.108822189177
95747,13117.41781308043
45671,29708.019350603667
67978,15289.115200069316
79723,12512.941150115785
29525,4790.1565821776785
37487,35202.364039603555
35063,6899.199183602586
87087,30946.535750510386
96719,16402.191446165296
46588,9534.191441413801
76680,27823.719276462536
18123,22086.733671610353
62480,10473.76986801484
40838,13862.081984866489
97640,20331.207099120766
95915,9608.85178280115
57600,27104.515608902795
22774,13470.896956690658
53696,7302.849851288516
18478,11053.84446554642
70572,21760.143201167557
83880,17535.83951433918
29730,16177.643775370574
30278,21188.31762173694
59179,8404.691257526212
47596,24062.152121596388
90362,8575.587009743578
80851,19709.71637966767
50278,16644.128653958964
24110,13720.76531365105
32493,6746.354983864219
30862,18399.44726737315
34982,3317.342895115962
57543,16607.861862507678
16420,47968.68714096634
56272,7186.608512279769
78604,7814.789674314003
76679,11786.557960918602
42701,9894.21025208504
89078,19563.496314005286
15143,15356.519237376868
45521,21390.934129402707
76452,13428.706940971753
37753,8944.868233901172
99499,10754.998563406292
86001,40606.83292307629
46579,8426.24448031391
30898,7427.496481155355
40420,9055.364726347716
33572,16900.333795556053
81371,13373.87696731951
89080,10230.131897548927
67929,9163.290700059042
14641,13869.506359857896
96248,29425.99353725351
76316,10055.292505207071
78020,11551.379382007266
22343,10984.662414762915
23467,10135.427368331864
78616,7182.185580774725
51732,12655.080084006446
13512,13715.008295386891
24851,19020.853528368407
83829,18360.333729021964
74121,9668.76800272263
77084,6105.004570120744
93418,21491.3379488226
35897,15523.475318527086
72835,10946.933045724829
68815,12622.935383173897
10011,31081.979698840274
61089,16790.246368614145
66100,15819.597684210084
38799,11655.693469780635
31748,32122.652176016756
17912,21050.50962747472
46545,11353.442805593473
78070,4221.448037065133
86825,13084.86157374128
32810,25671.787183677887
23596,14106.492481605612
70869,11312.997564995392
74379,27181.297059196964
48549,11339.947040568746
46827,29924.225140362352
27037,14353.233221430753
69546,7909.221674429182
15529,9068.205380446518
60991,9588.606495653603
53054,26650.12475383399
72195,22850.49398877968
22780,11858.875135461989
63482,10990.021169112075
21083,18698.4886964285
91008,19987.702251766375
38394,11231.884765732353
93459,13519.762458646172
39023,10845.264135466692
79459,8640.43032867675
80851,15620.022840790532
40101,10082.67230038287
90699,11279.144829054769
50154,12297.74506571092
80967,13360.707160210348
22920,16531.518597930855
48790,26768.740140481903
41992,11075.701666939352
74250,17506.709459883292
23745,10751.520715241195
15474,15219.203657095219
91439,11877.589211850274
92767,8492.116609440083
99417,12483.338922096005
77503,12869.187761532876
91892,21374.857999206368
17204,14320.677026121399
59518,9910.614928543835
80860,33662.58527283868
96054,22507.45187548791
87572,4861.358014150534
11090,32910.0645323293
71674,31493.84105655103
75144,33488.7032085938
69440,12937.301816026062
32242,11385.202656204925
69986,18374.02446773807
20371,10693.949239359115
94662,19456.075969008296
60579,10072.821242766106
84944,14822.772873516395
22210,14809.796568166226
24594,10406.67682763966
85282,8529.748307629412
53157,31002.630016863317
61996,10069.208766087222
61102,9905.911136427741
86449,7178.627673807039
71825,11842.95635615995
70655,9564.916259960853
32508,10095.027395690318
28256,9691.789121657954
66608,16111.246114670284
13656,19148.778661724682
50706,11565.83353318464
23799,47418.884021800775
70559,29954.370878156813
61982,13678.943463068526
59229,17094.0985511951
46008,12094.642256893505
37278,20603.936015177787
26897,13487.97837176818
62229,22346.000551323134
98182,12262.955909647128
87361,10435.93877917372
32108,15781.604376392992
42829,20367.028802686298
44043,16695.61447135892
44721,12629.115555840268
93975,16218.20465174111
84583,23778.211651222828
97438,16277.531060431063
77242,14013.83516911736
58420,38643.75195773068
15908,27497.875761709503
34741,16150.990606365394
12865,7788.780047034355
26423,9157.802086236745
79813,18230.117258443177
77031,11244.896201439973
50466,10052.876429664702
88775,21546.348938097894
46244,33166.35108786391
76706,8768.446215757847
47558,13487.214236284779
56813,29318.273026308423
92368,28916.457119587234
92729,17986.316794281203
10800,19143.659759849346
21586,8987.431404801117
53362,13556.745224293709
19605,30420.890890589348
21101,11972.170965906564
11742,42404.4823871118
67889,18587.88742062245
65756,8640.43032867675
60130,9683.918223439701
45416,14883.711548503037
27800,18731.895912717606
49421,26184.167003501316
66602,17200.087779401114
30144,15463.034148865961
80243,10633.524737275566
48196,15745.646307651716
91180,10013.378397980927
77296,16432.823323592434
71284,20211.298572082327
31169,7633.579672140559
76784,11350.290400502123
58338,8032.20643823976
79120,17074.362781240277
82488,17904.671103090543
19886,29325.468252325176
58546,6747.625605404852
71752,32192.158630939146
74906,22713.004256585536
17328,11692.146391428738
56172,16635.319342550956
26997,12481.18298075031
47840,18639.873180566854
91742,20840.21059469634
88607,10805.886347722182
88558,24007.12427293684
47119,12561.638468164881
18210,14141.611910998654
40658,30960.875183145923
93317,8501.851682414708
95293,23362.71389218538
84570,20034.262916026586
65289,25718.47651684526
80699,17294.493468578028
72479,10498.146775283321
55272,16053.98524826419
75702,9546.54581023609
45012,8125.489347215067
89510,21262.620738717957
49590,15812.040060298836
55075,10814.384601648399
43271,16837.585189337533
38804,27151.057638396378
11344,19607.665843142382
72922,12704.525254524571
14258,26381.306150076824
96202,12632.318140946554
26320,20920.136239856227
85163,11922.720859111727
15779,40811.29230714255
44672,11778.417039493357
30301,6666.4332750237645
90949,9428.176126592514
98276,13158.982733974743
71833,13021.019223461308
86196,17403.858545687268
73481,13145.05456690591
52584,19246.306080278493
76323,6638.816652509369
34393,12041.99947783398
15217,11910.57567302097
83851,11591.299801825595
30273,10792.915291853842
83953,10016.607903104577
68056,10487.866393980667
34508,16281.328459248267
75005,15654.839815415296
65022,11431.983044090604
71290,13084.796717712465
69193,16359.041399720198
99607,9987.59771417619
15893,5946.4718000679695
76390,18223.207533483568
69776,19679.01269408701
12319,26050.65227631251
63512,6534.624435090169
60250,7468.663847340988
91575,34699.28132986263
55702,14350.7662114865
95690,8411.710672122626
35494,9394.429910092545
18787,16331.5401933021
53541,16939.095754622056
97628,7580.651322277759
74653,8161.196233682644
29983,31614.414887134364
73759,15436.099137684818
97383,10381.969348072884
77873,10765.05172355015
78861,18254.148452068697
31657,12927.759972381984
37942,16407.17039268538
29617,21302.709338535777
88901,4700.31774011981
54223,11589.59011657878
98932,11437.247843448953
96316,10111.072661449332
86021,8788.762276692212
68883,10011.973465663657
40943,21650.422460998816
94792,14482.867929189833
62379,19927.759527716225
32940,18650.02498753898
20177,22263.391709893716
72567,8813.523995738617
47370,13090.54974999486
92271,14909.636166778591
61434,7846.749617654723
82936,9107.826950667872
87014,9698.749931771901
71431,7561.54251030012
12848,22729.947453436813
21421,20878.62844819296
40356,15635.162743676183
61801,5357.285570123227
62567,18217.720466527797
35375,16753.35330086567
97742,11767.252318475937
71250,20513.558287070737
25936,19303.872705387515
47925,25790.129631726064
77698,12379.09149967373
98345,13105.195218919716
32822,9407.781343347393
53274,16731.195566388265
24258,9197.61420413556
37964,20397.659214825973
94375,9031.816665972294
70836,16058.574517695899
98625,11704.176265158963
24351,22417.52188431817
10487,5635.280572500238
12039,14991.091137168969
14484,4377.148978626605
15176,7012.944469336431
10836,25336.91000742832
65616,8871.709949673017
95309,20565.55719132297
22466,6722.679885007585
33844,21663.187574082258
64435,8868.90103848989
28845,34736.480590378706
33393,18700.421751383816
44596,28350.978783861574
71421,12391.253915410183
96916,14989.025311849946
67026,7908.0206024652925
91404,24305.30089931932
60963,14699.490994049602
34460,10956.081885026779
84554,12058.60036405805
31633,7440.6863771766675
88750,8846.13557310159
25886,8574.119593526959
21517,12586.079031399395
47078,27942.337739210445
69380,57531.687030519926
77008,10612.078050392067
88655,17616.366213458998
64851,12291.38746489416
74037,19757.1959566636
13832,18047.658360920403
51920,16455.80256074126
56876,12589.971891280538
35916,7475.472107448624
89049,49140.995459805185
66197,17329.17567956419
62026,5908.746766475993
31361,6838.350009065545
38283,13157.461982866926
67228,9363.628444595082
98110,28957.067155491557
29359,14975.28137200424
33464,14723.036062483601
99844,12498.349671972046
37393,8992.811089995404
48544,7757.563608730561
21752,16464.881649044142
24625,13762.084296697969
24775,5660.355393242522
89966,20534.1360439943
75568,18875.753767654554
10803,23386.63258986592
57067,10311.474945286018
55154,10144.858153202747
61329,20711.2830379522
15091,16209.104917072573
51630,15994.921897164715
43103,14095.503379097736
65240,9695.602347788477
47290,20849.318184920423
62629,6034.535663693061
95295,10032.814234100242
61424,14369.300033897955
58086,12446.96954448221
13818,7840.995386203662
44973,9647.786327944124
31115,27940.078177442098
51087,55731.97757337959
61615,21087.661888504932
40003,6042.759824381234
68622,13854.093798805052
38898,14572.044918760355
33162,17238.12168365379
24272,9737.436140551688
50506,38394.2498991631
23852,8319.857545573188
33744,13059.775831162626
74518,24933.740351197448
54850,12624.37519441434
73459,29208.24454658972
68202,15808.404112761835
18636,8510.399586898702
93706,16535.26493719162
11812,6837.488000436959
82010,7976.407076481817
55937,20199.568670157063
80501,19551.319962028843
69867,18492.065903939532
71772,16430.152917133284
57909,10715.646340150302
56168,10640.797419588835
93065,16196.256747855115
34023,11192.084988269948
23511,10852.099473639555
54150,6217.473652394456
77705,7633.579672140559
90084,19148.479109145606
11910,8775.36718644061
64833,22329.478062897055
77496,1874.539852478185
39418,8652.343079747252
65364,14308.03921945785
75435,15943.371532237354
86347,9611.9838910055
69940,13869.341182724456
37840,32323.65390898296
92860,12711.22466628109
57200,48004.12322310297
11603,11245.938057146719
30724,10202.200581516405
99360,6560.393505009597
72796,21158.59343547142
70650,28622.434270272122
59195,14553.173344199646
37129,11779.91514055863
25042,9568.062753765644
89651,7504.000331682595
49494,9619.916085770645
98421,15266.854395300881
15849,8667.290139610242
63062,8224.652324807472
96162,6779.475038238301
29051,17087.378484738445
41751,48270.69078872552
92841,20277.573719886488
86044,13346.828374393459
73796,15594.729640203486
76446,8782.215991612371
90959,20889.000462409876
84434,9549.40588570922
29651,12201.184594990234
15314,28036.578504867637
13471,11443.736023739355
99899,17740.643439969564
94747,8264.994238671545
77721,11689.668804901172
74246,6086.891740922727
91986,11391.02349677842
87118,10116.812555971534
10168,31024.15189459898
27748,20329.616097164755
86963,21721.7969046582
42418,21009.995305916796
31057,17639.35818339184
50670,8447.9496855473
43087,14712.347278129168
78337,18349.48876964354
80224,23087.655189307683
13472,34037.45220955221
27436,8594.895468388919
30160,6211.247837167732
14344,18730.515068462697
97377,7198.033041356386
34407,16028.811868541912
93232,22410.07273114813
62018,21451.390021303923
39387,18467.46100246951
73579,9682.912268149212
26499,6469.580626288845
88525,16996.894688997167
44976,7280.5253046976995
45440,19683.22194621596
73358,21441.245592334482
38921,11815.51482197045
69348,15625.891304466484
83277,26060.189473145838
61300,10594.349718723752
10898,5230.259694488315
38895,14467.710942374144
67582,16181.552158316486
27540,17199.155917710188
96184,16480.323444092963
89534,10405.900326241783
26619,7590.615310867608
34277,16245.769324861463
31133,17070.670612686114
44345,14455.14387235065
84658,19752.684230421997
29058,11994.859892665649
31952,29061.678291361837
75817,20610.777518078856
95806,12949.84821411398
72914,11124.382739933762
49816,26142.061497004295
51080,26132.33312662303
61949,28935.995321957802
69995,13251.056340316849
46049,17554.76179670473
45958,19994.54649155565
54708,28080.230156005895
72564,12038.448962347218
18848,7904.963062740075
80377,9028.94357849158
64639,26889.141919370915
87332,13740.600982833983
29138,11018.250778691923
97749,26910.634773878915
78628,9347.88414170283
58605,11471.705155353258
27278,12792.438704193406
89572,2590.0936161606514
41098,13664.603479950332
63789,14876.534143747289
46075,10208.771006824834
14445,29794.711751635637
46762,18007.69622053022
27132,12166.93450688511
77525,8921.589066628723
54073,22185.930577238185
80886,16267.897328116174
43773,9207.387893411556
94288,13727.317268616505
69792,20436.130730395296
69336,9455.707704088385
37285,10445.455085817634
42185,7884.131512666443
79192,12416.280986486385
11437,12974.754826986316
82311,5293.632420808875
26770,9815.095745904195
36192,11151.480643695424
59770,17071.351139268816
99282,9774.775385885461
29143,13897.094333447976
69338,22700.831430246886
32083,17757.10071130837
92566,21315.252958853758
48607,13993.976956371018
20784,21039.41312575264
66748,5702.668788748011
16045,25649.78389820952
61016,12393.580887913737
58821,22733.59138575126
67303,29482.933836790522
36620,27229.3014369693
19959,6484.409185192795
77318,15588.041359431618
34399,6889.399380244919
20011,10296.512969438038
52980,10636.748744418888
32055,44046.47687148581
74708,22584.107328418715
67831,13384.3168250932
93787,8928.423922273274
74563,12751.458604932373
43248,9564.995984088853
78838,9700.448531934311
65433,13017.63369161756
80490,18794.510435294185
28849,16655.482050564813
45978,26941.761819418156
90071,13905.65547190444
36294,6198.194135127782
29835,24219.655290970983
57615,10919.334115115296
88681,3333.345034175265
85206,11138.85768156367
67034,19364.545661390544
66443,36433.65417706067
58436,14355.065762297148
65354,10248.549449193228
51101,26388.926957847536
71283,19359.697519576504
47373,10318.038086741097
17382,24380.274926841787
89549,21455.79593278293
55222,6716.7045086216185
79459,17180.54686884632
74679,34841.73625967048
25523,19275.32665500969
72481,11258.375094611776
23842,10861.636939656735
75563,16553.410498609122
34679,10957.933174943926
60839,21446.92052211628
21567,19520.05493899983
18595,25839.08695300606
65518,19018.101052078346
45707,9556.743559876424
14429,55193.61658801372
42191,33361.15925866962
62721,19514.825268908804
13087,8935.172565982146
34253,12541.121297781794
37908,32786.394284763766
69132,13050.359985492465
62120,17317.929374530475
71967,11474.085878040543
16435,4598.000024048604
44708,10206.551956776722
96864,8658.224599632767
30385,25428.938698695478
51531,27630.85877584628
72176,36255.1560448151
75016,3993.0910099455887
98281,9128.451356600468
63130,9401.127453780431
77817,20569.25423353261
26197,16880.26905275063
58431,9945.436294799598
48165,8404.869548458697
58734,11296.828104716025
70376,22863.087565237514
92892,15335.95593363019
96983,12288.692797575291
75463,10883.934876228308
47747,50691.90256567081
59653,17946.389236346942
45759,14317.642908111065
49514,9919.597746199215
34500,9937.502847801527
30082,13056.882802647324
31489,28885.97631959951
23593,16016.682617953938
23123,16698.76029907388
96566,14001.379936503508
53196,17742.69927413884
64136,23724.442327229004
12782,13803.048061530331
95227,10414.854118537436
91276,30064.77628583186
29258,10331.456075374364
59109,23856.83046321201
90947,28407.111736245024
34193,16859.026960280564
54624,18844.605133632147
74268,11695.99519042925
87983,13789.873651663584
27357,12585.389153340311
35513,11819.97870137696
69857,6369.875645663549
14633,24777.668273999145
47124,10824.384132189882
95112,31518.9524443396
10056,8815.683005432504
70888,8836.743723002583
68213,12716.7081884185
36602,13405.346440004247
35256,10158.643778307041
83032,25657.18614965405
77819,14741.972846578989
82868,43612.74347678624
46807,12979.510332809328
80518,7803.583345758774
30890,10006.994035481679
61812,17062.151867053
95522,8748.902009115207
25862,6867.591620037725
92600,11075.701666939352
28016,11780.971538414635
41943,9369.43658513176
29004,16685.82554667808
24518,7893.940785400046
78626,7585.565259143948
78208,13296.303167644335
20327,21381.47097137568
67282,15531.635028569897
51652,24380.856748686772
67554,20240.366071231554
18561,19435.594639115327
66925,20487.857852514535
78346,14267.511243850631
70988,18750.39637843949
62330,15556.271063163893
59159,28124.631879139335
43262,37373.805815056214
36719,21613.72034661271
88019,25834.57918809384
71716,10764.162141602628
21446,8772.16068051528
64272,3143.651324789851
96654,14560.281954269458
85028,49611.32803153762
82953,15077.641111417486
50041,19261.283368383698
35984,6774.426269179861
80367,11084.258355341
64789,25185.498130931283
32043,126374.62047024105
95938,20552.429467426835
86674,7164.6151318658285
29498,11783.420138632546
47008,8839.373060027301
60584,22917.033529269218
63605,14579.936892722295
71620,37820.74319133116
25687,17092.797141470157
76540,10943.683914598645
99444,26808.150399473645
29021,23937.25716601763
59177,16222.479115636263
34625,9865.669874710713
24589,40302.00642614828
19198,10680.401314850938
89553,12949.53603977831
88494,3292.98441865062
16161,9317.025340199885
64155,6697.238053014022
39937,10592.089454813751
78435,4959.966903942559
71146,15377.783956423038
47530,28989.84300781865
34082,18650.12000889075
58036,7875.796433697178
17456,10222.171931963512
89112,7293.340270475004
58192,23661.11639049882
59270,2565.322190319299
68672,8502.666704886571
47350,21233.665500254967
98697,9951.815598045378
74614,11246.172716409354
34765,32390.04933779243
37827,21066.072306876336
98232,17189.884208659176
57972,8532.524634861093
67146,11097.101196071193
80268,16603.729675444556
26153,11504.0771086638
54626,14773.587443528955
58883,10264.557335298527
15126,18978.848918461037
66911,8555.92356973626
46671,17693.40697705271
81613,28141.426225693845
82954,28467.128301429664
15491,13199.833897984312
65049,19669.839610115647
67992,9929.85509161967
72179,13787.986747894352
91836,22827.920253266628
60969,14953.564160569515
10462,31636.95504916663
73722,25215.435682378768
27535,8641.716960483362
18438,29947.600320185942
38921,17993.59820708961
51786,9345.261030815522
29124,9144.067726332101
95355,7491.028829596167
44138,9421.126521440336
81043,15637.31066070273
35703,17085.452205779344
61437,17819.715490014514
17868,18851.406793653012
42159,26858.792416298158
80140,7871.350899718369
17567,10946.598130652967
20724,4905.377864985103
41168,22256.436751845315
50356,21216.37005140096
72763,6908.2884084931375
34244,11183.548470350495
68239,20907.06738778956
90674,14591.976035547825
17065,5030.598276086659
30036,4450.3844950435105
76502,12413.352907752727
17246,15908.201922848497
93821,10979.206639880258
94114,27474.191169126992
17742,10385.112125267933
38243,14940.947422827876
80789,21095.181144318587
33487,16997.698872728113
68313,16270.177135653317
56853,10542.873598634807
98819,14899.928355076916
21791,29478.791169021482
63699,7891.3246896916135
65898,9889.590310431638
62751,12037.946777923804
76814,19780.589839958513
50612,17049.44388764356
39591,7934.4471178616095
60652,8430.200595734428
54500,14031.892709719807
48590,17829.115904301638
27330,21834.544731485446
40873,8160.569232615428
60805,9823.630690461374
63358,52582.16019666368
99552,11406.36101357765
95487,20961.07514325492
15280,10752.338215718028
47534,6468.805731793163
90463,30216.086094412727
25611,9846.496532613028
12005,10602.423651546602
84331,11751.002081892588
98171,8156.060319130793
49340,16702.44256649703
33259,19795.3649934295
65026,5788.9305734360405
10855,11728.836716232587
61552,11584.290591873387
65574,21083.047901433805
26981,15177.898706016485
53002,15954.64750643375
26476,14609.505396656807
19311,6006.849761366495
45059,10698.708803309473
23615,12191.374961094732
69647,5394.00161916379
10272,8817.695327991205
74244,22073.64434457304
88991,9106.92697878808
33783,11348.670848597325
32331,16607.049092132682
61803,11552.243440637065
95652,6817.437076529814
93988,19984.173324134485
52945,26972.785770373346
22159,8032.463638480811
12693,9771.767156075744
44560,24412.156250033993
42831,7841.374833299631
22566,24806.010639382705
94859,13112.13541733209
10367,28557.710932530317
11990,19233.86169605006
94085,7277.035870165495
34346,10604.335569603518
74366,10304.584738149737
14792,8344.101115164203
90164,13400.21517002604
52257,11491.834471973112
99850,11228.375376990842
13044,6823.692111915665
80525,18657.026274382122
91590,10171.30894777548
97510,13842.20915339206
27967,8622.292932362412
65244,9683.350459970643
32852,9232.338287285951
43272,31353.565173991636
33187,8834.253539732494
19003,49195.875497137764
44269,18363.666472602017
54741,7618.091305365433
78372,29945.286296168004
69909,9480.638062304937
89050,16439.58114750964
80417,6535.276425131713
31001,43299.03968697096
71618,17114.20847024321
86549,6592.689085058219
22119,14598.623883763474
35389,37995.87698707824
93753,28053.484182591586
68380,23879.511489860066
54211,5501.798255381691
49811,3036.9362047702325
28420,21975.31872436603
85528,18800.310347972525
98704,23220.716106328746
24167,17004.89583904197
21866,7148.672379392554
72608,15635.889963878726
65244,8582.883754792538
63414,12335.411097470074
92969,8223.335198117447
91926,15272.340856678657
11924,31116.4932771502
15659,10915.61094884514
56863,13287.491492249328
88805,10993.896177636787
30592,18608.535033405173
23307,30975.78739561612
26745,24378.03445168777
49641,16499.504677350054
84164,4638.532337443419
68749,13345.338416578365
98044,52807.5144458183
12648,12819.418264964575
69190,7513.111863636688
51878,8987.043190227716
52266,14782.691048772227
22288,14930.305974934223
10896,15455.80076950213
81026,6807.482719014195
64959,23566.951381680214
58649,16702.490389794453
68938,11296.271728018033
54015,12157.256313874197
79096,10741.10058947142
10355,11028.156409666732
71359,13675.516943156625
57542,29323.470603202768
91678,45965.56044620939
70018,16790.44270127272
55372,29811.3787610567
67154,4805.3859106496
12799,19120.537483187945
92167,9716.989099615992
90014,18693.306993517846
56366,20315.588427500617
79911,47465.494066843145
83278,11436.707531402617
77456,7005.068938884542
30792,31123.393558423682
82860,10625.702617873656
24290,9549.40588570922
82108,11458.85509345095
91205,20032.633522976193
37146,15655.301379081362
68068,14255.072382264932
11472,20241.065947565403
67593,13379.662712006048
76339,14804.022061938813
79576,13991.705104048226
58667,17232.123340023936
19132,6158.6610926008325
47035,7718.081368549791
53794,21801.307056647653
36912,10306.448948634108
44884,16885.404822242246
42634,28618.61320162203
26387,25113.851190139874
20997,22854.3237668888
12440,7130.3387150545495
46178,45575.79852136208
29716,9136.278368356105
97709,15798.472767310248
91719,7158.374704410629
62257,19010.537474379063
62384,10817.99025676795
30098,20408.401874095664
73907,9508.015790788602
63521,74694.17138465602
88463,12618.790308522552
14762,18251.781669652013
63356,14364.274016729936
59937,7832.701857615124
83558,19522.613577533048
18444,34088.22214546213
25475,14591.776897337695
84955,11341.79895662643
17027,12276.918253102598
27458,22225.389306033172
90783,12966.287050691275
20529,36491.351429313916
46042,17096.34152529792
19349,11270.742860358088
64813,42602.50007322426
53193,6130.745171069826
25574,7802.807680317463
92059,26449.4445049188
40895,16713.319236382562
60849,10032.557554012761
38996,20496.358893801975
97830,10193.759365251723
62186,20683.934820397742
68244,10085.647600010136
24965,18644.962544045226
34437,9282.57921855293
36713,22233.132869448404
85861,8860.65841625581
69159,12534.405649605782
97091,14531.574214500733
38432,19952.226699760493
37557,10932.305314985668
47227,18512.533163546268
44055,26309.489877699943
31726,8182.855136310702
67295,19478.944863718563
96486,19415.62443431528
32100,13747.691787657432
38275,17855.282658088265
64450,8425.719625208907
88120,17578.196298808554
67958,9614.528870001739
85123,9031.901350668919
11553,9452.984899597488
68715,34957.97839432431
15839,16967.247970948923
95718,26574.55963864913
52387,24686.65740555068
92332,20551.73595924974
41152,21473.975710656483
62733,20410.655678670275
76206,19956.993265871144
61401,28818.711868461134
66407,19182.671142411305
99927,28170.205994906926
68120,18183.672619681925
81770,26318.648049432995
18419,8422.471121013938
33767,13818.727653674297
53231,13706.492582241764
14770,20305.283749696802
19499,10925.277233139186
54803,19387.523451345296
96611,9238.795324565817
69846,14809.245839031286
84481,12487.60824636183
68465,10759.366637529696
75417,19521.54537504182
80305,6709.1990099726445
56398,8427.407057326012
35814,10311.71347205947
13338,17326.466773320182
67159,20144.444065824726
42969,11710.274124597103
55476,31490.084049477744
55176,16609.98089195244
30500,28061.40692436912
32829,27049.787674725514
85262,14302.309419701109
93558,14168.643513044972
93144,9840.838857575774
81792,12059.127140529768
98306,10733.7842779508
34383,19718.451250337774
12727,16608.255481060653
26040,24067.22438642331
59446,11765.863369849601
83961,12778.261363403497
88018,13107.946122743157
61998,4783.8490364387
23563,19060.71455723429
58553,14746.936417867295
54584,15757.008596717107
82256,19593.446048933092
65814,6259.813289942023
25885,7523.951978735104
48512,12463.9936437989
80184,20700.351516949417
10059,18613.984411743524
20922,10552.443156766985
79800,8013.091000640741
94223,14614.51186945869
61832,16704.162794961885
50386,13923.726113080542
76454,17587.176155293684
29542,16396.82566037687
45638,15938.62769096194
64763,9945.091338665186
59192,10863.152303509414
24699,40446.19539511143
64134,10044.018130485903
81944,19137.90740514473
64797,10304.815811710156
69678,8973.9669199821
90682,11214.182911739277
51771,1653.8210007850903
80309,12103.907343353592
98818,3477.9137506205716
51914,20135.76537855854
20138,5644.116830257621
37062,9345.18870730782
87221,12840.743363152313
20556,15889.018750115954
93578,9730.439670610333
84453,21228.433100238246
24626,15023.695848421597
56017,18503.245027449397
74874,15846.472375213947
56338,16033.901329879227
63747,11527.220200124877
37040,17498.986213877502
51701,8839.617217355848
20564,47116.648410935886
69386,20278.42725516941
36849,8382.376141775661
27228,16670.795375964208
50434,16488.43241324473
20059,14274.111880090892
17455,12052.048598422025
10843,8511.124819751702
25350,8066.940669381056
13508,5218.719969680926
82107,37566.77794551864
60667,11139.103722913766
24313,9834.334439507322
14976,10223.870716802605
86619,22489.17929817985
97809,12402.12392375042
29946,14149.913841552247
54817,19093.781836387272
80377,9737.386221582243
47330,18367.439117545506
92261,14943.996717990305
77679,7391.947983698941
68736,12086.158505321408
15623,11760.003742285131
10292,13407.828447584314
17852,30899.358094557552
74065,30954.0577707904
24611,12707.939198444094
90857,51592.80136226316
68266,43215.066615989344
37162,7295.812151496453
47361,8161.196233682644
40930,11488.501529329278
90727,16617.74383643912
95590,36097.04677843356
82600,17845.14627761321
41499,15790.52117750317
67277,28409.804332880012
58698,22290.34879809221
11085,19789.794152074344
54312,16306.260008373312
68085,24012.886219736414
47184,6948.125011222428
93089,12163.544076887896
58333,32609.149397939866
65325,24164.806241607257
54282,11690.565859619117
97175,8169.785242364576
95976,5986.17207787569
32026,38297.726117090075
72915,9463.55188248484
79503,30541.481027045797
38024,10877.030471295784
15775,8051.871323833844
62909,6886.434405589633
72769,20152.47192753031
44525,6817.263654331362
57486,13687.364109482045
77321,29347.589260673973
94808,18099.846986921562
18703,21332.52760694109
44904,24411.406991391457
78968,19555.685927372433
35962,16667.49718822527
30505,11882.705376549555
45693,14793.019081225399
57435,15997.00429889637
81977,17492.78177231913
87912,11861.891187075533
17530,12899.53280090215
85129,17334.259022050413
61951,28149.821113987018
20807,21164.329004859163
88185,48960.638963155514
89618,20692.02180386141
60542,18098.299108147985
81255,16580.20562879831
85212,9687.19100194651
13665,17914.128109620775
93835,11840.887314077301
31546,18425.878434828253
22401,11172.71996729351
73097,4158.9312871274105
63541,23779.416325928873
33768,7474.809734492539
44205,14271.914068986964
53318,9410.63284501428
11294,11979.536120309127
41297,7688.336290153446
51888,10077.107099522515
58304,10342.220085400708
92593,42396.923205199535
37009,12579.242158860103
84688,11911.471025975872
78296,42527.37095536814
68318,13182.555301692048
24619,18010.07908052605
77746,7418.85861772805
40996,3765.7632834031847
47413,43702.93985966686
38968,33561.68516332416
74022,4660.709830123729
99300,13873.405169159974
89704,6331.743515487915
71600,17588.890762238436
97607,11837.008683447893
79851,11360.91817477177
53037,20461.626405527004
60259,18266.108701163856
87096,11152.057044307076
46952,18741.659532562506
52584,25638.029260171847
61706,19534.79752914871
81270,19755.219388811063
94359,6701.833671660104
37805,17345.291418065
42321,15039.765934961606
25572,19831.0294761286
52575,19477.85701117667
45176,12612.092880124652
19809,9261.298475533964
60903,14544.277428722755
14023,7955.921175505833
79871,17786.521355556488
77202,11557.387729183334
35415,15019.888398832587
60496,18253.704728968267
67871,29821.434318117033
88644,11535.245431256166
34414,20449.355554068447
48502,9773.348239682047
86641,11272.634274445074
56029,17401.458740850212
15847,17988.29705192144
84403,10816.256251347448
23024,9607.518228576911
98539,16699.547971220152
24216,49759.427062796094
56957,30948.51506447104
87955,20048.64054255891
59180,15333.418720406182
27137,10018.2136349412
73856,38061.360027787596
14532,9897.798855360863
50142,15630.318222129117
48436,11957.402382614082
40929,7777.236059376632
53013,7136.071381669319
13965,42595.61009357718
33287,17074.323669716898
79327,9999.412451123644
77832,6446.31259749409
15987,28690.042467017593
54354,8693.890409148305
87943,16218.987918971883
10478,11431.572186434973
74102,24348.97429668435
75438,19141.285774464955
71639,23837.801510139074
32819,22677.39907795426
20403,8062.172107745946
52868,8170.281373836611
65927,6716.709288101209
32880,8240.443030519344
95024,13179.532498854394
52397,9283.775185475259
50885,18543.073666937984
65555,25544.367738791636
97776,13650.818020488648
29822,13854.598533500364
46569,6741.274542563337
23125,6949.359511053459
25139,10292.299800342229
85251,11570.184707152664
55037,12115.467019240972
45251,21834.544731485446
27986,18831.729046550816
90458,36856.660704727576
37805,49391.75777124749
27085,8590.86054510126
19412,30109.87911778468
62714,11222.527032849359
15163,10216.0790471706
29525,16638.678503201787
76005,4957.298389558469
97582,15904.345325853757
21411,14128.080522864751
61949,8139.926678321792
63706,7614.822307787879
84836,12926.772596023584
93376,16797.568299632672
49090,38551.264070681784
79629,12897.231664532
80471,19424.124480271585
53507,22453.07326977267
24418,16657.96506377599
49151,19093.134733890434
12403,8230.091180064252
79947,10342.129657157328
57135,22726.156135940513
28127,29091.671277864923
53025,18213.612606756036
47832,32745.803321300482
66544,11624.233168367078
45645,22164.204457909756
70752,9249.478822058369
80341,17302.09629735953
49586,21562.171953246456
85072,10340.334643439954
89137,12380.671580125423
73345,20290.02684730121
93304,13261.74680978687
82785,17178.141813790782
87647,20505.906971683446
60107,11222.527032849359
84918,8909.440885297736
81752,6686.128952961308
88186,18442.266276165217
98909,22779.308498289225
14463,16433.341789176626
18730,14477.02272352203
69596,12286.618953042638
17105,10819.075785507599
27309,66145.85164911955
13916,5676.774485651378
22304,6878.893985604873
45183,16059.756388977086
13968,8922.21362662247
62817,15837.836313302445
23166,4774.9846406024535
61954,29926.734401332687
98092,18553.0684761582
33968,15535.118608405417
58227,25443.120423891563
21496,12361.450786887941
78702,21753.192591125076
19139,18490.05365447181
27281,12079.419865659183
93181,12559.975615910385
76358,23376.623412765308
11356,33683.95542354653
58345,30566.457231223583
42065,7943.777047315369
88023,9042.106047671194
82115,46484.203220271054
42596,35547.89493905047
53752,6441.599791348963
11076,10816.256251347448
88065,10184.682067454036
70811,16409.247724697514
63342,11075.701666939352
60523,23768.376915573957
25905,24576.545745337822
66635,8007.700810150951
18340,66382.8244719946
21544,3355.439275519755
23406,12430.809993763985
51597,6439.062704627117
47257,18473.815085976363
93159,16984.10776388382
69969,27843.308755928425
52852,10006.81641907175
84817,16080.702877277829
21699,27985.89522534205
48879,21517.967601457993
76098,15031.14014718618
67101,12567.690856130745
34039,11505.478097523923
46245,8648.146220478448
55820,30689.49523362307
41676,15968.911996671419
55699,21018.990174680966
31290,11293.626254530373
55389,29075.466325813115
79386,15212.667047853936
40788,22991.276984781198
60268,15121.141722528924
35712,15618.888188844918
96626,18750.632424235886
18773,10959.615756035495
36138,1167.024286460175
59840,19423.379478400493
39837,44452.57649214435
51638,15168.944999219611
61878,12580.903162632592
25668,33009.478796828545
60098,5777.299667932133
48629,18921.928434086818
93542,22408.584358524575
40287,10135.925842600052
33943,18735.11361985863
59224,24256.355185866796
37702,14533.898811607234
20145,30023.36940658382
90481,22498.255522518935
86387,27616.89242232516
80092,42171.63550715163
59856,13766.955304253443
97254,8710.239847367047
20289,34491.759583838306
90385,19535.04780011461
68039,17181.02757974952
54958,10123.499888329388
15082,10114.83163787239
34385,31671.02667957222
54229,11640.453627766765
79943,21804.27760050063
37883,11158.42314215938
78972,21464.446325845653
25153,27796.238544535518
58056,17008.05550815494
92952,13173.428054211585
56603,12152.074820055212
98902,19638.208159197995
62965,26371.25278203324
18098,20629.596619862154
77704,28755.483234387175
74634,8009.893444747599
22138,36135.686688382586
42502,8153.794444998553
98971,19842.28317751608
98046,10449.42680163034
54240,25867.88279907493
73402,11796.275200584287
13383,22700.44140452103
90963,14326.046064480764
63808,22038.795613706985
89547,11300.136976495422
60395,18230.31703435657
42466,15253.073762990578
60495,11768.685496726219
62912,15236.661939441667
81447,29749.11799155145
31799,20861.230071159935
62668,15446.589682429876
67330,13379.364477450026
82421,7691.542317728023
69207,11223.53387312538
57505,18553.63971748555
46172,7366.029054001323
13333,15021.1558738516
88867,10555.443555762766
25568,10776.805608623388
70883,9219.3248133196
36481,9736.766934488074
87631,13318.881546872204
51397,12132.457369664255
52332,12594.244266616353
52380,11310.340453556775
66947,8487.302237090376
25550,27344.00935993145
16621,10185.665690966889
29766,10963.864964210765
42624,5047.277320389108
10264,12022.550894457621
17171,24986.326419616922
87335,47561.77801997446
62694,10809.029768814285
43337,25805.881821650953
55851,12662.889174146072
76810,14648.325215136005
79493,13157.055658476465
55368,5977.228668539166
33796,10000.37929597948
11407,12082.239517232694
39145,7550.976795157265
15557,6196.8912298161085
95285,10732.527009280726
55508,4195.156359595127
57292,31537.624588034952
91400,18851.55852387168
40351,22191.653535463432
60162,3347.310005050349
36446,11768.969482840446
79515,9384.892020586096
57701,58491.85551087905
33862,24517.827118560468
24738,9694.262543327546
78429,17063.913758928156
16717,10479.85415648545
99771,16559.64192513032
28870,22706.922971774344
79576,4647.153831206078
47071,11584.290591873387
67044,21459.878454263802
89838,22354.42752050394
38037,26043.79199101815
84001,11862.075190105923
96698,20694.505263633284
74801,10548.531221234887
22062,20422.46721552193
60932,6341.76089882405
19349,16320.452407475945
44258,19291.603083841266
43280,10157.196901124253
38254,22828.868207313222
17689,31588.47416034768
40260,10095.19489846582
76156,17328.087633993975
22261,7443.616217245195
77061,36736.09135208108
78809,11443.401284362295
30641,11736.303025543202
40778,13280.124659468253
47420,32230.82081694116
52501,13918.855430586153
21291,13106.544433710847
62533,19512.097223300032
60422,18738.045420590028
56568,10414.28497809185
52164,17758.57614167061
43507,11124.253221342493
78131,10793.641643465575
55271,17001.16595395315
26187,17807.432126974116
26473,7448.094861415633
48516,8022.312012220906
81079,25159.341357742993
27483,15178.905213780065
15793,6334.292583431816
40080,11033.776487808424
44642,41805.62283515572
32117,12010.5505539968
94863,24177.97295273842
52971,17169.847938187602
43398,12425.517111961974
93534,15092.426759148411
30301,43302.84459424473
92780,34476.622442256725
43093,11532.383002941082
51043,18010.20390393493
20500,14966.57251141822
44625,11948.918229872092
74523,5039.064504279066
77781,27883.889959317534
90981,19631.25619163378
68812,46494.74284620223
12667,11232.90089541575
14367,11242.651844957027
24279,10612.589914047152
35131,9300.481208025765
28077,6855.579986666853
63564,8456.231018505589
51459,8866.502631753698
70333,8385.031795476765
97214,38469.66694482001
21779,7718.692698439803
59693,10817.975027582424
62365,15655.433312826113
95547,9968.553998259606
30012,16833.60627784815
65978,29628.406466053886
32225,27562.21267923801
54034,16409.320760142353
34540,25489.55481576547
75173,6145.125298084058
95861,10280.136068011083
47357,19933.36973586025
75968,12845.64376252636
81142,30413.823055664805
85167,12627.612628627465
25579,15575.560908956233
77685,11494.667691161107
65809,11820.637648560984
65696,7314.439473552167
27755,26785.102155466368
38085,15206.36678260303
98804,14102.703343604115
85137,9963.22634221744
81518,22357.20630480787
48360,4153.310465549956
68076,5414.564076684746
95659,12682.944694952821
77736,6650.524904136395
97088,9724.657162332094
63616,7005.068938884542
48917,17183.67123076818
91390,12927.382262164421
15741,21278.963250767247
91963,12278.026703802007
37688,12500.915780342866
55866,14943.029192095673
22111,14703.174238192492
12565,7391.712387499958
70951,11879.798820464894
12129,9754.41169605366
14673,14563.278424298478
69265,12829.923602818466
96851,23559.17402307469
33247,29187.44919147312
15043,8590.214384070843
66480,12317.127900706322
26960,9531.159252866946
73059,16793.52917307299
24081,18381.70116892889
26574,16807.492812979566
95469,4731.168938604746
65752,15232.031342102284
79849,29681.331665805832
57207,8915.656723697088
79874,31118.223452872357
29991,21837.122174915097
93424,13518.172616862394
60247,21351.998483404757
62517,18244.234006400446
84740,34302.8148676509
82247,16704.10757407205
76450,10328.590976219677
84296,9171.612858384657
51975,11628.937738470453
84557,23684.85202948802
30371,15370.904219059745
10948,14014.896026094719
63402,10301.593365140963
25353,15955.890374299755
38332,10056.183777313598
30102,13712.430004500078
92239,19376.546148311503
66811,28663.316378877833
59871,14284.402721159811
86781,7455.49902902227
56524,14809.155760525178
18374,18231.111899602325
36636,9010.73198513667
30289,13212.616822926246
38691,13056.276451717562
93934,8944.20726713689
95920,8051.871323833844
53597,59517.90543930595
35167,13979.186367496117
33322,9904.239575755664
43336,24915.268280946802
86914,44610.00670481812
68221,15042.945926924654
24216,8117.01197578535
64884,31022.42588312336
96756,11382.093639777555
30000,6464.382925062349
69671,19775.86512135556
18859,26927.74403501426
59849,12108.775019185001
93012,29436.005465860922
58716,13417.516855954833
67845,21275.618135205958
53750,34654.96206235004
19706,12699.21455635841
71524,11639.324062339721
27521,15400.98233811157
45912,7175.284359899591
77725,9912.236380003756
81635,16626.231729419465
16032,23792.270465999485
29760,29938.520675260814
39648,18347.757890199897
13796,14289.072946204302
67670,13380.90658056166
48137,15229.046563134792
85696,26476.787045847894
42357,11117.407230884291
13624,14355.493506512032
72146,21237.330009529534
30713,27091.42213602158
48245,13954.144317044023
24183,20516.258244809065
10376,57191.89903961737
72271,51488.55884884989
42409,31589.270446155308
93606,11279.373409175962
28506,7682.145798511519
97275,8641.79758352851
79369,13038.4156721425
45990,14605.500836936773
64794,10291.335895917551
77141,14780.791803746195
72159,19628.916992770595
26284,28585.62284620511
50684,59798.57712717224
81691,9685.859344506765
63471,12249.988705306376
54328,10933.15601881221
17405,15932.466070633542
77205,6632.880548007888
84536,4174.72419711652
95550,12463.699755908936
72533,35549.968416560354
24719,11867.914564696082
20531,9249.478822058369
79252,11062.8804835759
12822,27796.123312750744
17393,3917.4812660478437
62570,26917.63378299096
89689,15832.054081911356
88973,7833.4026986653735
39289,9170.027190679839
87228,19125.357687961805
35444,12966.559771655782
81550,28572.579765806815
28725,12557.85242452857
41405,8780.059359617639
85448,7133.389600307415
52373,11481.364874709532
82112,11069.967385312379
53337,29336.58422067234
38532,12130.52333730871
21780,9787.322132879937
52651,19347.928483406922
29912,20897.258166579435
30761,20620.10941208791
34904,20321.507275970012
54393,10785.546529482352
88813,7353.398848580953
35936,8821.257744339306
34758,10290.540158178217
63300,20970.34895581626
41601,39166.404885509764
50691,43382.445275621256
94254,25650.698749821953
75105,8688.662239273372
98096,13660.285842182826
58237,9787.322132879937
66774,19841.830798846026
86441,37214.01664152548
85648,19466.255289373665
74547,15531.635028569897
73390,26509.29803070829
61351,6294.342164492764
53501,13806.625268189662
48356,13868.410513588711
50787,9933.657353091436
25066,7639.293038170636
76406,3028.850694466626
74530,19104.65123143156
34869,20656.848123836196
85714,10669.50909002486
84899,8137.008495185371
29516,6034.267929236614
43089,5225.817950056775
75026,9724.671793054225
57081,16370.698693584767
81968,8949.495692042688
21764,6136.721563689096
12433,10958.031508410455
14996,7342.34628643257
84704,17518.395813794454
77523,10673.783438645132
26799,19724.785644784082
25427,9564.478105154365
20754,10221.582050924015
32627,9397.610511073086
46557,9715.230976404975
21696,11567.234914819044
76740,23978.250463613713
98435,33693.149212134624
37312,18358.87004090271
89439,23882.91649143279
36923,10130.439329754427
28380,27446.46409915852
20036,24893.11097707759
36568,26472.650176467825
64807,9004.67633403688
91453,8543.63274373153
93060,20771.859410267945
59567,11970.827062373584
41595,6287.524579885998
32997,8399.39034052725
75280,9009.308765576905
23160,10511.05297736463
21771,11612.750826705658
28262,5594.02563105724
15990,15488.315728896203
78668,36056.09265601117
21639,12455.823077802517
81510,13883.70136322244
30668,7592.551872272044
85050,15347.003647917247
34094,9170.146534290037
98715,10366.485041694186
15416,16850.650239728155
87292,20816.515012170115
70595,26757.812560056118
17009,14193.102603587558
92298,17031.01134525842
85834,8693.890409148305
95066,12595.648832286808
95075,9736.766934488074
68796,8715.419769752776
18918,20837.810508049137
36124,6462.767264530155
82197,12742.437924280992
26582,12572.792864376126
85451,9016.319470032657
63156,34893.5504515159
49633,12950.085783554983
84625,7983.8456693491935
86641,13386.972791876673
32836,11004.963158996256
48160,9204.28175619378
68280,8541.156836638744
52647,10763.778419372036
57774,5577.026892634241
73151,8493.277835845161
96816,9874.90129953681
89516,7581.087206569442
76146,9720.58385966647
43269,12535.5586168749
89174,9889.902903217668
16686,23253.905125031743
49875,18937.380548500376
75942,21587.029442123567
26639,28534.61407004594
72727,7232.302038082325
28775,22462.31128856271
14328,25443.664740711658
54978,12511.087140223888
22836,30498.574127207652
53866,6667.90337452299
83487,9918.350948944704
86631,18946.627833029474
20810,23468.52305418667
63117,11837.21696104628
90946,23069.418340284014
36452,29818.548879093614
90581,24370.461003667908
74238,26673.378339466297
33110,11892.341815054111
31485,21642.370933263857
25257,15720.572664683408
59589,12112.574250578467
49577,14725.163264722965
23286,10054.164035984628
27980,7775.970249801872
92682,25783.224407856615
30362,20690.837873298544
11010,19680.047019950056
73980,23710.289578280503
99055,10908.999439881802
46462,18748.46055756157
90422,9840.838857575774
62886,10491.320140512551
83147,17697.51241808405
87935,11247.730248988686
75519,10331.532617956163
25083,37913.17903864011
79596,9825.394070411234
93621,14372.749022011467
62852,9876.522518467595
89054,9587.40503774641
31044,23321.034598593425
67533,23330.203821428306
53208,8231.850689150291
90477,14631.203895954357
40471,13241.17002804521
53782,15701.113682359186
96230,10236.286645051932
38338,16633.002774914778
69589,8300.097180676024
15461,9715.346125942555
14005,12191.02974741779
59252,13902.445080717987
37202,13859.138847851362
99688,15059.604971880413
89139,13244.70880234325
11215,10817.245192363735
23695,9597.4938156442
81952,35780.771940908584
19227,15904.309461120021
79936,24581.679630885264
56907,6876.855595179248
17465,13854.127537339376
18320,55045.63467145079
88778,4986.06100489056
35526,45026.93585549835
77168,20534.678040903673
58470,21380.225965499365
27254,14484.808263461386
46216,13081.379266406748
78735,7222.598861856228
19634,7089.140015154075
39765,36977.76676925403
71390,1629.2193852907312
22259,5361.485349335504
84702,31861.82539440223
58547,26522.73645040871
70934,13966.873751840025
26198,12715.29024992996
49027,17316.63823962462
51302,11437.944116131366
55532,8183.967841038524
74776,7179.226072950072
36542,22136.820935030417
56975,10870.044770769338
98832,31510.964849290278
18069,7518.817310913035
10806,9310.808124440386
23797,15993.387628583052
55128,14247.850792535457
26789,13250.570845851324
55544,8240.000293283929
28520,21007.54081823813
86189,13756.608722504645
82967,8675.944328909161
46290,7313.175910482667
70771,33087.02093066317
19746,20130.75513131114
58511,8812.54196184464
93431,9873.14448467522
44465,8507.56833984748
44446,20532.518171136973
18055,20196.4802544841
28430,32877.6907804551
51430,30610.647202964967
97864,20623.99851691894
90764,22281.835795681847
86669,35780.957228874075
90518,10256.745125439435
52455,11308.446065384851
25183,10990.021169112075
52501,15335.221921857272
27942,19108.525394693606
64917,24142.627380837992
95468,17532.872114500406
61999,14222.92924030476
12027,13386.735638056636
35456,11166.713266288723
55672,7976.702274668298
24640,16180.823155398004
81060,28554.25218704444
85344,5621.129746867857
26990,11494.796294023043
77921,4884.578932159673
75090,18355.606614748773
62331,32291.27919513004
96321,31002.139598908543
13966,11064.000491018332
18591,13319.538042012262
13546,4455.592433364796
17380,28103.07705838959
57361,23749.66175928847
71135,23857.066457808163
27797,32956.60100103049
27592,5049.583893865045
83873,12167.02514391706
28723,16467.89708096352
60318,8769.806136264466
27393,41165.619842419226
65254,16695.071161493142
31420,14880.79893753323
21250,9784.092452661418
59898,9112.4235524616
45312,16771.196534273156
45793,7947.871899129512
67382,10676.51223585545
70986,11274.234738461557
77434,32031.693617078527
48748,11982.158779269994
74589,13509.697747868177
28297,19642.582291620023
82735,16333.546527721897
74528,27317.269566838266
67242,12405.319292795304
85482,20515.94938571493
39970,8867.251928625707
80454,25395.993214845388
14578,5626.390411476621
98951,11775.942598093297
64649,16682.639224560757
39939,19213.68117602628
57299,8333.025350391314
24752,16495.882889004937
98395,15552.852192037468
42786,27334.178950369416
94289,26166.828602890204
67034,38863.03514329851
77110,30259.633077418366
96887,15223.171042170361
77748,18945.84264621124
14591,16282.98273589644
64426,7880.887820277236
12372,9956.940610061312
89011,15909.001009526002
76462,19284.385241215452
20983,15355.222693756066
31443,15695.731615673223
85679,42841.00155135242
34480,5184.708847426653
11509,28941.004567566342
68033,9955.658444131903
42499,15322.36572375487
53008,10906.549448425227
93305,11744.91164997828
94038,29872.248449870935
67168,28339.10144547227
61908,9156.792508382965
56051,12393.57245835583
69931,18503.26345134398
54364,10708.477368336204
70604,13887.249804061292
89739,10242.961617428591
32102,18923.953180816836
94576,12861.366181518439
39189,17700.817198623285
30346,18991.173838066006
65259,29479.634841040548
30349,10535.269712202593
36380,19720.13295837131
98602,15277.50341545477
76918,8600.31266306174
76727,20516.680602294124
67531,9269.261174302403
26420,8325.002305000715
24447,12015.588840621764
28144,11286.178178989489
44444,9128.451356600468
86434,11907.588169657733
75426,12638.55669478435
44453,45662.858716783245
67082,10718.623896604606
76886,10359.447112983824
31572,18714.361309803546
54613,28422.331267404017
61204,9114.69079169811
20714,1105.3768803977455
11293,23819.122944330597
98763,13816.21632442516
75265,10687.885628502645
78507,7102.00972931714
99825,6361.267488275376
62867,25364.28995064782
98897,28199.447010345822
20588,13315.545246496922
75854,13047.106240284145
51672,11667.984718701806
90752,16700.292985156957
41723,8329.977532943532
30320,12740.338533148533
74789,11453.136418937273
11184,9491.183010738892
51244,7899.985946688415
10183,14473.372754492406
62237,20771.83323828226
54030,37635.372557521434
44830,22487.466405880612
72580,38452.70160473435
66129,7646.432369515584
18563,15418.189640431256
90537,9580.82439338462
28278,21217.45589871529
91395,8367.658392946045
41676,13206.911253957856
74230,7477.49584047051
49372,16328.015494182153
92689,26464.01445795312
35866,6839.350499018916
16502,5582.572105874828
15742,56351.31924724103
56245,49120.177905327735
10946,16484.2633405449
26542,24878.038404158255
77608,7344.301927231059
49316,32502.581783892914
25494,8303.544730495227
36511,10459.310055359063
26136,9413.987379624483
32056,7295.812151496453
41288,21899.350681992444
25550,13081.384475017261
65444,16956.98867125598
36027,3531.179755863308
91625,8164.709146268837
82580,24853.822022166736
86953,19572.718000432655
26118,24658.07470647226
75705,23565.968193820285
84486,8262.332786720037
98330,15785.86220028904
39087,18622.290002494323
81190,14462.338212965256
83675,5322.019051151123
75797,13660.168310268065
12044,8600.013106129165
93877,10599.60862303115
89598,15249.17345669534
13926,14142.50412758432
98227,18577.687482345
19474,7518.293517113563
89086,17341.78386573543
46907,8656.899437218119
18506,11856.776130193823
90708,22552.860052923294
96990,11237.579661330892
52346,3750.684870465857
29541,9682.983172552988
29181,5048.620482973762
37341,9522.898603858921
79993,25283.897928257094
12648,8332.568298943876
37858,14220.820221345619
67018,32331.342447656163
33718,10817.581931128469
69833,41464.91483978224
20066,10133.549998195149
56974,15998.52096165016
58133,18951.508434118245
65516,13727.163032819843
45500,11937.762886287688
80560,26247.40578495225
18854,10271.632844912037
50662,7979.90775950669
52020,15211.914960336542
62543,25925.242066729756
70562,10246.664457715966
40753,8144.376028390947
87773,16303.53967262588
11416,13082.711729796158
76639,13717.429552269032
90938,18770.916158317545
76064,21353.114271319922
92945,8973.586783088442
30027,37903.75938058088
97231,22825.07141884552
52654,7700.641902544288
62313,26986.51655057116
31385,15797.660677716873
36095,17052.677274692163
54788,7380.989973193922
24761,1039.233450696407
41052,13381.477145221894
72622,21039.41312575264
43384,30377.630290757566
71357,9050.383119469054
81108,27434.61981811747
51234,18895.381452723665
29283,10088.126416111372
23669,14968.219178269166
52124,6545.16460621379
87136,68047.45035600814
61843,27824.740355181617
10850,9693.981381977697
92325,10488.57840752692
44130,14641.084388704776
56883,27499.891533945127
65958,10567.112137739849
13465,14027.339824091563
94318,21088.674218981683
13879,28375.789302028374
83233,27529.916784599664
91185,25276.45921582095
22961,10958.059381094874
46390,8917.392625238354
27277,18758.5803763803
39087,20756.869696844842
77081,4241.325891967086
22680,12935.633397227351
16179,18229.02300817058
57324,13799.765535427658
52064,18752.788613876364
16658,10364.723249240411
35425,12812.820003798777
59568,10425.878427635753
30567,9227.3722943317
36708,13304.36030489062
43782,10192.814870670678
73083,9110.654735440328
92371,24318.092122686627
54348,12448.914498776898
29625,5884.371794436673
75731,10475.797172455754
72605,24768.206296338212
71866,33326.40817952687
69604,9566.61546942067
85453,13746.76149845983
48328,15122.062419595231
59044,10912.040743569945
50031,14406.644437007142
48052,32511.575283824997
16725,12596.347043701517
18147,41434.96911904279
62129,17608.83279213415
90662,9900.913312962242
60346,11560.81751342701
48708,26398.039197989354
15809,3403.28520598666
39610,24083.17741258967
99558,18863.015142144563
62420,9849.550298365235
88210,6905.6342417165
33034,8442.369172417897
46848,9082.011042731843
53580,10840.8960133744
93843,22270.478120106338
48730,10314.75826875796
93401,9791.819200882426
75078,9393.71311481914
86488,8698.150018104181
16048,9817.310250557104
44515,12189.62756836248
64622,6032.941704568599
75418,29395.28718617154
11932,18135.243558610506
39369,9455.707704088385
28851,30133.85404711088
98892,10637.062903705058
98591,9449.40059061837
28197,13376.003813943193
42190,20634.71181756654
48009,12541.121297781794
28030,11699.989074243102
18321,18455.698695177896
84110,10462.810283223655
21529,22730.284983004087
77380,11264.492213714342
13964,12852.910444094952
94085,6795.53131365556
84602,6637.8005228259735
35226,12905.273952532778
76640,7941.427723522374
91321,11662.613970559309
73800,4444.9243362864
62071,10376.918148711347
63032,20391.951094217457
68865,55932.47539646422
63505,20349.272835756125
43135,10557.37533142068
99994,25336.677927644836
68121,20424.766667569234
55818,17300.447875292233
40872,10193.15340266955
43336,19851.30023850106
19716,9951.360367747404
19874,13736.464796222743
10898,30031.685334975115
79794,8155.813345092674
27619,34301.32536964848
95927,27608.847381038177
75121,12113.484034516336
55147,17088.070938979406
49078,17710.75148141673
41476,13877.730809372264
52439,44943.884262761625
62352,20406.41679021524
48435,9512.565345210072
40049,13469.57186167123
25930,8068.383590418944
38777,33836.06802178771
91812,18200.438310736183
90215,10860.123354656003
33917,14251.728564090252
28522,22302.1671290698
56371,12545.16229545249
17828,18510.159155495687
47741,16756.470609780252
72613,21918.60512841291
17205,9886.039833626448
23620,25689.422122316188
36344,19592.4809851804
52754,40206.08799326389
28042,13592.41972593789
85552,11462.053012702116
66757,29797.84471209097
85444,10887.78195715616
79867,14918.100458427392
14034,14977.16283900321
43712,11756.215832640082
48028,14041.959434617505
45851,19610.85321230123
18166,10227.022340801068
31055,16519.296314860003
50850,17203.736208980536
46132,10430.929128274294
18955,13487.214236284779
66740,16077.906149667442
98925,24976.40750294801
17607,22409.02449465341
84313,8830.13155764871
34126,6259.835960010547
30031,10885.815223977037
50744,12788.197439167237
31375,3679.706603385861
22827,7172.410711775552
75829,32867.07080802214
58600,19677.529979918825
64800,9711.20632947317
27969,11358.866722356637
57973,19606.017206558332
80841,10850.035232202972
10678,8533.783246870127
53353,21456.22555445475
34982,19822.47307322674
27845,19961.463735321875
14118,10406.87284680609
46033,32236.2871771445
72085,18295.11761851066
59780,55774.93670260585
78318,17851.625960327834
98726,6799.955802476206
72009,16784.19690451021
30335,12090.524748367685
52699,11665.837768443107
74727,19471.944609192615
50427,10734.666994870298
11429,9542.017222418279
96424,12068.947135103335
36660,9982.439944969487
28342,8319.298258384582
83557,22457.75216048795
16321,33695.56203175917
54018,16602.309445986368
54242,11376.47687978549
65006,16124.157166188805
51150,18839.56387987589
92229,10387.450631087993
70203,11511.958329761075
77024,20493.593350023915
80221,16303.143913397662
40446,1995.0756966877325
70408,25300.74778643356
46971,21143.250805425196
67296,20302.336514831608
23591,10838.366629192325
19321,25412.322495708726
44053,25672.011303859203
81395,9553.259950079959
26311,8677.441874713619
68816,12702.375316077807
29393,7616.326141391284
13172,4232.5895032267745
90063,9242.180687627257
92025,38004.7490416744
10504,7131.6497310799805
93170,11277.722180131637
71223,8511.081252433672
26224,9218.315335005935
72919,12334.76202968627
52378,13786.897720546896
23703,13254.743814664826
88209,33276.71656141899
51537,11412.546366569306
47516,16854.375329413513
98577,21388.97908228398
37005,18851.11435952564
85179,10343.410550604545
20508,29219.38962873703
31677,46242.471183446156
69309,21689.896958529374
74177,12046.43612435664
14641,13269.959766439282
67686,19213.68117602628
19079,5632.86458018162
74274,17742.159779727812
66001,13799.02544150851
87360,8610.643559115595
34086,33258.090039954644
22766,21101.7827991096
53041,32863.67906984909
74714,14127.46351791049
32582,37369.69707452955
81577,12852.867776182724
97406,30946.773234343094
56037,18969.062219018935
23599,19254.80499442944
64617,11982.934241825462
83552,10503.788945711687
36827,25141.194593816734
15875,16711.74806792043
33656,25009.333619152287
76189,23091.619267779857
28509,8983.170358754698
95546,21768.85036783396
73843,8896.750496911925
97452,10797.383952066593
24463,16018.352112706536
12221,13406.61506663627
13608,10653.224180371642
69871,13337.192062080547
69240,32570.601520967935
13837,13987.343288669012
38891,5323.847736161701
56364,13503.163445864415
87936,11637.520191869742
99320,2227.1331185152103
95834,14208.542234018954
77097,10714.943078346705
49718,5263.171872213243
87523,16100.783945155168
76925,16060.663927322043
75688,26232.61096997233
64977,26695.054072816332
81884,6308.554596024191
97718,10599.005617377898
80590,26446.96738431575
37046,7752.864418209849
86043,11008.582565786428
47514,95199.89182033978
12989,14494.368481911524
96849,11601.48288754875
75412,21320.685478264608
61387,41621.05400815168
92710,8700.58104727085
64619,29646.64631993703
64843,15726.476935517047
12665,11354.740126954299
31304,17442.80003415178
40617,11305.44020323634
25945,16798.84432106851
53046,18069.18405214554
56052,15475.836160135059
17527,93163.26856048004
59227,12902.154600032592
25528,5910.55889095555
28692,15160.891897783373
41633,16786.643217587454
24288,16048.638321009847
97361,15222.922271723945
17995,6999.014287516684
36907,8347.825538334533
65664,10603.518882374257
66105,28176.090585370668
30974,13274.318100886421
40209,45316.94409291324
82282,33637.11876035477
62775,14925.634929755837
21251,12579.285969076333
60256,19576.276561632112
53940,18126.957348232645
98038,23389.060761975772
84127,17000.19346868411
83991,11576.62826060422
89727,54164.493487496744
78276,18760.580412440377
14542,13071.905271389283
73752,13225.748214624122
44639,12536.027673000359
46441,27152.332281661238
10832,32276.94964987851
88671,9554.023123501162
64661,17055.577301184436
92539,29624.093537625904
49898,20217.106836661304
55153,24416.477660289216
61948,11193.11918173696
97283,7963.279080448347
11509,11376.272544342748
59197,18020.429864919533
89924,24400.887784890772
49480,26856.72412203942
23417,12312.735454074194
95630,11852.607213871242
90205,12019.43155547586
37295,11203.760779815502
45461,15765.975792097215
66600,32769.43177757712
64020,7881.166164768956
30546,6901.841545109011
29732,7173.347258509404
64791,8341.20598381354
22412,14458.361507769607
73152,20827.55811058623
92814,31351.70265955261
30905,12190.623376327443
91697,19865.393391666556
12967,7370.086567968536
63966,20516.72178314007
46928,19669.712943272145
73889,15861.58468069787
45330,29893.743254442394
19125,17449.046654597103
85686,15792.840841028397
79084,18215.401228886396
59180,30745.817568413506
58719,20151.972170497414
98636,18745.68691630503
12734,10379.358595960592
22537,14989.742580839851
63824,24074.022052602944
75949,52873.79122879601
22568,4091.6077210262447
23525,27163.77404118287
66966,22316.422137338875
90325,24944.227122852833
24694,24454.97430956937
98926,20885.761455595984
69211,7907.295881297743
12673,30455.373321175473
92956,9590.80064422359
94875,30399.54838643224
72746,7976.565018717143
35323,3117.442203479568
34367,7325.415830397278
14501,10109.981119925902
15768,9873.0823146949
69326,6409.310469392276
30690,11287.943551347546
66914,8076.971198966714
50653,15322.39731628433
37083,16432.779919227592
96758,12744.857718116196
91370,33888.990592084374
42460,21089.386762263443
43213,13659.004299189524
63517,10984.81578971626
13886,11158.60326589387
64527,12890.929512172415
51394,49113.62233574933
81321,16094.379081491676
56989,22799.059296351756
61153,14606.561570765574
20949,20165.436335569895
81841,10348.841810269536
78008,9325.01877209325
37341,29749.11799155145
45841,15177.868778589605
71188,25953.733137916613
78554,14887.80160443344
68242,17263.409107127532
82755,18777.62414240977
68973,14281.521940172634
22878,23593.636455208485
94573,6790.305408237011
79199,31262.84976862834
98967,7324.715276432435
25119,18929.932160178563
78101,26902.339696563562
11376,8044.285834761329
85330,15333.323655382022
42301,10652.088394876471
55900,9428.370922028455
60997,18115.24097400599
96029,26383.021464656806
74423,43859.13859873034
31845,14745.207060570843
52160,7785.289834410176
20870,16620.08893870599
22060,10507.934498898117
85370,6879.565542988525
24839,14571.864812181306
71698,8876.147339046445
67605,23944.3452987122
54287,17501.225827243674
43852,20372.673554225632
17936,25299.06669242709
55293,9776.332463875997
38395,12246.481691081754
39333,17354.377983630482
57645,19607.665843142382
39981,27997.20676334417
40070,11482.959086501975
40313,10950.96819665122
78347,13597.950181532227
25478,18525.090091769012
44964,16424.779548603987
45347,15254.339324686249
52373,13463.723892428703
21073,14958.663094288871
40761,12529.34973377878
90314,11692.058684074238
66456,20280.131951332816
13398,15503.137752647877
95927,18750.360838685287
15117,23757.83529892625
91963,12623.540763517954
94398,8729.273646686004
83487,17581.88150105269
37228,20416.66866668078
15480,9444.39608120123
40106,25891.215875991584
82885,11569.201565399842
58339,28181.654290717866
68256,6769.542138653955
44845,19304.550384655267
45094,27107.654305545213
46354,10054.164035984628
63121,21993.438233703208
11893,12850.463959472334
42812,21000.50589605464
73652,19297.67067206763
74407,11332.741938166448
83395,9117.27024601788
75825,8113.6935761594505
32897,16551.01259587363
73939,15242.916694274736
59910,27214.027639385145
91486,9638.221290025795
32732,15847.64866720312
86056,20936.739443390557
67360,20846.846205926195
59900,14257.561555679047
45821,13914.457439667003
77083,16511.635364078134
16091,12672.685356543168
72537,18613.09267669142
68202,8051.520634229893
87791,7841.54685249549
58942,10423.42281688721
81999,12132.104236982963
96532,7207.306842147871
15356,24473.174982338376
12621,27114.530098135525
87265,9931.38108047063
54284,11315.05107584631
51067,10109.617175218731
29866,13787.002496499863
22973,19306.639631023216
43613,21401.817787469274
89431,16914.22491448932
67251,6084.837578549286
90939,13725.987347640761
77842,11181.384355513908
75439,28004.66325770475
33961,28206.328592120994
29345,25000.820725178128
84995,15446.405203802347
39994,28693.483562038433
97675,8614.32528007829
26705,10889.370696722704
62395,11291.765719244533
18638,21696.706398337526
24393,9856.1904159529
80703,10272.380514566095
16120,19956.596306976706
88149,11592.268021165255
11598,8312.315137236697
96281,9557.913959913745
71170,18774.317218272605
43150,10797.192865022702
76077,7714.469916547447
52074,7581.388560714262
37185,30031.703116949895
24753,30766.150033738133
21397,18993.016492419887
37227,12159.637110750384
42869,8690.873825362258
83890,10750.837436037058
80399,7135.271507944992
43805,9975.079603692628
51165,10673.03003597409
41198,13451.189454729356
70560,14539.402747137134
97000,11085.760741404007
46116,19489.72269859179
29393,11141.848956049445
63610,22173.96996765
62318,31650.507133729923
98352,21716.86340366482
81518,21345.424094241844
61256,8430.686101283087
36899,11944.91210113473
55842,26565.687873479037
78637,21045.107928073354
15045,15951.307412893982
72949,50679.46130667448
22797,15790.778864088486
98051,9060.817916889362
92954,9452.77580455902
95089,22352.815625834475
22287,9775.736886656021
49384,6865.540591446947
14169,22375.69296727398
96448,12342.85273378727
48337,10572.952749807715
52483,17739.06589888117
81473,10087.810853425184
33847,30426.42009679349
96228,23158.730654698702
14157,16900.186886016763
28231,27286.15357827729
83429,15426.651487501276
38116,11389.328833953938
50875,23825.133929027317
89031,23879.580944488913
82530,15841.847173964854
88724,9892.795485674887
42197,10790.842914852181
64766,75645.4274526305
36814,8034.264719387496
36758,16744.5360663546
27007,15866.740291049095
59442,10401.42225861417
80579,22956.484347807873
11719,24378.03445168777
26611,10317.180056012752
88360,11106.219848849645
91305,27996.610191140724
28254,31397.631958799797
20341,18520.053831465615
98346,8689.774388181755
39449,8848.273737984686
78292,5095.032870500821
19925,23888.473806209666
73594,9109.362622434557
38160,6039.524389335298
29646,13636.534226422813
65270,10194.002761397218
26868,25731.652656988277
71425,23253.496321685107
29940,19003.265302559987
45466,6498.6211223050195
50079,9774.979757963865
18599,13343.050893556236
69699,13344.702032781646
86846,9624.755699875499
97260,30739.26185023324
37972,20361.245214109476
35780,8820.516993183159
60659,7564.435347281762
95755,22049.532675243106
29984,11053.84446554642
84722,12567.182844913768
81575,34681.891847098545
21473,16176.068291970709
66690,10813.25405540993
51829,7496.62876052134
27848,15116.953785165904
90999,17035.24070565511
13915,18535.067339705303
43861,10853.955640215832
53551,11695.517890675941
37594,6025.714051118703
58532,43637.89499463511
92549,15513.930245619744
52875,7514.234500756567
40933,24943.97192633391
74241,9472.878231993276
95492,13567.693604502218
68263,18350.577115121232
60806,21271.31044384964
71151,22221.89405701306
82204,26561.336864936904
30238,11631.254593705402
14931,7592.551872272044
41281,19906.556015186485
61711,15932.915646701751
64991,13771.305988963035
93773,7790.055103961498
76248,31694.17377901609
29022,13658.411418139865
82238,5781.944516752488
64996,22953.439574778204
87923,9785.171523080477
24164,26270.25359620242
53328,11287.088690596058
86363,19019.529501013712
78241,8689.453861187585
63024,10469.31847555943
80692,9609.086773643747
25768,14501.274187090457
47304,14835.634561295305
39032,10336.659359742902
34725,8167.5729903180345
12280,22577.62651123929
64287,6646.237620831724
35564,9589.581620045501
15859,10074.642432580918
76540,9313.842847992662
64293,8856.073084752745
25674,34037.193051563
93586,26649.13666347866
32017,10815.435045999864
49100,13765.817684656926
76904,6970.510905552133
23878,14322.748679550074
32439,12041.501595932374
85492,15207.119456273113
42126,6878.712451334841
57423,20216.076979361125
17203,13660.216978241291
37029,39171.354495178835
38217,20717.09852588234
32264,24852.998589027546
25477,28288.05630662728
79577,19097.72047162571
63977,10084.854873161159
61503,11944.442693446994
42880,14733.668176802803
73062,8031.496058441277
12593,23740.880587170097
77041,10440.499352633997
69852,35392.58087336196
44330,36188.53379908156
73195,14190.973275961627
85646,19436.55558659863
80880,15861.590001332355
50416,14053.06173409144
16311,11494.52377666434
17127,10193.759365251723
87539,9371.351939093902
70526,21405.45522298388
96680,12085.601941040113
14133,13527.045754969211
13256,49933.82853790755
55747,15707.377289362485
35558,13485.465009588957
81854,15592.540312657136
33931,10476.329146558699
69279,28382.22036541201
30086,6202.076820933586
27166,19759.986495971825
38503,15909.6412086481
61807,10757.649443696344
34594,6503.830126637264
28032,9192.221650887424
56868,15203.122860946722
68156,11311.84528266598
81725,24644.121462156396
72193,11322.421799111014
15641,14696.922871019764
44446,9914.363266782879
85906,11688.459279027496
43191,19528.184921933014
26033,25333.060871255184
73419,20176.123456592002
92624,12331.080593586428
38006,16612.79199123679
86349,9126.881985253833
78815,27939.859440316264
71698,13993.976956371018
91431,26469.384869140737
72887,11108.938119365563
64278,28985.430522607574
83800,17438.326703599992
94282,17423.97466815093
30130,15696.562344675338
24813,23670.181286123418
61971,10273.272098409245
87227,18784.133950465784
64803,8185.353200968262
83504,14026.913003932033
24468,18133.757805851106
56945,12900.325600313558
60430,22764.623286553633
53501,33870.862248630554
31374,5051.880431574342
83636,27161.948220853898
86213,30672.09888917174
75085,9284.283581688796
71374,8273.414610020807
35027,17270.64585334852
21600,29963.59622841233
72481,9870.689844518072
36886,17730.358330452375
24616,22971.53254199616
11916,18699.54284355836
83301,9229.75600255639
10227,12322.730760416212
51182,9071.14918028633
46968,7379.17523991919
46220,12173.285513799965
28611,6421.344532872992
85758,14848.606463403812
23510,33838.12498511385
23130,9872.088235812367
70836,17621.54894740713
23369,7147.35800636513
36107,10202.032022003781
15228,6183.298761196451
64583,13405.21395862136
49812,9993.98237663693
53551,38874.89682460175
38998,13487.396807684465
23996,6368.104322766534
63715,16476.102146464196
71456,15504.304603769058
54426,14002.193538156936
67048,27369.020881838605
58286,27638.734949382244
38620,8746.016721344899
98485,21225.14821816523
41136,12192.34504421607
82117,7922.261284405655
81208,17463.891731850188
33958,15553.195323036145
77229,17333.917302103426
48707,26643.004427492542
72401,7852.293526035088
69985,7515.771053003029
97753,7662.487193469773
40545,34711.277178589284
89672,11285.876218569654
88947,10911.635283731335
73622,10068.923751366272
70422,36188.53379908156
72828,11055.11668146534
52842,16149.685744089655
91497,17025.65668286907
64778,9667.698205124929
14907,4885.416822349838
45737,20341.311513171207
20557,27489.134494842267
55117,27465.06443002537
60415,21174.336616137814
47967,9082.572450240594
87160,26712.961093691305
76765,8404.943179949401
68936,24977.712072257855
78274,12703.293753092434
98391,12570.86254984789
14167,24918.238929716346
46618,42606.49994854153
48043,8207.64603824078
46719,17476.226503229616
80092,8544.45337068199
99304,14606.072639627975
11900,17195.9113172654
42248,13818.06894218149
49916,16897.340416130075
58578,10298.28175150419
92861,12125.815599224836
55460,16326.187728252731
36883,9576.73940453232
75411,14871.932063593702
54162,62666.35356706421
54230,5450.696491873667
76088,16166.26980223738
71848,11761.319045515791
90866,4880.574386458473
76129,14244.398509944003
76982,12918.529458738652
33425,34086.47421842735
24216,20449.5258606754
61804,11273.853376645988
19005,27288.648208381084
28475,16613.19663037512
36747,6083.578352703556
86736,13570.129998317367
50891,11346.80358641041
18232,21135.465238026114
49957,28642.930072947976
32890,13717.799793222472
71654,9614.783251255716
88900,29001.117899436053
68964,7728.581287247429
96366,21767.21897630726
51352,16620.304489364247
14050,21824.880569032935
42199,15333.34031837672
58425,11417.30053794905
97810,6809.612275139225
50888,15179.025347508452
44408,19146.215552320875
93106,16307.045821604952
76064,14353.38722763408
80032,31998.336623283165
72787,8222.359264194387
38143,20559.849164947012
62475,7894.3977736986635
18779,18761.39241010556
68383,22602.30725729447
62036,10653.240358247884
25307,17092.797141470157
28529,19920.626221215298
16000,6411.869865087108
47744,22364.33080474013
20347,17312.227454903288
96872,6690.146186701579
37385,27303.9938454711
37049,7271.381356062304
18160,18355.154169185487
31296,19179.242666880662
50434,35962.62924279667
48715,47559.894230019
82524,26191.85079510804
27563,9609.168091554626
34045,20218.949398364606
43118,10857.075403359075
23347,38012.06470248906
46639,15668.809222146696
25175,19612.819612013554
52803,10133.549998195149
66302,42364.14200385273
30970,11008.594758816176
48969,23751.91085284565
96362,12095.658052868623
36415,16687.229386670613
46567,27401.178385083054
46196,8808.663314510424
89413,28742.984391782404
54875,16997.09958511402
15854,22346.82514418178
42865,6989.318930116862
58937,45166.79922982692
57482,12195.41648488301
47167,10018.417834880092
28671,28658.414657470043
25100,8169.923252879791
17817,17387.760865831337
53417,10829.103829625903
85604,10483.149502992805
26345,14795.72123523252
80483,19691.574434920527
46464,34628.31123339699
78973,26742.585199561763
50778,4639.6787469522205
25153,14158.823903147782
28710,9935.83688126667
46084,20149.394641502444
67130,11957.900153217095
45401,17608.48287587417
85573,34704.66317896481
36865,19219.823310626347
80330,15861.590001332355
48143,9828.295012466424
44386,10778.568764916487
86312,8577.631851500828
58510,18277.80090641394
74778,15562.875561436005
79715,20255.331734017822
18468,11886.636637545127
47210,13563.343722771438
12969,66167.13715876537
22314,15687.175875868488
69766,17398.036194126955
64262,30447.64027615385
92446,7186.695553179536
73903,24933.740351197448
75939,14744.37680363483
12837,15315.686045721279
20649,18519.57741968819
84699,7402.9301735473855
60115,35123.16041515402
29347,21893.33052441128
48076,20855.647396009706
30710,13268.858437256322
34698,26332.807442399564
27038,6807.482719014195
58226,9749.42531418001
50936,15570.569412603872
41488,27978.183337873255
56241,15400.69802350543
47018,11510.554542772106
62138,13206.215672504784
16856,12386.435032047755
12689,18822.207506059473
21952,22535.84245834452
21212,2513.8273700047557
85433,14435.011347452542
97185,29525.045856672044
51223,10796.227152121504
63655,8030.431455321728
37742,16299.750341643123
92777,10193.127533576979
56266,20239.64469804901
27759,7397.1285388858
16253,11685.295444414718
40074,33663.918089593026
46830,13466.069240462977
61018,12376.422263680848
79777,18114.81714020754
65402,15193.825162704503
44453,11374.493895060854
31061,17017.151941747823
69727,14129.750796845905
85809,9641.466465794714
22312,36588.49109249609
50672,12949.400375172076
21337,21534.82029946625
48466,12413.022262036327
75440,1361.4735301389937
63610,11481.39395058584
62107,11872.090779402077
75395,20025.945836449304
33740,7884.607428814945
41889,12589.394257580372
23112,9830.457553060161
32618,7982.078129620873
57273,8365.780184671275
54357,11166.542818796268
73953,12934.410857998862
32738,13209.305838767501
47614,10009.970365227571
19389,19453.179925079552
78300,22033.901887774802
35857,7354.323078287758
44381,14893.847461819489
43712,24132.6514447102
29563,26226.246966952
68616,15831.57847319951
72758,21011.03026525987
10315,41288.688114167315
85928,27857.020380841386
71384,24852.212692616784
16592,7177.259532607479
76811,10401.42225861417
94033,31135.694162338834
90508,26165.4307365049
23200,16116.634192740394
35182,10839.02460128604
21558,17589.33223050394
60803,7820.441840375266
80735,12211.767369802663
38461,8922.62137401026
82585,16519.576453313293
58691,19431.592545296822
25348,23004.415739281347
27689,14081.888790258687
91096,14500.142157475579
28684,34859.99912285294
57288,13389.187521173038
77066,29452.24697955238
43615,7956.478388882071
16908,12279.398319971064
93737,9066.721730625295
82154,26504.020535486467
54230,4811.1437497163515
50690,10188.778873760595
95223,11248.215727784922
86628,7096.542199260501
40787,19325.06269209102
46553,13133.730567347107
71287,11947.880583728536
20875,24927.456146776145
67599,15000.160665333462
75922,23547.309431393005
48088,26356.00396517707
81737,8748.902009115207
50410,21192.61810468856
62979,47901.02059378356
45058,28847.247099148037
58278,22803.837311653446
78669,9123.805706810195
80013,33830.5424012472
38420,10151.297636368441
35519,20414.2640954559
52482,15344.237060377985
63383,56737.60249363079
10022,47120.687320067234
34782,17983.256077728707
90117,26598.51516535326
19791,19244.27712888032
11523,12210.715532799804
28138,17967.06236562421
17815,25296.98699841023
59091,15032.341969343088
58920,13770.752939670154
20880,10264.054334878565
93959,8252.89844591299
97396,10192.814870670678
50430,29228.872398054038
10325,17004.154193493094
89010,16273.791608821335
13840,13743.564373853125
43166,26356.00396517707
67017,15059.785311765403
77723,22851.590480156865
59191,65400.26094931593
75417,8416.63288886711
73075,24378.03445168777
70135,9142.808010726661
74628,28309.15582587295
66443,8750.369809740787
33269,14201.385585201895
10719,9326.598603425724
30337,14102.237410242536
19191,45285.24994806448
55867,13493.2351730385
99114,9875.552262481717
67215,11282.741620372022
66944,18706.952567132754
47837,27996.549931528913
81205,13057.396335480023
72404,14500.188253595557
51999,31973.80485425263
16577,12538.697685574542
31223,21687.47754273537
72555,7919.736402826709
38874,18050.172107560757
52723,11831.356430606116
16924,13190.694721625223
85145,27514.11494400379
80137,16189.163994370363
87878,14581.898707533664
33897,23282.821828523494
78131,9935.832688314393
75719,18857.91609778015
25117,41542.66603683663
50059,11218.718162902416
83482,9875.859373725369
23879,21868.654861331583
51805,15667.184776344828
53874,8463.52999190791
91061,12367.415835247335
80349,7472.391149233383
21722,7391.947983698941
65095,3377.5734212674033
83787,36264.268546271465
34342,51107.013317750905
50413,9836.67924383717
77662,37710.5930849539
68860,20403.674514844162
57747,11275.601708651959
35241,8254.499876188158
18457,12720.287944950991
90568,13399.998676751224
69365,4359.9744122942175
13287,12038.039212056272
14885,18400.964498961133
35943,15093.442510113306
13210,13868.590997068623
22507,34279.9960799984
44911,8529.166947535923
51972,36430.76644059857
63444,30792.48391583764
70638,9866.057615430305
99637,8021.423899540005
54817,9907.540699337867
77386,9247.430558343789
96944,11570.357540976187
26600,14321.817498644588
92059,19664.65359874371
95396,17368.138094141537
81472,13860.9067542249
25333,13691.048633362165
11623,12998.86133047261
31695,7115.609869154374
86095,48750.16699876457
63396,13324.712856129638
41595,21915.569324449178
98886,17326.203802967186
24304,25371.636745578115
67699,10575.218396414168
14320,16398.13082956971
47319,26380.901945972684
35647,8350.93254844508
93351,23341.18801850956
57567,12594.41909870989
11708,17605.892233424176
36010,24157.74615712348
72536,17159.44917583097
67254,15635.56128893389
10265,19973.547111080596
72985,13496.858001271139
27787,19985.28033403526
38606,9126.370026438974
13710,10431.370178797682
48141,10198.845796654501
34714,49559.99341858476
43574,38957.95060391256
10680,11601.069236470708
23607,14720.711346745471
67834,16915.725485441722
68148,10135.543712021274
50786,12331.695787873858
73110,22307.21766857539
90728,8639.662975520227
38326,14768.541632992368
81497,8987.329867235962
95591,9282.128628322002
22643,40471.55869798497
15318,2730.7154095862843
22671,31766.494466782256
84081,8552.88050359919
94723,12668.859647830024
62832,9384.892020586096
70349,14045.959829561003
52435,8403.281097811465
30971,7998.736553507782
39004,10955.72793976046
95327,32820.04006621082
86291,15865.771457048586
52555,40322.21622406533
34327,31039.90738981086
34719,7850.5721169713415
13058,7073.637575473171
69420,16102.36198339019
18001,55646.17242491336
19652,8493.640444321089
98563,9322.566917081955
25692,14592.472746481411
55750,15084.92475837836
31584,12429.408111628574
83853,21750.426170267427
60904,10766.436428220786
88413,9580.74961070242
29421,7804.652955883381
26128,6931.661909802115
67043,46976.37854761728
38740,11509.777126975878
25972,8275.034873206334
73292,10645.096045778359
77734,10417.165466439665
87458,20438.775728030334
14271,22088.123266828516
74227,57703.60381949393
96925,9837.202234379794
49249,12470.677304563149
82777,26146.831158715348
94208,11292.608275460341
57680,28588.233816795
43804,7656.114905564362
61603,27275.17653914283
88657,9333.65940537129
97030,14726.625202749568
60875,7566.859207598605
39761,17648.858080528305
89368,19332.189792066347
98791,12868.097530733532
54740,12634.26827712871
19008,17799.31660423335
83052,48137.866458032506
71110,41519.90804526747
53878,16457.643174975863
16780,14368.447948551633
39455,10106.436041264116
15742,10871.718195911193
69008,37989.440867413934
49075,8224.538403850926
50209,9852.430343018288
35735,26777.699270388548
44430,11757.821310292871
86928,13416.347794402265
18094,6300.551264410478
96602,25388.32768697435
69055,11366.650564761105
54354,20726.487709516186
69556,20224.66323470252
49066,6714.218588144087
77129,11226.414721024397
92943,10938.091904979216
87567,10621.010762670785
17209,17469.916225344416
82072,8028.589529417988
61044,7832.025007433411
33763,17038.891534070426
31761,20962.856214139025
55561,14849.17251935619
62716,11372.240085276713
75603,24491.095233284075
37915,13501.829502688548
75996,20853.208889121954
40886,30100.073845329745
20251,9585.676549490956
52139,18751.48519000891
85499,7080.774862033522
37262,17118.478390439464
64246,4328.124333402755
82848,20900.492169020727
47597,6866.757612266803
38021,33780.58238052127
29215,11145.70854541556
54255,43282.7103625874
23008,9186.09220885938
55612,8641.716960483362
76492,14832.430695720184
62319,48605.46748156557
17158,16227.0766928
20911,10753.995536778775
49830,15593.881740378827
88439,15521.834631579597
68719,28906.887164141182
94731,14596.89005051995
66607,9986.688359748434
52154,13751.689851585212
46472,25733.909935257572
98238,11374.792971037365
43000,8560.55561981902
10807,26853.448427391297
33947,38841.175286652826
14351,12997.19921631417
49038,15325.630058113382
62774,12470.677304563149
43059,8907.42977599363
42308,13638.769986747133
31825,8047.046113778673
85191,7754.279143542661
65141,5520.5668057182575
44071,9626.569555501555
64717,15720.849738076315
38932,10444.897419656561
47006,12367.54441727429
85463,7938.437769232152
22454,6518.198170788963
40669,16746.76155185062
47728,14322.128267992042
87466,23468.053621704647
29084,8820.714120331111
96655,29116.212208453686
51315,11163.04578749359
81732,28023.18077827053
65728,42968.15799255029
21708,15386.777558254273
69933,15272.575139426306
99891,14671.419431314753
88219,16683.294047290405
56608,10690.11711553171
39870,22635.141339039124
72962,10969.816406142725
10281,18471.701447249456
59351,8288.382448900073
82500,17524.91426239742
84580,11883.602066233476
48158,12044.202428118755
96112,13582.447768200098
35755,18204.519914448672
38264,26212.13660922255
71972,10761.098496242024
45650,11273.262756208023
67137,10330.556015639533
76717,8459.738392746662
33243,11894.880417424878
42421,49083.450281324695
91981,44882.351051118574
66525,9919.597746199215
63191,10827.624304013749
94631,9274.008364407167
29016,13331.972999038082
81800,15557.531858060334
47402,27725.58690613564
47847,9907.234902303484
12451,11719.908301856667
50246,9728.509089219198
16368,16701.106398742548
69091,31321.464965879495
81500,9054.926638043613
12555,17072.680944111147
55599,8290.01945290106
53990,12104.134955445104
48924,5797.362243383237
32087,11313.127005338418
83361,13342.946839435128
87333,18339.31735477652
94390,11450.028585942531
25949,11374.619138354938
81080,23316.15937436573
10621,25137.27437744295
12023,3782.1813168849476
38469,23715.82128289245
39473,25715.807150040302
72348,6340.722765414324
55293,7013.488150367915
88764,20208.992137094247
24776,24850.67999106123
65020,13994.030894702148
24451,30842.24644274792
25530,23015.03532139982
85886,33466.22942483721
52354,29156.979727690898
64384,10394.600688593913
41548,9872.545107428912
92725,17849.67681120399
17242,26778.733951620125
19763,20932.595804574124
35909,26861.043144635776
79110,12310.835692190816
27286,8040.193547538591
95416,12589.535175080426
68552,16671.145844676208
41379,9236.209943307815
76355,15360.305957032211
14070,8780.386799295886
44341,29729.509295876174
98929,7086.717671525548
98072,22678.495290370305
98998,23453.292652199903
45097,8696.436283628693
64181,21496.309636709942
57843,30552.144620590814
36009,10572.712772347139
22761,12527.494867721642
49577,12750.161792227094
91185,16797.568299632672
26689,25165.5861168798
67351,5944.421598010711
28090,8431.427104850407
43389,17816.842678462006
45809,26216.2606100388
80162,44453.96635871344
47679,16007.550902967067
50731,15343.03500737754
49445,15058.940876448478
60475,14470.33409229693
18666,27055.46479446591
65301,6428.662515277454
10910,16894.11907745764
44991,17402.57017577654
54097,12999.528703342503
79268,15812.189609376903
25540,9995.822925733519
42269,25962.277301824317
18412,47647.14784291068
31605,11411.30733760269
21359,12668.859647830024
98407,17170.79506105637
41869,30560.22768776847
80892,9985.130967351457
49041,15678.136609630305
44789,18650.085777181946
31281,13557.268000406562
33087,17735.344074970042
43869,25627.280880885104
65917,18993.016492419887
68636,11834.773388330646
79842,16523.582095869453
78423,15810.603068898052
52118,9554.995660917904
58233,23536.50925795347
11485,7134.951477594061
67946,17672.183756438746
35746,19431.380856209023
48306,8585.384664812711
16699,13820.27057383981
70761,15718.34485334305
32185,17681.239419228496
68932,21517.967601457993
54344,20645.365262956577
62060,22447.839440421238
27217,9994.17960943953
56336,9248.049660262626
84368,30820.543161130656
84829,6850.331957606026
70925,17368.784268180378
66383,7310.474986244917
94649,35184.03843495223
17955,12507.75347501448
50779,7013.4834864316435
75220,22405.22299725772
57778,8559.064237826598
17085,13255.856995167738
21564,11379.797332486345
13029,13126.90339428197
38614,11074.759328055821
92401,11139.254411816013
63119,15693.564847965561
88375,11514.288875973296
72241,17290.95318345172
47579,21461.813236434715
11784,17696.059393507978
75181,17309.331833569868
19502,6797.650044549717
84145,7172.410711775552
86434,10154.467503093569
49931,8177.465757049627
78444,11401.382494328287
66203,6336.497074092305
91040,19085.42528889211
95155,30953.709418859646
57686,36373.19944892128
58970,8813.481353899526
89097,15556.763025980425
42718,25048.283515805764
12741,9324.058446358527
84329,11877.679754830984
67545,14424.036503801126
23804,9953.64826741903
47046,16572.270470620646
10316,4126.668792969676
69217,8586.777197727844
37214,16746.42008882924
95705,10491.12266515673
74907,19291.176727958125
18871,22297.98325444505
37460,9319.86845312892
53531,8881.749613221782
50966,19483.88946534677
96192,10084.83396037783
20247,16320.551740258636
48764,19219.2965267121
97850,11290.711752884568
23725,28438.578330227276
79185,14403.795425505625
20903,19949.66755056561
76500,11011.599990465442
80381,18774.317218272605
44643,27089.526933140205
93744,19861.420858976846
74457,26243.534514553845
27622,33088.5969985775
76496,17299.640147941205
12862,18193.579649427855
90085,14915.043366177759
19912,27645.26544467596
50966,25052.914043563702
18888,6008.471680412
74578,23177.694369156445
36093,23936.464619131544
42996,8178.0112815003795
91580,21539.364910914974
16437,14644.634752720127
98809,19055.023285904274
63078,25802.198387604487
10458,22541.81878346984
74799,10007.783008424532
62622,7278.704318406251
65853,15331.46096490566
41555,8401.679103447435
34943,11261.281099146849
74766,17167.58025416994
10377,26507.24588341268
77104,13681.314135183446
23391,6497.594434028933
37565,13344.234467837281
89037,10038.476342203438
54424,10247.552283487235
51820,15095.742340256991
34504,29926.734401332687
36063,6790.305408237011
30293,37132.24057334114
70529,13300.111117043061
70082,29032.020630464373
79551,12585.400987339995
20739,22264.70399082029
88574,9836.405655720899
26975,18885.191476375425
24675,15725.384134730644
49173,8394.677783327756
27498,30531.828695995548
40437,30304.42725141063
10328,17692.550978305015
92853,9314.786287617546
41227,9904.65543045304
99586,17189.2951245461
90587,4544.408226184709
22782,10033.813011571583
93463,7659.248953475844
99341,21133.354189516773
64748,7295.856452308988
41697,6646.022388111471
29629,5730.240680364854
92813,11416.500906531845
13081,20368.501017008733
45751,12707.192477642444
64122,29075.974207421044
53754,10103.094897515395
16402,9421.69989720611
19830,53388.50502858802
49815,34110.939927251224
36755,10324.734170280517
73979,7936.506799670173
28942,19018.903751453097
45917,13880.565993175453
61038,14204.170458279257
64443,15962.465779729611
25160,5267.377200338229
54504,44952.85434241601
94406,19915.613893727274
32638,22565.114244114906
10544,13373.6103626539
87907,10459.380957169637
72272,18518.403909517157
66463,13425.493107534836
98450,19937.34402516726
51920,14922.223500035012
71202,9152.294917707219
74979,10365.526953327086
28424,17534.23351928086
82298,11199.034090434216
89965,2598.39075330183
73910,12560.233141264707
69286,6416.5196026464855
83137,9605.485100785387
63965,9755.335926954791
73730,19521.652437103072
41661,12155.090101238284
52906,14789.066374412552
18787,18490.858554163588
84779,15637.122295101124
76621,14696.506864046143
19254,15210.973955979745
22323,25978.593939433686
30144,4515.631049516187
85523,19996.571717447754
39039,23784.05653824947
87971,8405.001532934455
93564,23141.402036605596
48567,23224.109443549885
93477,30534.3046716909
70742,7657.561509326688
39540,8319.274732433498
91608,22012.92678555409
83149,14699.08209822364
28854,14539.97457414952
75437,21442.50065428137
98210,8449.12782686541
20305,12436.143271150977
15318,10859.822220061495
47157,16723.884306526033
88905,17237.08499512023
55481,19420.03049697534
98935,44841.65487326926
15588,7748.249087260225
41475,10797.383952066593
41270,16018.539784984401
13441,7894.137727057545
28349,19017.99147706967
91204,27079.577345667385
16686,11207.51357452366
74619,32551.33519643882
82328,18904.90875984402
14980,9409.859485948768
35028,11885.39571174463
37811,15456.08662109571
63935,33331.99018927512
18126,9813.96720107016
94716,19032.658328237467
61290,8823.398342644166
39411,14518.170925094057
71046,18085.61729839763
77766,9156.88394714673
36494,24004.209474351144
53951,23831.71132812612
79337,10762.299736795509
58426,7907.295881297743
58318,25169.786222974668
38001,9387.371385669367
56547,23773.171939860105
58954,12373.120076476891
76241,24380.856748686772
11634,12525.934202149283
66694,10369.124314409382
14557,6668.933264343175
57663,4701.756397613999
53490,13222.31794555451
32958,11615.259709064452
27701,5845.8905744935255
98159,23605.2626827613
99283,18996.159178782545
51051,17292.646517263332
19196,16906.904835002293
78264,10871.474475871644
27603,7835.841289906357
24914,8439.708192421796
50665,9931.38108047063
50230,8125.665097366606
49270,31001.375465202742
69370,16714.39609256984
23435,14505.768059882748
77248,10258.252196805932
37120,49825.930554783874
87819,25074.463686270858
17251,44427.30022614761
28085,20286.360909967243
83297,20006.144211484803
18315,10240.460474558731
95962,9281.30070838046
88632,18803.742401720527
87993,19883.884167291417
97197,12392.461586673426
77972,5506.462796754002
98279,15163.324595105818
99623,12048.277515767622
20714,7353.743613728977
72217,24134.57551207745
80639,9799.094601391102
47030,21686.514029071328
51683,15211.05526775836
57776,20242.982188764538
24858,5622.168490333826
75739,26599.910086089993
28049,13721.930303664554
94827,6236.7916588893095
87987,7876.150332131596
95370,23165.280569615585
50902,12818.772316583847
14389,15621.576804928078
74367,13913.585786727006
84758,35484.022144065384
22306,10657.788760630232
65847,8697.558604512295
81361,6858.718618312623
83058,13090.368056169142
13483,13526.715926918307
84747,17627.427932770355
35071,9783.474188323371
72046,34475.7101678733
61341,9225.21131264935
97088,16300.592116202459
66247,16985.748801370788
76081,8578.78543558312
15062,10641.445112606769
66921,10626.048329378275
76208,53988.45168319537
56250,48389.15820714895
50487,49376.32668383707
42534,10420.679425505932
26621,10068.91381628398
58222,26555.952629942603
52699,11628.469977705488
38008,15198.564509921802
28941,10807.26613649289
77564,12921.952246896843
45669,3614.387565560515
24674,14039.051692815161
51906,15504.731769130547
31820,11695.34432118217
58982,11170.57189325738
50839,14432.892454855904
18010,21178.35056983817
12504,5876.825988659186
17035,12073.870755138423
55841,14979.65444995841
44981,10354.050121875782
52006,7492.284515796311
94386,32581.57918138644
19661,14494.738313234653
63566,10074.403382164572
79359,13801.84557818371
18325,39930.979803814305
67879,15516.2493303275
97085,7242.399601456096
14296,7941.427723522374
70572,20210.91866082958
26432,8596.031294777642
14414,7791.217702503747
48614,14477.157002144348
59441,24895.470709580994
43876,8062.172107745946
29316,21831.692051673082
99919,17871.947536507647
24854,27927.668530134513
46422,14570.474604506624
55168,15715.609124031831
71594,46975.883200710814
64127,21197.020126294403
88016,14386.520648183436
18070,19258.749921141727
47208,12130.954036845902
42967,6965.207947449955
28857,5183.26603165883
82200,11911.518114775801
85043,12386.257576232158
12506,17729.3683993539
38795,22734.152228565905
17724,11017.822863973419
11464,10227.657340849542
75747,15627.77581101324
22567,20393.61926420357
35951,8756.892065209759
31724,13847.39045562785
13715,14477.02272352203
18044,6035.418507803226
71136,25724.24285864905
26340,13388.768959342322
85964,7815.229594065819
35144,16278.128596184373
77898,7923.371320620425
29363,10415.04392507891
96837,16250.853411214743
87602,14183.246357084634
78308,7535.227247177032
90316,6757.279814851334
99140,12683.767608761524
17704,6675.333331889646
28921,21321.545762159272
96441,21143.546584157288
86256,16159.00020129458
47624,27255.216529119636
15748,11816.766067083721
51447,8027.7024041034
21599,32083.714096273266
72774,21935.93828560222
67251,13418.54224195411
28507,20478.09124926865
93657,22211.724513396464
58274,13128.64773376727
77405,12138.390314766057
78967,13115.464884427956
37927,29108.14362200364
43836,10219.042819724822
97762,10185.665690966889
97554,36442.08368616833
73888,19436.901723260515
57843,24473.44525352728
25997,13113.115740724586
21043,4102.618400298999
15301,28373.430566960582
96650,5732.414568864422
96822,34818.03446908643
66305,13688.67978326124
53447,8343.56972539269
83525,10435.148310677308
69067,10366.94667186328
30494,11960.49251672257
78944,23210.014548231688
38125,15383.4374683808
96348,18660.620060648795
90563,11508.97548045003
22547,15381.13747177475
68497,20697.240323560527
42524,9607.000467083428
92894,21446.697044787008
21741,23824.762691821932
87804,12608.15875587676
97394,18554.550103563062
22055,4579.5051629725
82726,10780.278224515547
17387,22811.232763043532
42165,11767.523748080443
86912,8933.861807361805
92112,18841.47806832174
52943,24758.092638487276
89848,10137.546033584229
13979,13759.364949402629
50689,8695.692296866178
44109,10391.903193461574
67130,8818.271691250757
35619,24699.637746295524
46452,6097.827367403093
32746,6117.54240793849
21832,24750.636330521356
86324,15500.80722611674
61173,20342.431127322434
71089,20345.345925879825
49483,23389.060761975772
96753,7517.755873235736
10927,9411.385514412263
32966,8920.301708565554
95776,14845.590862548574
35767,6398.858169475787
26318,9857.289345342144
27890,47848.083081699784
84641,11049.708162283925
89410,10447.496284993938
54843,9856.265634105956
54486,11001.678902397492
51694,10204.911430719509
38558,7488.520991889587
80445,11803.584347291959
72874,24359.79933444479
41127,19887.15876667914
72942,8758.88331269855
71007,23751.644771645497
32773,12675.293191595247
99728,14710.379992605678
43926,19573.18790772875
95060,10362.96095256145
41455,9061.870404327583
11601,11896.999854981059
22204,33240.026844857464
43303,10992.586167098376
73902,11366.79700571104
86252,18397.29108660926
70471,26412.670890143076
48176,12841.321470302375
85632,11745.207403533506
42518,6021.804945030755
36003,5978.877114026196
68685,8669.081194327895
84280,9899.755753047986
21529,28820.146237191362
29284,20567.610658115766
94448,27729.616960541418
96469,20789.072624463744
92806,7296.040598512915
99122,10514.345253602194
65957,14353.38722763408
91154,34943.9737422317
93930,48268.756808048645
87211,46129.427311545405
75320,8616.285191116
29589,8037.964375013062
56988,21694.623770659116
87285,9114.379618122231
13950,14856.812474591377
76589,14529.466598137442
41546,16692.0269984805
69941,28274.494604809064
94284,12254.487211441705
11426,10825.316524144422
31610,13776.704412384775
98057,7404.293299271269
52372,10230.829840213748
26333,8658.246649764611
25638,10860.681141522045
54827,10126.192266101018
99502,19646.358196984067
72399,12856.57388362478
70944,20261.342117344866
45433,8885.279196354755
33615,8780.483720023858
38864,22738.995289805014
38878,8048.367192612333
53974,9912.752860055818
77333,42135.1813074449
86322,22537.17421795598
42436,12985.32004465605
89415,26167.643621387855
26844,14194.7500006277
84146,8743.273126014896
16351,13182.555301692048
47423,27793.771296439452
31147,16238.452359606275
18174,13388.691270320798
61634,12126.270461737513
75279,21220.32869233952
97597,20819.99447681533
59073,13770.78090847167
50579,13987.227144905386
50557,10037.231723329907
88571,16047.452316964882
54178,8426.68997965224
22481,11507.705079579813
44647,21390.457403543172
62086,24041.728326596494
30487,10544.449252256332
69817,32074.217197643513
26944,48574.46591866447
96092,7793.984166792865
47342,10708.63604291595
41062,7087.4625516426095
39770,46731.515149964034
39232,15593.983237362103
27510,28077.981214248764
72785,10083.7947943675
99716,23178.9768471025
83621,12421.85480033231
76059,31084.776398795962
20889,9577.052445405494
13150,35816.04487261307
76198,14440.843624046785
81049,7315.166173227424
82287,10500.9255180118
42567,19225.63044001148
23443,5913.473816935175
11157,11009.670235293914
63155,8756.202801038065
72108,9683.350459970643
50322,20699.03972583278
40804,27031.038967352346
67883,11287.63419442225
90069,44200.122383852475
32289,8543.481806512518
52595,32485.462557415376
94812,8452.47679488971
56532,9945.091338665186
22519,8172.7129086525
83102,17420.26202191366
79965,19093.44178272451
80409,15244.616834251696
32244,29452.68353632336
65587,14394.762708276541
24824,17333.9547853642
96040,6467.2843420590325
18877,9839.2391190548
64882,29951.82097336741
20155,9112.921829662326
87347,13194.996110606295
46994,22225.389306033172
21545,10759.479254750924
89546,10062.540853689165
93750,10557.023071463842
34592,8560.267671639247
99796,12086.022992239403
27842,15003.279516351478
10396,3851.3356829644526
32106,11528.397593390193
45882,33151.21559908039
73598,31629.79495967985
84886,8901.320712693989
35731,10680.141110734294
23019,20101.279246261347
93682,13306.948105636635
43394,24848.670730714763
42582,17521.547062680158
26468,10456.882372668762
10784,7512.391980284459
38717,10005.340885260859
54897,19448.14216324477
83187,14255.536332396397
33777,16750.667529802504
74524,9979.476077747307
37464,24767.780195392483
39163,23919.576757039278
46214,27779.101162441242
53261,15660.907664857377
44758,18514.95453975332
42769,32362.585889814472
45798,15475.069181313098
53816,40874.47004475513
69247,22924.14403417301
48280,11349.443079708753
89237,19643.900477640458
28459,20614.918615935367
92203,12451.116842232132
85938,11767.523748080443
18208,7000.6817587732585
65375,15328.683211368327
84697,12006.76279065006
87381,20262.04501930229
16110,28783.71043603876
71529,28237.989352428456
49190,14350.002811573104
63632,15798.314951027538
28823,19920.489612980593
36625,17004.68742433009
38753,11558.48821129764
92344,13052.72889961262
12202,24886.233490000006
89555,9337.15185915977
92777,18900.337136311657
76054,11496.968026088778
89001,19188.45600026599
22391,7639.056928407143
38125,14194.613189345226
19979,13384.238693837287
61425,12585.003621384916
93398,11371.954865382495
95406,7448.094861415633
73656,27775.959722005813
69145,15771.296680563337
33583,15393.115876002345
94723,18383.607500832346
22385,6905.279795671642
51523,35639.730681429006
91668,22627.918793943056
70787,34991.90068688383
79923,24617.97216448281
60952,11378.067093706595
68399,26481.653041014255
69485,8411.869574310602
86011,14231.747676397159
99174,56160.91180990759
81979,28575.358324690595
58594,9516.407164760767
73772,10274.611589635215
31430,29037.367377582144
95567,14962.368031400765
40776,8021.216071069908
69052,16464.80376208727
17786,13757.304146230847
36220,10467.202632284043
61560,20364.58425878639
99491,8842.940033656188
43023,19707.424978268264
47029,10893.63690736537
48679,29438.392788155223
33418,17292.27196907986
85500,28367.661552333248
60254,16005.673044706455
22847,3239.667687225103
50236,8280.797708309872
17167,9070.491999200687
92476,22431.844869705496
10775,32874.88918504511
41829,14549.440894638981
53055,17577.021903630433
60410,27417.35956791869
66163,9987.194801435817
58769,23466.6227868408
64041,19584.00545768861
48478,22937.440709109407
18079,6116.6100414902685
64701,9502.681861423527
20670,8723.868643430475
64115,9598.004380976108
70721,26473.568088769534
29280,17589.006505808804
94069,8740.25286735097
80317,16473.793509157676
32256,21302.209997450005
27204,26122.420402113043
49651,13770.974977169848
52824,8477.532117144161
83095,12517.69236197136
56301,13485.804507437977
37749,12958.664596646215
67234,48552.7788826773
79935,10686.315736166765
58944,11835.280646375983
47283,19536.606849504027
79117,20639.94427738754
14880,21854.255229850314
47941,10266.023370246672
35433,5812.965304685509
27523,19133.077492983968
89261,10522.154887488201
41229,14202.499132974935
71569,17556.135012906376
44410,16738.456019945646
69903,62783.2277777803
61145,9611.97456288501
82556,45999.43152573766
60701,9317.856520010875
30606,7743.892960003748
23456,7803.6471269716985
50447,23111.948976371183
68579,15755.763203190876
38034,43893.522040954165
14253,5613.832878709509
64441,9829.604960997422
30055,16498.434480859883
12162,21752.529290143975
98336,21389.56170581048
82305,16864.132454087023
25290,7113.198049916604
12433,19411.685573511757
45094,9234.374538345148
96794,22009.44107307353
60120,27184.38789165262
63593,23559.270401630485
15209,14576.498541284429
55786,13725.186067225632
45960,13692.294241254645
30737,72398.16252337364
67251,9718.079432249833
49482,26758.84346567662
51745,16241.931525599135
71482,17100.17975359729
72277,23458.067000185052
19293,21998.431317506464
23834,25609.102639195
56412,38617.64763190088
86912,18280.604774371237
43248,8720.900958485232
60360,11403.599093362178
34010,6940.567001720601
38102,29932.129243117197
15419,10245.674514720182
99126,18877.601934049893
60675,10675.484347972884
62248,49969.88826369604
88102,15944.70362876168
42182,14415.524050617587
25061,14985.680735952057
15565,10323.750625398032
14690,10507.934498898117
53505,11576.983377392968
55280,14191.414792541716
16375,8669.258213826834
98971,26941.761819418156
49886,23089.06244137984
45397,9071.480804515542
64905,47186.22730771948
32532,10000.641138205476
36943,11483.95685690362
50723,14282.993583697336
70429,34229.77395740233
71320,39363.2677306289
53687,21858.121620908332
21879,24890.312279297454
29337,24545.87781681034
93552,8904.571297105591
75978,19060.321915265966
89918,37307.56384059276
10272,14133.120406052185
19159,19273.089483005137
53179,27221.823003502832
13534,10994.775094448469
51537,15792.233560444367
19035,21857.749182268977
61810,8689.208551003801
70545,15271.11077896006
55308,9613.084385036876
14167,8694.407479994352
38500,22222.34622879707
14729,9585.768850779717
90891,9338.156402055793
73038,9041.09310601795
93864,12675.519413415765
78263,18859.584176301807
87103,12887.302548245556
10520,27639.410039369584
99311,7075.385667205077
70998,16999.5358216608
75920,12637.674845221696
38725,9706.52813023308
45009,22566.460958117004
94648,26922.07091098303
76698,20196.851613018353
82377,13870.195025928046
87169,12308.429811305734
51272,15413.577895379833
18598,23906.669322421825
79053,12295.711177264891
27260,16316.825202084734
35451,9429.191960686816
22057,12021.167642607801
18178,82747.73809298681
14335,13792.951283607079
20351,30836.550773803086
52928,21088.18103828744
80432,7725.299935934974
77434,9617.201520456498
36538,15174.586564579264
94909,20896.911805932727
42041,17226.492799945292
93173,7692.26525084453
32595,4464.579278154059
24085,26040.59097651628
28039,9481.654191988335
88417,42411.60446276166
19727,10927.273120286693
24501,7309.035161986594
15348,3660.869808296993
64877,7039.243686537464
39292,10531.672395945208
58924,19072.298096568084
77802,20520.784929317822
65728,9667.17893595548
16526,23742.01019526735
75054,5406.896623733541
89495,15140.07911864313
56953,27939.735206155667
66810,22504.67061079574
40059,7893.0365180144145
68656,19646.339579005136
97085,15646.150938281771
17080,8272.691766467484
14295,7951.758797556637
98677,8836.629373560078
31296,25227.45688845369
32069,17611.725720897455
42653,16829.45202676473
64433,16423.086269592997
71309,45740.45692851705
95717,24028.830598842633
75265,1646.8813893941406
52088,13536.292355484822
67348,11385.619736385623
27556,11307.148814374446
59661,5356.99361308729
23834,45101.95897380427
86884,6961.288488245589
95472,15738.30387150763
45449,14098.899518099224
98722,8551.271751750479
21433,21128.084205426112
60896,22707.496781392558
25334,18208.543519165687
48797,23507.081947165807
77543,6930.908841750905
15597,15475.260614456434
66460,33680.88205646481
57540,10536.562497374169
74450,15897.999982993273
42987,23805.70862518355
51098,9212.136709133745
89968,12714.332273150023
62151,14775.245292863498
67793,18808.225483761373
74309,16790.450740692548
63090,8430.74074106191
93300,15488.556949373793
32870,29416.97879221492
64844,24889.98014584033
30354,6851.690622087348
30729,13342.432648442375
25182,21983.599080451873
96069,22748.598481947316
61238,12875.83943354372
75885,22717.25569022388
31790,15226.550237783791
92204,19983.261049751058
46130,6318.570998471576
80454,2815.8004151992045
86523,11542.94505412347
79511,8605.565249157085
28768,16492.36908777038
39537,14414.911027032438
35230,15834.472418400146
46263,17073.57217230979
88310,11638.489533139034
22314,24467.952940704225
25951,7859.307257367973
31350,21929.096044983446
81836,21210.027159319314
84274,30701.8574285705
44689,4304.225605391757
39755,15499.599648503123
60847,33696.409175580295
46233,9926.726562569838
74820,32915.623555908605
23598,9887.57716813315
40990,5879.078373936776
69158,12265.757850565173
68571,13027.241131366116
75329,22481.965307195347
50989,18336.61873690374
86162,16026.201308100382
85506,8820.19713802286
51623,9915.656384144764
26191,13244.70880234325
94279,24797.072493911193
95430,14867.571555070372
43989,9232.338287285951
41467,17463.137637849184
57864,15005.327881430094
25851,29036.02112916333
29700,24304.458631819198
26979,9680.909496489148
65011,12246.786314890433
13487,13948.966971120892
20707,2732.2327762511613
86795,9656.632030916368
31354,9336.901179392149
76610,97893.97030397768
89017,10388.389094514896
20755,6158.6610926008325
42134,8206.24916474708
17053,6485.433311808585
77956,15886.104958708303
17243,14143.866355627279
91801,13515.824099072644
52434,5025.782111530229
75592,24179.53825534911
34383,10439.270444601452
55475,13687.184906360992
36343,9251.156316724242
39400,1906.444577807324
23864,30709.925054930947
88119,25279.63526608535
63446,3823.1259611577843
69612,11219.113562100345
36160,13526.664175497053
49302,27186.94506024704
85913,9374.808504762248
96202,19234.614206014892
55017,5310.016774031137
21194,31301.25327788893
16981,6709.945433772138
78284,57001.31933362523
27094,26259.142804044153
40387,12973.68103499786
34268,12612.316082202535
32328,7521.941121743597
13627,25446.558747477517
78469,11578.522806102623
72702,6746.354983864219
39817,3769.4429158790153
20174,7652.036420952039
47710,28633.680699365148
32020,7420.448190245064
97254,21003.820999616997
35456,10928.21262370453
90835,10195.752503459149
29853,18350.577115121232
72726,17259.586205475127
68244,13027.543527867907
13935,20118.047479334666
10839,13812.937774393113
88713,17355.38602095235
67850,15582.185063075794
10950,14369.414117953515
48114,16980.91428177007
40944,7859.841047566633
65720,14055.503259981338
84245,18067.744117338094
74683,10112.99186540108
42278,19227.500356059445
21184,116143.13172021751
94232,9197.907296530273
50707,7844.855573309436
88889,13815.953792208562
75505,14703.337941831798
34325,19821.11702141082
61942,9392.565541056598
66028,17895.600938027415
52732,8017.871167113695
94644,37251.896651051764
21879,60617.64677184016
89944,28856.477082147954
66273,16283.20956270972
43927,10334.846360891788
29482,10139.61571606011
19502,20250.462667702086
85172,17689.74393283814
12201,16265.181665207481
99786,22009.025806147773
31967,14849.130049613086
14586,9958.883337673173
81072,10522.703936840488
80349,9257.402044280436
27543,17778.45451815232
89960,7969.910120265429
77968,10020.984941164897
66609,12339.27546273957
39525,17749.850382131433
88461,5141.903575458591
96294,15284.254902552275
67844,38785.9518250807
91133,11281.903123744778
50602,13590.046969987758
36653,9642.071187169968
66827,7960.7982594982295
20390,20692.260426873854
38510,23569.9846512034
63296,10340.493731911347
21015,11258.999696999945
56911,34481.69150773692
18840,13269.962198876483
58417,25839.90203088704
41476,25447.263758175468
81515,6668.756995066311
53281,21182.669153511997
13673,12997.484011108456
11212,18844.085594706194
19336,12503.810374943252
72308,12221.487241703451
39550,46628.96630661955
71343,6117.54240793849
13719,38637.52628452047
74687,11196.887384360936
25319,10979.206639880258
67178,12726.865860289356
78602,17325.749042079526
20300,13281.703625153245
78920,5408.640995096346
15484,7355.087715860418
42579,27685.44964313456
28815,20051.128734058413
65906,25828.91257463504
58023,15626.095492614522
74751,11143.700411854395
16421,7309.1343933066655
71467,19409.155185551004
90758,20499.067169273643
13441,25574.059414122523
36043,13783.317549134417
35520,30597.472449764733
68217,33749.39395175811
84270,15009.517208674453
90681,17376.343964547446
62156,46565.63118673474
85640,13331.470818609167
22641,11485.977022077375
47672,13261.38108341353
61880,26487.48605678469
14621,50161.75718814143
41963,13671.102195220597
57051,10372.699473548417
74978,23846.592475706922
69623,12568.365815162702
77589,19205.965492489202
89221,16140.483880676225
70254,8771.450055997058
29988,8789.042675439627
57641,10566.042515739213
10528,6728.096614106626
12011,27413.26064860017
53948,30055.705728872643
54308,17514.75574501488
80437,11449.910591759082
59475,12908.682168308544
11015,13077.094776769143
42000,10315.47776280681
25337,10819.00925353511
83985,13901.275264077402
69525,23924.341007279803
26827,13968.549407269114
99045,2637.666788802271
48673,20140.70089414354
45734,28395.92358439556
96256,30080.81987390441
25843,22268.894471143707
32450,7178.538339051751
76035,11324.0839553792
93672,8668.97776081501
72616,22578.623180344523
94306,10943.484328311226
25366,23152.90099080372
41307,51778.088308514445
37944,25821.42012346473
90918,18953.454373693974
29060,30271.52304969325
17969,13264.287393047058
86470,18926.37036739526
13144,16690.463257263094
23100,24972.19373210583
71723,23981.08236307617
35191,13240.239306828611
95443,14038.217761990207
33813,15223.381550313557
62007,21089.755112423383
28219,14604.263168497058
57049,8850.138568424209
59923,10912.455718854431
84144,10867.470965684723
68303,30614.70022755283
80297,9211.661842264892
81068,13026.799680404356
27830,10139.61571606011
19117,14799.155230100965
36797,26283.080612935883
74565,18005.755895844693
90820,10042.023046441247
71058,12320.589911164094
16556,9706.607762694683
93053,19031.06814540183
32480,14352.157667309457
82785,13045.019586672188
98281,15369.63977736093
55076,7249.177802054317
42898,12142.06220307645
89548,14396.646494940946
48203,18665.131823869113
29540,18640.70304673436
14956,20242.619506094856
43099,9354.876153026064
81485,13758.686460486799
86372,26011.052793583596
92324,24967.025130550544
32957,29412.764616608296
57200,25156.602296657784
29245,7094.982803840818
10593,20340.769958245393
90951,9782.217669383721
77889,16218.55784829995
30160,41037.004920272055
99047,10444.609034494508
99260,66896.82292073214
55672,24832.66752985231
28616,25807.74235803035
18623,4963.909633002195
29942,7769.138498897912
45955,13991.914345500936
49131,10093.21481066815
53264,11795.37414458938
28664,21665.355247986903
66675,14050.264604636428
13743,31165.495696537706
68222,9376.906337834274
85094,23282.63577288026
86538,14715.881547185607
99962,8185.627491274288
88115,19997.97679839153
54175,7895.151721578932
62414,10908.594486676848
84530,16058.840676327067
57226,13884.163556257741
10180,10849.858541601432
59830,12530.278800040414
41811,10713.210356681484
38479,9083.659140540301
97483,10052.077848721841
55024,5027.476411728294
57086,27433.062165354837
28495,14771.652894248095
44224,9475.239511387199
64324,16707.851407157057
96502,5179.2304446158705
43112,20283.43495674728
41166,30229.74555151904
61233,26293.870122325217
43910,7549.013507115747
82669,20797.508881712693
66942,9988.750572352215
60802,7231.439271198591
56046,16208.507469918355
47888,8694.10770492178
45599,27138.123107755837
95194,8525.620730700628
13652,8984.506637675799
20622,12189.311208674993
96538,7227.335433345372
46794,16539.001582089393
88363,15966.671459945796
45401,15275.465349214033
46310,28391.008074649188
14704,7117.697380998126
74636,11371.954865382495
14161,26116.806151226418
80299,8266.655683169996
77307,19165.66058446002
13704,25848.51931700183
60778,19697.861165797996
82929,12169.168572776507
38881,17384.829185990428
40466,15929.237906746894
61031,27316.07648942358
58475,41628.08482661195
34354,13112.882074097883
16503,13581.53034776602
50626,19183.930960006714
47364,16020.638686325316
89001,9557.537703162267
92615,8456.803184458115
97630,14067.963029991113
53961,6037.794951410628
23776,8913.158980749668
57972,8099.732662609327
37311,32341.13933903184
52838,7620.023260848415
82602,12568.234972122285
15093,34072.31117397381
60345,33352.18309901053
52240,10570.132078474917
40140,16199.35873132233
70087,10262.706740650217
99096,21168.73707922744
29206,8916.872803883265
87106,37255.43441696293
53821,30439.65731604788
35767,19233.36139146339
69044,21517.048479216923
46896,19937.861505677713
87171,21694.623770659116
58107,26013.834255063815
55928,9497.13771007208
30581,8244.588948485607
85166,24729.468896928054
77774,39547.897874929535
72009,16501.642848432115
82242,14563.176592394693
70808,55397.9933938528
68969,12540.255790053132
30144,12986.644390759888
81350,23678.31790707568
78109,7539.679430807379
44144,10545.900733066397
59899,10254.18848909011
48063,8665.93789277702
73728,20197.003644041208
27230,37663.05566471975
38579,10650.3150520468
42082,31274.505590787117
91821,23980.625665158594
58566,13566.400437538123
58906,4635.515690321978
72954,12261.478111506847
10838,9030.862395955726
99193,34143.63337526065
90333,12559.685202391789
54329,5957.600940257851
39436,21465.43799076753
79434,48167.40349576299
90308,15114.262421668522
50904,10750.42516641843
49177,12515.932242048235
35626,8409.783704332076
91264,49821.36491527732
91284,12923.714520358775
15953,30013.32012566681
49815,19246.64895281885
24761,6408.018836866328
23854,11864.451486593593
15421,28545.568202240716
80405,23350.314258082326
15013,18743.997609073616
57043,10678.00582501127
71169,32166.261148846268
93708,13289.80223242742
34756,29242.91686583863
46450,9292.000016294765
40324,23196.12881532253
83541,6615.160388806007
38500,13335.14611113957
74232,13413.477867641299
15829,19875.914326894515
56859,19253.403777495692
87234,18794.649377845526
81435,32649.582644912123
99874,10220.936032300611
67510,26316.001331611456
32625,10877.030471295784
48007,11472.998034386217
55407,20983.14919534421
47837,17880.906167269895
74165,10760.64395025809
31562,27049.787674725514
86930,25270.501044703957
71550,20774.01949683364
40835,6249.332796774004
33647,11922.850683440765
39193,50427.41043657679
37593,7974.898270578256
48077,13822.273098789236
49283,14105.57442018494
94553,11041.258154775998
57030,8235.569676139457
36395,22339.30537577003
63610,14564.997092467569
13031,14598.409861075601
19111,6948.512198093806
21110,11367.692388094963
49328,13676.94569779576
12062,12643.194001346073
95582,29164.76895911825
82179,11851.947159597406
18307,8152.383076023063
13387,7455.49902902227
43824,10436.083375902697
80030,6003.498938910003
99707,16987.95747548557
26151,33904.37358386269
49700,37413.87085648214
29768,32433.186281773607
36074,23870.03785249889
48793,8115.94195139337
81851,16029.441863870288
62484,14290.564763998447
35867,9232.798872399011
16747,9616.811760771016
44726,17242.119278615526
97395,19309.298602505227
55766,32863.582391607044
14719,12568.129921861928
88182,6214.036890443964
43359,9852.574036381797
32496,6292.7548394738005
96445,31185.248086833817
98679,7722.962824498078
60559,67912.54460263814
99639,17324.246324347976
93027,14232.042560374251
29836,8419.723033506614
74749,10526.72123319994
99115,20689.45406730842
22338,15276.684669245458
98591,9008.153119577748
58867,12938.267235415731
49105,62162.438214487396
33034,10943.64900023023
37130,13800.634208936171
91139,11547.179130712688
45555,10941.41387353807
73552,15550.941487668051
22300,32413.550118473715
29797,7731.144880501348
38530,9542.727361720394
42711,22222.34622879707
41992,30337.211172802257
86451,10191.40061677431
50670,11809.562824433051
83870,21426.25335768258
63578,19820.044777986222
77364,9887.786359518494
88675,9532.767726144615
97177,20148.964973704253
92109,20798.498329488833
67625,19205.722944267498
10250,15720.214760565872
38097,18125.547572121483
51948,11885.01369012701
87444,22405.983361606
39415,16541.39207999345
87156,44147.901737895656
67749,17229.950921570337
15848,26354.818134798534
94556,6788.850964007772
28529,16744.257193416455
24218,12151.682398596371
60815,8130.992391508695
38381,17950.916671677765
38987,10572.729593171354
62013,32657.544457100244
80099,19208.88112529354
95002,10425.306285710481
29110,9672.171818298448
28319,24605.731151978474
49957,9974.597900844636
56910,11109.84084246329
93415,14385.553965739602
73186,26364.637383069952
39123,11501.078991029353
10405,26426.83278693787
28418,11349.876171302794
21205,23854.290822195333
93166,19033.09068272792
64951,11009.550132666722
12186,15771.941444939173
42460,12905.155095078448
46251,21758.5362116832
48872,22645.760133334523
28640,14404.338142884926
78908,8156.586674232918
75735,18900.6021543459
84851,10174.991009590725
84696,14826.444341637229
83203,13578.700737674566
16392,14598.28516229497
10617,8601.71364842937
14175,14930.020984224171
19905,13864.217004686307
40728,24668.05164441149
34864,20132.570127276125
39452,14915.528377608585
42905,20414.337897955244
57069,12117.413600095475
23214,16036.216977301472
33662,48504.74639557863
73892,15435.152323954107
95939,18023.743257517926
36520,17972.665450263048
93693,9480.85410445977
27806,5816.948969780247
81088,12900.876315087064
26702,13415.836961615933
63252,13595.60810757359
21794,13105.212326987627
37972,11507.304203015352
57640,17667.777589238987
70868,22588.41551160974
20779,27609.704683280277
71919,8516.73995378063
44498,20704.629917642094
12921,5370.706813415847
92357,7176.933600218339
57386,9353.972117387977
80469,15880.16651824692
68598,31520.303699023774
93439,9849.633725431439
67154,4854.730390853791
98459,9806.313104208908
45854,30783.8553898054
87676,18185.026678956296
61629,21953.944884345972
38556,14687.375270219103
34898,9232.338287285951
28568,25506.954884591636
36214,23357.7156202034
74211,11560.979311953277
95550,32784.50411333326
74463,21064.803962122
42761,9519.187021335041
25890,5099.3058193333945
24030,8993.54529685303
62352,13365.404662380346
64273,14750.551614588396
83717,10757.164987834309
91003,21208.190175054595
49007,18805.427262189416
89703,11982.495440137904
84861,4873.613215466639
54748,17032.974299012007
28886,11779.036967535649
51151,19640.740742429072
11623,10197.32369836271
13955,11124.253221342493
42978,30960.875183145923
11627,19116.410147717485
82735,4797.1063698348225
50983,9542.4523258045
84891,9062.835480187869
56824,17891.387577465583
30365,10791.606978177897
77037,11729.186574969743
63279,15785.168243405577
17242,15704.696237957633
54290,15220.776299965784
45106,19003.287311885437
64661,11055.532636000047
94039,12399.93889311502
88362,28220.02059904828
47532,20905.75616498167
42007,18632.740622482354
96772,13734.983930764554
34364,25307.947412520625
71276,12711.543863609064
84478,7882.317384919341
33416,8629.040035037
56482,33106.82243969469
55378,29966.032389342887
17865,12119.169432174669
12199,12556.43480612318
60522,5529.771511199382
47523,18564.17036230915
21480,38999.42122117881
33643,20052.62959941439
80973,20226.91887671063
15731,10546.955400408915
14830,17760.979912519397
32166,16384.52656993872
28145,20513.031768538072
22061,11306.701201024294
67089,16867.370560770574
37301,12147.166755567396
35134,7798.493098690089
78852,11231.561500228887
75988,15068.871864773057
75445,13428.490447696935
31478,11915.122793064316
41054,12593.535679088298
37838,20469.823338295973
34236,34727.080060790744
84271,10808.597676812067
67058,14983.212605121536
73954,14366.650759217322
54542,8051.871323833844
20973,9830.961405240716
26195,25811.726511570938
15497,4929.485441131796
13348,5338.267483938149
69076,11417.655764383664
27881,12839.9807956716
42697,19176.6407257237
98454,27992.117476618267
82435,18167.87048069878
84286,12067.27925355137
60490,17486.05850453717
42804,53257.68248166168
34855,10255.333201519283
90369,11209.472736885731
41779,8437.739896955298
73794,28307.596319448254
15456,10972.436148384975
45657,39186.909014861274
28855,12262.107943972318
79793,15177.519474483594
11306,6160.309951390198
88529,6751.846495982165
86038,26837.35322527486
98282,41524.001070700935
78161,22729.538076159995
30582,21415.868372264937
53954,10423.198282855916
99543,16351.889648910037
48137,13641.2989441085
99113,13842.176431844346
48965,15212.41301525334
32546,10408.934811397281
46790,24476.204836637393
38045,11516.724681331109
75816,27519.81073184175
21713,13079.735123548651
32903,13221.789195003585
30304,26409.33484467199
66024,18677.252324416782
40569,6322.603398820611
58114,21179.155689792835
29524,9164.674866611895
38463,12013.994215883617
77447,12115.34561803491
57320,19956.537789781294
44150,12185.496650647805
44780,10031.086422584209
67209,10519.3777586082
77770,12248.789144180206
75138,49641.428884486646
75497,17055.25900395372
42100,12148.027296875025
14134,25758.1341433068
95977,18455.512823748322
51877,13033.230567414217
80162,11584.290591873387
88251,20419.79622605516
61869,18143.467333340985
98733,34157.27644660273
67204,17575.113716225438
77187,24702.579173700095
27507,35045.459352832
52770,9705.171928834585
11558,17573.139089416145
13064,9936.985685466512
81994,8266.15541080245
33320,6047.020511053897
71909,13241.718788830565
89538,16513.516495309086
25265,18261.012424040233
23900,10779.613739839668
34311,38468.09185228456
79541,25044.4485798593
28014,8937.890485508698
39916,13499.042862613267
86093,10334.846360891788
59747,29969.36830282188
68884,6743.828790027912
91100,11012.680859526232
86602,9924.268565340019
89006,30458.45365664968
71433,4455.341077576197
30745,9620.61514513037
74938,30751.31746223262
63219,25390.405851696298
32235,17129.881055746777
86463,23064.817447052817
68585,13347.338755992241
71647,18037.20489403317
62067,21398.8706329929
49230,17054.735959025704
59788,14445.058375595629
40420,10496.035921401988
25032,14907.548569607885
49143,11382.0870848542
39178,9924.386473092447
22070,11227.955358473067
96512,39656.364642916065
35838,31584.429197175232
28002,10592.089454813751
41370,10328.263154714954
70954,11550.20166945951
47486,21268.539848011045
25377,10981.654842529624
74800,7608.865295391393
57803,23813.322009150324
16627,23788.152180603138
70225,27305.434114968695
86364,10274.67755437818
25048,15275.465349214033
23573,2727.9227191874925
17130,13026.51012900387
20286,18854.16470294895
18677,29649.985591176734
55085,6948.967880319826
89867,38029.67989921193
48109,11080.878723687618
92301,25156.74172432485
27298,15411.003823602648
17575,22593.893236816715
14357,4487.708528556941
36914,13971.721146174299
79775,8088.792335912651
11879,19230.267909791804
89069,8046.452409829837
96120,9273.120046018455
44669,16433.677355696756
19111,41076.90843436496
48774,8265.05145351664
28754,11509.08753187104
99615,16977.480891597403
31823,7325.08962295397
84092,6759.863131719087
82899,19124.495288675847
47468,7011.400786958102
65714,21170.558610266035
80959,27408.730989935364
55104,11531.586098790816
32133,9904.845922846214
51623,10351.82521364377
87836,11584.390773134764
31579,9401.562254097382
15486,8668.71119134099
89759,15116.359486783284
52008,12915.675793455075
72969,10163.194960380497
17213,19609.90678991111
10838,34628.38155035037
62320,20723.314797469888
86663,11394.175892869904
58354,8820.038764541474
57617,24365.92859195039
47038,31122.662438768588
15660,13833.513665900406
37793,12994.004914891702
35744,10326.329596033189
27034,15613.727489190507
50294,2378.199265510182
44492,17654.56044727852
51813,12545.638382822595
63185,25719.515648583103
35070,11374.74446250826
43302,21952.34413491834
94639,17905.299499727415
99507,17790.542521318224
48762,39618.68244277431
25958,7832.025007433411
64281,10643.475632933852
91572,10488.890046023727
66886,12255.052425676811
22574,6467.2843420590325
27026,23237.90037180738
36757,19831.02416929739
98554,25758.842536881537
48205,9507.42094495468
33641,6324.039320423315
83341,6671.884126787834
94295,20813.625880676656
69261,17501.26924639972
94923,8738.496743991112
53081,15535.687905588667
40032,11831.090501963165
14273,6467.881841449755
86832,4260.818090472545
82981,9958.006574901938
60086,10218.164169785734
41278,20966.14982219477
98339,15756.939480735115
38960,14940.97673453137
50113,33533.3917971277
16313,7308.576565641377
25478,21045.69079164857
72549,6041.5656827041585
50161,29666.72919832223
43069,28772.763696992082
90260,12013.276907486435
50803,7569.162812166696
51612,9787.324075893452
33867,12694.236557597324
99257,16284.238385328885
24601,14361.304736242984
49349,15493.054476281339
63599,44132.05134838735
49565,15450.53766993849
76129,30205.260374581663
72451,12542.001667185059
47680,16319.48777719591
66665,41575.6947832306
45562,19462.53016725614
82522,13286.19791024727
54709,8307.640221225754
21708,12721.597704501024
38092,6563.255488201841
84810,13671.406901727685
27952,14287.441782166334
62279,13398.90292752522
57566,7913.3895392481845
61859,13430.608135472277
57594,2716.518763096339
53910,12820.167721672042
76880,18215.873340629703
84773,8359.774749658502
44776,16996.24119952361
90495,17601.460947095107
61738,17662.20537005307
24164,34250.52278797536
43279,7609.866290215308
92498,7386.657049642514
81419,6908.811619290751
97330,9482.936189136259
43040,17679.77267189128
88060,7793.984166792865
65261,11868.517822943675
53519,7925.224738011122
15533,50486.188733531184
96516,15444.847208676107
39041,16969.480282027107
11713,6875.957153036574
11884,17753.547944019032
43433,10685.298769648787
41763,20638.169559737762
90897,14779.63297179787
67225,8296.601805582328
81115,16140.483880676225
53377,19433.08281708141
28047,28216.142368945162
99381,21631.534212827355
52336,7265.70330024171
90756,5866.5679313504315
48381,16655.610435652667
93063,19017.99147706967
93436,33674.37633957698
89347,9676.89427046501
63679,9849.181845050753
80250,13698.067469956884
39129,14911.041176058461
10045,20895.90386661828
51267,7523.882556137611
55487,8728.994692831577
48962,15998.774798142751
81703,30061.182201874966
89986,6582.8782598916405
21021,16450.979570917825
85815,48181.224357410945
33598,20209.465168391383
33392,15744.71760198905
42610,15313.499557428944
85636,11106.411036503776
33446,10151.297636368441
27044,7603.242401259906
30613,17469.867377383183
87852,21415.64709098149
61337,21651.139474720247
99330,20070.229069098325
17829,10998.826047006898
95919,14301.830275968341
37911,12527.281397201546
29108,17071.708131409985
37023,26401.191330066966
26515,8059.938948124389
86670,14332.651478326392
14885,20596.7863184886
29923,15163.40712318211
96030,7990.468700763389
39748,22872.476330723697
65475,14877.592983066394
10648,42778.74674839851
92288,10342.459412966653
36579,9308.821701610606
55779,22261.478030063965
85005,18917.213814411916
54772,23812.871754573207
17167,27969.01834301406
40002,6148.208351069767
41443,9921.629703703216
69993,12213.315289990078
88549,13322.625929593607
85210,18303.252884700014
97643,10726.15933712194
72507,25523.3903033446
27762,9094.621915377833
18842,14263.38606652785
81507,27930.97705329091
67885,49125.30906911469
89113,15257.851672569239
35188,20211.893145274353
32301,8215.928149029325
84683,22222.34622879707
46934,26065.899102209005
71621,14541.461806717263
83326,18412.955803675643
88401,22423.80114112634
14368,6030.574230385091
98441,30390.584228689266
95406,16522.320419348966
53912,15390.212095296909
35046,18863.015142144563
44660,8302.18292704884
30831,23095.706907039385
16920,10779.613739839668
43787,10531.769986089292
84220,6647.011991550202
97288,5539.401064427899
76603,8507.445350099091
92539,16018.078659648256
87738,11639.455462175543
22321,8903.80060109522
62517,17698.490246351175
28150,12318.38271309767
22604,26581.422147756457
97449,14116.34341630013
91691,5804.02699886031
12104,19646.85251479491
23053,6087.71501469752
64005,13983.562793588651
27948,30599.151195871233
53886,12016.464180966595
14057,21869.186814051245
58191,16695.40686005573
86953,28290.855660657897
71980,6977.563826273605
65073,6826.807218157495
36667,37133.358271564975
94729,13313.694139158264
74392,7623.507030310908
27104,17053.536440414304
13540,12015.234514460037
87015,17941.709489883422
28628,6658.607849556047
88990,18811.23872734212
94541,10111.55975028424
57615,10710.786940284306
12435,21298.32893026505
17928,18514.472669796378
90468,14674.20222498792
53985,10374.598509735688
18164,21705.344408190147
56700,5816.073464580257
96400,13439.021005426788
76338,17371.71451460009
31912,5589.3308268249275
86355,10552.836262733006
22469,59517.90543930595
92705,9397.780016193745
57350,6455.228609339045
79351,28745.791465464186
50220,8424.113446548443
76911,16462.740400933108
88544,12720.643456601554
16019,16665.175156273952
39645,15834.989180106817
40504,29527.488178970027
68194,25991.339943758012
29591,11515.607683751317
77677,11608.474756737734
15431,47053.28094226011
50529,24933.740351197448
86729,7388.390890520213
69363,11206.73820636562
95634,8998.7990549413
28638,27104.49708642618
64618,7486.263259736668
11965,15773.996634174588
65682,20606.221717678185
53903,40828.77022570469
45034,9174.191555041532
93122,9022.747549639213
48807,16243.266857123333
30845,12106.049667414472
29818,9483.63059682963
17387,12248.986587950245
63641,23155.362047216207
55349,23705.801696268656
72903,12735.631326243973
66348,6357.359294991444
47156,6197.654272119798
12494,16277.531060431063
67265,7910.635906827132
78902,23651.946955653482
52221,10831.863810609004
87446,17729.73915006785
70731,9989.925927178763
73448,7202.227481122951
82429,10175.421456591579
29475,10305.57031130069
78070,19627.372025460234
85563,5421.899798062615
23844,19327.448644767715
10317,18319.238283030852
89532,15357.008579842855
95722,18742.067575692807
75639,13610.615968204243
68572,18141.843176394017
52833,13219.708131237032
76538,20495.912336476435
37430,10315.434711427164
19640,11702.988221741034
69345,9878.867388798702
34942,8831.881836555753
55602,14195.797473154436
42905,26406.988052997123
96954,9574.497736224821
23105,12389.407048288525
14874,11273.092331061074
78940,20139.968212369582
90554,13687.003319537791
42283,15484.040816869903
71145,8158.626420178174
52136,8980.559638049754
51141,15966.368246293952
26348,9683.515833542495
65775,20479.194601346902
42787,23751.644771645497
77369,14765.13967543359
69045,20509.699312293345
71047,15012.213138697547
37389,19516.220546728247
73716,16622.901750943285
86523,16044.095108809768
27810,14156.926454097149
73158,11097.842702184413
93814,13075.413802087542
57641,16256.585162356243
54546,25611.890912561255
63013,14096.461484370539
38022,10723.209480145599
84395,21940.507207192582
79372,12749.687356225355
64960,10666.43633133233
90977,20141.332519622076
40000,17462.726960772616
34164,8242.455409942157
12615,6098.050308284848
24767,15112.798080166147
31164,20933.433841360646
61803,25880.60078104595
18934,9908.595046685128
45346,19656.859652600182
95347,13453.027213795443
25920,14295.70331135692
82169,11607.069584130493
66445,21426.453285564796
85797,14614.481595749654
59316,6955.176249463992
11085,17101.530342780334
82407,9735.2171141014
42626,11742.063586569097
78725,12335.385055929892
22698,40450.981905141365
86508,10214.618718737649
33884,22748.974475786756
16366,13004.956672161803
80438,11943.606658514604
43366,28922.029009263402
11988,7801.231244956069
98552,7958.6354793592145
80070,5707.733270997072
60592,16577.266437085054
26775,16986.60458587107
10472,9660.008961493877
33790,10325.763167041368
20977,19586.96334895388
80021,14573.079431963413
27978,10291.031861291385
49062,20442.74103373259
58104,9571.907157399448
35517,6520.76691295759
86871,8524.916129775982
98121,11037.440201680032
12722,18165.61064577734
17942,7198.012269174986
81089,13417.947833589893
43408,10733.728463041238
60444,16193.970982448769
40587,13280.628301320827
26328,12085.410736751668
37383,11295.007342528072
46635,24372.753734028447
56650,25431.981775931577
72843,10676.867768538235
50752,2603.0652177057327
87408,21216.777897347245
26778,10166.830759847375
39092,13405.037614917339
22807,15796.230733779226
71427,20866.05375776952
88400,7564.1473228552
35703,23219.624963565846
25185,14709.972049496013
10810,41375.912522420345
51402,14975.676252883435
96690,4828.699357257612
64987,23415.527736092303
95323,6904.99088420696
99045,17217.62310779982
95137,14196.362207398019
20227,59639.84512498633
84673,31185.77057128658
85471,14489.078897145184
28400,18523.081528789135
73009,9343.05563758481
97225,10908.016394883747
60139,15566.904107631513
73850,33905.097315040424
52384,8984.302265597395
77325,8975.398427313348
92824,9198.367881643333
42631,28821.642169945477
88910,6952.935973821246
28975,9096.17950061785
99555,8189.177387489863
93644,12124.391219132576
87173,11910.114716707649
71847,15052.914028594467
83328,12082.64729771589
66856,26208.25378841244
23262,6766.563695781535
82037,8264.908973430585
73031,7670.41881021579
37416,8930.456609039593
37979,15299.75242456758
36290,9586.055065617507
69950,11154.971991763554
89098,7612.6447537809145
72515,26225.48216894767
94508,27084.950888500167
53030,6868.059137888435
68138,36050.8502415045
32208,18796.684177187897
99011,16772.947577577546
35617,46358.70753741173
53024,17386.767143081623
51006,6845.876014185953
70505,20032.69669471389
64002,10450.43461626435
75349,15329.886848802586
82272,18686.556020655484
44564,20327.44404260329
48110,33040.378925048826
38407,28067.68808790949
36128,6522.247492702796
91947,20648.09541105878
33410,45675.07058798028
86192,13511.583148056774
34139,12740.456291200988
91308,29426.166918597148
37018,13362.456822729166
73621,30198.523059292223
94902,14198.625293550378
29328,9600.583465824478
76650,32352.39833663913
11773,9293.299967067771
98006,19295.797108119412
90218,10930.41896506221
68384,14366.231653746469
97902,9721.526223126244
98026,25686.43564383578
35859,10340.334643439954
31980,58974.354624201835
21268,9720.934438603885
27207,22024.684239573442
55625,8428.020575024771
98592,13462.491867593722
53281,8439.708192421796
19188,20882.57169318747
19103,14858.050996714432
71098,13731.27746896687
52983,20731.888793948736
81388,22873.511564614157
16656,13967.096506397416
28694,9346.482866827082
76002,16900.159773890977
55860,11358.431962808807
78431,9090.54116222921
48049,25445.143616381458
73281,27853.55251927291
12424,15104.668504955189
91686,17066.392678972832
89030,7868.531025069215
15518,14075.953537393023
21081,7301.299648898648
15263,10915.246312240972
45953,24300.74650634559
92045,22438.615156410757
21665,12124.450312522014
34856,21612.678612425974
24036,17971.409243533883
39603,14953.886892911167
10727,11544.382973914919
40640,18482.007774424892
68568,8803.168299836128
18758,14711.795615006413
89202,12038.218576969106
13543,27014.679569929638
77559,11572.372632817338
70037,9524.029963864294
34390,34919.00208707757
43915,14571.23526265819
90823,14471.149896479139
11069,28767.454912070076
17937,21797.29025820222
90154,8349.644228453477
83807,17710.500849188622
85915,31441.42040457353
83801,5548.860682580438
65343,27440.319002935492
38068,26927.463271080494
24136,16806.385400585197
38344,10933.447928673068
54519,13112.81220502411
99457,8588.292144900035
44064,12759.159674175407
30032,29934.095730192763
85788,8272.768688865319
78056,8803.945111627641
57420,17376.144885682286
14106,31661.6986140657
91506,11424.02418930111
52930,19097.708194352083
13948,20041.256888421034
77459,12785.149800449391
49198,2662.701625277139
80023,33322.334726154084
97698,21048.468520000646
57026,7368.213368275505
45399,17415.538767416256
58889,27063.279151291987
28226,13543.681115152087
10085,7174.549513143107
13084,7770.582440444143
54130,17158.459386817573
89336,11030.50551375785
30493,16177.109905138634
69267,31012.96614444023
38354,24801.180388220568
40506,10865.229983989448
72848,5864.960308935009
16622,18111.79570041267
57657,8692.54441295601
47219,26450.19499770751
87068,20106.31376822197
87282,9602.085881537398
83482,15322.734510127291
32860,11544.714481151761
58698,9359.411601857992
14026,12398.830542630232
11783,22548.713824756844
51410,20065.194339289068
76670,33374.84777099271
76814,12164.264085051967
98201,16540.00115325611
48704,13584.352485912874
42916,10202.61949785316
35979,11578.044627220548
37137,9902.825231019158
64147,13856.060905460006
88937,26320.06913390074
52443,10505.295105141744
17829,14387.435015917597
50836,9891.006145421987
37398,10340.334643439954
83811,72502.15697963709
16661,20949.922497271604
14622,19567.393562675836
85034,14647.828159459797
45334,25285.09663580727
21844,14450.104807902011
48181,31000.378064781642
47667,16850.650239728155
32328,24312.17749844337
59536,10468.946736025919
62513,9626.569555501555
25656,13162.28326914621
45578,6725.85088735705
85056,20196.417813890374
30401,30929.42558367305
57707,14907.96705209852
63607,45971.659868321716
29280,25456.318145517347
78642,16516.474225536127
47890,7839.962477152219
39523,11835.990555929908
25448,15022.52769175527
74690,10538.051688564185
89559,7772.5040468650695
45131,7183.142974269418
15241,13314.722915577178
94120,6236.428998245863
93663,11693.701297746244
90727,17191.755037216477
37493,3780.6480215183783
32011,19889.973999663413
95160,17722.56133613615
35086,22892.444782155813
29940,11391.589416286424
97160,23838.265286306254
51685,8075.7709498281565
86549,9640.446051554984
47382,15134.301535217057
46929,15321.35333015713
59993,10514.627602789082
80857,9958.883337673173
43930,9718.079432249833
35833,32588.571120741544
16192,10618.072924619893
68968,10463.14309572264
73878,39201.06665428066
36880,14117.223312737131
43806,14161.321371929314
57093,6064.462058650095
35618,19976.082642192487
66116,21846.783839726108
96087,16461.571077014458
12617,3442.500360718137
20509,12743.178795354212
48103,16857.45069179619
64957,19391.599104044366
51125,8623.010695458517
23336,11373.323199233131
28250,14397.268697515558
38068,25474.184172910354
81148,24471.785141419634
66794,9387.056602522527
25134,14139.65980814398
68210,24688.37782993331
90998,20222.14824346538
23190,7091.243162261086
45189,11633.523395705066
22507,9517.188688839666
95180,11806.642564910275
43687,15352.444189870932
40239,16255.564600857866
52137,12211.131019632016
68844,22834.129083716965
75622,15092.926622780042
84246,39575.4148390668
50829,21058.209879942337
26151,28711.435207722003
15181,10004.606805783433
45413,6976.525118887832
57461,18472.419712308725
85131,10095.423962332352
55923,18868.184477412942
40083,13181.759936219818
11254,7456.460521122661
43596,14012.832925254825
88680,13047.411321725986
22817,11285.875109896362
79008,11347.352740504277
10004,7366.029054001323
15457,9422.218208049602
15836,6076.850580174867
65949,7562.423684604682
40869,9383.365425220465
34770,14031.892709719807
31022,15746.789578162481
51126,8827.430299820731
20513,21130.314775000512
27338,19323.448465927366
97520,13066.862033540003
89270,10176.192472530896
18392,31059.30860236644
67778,52996.941740255184
12284,22885.748900009476
93355,16396.235725542636
25543,17957.72072236541
18528,14616.389267337378
43707,8832.80827351749
95341,7745.979796401081
86112,6895.002799781503
32687,10150.01788130494
88008,23341.44246586355
89447,9122.656520054727
39373,13493.443716578664
11562,15994.669982485633
98377,14855.670034263652
82508,1592.8281678404037
85038,46218.05237048537
72502,22435.760752579925
46102,10044.236867611733
60983,11967.108687943397
82831,7773.683264798783
10643,18718.577283068
82794,37695.784661476704
78568,7705.921212863288
25991,14979.358163542289
55903,7455.82241630462
61363,9134.781412014698
47161,7678.305235109303
33448,11971.422313086481
35960,11468.880864594228
18664,14305.518981482976
57033,16723.275048020976
21142,14980.337374154518
50098,6079.1912980070065
12898,27726.118144852786
70172,7381.41098170129
62423,18675.543130270416
51381,13906.496121224794
61178,15385.097897245923
27493,23558.424814822443
87093,16499.504677350054
30656,10957.541635986512
89906,14906.761333853126
12536,14936.946032194324
11852,14008.018613845295
94803,21613.51541059988
39057,20698.553859183172
79797,9564.916259960853
58212,15069.363630466607
40633,12791.519119317176
59355,11767.201034257669
86230,16082.772801021774
53146,8540.990240032495
45754,45042.585350121895
11367,15696.115090058174
72290,25303.707646705487
12969,8002.295390095229
65967,20518.414609279615
86159,21423.514643515307
61405,8047.940932065803
40713,9931.38108047063
57974,15693.585654553905
80854,16184.646339975381
45262,10807.26613649289
42706,12745.700821878298
80048,21665.716810958016
11652,51937.84424216847
44182,6257.089663544417
97582,46465.47343754751
53050,7788.994330486252
84284,12482.97401790068
22770,8756.221614090078
57078,24922.120680706368
95826,10773.353373655274
59095,44758.06330073472
32037,27043.2079825451
48867,14878.687795054237
32328,15659.052563883555
76349,25546.46622351835
93890,10502.17380306473
12448,12364.457019437628
93482,14299.352461329185
16022,11628.517876122867
88261,14214.972463231592
39868,10204.529602446632
57945,10949.425142517113
52781,7074.933758538886
77679,15506.787806431968
92538,15471.86264770974
69129,8250.17028118418
33950,10139.61571606011
78315,17419.12207363107
28178,8213.084166153123
45364,29632.163070235532
55698,9509.585542206014
17275,12851.154253984803
97838,9018.747539245654
98743,16667.206586430493
80375,10158.509247799102
58906,12429.70570421256
86588,12192.009727329529
56725,9926.268716796882
74872,9553.523849117668
11795,38868.8029209557
39037,16836.58599901528
77801,21927.037329397426
54086,73658.31100778446
88733,22044.891691716097
20734,8971.998089437104
45259,13171.944474269227
66013,36254.66671050428
26737,29984.687649025906
18290,18494.1259040714
15027,12741.28786858911
39360,20532.518171136973
46751,11048.415378264883
76832,9563.009126961748
18339,7110.079444834244
31712,9244.300683966589
51419,13873.06370029011
19454,10676.19631137452
82523,14787.87271131723
99278,12242.005467030005
79088,6082.376459375495
40554,18114.842652921856
34600,7555.53524121901
92547,10071.347990422444
50639,50036.00319512313
85642,24549.752947402532
71261,17637.31371762165
95412,46534.2783821654
18636,18466.20698203096
67312,6123.046686249214
56779,8502.666704886571
26203,19762.8739819597
56370,15596.016100976627
47249,7742.342058052644
33383,20217.92767418964
66263,18689.145036141264
80758,8271.519400578107
48382,8469.401025148543
75862,13954.653382931981
23431,24941.89509064464
61121,8250.17028118418
97186,6979.236673494326
12645,34581.609085105345
65561,19290.765906332475
11346,16280.568864238068
12510,4209.277558132584
53248,15293.745708872257
72079,4889.841703980748
40838,4722.44679886644
97856,13159.614450611694
13753,24583.170917127893
51234,7053.257634506896
20809,18859.61682707343
55203,10698.577850488275
31168,11382.0870848542
55426,7114.145693933007
45559,11930.22812795777
13113,17660.682587054634
39534,10885.176549374477
52730,14222.333615445234
12991,9096.243634668896
95071,11124.634671074931
17343,30615.085242084577
46090,23217.005666717567
86875,22769.7443818811
84847,23431.76254732263
68814,9327.18779906567
29586,8007.038124316894
28769,8180.6778547835365
52298,16317.671708484579
77138,6947.430329616918
66368,32040.136627262043
73176,34000.1660698708
86326,34361.46353488948
75361,8308.437489265427
10001,10510.440832346134
17879,9176.402142235587
64331,22809.694884979057
57874,13721.649777699775
25649,15391.254268010189
37237,30804.779485786014
76346,9300.481208025765
71167,11413.694083545644
83279,30076.389071709964
81758,25770.426702749577
27455,3002.5381496705795
16407,3127.0145094443014
76149,6006.575661586614
39161,14183.832708774098
98609,30098.71668807756
23119,15353.379088801054
32941,19318.578645737736
15252,34496.99703373419
81048,29121.515124149562
23112,22641.047432271047
83124,27373.670777108942
19626,18382.326151935442
43859,7615.225803152505
54574,5646.975738912421
95101,13155.709815075152
66424,8927.652150023121
63399,5908.746766475993
27590,16672.800574471457
68423,13109.42073982444
46661,31290.81933359376
79391,8680.001799770433
12383,24423.925754983306
41065,13732.141075455569
11926,24667.688965013047
28424,14928.356493203391
30222,15145.97662792917
39326,18959.82737997108
41798,8667.365755956853
83560,7793.9116376854945
78946,10157.522143436541
16214,15316.335741931234
84605,12786.750404224069
63270,7386.029083374915
45509,31511.959868874357
10525,13574.571329450584
38460,26380.901945972684
31928,25618.6679117826
55860,10791.286642312116
62448,6575.130020865001
78093,15373.694113919824
31384,19096.97047178171
87499,10403.149146247702
59969,16625.315764774816
34830,13747.137119289791
58354,17520.466522075083
43109,27156.934583769227
19340,20443.12616388439
89246,14804.749441569824
76821,45650.75418381856
74394,18041.181409724843
32721,27529.638844185545
36154,30460.20541274701
62807,13929.808420866335
58438,4880.574386458473
32782,16328.097928206014
17636,20234.791159978868
25666,5651.484797496851
66165,20010.022757410145
38489,14208.391964105564
28610,22927.709867251266
51872,9353.152536026108
44038,33534.963888970204
36726,11691.72046394516
53124,14786.670405130608
70810,38824.2588791271
12061,21045.768355700056
51814,16144.493440157563
54620,13206.845607183535
65664,18130.576770618034
87910,21759.254255960146
73014,10625.44770052814
59879,29495.322593435798
68381,14270.936608694296
47817,30532.942546864422
16615,11374.715924247588
22848,24221.725477439944
48276,18172.49296074891
78234,15520.050543447214
45707,9987.709356671014
40766,31633.248209736827
77596,5972.669422260618
35824,18967.195975790335
22643,20686.426043995867
19842,12415.226799627066
87013,10970.24141826461
12226,7172.756217983086
48631,52012.98166676157
15146,12662.262171178376
67028,24987.767457333357
18780,14293.347042195805
13833,13722.087278660052
53430,10042.76376515126
26209,12842.337528217686
50138,16521.497457272406
74488,13900.795710222581
29714,11318.311834216816
40922,7740.428863308609
41041,15160.396326582893
26210,11927.600089342763
11840,9547.384344641185
41682,14353.38722763408
94851,6585.315043088827
51210,17796.92348435015
61736,12591.546606967155
97779,12679.580874836029
32265,11830.655283114607
11402,15814.815079957407
80614,18776.852180362144
69795,10334.095616514409
31548,14882.530209883855
42576,16359.333002152032
64086,7885.245713402275
58120,47615.38059982592
91570,13578.29988223825
73439,20025.477238620686
83283,18382.25052779614
84551,16179.638876424731
16994,6682.1008836990495
46461,3814.0198709199594
80533,9425.708224218208
86135,16393.293905711373
19123,10430.355604582517
35420,3408.5448253581526
92658,12212.573878117713
52659,21006.75273750283
44174,17497.229309934013
17169,26250.36987523504
51625,24863.626215126926
16551,15645.338816660678
44070,11136.30386004869
53174,10811.002615177136
27550,9598.004380976108
72502,11965.699030221062
42303,17629.427295868016
87889,12702.898975051008
79305,8693.890409148305
86663,18157.515124512105
68736,10403.181156374052
28897,9240.933041928049
88416,24567.43930777884
49490,10307.60937142209
54907,11332.813327246331
89194,12959.241009283696
17241,16661.186437995926
63272,18621.77987784965
90894,14494.21359769908
47198,11118.87818258205
42029,8436.138387473853
29192,11222.643635771312
19104,12323.990298460049
96530,7880.652373812407
27981,15471.88960343362
74046,12792.129902732318
66532,5525.310407842542
52516,44207.75112712514
25571,13508.3694791971
98128,9949.406564316316
37579,8221.28710932625
11832,31121.962442498145
83234,9945.301836971277
89500,27630.23130046144
62680,13734.965063946316
87206,38991.64613249981
60828,15352.980925577236
70219,11298.781025445565
86575,12114.689023396488
34375,13931.50963450536
54917,19736.106534374972
18059,3460.8951745377453
89467,14878.600369337773
97922,53435.139465273765
18326,8432.026256933468
91120,22262.319341913695
88489,12434.692191526286
88997,11668.46672075667
33573,13545.910926003566
71027,15304.975304396232
81175,22008.25530691054
81442,25123.06001713984
78220,40847.826575151645
59219,22659.802158902537
20157,15869.574124952811
71619,16320.94450249709
59024,13262.043267771056
16918,14134.896775538644
33210,32461.736905115744
11282,6521.578690826651
87335,9058.869302253184
35477,33247.864613674814
18655,13733.171938261614
89022,29649.985591176734
54078,6479.343795795754
50587,20182.007865832806
68120,10945.159473293515
10805,38554.654506491104
37275,14247.37417816611
99319,12021.610539039899
82326,7844.839924325042
12551,18189.746464383894
37337,7308.350142591304
30186,5693.544691759487
80703,15788.17219670252
57607,12943.877783224729
33106,18288.427595361743
83902,9708.958655796436
26707,9009.308765576905
28411,10489.62018130008
68070,10646.30146831046
31955,19389.280410986816
11699,28284.232295187434
31317,22087.768475942583
67885,30185.869303733816
11473,35569.469420043184
86909,18864.18956818207
11762,30609.938474147086
81736,20710.753192348922
99690,30717.648814319007
71686,13561.164385210282
34127,15782.937265040486
83656,13062.047812288129
73479,14506.611561130529
90895,7388.17988559448
22480,9997.513967526302
24229,6370.631770994152
34976,20529.906796322408
81772,18638.880638253242
75192,8526.811663893637
53451,10147.159316575267
25252,15860.76191838116
82503,28563.861781352505
29477,9959.498098331334
77309,28150.32675960506
83062,23745.036711552097
77825,11363.643151041968
19583,10383.01073133542
20969,24453.76634484721
10037,11580.155884742719
42544,13473.2922099633
55273,29510.41336577878
35610,9804.323970161506
39258,25882.629008850294
50195,28245.774405471257
94658,26001.43222977942
19108,8610.643559115595
56688,20302.68301470934
73136,13229.452984041216
93245,17446.337006745704
36877,7860.920733885192
50302,16665.514988561445
74610,23981.756129595422
39572,17535.108390430054
13566,4472.639730247853
14425,9215.73800228162
48741,28619.292546183293
91333,9731.261099568
18908,29896.787992415448
42307,18433.358382742405
73166,32104.944153122575
32150,13928.743965269496
40525,12993.621517930778
96792,29777.604801153782
83338,10065.75934813264
88319,19104.49939055973
91545,9656.632030916368
60499,15645.459853017692
53706,14020.24021996673
47668,21208.661003572874
48144,14098.464065102638
94361,18012.655872282125
53291,26537.36542748794
41605,12931.683174063419
39332,14656.899001001322
27060,33111.68117430509
66300,13171.350456007242
80637,13259.599425405884
71486,17771.48154235676
92792,26235.041496678576
32975,11489.880948950504
84445,4276.063194895432
79698,12844.79998459969
59059,20495.77171490107
69359,6731.38470440104
62673,13956.848600793299
65232,9872.722117403646
57723,6853.838338325975
57831,13641.877643660615
52977,11143.715062800466
10638,21148.45935584705
73541,9280.956805600412
31018,38824.2588791271
53368,14788.344271957163
39917,17814.16591277907
83848,19605.426731463773
13454,10640.02185918641
79955,29814.306036436537
25995,8330.143236325186
49875,13896.077499068786
17634,8922.21362662247
91620,12616.101306302557
96575,10456.656987656406
24427,11609.84057118855
68785,26872.121673677357
55827,6130.745171069826
82257,11231.884765732353
99327,20220.680149274227
94774,29864.445187696365
52445,9847.022626177239
94781,20917.969178790026
52577,16922.434584548042
42690,5682.134739567124
46675,9818.324846300147
19691,13161.344947644484
12781,23506.005875700608
64791,9960.347679175547
72468,6047.617045758503
95513,10029.1608766842
20770,31167.50950876272
46481,4431.049819391608
88837,19558.13246464837
45275,108383.9604968535
70368,41669.27638646459
63142,7913.629108339517
36937,31637.686163233848
54649,11264.154552448377
77011,11957.799344726054
26810,12154.176959956883
37342,19106.328614227677
76487,14682.16008788851
41620,28044.820798036704
49485,17316.71048048984
56576,13758.617603582195
46719,30378.924526669864
89809,31457.9030073424
74384,10279.76857699521
18436,14827.112229999913
65058,10451.604787658089
52332,11705.979246567513
13731,20607.055611148116
51833,18884.66042649502
98968,9169.100267213715
14439,33838.52447397613
40468,23047.445052564006
84834,15886.619556523718
13940,27302.66348141306
92859,14529.662817532837
47830,6387.256880013791
56222,8558.402631989315
16539,21071.218587977375
55595,10074.743283485048
97380,33775.11900928732
43083,10745.372406253788
95740,9115.498837721134
66495,16473.910734978424
77826,17842.73079634316
73239,9219.67449137229
79076,890.6632617921277
57648,18383.456120993163
95678,8385.516804776316
39060,32441.27645766482
73010,21851.801097069474
39033,17339.51260985749
38644,18475.82308592196
59430,34802.67095951022
29631,8069.829749288736
91137,18569.7947503585
16581,10950.386953177982
22286,18071.00235896192
41756,36940.99949465478
88109,16345.131180500688
32503,8050.355223469145
12326,9874.836118943758
40114,12165.93243705555
19307,20189.791193250683
26240,288.7864581667054
86075,10011.082860678696
73196,10589.647596022121
26985,10584.006229732899
69959,9455.87809090039
97713,16454.070794859508
23835,23092.02801645462
73776,8382.067976040667
16255,11087.665315770715
73972,20765.08910217826
29043,8076.987828347717
37568,8843.765179072736
25734,27055.17583614562
26651,40679.9976179723
52710,11049.303009084193
96160,50679.46130667448
99452,10582.963046163488
51751,21514.12986845985
63913,4192.058410580281
25358,27226.054442932596
87716,6919.554770940964
18715,42823.26326870796
70993,8848.524405406817
48577,17478.55946506852
88315,20860.68560434251
50700,20526.4756437562
33740,13175.649513944985
62390,16806.934004715764
65758,101174.90087992624
98028,19257.09687713239
97769,27580.46924708695
73103,17710.503949360515
93776,9979.638460629045
89537,8959.306529254356
50263,12037.94594361926
22801,10556.448750385154
14273,19218.971069670108
17361,34857.338076054526
45896,8716.809850172987
83974,7891.52153189857
11342,14754.607640576827
50051,16509.438678004695
75662,9646.509765148476
15602,10808.62256251508
71140,33544.511493195954
34338,14022.993413033655
73754,27427.6284226132
30498,9412.04701257099
76451,12922.728709758401
67683,8413.27814054392
11289,23058.07211866899
60559,41522.28942591639
15375,23128.77003209445
43778,7162.227006190633
73006,16858.58499496196
45645,11078.5826227227
74590,10812.775561355356
46600,26380.58985372603
10581,12364.863131786336
80708,5778.942927111077
57144,13666.547670486087
58002,41727.46060655528
12365,12538.697685574542
95187,12160.805624090764
20958,8581.29004869506
26652,14020.784797116794
72738,7158.691785258765
73609,18059.502483812503
20405,16873.03922969494
89620,10463.14309572264
35177,9938.397005980478
34046,29003.127292054916
57023,3645.521399587353
20957,12596.47381432599
53658,11610.242234849025
28249,19685.177516191376
41162,11916.60760183855
31018,9314.786287617546
41112,9134.781412014698
21637,19017.57127713091
66542,14677.489537932994
81225,9899.230010834723
21484,13186.9559949113
45938,9271.93160142547
97268,12228.77497818352
94508,13256.378723390493
56048,7814.100544236449
59662,5014.489016419728
21215,11735.559655464283
54970,21900.05612186622
69121,13676.30145547148
37824,12672.430620298514
83821,19687.20781222128
92848,33182.49068112548
27377,29263.67651859572
46455,14448.405895065309
89280,10285.751387602479
50008,8169.649338010153
17502,7688.17373763803
85306,10723.209480145599
86130,12981.817880475071
12709,45050.704810741794
18417,10599.36066901928
25333,14043.91336412432
96517,10858.637999094695
30341,21430.59810615933
53206,10004.05007457668
32576,40590.00628717638
93658,8666.146871712212
21607,9499.0873066567
92959,1102.2214038088314
84120,15987.09772342264
47662,19133.00005363308
18829,23080.611348873957
37047,17336.469050531978
48108,25777.76254279109
48237,29975.083723861364
61890,19713.625200574093
76321,7388.390890520213
63005,17915.086781846345
29170,13004.146042966155
43440,12115.671391319374
80909,16586.335821159755
87816,11008.91594546297
56493,11852.200294970473
40061,15027.167478339794
90593,25397.645046867372
21771,20546.952068469884
22192,15772.276868974795
20613,6909.674174203861
98771,19816.403036090443
73815,6521.610325750871
61666,13574.739042236532
63247,19461.441241402263
87951,16115.240127680016
55096,25040.142767024252
54185,21399.35525161718
65703,13537.388188282666
35867,13818.611771708827
50059,11072.585000519772
57823,31671.213086961543
67947,30326.889041669543
94295,11881.544340073793
45384,6465.154785934003
62210,10167.179037641901
72606,13067.328802606873
70349,10461.333788380949
95264,10763.353792318943
68608,22535.309291788428
58283,16073.399931812426
11339,29582.75468172539
46286,8487.782673840598
74081,10965.952390686778
73933,11489.880948950504
65022,121956.1029817922
54157,12028.57586348125
94210,12276.30688339387
29995,29619.470562861112
14396,13318.731412151108
18028,9343.052597757473
33895,17386.767143081623
15329,22007.299434753168
53859,16711.236509944745
35888,6158.6610926008325
10170,11922.667788662955
32803,7153.263990532258
69080,7152.948909429333
62000,18708.100373899455
67805,15823.565844283556
46607,7884.607428814945
28997,10193.603657076339
68891,11496.968026088778
61035,5628.402149208332
62346,12997.42389756778
76138,14913.211065732783
26674,25631.415525695953
43124,20420.012609236666
71376,13912.097696226003
74330,24946.725351978675
85141,9817.161966954716
13792,25540.178182058677
65266,11151.415600276634
25916,6458.089988159803
49037,19159.781040612877
52164,19615.193294054476
35653,18128.1999562667
39502,23449.410215139884
85315,23229.47122693962
27901,11781.894335019044
98212,7009.97057384545
78532,20350.90210502455
26700,18774.637168648576
23214,10677.592685254778
79364,32673.712805061226
60702,8773.028727987916
31013,9407.645000868913
27092,13343.280301447325
19458,25819.489856130887
44068,11694.238665460605
61815,14662.684849428406
61063,8221.949209641356
27959,24040.67089960358
21272,39529.81453148162
34235,12607.793563371035
36961,7663.6919982769305
22537,10112.99186540108
27459,10440.368138382455
80491,17294.493468578028
81086,21564.62032672285
39044,26349.51216193887
54191,22124.69390339784
96182,13067.75277653465
66171,22062.279488476066
35183,17806.497661462523
34441,8751.46673714339
86865,19336.573187973874
42573,7397.24939857718
17786,10363.853058649098
88159,20146.98823174851
64795,15835.084001639832
99418,14827.280573287793
15581,22984.02251108936
76656,13707.045525564745
56680,26109.12230888414
43596,7118.247543784577
12599,12262.573173445644
66287,11549.223657045564
78724,17482.950846091324
58774,26823.527976082278
37998,16314.793685923472
64854,13012.786301166801
27277,21259.978391593482
51753,20486.280778998822
28580,18182.55820501159
98882,7766.060212001568
11183,22193.112638129023
48307,32629.27018817009
40991,8835.406287929378
26001,10847.128004492548
37908,37315.75369026424
18619,9376.548102244313
69590,25675.69846834107
61486,8767.079580074515
59130,36873.074474750756
80271,12589.128113353869
71736,33021.14577079212
97604,21974.979051852748
76988,30054.31459510106
73351,21967.67957067532
66419,17377.82009186959
39437,20021.17355147517
41136,17809.145350951498
34314,32552.328167084386
68158,18314.5266398091
34887,6993.229802967975
65795,10676.867768538235
94841,19937.34964093289
96772,13592.470531306726
62789,41489.04141981358
37945,15012.976039785917
86405,15686.956691388506
11029,7805.260272775684
73485,15740.634921226723
67787,36053.41757828371
77161,7981.719790671117
56795,18821.76583806691
60685,14439.338777914889
41976,53901.897254354684
94907,31998.336623283165
77356,7085.704322311105
72300,10586.542288769411
75542,48734.426899522725
18880,14169.46882258414
74347,12147.123989581825
84141,23628.71318953315
91165,24397.651354332524
86089,31671.911240326874
54669,19662.610752964727
57855,17645.26825380558
31763,7229.771000867553
47308,16455.109358969596
47018,10347.405349600962
44629,9761.166283223018
34639,5542.500467231264
12637,26679.3353191063
46147,48379.62712008919
10310,15668.782521970486
80925,14949.060258928319
78355,27878.83823444711
99166,38137.10673007814
27970,17974.327661460542
15561,15268.395860299743
52911,20762.562405226607
50513,22632.123933953742
59010,17099.653218991578
34328,8374.596161664396
14228,6548.74541215637
69963,17828.72937485628
97746,18719.94026269931
71354,24250.36614638827
29631,7021.065673398132
72925,6567.745257176806
13491,10485.538936997698
43364,9585.00057331257
38597,15116.953785165904
86374,24787.808316094637
46778,9194.930868278012
55255,25132.96342022597
99861,7142.291784043131
88373,16995.852540340027
48669,17849.44280316373
32869,24739.06597921969
66588,10541.970770672262
89692,18302.23018873019
85199,30459.937645328784
20416,9878.663865508257
53185,9480.723475073884
86561,8434.686333408632
78146,11431.077680038517
72650,14753.605058500301
67651,15571.7808382591
38448,7748.158420491596
23677,11871.266636907641
79107,25162.09544537078
51184,5127.403348231397
27915,16397.242442871662
68147,16876.834871341445
55606,19980.154577607173
56032,14945.954897911084
82542,8646.818568634611
87639,11394.579623187028
75586,21412.21342151981
42295,28238.96618833331
16112,13326.892366979348
13677,7752.686197051267
25925,4781.678422624907
25951,18407.766619007747
11432,20114.49092827893
36402,39109.48617738322
56711,25045.2829209212
86838,8023.486306717878
71478,17824.96120737912
14750,16254.862769989362
61747,8797.839186891926
49943,11060.684824754826
68071,11075.337807551281
65760,15788.759193404083
93203,23245.52294563551
24099,17420.107763481585
51161,11969.196139671669
10064,6353.846382405251
76776,8827.183956045174
88362,10127.858384852701
35144,10149.314651643805
82043,11604.151601030742
89463,22411.334530852386
24812,27142.121726225894
39363,22619.10115598596
24615,13520.941756310758
80815,13953.383714405596
97222,9236.880428991895
10957,17101.132094057113
19528,6780.68614929352
32135,9700.863650149828
17415,15738.251249991408
53488,9555.129276995329
45147,15601.864732594051
86633,46192.863488653966
31578,12211.65127195997
73843,18407.37154273523
88872,24267.011805003618
45243,9637.046364507118
34833,10263.320057293962
65749,26848.00570438619
24023,6801.090000571054
92293,10130.439329754427
89547,10803.802600404082
16601,12516.93822554491
73306,7033.203321799165
60524,11560.522761241122
83147,22660.241673887253
55389,17847.43264557072
86200,16090.984433379901
50145,19023.48592518007
18646,8262.870341875157
59359,44949.52309631842
74264,8045.643097685204
50859,18302.23018873019
51596,14270.759277324727
25740,12037.388698661787
89854,32187.29872449323
94360,13154.000457179063
91181,7557.839081555288
36152,25285.155167935758
41143,10769.209207345924
62691,13127.236580221463
80397,6590.758237000371
68875,17202.80183531984
85386,23343.293778772713
93350,13291.731855720618
44985,16264.32894981062
64591,9076.170430663977
66210,28628.92527099242
18913,12809.06529694972
32613,9767.96254144916
59771,28968.38881154626
73814,11052.742995536351
25403,10763.778419372036
52435,25772.29276960979
68989,50490.50900679609
64494,17459.37572507156
95822,16527.794466309555
77096,6181.743781927373
99962,30558.71011642385
44729,21074.364567816447
20786,7340.000584897156
33089,29616.884395181398
26586,21203.705871348764
62904,19817.134577425855
62488,22181.13429140532
65920,18638.879129719546
12775,19281.05772706765
88784,14930.864626672139
57437,15518.04763820232
35070,10982.89862936933
73993,8214.135516360098
44790,11944.558964160393
12424,4454.718975106338
68914,10815.732214481204
34216,8182.855136310702
60057,10267.443947744021
76857,9241.697308791681
87148,14479.221174096288
95777,24585.84256955893
88274,19502.935155713814
29053,14129.978942353428
38164,10558.199106252876
17007,27234.85249654331
18877,20401.484567889456
53929,15404.829742124575
85792,17075.868705412562
30255,15042.644112057775
75208,24866.74282970294
48581,32199.652398095466
86097,27628.19951809159
93068,7818.161848691332
11617,18586.085283697037
41322,13721.296036340438
67372,27815.46101138502
90762,31883.81017171871
74500,7211.023837182449
40440,15091.225850870162
65790,14066.14071697785
77787,9475.095648120698
49531,30814.278699108196
37274,9468.400736196985
44939,12075.155911622962
56342,7747.260935704546
87960,13487.141216085489
51857,16039.992365540918
19577,9885.87615956521
42862,28301.33497848252
34199,28873.401872569884
17781,9570.909723263485
89184,9460.375314815363
12799,18811.2883863579
65937,5575.940181658725
93953,9628.417990540365
44834,6907.318935146419
41778,29638.342618663377
26989,7741.744477492744
54092,8960.397888966843
93540,31073.216364243082
50693,8837.057023512363
60940,8984.904975023652
89163,37744.97024925376
66543,38694.624098548695
64890,24319.887751921757
57960,31249.468528467958
34753,7012.944469336431
97110,11196.717788394617
70068,45430.812089106475
59568,12557.882090468152
76441,30315.1825089035
98796,14625.237559842932
72629,11763.128750623071
12315,32454.040767286384
16679,12834.412184668276
20952,11111.8126124964
46682,9410.63284501428
90230,11113.795597221037
20382,9510.484083172367
10745,16016.055207649208
88101,31832.90966168567
32256,14002.421036976648
51383,14033.396234301974
72305,11693.158586650054
27444,15175.195505424614
28725,11641.04572132201
83372,35789.21311107912
75253,10366.450471680891
33902,33428.352044601816
20235,5781.944516752488
86955,8870.25652014515
62400,28421.944526662694
76410,10188.699668998777
52524,9145.999741519263
19509,13315.478264959605
27205,27305.936839191527
70862,16885.112544525364
55934,10952.16342753838
65311,42361.784030157265
14469,18340.871761637827
38061,15543.75605709287
39804,19630.69825961784
26082,11396.108019924048
83356,14864.600745741545
24467,9981.179744956873
57750,12021.610539039899
70030,11853.101436180998
60874,22971.907337095836
58548,8310.038815888442
47164,9819.044124783535
50997,22210.556622393422
16209,9769.359858736272
95171,7597.121664456154
62837,11470.646097164316
54560,27243.986819100926
27938,11505.279921155192
36258,23112.5308434747
87469,13830.458395567355
44946,25501.796472028404
94645,12678.172391609902
27028,7659.2721592194775
21392,9588.587861698921
34629,25053.184353971687
54774,23068.282155243334
14996,7172.596435190562
29559,5175.246278012266
76048,54716.89367192316
19916,12843.319900812563
52738,6691.9609399008095
84682,28614.63905991745
38000,12426.000808632452
10560,8004.722652805844
71221,8044.7769916169
97623,12318.550836526843
42728,26298.226840118863
35807,18522.575791009112
18274,5618.933174453852
80393,14916.391244791575
37580,18197.59501267196
99941,10274.466463644954
47810,9113.098105575418
52881,8850.7053652857
38463,10138.023797575006
15494,22652.688034605213
45353,8330.524975790344
14255,8023.783308328642
22001,12490.433852696458
83332,14910.382297122876
93544,7690.034758547939
87012,23632.0019345986
96121,28683.539980756723
26483,24222.021358435646
10569,10000.37929597948
62669,29230.137780701683
70554,13842.480110340632
40356,33172.122359586414
42680,6927.684397443158
12953,11809.513100200627
11929,21869.620314254124
41386,9982.439944969487
64294,11845.899741568799
65556,12504.39270050587
59201,10329.718877860372
31029,7631.287305688344
84845,25181.11543588616
85601,15465.43582823639
87055,15920.372074327726
75096,12537.60275800178
88481,12674.90061719218
21560,10518.54804381686
29939,15861.590001332355
75006,11204.391648428835
12069,6149.332201094334
96317,8012.683199505796
73636,33884.86402588706
32344,9608.85178280115
16155,18516.926226864427
27070,6685.25978346167
57046,15473.782373221515
90823,32724.757500300693
29837,17756.922889781305
35841,16708.856514524225
64002,10628.398076145855
64820,7317.3251262962785
44785,4259.106482127239
31127,16938.172937599844
71608,8349.953051053602
18023,15878.372682896766
65575,8401.749561824967
97317,18434.19716648478
62907,36220.30868739942
19465,9822.958915070154
39652,20078.504043320292
96256,30477.397961835864
18743,13386.826528760961
72310,13197.42368434136
68015,9483.099684242428
59274,14013.984337604128
26214,11164.032884774399
48510,8605.88357571587
11840,9977.033427276156
60369,3076.765982736819
85147,12660.489460785768
13609,13384.707761666597
22762,26455.90535255018
63269,27206.45201455526
42907,20472.983899763436
69686,9488.073078619578
12666,31917.125640958177
61497,11603.02173715034
85038,9870.194561132546
65968,10579.663483833716
47503,30139.527965794572
95583,21710.566032311348
80246,26849.357798952442
98829,7867.554983453947
39877,14873.733821261365
81275,29158.0290199217
34570,33601.85367688948
86885,21821.220550350223
44490,14856.687860738928
89862,27048.961691460994
93892,27558.102524067406
69473,8131.725710946192
95808,9399.034897209141
13414,22331.89161743896
38514,24380.856748686772
38175,17888.50054041678
98685,8920.301708565554
27186,14111.103931912177
99184,6831.74010363806
53585,8392.606516658361
44927,21188.708082211662
25748,7447.503219490989
90752,8244.579131225031
26775,8573.47956916925
85357,22925.297611780068
42709,17604.5575963744
27055,50576.731011815784
95894,6278.454624810738
63961,15760.693287488886
17899,6966.838716064747
88248,18593.895886077513
81696,23068.42860998532
41896,10285.810544994274
20346,16090.919239349934
64353,15905.328624793141
97835,38166.518731919765
99374,24109.419818307186
36675,11906.981179817809
72408,13764.786068810638
75612,15083.404789051785
16481,12307.390845965767
79548,22986.949913709104
83979,11854.868986462141
87080,9765.145817294115
74428,13463.723892428703
95164,4280.613549079599
43374,10209.814339373683
57700,11648.387732477913
54890,14038.217761990207
27529,15153.386860088642
39039,7661.813273104621
21541,10070.208319647025
62414,19510.41274998901
27325,63944.797616108124
98606,9288.47829920067
47581,8630.310971072267
68423,6799.955802476206
44449,10076.17584632841
12538,18198.851400902346
35051,38369.292972262636
84793,7451.103806756215
85660,14519.229976149196
40238,15791.97545412088
83468,14881.29902770891
12091,14379.605219499057
87642,48421.708740443784
99560,14020.79391003987
45015,13148.188645557922
93533,19922.09873894995
84941,17255.34354805022
99518,26090.43793936503
64270,11951.135150255717
14109,14818.716990831294
59833,59363.338687365576
34314,10402.471408766372
72723,11390.907454824217
42631,7683.244534105075
80171,18411.74299425678
44688,22431.5147812827
92813,7639.47752376059
53060,13204.787211271332
68736,39293.67591530431
88475,53659.84715064603
59887,9831.805914953791
69956,17008.93806033115
21550,18231.812152044688
14013,9175.576526448072
93293,12704.866727102204
84172,11068.692337661887
72874,12101.691175890039
39993,7186.021380402577
76565,8802.794642431538
14239,23840.334125171285
57884,21146.35965659239
46551,14047.826931889553
87855,28679.186020915302
96923,11708.37096910022
24872,32892.3626581254
49386,20497.248019264094
19631,18640.699555816915
17196,15592.950436357967
41918,25421.405671331668
23468,25804.71031330689
76708,24823.811973831118
36263,23050.979108802974
88247,18712.452478148818
19656,10047.336786698686
16492,6583.578813856484
55132,21190.19506636842
49453,11595.935598990292
52019,6210.210844819761
54943,8928.181375421384
77013,11721.750573411859
22637,15906.113913247229
37539,7694.281936744832
22880,7423.56945736104
39516,31203.67516311412
95021,26268.8018125992
95855,14129.986511365149
81870,14414.536185512348
94504,14750.425499877356
30681,19182.945508415756
15998,10677.86653195825
61188,13596.458277013782
31860,7808.426637323784
33548,30589.357342088108
66421,15922.72793905961
60616,25535.484067100148
39457,9441.097016494416
59650,13959.388729032082
97035,22124.776930822798
68771,25805.881821650953
88451,18882.67775405162
26582,8646.083730925173
12299,15297.287584344263
21627,20083.116854524516
41493,8967.657424895395
59018,12336.674727709638
86528,17322.544290274458
60838,9293.820081291764
93694,7857.944649313295
25290,15989.563048445525
71767,8074.6898130743975
80696,12819.21127086792
45748,7704.921502771349
56615,21264.127097843
58375,53700.41392325374
16833,11666.189939153111
22657,11919.258849666345
99382,10878.296485723438
66526,10693.824574126247
40522,15550.939525556856
57478,13193.952053538322
84063,11432.484246447502
55125,20410.104426304635
26775,10074.642432580918
29242,9890.864375503777
21672,19814.324175684913
87618,41944.735735362054
50336,9038.618784006425
55138,18153.352425136076
29629,13685.789886676823
97938,11362.306098729136
63506,13725.186067225632
35255,12285.48339018357
20485,7285.060534739319
82156,23635.486109682617
97283,23045.473657384413
35343,12538.697685574542
25417,10862.386486994
30336,16818.400127114743
67005,7099.047845681434
93384,22644.63077202205
66575,9952.087911706207
64653,41349.502623629705
60784,12218.322317474649
67041,7094.8830247266305
10608,2508.501626961819
17218,30646.09384594228
77673,18138.671307055472
44342,9381.21599045466
71570,33797.4949761732
67711,28893.93305575353
61296,10354.092742268778
27858,19802.851091347064
18307,7688.17373763803
18187,14247.111579215813
77047,55812.55145730901
59202,10155.980744203433
83604,16672.081875880936
54347,5748.018074566144
33259,27446.654079475826
74646,19705.1464449806
41745,15203.31884802085
50455,33226.89853212115
27341,7151.57993766216
20394,24082.026168210698
66710,23738.57671274407
30953,22331.70426345146
67815,22751.77888321099
81610,20826.863064681507
80647,15897.362251257515
18662,14175.337062472998
32411,10433.799345054656
43870,17210.160834507948
29094,34875.051917848745
22135,19168.208102472727
28045,24370.420043413666
91353,11564.722533894925
59613,24447.53159642763
93405,7299.8569814826205
21481,9855.790912666453
58237,20151.912405299376
86335,14388.070187428053
13452,14335.928502293755
82526,35215.88509236374
52370,11052.839611727068
18498,14193.961192412962
72296,22051.995734064236
18521,11491.669712625819
52216,7791.217702503747
34900,18497.70453190916
32876,15669.551127394949
80822,21040.69463684594
63760,13480.66132698962
72317,23275.08981694335
97219,15527.746669566448
60172,20997.793424995423
37305,12354.537498409427
12001,5003.6838423504305
15660,13798.368196654854
69958,15193.38647299646
85221,6294.342164492764
35812,14596.386403415278
16834,42768.56054100017
19693,20648.335290056664
95808,15852.07570991369
53245,16095.064823229954
78483,11706.158843212952
22170,24272.909834953636
79224,20456.3074053905
37290,15016.722571853143
73622,50065.735868077056
52088,11146.449480344845
39853,17484.23259174982
86974,7513.1468478729985
39139,11353.89259901287
39022,31015.250886845417
12060,13218.95483255036
81812,15102.268698553878
33523,16492.597668957438
71572,15379.075140455572
46379,32647.445703310143
29664,20645.680495515662
97672,17311.288233007188
57444,13752.19200839085
90192,11747.408704717367
81280,14661.564887632863
28221,9481.060120533293
62338,25143.645606340404
26282,12595.044320157695
92235,17226.766014992707
18568,22814.531722392923
25939,6775.300088188898
53032,19631.219102444073
52475,19580.619807589504
72960,6468.316227461877
65042,26808.842349488157
25269,48282.46699175914
78429,43787.22811207858
40135,21412.21342151981
59681,21284.949235600547
68660,11060.847860547554
57535,18077.57662075004
25137,15050.851210664407
81280,30728.634298819932
24393,9372.845954835935
26025,13916.672745057753
50162,11561.498502161121
36686,31778.069590651823
78674,61725.31935639516
40257,13034.387744682263
95051,7351.453244689086
72862,14572.934230183688
23666,11213.978392236848
97664,17839.340707572344
36094,21140.791830549537
87378,10107.430928023665
67281,17429.938673548524
10195,16978.92798361761
52901,6933.537705359304
89789,14165.56475897664
18245,11914.614021960024
75496,20193.97290579074
66690,13332.482762550291
28825,13810.043069705167
54237,6968.454828266154
12696,12486.620017920868
25198,10704.86045501085
19003,6951.130709287208
51247,24378.03445168777
86647,35761.44262948494
97881,9359.239910577071
89527,12003.86537216946
62529,29826.56003248493
65781,12177.181371259727
51102,8253.910910875078
45759,22880.97967621968
45129,19165.157601893352
44266,17669.108326960388
26776,13184.131983585614
60983,15030.576530170132
45222,13075.413802087542
47063,25709.8248500822
74196,19500.359025245754
58352,24861.633654199333
10119,7114.2141796
74343,20650.650272713938
79679,11930.028718322113
85485,19239.57703808975
51953,47126.75784081308
10633,15177.077174503174
83137,16160.026857370529
26939,8064.814583931175
77756,42743.29046142372
97363,8464.788701273017
78152,7057.043280029984
88140,10295.6489756974
76079,20421.254535891207
10586,9547.156431191375
34603,24800.430069032886
25965,14542.88845133193
90983,22552.049227626725
57859,10027.565560278787
71770,14188.012933087875
80615,29046.51610165933
95142,9334.33852455868
38612,11398.761352591497
43498,27716.814156981283
58094,12877.45101662826
26020,12536.199465257934
30152,15544.663160061176
78536,21854.893097248874
20667,61177.216017768544
61878,8446.606471118756
33763,17449.31620192704
56778,16222.183297925252
98169,13817.418133710935
89020,36427.95400082078
38504,11744.234062924466
93284,13300.917175323033
79982,27307.845519137227
43267,8474.166065881482
38315,9987.607649858275
88818,4951.030897596833
96454,28234.92242628923
98772,9036.46144651719
44166,30276.041191314314
50527,29329.18909546048
86520,13856.190489460256
25721,12887.023753487012
72350,8906.458873661762
29709,10407.644341163304
53941,8837.08399845103
34246,40310.41797401031
92837,18936.330770864628
20869,9854.14307881377
30733,10188.077372120093
27149,18785.209149229977
95635,32087.545524113477
97439,11411.079067073268
39214,11367.098162655886
95697,19751.263527491705
60717,21700.043187690088
81901,32431.498205112046
56933,8614.38829868575
69174,29989.081198376898
39042,14039.051692815161
94887,12623.529944459893
73220,11272.886782180081
37045,10076.267890340772
44304,13584.019855318584
24740,24150.65004718888
48252,9017.321934785115
19933,16901.22601045019
42779,16850.860840444897
93765,16208.783026796395
28314,16547.28273993658
32323,16962.422799848606
54021,12902.049815978671
11514,7729.789634579953
54742,17101.82804253331
30318,18450.682626780002
38225,7751.998323616155
87370,31300.468234349606
86376,11855.422404092174
24353,7507.445236667587
64000,18555.91212062404
93200,11843.895638810118
35460,21925.820818353248
40369,18054.663186340316
34151,14199.304529740182
16583,12956.354558551902
68902,12647.859883819328
73390,18196.395339690527
40302,14513.33464132213
69193,18226.297900098776
64960,9108.660343399806
98221,53304.92711428442
69236,8804.661193584678
80119,47045.43943054557
15676,7675.843357368951
21848,12704.525254524571
35911,17605.282833335787
83485,9775.959326235019
86416,47937.84572444467
81490,20396.163689785863
21113,4227.971942768787
93442,18292.56497562942
19059,9006.619985771453
61969,11106.657051391998
81430,9590.80064422359
35604,11720.071798509936
29102,10161.950976936569
85801,53560.12358618514
18766,5695.594603647176
65123,14945.82025149846
34896,17349.02049981738
97594,12468.090332870637
70357,18100.406254857753
31231,21362.225654058486
49381,5481.991320312494
18111,30593.587063363782
88944,7955.139721615269
40868,29661.656854334215
70858,10606.826443037655
13563,20450.231248232165
27324,17721.73206476978
24563,14951.550647663957
54374,13858.530007607475
97211,19344.933119815363
33602,16871.330010954927
38252,6518.1158457353085
88732,10993.182897961186
12439,24135.47531446174
55752,9554.068802155944
29344,21729.661151359363
48913,9775.736886656021
21667,15717.866899506716
25163,12546.124414982518
43897,14215.110352012794
13809,12997.19921631417
99489,10843.29154808712
51324,82992.50556810902
72286,10552.633179662284
70403,11941.492056160178
99367,28109.746462344385
16065,11826.922163896983
34380,7278.75882377744
86170,13591.683869083441
32799,19120.1119327273
42400,14809.054206866054
14721,5848.020094842281
35818,14121.24015621264
67601,14097.314805398366
53902,17806.10021971384
34765,6480.528714185375
63673,14307.22208541799
21270,11745.835674517475
86545,37207.430340232044
57627,7492.284515796311
70142,13541.152995473714
63087,22127.199296062674
65788,26692.587983398516
15035,12654.688404441393
60021,10538.775461315601
81300,46209.75206214444
19734,13341.118105533935
35220,5748.145909095701
91819,33102.59533593648
87831,11792.386253611447
85794,18584.10861080857
13502,12671.364188569683
13307,6823.795660621705
98862,18325.973318982196
33080,11535.754995179163
88957,20297.65055478664
35468,10210.005946543828
53410,20351.138540135435
90535,19891.208675235226
70238,19471.801738236463
86250,7761.50597587449
27035,20486.380385724115
14135,47315.23794004395
42106,28746.082259432813
71377,17303.763820177403
64577,23359.03698701862
73109,14095.501751956795
89203,17479.920837661608
65008,14578.843127906046
20747,19796.816780636993
76007,11711.03735349777
39790,19470.255569302833
79364,17307.18826209232
57724,12912.352960742506
14467,19050.96278852691
23282,8994.675469470698
12395,14878.991878074808
66873,21804.993887265227
17857,14510.30710180253
14030,18920.03534556528
52364,14117.05224350412
25392,12879.745664957885
60455,10490.000660155518
13314,10033.836721028132
32581,7389.167017735601
60065,12440.391010774525
55877,21134.82444284245
10248,6438.79308716728
95151,24848.311595222975
26620,8736.60404269903
59905,6199.719468828209
59245,24096.780641160454
44160,3528.156645091036
63868,18257.602585476106
40706,15164.598856547565
82853,13867.810749710003
54063,17246.50219011416
68456,15400.039010805021
70357,51042.28900157225
29485,10614.779778527844
89318,17625.826539356283
53170,15774.910998827807
31956,16420.00102242038
27159,25390.215513237614
24306,17084.934771201682
67096,26579.82246948984
16815,8717.278057990434
96479,8478.184645119398
57936,25769.15772926918
65257,27959.898588560318
18067,14961.575534526632
55646,16319.48777719591
17679,9627.461170178532
87167,19516.220546728247
59768,27150.694049231668
17579,8231.850689150291
76845,29873.744578546102
47828,7772.8074358729355
13690,7544.436032137839
27290,39288.376478682614
12418,6458.089988159803
77215,49268.38625143879
27888,12785.623744914701
51244,12503.810374943252
71836,7769.15569211657
88059,7422.396311697925
16818,6398.559187493322
76887,11949.328442100199
46738,7398.159879373876
34742,28723.508021909234
37271,10265.735132418722
42087,20488.482281993915
64702,23406.584627806515
63438,15159.631151242635
92190,20325.660453995075
26753,15925.698493368467
76029,29029.956525983038
52139,21185.563906459156
50041,12153.55257558631
46948,16320.913202307464
96248,11450.178068424091
79086,22593.136687331884
90135,5949.711940386162
18792,41900.946362301256
26508,15467.945457661963
13992,16836.35671479579
35434,18549.83712635523
66180,28633.899680230323
91451,7211.082889377565
99588,30120.502044771478
91093,17248.611865384646
99858,17085.381004652187
56520,27868.0158558786
89304,11045.987137209308
53025,9500.041490216168
50552,9823.183736960196
81688,17063.81818215897
13674,11713.221559908769
13884,28855.770229983296
59099,9450.718889045533
59636,17602.630404152987
47888,12863.307884676284
29284,11997.870932143462
28990,11074.166448763393
82473,5697.808473379033
54490,18398.660664199542
20695,21068.518598608374
74153,8489.117504298043
18227,10112.415225159082
23330,6770.375664796582
28292,10514.89809641886
30328,8029.559242758831
29273,15712.962443545612
99037,20512.172700235173
99077,12446.58509995893
95722,10268.634034574805
77614,11823.01511176139
74902,21304.1504425295
66886,19949.480230063647
80114,11393.038532951832
42606,15391.258339594024
79438,21623.342747082082
91874,15520.340598300507
25782,27880.86257547905
95454,19255.19079188858
23447,7865.591454126301
77708,6515.529876227662
28299,16162.783515547435
71199,15906.5234146955
75003,12813.870681622939
93685,20787.510657699593
70446,11518.38172228657
48052,13396.240577886927
84716,18899.93062321514
73007,34429.73752687934
65364,24594.809657491136
30243,7880.652373812407
82878,17716.530105192356
76560,17411.67050825237
81168,44254.729092526235
29222,7925.680036585694
73090,18541.65665906065
46691,31757.399528405876
33592,10944.03752998626
97928,7111.876588323308
58884,28469.02013258227
57285,19948.093976620883
68206,52535.13067338377
31564,8843.469441751557
59939,11702.151677298261
83597,13967.096506397416
83552,11265.362628459166
46972,9815.017858947322
39725,12662.262171178376
10947,19719.17534184334
21742,11323.839156818485
31478,14214.479032846844
70461,24455.076496271602
98697,28441.988447783293
38672,12037.429934943622
90714,9399.3618929531
86477,34451.5467778843
85598,26932.513565242567
95484,18137.11411338407
95841,13594.221357477565
38100,9541.36521920167
46735,24847.84466255901
67201,15145.604972256562
52864,20403.674514844162
20343,19478.047584088028
30789,124724.86680773452
87113,6129.074457157694
61450,16319.48777719591
25456,21692.172836572623
11494,16519.031072177557
39886,19706.672882678613
40861,19909.20259558069
76057,8323.89830046213
22606,22051.853084731545
15118,11128.96538052881
61599,16238.813908408312
78399,10193.343981164377
62021,32858.44421165033
44794,9556.03301513819
42236,14070.230824841641
65408,36410.631627003226
45167,35489.78573856814
12870,24438.93708989944
54349,14465.164314462942
87492,11425.69387996713
20040,10873.834114843108
38693,13495.34347688403
25701,25687.6476904221
91789,11460.39094478021
47157,14502.250786218838
54798,11108.938119365563
39076,19869.015005433084
77796,19896.08161822027
70238,55193.69726505304
87496,19648.564866352717
16451,9321.833359633682
52050,27345.26716655751
53040,33918.40535410734
65211,17735.012470376474
29851,11334.71489791416
83465,17160.422461989107
78020,7662.386284790524
65998,23420.18969478165
93770,36989.439015566255
41227,35179.843306302326
14258,13022.232600508934
51380,22687.50094038923
40516,23224.107934844375
72773,19628.66904911074
21188,10908.709671547647
66889,10471.562080981928
90920,6553.9063371892535
35350,3264.2487889894055
52644,16405.241939499996
22270,9032.833711148949
95378,28630.503361170653
61847,10596.29389473165
78476,9192.877090591399
57679,20769.65022311538
48519,11697.207973596753
73766,15038.756149824218
32459,16986.709640705358
74511,9774.979757963865
94454,11213.02845452126
54184,14542.805100326992
88568,16560.46258725672
95212,7662.155652495483
82748,25882.53881210276
84195,21846.416323933565
15711,21873.72238754624
54920,12193.839647191688
30262,28470.71785653591
84728,23378.5486631484
56960,10650.874833331853
85238,28512.139586346813
96435,10055.233144972572
18294,10473.76986801484
34514,16028.226511177485
33237,15484.48930957054
44752,30780.97352963461
57054,13889.90617395224
75214,7690.738057266806
51148,10861.511020179787
88306,8306.827599752627
80773,13453.820361657075
87606,7240.160182424872
55908,29832.93902440423
77342,12694.60786680115
54473,30374.353245550352
30431,16095.162292564471
52315,13334.857777916905
63755,15664.905541169659
94745,11842.543511058364
14487,21407.26557768996
83622,11187.915861130696
47362,12386.161515962076
30734,10034.468258698053
56999,9580.754427719883
22661,11361.958077477426
59578,22222.34622879707
68841,18260.16132637127
81045,16583.876658575544
82777,12952.816320232208
17800,3782.1813168849476
45701,24379.88446267877
16908,7398.930874263233
35368,10755.47694991132
39350,17635.955677171038
38392,16433.832581580307
93090,19163.64857522587
76531,11446.809760121498
88737,8861.809971481558
52357,19321.64323372693
80423,17886.05425042289
70862,14804.212203031142
91397,14337.498190586304
45906,16116.634192740394
16539,9718.299553086817
16770,9722.24774276745
87907,14250.03672362964
25009,52391.78609947434
40216,11147.50478427601
73281,21991.088063920717
69875,22239.635981011033
78537,12012.009596183034
83531,18654.45438673271
86236,15223.222321249728
37886,20133.34015226383
65343,54887.91301821451
75289,19908.165402266684
22248,16316.99518757984
53505,7664.300889695825
43314,23178.67713064998
72285,46602.86361004543
84949,13187.49862242895
60654,15359.401742731532
28516,30194.2315745045
76969,6009.95425973547
37267,17001.744093940593
13748,8214.881630429754
92652,28933.346064848985
43058,17891.828235884146
17438,73375.17281474549
47991,10401.815040375626
52517,10845.024807780117
94431,26911.480502066093
69474,12753.53223779111
93982,14295.785602060929
37850,17738.948213076525
44451,9574.560422001625
36045,25087.693080129444
36129,13482.824268294527
38692,26464.01445795312
31120,25779.26775158142
25963,15011.99867970462
31678,9111.108133436275
64541,21157.17082398464
48986,56044.04200106179
69565,7033.5947906300335
78397,12093.064076521354
26391,10675.292755754392
34282,15225.072418028507
16058,12833.296832844373
43610,20753.600713930304
63303,24143.87913754423
74388,11501.806978196551
60438,9001.32321862404
28537,8215.021297628839
40907,9828.295012466424
24886,58250.3091418022
57510,13076.390783440593
47767,10915.098868937406
65328,13586.088649262323
41913,14049.787866502915
27679,12229.46708806161
76000,2504.7928644542626
26302,3330.940681434602
13685,5870.482530630079
69575,11311.675605374705
59982,12904.071924777018
44815,27070.75303026462
65862,14203.879412690188
52854,12000.566164412161
89295,17999.892159004714
88772,8180.6640944984465
72302,9603.728197033706
36408,21707.44371353832
49930,7712.732749504077
98264,8183.982631863448
84196,43520.76131000661
84931,18700.00373930736
52137,41374.754263539624
53438,973.6467683013052
39525,6224.53665967127
52579,26064.951094136326
29726,29018.289938308677
86365,8448.861771209107
96827,5671.80541461418
94723,8419.465100405478
18584,17180.686567872475
72270,24228.72005281917
49689,28783.559810229875
67633,7249.830733466235
29924,30656.339815676685
76088,45610.27269840069
24564,10318.231321050805
78719,22135.946158407183
65815,10746.172378327828
86944,7788.839579889538
29662,12533.064214975038
59903,10091.742729590489
38244,23679.61961968351
86796,16661.268404211285
81590,22596.77847185499
17791,12219.910492061259
67203,16442.561303980674
21103,9150.967571322875
82662,13698.958413833234
72437,7892.277088725898
60237,29940.86416091392
74676,22763.755925141257
77010,15780.518887487788
47226,12082.802301865306
13288,8964.926654314668
55306,8159.203427807652
50026,34966.50893395878
19414,20953.9601945954
52768,10210.610924705572
57687,11302.753516978926
56264,24619.575467458086
45035,12965.054056912366
28273,62916.683122494534
20474,22396.789881155382
22609,12884.194781082397
42334,13883.70136322244
72280,16721.787684509443
84768,17616.756878043692
78509,8651.063629733972
42100,31648.054455980426
71527,18916.063306147735
93609,10746.172378327828
79016,19783.99418426397
72054,14744.75393497586
95008,45711.99446506688
45311,20073.696179643677
24731,11378.156566193462
68199,13935.762677727524
30414,14496.913295076221
31479,5872.537083404672
98465,15420.784313734866
33961,20514.755813467607
68929,39931.26696504658
43936,22117.716582255154
24914,18941.812538004404
30079,10843.29154808712
67347,12529.478840415703
62856,17504.07086982175
34345,18586.085283697037
55119,13939.390344308104
26239,16257.4221294459
43327,36124.258782200675
73793,21282.20657641975
46816,9513.02203510417
33435,18904.943216549065
38496,9675.436057141316
74306,9280.70571967763
58988,17478.307090342765
78072,13434.428725574197
86732,13199.833897984312
68552,11511.900281661576
62298,9595.654962791981
43270,25745.21148876149
20901,9875.127611750697
95640,23666.15439417969
85954,12560.61473970234
72975,12966.649345822922
91260,34277.18242696641
26981,7144.2021094542615
29842,25748.54372696446
14068,7131.922342782291
43154,56802.32669546675
90507,9420.479143741799
21125,6476.262351494202
20069,8614.705405039733
60550,17623.010166745025
62414,6260.833176173306
59468,10756.417993562976
75960,6148.208351069767
48318,22827.625139520067
59462,21782.96624012603
84123,4214.906117365372
27449,29246.493805155427
49535,10083.239421618528
61397,10866.165866499316
59185,33305.06679981231
97555,28748.610885083715
45433,38639.679237988166
49160,15411.187615457226
50634,11530.786316567577
21094,6669.579926037906
13504,12764.161299851352
14299,25576.050004752193
80684,13654.380773096396
25906,22405.926648905217
84542,10212.19330334687
19444,10472.865762365207
91912,10315.50967732174
11160,16491.429135596954
58651,30952.94680026092
30310,6952.200176224807
88760,10367.62502624288
39761,7203.4890358865705
67067,12497.534994261612
28932,14379.095105652283
34352,26860.766723778106
30148,8789.950358583954
17968,15814.849261150057
11983,13415.367463681923
30937,27995.094672184357
14698,10415.456748337298
55951,19535.945360618876
19937,24878.28218167096
15939,12539.759095274694
72294,23598.840090987087
56539,9950.185463066886
28203,31028.589903385415
44990,19425.514323326322
60350,59392.87685540994
66219,10508.041109286827
53965,11039.70903205324
27224,19443.19540573503
15345,22119.163730127257
83174,10490.304010829153
90013,42289.723038451346
96080,9740.495399563437
42404,9382.558685355718
64475,13489.839395650411
58809,5960.941777132319
99594,9998.398714766565
43187,12833.39746724036
98377,11447.552865182275
51035,8231.641413492203
69684,7548.6902757133175
74757,20805.775371628566
19944,16828.49978821144
35029,10981.576955572753
86346,7892.520073660473
15108,16418.838221416416
15435,7814.654673548728
36105,19292.332463565977
87584,7522.345312795409
85492,3359.412072585219
73468,33946.00218815316
55077,26513.746534116803
13605,28695.64759648205
89359,9993.638570650975
59576,9540.428109461258
23659,12289.27724575825
31043,21094.68219046012
70012,19386.229618696143
57759,32873.14717334387
52952,19027.348251200972
39702,15619.608313159402
46649,25240.795558872538
18524,6430.156224626822
50510,21378.050735993416
64906,6916.886256556874
62183,20523.00027087289
20430,9513.36527914235
58330,6520.455348657446
61146,28378.315083963316
43135,11752.508822802069
34071,12562.76992141593
69226,28363.330039110526
95456,27791.66206007673
55610,10210.638290218554
16472,20497.0027158536
49596,20345.434287391887
54279,8832.80827351749
97828,11548.856024037024
68972,16608.559348501127
27457,11157.702273777395
76113,6945.846598467266
84033,8784.575792891887
48311,12302.645437824893
43940,11616.758405284872
33732,13252.104061897322
37997,20397.088001935346
38035,10149.314651643805
76266,10223.925540229044
81013,23158.730654698702
78153,7376.987971631976
29485,28933.85378604564
60212,18623.5642161809
82272,20762.560562487128
85393,28907.911057567326
36824,11739.003952849884
79616,18911.97789808995
37788,12480.248042957366
24523,8526.811663893637
94209,15716.123291691296
82029,16238.19327287214
44054,10641.212534690332
86776,12849.714262532892
62683,18650.860270582187
79992,13967.2711943639
97476,29800.006313686972
78916,8827.222467212014
38234,28043.527021099326
73431,9899.475830953765
12884,11074.267614452867
66906,15070.660318160799
66377,9425.58997467695
28321,30882.205214915375
85487,19102.11966799704
79161,11983.03312350496
99672,12573.822806349997
22053,8325.652183477563
73363,15967.458118906348
49891,10189.43532474511
34281,9064.599599024423
69297,24974.170027286145
15621,15232.275249979679
32241,16517.920978810573
42002,18099.25720275968
19036,19514.732547996704
98429,8213.660415460703
67219,5666.872709559542
47621,16858.77692935153
41524,11220.186284669038
84458,21621.576516717392
31211,27533.63277682969
50391,8255.99614010849
32013,12893.665882965512
12145,35780.771940908584
80886,19126.121800346555
91124,14390.890833313044
37016,26553.84125499613
52585,14604.92114590157
74180,13136.313197744175
85856,9581.599933604855
85198,22082.370917386932
84882,9432.059137628752
50560,7403.924347732738
73542,11277.396194077293
10857,25706.245869242273
82027,20232.370482762726
53938,11976.643800784117
69584,20909.787452656183
62391,25680.69670012619
56615,21022.159909074246
56444,7789.717746398323
86759,22558.8839252714
87554,12469.063348534164
43671,20931.087522419217
22219,18431.195549253443
81205,9902.457345290128
18123,9264.691382118293
25363,17187.734713702794
86316,12097.828719035902
41308,43982.62956545028
92575,23196.756998627105
38584,17418.957271841024
16858,12511.1590329012
28623,13456.003109170833
64425,39505.72494147284
86770,13216.75683848797
16778,38642.11030009943
20582,7396.3067654946535
76137,13793.448274550015
92672,8888.449024978298
53092,12573.26803195948
71812,21094.013177321416
47978,13290.53456948543
14571,6148.729343014382
55266,13184.01964319442
53106,29753.235443551264
67946,21467.196587420185
68410,7867.596612822697
92250,50540.82354448187
68330,13174.239614177905
96304,11715.360886571705
44163,13701.578126609988
13588,8572.429018508208
32801,20335.13191951087
59725,5238.669760118635
58773,14023.567642890963
31671,26127.33144948219
81169,12453.947871937227
82888,16070.422361344436
72255,15958.745332744073
53544,12556.144790736502
94112,24726.236322137192
76161,36321.68358427532
84232,14934.504103855197
54170,7415.003209757633
21240,25732.090917885667
39626,33359.216134903516
50591,24379.96259039632
29002,13347.733276679646
51343,22409.066412918313
92720,16461.884237442257
27282,35408.17974938697
62746,9345.977183845229
93148,33454.94607959909
78155,18842.88073256004
53436,14289.37618939791
75210,25652.336316350105
60080,17693.40697705271
19836,21241.68822649672
58133,25276.757480998487
83324,11535.003398837987
84623,10072.832486815389
17982,19834.62697503863
67154,41905.103865224475
16433,32003.402778373144
69226,24305.122448721337
64660,16987.95747548557
61193,8671.79379818937
11284,24647.25654558657
44128,16905.816098440744
35676,6775.300088188898
31088,8292.866501167002
21210,16384.606013231252
34942,6864.670408135604
21546,15302.313917493126
20499,22276.7088417496
78131,24029.670397015037
43821,20257.953724523977
66035,20407.994684697842
94744,8637.22021816014
16491,10481.662772443102
82409,15793.027381936672
15400,12661.691287350666
72910,9331.58756728606
94720,27510.438265961355
16711,21165.21724419124
90474,16526.60220716422
84099,27306.0992733799
74624,14006.555013476447
73497,11261.219418105231
73387,15136.948749263234
60702,13075.349004159096
55741,9930.242984497392
36473,24295.34539246137
21453,7431.889865090718
44261,14040.999188547177
22387,7756.983292462968
28171,15398.63208481072
99139,6092.668717670227
56389,5000.6849195119285
60557,11944.442693446994
32846,12634.931034920424
21276,20397.659214825973
20201,9196.477633994335
42273,19397.033100897395
43049,12654.670349350425
51523,26445.512486067448
53415,23239.931372168394
65412,15708.550616487752
37071,18071.918433645013
90937,6557.352685755017
97926,9769.743720458293
26887,10547.937545188246
95202,12179.651970661882
91038,13131.472282039238
43726,22377.09533000448
19316,11378.914820843213
94960,28530.414538878656
87345,16950.90613646156
77017,9278.596968510521
27596,10925.150878197906
55538,13717.076686069175
57244,6355.545167244341
91918,22648.285044155855
94146,36130.534289490264
45254,11617.9176215173
97614,8913.304145068374
33546,11759.985118313552
95297,19015.56091284427
12618,22330.670140838753
61541,19399.634512330762
18356,11012.00329145137
86719,25975.467456020393
21727,12761.736322238243
32478,30089.490672169894
55365,14894.176727375021
49334,17091.25771363508
92683,11073.799047735934
60868,10103.464178995546
56761,12290.154183170718
99233,10255.407984201483
81882,9492.14756062963
96027,18607.23693020164
66882,11464.006686339144
64481,15170.927983944248
81963,24590.70816961704
82844,19350.942786594907
54797,17888.53881453128
72227,7134.896972222872
72163,9611.579577812343
90371,6541.579169487717
43120,27795.52184468193
11997,14742.473956711321
45287,10001.720499538267
90605,7982.177424283038
40130,16263.397358852351
74777,29697.201760083142
11800,10381.969348072884
98198,16994.90968054652
81065,27777.368542554905
59863,17400.19682726426
36197,10412.296778930802
76253,28079.130486452836
50364,8495.18899197254
82101,30872.20965780247
86648,7249.437231775992
16229,33071.45419965494
89672,21856.84953204389
71276,36767.543685329016
74683,3964.9510681406337
46271,10957.36990202872
59019,9225.21131264935
39659,10801.201026302038
34326,30576.268489984242
85037,11068.02672597347
17570,19427.243255765065
39463,31297.74348752901
49215,21123.407325029035
10897,13551.61143168781
80316,14795.008889857512
22631,14921.599621586518
19360,37242.26534671337
99620,16320.140274721334
31268,41718.67484431885
23453,13482.789904115944
50446,21414.044415764747
79902,16508.962567951137
76209,23049.76949316558
63017,12507.317123851404
81562,23312.731035403773
82815,5928.606172214722
61823,24393.510948819254
92612,7805.6908146511105
30685,21071.218587977375
26488,27174.270546423337
42815,18904.719819423153
28070,12941.682934062606
65465,8316.846739497318
75740,4313.504580912593
70608,18677.25157383977
45967,25717.730408071286
86975,13529.113716776861
62825,10172.869994668854
59910,12267.337978900516
50919,9736.310083087494
47099,12460.701989501822
67091,8895.733566116018
36847,6872.4140139213105
55079,23131.460397423558
57603,19669.2379497476
14694,20386.112578265023
84204,30112.18922927208
13398,19563.971127891502
56268,12380.671580125423
58157,15379.075140455572
47088,17873.849602389513
91002,14175.982985375433
52619,48011.81893592528
63643,11951.922103766192
22066,14670.823091086977
12511,5235.878730884149
89624,10331.77873786715
82031,10878.13212966211
57880,3595.761042947286
33660,16069.11313204762
57631,10279.680053471224
82031,14891.04965588835
70981,9882.429722408262
63367,11184.265127894341
25744,8210.241787481473
22397,28099.73196857936
39237,20706.639151040454
90192,10202.61949785316
47492,53926.72779050053
91504,8865.434162150133
68519,6749.4509612694455
64227,31038.661993980466
29716,15054.579494664833
54234,16474.36390306863
94069,11519.951045245005
15287,19683.564645533817
73794,5781.944516752488
34622,11977.709714229657
29080,11281.165387380082
19528,16423.086269592997
40640,25510.004619999712
68678,46634.662542171194
67738,16129.44081167603
49546,13572.442223120921
71614,12148.967634426508
56418,30407.224064889124
78193,9860.773640185758
51916,8892.856565329635
13528,30053.813357760475
36644,15003.88478254172
66204,9683.221913904476
68222,17835.46632221527
67624,9839.836577134047
77171,10084.397266093889
92104,17174.64291065704
74353,13791.108345095703
72217,19407.77681419022
75883,13947.476398251558
47362,8104.051340710586
40316,8487.719434904804
43775,14663.73764071993
36964,19485.365726132946
73010,9505.703150579997
52489,19428.912199637256
90847,20415.165896712646
33634,27330.16533674416
44497,17898.880864911953
81048,29275.92461199655
15579,13676.180003839258
42708,14610.078196339879
50620,17631.552593988657
32010,9908.211343141655
26635,38966.400573175364
61748,10934.466578189888
10149,18217.36061377883
40465,17636.114706855486
84053,14930.134576723683
91886,11828.28164339833
77010,29443.717124639777
37524,16071.440383755687
66876,17938.78001622231
16705,12880.070646577817
58024,16384.606013231252
95192,35948.12108288058
32384,30591.551135881513
57597,15413.546965241778
52765,16632.13135490175
41753,22508.291219143754
59183,9816.646368271004
93933,9437.701047388176
40808,14557.620430731073
20846,24933.740351197448
39350,16273.787486482584
21044,7465.935607219382
37321,16097.457710806795
53728,25892.294105090863
91727,12408.116723361341
32879,19810.008962144246
93115,19267.25657308269
94587,18412.373603642118
64925,8730.878625143652
85930,11365.63266524431
22999,11804.313122930525
69733,25792.114547416593
63492,13121.007288609533
45458,9993.088068156103
93736,15398.219427324238
74186,9913.53584725711
43200,9577.18773437614
32617,14878.520009797636
39465,12996.457284411574
74487,6258.317216457121
71907,11254.126904687168
73600,11586.841785052507
38451,8902.36507351514
79261,6639.541901819282
93954,6560.769760930709
67387,5531.91592333275
37916,31122.549425624024
43962,14379.602975648042
69711,20122.13453634799
19521,11060.684824754826
43064,8092.061014113102
97697,45811.90649755477
62660,13364.00928301748
63349,18410.227716850495
77430,8622.894090425896
74519,24162.68384615044
44591,9772.792401160825
60567,13216.555535147407
71258,21240.793317295625
84279,13088.960063374332
86316,9768.041391980689
16387,21174.58918607815
37484,16274.36444008
30123,11371.560397298266
42086,9159.95118429292
66291,26055.214606137648
46603,5392.414516867448
37507,7302.849851288516
23575,11369.291771595801
67321,10738.642686825257
57121,20790.85956217794
23962,9604.516743159045
94106,9231.001228115143
57872,12135.811567573694
98397,38515.55811035144
53917,14487.134861609333
29834,24283.14160775803
92024,56127.447376990094
34840,13539.174067206397
25080,24801.65232683406
67268,22722.10878822524
34234,15794.293180896784
36398,8680.67103362697
46632,47848.083081699784
66717,17807.1855542631
13497,12756.77890571699
68851,12045.86422420878
24564,9830.961405240716
26252,14813.990115283583
76686,14769.462903035721
19546,24801.65232683406
24618,18921.01613059381
64185,7791.217702503747
64529,22152.5372519225
69309,25265.049572554446
18063,10283.065358755422
95056,9870.689844518072
72478,24207.268203514363
25717,16025.038735776176
14985,21388.67920751127
24728,25371.820561606313
22174,10705.968905118782
76822,14793.433186516348
80816,8065.92453969766
78820,10983.85887775686
12404,29781.303981250312
19264,7599.602338983075
35649,7360.6388404573645
41745,25606.09035262971
13933,17759.97119385415
29586,8192.127119733283
63605,16935.99794361786
35135,26490.349764898812
19429,16706.240874409657
63055,9108.261357334046
44977,15306.291395903298
46212,7147.495322703411
89957,33806.38110111453
94832,22292.420506803865
41045,10778.29523979091
53024,11309.424432183105
79187,14547.001828697885
47862,24540.527381372485
87506,15043.41965970333
90657,30050.907358929056
53424,26859.85967374502
61070,44081.6087444476
19777,17823.55985055658
55521,29568.95681924002
74131,14603.990424292886
98162,10946.811158419852
88998,22572.765980772274
25342,25929.86673338611
73205,9440.616211323606
82989,5228.277976767216
87367,13788.508335060575
62347,17738.028379483632
54620,10723.209480145599
21573,16729.77441400466
56161,18140.142783212294
51320,18275.54984602619
28939,13450.008824412591
53734,10416.07958842245
28374,11865.358759762476
79432,14595.962756825242
82701,21312.79560186171
49798,5893.654588300562
93748,18253.192046430722
22277,11498.664174210851
19262,15999.151559908501
57313,13272.375563536538
68346,10827.464573600138
76135,6312.059509323981
11970,15798.314951027538
80455,18771.30355168255
24664,11520.249418240086
47579,12123.796159442954
31964,9399.55984453055
73630,15637.122295101124
10766,10160.934502134676
48583,17829.953562973926
13482,9332.848940533233
52829,15471.314675183494
87843,11121.899721809663
34122,9060.671381624217
97318,15645.63886174064
97922,13701.8370656767
70065,10936.556116564738
49705,18827.482277936586
50598,7189.430797159177
39165,9511.572960747035
22349,7005.068938884542
82384,8837.339077709787
56432,13845.824649144086
16104,48908.55366314303
82267,13139.732674199238
34317,9769.359858736272
78632,17022.890809538734
50768,7404.714273369131
62345,18704.668718535788
12793,21529.75263044171
11504,13499.18850742518
24966,8068.154054493809
33371,16132.415934256567
77031,10100.522440137469
43553,16971.661774215045
23930,8745.192761158467
40839,2662.436279513746
45965,25067.979816804742
28618,13183.430652895711
11947,55576.71297086295
30050,15162.048650990435
63773,20525.385368681196
45114,11410.772834135885
46552,31917.448961166974
83493,44403.22984997665
56669,15130.203269469326
17247,5981.108485256573
29698,16372.977271834883
33620,7945.701446612751
82371,6833.621766299877
59958,21016.828655344147
72518,8947.263768613891
68308,7352.326935931189
17050,19110.20835266501
63995,9440.207738469206
22145,26329.525447559838
36104,16850.650239728155
70494,9100.495654027874
56811,11944.526443227322
69675,40546.87534784459
61191,21900.952995889143
59810,28338.58134245562
44137,9412.841223147578
32054,20961.317920254733
85594,9933.186726527101
95049,6904.263665988246
95813,10564.638895991397
62561,12243.805591277096
17141,6561.175604595741
34224,9522.511072585585
76565,15656.386389902626
73015,17739.799393717167
89190,11237.579661330892
44151,19619.080983352407
83974,31440.292540014678
67322,21604.360973837203
87775,17393.92819931505
79501,20608.7982041182
69181,15619.392101707683
99154,20342.431127322434
44459,30123.36862101069
11269,16989.67422308639
20379,9979.476077747307
60234,13740.06385876175
51165,25820.28139736408
25407,14888.512638432114
68515,7006.41329144892
15793,25214.64788160164
16318,11579.479891227422
78549,13458.443885817505
12418,17270.01887015451
62878,6292.154807689725
19545,6742.66879242116
77178,17900.189390496827
33101,15565.317135992262
25295,10716.023009858165
61444,9481.654191988335
19248,15616.471937843884
14818,20196.4802544841
33334,10094.621021002
38295,20330.195867898226
18472,23616.760210224755
21415,20163.007501826964
28253,21044.37560900655
60874,10675.86189258837
47936,10636.996073678889
50541,34752.71752002211
70103,14045.795258785422
65711,12559.975615910385
57708,14036.781407340624
95152,13166.382401624103
60147,22117.384569374408
84456,12911.0825997981
48050,14987.425559301864
64967,13009.380567573253
80213,11350.859832642054
88518,8690.251034825604
39300,14585.56553748102
94984,13515.992488041336
87675,16588.877413502138
67998,9881.386304892912
62751,18738.045420590028
71721,22774.70184334145
37645,9592.021238677142
12262,34049.11136318154
92361,10424.507086135887
41394,17676.772859587425
25916,14948.777379276109
88859,10942.900853276808
84076,8589.098429576481
13768,33589.218102688435
75148,7357.840663041772
72300,13991.460734973442
60847,21591.74881702676
19119,11285.371818174212
11381,8296.601805582328
34523,10050.013812241923
80305,14067.963029991113
56042,13561.949478603281
53510,25007.96009878229
20557,12574.516189709324
43626,6902.383390747038
23573,16848.022934382458
95024,10656.089086949003
63403,9038.633174537988
72264,19556.37546937683
73868,14829.84455041567
57008,21109.600968769857
29739,29410.660709474956
96390,8065.92453969766
72031,15344.60743808949
95360,17461.809831702438
56059,14151.989512309949
41190,17518.045154185653
49244,8706.287696306606
61084,13167.548267304172
28876,16403.441795627317
49668,8672.017029931565
38578,7615.465789969652
28670,8750.497839072103
56011,20209.24732930149
64600,6332.157861829881
14797,19178.26006118973
30232,10011.285504141506
27094,17518.050420047777
17708,11578.450540093632
92440,12401.810595626284
97217,12529.822891719843
70917,16648.433910264434
96456,10017.44697355616
87217,26441.56635918631
62215,12447.450157274523
55609,18885.53146553231
55444,8197.307547116136
81117,12997.454632644994
80337,8278.620444414148
20474,17282.387037443714
79122,41829.71236610261
22526,15555.968636709329
17766,26855.142392408423
44750,8135.557327846636
76235,30037.68346234426
34604,15671.611696451446
12014,7518.27687573593
65032,8529.001959643689
94762,10541.89288371539
79622,41024.64099310928
43048,11579.331441459422
72120,12452.026359440739
43532,14420.436192875906
55681,21487.753625865393
58158,11407.838681190362
80953,36264.268546271465
28771,27849.89904373748
31358,23932.265893491465
31318,26362.04183344325
20514,17558.25370363727
27907,16413.146442331188
47556,12703.226458772082
81294,24663.45382863271
35252,4716.29996204732
25096,15006.178394767843
22632,5853.686935904141
58951,13788.520975733049
34690,18542.557903871133
52827,5899.597374854035
19735,19550.31972941153
37603,18457.00940186178
45631,8897.511400568334
97254,26426.895486118065
41001,47976.72977609433
77478,7015.113564117522
69987,7397.1285388858
72548,15702.24411523931
79778,7211.023837182449
40925,9788.396920040224
45502,13753.251864539994
50308,9699.58854306207
85507,21767.832633077312
96835,10385.679116946678
28738,7830.456504847727
46855,14967.809596174173
20582,6868.49048248448
74527,16264.574447552788
18099,11193.47502790203
50191,14693.361168211675
92363,8882.197152088283
49966,15804.079209954636
73112,11803.148574598203
62095,15496.275313845048
95683,9845.104292020993
73827,18952.56698338397
81951,16942.859484805587
95801,5487.351287628873
95370,15724.998108883303
11303,18040.875136077535
92269,11727.97505948896
52879,11498.026402499367
46070,31426.125173992645
32301,27195.82570257689
62682,11909.96683731267
91707,23985.771265227137
28045,13164.435996289412
31955,8549.041047268709
34772,12741.263103517533
60470,10315.740026485555
43698,9192.74125876612
68242,9192.011577207952
38096,9998.207614955187
63445,16535.90365307589
20228,15104.477441974217
36393,29286.621970208158
90767,26972.773981561557
75101,12603.30386398317
14643,15783.448496803134
53230,13077.88061831428
67785,8382.002380215588
91733,25772.29276960979
48723,16529.594473236684
65307,6362.580692343932
11429,13332.482762550291
33830,18021.250217975365
52728,29007.048508098473
64247,53554.96816866121
87970,15134.897265893216
31553,10146.88931362009
59556,8330.64566752502
31328,7379.783517784786
18429,20514.300350255566
35513,10444.28671134487
57860,29091.671277864923
89748,21451.536525480173
20455,26851.961205550324
64893,21514.257450452948
13180,11718.504583200252
93050,11695.261215199964
74237,28148.978298341717
67981,18035.17788629524
34657,6999.120670115799
60056,43419.101850456645
32647,10245.880898217227
27034,15552.260407698748
83305,8646.083730925173
77206,15041.053081744234
44022,42523.743643906004
30127,11337.968827500832
66083,7696.092568757356
97490,21508.305899213345
10605,11668.335498262546
24502,30499.034788149755
31552,2009.5684765392689
75688,5806.559704690533
62176,17802.88613601842
11270,34285.23203987977
89637,15006.077317254749
79058,9829.280496371019
37496,11391.790467769197
47556,13983.562793588651
96739,17632.161498108293
86879,8737.880324895174
10310,24327.176415281258
77941,42801.246740264156
40054,10625.983987069798
70608,14627.095014641784
18491,40389.12243806505
26096,20084.800916825174
24313,9152.294917707219
97297,25723.52974305571
21027,25736.639351796635
59279,16972.232805640404
98167,6353.199176891574
68160,8944.042794628773
52058,14352.009283080302
32397,21182.11395831737
70919,13438.39049579064
36120,6959.488561945131
14218,45971.23428874499
11643,21053.33316242368
95986,1478.2865259695245
15227,9924.268565340019
40682,11584.290591873387
75480,4052.8254009783104
29992,1742.8699286272822
71803,48006.03964687337
59112,13886.84265223855
46845,15812.939628524338
33384,14612.542052413151
39970,7123.8235853491515
65655,35203.09832791095
20380,14873.482182837342
40853,15423.138574915083
16004,15129.41716834104
42387,50788.64897494737
99263,11907.152399246228
30340,22515.988172453133
50866,12310.44956200281
70344,14831.609920645304
61566,17754.685953835684
23969,20440.75240045438
19421,10840.205237780148
83900,4778.515323835232
59476,10145.16086983052
59452,17218.43554787792
68714,7377.308353777622
37316,28315.194418007814
71948,5319.945963014436
65338,12006.773480616706
27192,15846.490721715552
62599,11059.350755604499
21402,25342.082829385916
22829,29920.303685620107
42129,11106.133405667439
93465,20380.916920751806
26736,15789.951191996608
80914,7362.093909067622
58573,11402.164360048902
20314,13579.07598970753
24407,21226.14416969936
26250,31696.896245165553
14832,7716.83997378085
10651,31596.291790551106
66535,58194.77262553829
90048,8268.006071278865
11770,26867.894025568105
92798,17230.091909730916
66692,9462.902435903148
13234,10000.548927490217
33337,10061.655459214735
84551,30493.555558198423
26706,9950.539779073106
15124,21790.682262175826
30187,16339.419604752633
39896,17386.920801561933
95102,2922.6621439436913
13304,5295.234577250025
11958,14120.80160894475
74669,14642.468770697913
44564,6861.0804557260835
66769,11969.150357166116
53461,27168.673954726015
70978,13782.40563774082
11291,28159.574940415
38496,14604.192246945044
52933,21609.919152666644
90007,10811.319493750143
12253,10342.261047193851
27687,3741.7298751656162
93640,15857.224444049618
72615,16516.308654436187
27416,5196.867699510798
25218,14864.16474498579
63413,9873.449237385064
86403,26580.530088843283
60893,11511.900281661576
72908,22076.403087686285
84394,17961.13127152279
61563,14254.725994719134
67138,21527.861417079486
22629,28181.654290717866
65508,9509.585542206014
84864,12097.633054694355
92277,11494.52377666434
44501,18204.835360878536
70395,18725.1102495467
30312,9257.402044280436
51130,30949.63313456711
12651,9451.669136746095
37135,23855.83509055118
31620,7856.018393740063
56208,18051.696388762695
23227,10380.77736731785
64082,10868.786213954088
28483,11312.02770993539
28026,12034.37525449054
49076,10599.85984325977
12187,6418.861176328077
62343,7976.871276474347
89653,10121.334079794033
52149,27856.428208437457
83351,15830.843239887372
68276,27995.605068394034
43519,11461.795436904544
78253,33195.408139638355
32970,10496.590973413284
77042,13403.425869637744
25346,21603.725112209817
94538,25819.05728795488
34876,9878.867388798702
34451,7127.49008415004
34281,21363.72379044271
62475,21192.961728985203
13355,26187.505701882128
10789,17341.358338697617
91420,33083.42383595476
34218,15561.896605905058
72912,14791.673798399972
56217,15450.53820862624
98225,10574.978508310684
40863,46183.32575442396
89831,13418.854440123694
17146,30579.623432288885
57042,13076.628744849771
62016,10419.531157621237
12867,12104.834030078326
63459,7280.9220032531575
87465,19240.382755987095
22387,13219.040925672884
26538,16923.983577566687
71145,15192.86885930246
15271,19138.99852736441
98967,34912.511375209506
95107,25115.95958434815
80480,16229.887004823213
74080,26506.319941738908
89065,49207.526042483194
15049,8272.868367145733
77430,24355.137554901812
45650,13179.026887084132
38658,8102.7603899710375
71682,4981.161729358857
62808,12250.636895753003
55717,20958.73644195809
99994,25291.033272305973
33769,11418.157473376217
47715,35324.81134179041
25191,6362.3370394879275
73991,29152.2518519909
55313,11272.670010574777
21052,8911.74477459563
17296,8588.292144900035
63563,29235.122084312563
97604,7596.277885660913
31294,18400.913378391284
71239,27407.414070499704
93995,21230.927934450676
25631,19697.391987861134
80921,29748.64110278415
95787,17424.841758974602
75565,17875.8127915938
62305,18049.05627367909
40812,8707.255537389305
59412,10965.952390686778
80812,27403.537226617806
58160,16028.226511177485
54406,30064.68433283249
89035,11235.177283533561
13427,7054.95017900249
90274,20204.33746039824
17478,9091.483985148163
69712,10464.100428335707
65181,31380.34903639682
48640,22674.571217983663
83246,24373.401714822205
28139,16046.913409497534
46376,8458.429415721024
12999,13808.19334723224
76727,27314.410150879332
49204,10601.443929893054
11165,24903.346529850987
82942,12428.830095730438
43701,14586.426466398641
40156,17840.478547207444
94721,9503.334950130291
33670,9928.832892246599
81020,11838.053603365386
61687,7642.789323610172
28047,18887.828745076782
35327,15936.316497918073
59278,6821.934843364974
98968,9130.737829765776
38042,14743.834912078792
28776,16781.13152322181
79059,19338.918922667763
11009,9631.287938547996
74696,9767.113194331863
31245,16477.817131472937
26979,11915.244879303707
81717,19212.635517301664
72514,22302.719761367458
55732,22169.724001370596
35994,20805.775371628566
95676,19633.099352671634
73161,8546.475146276187
71124,12207.454600698195
68933,16515.035367510645
75169,10133.282621311162
82077,27269.524992546205
27401,7554.368348245875
92192,8916.953242629454
23388,27001.923133361357
44402,7189.615871234722
51779,5381.080532067634
75668,23961.918307393975
34953,13441.946726052118
79646,12588.62150106599
80852,21105.82874504966
63901,12795.142847170582
83406,11261.219418105231
89537,15296.98990171046
48680,17290.617811410342
69779,17180.319065684558
33249,7151.9909827904885
96676,15162.491717656792
47706,21379.354072210346
37546,20217.074289766228
62824,24249.006950766776
26207,10485.412954797855
54537,16085.959029477244
97025,16166.914550471534
96628,20381.163135678773
18591,12191.194886741341
81152,27995.605068394034
44652,11627.779088044259
13675,9706.709217110118
57385,10904.708189960973
64942,14976.248163062644
60564,6830.588027561265
55809,15208.433848638108
20749,8245.665774944713
57565,9405.70494997619
49459,14583.200989319912
38081,28141.495950793364
63871,21956.11753339226
95823,38831.43381888956
90170,21074.668328860767
38139,16472.588669204615
50062,15069.363630466607
84518,20158.099543091397
95540,21234.29469675784
52266,17328.932273862145
91961,4800.681880535076
81246,16427.656647271684
26078,8214.180210154527
63779,7048.876174748737
63918,7586.470078264414
93289,22448.152111750445
40792,11650.977229922111
62235,16847.51459224174
45881,15599.835603367534
90560,9850.957914575212
75695,9286.581764761822
30190,14440.595127220677
66757,16601.046510160482
38389,11774.240927421444
68557,6999.014287516684
62416,13762.90195422775
35044,10689.841675897149
44989,16759.08159300643
39618,13303.148925978683
92675,22387.67566347037
66123,18513.74699846902
24677,15188.802520416975
96022,41117.63944223786
98745,13686.957070735845
19537,19869.724536290385
69131,19628.988462408997
85552,15577.608516831495
54393,14390.57323940006
92432,16906.33834968677
32332,16088.358203078355
23428,14756.44755771771
88949,40787.57877722508
40163,10161.250422971727
90733,13855.626430323926
45971,16951.31703166944
94183,47416.68018830907
79085,8846.13557310159
12756,18942.496042132887
56979,18320.87680226302
66922,9278.793248332793
50608,10551.185602087011
60143,7397.206425842673
37290,13777.48959080661
69494,23788.554338902082
27008,11038.160596788804
74688,11072.992719082362
51847,14984.75467819306
38400,27109.619599725484
97666,15332.70188509617
69101,12531.707865988035
39586,34569.15195816755
64577,17017.088481808507
47246,12250.63340673711
62255,13219.322442995368
67469,15470.36281698326
48350,32366.573944703
27877,20667.066956555842
49551,10314.515644869884
36209,19066.483131430145
53750,14448.767217219773
95446,14379.386482373226
55703,19174.802687006337
59870,24512.551649145556
31344,7609.435551995015
77754,32492.880441058
92629,10595.682116194017
19125,26273.454493576923
85258,15926.418583588764
12065,17642.27402255275
23045,20020.050053078285
38097,11190.422522711004
11107,7616.381149097502
65233,9161.69377237404
87435,42410.31219160618
14653,11291.523558684901
92062,29855.46778077622
73909,17183.495587428388
88603,14528.71772586093
74365,6098.687530227338
40080,7671.639725495144
36944,16503.94043627392
77910,8859.35682176009
59833,22260.89432123943
26129,9718.42081024032
62364,14243.416968036097
93609,12106.447748284547
44886,12072.544697291814
84605,10271.2938892585
70775,19580.907028707756
92807,19925.263796424337
57971,10163.008123503996
15428,10823.827861058071
36845,30707.81418443581
78172,18232.198633830427
88252,8699.70016394982
79160,6833.900844460173
42064,13817.388294586384
79828,12014.596817712158
93452,4210.675806328594
39170,58527.38912730906
60527,7110.343322629917
69417,9140.069669139626
53076,34974.903077427996
39676,18641.98858796359
47047,12037.864716199627
73417,16468.636249998377
56519,11152.748153524153
25386,11446.350340891064
92320,3059.6548222394777
49586,12166.254079040005
11697,9569.075393782892
92206,15088.29864933551
59629,30137.52994744172
30680,18046.77729662404
65356,35892.28171530093
16648,10104.28482341102
94712,10273.656577933925
94178,12481.52140992755
12211,11716.85678211059
54072,24151.500343795586
81285,10854.914126314947
91459,24366.91889136077
44107,16939.809195379246
66918,12151.531954055285
24835,45943.94137761068
93179,28601.410057327128
70167,16601.0597605845
20323,8428.972680476978
18739,20382.55753640396
31708,13614.026560329194
31184,11215.721369785027
84404,14413.02816655164
43443,13070.806335047404
70134,16733.60788796531
43491,8307.406828132434
48228,7212.92345383274
93580,24609.662019946103
89727,13231.71740000662
72187,16946.436708479116
51227,7376.600247368204
72696,19041.407286739046
63418,6565.9068494996845
49556,71462.7254393117
70592,1806.7983518209003
92230,14700.985394245206
56605,9066.698394885847
26858,10888.113793697477
60018,18030.682830638736
53704,16754.403968296385
45906,6987.405938339845
64905,13794.184044495843
27592,12473.918069890437
96127,9060.913479767194
39475,10403.818243010288
83098,9953.018896571051
74709,10062.208400886637
17250,7056.646600247765
90614,10522.162702445396
18089,21068.168502353823
67726,9512.267082888953
22352,20998.64301463882
72133,7114.731988852382
81144,13948.572817307186
77229,8676.6513441596
92551,14355.93305263188
10398,20032.69669471389
83212,7499.553025406583
12435,9829.530961807348
14207,12719.134327346497
91427,15726.476935517047
89214,25354.144204314376
83331,7570.825759283018
54257,9458.045488002574
14801,11347.478840708234
48484,18048.150553866133
69214,24997.04835130745
48950,9585.768850779717
52716,29120.90445694731
65356,6668.008615642781
76488,7388.17988559448
45898,21834.437727883243
27138,34449.39994908534
78179,20405.747377138003
64528,7626.676671025989
58464,25375.86249706318
27348,14794.645847052017
30415,28313.76013757051
60728,9088.643005447568
50331,19630.556338410664
14631,11382.0870848542
40219,8630.934882556268
27380,19355.79881754063
56225,20392.60129571187
97839,11537.05312846602
71716,20485.72605971967
82371,21075.102580472456
23008,23244.375933998734
10193,11219.64020729814
70308,11426.368921582802
18330,11670.056961031354
95641,5919.670114152832
92278,8031.152542376409
46464,17464.890060750273
43758,19027.97421948621
36521,9247.37098201762
29775,11408.350001646824
36735,11947.736011785844
39642,16611.396529797184
35738,8792.306235569828
67374,12342.694882457472
25258,24239.702673383927
79063,11965.262933168658
95481,14382.365869263831
28132,10385.112125267933
92052,66434.64281836194
99694,8365.552407809733
10880,23446.35288652785
51001,24565.406372371974
79643,6744.266922715427
11317,32894.449970910566
22598,16545.300971689903
62674,16470.806424271694
46015,28005.718894214413
38417,19900.054476967194
22816,9983.414417047155
22452,11686.566633467039
97774,4592.952183996993
88377,17392.029778934935
57295,20707.42338575397
62607,18780.954621638568
57673,29084.24792522974
98641,19161.019970929927
83705,15321.528154519978
84973,15328.925283737044
78155,16968.328708469806
56651,47284.906886452205
84120,10772.362816011018
87619,20842.245424947352
50386,14716.401167675725
27994,54854.46422937928
60721,14897.343426582058
49037,10312.648374738306
91992,7601.855842973979
58609,9774.530554515699
63250,8474.073774668765
10140,21263.023387375673
43336,10747.56202191693
47635,12316.8266626388
49013,27112.436360684667
14311,9480.373643778108
75252,13004.340486683437
38614,10490.304010829153
68331,7712.071782739795
10965,24266.94111405458
35837,7094.8830247266305
30974,65570.05433058037
66706,19175.601600312006
74711,8163.512495883904
29574,29495.455762512433
38725,13590.959716496229
75438,22577.507133100895
91439,17532.48510107802
20392,15271.986493506303
44232,11581.11116494765
35507,22229.326961755163
99517,10058.104516342923
88874,6875.117432017398
56282,16632.235809382073
25938,24380.856748686772
71851,11496.968026088778
89218,19662.55302433569
67720,10453.201800582232
71755,66479.82116256043
64804,8831.235944738448
38170,13286.19791024727
39869,20432.18229922596
32098,21919.09404324107
93677,17020.213093972063
40610,19064.69691403457
56189,19087.070614925873
87791,8327.28154879291
91588,18455.8164442371
85798,23240.17082398503
91104,6931.713284850015
12455,19426.360601905315
92114,19846.995168401663
15172,10382.42064613461
97351,18179.139753335392
88962,25247.757216877544
16001,17378.60093855582
55360,2866.031453604817
95266,18209.156907643664
19817,9940.120723893837
31660,19112.508590928526
46929,12297.485751364513
54455,18320.70971212957
38630,51668.122415806596
29249,43915.79928411743
40803,26627.818299394865
99264,10676.505823986969
81922,8428.129761905306
45643,10605.943766121502
17490,12936.985949624437
50427,12647.859883819328
87547,11045.499485488435
82863,15315.686045721279
33047,18506.9672503276
87778,26343.004144381684
20971,17763.62056157541
67036,11502.231551258832
11511,7762.722770322094
19892,8103.519340281498
81276,11181.384355513908
64791,18489.056016914572
37466,3294.8614256146993
39231,8253.257786059283
13668,59736.35786754619
45753,25063.099733852476
76290,19674.405044930943
82938,17324.081189691176
74509,19448.053135219612
48490,20260.974605826385
21590,21369.30968874802
50555,22311.43804200675
30872,16094.482616375122
88754,7296.016523574857
27302,11212.55946758824
31556,11337.12983159988
43201,9924.8727365409
77128,23621.805996965017
63878,12177.067274222038
58033,13449.702302391473
92448,129975.51063775034
76049,23122.367309896013
72255,26254.94280374171
21020,20299.373268931973
33162,18478.844241328683
45090,7974.159401327968
81479,12005.694233801123
28615,10666.536111169447
19616,5254.2611207797945
76207,23558.424814822443
30552,9307.86089209931
19546,25500.176712839373
25771,12568.962428897157
61401,7731.6635492492005
39046,15286.078219723106
43057,22995.364984964246
52777,10206.261836834306
76099,33985.21376834056
18415,24183.49380086467
99271,28389.475223925234
47895,8987.329867235962
40330,6767.819480228252
10781,14208.391964105564
50750,21628.749486725603
37581,21704.962953754984
37167,11839.795053509257
93278,9275.76715319953
64287,14633.619615206488
18752,7018.71411977758
81057,8658.089349476726
29778,9603.008865228294
71914,8190.583051663447
13768,27847.238601289187
63725,17693.578793276516
33354,9604.464878438223
16705,11258.999696999945
46619,24007.955668307302
33526,15886.50648248865
27744,9388.267060181373
94688,9926.726562569838
41762,13134.458421492829
25856,5940.639439274093
14796,27250.327831498817
48769,19533.373012399454
91682,20392.438192942926
99233,5713.55521343283
78104,15738.83623848939
52751,15934.699723191368
85052,14354.130217852759
73000,9537.571378137181
24116,5981.757804562047
33948,6826.026709404337
96807,25326.238279843245
88375,31163.074862014426
31526,9144.067726332101
66850,32605.202590451438
64815,17056.339060456376
45954,9230.475793154621
48321,10990.021169112075
13384,8993.720119545713
92610,9625.824327980685
67427,26207.339738399
61875,27947.044878642184
24593,22187.30772061121
19680,9346.364877940301
62701,17354.049195756692
91437,481.8004197372138
78300,27043.90870166214
21449,23740.394325686764
88492,21045.768355700056
61344,19411.38339357195
69217,11581.11116494765
57887,8914.805078817039
42680,15218.368299550395
95537,8593.799212359816
36069,19106.349922456593
72421,9357.640375979097
92916,10332.574696261698
67220,12555.867294069758
29033,10669.421509794567
15709,47053.28094226011
16622,14878.687795054237
23615,33030.2833311127
61425,13133.084463474897
92960,19549.450348598864
28919,19629.78458589815
79469,18511.449071532825
88830,6549.0050018302245
68334,18243.750604848945
30003,30186.714536904256
88758,13778.282446424355
38974,23014.88611970564
49743,24764.766005901216
99588,16087.65647644246
61258,15307.39870280624
46092,11226.59747919723
57400,10808.925980193682
92783,17018.83819277529
17365,18493.978722775995
65234,8348.581095161862
86077,13651.205808614579
32594,11194.213073261637
92603,15558.763166462839
20180,20003.226635336054
66214,17595.865549732396
85800,13264.258475172881
16753,9537.123209316593
52340,27267.23636914869
19060,23552.63664885593
23455,15617.21215771206
99556,10228.199501952731
55848,17876.65132336902
46337,4260.818090472545
49044,8060.365852335191
52224,10782.33571567442
52333,12933.50588309965
53231,7197.070280225556
94289,7633.2740716485805
79181,16814.953247907855
85008,10501.78922307322
79128,30756.67990209358
62792,8529.851245902351
50534,21107.617743263367
82867,28203.96512960555
68039,25887.10328630403
64474,37816.70231640988
16043,8142.990020761754
20058,6279.230400224807
23015,11653.003543584931
77430,21762.701140197256
70897,10950.55944337622
72445,27004.58112494745
17160,10574.978508310684
62501,14122.383469453744
61896,19069.07634154109
69264,12055.977186171896
44532,11131.277286310244
73805,8441.091567138292
62049,8174.3239196749855
63254,8507.56833984748
97660,14552.301386765721
52887,11409.909916701381
71768,12556.808479073747
10001,17721.73206476978
62623,13617.567172260437
41695,7518.172048911367
82794,19526.79947117012
25071,14252.851924563256
71146,15596.613871505024
28444,9035.129843060347
97163,24790.441210961897
48098,15290.17579945693
54756,39752.55161723286
39911,13133.130577057225
90954,10315.381097976911
87380,7146.86157622724
32166,12625.66531295516
21596,24380.404576902765
19913,6572.039232394933
24285,9623.885044689767
23668,37888.48906723813
45590,19306.68112048965
97992,16042.704859961732
45876,11961.241651023538
40589,41473.45046026234
16116,13700.716532061591
84871,20827.812098446746
26175,7735.860391832473
49381,13635.992874548288
13759,7309.035161986594
80312,7619.893120299659
11524,14010.33271172446
63395,17316.33298276264
71334,8324.837958456555
13506,17438.026962434513
37383,7446.227820782431
98416,10084.407707179806
46730,23397.0739542546
85054,23593.78558845842
57186,11781.584847731048
82329,9023.730403013564
31688,8210.39981030571
31031,13071.491110611165
99814,24933.740351197448
40509,10200.260063751732
47546,30295.97323774968
69333,22097.700349778243
97523,8432.89144635278
54296,6462.706074292737
73696,15641.40671956636
47698,27492.98693858136
70268,31048.820862772016
82282,8385.231688068938
27296,21979.351040578546
33116,11764.724168757431
50838,30903.25104983768
86065,10814.631732366899
60928,11902.068485499007
22525,30894.190868043457
95313,15381.982558832051
98587,9577.052445405494
66402,10498.8689833818
97627,7733.418649723493
93332,16649.318946446667
50803,6807.747846092823
58983,18918.522123504295
17582,11417.41842789712
36970,8557.906554460897
67229,23644.936095285622
37348,18011.055950990456
41935,24809.5144664058
82245,23151.03709289321
27125,14386.107622018246
19495,18424.327094160162
13328,8731.542825910754
57073,8292.635997590478
63496,9591.484412406042
59951,16923.983577566687
46492,12356.086942669519
19944,17752.36097982776
36406,18723.343709462908
48750,13753.794564218748
96921,20703.669107291884
31167,24545.671894127438
44644,21433.749002261826
53734,29641.937719004876
79217,13144.885163033941
80526,11638.048440777202
79112,19297.099137032485
33494,14433.247878606804
67890,6398.858169475787
81489,7507.70920885228
56271,13545.584073355676
53846,20731.78694953298
52002,10991.07034236108
45044,12441.69565446135
98373,20212.851141880215
28076,13400.887475715932
31526,12959.185285812207
98118,10258.050167831621
53306,12102.240182050806
36437,19762.94571715953
82836,6525.443930430916
97428,18352.337497993394
19585,7372.0158174546195
75055,30681.808511129137
42035,26526.435587111628
25284,9580.74961070242
85969,28317.681498344507
77457,10688.184078036807
22155,3593.937080738682
15839,10410.098554934666
11663,15202.792114216778
30098,16299.536288342153
93480,4349.420993022439
46752,49948.41802931105
72455,19745.133240760955
93839,7854.360940963594
60635,37303.4993841163
69179,26776.911974505172
33289,15827.95523191063
90578,9270.897814644457
15744,5439.877289141848
73511,14682.16008788851
95536,14418.163866195413
16336,27702.89001008883
23489,19588.259851098996
83255,14176.096167331993
20130,29660.625991368404
58200,2799.3938749478184
41751,13683.154548330685
90876,15509.435596721789
73993,15127.557719186514
54229,23502.841198815022
36002,14394.010583981448
77577,9257.402044280436
47683,26889.948459804487
92344,15405.189076353055
47785,17243.351409288294
22504,30281.1675372468
94896,29310.853606225857
93864,16839.777452561753
45055,9315.211441727104
20535,25101.390739904156
81815,14394.077204423304
94903,27835.81842072592
43561,6159.751150167485
25941,8987.329867235962
42321,26050.181043012824
94170,23698.765062352242
77564,17761.37507695413
87776,14144.609111133861
67974,18372.20259240807
82657,12004.768724953401
23079,35624.3469794119
95577,52209.393386865326
26436,8038.430812092163
21087,25928.790233853037
37466,35282.41300076034
90948,6848.014588037415
78315,7026.732981315459
65922,17557.577044520433
29470,11857.47124910219
68077,6390.567383306572
59967,15614.089322988551
42747,45055.0263042696
25402,15564.908204305078
80803,45817.82362941903
11698,28936.207429296148
10564,8143.707452553237
78707,24783.849620618377
14511,29477.530495388237
84359,7601.855842973979
71873,9840.676627565623
95960,15629.06537884855
21581,18606.67031823864
13740,33789.5156993806
40234,9558.44754998538
25001,33183.072673662
17247,17790.80451492596
15780,12443.6771547209
72761,9872.722117403646
16105,8778.912280064345
33927,20981.918705203
37170,30683.190909354336
75087,8169.298061544185
67548,10483.67533634011
13225,16568.401560216193
11033,11972.9384774729
47134,17096.63657539849
27228,8049.7301292263455
93613,8354.819135567188
45166,11422.316749485552
64925,20353.507649182775
76410,21590.708431926374
27446,20657.73692743655
25418,33737.27477061369
52761,15748.041820933322
62054,10899.299682387951
24518,10987.978409399997
15921,21092.617716498866
61017,7507.804426418968
59626,9689.136198331156
43229,5469.689149829361
26878,13116.0066018212
41107,16463.136719992788
45266,6456.52146159284
90785,27161.13165357978
36401,11012.776680114941
81300,34073.22344835724
80083,12610.624393727556
45384,10498.11193032682
46312,33737.09862630855
70363,16081.436186750918
90103,11494.542516892849
18883,24245.954109526563
29609,5849.96167787229
69563,7806.618079918344
44099,6938.115960089664
67956,6473.452480220167
80887,9729.643442688019
32780,12109.313652718925
22450,14888.401732951606
11668,10962.25621271789
24654,12259.029444686785
34738,4818.019889887606
35668,12387.938203074273
18735,28091.647307201165
90686,16481.337260144363
33507,15665.686894199715
42353,10322.546458840938
51926,8868.115669721272
90356,14218.658698518866
58084,25285.198406781325
91377,64817.80700411036
97832,9681.433936720408
26415,7723.894025921722
88318,12264.234710386208
82719,10581.909504200412
76816,8362.017186346078
39655,25628.495210364843
94569,23775.452774254485
96123,21443.08521719427
88912,21841.596120186485
79092,9955.00467080811
56310,21337.0224632405
19523,35170.174240224515
36876,13019.098033119935
58682,6521.306306287772
34320,15625.891304466484
93972,10016.28708367752
80006,24377.072550662502
75036,5814.447658494182
98988,30294.287793638017
23613,13608.917848285102
26510,17021.939919574073
18562,9540.945463806893
47307,10527.306967666002
92257,9723.820777843497
49027,55420.722203353274
43298,11785.79222230205
87811,12551.250713385863
20541,10694.954059326108
81045,12391.447049748193
39639,13752.183377668342
96205,15724.697034761115
82019,12892.334891120616
37551,18534.914433895123
84821,8693.890409148305
47334,8662.161568561904
88609,1270.9603252236666
35784,12260.993694409248
97798,21361.917574094303
44159,21299.521471937787
51506,11372.240085276713
63396,15170.296891736556
91213,5488.584106497357
30362,11474.145213197215
53575,20665.037652621748
80600,11386.348069330865
32721,18152.398277238837
80637,18301.87236546374
65314,25585.79356182455
98891,7432.0050542681365
39265,35718.62621973048
15145,24936.78342843355
14103,7973.583961135477
93907,8032.115095652751
55215,10131.911864866956
79254,21354.655430688803
10480,13376.003813943193
14954,24483.055273637525
47110,18871.255754434413
63921,27778.192066389
41799,27535.514053418978
29497,7638.866601421396
25418,11650.781793364124
16972,12656.903609024885
80182,9501.252703155591
19147,13073.06017736686
17377,20481.96584855117
75330,23849.247935708936
15116,26122.822918985632
26347,20403.674514844162
10210,22630.04011263914
85578,20595.351045681837
17153,11519.406071343352
19963,16575.240239374223
21170,11429.921065817714
85338,10567.795310374247
64188,22459.9163864334
76360,12438.823154362915
39805,11129.90135036056
16202,12910.718448283369
59063,10088.615739503664
73136,6644.723330713465
13117,6371.888670410761
26013,14116.1685866384
60789,26455.16487869817
40515,13848.365508139428
61791,20938.959497913485
66628,19738.11109832355
87355,10061.55020493822
59234,6334.432629373925
92234,16250.040767128485
78795,8693.274156853258
54509,12228.580846908299
54493,33632.24873133248
58161,29710.30367605615
19607,12549.13261242288
41406,12428.830095730438
27472,21817.305322623513
80496,10752.399816145697
33498,21245.88641355237
49844,12059.783169063136
79629,10411.550829704582
96175,4604.228459667236
69352,10187.69870263961
69481,10370.872676184114
97341,25975.224686332916
64994,29426.707942554996
48551,27952.645047607748
82541,19656.116325907085
32082,10847.930728164356
49071,10400.383312462247
22582,16430.152917133284
64168,28986.723068148636
57719,9550.960360749114
18233,5789.714780432036
33915,9812.496003303942
57681,11186.76360381351
25529,23985.63939733225
97108,3627.848010527867
77915,13647.567353567581
87358,11192.667061041622
13980,7226.518218947007
14354,14631.353705671643
82296,16851.844045212714
11803,14834.807653694133
89348,8796.012610948965
62119,16149.436505028338
88627,8440.588019063523
20979,5706.69181143855
16578,11289.99401066301
52980,9695.144067257837
35994,24883.677318482205
53180,12262.573173445644
39925,16654.628404823623
26719,24933.740351197448
12060,20921.093722026424
59663,16763.23233435446
35084,12317.662041226275
37312,17407.11185909251
80390,21121.517725789112
27127,7285.171361014474
27419,8309.040380672375
75130,13966.414967847588
34788,5613.509516200154
42175,13098.36355782617
15090,15993.387628583052
75702,20780.419727016495
27331,8800.525947881737
69606,15793.027381936672
87932,34030.57527884109
14398,10041.607999208525
74587,46429.37109361922
51736,6784.425655884375
30291,13659.827213668344
86814,26823.28226578391
87522,21539.208222446854
11308,25156.602296657784
81959,10388.389094514896
32669,9912.802421902928
84508,16084.922489479268
42661,23282.696486734276
92195,17180.319065684558
88888,13809.178809427181
15387,28022.10609065069
57172,10231.076801875151
68150,10771.5601134095
59364,12319.539747684077
67497,25967.882631083685
20530,19103.249096877462
76051,9136.304522547169
56700,20309.619644561048
50813,27393.43649506822
56577,16961.027322082016
95408,27516.06815527648
68081,6539.327128740495
69116,23335.724291611503
14606,26073.025713564217
16945,14270.365807997614
61987,10018.894309442552
64979,20687.07954514557
60480,16178.733568680207
22675,9356.28000890505
35301,10741.518803604718
79847,9691.957588123165
28183,10117.926353559982
74193,8738.654549956515
69943,7403.900849425627
55675,9350.426333391031
92986,15342.692683369083
94103,7579.689775875171
45558,21371.300533361038
24598,7455.49902902227
96688,16942.200385095388
18363,22549.782990236654
89371,12722.992167593811
83815,15964.714157278524
46555,8404.705638175365
55954,14157.830131339473
15747,4306.805707249217
82689,2980.0171625441944
65870,9571.965397376656
23684,8254.86343683821
81715,25502.991515575504
17836,12748.660064787588
24534,18726.22313070716
71605,31686.185037501276
24786,10617.977533081383
16018,28589.085608690817
87051,8630.228187653145
47299,10208.088771952696
32044,9880.393374211555
68699,12278.115442557939
88605,15684.903794418336
29665,14547.429092314482
94455,8663.62506230926
66736,14562.285866855284
57757,19044.53883075686
41186,12973.800204811028
87772,13662.4357148427
69191,23966.244857943726
74154,10712.864445472278
54952,35030.140493983126
33028,13741.958801383447
92094,17080.90658167463
51436,32014.196060461167
41012,30183.637320510657
89586,13540.89020529152
56769,13753.576479523144
64969,11821.267876763744
41076,21300.22200290733
23315,14081.081087267003
40558,14362.214609414801
33582,10605.375013654659
41987,17922.23409463116
16004,11854.84944297347
29709,39646.07664108758
27872,11692.582333532173
31513,23963.45231475575
71877,5182.900235375768
87877,21088.607748395145
19575,23722.73258144235
79862,9450.287632081996
18432,5128.977345836798
14878,7390.265799080436
97707,17467.722517429414
48367,14276.071789415457
66184,8189.48503331473
75713,6847.357337398909
97696,18054.682776455775
77710,64444.06401454488
95446,16568.97694559789
72832,10367.126573287293
17644,9109.791470492866
92024,45656.64862944285
99674,30313.745768668323
80386,11841.280945036979
18833,17633.077430908255
33332,15125.22702439862
46025,10648.169458066237
64714,20743.356534497307
17555,16310.016654610523
68470,21799.542665805355
42746,15756.002948143441
52937,18821.143152704142
27730,18027.07737746547
10721,7083.339181662299
72080,15384.094821258514
50979,22080.9328032856
24048,10655.228596844132
40596,13466.21028302272
93099,12069.791350795698
36093,6496.627071394161
29009,32941.52321677321
49493,14116.13282184145
32427,17446.992889021218
65626,20737.147765261954
70305,10477.805436551651
17876,8721.905889935562
15013,33446.52644977167
76662,21113.012467959183
97258,29017.50959240544
87922,34059.05784788281
27706,19254.9625224436
70745,7188.700308847963
39281,26303.529451654853
36232,14963.088943443896
14965,21420.633985159428
94999,14341.85437009302
43676,39770.855686635754
33320,11511.30681341309
63082,11603.51557794785
58417,27779.37447683701
63458,19411.10607852012
11311,31285.36895374758
45843,14933.630605030272
68716,14948.66604412918
52298,8925.777283720647
45498,16772.947577577546
26999,11792.70038479425
78568,18351.491704650885
17631,7114.195556871158
93489,13431.125789234908
73435,10368.935524317694
22011,6418.408207720899
67389,9992.319999899946
48125,18307.968235911423
63350,22067.2313902761
98919,13511.884583697345
87998,7950.126631878329
67192,11273.528426434383
68433,11931.420300230759
17437,14161.156827498296
83270,23173.508134311265
98736,28285.036726820148
29241,27887.877074313845
15852,16281.755820464308
73981,48834.86228528249
20074,16667.732054425695
14891,17017.060165680195
89235,9748.778517472198
52911,11106.976561274436
89532,7764.660979612156
57292,25447.114084502202
48841,19225.016709605352
31659,6761.112535751192
43037,14190.97184426721
17447,18143.453141809594
98115,3507.8847700917686
26989,18241.603321358583
73187,11075.768859096876
36867,18232.220220385465
26703,14426.939327458644
88270,6197.654272119798
37694,5009.44614911572
34487,14495.263363667187
29253,21268.539848011045
11753,16057.756545179645
51761,10656.089086949003
67247,12316.248097335716
72291,17085.766252642545
39210,18372.365533401302
63008,10684.236312116787
51985,10327.77200082269
53844,9243.876088257603
88552,9349.252656891516
84604,10200.532276106864
23786,14263.407720218773
67660,7191.559979922316
57101,14372.749022011467
27706,21138.887602732146
21364,21026.708126823996
61607,19331.741105643232
12354,9816.680419368231
46662,7416.295522590608
59619,11177.441658558364
31074,20756.04399254087
86955,44251.616811504064
41911,24979.564254956906
86450,10727.6549585721
27533,7636.732296121723
37079,6459.480987792878
89129,11120.792026407638
19819,13632.772416600708
19904,10449.908936472399
93590,18575.071767889538
98321,12120.574492788066
44956,25687.632704632986
92232,14810.26847705642
43740,16321.712348235746
46454,25014.08892516092
28905,13338.841979215778
29015,27271.378675304357
42816,30721.43956305994
85203,12478.357161683176
18629,10275.770483401477
15242,19316.061552328716
14287,10882.147151167996
57271,14417.974580544038
38391,8514.020059853923
82240,22566.949622010852
47730,23142.399397903217
82062,25233.812221130094
10161,7622.507159084835
42328,4529.460974676853
54715,794.7148651869484
44441,15633.904629659395
51316,18230.31703435657
95101,11862.888293312626
29346,23233.82210924101
95458,43295.88940981706
33938,13454.131282882001
62804,13046.230216017806
87167,15096.220778804402
27787,12304.334163381067
47078,20985.624489595564
22020,3975.741100201356
36514,5417.386152820394
20395,11883.805012246656
41264,12311.916096607167
44429,15529.999588235918
65176,7318.202172116058
63481,11309.664525245807
33770,19989.32357907922
15421,22328.368213058566
69032,23435.702093027685
12552,10800.813904577253
77512,9254.471862504717
76838,20024.171410420673
79732,12315.683091599501
61248,20801.187968371276
18776,13744.047353288188
87798,11074.237325436978
69880,7569.675077984364
57896,4600.6422536823975
87461,19848.284158708397
24959,21327.55095338337
63114,16579.37969421567
77774,33615.36189644008
26092,10147.159316575267
43425,19958.14978068107
55411,13171.531008723698
88888,12871.2499409774
62593,11664.813913112332
65914,10667.023501023876
47884,10177.540716514097
97811,17202.431866192535
64004,13886.491357970375
68879,22027.83369990508
69676,7318.325348820579
37317,19166.721458646447
48247,13947.886092071538
19856,10728.522511753887
67928,9388.267060181373
69919,2378.2464336320645
39673,10631.82132833673
42501,9235.905891365455
30132,21349.79873221504
65293,10242.788369253096
71209,7024.688127687403
85157,13240.447885620364
78760,14984.75467819306
53838,15788.981356435319
21206,9396.30852979557
68261,17675.742181059337
18897,37647.2667998205
68616,6017.806215913139
54015,15132.535490315006
81390,9126.370026438974
15480,15712.962443545612
61436,12957.591131420248
24844,5114.288338843493
33750,12110.952561623486
81537,9304.923894164538
18386,23399.620006013527
73952,15211.05526775836
17829,26062.71178952131
21287,22624.358060670158
89536,19327.191157269423
67885,7090.621338367031
88702,26747.092240063474
27228,13039.969683463372
12549,9028.725099429237
32410,28379.904383414316
50753,13656.104779685978
93920,8290.01945290106
80252,11603.794299035988
61942,15582.454429581205
12167,28300.98839476998
88865,9804.815135227216
33777,15177.454529481187
61368,12223.242430299242
36201,13663.131332887582
96555,19538.61455569791
34535,7305.716672947607
26311,16943.015919391222
90582,7637.092640361514
75175,12790.5374859155
32649,20571.530976522077
34634,8612.732687461807
72651,15263.738544000069
95664,22056.152775303588
77760,18112.765555750266
81191,10082.67230038287
20229,9590.80064422359
10611,14547.368507893887
33215,13211.530203184278
53260,26954.51645408517
77788,46465.47343754751
79293,9781.693980812486
53843,6582.035419358786
61168,3744.9361968430767
66415,14222.224927032541
54692,14468.883561391052
25309,5384.311844380247
90782,13988.415762892631
80730,12107.875211135823
46525,7769.754649988114
44124,16871.92555132375
36039,10887.826717221647
57137,16961.490439218192
58211,10070.208319647025
76290,32202.13796056456
61123,12718.133867702269
91378,17376.86829082818
38602,14866.848415398335
47144,8562.30439079993
69099,18453.297309719248
27321,22473.97849193507
80315,21054.030201948117
73067,15143.740445723537
60489,12649.832879818268
31868,15829.36859327007
50459,9597.855585814292
68640,10423.700885197268
15532,12054.42100607037
25955,16018.536431622442
89944,6874.656737557569
18688,20407.689532970162
29888,16197.182272899832
79827,19502.94735165438
62764,10061.754577016625
28456,11554.836459903068
36272,33838.35382574379
25868,26454.999166944883
96973,8167.25380329743
57479,11453.801344300877
15912,6490.259226480521
99606,13449.174464673662
54972,14663.67720904145
68866,11957.42493521088
47183,20599.411548686105
11750,16636.01172352085
94785,13455.830513032193
42391,10735.408531179597
69629,23397.365576725562
67961,10100.522440137469
69029,6857.414260415131
64719,22265.8601040536
50033,10054.201991125121
87477,32119.307071987656
94681,18337.37656605265
83280,16214.3977687943
42352,13365.974719947293
86960,10441.546083518047
62388,7207.745002463929
45757,13566.037623749919
26866,11820.984762578413
12003,11552.605838473035
65456,4959.042106400433
92833,45750.761044953266
90466,14865.605402130908
42138,35710.69959700992
69347,30632.834135204583
30075,7850.353343288942
39125,15402.28673978435
68296,19491.99888583815
84277,6824.75719391217
71981,20817.388626007425
63738,13170.155094042964
71916,13656.881393603633
63464,8825.303577116669
18273,9605.147976795884
10744,7836.445775901475
31901,38163.67607787712
83188,18431.046201825466
59490,1979.0439312216604
79538,11116.0634960452
97897,43601.07834129676
66293,17333.20070921633
17992,13026.738935790852
42313,20419.795098538572
16562,11659.801516595142
24373,11489.76559305848
46197,12584.249863374534
38244,18353.065812694535
52653,15377.074245321515
45132,13001.63611300716
71929,10377.657834554622
68845,12346.332023462714
90510,10185.721766948724
56481,12129.29157231348
91571,7081.055571882613
15766,10915.798907379183
57419,19061.27815903824
85868,5884.243288529064
94629,6210.210844819761
56741,6525.406135365558
87241,11008.029504074922
85155,21600.481518965298
22149,16067.543032120753
52633,12818.218964968113
22656,22818.024316617997
59988,24378.03445168777
59757,17819.63957460267
70625,7403.8213337964935
90609,30135.045857789126
34287,21014.49912183334
69838,13688.579145051037
76736,34943.9737422317
33123,19937.530834230503
43401,22251.991120637955
92748,12130.954036845902
73253,18830.505116867065
76521,15367.761050449984
10113,11979.041134917188
60238,9420.479143741799
85964,14677.489537932994
86918,12612.39403647585
60535,22764.44664639054
75649,23832.881457085383
63770,22437.226166848868
43048,13469.68930499846
69539,17296.974028650024
98049,13271.076792917394
63328,16271.56050456322
36671,12868.009424772888
42502,10658.730287778397
42212,12674.213655709314
22215,15573.26708997789
25882,15900.8820507701
53367,16220.892484095939
42389,11808.01025416236
55915,20969.554603173252
68495,11171.913404279036
29845,21429.124557842984
88720,9387.41250663449
86857,11436.71220797227
82744,13338.995150041275
44961,10569.527665632108
39293,15914.867686690759
71793,8606.88468831856
54128,13907.297348646996
65844,22654.10599613748
82194,18148.46718941585
11650,10745.011463089388
66698,8410.730016394496
79288,14892.974812935192
85057,20368.078923014335
41434,17479.624909083963
45331,39988.68870425924
44860,8326.05137146357
83248,17413.760993149583
27170,20148.180525315947
77020,7285.060534739319
90917,13427.822504074271
96487,23114.704532143518
67362,11041.679026806023
13939,15906.091227882385
53819,8911.669825934061
48058,5513.214102774653
77309,18720.817836199836
69028,40655.528455241016
96214,9607.42986133377
52088,27869.326564721334
57089,30357.211690345583
46934,11652.932638588722
38199,23549.6132619473
52725,22385.16861151963
32381,7860.8848199325785
98454,17592.281271027474
12725,10298.397819841352
37680,12484.340071073828
72980,33740.96123356653
58979,24376.051466963137
64889,32031.148898571882
49373,23277.486986780703
10883,3116.9774532638203
93647,27091.337543933187
53651,10534.551400334221
11322,25109.585647033535
30422,20180.712670250847
88658,5420.357476830142
94023,24779.365407502075
18558,8147.34518179764
69677,13827.5606678801
93217,16637.91406895793
42318,24442.99947745295
91125,17551.871869000446
40340,8246.708317989382
50086,14536.224909871677
76902,27744.57145402525
80902,11510.485722942878
92162,18984.470741657544
84498,19696.288148461535
55695,17226.890470315702
93390,49232.6235269373
97403,15049.304663895902
45565,9442.905590289898
59267,10455.131183895057
91765,22243.149205039175
58666,11989.318429960405
94964,6222.818471159524
60333,10290.917449094632
82829,12618.500213176954
27248,27641.249203338186
73151,17570.32285033368
36447,19123.53029119425
20750,21570.718518821228
66090,17458.08340958457
19797,3109.067262071807
28396,12725.824542682887
15824,18796.384874236774
31152,10893.24017707584
73805,12549.154370096745
47466,14010.468772912249
83396,22895.381303918362
63829,15180.835985133108
10079,2864.795994129121
82194,10557.930073598112
17299,6844.068139996363
82889,7310.585045733082
91329,8866.502631753698
34341,7085.704322311105
99816,6448.787164765317
17266,9960.347679175547
80769,13519.270834371164
79930,25352.20821372339
22081,20281.381583762362
99269,36985.829529687435
71503,20520.23124605462
97453,6123.213646227663
20530,7301.433922577813
55403,22515.276375980186
94501,8393.04692664804
93185,11694.648095114451
29877,26000.090256057905
13373,10124.643918415133
87827,12773.196540446284
94156,17227.82729557273
10624,13294.910659009212
19527,11763.75732529569
98142,7639.056928407143
62215,27417.189983488846
10805,20806.40486390333
54776,35753.34427250173
77347,11538.468537820116
62871,19312.84531410404
45379,18429.980100608944
68916,11417.588620109966
18958,19906.82566455384
44458,27091.34501348838
82339,18089.57946913151
24128,7793.984166792865
10753,26063.953934035773
76264,20745.83469936459
79287,17837.208451754257
16733,22708.421739433616
78719,12779.179000950862
11066,6365.583930942541
20101,11241.05709796392
80884,9828.295012466424
55078,17879.97891410709
51494,26696.446554684953
52320,6506.171399269671
81260,17661.86400024027
70645,8365.306973300892
36253,13833.855881030498
83280,20469.20499974866
73210,9833.659011811676
22835,13561.603614003918
23553,27541.20872530117
35243,34886.632459775035
85960,11493.130389799477
98417,9730.80357148462
83347,26828.18282065238
24421,20220.145567751544
19626,17556.34481917439
11428,7850.8115380983145
60478,35079.17942785779
62721,7000.776276286611
14016,10069.844460258955
81621,8899.394630152867
59017,23579.67682278544
93784,10519.825828682518
41154,2049.0360953484615
55124,11417.384141654758
87502,7705.999310460253
75805,19933.73588764067
23005,16558.52730295495
15668,7299.8569814826205
32037,29102.000234188017
72662,26598.201785585574
42684,49585.70295060232
82535,13564.963352183888
87186,11563.0851965382
10273,20706.639151040454
64197,12583.14306916628
32967,13573.128825477637
33801,27542.58519655248
21476,21477.229426248472
46178,12986.659352185023
37032,8824.428725802474
83632,11011.361086073612
76858,16393.377648346774
47337,8327.819420434964
67335,30772.761265112997
91020,26566.48923327087
38593,12022.878091233812
13839,13188.994403244847
88194,16043.397103356096
10125,21019.11114031089
26078,33340.78817400383
17135,19389.410387886594
46193,34443.80310665601
36608,24660.626876148574
50373,17433.78798984642
40609,24226.053982105324
95165,10674.85103890952
43466,21782.868871173312
15377,8942.50800528363
80544,10136.47097770861
33767,14719.034981618372
51823,24129.22192065333
15223,8566.773270962802
84838,19515.035954337985
44524,11823.01511176139
75270,29601.327938412847
93959,6949.359511053459
90864,9885.419882256476
45807,18053.122636654436
12527,8270.306506870225
87044,18144.69763298716
96212,8339.49002561044
66906,13693.148710711073
88705,8756.182000991425
21741,7884.528251028956
25724,14284.06177461729
58012,19688.88931631732
19437,9079.160672575388
68158,17538.684504434787
51191,6163.838794299312
32981,10402.191801950066
10257,12043.259677846594
82656,15352.879218246617
21930,9602.792356347287
84538,8076.465197690595
98050,22840.294293345887
39126,15039.774148002882
78652,14254.279854046812
46819,11139.103722913766
14004,20179.76020981027
45767,16557.959901160193
32681,14822.67790171544
53706,13049.529771848021
43441,20613.716671927537
54909,5135.1328492706125
68865,12128.549347642944
94606,10426.550574370984
19549,24707.5316357875
61709,7203.32156076974
57147,29026.68829178028
30608,24324.420553473145
95334,9571.907157399448
14826,16109.446772698717
19796,15706.673195604086
95331,5722.542696327873
14476,12852.309070290143
47176,6535.738557419843
33568,24291.869266937058
91604,11902.25431783485
49262,9748.833644641934
45064,10222.171931963512
74500,16845.875871397722
19180,12199.861269145555
69769,16172.668172748026
54590,20249.337511195532
98378,10676.867768538235
17089,11049.018512553914
70026,26281.08246501436
17087,9083.770850806752
53463,14951.937011724951
46100,13061.21888042312
91978,14808.749812901398
89677,19966.526484380225
84393,33973.080407374015
91061,5117.370540231559
66585,9624.801359779358
62819,16507.7993322433
18976,15075.709976966507
38154,9990.605735670482
66007,7867.596612822697
66769,8609.529623819772
52219,11221.558369276367
90706,11320.528570677292
68627,30198.181474366917
21017,29944.845089943243
45396,26194.305851999652
89349,7870.814068700905
59845,23962.03745266051
98084,8846.893754802368
33911,25879.35316608523
30855,13698.031973005141
97549,17525.324662461167
29079,6880.807668804784
66835,10588.314544558456
24524,20635.876933812688
55295,21598.992569920203
13094,45823.254291227924
95995,14870.777121644991
62995,17893.84230047657
42347,8992.811089995404
98829,23700.259625280174
45306,10142.349950531865
76797,21300.20693650145
58733,13908.117293257234
63988,14300.668153879633
84673,11972.095422612552
75223,8406.089927569014
25419,6117.54240793849
37267,12246.70307318996
32463,20799.08066916167
94755,19755.284038606682
10114,13205.710331893559
52737,11125.124631691506
43203,10327.77200082269
92743,10405.118075894563
89942,12202.676427799655
69171,11328.690091696557
30920,10117.200566253985
23695,12422.65426617237
23250,8597.292258489575
12516,14365.209725805518
61279,20376.500771038507
99828,22844.02479951443
61838,17492.78177231913
34452,9553.320644376323
64519,29148.761498945212
87572,17368.571286318474
61847,14039.331248814018
74886,4198.922674853355
81412,11427.525506342281
39023,16157.057152644991
55890,10710.383954048342
38954,16508.811208911477
49535,36162.259273617296
41434,18505.872548598814
52715,18203.648698855635
77274,30359.906429946932
97465,13460.75423549213
66657,19718.87729936646
94476,16263.201273382318
87338,56084.776340872144
46373,14377.506962411057
69293,10558.48003449013
21081,10540.874388694492
48603,7677.157381734842
29442,21472.378193356373
51984,7411.881706905366
72572,10809.625315830615
22136,23139.935334299687
60739,57318.18052544696
43900,8552.548659762055
37191,11508.753286797317
41478,9930.28439177651
57153,19318.578645737736
54412,13117.422986422956
33331,35772.42037141697
57151,20509.269206374516
27954,13205.290670756593
84602,54770.8843331138
61517,29148.446822429098
81256,29472.503133177153
41951,7393.822630772453
44458,14891.737652879103
82589,11369.291771595801
85337,7583.61421069457
46953,2945.533150150801
82922,15275.465349214033
89086,26356.00396517707
24281,18423.137284697506
30461,16049.583012138872
42089,8338.815395588495
41012,6568.129316966822
93937,16757.78214181825
86624,9510.334426832418
44879,13365.974719947293
71462,11886.996674851647
94208,16400.637455215525
87593,25929.281738247857
39136,8090.195562932284
90246,13770.440685086734
37898,21645.780454520147
63359,37987.90698659028
74237,13992.32810654706
22506,2886.858199288705
46176,14322.748679550074
19334,4296.081480023129
71125,22498.35431182368
70983,9238.252884761469
80580,21156.489155566447
42978,7483.046673588766
70251,11549.223657045564
16005,15669.651899843717
15518,7652.139026879142
87111,11655.693469780635
20081,28209.067650758785
81953,21040.208449730166
63450,14196.884140060296
43751,17962.36903677105
62557,16174.57141010055
26854,15703.598725679056
76467,7937.630483216928
78536,10110.650690587663
54214,22136.494343650993
87299,51779.402939310094
50780,20162.009707806996
32404,30596.590454297533
79780,37640.62872078574
40772,19446.823447401403
13667,17522.304262150046
46222,12015.588840621764
13763,16907.370542436645
89634,17044.670990171704
30889,12829.905301684976
35805,12168.125374465646
46249,26925.79231119538
11619,19384.282767663022
94126,21531.943246886873
10641,9147.599532432007
30512,17512.67267401181
81414,22184.487676933648
54791,10341.609595194148
56381,19020.52920298239
34800,11048.347027198224
98794,10372.056731966179
23314,8049.263390482003
97124,18111.01149907321
72561,29689.81049770329
68418,3663.3136324931093
44246,15861.58468069787
67471,10583.639273628974
88628,11579.121527040035
42345,20950.40200197901
15925,6639.069924694439
42844,17030.03295643604
25577,8242.427187318568
76185,37780.24299350339
37174,16150.794799139414
41587,3367.250216257311
54495,12843.863666294114
32858,31670.233922507767
35154,27530.601420272338
38845,10507.174278280501
99646,9728.90748627293
51950,26993.887604465814
25201,15211.05526775836
11256,27614.082461045095
56518,12325.68888334445
97103,10314.907655882907
62813,7438.347832275564
91249,31701.505427833377
12889,15120.163979288038
77417,22937.176276592814
15941,11037.762520734133
42386,16560.48834393283
15632,8921.589066628723
46833,18112.28040784835
75319,9163.962759462243
69288,14939.009273306727
94665,19558.19500399094
46155,22342.613263103653
15743,19331.551090433604
35053,8943.056484723824
47362,15670.386440089878
21760,26723.59834768244
43801,7664.843646467398
31246,15636.10131224241
27975,11197.211377765067
66536,21487.86026863093
85206,5181.940035003521
16384,10815.710431858743
93073,7102.188143743033
94266,16767.49688936678
48307,24780.474239049123
15861,7060.63868524948
67507,12483.313598604354
16374,26754.05463999832
40861,26667.3857806171
91108,14673.388033383324
86096,12308.85270746618
96823,28817.386089983633
56116,21505.79975848705
85838,20241.041195087026
98129,13628.202292945045
43494,14229.609859943512
59935,32117.873682331185
12493,13398.348645001879
82724,16549.205636909795
37629,27638.751045868383
56674,7386.488907334471
64195,23364.214751037965
78257,11751.294265967368
75198,13015.932148180676
45877,38665.36238408099
67652,8519.007613262882
47476,17617.69640535474
62092,6461.504720814766
67327,13782.793433564753
99299,5985.157144866518
17170,7319.697877451552
16756,22800.29456473593
93083,13006.837096526664
52836,14820.108789268783
12556,16483.30556328247
79696,22113.636281235184
99152,11255.587590333951
95690,35186.208535760685
38564,9066.6886883796
85167,22796.07520237546
98482,7394.9933145389405
17656,7731.2369189249275
61976,12430.222892494874
70221,13666.396916076192
20249,6400.045324628161
58131,5068.4480492145285
35214,6440.480704022621
49401,43169.695571884135
88165,11841.998567747367
57356,16705.38633584186
37180,8457.130995951447
72405,10625.702617873656
83237,18255.636517699102
33824,6607.745193464993
45852,5080.551371219266
47609,8957.98468292407
16754,11162.741230620366
76816,19399.21188496417
80377,14337.188702306368
46652,17723.160764383
99595,7130.3387150545495
23874,9936.334746194836
44837,16094.482616375122
41831,14198.625293550378
45223,45760.29871410884
52499,8740.403194077284
33072,23415.06287303929
84379,5864.352028745783
95628,14175.109726144157
45559,19746.652669308314
40140,5968.696896854977
43091,6777.707177230361
13641,11889.781530685497
83307,26642.85949468911
13141,9557.563085584228
33943,12808.686572590224
93734,21033.691445774646
64763,10307.506112971594
92032,20459.83046391675
34027,5585.441440181343
90546,12836.507525461573
95507,14999.442024927226
15180,13287.161004560441
96176,10726.15933712194
89359,25756.377451427918
50852,10844.462327742953
85996,28342.359459494503
85148,11110.760613790319
71653,18869.959168479927
32975,12364.457019437628
36465,6456.873085925645
27340,9926.155874890126
53516,10201.791798576563
62848,19212.357924621305
76129,12176.903761056205
92828,15304.199246755014
21284,6294.439977362534
16521,13174.164580108772
19441,15512.007735601037
44616,11322.500506584274
70356,26796.771748478925
75491,11253.022307754576
26554,18652.5137929478
83464,16311.438108790284
26283,10823.6503052936
50150,11734.227892129984
16362,12350.415079151311
64174,26259.465323687094
26506,9890.225905454232
18241,13768.301463960695
18748,28270.710138040777
27830,6847.357337398909
52961,31852.093219513612
60340,16616.201912470562
90267,19011.048641167796
27476,28521.553119910754
53693,32391.57402103988
35224,14992.832511040206
50134,7005.068938884542
83934,15784.792281562259
45257,10444.388565118188
50690,21102.792897516905
96165,6797.172826062517
83118,7265.815048313825
98121,17005.33244120833
15753,22483.78328001929
62356,7318.202172116058
54881,10222.171931963512
66514,12138.23800863525
31419,4925.468950865266
97578,23218.196382496837
88545,19432.97321193832
71676,10403.135269796068
27038,10518.54804381686
53075,7439.524449989403
95140,19240.391101309302
70393,33613.24208686457
83872,15551.995781573563
35611,9386.059883003949
56814,14316.888722395806
30420,21355.256694416898
57028,22853.889899999675
59990,35316.56396473092
48477,15204.103960541597
84424,7923.880851253123
12853,11227.301739172268
82038,10280.331480553587
71455,10347.332663039371
32787,11424.637232011908
20908,11684.860456075337
88783,13262.639435467145
10712,13146.128891282038
79236,17143.360612123215
57426,11537.26314408621
92829,15998.260340053566
26788,27254.714568757205
47300,12197.052359380163
66698,25571.94610289724
62712,14449.356684111845
43725,15723.238070805668
25035,10779.950573640977
13696,28882.216253818362
17352,19976.720353734887
40706,9245.872063851693
37176,21640.350707398822
38923,15073.374133877118
13988,26978.04596416875
97802,7083.64888909585
29230,30601.450801989762
81208,14909.854275074937
95000,10473.130248904232
32467,30025.37444725304
65986,13124.471983416443
81533,47865.08895700956
73424,13924.647632256092
76906,6581.358449335992
40732,19521.579109058646
82704,20656.67917475462
61472,20900.525368195274
14816,18808.384419341513
88802,11113.896971238959
68372,23731.821439235122
22750,30523.778026851935
96195,28511.581337204178
87568,8558.111587935036
42265,27238.581583991017
95642,12638.258860455147
37357,11225.946457865273
62299,13173.10480828537
51435,1884.967038928893
96934,26245.8367198978
26369,14259.436231573942
82696,19870.290104147647
26435,13841.135983688846
59083,11617.194809501922
79981,53109.29165657716
11965,11091.174083940092
12657,20661.11980519961
59506,10367.185978096779
62955,8027.568694492507
45707,28971.11615669504
76136,10856.000082907507
49321,15332.29933579891
30197,10304.273971368339
22769,10249.71934042867
40597,18118.69635713901
54818,29925.695033031872
39750,6428.278307642084
80440,12181.837121687464
13322,14213.1979614249
36632,9368.550595855093
65516,10190.856307951544
42483,10811.35461638654
64188,23527.049005632896
19964,14378.54668086798
32723,19679.1539215733
87134,9794.694444005145
63850,13360.555577232059
75119,7505.375903849401
79648,29625.219169686912
19260,8325.880302542544
29256,10499.636686821133
56381,14679.613174661648
74967,36176.47627498338
42121,15680.037593556459
80995,16267.623601724412
54661,10948.465933599688
26854,8334.365937728035
81164,14568.70179125631
22808,28309.018671263104
44089,7390.64097773526
73658,26756.824027231287
34663,13646.292359481231
32720,18248.713715765276
42175,22322.408687002113
97806,14096.461484370539
17500,12029.748258042482
12631,27983.31046250835
15324,15908.259952412986
39645,16248.008732261336
79640,10785.385427685635
94851,12316.008000779215
11865,19650.54809807335
59198,15486.658168718903
59527,7182.949594355052
41701,13454.980872385619
96886,4465.713943101087
27964,18956.996777864988
11240,7658.013851181799
77244,12946.321586565546
19846,22161.25483648418
76383,9887.993604757807
25549,10448.061211604661
30839,19050.768773946806
65983,28066.690688889794
72064,11823.587518884015
66880,12697.247424591878
90290,14745.332846873951
95867,17078.42805906594
43591,24480.817300577757
14486,16521.24432425234
49113,11098.469046150036
31579,23439.550930597987
14743,5476.140201200038
33999,9018.747539245654
81951,28237.289944960416
25485,12701.994368014228
83720,17477.567758882593
98897,10245.398933824126
77587,13284.93060168266
82954,15395.739936962133
47979,22829.369672397595
42950,7322.993070223716
54504,7871.25299858839
21774,35772.08207467804
62416,13849.209930703772
84195,16149.231020328774
86408,23132.558263654108
22156,21623.544087600334
67767,17129.133854779684
59139,8374.596161664396
87315,38618.43077621518
30224,13997.670018778428
83453,13978.41808779207
56327,13906.49210241171
93849,27703.02062489005
91863,10790.664853324353
37952,7293.69960091366
39955,21905.758601211535
91469,8241.125112321199
72692,29259.561062366505
74144,37097.48944406888
46068,24169.842778617596
25078,9910.614928543835
99808,30060.89584940969
90325,15805.324438688742
32353,8309.111441718485
29560,24373.61957053892
99224,25715.625267406056
52709,13489.905702095195
46596,13851.243898191826
18949,21675.451668949172
20304,6140.487959106065
96714,11190.422522711004
97430,15219.190573979646
35966,6033.619705936644
85902,6788.8468558039185
44696,7376.929191127096
68346,9951.550745531915
48284,13776.704412384775
95277,12491.342104735792
50205,5295.166517751319
55432,24272.856355756216
18722,23123.81869542308
46885,7663.348290076838
95345,20845.669214606725
65269,8414.26278141042
29472,16318.3602020842
43072,16341.708453371537
95314,13098.422901693406
31776,13360.343300822278
67497,13078.862271217778
10946,26187.926676649084
94577,22279.109878785708
36551,21226.493313037816
62169,15909.38277565554
16309,8638.588724099094
23891,18056.55837465889
88984,15283.382759894634
15883,27896.634556970625
12032,11853.198250202333
58353,9960.347679175547
26718,20214.143459775067
15422,8977.625471287793
46441,10484.19512262493
47272,12925.545420790786
92565,13148.139280429155
37283,20212.20002115482
29041,9871.99903820832
96692,13635.845546991159
21853,7439.345225596422
94772,19443.610475496873
73376,19912.883759510456
39931,14713.251326493777
92382,23558.424814822443
29576,20066.294349417665
22660,16313.974601907154
42034,18863.467313928573
16627,9140.759752557686
11228,12251.921482011963
83160,7278.310705615058
91066,32048.40762220871
20268,31970.62285560211
42500,22722.541131280923
28236,15985.031357086495
50750,15774.446778211528
59924,25156.21770120263
74446,15747.150881104417
10377,9484.032909680118
16235,24845.58087572526
98201,10232.58550678307
38440,12138.912861626352
18318,15635.666609787873
46684,22212.931927077836
39821,21180.155665871294
33464,14896.168502685505
60321,10671.435951706084
16657,27044.0675245717
60659,13791.598981984542
76230,19917.018574438185
30996,16952.202597274387
34310,21225.14821816523
69019,8132.382215823885
20036,12152.780714714654
31325,16089.255643178478
74875,10700.680449891155
83750,15464.873970129798
89294,15813.388706387945
91523,17806.301457158526
48260,34039.8967662268
39007,13894.398754458387
92964,7930.22745482768
75077,6042.759824381234
76977,13337.62872441245
15136,16307.819509343002
53314,7260.963867612802
14209,12966.434492503431
28483,11306.91737371925
65393,19839.078583741702
98433,23259.833006498055
91894,8665.380551859405
49181,30331.032747651298
53467,39855.347371945776
94669,24387.068539262375
67399,15504.784103670547
23573,13335.74370388337
19364,14576.182382630792
49729,11958.162890561489
43346,13463.723892428703
49181,4394.0120919465735
74546,13462.491867593722
15332,9713.122087897988
71474,9264.691382118293
17681,20876.139443902855
38291,6475.295974232935
79756,11720.071798509936
89369,15619.015572233759
38772,16992.261278673515
51603,5150.56141187544
35295,27667.473423756142
65430,9209.3993421366
74481,7853.146717954725
34473,26736.908204273997
95318,11421.595708382236
87898,4327.743808159688
18953,24780.06803702863
85688,47827.19388647367
20892,45520.99668776663
10233,5851.92815065463
26711,20993.07417699109
55587,18426.02825519278
46437,5521.298103293748
72624,11359.60114939429
84913,24071.530138397502
16782,18875.699747918392
72856,7932.355038053642
91929,16903.011809113443
88397,19102.97177291201
99601,11030.818959342123
66172,22094.896973760224
82249,18318.142538016582
54928,7707.395808924002
41856,23266.970700302758
35338,45576.49691606552
45951,9912.236380003756
14649,23881.67546169675
28854,11437.944116131366
63354,16760.44751700257
84122,6059.118754861876
52409,11592.000061289284
54543,6905.279795671642
81148,19408.074167542014
35229,27966.832389804593
13484,28312.29002955328
26439,17307.351743937972
54603,14885.404420081153
97629,12709.760324778716
55723,7639.056928407143
12310,6514.707264542625
72510,18891.53333767491
58470,9458.234593826073
43886,14151.704494545627
21034,25025.33967920365
44539,11737.242499592623
85518,68524.33377665313
62935,46747.09493374501
32147,12463.699755908936
91752,13247.647482364599
11408,22511.025594421128
55192,13926.101175270542
30478,8800.607065822445
94202,19613.064454518433
48949,14629.279719013917
21244,15458.215156247614
42987,17240.232082623737
27920,8535.450344620585
87470,13701.625871382013
36666,10710.097173887778
63204,9053.035465673054
40468,10444.245927177213
99126,47886.233473656495
23445,21373.87591700527
69530,4859.233612582522
96557,22520.52929973043
83086,20137.796343440437
85527,17610.383284749132
37625,38048.37572200342
39397,10257.049819188793
31907,9173.984690762078
12646,20039.448372142553
22675,12783.253785244357
19144,8470.761786974694
34957,10320.167548923884
33151,13730.1542301298
34412,5167.368845838711
79381,20742.66832789233
72972,8456.803184458115
35356,7013.348500663247
91415,9143.324072186464
64302,16017.711652988306
68699,17858.594586255174
11908,14384.27241287797
47377,9875.11855771223
51720,12320.816752623763
11986,13304.847220630698
15414,11511.037891567208
54447,10018.061583141489
50071,14022.250635341048
77094,26008.168335788025
13879,9291.592967085246
25274,14657.907703651392
97825,16060.406377327876
72350,19541.44814404716
82216,11013.373329696939
84533,4613.684967120676
16205,18786.47101118724
80805,11798.375006010476
17250,25798.708524908616
70417,12788.8536726028
64251,11501.856723709596
79908,30537.255399809124
91255,7102.75135118921
62888,10754.849711419882
13951,21707.434727532614
58978,16482.7869034794
85745,8101.01114645302
28115,18315.467017137333
91976,4721.14387691137
90352,18189.746464383894
50953,10842.335350230613
83896,18346.17391484027
13504,7586.622008244005
38941,22171.471352189154
75764,44051.0089445887
97325,6176.131760987764
21466,16772.238193846402
25409,14267.295349282573
77898,16592.306638078087
19142,7682.145798511519
37073,18886.317932034974
62021,9441.560516810929
19018,31381.23213012499
52989,11109.84084246329
82845,8481.22522547362
46016,10099.563025021967
44633,29174.993676883852
64605,10149.5128890624
55017,32628.367017775214
74229,15885.841161829498
35056,11445.782780790552
12864,15158.794586114152
45734,8025.357329232316
44480,6521.306306287772
49746,11068.263207708387
18609,3085.33393315761
68970,16087.668923993098
53874,31778.33249099052
11879,28509.355674201288
12277,29157.242845528504
60445,13381.584669767533
76664,13004.809219289165
48073,18923.529851924905
55901,31955.065439339884
79120,7580.975079870497
51973,9269.550248751708
76485,24310.45397729773
43611,17509.536206132598
56352,17735.51486896451
74876,16364.967078754196
93106,22192.23875662916
13507,12541.4069845913
33633,3761.336052964134
26710,13644.12829245264
89362,53410.17064740588
51674,21081.353610974067
47728,9206.624915746514
72193,27593.901822155214
67035,16450.979570917825
36479,31171.515889137077
18439,21021.033104576905
93569,7932.9256043226505
69000,33169.42073618893
25091,22707.005528068934
20621,11368.11490626348
98360,25045.714854552923
72793,25564.4398555758
54311,20194.54565287881
25770,18141.448563040834
70587,6518.198170788963
94993,52315.29015011109
99039,9082.106877038887
49918,10428.175797295014
45234,33299.65230419947
47752,9105.458054871136
44914,8554.376149460286
81292,20325.06943334543
42895,16408.548723978423
99319,9298.758115205217
40941,22210.965705571936
54046,18939.293320773406
55573,21041.702781140542
15380,23234.209942300276
71649,10945.89539817135
12300,11628.31685490255
87668,28749.672808293268
81093,24029.9283822544
64089,11189.808935648442
73433,15721.228873619124
15438,11578.102101100005
19392,29687.283056576387
48662,7011.369590182327
34913,27717.20840286472
73494,20969.663403557497
62614,13637.9197540575
86290,20152.550219050565
90970,11147.261064801445
29982,10221.611203943772
58649,30609.67682211637
43982,39319.877286262345
12410,24702.4855710912
99315,9743.576755263904
80930,15184.937308541223
97869,3507.652460248457
93773,7167.591559743272
84652,19549.919994926742
40804,13576.271296690118
91293,20907.566535276437
16068,6549.816185991795
72471,12402.724491153735
23212,7190.729803892955
90798,15307.844159484628
92449,12158.657241905988
84861,11928.058717333206
62881,12880.863780765132
19486,7114.2141796
22214,6185.5581110430485
34912,20486.22061745052
33300,29101.606443749144
53253,11374.201784192574
13415,16781.549054477786
67778,20194.54565287881
37575,13416.638799192235
17778,38.1765245679635
30692,30940.64326873933
70837,12422.65426617237
48211,14252.304084200621
58637,8866.502631753698
74990,25212.817685141057
85207,8129.565042656113
34556,18509.96884391749
49570,26521.843365761382
29494,7928.213551625677
47007,32033.480212862643
81743,7862.065627541635
65791,8008.334454883778
91249,10085.797093811874
61960,10925.222561239201
90966,28838.66524481145
68006,22749.503845328647
77801,9732.688861985065
75138,8195.76208030991
80738,21862.74196674313
38711,24728.416695531265
64150,12538.368988442686
39008,14204.397619999854
93175,24999.658193890733
80352,13165.942338052131
23254,15727.191642487294
48686,40140.23135827991
21220,15979.248153189706
10626,7201.404833148403
61097,19435.31207343868
56289,14634.620211477835
49873,26307.120801158406
17731,14049.166179064647
23474,14099.841983260883
37671,9071.582558435433
64217,25234.400041844245
91981,58543.78465950451
82473,20835.661234436302
10598,24914.806557323882
37447,15772.603964970067
57449,9641.848679604165
79010,10308.451669528364
96708,9797.604614877335
92697,18320.700050815296
50000,9384.892020586096
41952,14665.24978785267
61945,26004.78413312901
51129,10693.378331224685
82202,10681.950472969853
90592,10763.126450264199
26585,13399.328786888134
92827,8078.645635671834
33941,20079.874487400244
28230,17574.468228230566
39617,34896.3297703158
44857,17202.476152437885
46223,8529.748307629412
67661,8520.434348746223
79839,29478.03045336229
88281,15604.759527865152
84553,14213.473633068817
50913,5718.171060206421
35706,26367.713271911125
81604,26304.49521361653
24376,19789.667829338396
31601,50667.227301299514
13250,18738.43606248757
28054,27530.436216390674
45693,17011.599152100414
30284,25489.90373405703
85750,11527.951226776913
79576,19397.57953444716
70022,16187.087459114295
54686,25929.281738247857
69954,4554.233686041265
55933,12130.144132503807
29526,41019.673387887975
50072,30599.23193540886
55957,15013.89027245338
50366,29684.877246025382
64545,13540.811391461375
50646,13685.598680434945
59502,18887.998047236066
84990,22222.34622879707
89364,18811.721214960144
43863,10292.250885469472
57514,33749.39395175811
10988,19130.36326786777
43115,56756.53196452176
78239,10303.545945619318
25218,17268.502978678716
95433,10341.13873324676
86393,19227.370129861643
86590,4278.403601509923
11778,6833.526359834716
87601,11655.693469780635
49397,22854.351764322982
59652,17299.848613141614
44217,33776.8698871488
46995,9578.813169293124
32174,14439.68389456769
52206,16658.307612279514
55036,9797.611083237109
19133,14164.367108614984
61044,12341.592158641706
15595,14387.635822991504
31751,13055.53154740121
87838,27042.14533881432
14781,30907.83735761969
38916,28757.2992884408
22238,18623.58503282922
45268,9981.747208307388
80010,16638.678503201787
24320,24305.80358882661
82656,28273.707922835307
70121,18678.177633977946
70541,17566.784146589096
14165,20617.676112001776
95338,10023.602870277782
95677,32824.44685208211
66010,25583.989801062864
79955,12048.988768497104
97668,25635.9007014917
38837,13251.926591914736
81947,12295.017568610452
82763,11162.615369838493
23986,8641.023952195046
87183,9253.5085468222
93147,24116.419527787224
71707,15145.583272898395
90668,8309.20061860561
52620,23839.403209298616
19794,7865.529577530891
92868,18854.314443327345
18052,17300.101012503404
51577,23285.12837871773
19597,11381.730020416922
42155,22910.040256464123
14454,16052.082804327021
87933,32738.208129853287
94773,10672.984793016682
26490,20334.03304597749
88595,11117.159839456313
60959,56814.82687064495
43643,29156.8310878734
85010,12495.522182034678
63457,7312.108562818123
71199,23282.903572576095
62576,12684.077274586447
66310,9269.10455101018
32787,4098.592994972514
46664,24714.509865457563
56458,7092.970088072831
30042,14702.005313934422
82018,10408.934811397281
52971,11116.0634960452
48513,15932.425664252305
29439,20935.12998163751
42837,17987.390428014638
12858,18290.31443466194
21451,12662.335751228255
38757,8234.528943425998
42767,10676.760108054212
54976,17637.928403081536
96159,8926.237618963509
53351,19100.363331598848
67067,15500.245683188394
69640,21879.85372317247
89470,26927.576368559756
68112,18264.850124545013
22954,12263.088843790458
15467,13708.514309690197
44293,22896.0982266196
60360,14455.343810118593
61664,12518.592402804681
18206,11703.844878577009
15757,16634.864024998966
40943,21494.224011264643
66424,12585.029738119503
34025,19709.48534165226
76850,8816.26041696451
68117,17156.852181478596
37913,7075.265076443491
50796,13242.89214948847
82744,15260.02280078301
38116,20838.635442747745
90367,8846.13557310159
22891,10734.184845550919
25967,9901.244060698173
39681,18847.33362343327
32697,8910.999602071035
71136,12621.07668930671
98621,11248.06784954773
98301,7643.162455763066
35085,11106.815822819139
64354,7957.255502594922
88305,7688.908725861445
37648,9101.623482731537
71348,17223.35349403466
40768,21367.98271991865
31504,7892.277088725898
17268,9769.359858736272
41481,12930.732358867504
12531,20489.17462415713
32932,26354.34327229556
30156,9424.06419328367
15742,33852.466057808255
39470,21459.151239702023
26051,26333.900826944482
66882,10229.514944056504
99668,20749.31833791628
76590,11601.069236470708
36899,11062.839670681788
73630,17588.639990431693
42462,4961.042481283159
95184,20317.492586860928
61781,18481.760326543932
80653,15706.074045316398
51211,32753.720974245523
85749,7114.2141796
90337,21583.60866033763
41736,19620.46255079128
90673,13706.492582241764
58756,7054.95017900249
13510,23803.13453838654
14824,31858.84218364398
71784,30422.549101892655
77723,10797.383952066593
68649,20617.251685543855
43380,9920.993825646667
74515,11466.273911658289
46075,30972.299993181914
45967,6515.529876227662
39786,29612.081886221993
63981,7692.5794258458045
61227,15413.576412370217
87716,21769.117399322826
10761,10254.169643383142
79222,13670.824141886947
11606,7516.993698947654
27484,31133.28647315802
13029,62131.52614394096
74248,21800.75253633088
24341,12377.512337808712
54967,13399.998676751224
31685,7262.116382463551
19121,19460.139255625494
17380,13489.7809099433
20352,7786.889139268564
39165,8475.041153590855
49785,12498.349671972046
93851,7232.413011137929
88630,10649.972842135485
17601,22608.913465079695
88554,17289.72857709498
98598,25609.102639195
61124,8774.556210979614
40408,9071.340977909986
18665,9070.109441174469
67389,12698.573584656111
17460,21787.440371877346
17253,16850.650239728155
33459,17158.833221040324
53088,32582.131858295106
89193,22914.497776664597
85907,8422.471121013938
71258,12950.531665473825
93096,9184.1349014881
59038,14180.051230883822
46806,20818.275324472634
79468,44718.07079725428
87628,7173.533383459711
74230,10642.57126383841
81160,7305.719196132979
46813,7080.774862033522
10487,21029.307574247505
37285,13843.675774117164
71649,11214.491625994091
36949,23808.467955652315
35322,10334.846360891788
37441,8738.828081465112
83930,26314.101510870518
43230,16759.680262178248
68539,9529.398881932822
78734,8735.452121857878
48375,15449.694225716923
58161,14640.134636422154
46087,9931.420104528392
49250,24920.59878582492
31778,9171.96414854237
57399,21999.455326430336
20063,9400.48011902737
31534,13755.286417737658
58923,20809.675968450432
36503,14298.101498323722
83771,8547.892036100173
50442,12541.535869054002
78029,22707.496781392558
85630,6696.737917655568
63649,1646.7031047852179
23045,12266.545046427911
15884,26478.665093006573
77272,23337.042467804145
44547,11039.419594754916
17392,26565.287390380774
34082,15971.764807014466
88805,15190.141784454096
56774,9429.180243700277
77255,3391.1031581914085
44621,9022.738052555756
46791,9382.675357730448
53244,28979.519254385872
63783,12831.908134986104
96042,7790.082972896924
51244,12676.811558200354
90071,10800.509000228349
70548,10436.851657266323
88624,16163.165017504423
35286,10969.587616586354
99412,7807.440768390959
85167,18826.300368763597
11478,17517.003437139847
53493,13234.764130330834
33833,9148.350184876395
35415,6918.034960385316
99036,14376.849989256356
77826,15059.604971880413
90498,9611.642381189402
90523,28348.324391355767
51401,13003.809755973984
69485,9523.064087983319
15452,15074.682703728678
54950,19458.54579480369
10962,21948.709515792845
93754,9705.698368247176
14147,14488.7986557419
64231,31071.542792227265
75003,9851.188099628233
86167,10284.3670230287
52859,29329.772660645292
68876,13707.61918732113
80397,9582.24091363992
62159,12487.798589758244
61976,29809.33416719576
33549,27161.13165357978
61423,28534.652643848538
39090,13873.06370029011
84228,12094.737982419854
10494,21457.227703695775
34609,12336.461660201487
44054,10976.76372707396
71965,28800.306941802286
34580,11558.469361431762
48229,11670.37140787096
57546,9906.98836677688
32105,13047.42935127215
32608,28579.806526358618
31861,15426.10628936386
97763,9022.808815757178
18010,22667.02136025631
79744,7663.007307693768
97227,18066.12265354413
47388,9865.669874710713
97334,12339.0072105597
91908,10163.008123503996
69260,12927.633735178784
92277,8223.41666545128
79727,10406.067822352328
36434,9001.833002464331
44629,9785.4061405803
64495,15189.190677769577
28208,12707.282756586694
47867,8449.885016361746
68852,20881.86268755744
79021,13706.603057637734
24454,26768.740140481903
14466,27193.35380794824
80709,13371.561110153789
57507,26824.347356704628
76816,10916.630236323781
40241,25046.93287026452
96073,5171.757452294927
45694,13745.089545330946
89718,7377.834374800952
85912,20751.015733954748
33007,21665.91799335573
99262,10247.354332928324
81199,13952.992330020556
34239,23690.709851308417
90454,8122.436410758706
85893,19679.808838428005
20116,7864.116405409757
25737,8803.945111627641
30970,16375.739951563424
79775,18761.262663875445
81125,19930.272251201048
80676,25599.772041322638
82628,8825.20017988144
24619,5839.449234797523
47826,5934.906332524559
29198,15263.328454053386
39250,22533.809880089982
51658,8504.615429230016
16136,13649.013520341074
95582,25571.27199927526
39704,17895.265365650925
99010,23908.425112265544
64475,8448.890415211477
59621,18291.732420802906
40642,10366.244091488294
76489,21563.215579960586
57820,14681.271562124279
91046,21426.01423732469
56093,14030.08966427412
91880,9566.61546942067
59309,14374.641743371149
82652,25002.125578749285
77680,27256.354062652652
67151,12945.047490462988
93223,20926.777375503418
73250,10577.055342387472
72607,14206.070757576541
21954,14380.956029866116
38054,7908.122273922068
27196,6872.742873660525
27522,14034.140761120332
92293,12776.154444226095
97105,12211.325816049899
55396,14268.577780527141
72064,14424.036503801126
29612,29366.98159841835
97599,21977.907457872894
31030,33356.73057010408
61436,17574.53558645416
70447,18854.586556085495
18941,15693.304593055345
98097,19534.23285354527
29980,9752.386150820314
40465,32762.40378615057
84831,26829.008873502193
75056,13334.04448615744
45284,46193.2531846558
79751,9670.585672952708
30051,7386.029083374915
60504,19217.15973756764
22623,49813.83998380489
97178,19150.21973484676
52682,13367.235560868792
92513,16233.008386240701
33823,21444.379545476477
11159,8118.084350920941
12413,46535.786355218384
21632,36790.094731750076
73580,23284.26843881313
18276,15379.473828309647
99310,11204.716909378665
14773,14640.44490142951
52206,19920.927335487126
23148,11563.011130807165
97006,22245.367923783786
55179,12722.150936461656
89606,11511.012730450886
53054,37285.47030580611
32363,14522.825207847374
81032,5506.926790801712
87416,7615.3903264538785
30701,17859.32474440277
11846,23839.970404442174
71922,21080.36979283787
27268,26025.302069209403
88713,19061.40037788986
24211,20510.59135230165
13491,9887.819881762365
51013,26013.620288761653
41737,17789.9507525309
72530,31365.496347597094
30014,26787.197594424833
12618,15131.592373432613
41768,9330.964137639126
76395,11949.465310513604
38791,12057.011560794846
32076,65305.78730981288
73669,10672.984793016682
44269,18143.289954772532
96594,8629.32645914459
62109,15769.055487105714
41289,29666.50296965769
65837,7872.8708529495125
94858,21786.313877979785
38771,8903.691614353307
53583,9605.821128095684
38943,18806.490739975998
84721,8078.893093952189
41242,18993.264555618276
70191,10738.642686825257
19920,14588.759715770893
84672,10881.65127396815
32707,34840.4164828596
47172,26784.112062492677
95050,8043.671801992337
69632,11903.657844262916
44766,16297.398022061237
59717,11893.11315091561
26464,12935.841999727483
48780,15661.189455967906
70850,9368.478430115152
31638,14850.969408163532
51336,56142.57724935662
26931,38356.9732672745
67817,16388.297117805043
36570,8729.273646686004
73573,5046.031981085522
19948,5482.953287304321
19863,9390.469008111493
59791,13844.523510903164
39827,11871.182230076301
19391,7617.446008597128
12099,10501.853885946453
30147,24635.43968529007
70805,8061.202517540134
26554,19877.056950782124
20554,9928.832892246599
54389,11084.902033165614
23179,5407.306736047931
83737,13192.355395891103
20105,9214.036486018242
69636,8859.35682176009
92378,2505.387497952004
55228,34295.8978634298
58930,18735.41703536093
26529,15337.999509789457
61767,22232.34011296142
79760,33967.18863009632
82955,16256.692477966606
79737,16662.815754750347
73719,41543.580971169795
93884,22221.89405701306
24684,9656.632030916368
81949,23803.318350943657
97201,25249.59110266638
96128,13317.240417480272
66356,23093.19377646199
46330,16336.255051973973
69930,18081.72954074321
96648,14309.736143321315
86887,7210.205011382917
22456,9551.842129599914
61601,11601.881277177152
91755,9986.48925287001
81647,26863.25318192967
42841,8156.27732713399
15217,19794.676242945214
69500,7631.005854433106
99152,21586.772379988364
17064,13638.804551373185
60302,8990.885902031332
76412,16574.955857395715
57440,12655.84462659744
91790,12401.652191755893
40153,20107.169696511148
73618,13322.863771929851
36429,34605.277655207145
61599,2191.747325171824
67548,15513.546482283818
12246,9949.195998569929
15474,8639.006831476032
14002,16737.643328441078
46151,20007.224632070247
55973,7207.745002463929
51235,20768.693409746018
76647,13698.910096831672
76433,16587.917454399612
80157,6952.895794269689
51238,19728.90859702017
31223,14132.74174160785
14645,19768.912908669674
41027,18177.976598110028
75491,8033.267853869487
92806,11818.573174387035
40400,18102.67288975987
69913,7766.326219951534
57204,23977.790062230484
45269,10344.209652597958
88515,10249.398655911169
25159,28909.151764224196
64331,11866.735282979602
69955,19721.00336816096
25288,25370.94575077854
67322,30857.70211743563
20438,6890.64035492899
76959,13199.833897984312
57963,10411.937356453429
31586,11719.888904342319
51676,9914.738960620503
82383,13387.64177915302
59686,14658.29322376585
51579,40117.067053070205
91953,17207.79523672943
45869,11368.11490626348
47337,13916.755554050598
75879,7291.290343926965
41864,7893.334187651626
55736,35057.47994600376
48654,14813.382921691382
11672,10295.782863650991
45717,6121.854720419629
49467,16365.77078269551
86883,7681.402558857508
69964,7005.068938884542
13337,9718.93208022268
36071,13871.097628982076
78681,33790.5320771564
51645,17518.276384315424
74944,30726.20935988383
21653,24689.783349289053
96434,7487.422645887809
56365,15945.806503685373
55106,16347.596521160474
45946,19493.234662308838
14692,11172.957848199501
47963,10031.99491319757
70239,6000.02419500135
77779,22958.135997091827
39101,22907.793411035087
43128,16073.399931812426
36485,16641.29501678718
41496,30134.78950354861
20490,15847.99996199334
95921,9688.624870892181
13006,11644.333286431804
39208,8299.130821688128
24091,21965.430752953114
69981,16798.84432106851
65030,21493.43402796246
56301,18143.679686078376
82202,8902.730425884743
88383,3931.880444539682
57073,13094.52779591074
60695,9561.407941391008
89941,9712.999230784826
29558,1458.9331099873561
76822,19323.278735126223
70698,18214.71727644076
66892,13128.203255290644
72430,21658.623319357393
27010,20062.394926342997
13240,20061.191352842383
21275,6675.333331889646
22494,15964.510737136792
53458,33511.40149220974
51311,6048.306105820633
14238,19828.095427324555
54873,18930.242148773
43446,11802.43372024162
98361,8588.292144900035
74406,21894.940902343114
44477,23094.863129112717
50267,8866.761084122187
49416,8429.963905865463
30301,8016.901895000488
70181,13850.834155252218
23160,13791.933034917509
16859,16956.459530967655
43043,5384.281073760352
91608,28314.639755119068
30455,15252.406007415877
85876,41142.051280011336
22412,6634.11357146837
52146,13918.227427804897
90706,16586.30079199184
98119,20415.094204294684
43639,16907.471335272337
63752,6572.443255877095
56277,21275.11066426887
78400,13980.393862415309
11117,11799.394780167986
87686,22484.923326593205
77051,29375.707129287053
28351,16868.491540673753
14803,12566.566340495883
64664,19690.307832249022
25785,13656.159503615845
75701,25914.63830152285
28264,24009.990298953777
15099,21552.324159900225
22256,28190.76259965566
14691,6295.274193198724
11941,12468.806176194732
16521,6867.486869253717
72905,6668.933264343175
50227,11141.986783135493
78111,19012.816779695935
10335,9773.636678443987
64266,20746.294451203867
67824,19028.76191954509
70083,12588.62150106599
14335,33081.423595199645
93542,21632.595091945837
61265,13225.748214624122
11907,19229.517304962214
68293,11695.570180876108
62532,18827.446656249514
51331,22341.31337069488
92150,10548.531221234887
25870,8547.892036100173
37855,15353.597533554233
91859,10570.31808079918
30012,29615.282029463073
45638,27784.434949182963
27094,16390.138286884758
20738,20317.124784485764
53791,6574.438554217531
89205,24003.464722522775
97343,34581.609085105345
66633,33055.09321280835
85090,10663.159054834367
13877,10041.481637369034
99061,11852.607213871242
13085,8695.464495530552
36966,10068.74397814465
82575,10498.11193032682
49853,18065.34791433681
79950,8662.636388910683
57795,8224.321830120247
71799,10271.632844912037
20975,11505.296896096614
97889,9163.658736928497
45375,29882.243714241005
50231,32952.72445592945
35123,14060.026496830056
99534,19435.31207343868
25980,30417.555675153715
17591,22037.267462127613
63962,10466.051466496272
83350,26794.971536586487
55826,16096.83743503883
91641,22277.65441282903
25564,15081.923266723801
49324,12869.341258541112
13719,11212.164696010796
89574,8346.498878669661
29046,9495.61116416153
85102,10323.956580854416
64170,41333.4663548254
25556,28263.33003758992
40545,14415.846364993318
16579,10124.820573668881
86192,28861.13809215262
11995,9065.182837202126
66457,37954.093703276325
65384,19665.872670122015
22539,21640.1173779354
27010,9334.33852455868
87230,14518.316017308673
62738,34079.94372465584
66123,7367.600525557082
98795,17210.374612680473
74330,24375.519906138325
58615,9172.43631760661
32813,16918.89700462837
75777,8190.7506428383695
71855,9058.92308060404
15429,19385.962211065733
48623,22692.03516639651
83903,17445.194895325916
56808,15567.255668383808
24405,14468.46203886493
41121,15278.318084092783
11209,15338.218089958546
59961,8826.469452095902
43411,26992.405643485683
90881,22008.486997725053
26987,11661.877643819753
33695,9082.220592067777
43205,6208.077162749045
15562,17030.758944057103
31894,15642.103213436436
63772,14326.046064480764
84305,21251.109591106575
26859,11771.09163087334
15240,12505.5330293105
72394,14039.971883222184
81987,15804.842242513281
99841,20428.802103238246
71873,8269.7611473412
37324,12955.967646850506
39791,18442.266276165217
91142,26582.96710881771
88499,17431.66178053686
79870,22167.485328376286
65827,9547.156431191375
42589,14595.161458812108
82251,28685.941985586738
75250,8591.691680947128
80447,12606.005183035484
74515,15790.233726916453
90852,12066.91196063631
31865,11689.179135517657
93755,24245.089216933702
74416,20765.494412206208
23536,14464.347136900371
44195,19666.972551988485
40856,9336.116578946872
29340,11416.627733011435
71730,19372.96482319467
32865,23844.74434800372
28514,8062.651779698474
74802,19095.30999178559
16132,5223.617262041527
84911,21774.866696706144
73372,29158.144600334825
25941,9640.047077058423
70766,28751.762121940206
21542,11719.71282328437
59790,12482.373176107689
52913,10126.08994298712
50980,17316.156031716295
26083,9470.998461536296
94343,16561.496428435396
84899,17619.046640380504
28363,23136.188120331288
95317,11258.617957534792
43622,8129.601724257003
94782,6079.1365270625065
94269,16023.775432595781
24776,7957.255502594922
13223,16006.881230713761
59380,6483.943070254467
42257,11513.529840195468
59827,34357.924234171165
46460,18882.340820460293
65973,13572.36291513239
14794,16386.208351615667
67087,14119.949302232635
71981,23284.48497086091
38590,13557.718378522142
71913,13883.70136322244
54149,21808.10878454047
16195,3875.6393307189865
36903,19955.51348496634
85268,11952.89460103207
80851,13579.538042863462
35752,19438.35220841275
63296,20704.589207197467
37747,26257.09056079014
77408,14998.508794173302
46672,21069.63076623525
15818,6375.657149225008
80266,7891.52153189857
40184,26921.077723701346
70040,8826.965218919344
70717,10903.259610658293
17097,20621.474560586237
43962,29913.404596165958
72370,20431.307804087137
27577,21676.10911601206
13622,10497.296378380855
55142,11579.468903993027
53693,19696.08566395551
21113,7935.809870079907
66598,9540.753540965408
77669,17356.159443537825
50675,11586.868967323291
40380,15556.556423460255
72697,8903.328814915676
53675,5750.161249388208
62000,11890.349459993933
18702,16109.853159734841
64815,16443.61695047485
17597,19789.9205422792
12657,19470.255569302833
26393,8745.127697027016
41606,43463.188326047726
97520,20054.012951548324
71939,30682.603061176695
44569,15514.34155374485
55476,15470.395450683705
57215,14751.630653950548
65599,14036.337977644309
15959,17418.58906146039
91024,12580.903162632592
20786,17680.092914300156
13746,12426.000808632452
75098,4939.110189502559
64179,10823.88178303542
14309,6488.036252202346
15101,27192.551223743114
11853,10948.229475926484
98760,13456.774147149863
91309,11902.123426275986
64302,7706.947841140021
50092,9685.684626681916
56338,10666.419964997895
91490,9381.04653997406
88892,20612.36573571904
50708,20069.28995670467
14527,24674.714903390675
85907,8882.773112520092
25274,9856.639661769736
25880,15595.473348295203
28418,14104.604174694101
21517,8953.32363106684
85077,18437.522405272975
21826,6189.250890715777
48600,21436.631455745453
60982,24885.739105285043
34827,58311.31258936643
40630,27337.185972506315
65173,10252.806918295326
69398,21664.088205520256
58566,33590.58034573668
97185,16969.740450269594
25407,18185.15911058545
97051,19245.837144174053
38712,13669.459419767985
94041,9255.650119464837
83766,25014.21226976191
86622,18125.141194877277
54455,10818.427428506697
56123,15628.985340502479
26456,29314.56974694432
17364,11744.606105155253
86440,7034.493382993041
73057,35032.62823460431
43577,24581.679630885264
54742,9951.586678212405
28356,8585.006135161966
47707,8864.050765992983
95488,18132.03637072713
12630,9786.046253672579
97035,8725.369749800117
44478,17220.335642399383
17386,13532.147428872424
79607,16869.96223101774
32614,20944.763775365893
29084,20913.77840504401
36283,9481.983470931056
84328,10816.359751320333
79233,8206.41213170388
23123,19489.336699703857
27667,7637.061376179787
93341,32391.42463205719
33832,12390.90984680218
98589,10525.29977356936
19984,33322.39217263447
17023,10135.427368331864
38463,9861.654929743414
83368,9372.810697616154
87445,8561.034492149991
54813,18684.708156162204
96197,9094.508015803662
31615,17623.928072721803
75574,5674.818637881568
61934,8366.372406624905
22939,11608.94760718454
66098,14263.555851241677
63767,17427.344421309226
10634,12897.912382105711
85131,29044.669888810808
38529,26785.102155466368
43150,13795.51387423357
35893,30339.515382350175
40574,14098.376500051509
46254,9138.079064684132
11700,12997.484011108456
68827,8765.391871123873
88251,15086.961071813097
80367,12322.730760416212
44457,12832.206763082952
81306,30672.09888917174
24821,10809.996138978793
27711,5544.887740544695
31932,20600.37221843259
26953,10774.782413140123
48591,4803.268044792594
81186,18067.033799629302
21049,7350.25212870695
44520,6929.042582309119
77257,16249.652443960207
89907,14098.376500051509
62258,17452.124571167198
55784,26640.13244906409
13614,19947.482396662977
27190,5845.8905744935255
58147,7672.763090621747
54062,15850.229465427012
50912,9017.302242346988
54055,11097.05804698083
23906,20216.106091118163
28731,11257.54319421705
39142,14348.860140765619
30098,11953.933351175681
65656,20433.46293315446
93835,40148.662725633876
45928,15485.915119452675
61240,20046.588576457485
67666,17625.35247317545
88824,18532.685374094835
11462,14718.646694919353
87186,10003.635258141654
97765,12500.518219782989
96909,13177.126193406286
39345,19381.762101758482
63225,7811.0466531250495
11177,16843.21601443589
37520,19213.49385083118
73834,9926.92022321462
60221,16924.031546228547
60640,21396.976882434716
87072,11336.085001435113
39717,17112.98164620283
25948,11383.24297613659
84689,9274.625709746437
35455,21614.185388439742
69036,16395.599307358014
70018,8518.609468184697
73557,41094.67510863636
91078,12124.738838541147
30604,20683.934820397742
45882,28868.058201057444
36860,9967.05560876727
94419,16687.639978319945
41532,14055.703798125647
59596,18418.208066276045
51991,7567.150151500044
84309,8819.978400897031
16427,10043.333371160275
44094,11999.467361038813
12194,25879.05228104435
15504,10000.37929597948
55743,30597.70945621218
84014,11769.848437722612
24345,15440.505492941254
18210,7639.5696391075435
99694,17868.186626981467
19383,14942.738588226466
65427,15695.596636762499
23215,9011.154587233199
59916,8361.274903082614
31515,15983.50660446974
92844,8337.592393332414
31799,14838.668690837902
39987,19143.733436075756
69698,21176.470457007126
63385,16264.32894981062
48080,23347.84499620085
44164,5573.362793632226
86917,28261.421571231927
81202,10036.928901520274
15610,8484.040953173924
83634,20245.69076974647
37916,8917.61769860089
45497,10163.667264763832
39849,28373.430566960582
32033,23845.983068774083
33355,10769.123461553863
87464,13691.143226270611
41357,3499.894918047332
39494,29222.17518462755
76960,26851.633589897072
37062,40915.89696738033
38539,5511.41568134923
14623,8815.007143206109
26190,8859.552655829017
70035,20267.4108417894
35490,5537.569265379083
12405,29784.43433300525
18192,8239.568290098281
35767,28039.27015449541
25876,52677.42384832144
17943,8914.805078817039
62068,38121.8580984093
44724,10038.949298520869
50609,8872.748758757534
63046,16775.626320784737
52720,22302.1671290698
29435,15986.644152675151
98165,19243.740837458863
15265,28538.70481768758
55540,18255.65435684221
25530,29212.718279931505
44088,26575.772280714125
52509,9711.20632947317
68902,10987.53240934539
44276,6498.341012569343
80600,11650.404013949748
10729,29205.6744604037
89433,28246.358254407885
17123,20575.68497937829
37856,12011.868102940778
59144,7290.201738311644
75172,20314.56738439444
21376,16259.05908671945
10057,9568.407030377475
11424,10901.813534619163
32234,25834.45388918418
78631,12711.205473739908
25214,10160.214391711164
50792,28177.42123449462
43578,15131.598992368019
26850,31094.761172544688
96982,22726.909618139984
13448,18866.389658170407
39095,11716.85678211059
98055,8826.390031382412
66818,17165.86722148021
89695,9337.169159084046
18670,13902.301491257916
23463,12229.891925629488
26413,6761.7858466758735
23759,7468.416915841915
17540,13883.70136322244
29139,7805.6908146511105
39204,17496.7787423934
43141,19132.64011514019
19509,18645.02224348642
67074,6563.669549210243
10739,18710.943828291696
81857,9029.056727312942
10675,24906.43887257221
53008,10260.806635460562
74144,35744.89526451622
52198,11013.03097571891
36704,31712.32840499321
69408,6197.508311413292
12641,4081.743708766826
50388,8174.863976067487
66605,21612.78480396934
20197,18944.923161867704
40545,11567.198838972765
34533,12544.632573910258
10945,6556.287627216629
80195,20624.897878257587
23519,5646.975738912421
28198,27809.19639044635
13232,13611.050068450028
74372,12730.816070546334
78093,17144.378969946625
54047,15966.671459945796
40608,12680.735724853559
71213,9509.585542206014
23409,9030.31184123845
32057,27374.258043269925
16380,8721.276541704898
69844,20237.977614344192
73087,11752.375294588692
68422,16512.086335000382
96080,7907.151739084849
72730,9283.908981949087
49351,19505.503411297097
13982,17708.583492419595
19314,9651.73298514904
95857,12348.08869761975
16927,17133.51763741555
89023,6775.300088188898
24826,8734.81143124211
17120,11073.770312858273
79245,52409.00201102678
58271,13451.202983577494
10402,8165.361580505503
21401,24449.643035057412
76342,26013.263889241316
83684,11751.547997390488
25900,23344.00345919603
63844,12998.957027206185
36741,29611.560419725723
63545,31780.772928983115
57439,23012.767694444086
96555,12844.319259071262
49786,20128.359318502517
77179,6995.957786039682
23624,6767.819480228252
22329,23738.88453107197
88605,11116.0634960452
40209,16851.10514248155
28205,20481.263984930396
60652,5338.827358385288
51137,16007.083219683
28739,5311.479982447192
92187,18006.447553004295
61845,10936.07014230619
46443,7182.038720095659
86457,41338.39326757785
54263,20383.842238372574
89911,10808.851687986109
46709,6108.212756941764
81736,25345.69952361912
97666,9752.17939593671
10761,30820.543161130656
26784,23170.85179353764
16608,9950.539779073106
42898,8548.083762093007
44818,25431.981775931577
43801,11861.266829899942
83429,13487.648960077378
89465,33684.32649414918
15963,12743.834574124834
91358,10043.784442855937
94054,24901.658824036855
81043,16380.194199022395
50039,13449.750429085467
85942,8708.383291913693
53526,11419.627039925675
57762,8586.920635689608
22105,4944.666308956037
39846,7710.928146298689
29953,13090.54974999486
57159,14905.474757021519
68339,8677.213386307987
23153,12399.157835403726
80759,21207.620691136384
35696,7432.937382611914
93190,10174.608729570511
51831,7200.9112705881325
90238,14237.918251149014
69553,10262.003765680778
67388,20267.0632131281
75836,20310.566173752177
58919,6482.0730278575265
22604,8296.99872310277
10046,9064.18169962929
82341,18088.133021060432
69371,8698.548977687567
48866,14086.604544855196
16454,12015.588840621764
30914,15811.619313433628
10305,10422.143767008307
83307,12355.138206105212
59533,21070.638249628726
10360,12917.650560845468
57893,8543.670665137191
17263,15287.463120163753
50735,13670.852051065527
36673,8743.72676620257
39125,20508.62402490662
63705,9493.888966618153
59274,14627.750180205485
34893,10850.607114401531
71773,10090.646058578237
27901,15502.559126658787
64752,24784.400819555198
15971,19489.875254016006
87381,6043.701710581425
39834,19213.866304636365
44038,11978.624339844053
33182,7029.213897891608
25299,9131.724999116694
62161,33649.40593380995
38737,19718.165928368195
73517,10151.34723681102
91763,9386.610740636106
35646,25429.65115571087
40694,27298.233226633412
61778,25840.117802839537
76993,16437.522039722815
95636,10559.266861596487
87911,9700.773664793787
59289,24575.326794867924
99762,6366.2795489874225
27647,26833.32041908532
45631,37467.57561211085
53717,12540.399470747521
90882,19804.353196359654
20995,14839.257349084015
26321,10601.443929893054
37620,3343.921662176206
31530,13472.759041534537
92067,28056.80185042532
88193,22087.01107134906
33412,13794.91568054914
82874,11594.342534062082
88648,9316.105277807834
19109,15181.97191670996
61145,23782.82113963279
74938,20307.18092463507
73320,6426.4332756959175
84977,33080.16768812802
30958,21525.24551314467
45888,27290.862288934833
52128,12373.120076476891
72662,25591.18740098895
72516,15240.028335646777
18498,25606.50236219098
63905,25220.043931636625
95618,8921.589066628723
49073,16713.269795750286
23824,12972.055306974458
14795,20744.58319185245
20436,18985.85863378884
93100,26606.699593876816
18230,17459.37572507156
70307,23989.588524609786
69263,7769.754304107693
60327,56416.95083900939
73307,8797.935024107563
16983,14476.54548551956
85151,10979.206639880258
43661,7364.4142878445855
93995,21339.806397179924
49072,5825.313657943478
92241,23617.180165852606
68847,15841.725292224008
92117,11299.245619794583
63749,12414.13728884172
17187,12429.618372024932
92262,3665.7161834608505
96628,12871.713146195541
54526,7387.216142487279
31375,14297.680543259403
47108,15758.253217455762
20702,16856.806405846193
35262,19213.68117602628
55294,1763.9343185549642
72140,13680.97278537862
13645,14369.769012247889
86689,15917.745254605605
40880,24779.034457786096
82891,13614.525660979822
70670,13463.67443676995
86647,14743.025608193804
84835,30347.651805997462
59729,20153.628812388757
86454,3094.6671881458205
69059,22804.839965600055
97414,10922.317253934822
60271,12321.550449827097
72749,4195.1454017079905
22836,15019.251670569498
85780,13397.584233117821
69072,12457.655498003485
90561,10241.959126434813
80305,20820.175846847982
95857,14227.493634824938
98982,23024.848819765157
47250,10089.971717774446
41805,17102.00053320422
54760,25642.698302944656
48500,11536.408914986205
41536,8404.943179949401
44680,21058.082907919787
37993,10565.515714226602
14252,16225.179145614835
77891,15560.249815358851
87829,37818.06674703591
91246,5569.72282188162
13825,15830.843239887372
23885,5849.316309100539
94980,19212.942026585493
14101,12624.284930725767
29584,11732.776261660678
77983,13173.534668619324
77695,20901.57583335193
75839,16892.613171283436
66788,27893.32722507102
29681,56176.02053036576
82854,8000.778172465325
54435,14363.351335864249
26542,18201.82663264992
15573,13489.905702095195
51376,30039.50776806945
94512,35377.11902081431
27558,10000.010164320458
52134,10630.744472149448
21568,33908.8250572761
23128,8779.509908102831
77926,22895.577904908096
62273,17686.14231065558
39111,10070.142775544358
22716,11785.88168718278
56176,23248.457321643793
30415,10552.443156766985
38218,10978.675005489727
10163,10613.008754679136
29149,7867.243642102827
21138,31941.074634627766
93643,19778.685282328726
87539,26559.601062450995
46055,25109.373501100665
60517,17392.200715231495
76977,11017.700138540054
55516,6872.4140139213105
42199,17843.975586614833
15137,11481.510784500173
13856,11320.631602069614
51005,10788.515172105122
89897,19151.548618687484
40105,10388.664583796331
33006,16044.568024266575
98738,10991.618737016735
14535,33848.76315426765
64100,15821.621417231972
43486,20083.415643609213
98555,13485.804507437977
66617,19370.43263626091
51020,11758.983557849115
95997,18095.507130856
83166,2666.9104182496903
45353,28857.669424841486
52763,18238.05127135028
28957,9036.756551965671
21206,13240.010990499322
51299,16311.439425173325
92592,28790.108139244163
50388,11270.742860358088
75915,16651.4411415963
87134,8911.669825934061
56687,10945.159473293515
89826,11867.619735090258
68259,29094.24481025844
97034,48820.406729944465
93270,6550.985347644746
79059,10208.644860928353
18370,8639.25103587105
53050,20454.064548267008
84065,11163.87405988841
78930,19870.859845374533
28130,8800.607065822445
26254,14768.813775399996
42163,21574.736739997246
20172,16083.20088760102
52347,35978.460679748925
34165,35308.74430235587
73462,7661.461494545727
93249,15032.72239563498
94007,9979.476077747307
44495,19193.698876829912
81091,7832.109116663316
66007,18450.610498383812
97984,17166.080013705036
70986,13862.081984866489
91377,10597.354107596968
42774,7700.573402350183
55511,6488.690765005951
95710,12410.434658963124
22952,9721.344960971972
39500,7060.93826875
92934,33373.19916333371
50056,10089.001548952561
63869,51630.52495877061
25052,11794.15185333904
22511,41108.54670234211
11070,9727.807883926023
83956,13167.698471559906
13414,10062.49595275865
42713,22594.19644651742
18806,20800.571655431395
87728,29567.59572738628
52391,19309.975667147562
23422,13493.2650072643
85305,9358.725676084367
97130,22346.121217632455
30823,4658.518053768539
46911,14071.90291425431
46649,22044.627871222783
21694,15939.912951542068
21070,17319.86698367479
32925,7586.300773046965
29208,25312.293922106604
88298,7976.702274668298
15445,15082.536285538481
97773,10070.208319647025
36268,6966.191079086242
21547,20276.86645224246
86297,9694.811477729763
82648,22222.34622879707
81075,10330.361023670519
68043,21794.38128639688
72550,14783.680032016598
98956,12885.606525333375
35518,38023.838110449404
87934,31869.0693685593
73941,9990.443248686059
85713,9283.455370993692
19489,13421.762083687065
50119,9414.647293444517
55968,9368.395431227615
17119,20626.49700316876
85310,10501.549502020316
32531,32005.132843227344
68133,15105.765819925298
60512,8762.760424997672
12302,12506.386828212893
96336,11088.51208982642
38518,48012.04858405441
67171,35599.68295289975
79157,15616.034471509802
17478,14114.402829889463
44456,13818.727653674297
91051,16589.602197774795
15421,10346.657435245757
27860,14875.492742934211
15670,5911.263893549625
78187,18320.975964695564
20178,10217.815019727303
55673,12119.977280725987
40728,14010.468772912249
82648,8942.022754243444
33747,11864.917092655014
21095,8139.874457179911
12525,13923.534344522286
18623,12559.975615910385
42743,13792.546963508887
43317,17989.05046529026
42069,10870.7135574065
87527,25666.40881899828
63913,22475.208571541418
38136,13414.417800549705
71430,11028.156409666732
60592,32925.27257084693
28464,9801.465325618763
81822,10400.73079450991
93519,15942.377972885719
73077,15577.66977045031
76486,8750.349293460182
78388,11748.216827765737
62317,32298.577008477616
44388,13946.656730907825
33988,17673.72996626773
56111,9708.958655796436
34283,16602.643291126922
74054,16382.456125796718
37251,31387.64214658417
77189,44647.032831487784
73217,11300.708423033786
65618,11431.705697500736
63836,8169.727224967026
32405,10380.948369404674
49001,16966.19051941347
83485,26758.204287536195
12193,30612.768438371266
61540,29091.232214461437
19162,10147.42109992556
77429,19137.90740514473
16434,10601.443929893054
22133,11261.219418105231
84723,12742.59627174932
78669,8100.023088695723
67647,10486.243255975309
58627,9828.013550042619
41911,13428.022994443047
44914,8974.916176074767
24127,15689.3486982695
78447,9919.464002280594
29894,14326.872197352295
32691,33204.354800606874
80591,15048.310691806226
26884,22482.225317398697
33190,15281.044703196063
48985,12737.604016010067
58912,8159.459584670063
80406,12763.183606583218
85382,11534.647652359265
17453,12190.529606450298
82681,18336.093529091788
50469,9780.773062537392
95564,4630.393101685773
95446,11820.439466516178
47365,8575.045099670431
96774,15729.026486260349
60240,11243.415196914815
47787,17131.37748108727
50393,28767.650960508607
89325,10934.733907672613
71362,51883.29956929716
58892,7714.157938014967
13528,11371.954865382495
33873,8052.291059107252
30456,10168.864542208157
25664,46379.73412618742
62105,14441.42484870498
83946,28384.597353045356
10323,12127.669968677961
54965,12210.79836804584
75658,9007.638050680285
70681,10591.657138862298
30356,6474.944638991341
80223,5908.7089864234695
34637,31860.284884911795
82858,12101.704963927383
75284,14827.19139178306
11090,11818.162057661528
10640,16181.202261250419
12857,17117.662468836334
96340,9476.371068203209
90215,18646.681838795015
36067,18283.542096873553
36495,37314.48545711281
92327,10342.30521323903
17680,12289.075295545714
69248,27415.678811131627
85378,7844.839924325042
33965,9728.218552382434
81996,7797.699529061638
84413,9841.237422631093
65539,15903.110099246753
87416,22695.266958098437
75628,6705.244717948724
47625,15881.259436307677
32635,10033.021786191825
88918,20052.745501969785
57762,23204.778188203083
87301,17205.11653415222
80582,32594.80066965828
31560,26399.505868723278
77647,9750.089564857632
80466,7707.465585348173
96446,8567.309398015348
34612,9549.40588570922
23558,7812.586260804888
79301,13825.693926380172
29255,13958.86150475354
71111,21804.993887265227
57409,45822.22171342069
36429,21115.22595881265
40326,21316.723976160705
15677,15770.510124716582
35956,10220.353071609119
63807,11126.03462653411
64332,8836.705716927378
31720,19163.09649972515
57152,11450.337330974904
85225,8832.454968916536
33350,10285.332870843951
58080,21122.956754788665
22109,15043.995287284873
85314,23004.415739281347
81253,12675.314067865449
92517,29402.223206220762
46254,31601.038327398535
68510,18952.158022486066
77561,6587.256483048484
22258,20370.89414069319
23803,5370.709966625687
54304,11965.316566966818
13665,7279.839669766563
94607,7571.165514744149
36345,9252.480421416065
48241,21242.75696507962
20698,6958.944005005831
88656,15901.057058456216
75447,9181.044735072348
90524,15910.572449223315
49943,21829.1846286555
26882,19542.423993337805
94898,9054.326356705726
34750,6753.596341616398
73802,33357.238272790695
68587,11046.755892093364
53965,11628.233341612293
18176,14089.964272531344
53926,11247.730248988686
33715,16958.926119589414
51534,17175.204851141843
15686,17699.700172321667
97580,19720.13295837131
27626,12124.365035035053
90807,10265.070572030745
89732,9096.389952966949
81635,7610.798021715245
90649,8704.398043915236
38769,5264.256343230094
51339,21087.123878526665
19229,21004.145186661735
93470,15618.593853453136
33336,18074.034268945175
72510,6754.268836969864
73771,17525.21464695489
32072,17030.68791042402
42176,29079.701896154664
96195,12763.91444232452
53215,10396.075004137208
16868,15417.67882013591
50036,29922.78799562998
34903,8926.080545338235
33538,9864.623080528398
54817,20913.24266560329
73872,17728.984962702067
39135,19019.673458347086
23892,13214.433982875831
68592,12427.132540521008
97691,9094.794418856636
46778,28467.458274133696
14555,24955.374867603758
26418,9524.579364207244
17123,11059.186062494384
56120,10507.934498898117
44583,16119.69579148361
10590,18689.514353842453
58242,14846.398519119546
72189,6305.182831760545
16381,13071.053193565305
73871,24554.701730066525
95489,13348.340838138683
57537,35010.58520007388
30298,5649.905503634385
51309,4454.091006298502
60777,8889.073823678144
28277,33354.08620826559
59153,10334.846360891788
32399,10447.390760642189
80378,14763.593267586628
10723,16757.319320057108
23821,27533.739191604684
15459,8469.889957707366
65319,6234.680682890961
79766,10454.735965143944
30937,19039.17683157933
39577,14158.516176701807
13966,17918.52991915875
35431,9727.278120064617
42917,11710.578664649496
30771,9625.723739514058
27921,16259.947819174682
10810,19238.371296118443
93710,9491.071072267721
97394,12286.794774504575
33566,6006.575661586614
19229,8401.614570374388
38232,12799.91353557336
11717,12464.97498173295
28637,24267.519043456334
95440,48681.10156222932
50545,6301.674328680985
76385,10044.018130485903
19468,15850.839118439868
56883,15634.786844880648
72049,8953.106965263916
48317,26114.1706485377
33335,19085.730828666685
98848,7699.634173803526
20012,6877.194048782432
21874,7920.3652479700795
67228,14087.281911923712
71485,15727.027565583729
83573,16208.507469918355
71538,16193.309782988928
77365,19516.90333688581
34796,14549.351492618523
83622,12261.445874511639
24184,13271.101432212894
94060,10318.376946806575
68903,7488.001913486885
27581,17164.569315742065
92508,24364.287490490504
96904,20566.2907465234
46590,11123.155637737746
69882,10217.3960671428
93747,16010.450675594015
54376,8135.557327846636
15516,13090.12088669166
41032,17605.134193790393
75608,8652.367756751355
66242,7360.614350567706
85655,15725.761068162274
35037,12009.7066169592
38228,26518.081828265604
18409,17259.7970627935
91880,42513.372558762094
65832,6359.455990935092
49357,12706.099366536038
26226,6941.154584601203
49634,43913.79535599558
95231,8268.292351669548
85398,18459.19912303476
46067,10520.876041565449
62723,11234.839854284211
18704,7771.537575813059
12025,10517.362927440232
32617,9327.18779906567
55053,14923.755322976667
26728,29766.49620583877
77677,18055.800831588775
42142,25957.518501206934
94184,8556.14120201147
87467,70259.8402284336
11774,27939.653945873815
94888,18689.782125898797
99039,7548.168182731719
63090,8322.993696627831
31681,7136.458303005016
25482,15964.525019640534
17917,24378.03445168777
66643,11060.558400868238
54482,20671.442164777778
87951,21723.95118221647
83345,11460.072661978917
14940,8647.847011146894
68304,16851.00258997241
26429,9530.38160047874
35177,8502.666704886571
21993,10417.370593457701
32585,22895.670619636727
85940,19305.55829345668
92765,14764.16371400507
80457,22192.14363961825
33816,11764.220984211526
16715,27303.601835898815
29698,52722.293580156074
50146,20245.610617968607
31918,31082.214870543776
60187,37948.39567949479
69155,11900.008375750711
87240,9491.515152780723
62467,15042.01164337396
34938,18051.448654341395
12899,11529.501838118373
88559,19907.717983772538
23827,32498.29267536471
31329,6225.102226826484
59133,12804.652086266848
86534,11498.22092424272
40880,25092.369309803646
57910,8813.564949471333
99390,11298.945436961936
45943,18155.703129319787
91166,9147.518660311405
16873,7036.193478870689
61385,7534.8215672837505
95681,7835.664496918998
54815,28681.274913443805
80547,13364.616351840341
98786,27685.609595203554
90182,56866.25970271364
25448,6589.1557386481345
90731,12765.404868229278
80189,10500.9255180118
47883,15134.405413271887
10837,13244.243901595995
18342,14456.545148520625
29400,22463.897772063414
39059,30032.630729765246
25389,46187.97053339507
58349,20158.07517465162
90623,5505.7715093352745
51915,12813.591718856238
78285,19297.03919890901
13297,48124.470722608145
13016,8944.176100006775
78426,54644.23587758291
61703,9159.533405483551
90397,13096.21200922238
31916,10323.956580854416
31184,10228.782516725014
80454,35045.5696629241
21580,28489.297074165093
20564,6120.07954692143
66254,6493.944011318077
60653,9394.59372838257
61844,44986.869316626835
34834,19152.787418594035
73900,6117.54240793849
87902,13301.74219107898
18816,8735.346018451502
95228,14833.548323615067
62411,45489.07381219542
33398,42138.22452400043
63309,55599.78302946063
84544,6700.818591921148
49998,7729.425530767396
82358,17850.927678560824
49230,6493.795958254977
33528,11063.386727469775
62471,10759.47298969566
98830,16162.87220288954
60456,19504.431145280585
49188,15236.19002878596
16249,12604.509376827711
92595,13903.055494323396
98782,14172.390542741194
59542,21597.182414187075
17428,45907.11705456895
82937,13680.669183880003
69556,18903.69518031926
88386,15412.28160547248
65177,19652.322573494843
87834,9054.943446449339
20860,8487.302237090376
34940,10378.362009719553
46650,25578.571902497555
68410,18992.773159263448
93250,6998.625718563777
16815,8485.878308793315
97797,30078.472071864413
19326,27809.860270003206
37812,7687.338112211615
44553,15580.431563908382
55826,27012.99738660766
99973,13845.420482352081
21272,13517.377275586028
48706,13075.413802087542
39968,9590.80064422359
39090,9546.071663128296
10330,20216.373782765175
39819,19625.700584545102
28480,13590.914078681113
49642,26859.51216072779
67411,17220.99256444403
90370,24480.652348949654
88258,9350.93582687009
74311,14325.17269206771
61189,5850.5240187561885
89271,8342.347180372144
62577,34513.517310351046
50755,7804.791157106123
26400,16786.643217587454
65587,9510.487791138548
61038,10624.535395916038
46110,18251.466702156962
79186,13360.555577232059
25954,15922.236358554443
41461,16768.152525748406
13138,20318.697383650047
65233,10397.850973614084
65521,22918.130260048412
82875,7560.687825610403
55002,26693.980544485014
28742,11819.870602971412
27830,21369.888874875487
23883,57695.681800605205
49352,10068.008098940063
64404,7230.989531631034
88310,30521.298647439347
30286,21702.954690844963
88231,12720.076243229156
29635,22742.764078199074
51373,31970.570159454684
89474,18878.51116765379
27690,29094.25940046945
50363,7712.732749504077
51943,34405.539138204374
31250,21704.792772673012
54760,15807.901552433292
91043,17659.050009602215
93523,9912.802421902928
39318,10296.67155569329
67337,7175.043365936726
11808,6430.899340910904
37647,28933.523469287888
58921,15091.717351985933
93557,14400.460855662584
50036,7845.8195170723175
90001,9595.044435231557
36533,12844.79998459969
75165,26077.336755747277
51239,13645.701824283982
72939,7143.384850159726
65686,21762.504751512275
17328,20654.8925155915
67395,9439.895371701157
28772,11291.533686120802
14070,11553.862530814982
87097,51668.122415806596
68724,13393.63681624149
25953,26387.138868077516
63070,10178.127098686999
19078,6635.569797672466
31975,6566.6898507905735
34097,20265.96670602338
72154,16249.652443960207
82572,7068.979289259807
62841,5480.334547216213
73364,10161.950976936569
24274,6416.942155041885
93223,24553.064603685816
79528,12528.045754759316
64766,8786.959585330089
73561,21899.350681992444
92726,22853.38642615663
83721,12672.19569822292
92406,19239.440517557607
17975,11520.823240913796
65949,9886.955837312296
14108,9638.761906450727
67207,11704.078196111688
53604,6898.43534715965
66857,6403.284723134679
85500,15376.841867066505
10973,55980.834264792546
76102,15259.73471834076
49462,26737.297913335686
85490,11949.163822141185
75947,9070.901846092991
39188,10673.890453402124
78070,11687.51350156714
10836,5814.673164671092
60567,21869.742235043064
46036,9801.900677120611
30851,14184.631005524405
10852,16175.457928549318
29739,9263.904340003704
73868,14302.228304328724
30093,27450.769442469216
65138,16702.528536683516
32475,20352.994836060527
86579,7404.907876788535
80454,17384.892909127015
86268,21395.423165093234
16324,12074.560336868446
82011,13432.543931748402
51450,39854.327521001156
58048,11751.190593743819
67175,32826.67301528029
73371,18622.462122103232
52627,18882.421792336077
44432,16314.191095181972
66168,18005.32553494205
90295,17856.94612444703
69036,10291.758458549473
49466,10141.380495329486
54941,11062.86366819069
42905,3834.5285745292986
86735,30282.442704486675
61779,9987.878929057282
50921,15453.62582823219
10908,17255.8444118941
26847,30517.652464670286
67200,17795.198083523
18598,28885.97631959951
76277,30084.50308797809
17179,26571.550374434017
83073,15187.382116356546
40548,8155.813345092674
36298,17207.474357201576
24581,9417.717954737924
26950,28272.643228150955
90124,54616.39662442227
70405,9725.191637832715
27485,22287.329755504332
97853,6934.440598823885
38043,11074.237325436978
82429,77994.25472217983
65491,16648.480223966428
77855,15274.501272841375
43965,23721.511670917105
14369,11284.786156513292
45598,85080.65137306992
48275,8403.413510791364
73836,20250.798518397576
91427,19382.315434019507
21206,14665.408144416058
77949,21485.365064861435
50112,12010.370039811014
96698,9433.226267499706
68431,9779.355652272401
17910,4965.546189929682
62703,9194.617890813817
98657,10235.813895441377
41910,30979.187184337326
85206,14521.108638144975
84082,48214.35142221281
17247,26443.50940788771
47389,14704.405216658979
24747,16320.916782075386
14072,8402.968912491475
38519,14995.88889242695
39973,17944.655780511006
76683,22968.968394416286
53709,19335.78921109392
70836,19231.26931221621
87601,42979.362248222045
39372,20221.788380176826
59066,9329.8553854641
31925,13814.373958126542
30585,16675.91768374908
74762,9284.727900150812
69762,10675.292755754392
99301,14124.70672505924
81274,10350.631466198844
81158,16402.206954982576
92423,21273.990117153382
13818,17580.912750250503
45488,8180.509568772912
96056,8292.677045616801
34853,21319.224229531123
74727,14127.770369525786
30916,15259.054695904635
13001,28188.815580427836
48903,8051.871323833844
12079,19206.704277901328
73814,49386.735170334156
99027,7783.139891383398
84762,15478.412102837769
43732,12414.5408501529
19155,13841.08754829807
22163,9677.601925797975
47808,20314.88038926016
84170,21263.19455716414
34551,14186.991941836026
21789,8365.534155004723
39371,25146.2989690198
75145,10392.413634222159
34111,35027.4726135699
88531,17629.55946583784
14007,11680.795908173528
23225,18414.662728801875
53248,8650.455838694437
23521,15934.450029139458
23773,1773.5055250775313
16873,17989.374075263382
55637,10275.065170861122
38532,9548.547757545864
27447,9988.548083313774
82213,9831.037622628814
34258,7744.776322426318
76317,15359.837002652564
75513,25878.340536698695
51039,32754.58503625307
45257,18820.04774493788
16928,30390.991388996918
46001,21319.261260131087
36510,21859.17093567762
91032,19533.83159946853
44310,18155.590053029468
74655,14113.922194308825
25334,10173.815531733262
55461,24743.72910515389
67808,11059.411217784731
35091,26759.937809057985
15335,25289.117337395146
70074,32797.194743806904
61506,28065.194101852107
52958,9412.569711703603
99146,12207.611178746725
21539,14942.024784213698
88250,18023.378655603832
63230,14319.091338529812
91365,9038.082868283349
19971,12963.045629420792
31520,19989.255332448447
13161,12279.316008577347
21038,9695.711927973378
73460,12917.08065265005
86901,14519.229976149196
30649,21543.311276236574
83419,58307.658711767624
23647,19004.80815310497
29760,5573.943350782121
60965,32984.478550712156
79698,14417.95585216015
77716,14648.74673339764
61256,32776.15487866507
48140,10704.202636686325
35782,9934.038068905713
79065,19695.062615172068
24292,27833.049327480545
50543,20833.128850329747
80646,12959.458748272216
85066,9304.418872216205
67533,6335.611584710481
26594,32652.843784110344
88288,11201.73856885324
73798,16574.195505853266
43840,50900.528711612984
27761,13110.014277790979
78818,34236.75864949117
68512,17077.530889196863
92485,12440.391010774525
74967,11396.108019924048
95649,10710.383954048342
21946,18343.72197519765
18848,11681.795928863508
23840,9981.747208307388
54983,19997.906485553794
15640,23496.728438422688
33454,16360.74312554389
71404,17118.717022184293
50617,15780.395402674974
99381,17512.743700720563
83612,17139.235738500516
58730,3856.200772117898
50257,8649.262389348089
41342,21006.552978584474
65573,25333.446786293556
64333,14137.523309619362
26346,18253.643179262766
70795,36696.89643946466
67491,13253.822569339562
30397,12368.314058099677
64546,27577.220810170635
95841,10906.771467908102
23438,33063.899221670894
57161,28227.379759184205
26446,22490.3612362266
39798,11628.231259472395
73942,9042.475012357076
96514,11766.710028575082
54917,20723.314416477384
56856,6451.177668746444
20429,21064.963777900026
37811,23117.707404023626
45307,8220.515248454596
58456,15921.005103028523
82419,7277.764675704531
90256,14662.043012446458
33325,25089.35239585793
53789,18623.943197552635
40864,42817.84681899735
58391,47449.44080937907
65887,8781.20728505632
76541,2274.5925234767365
12668,11955.252691747624
54180,8017.152145939672
93944,10604.335569603518
92572,15570.79264602215
51511,22503.672655880415
10306,8073.218497276252
35328,11482.565683082343
11186,15222.74563263652
53945,19062.07356635091
86042,12751.45673719521
90344,3474.414744600799
25561,15902.608958130862
10532,6450.044497111041
88733,14791.24692802946
41537,7867.741947714792
81665,16922.392319122642
66331,15824.51303927868
86734,9771.514947503358
32512,9072.05629574327
23055,10533.999995313647
63002,24582.727289770773
38262,24489.881830242357
72672,13208.781592945435
19752,8971.234779472104
97877,16284.682302854411
60804,5303.973939115596
84638,17075.893959146786
62068,15014.810218953862
21234,5777.143019105039
20912,21999.321392821475
92725,10955.657766940447
29950,11476.037686255546
57121,20065.25000440599
42823,13787.293975742028
76687,7776.3284608836075
65526,12338.164600107128
85379,10866.34624387354
74606,11433.523311553254
83950,6794.301545229542
19852,13062.849847514739
97214,11391.369130186184
48556,7579.1730278213745
12645,16751.028320914516
35398,17763.956894408344
58341,33252.8212582953
21486,8431.427104850407
74646,6129.133326792264
79383,9486.063786046492
38254,13090.740264403163
40621,28016.605944615207
18678,12774.984578467189
13323,10062.823430747267
93750,53251.28799654854
67804,7742.9280275193905
72663,17961.689940562545
46849,32365.117958824223
39909,29605.515179921844
65124,42581.663497359354
17037,26619.387922842187
98451,19159.727386109604
62173,13933.655091962966
15221,13618.180823571007
91884,14821.196545902554
57342,9788.69859987658
25577,15837.93412393446
75533,15360.578453636257
82331,11161.684542160376
39995,12257.949085744982
52325,33290.71671771891
92448,16219.509717186733
15246,18780.986338311424
38683,16193.309782988928
14110,9226.829337898967
29880,21879.78542555343
94041,55824.21697287687
22573,12129.441744849359
65145,10867.319052557974
15708,5689.383228113245
81469,14789.925285730213
22479,13862.081984866489
37882,20993.07417699109
49959,5989.315003910828
27076,10739.126196721565
78361,13347.581249522536
15663,18475.229678812997
75212,13252.802883731276
93222,23069.317556190636
27408,18254.441923787454
43030,8744.694518996923
24805,27024.0662789916
41043,7839.505441032579
96326,26136.943771809136
13488,15670.27449018551
61159,17080.833944297847
54582,27405.09456352221
34911,12310.835692190816
67333,11138.707386228003
94180,19481.185298921595
25126,9005.46083419862
93572,6927.342607141467
94844,30009.352954863796
50366,10252.837346589007
11703,32718.468183093777
90811,9750.32523017716
60960,14300.281788393277
22406,31165.387178316283
78517,20093.12943617135
30231,12996.973853791838
46117,6479.343795795754
99778,8243.575586881012
29100,18704.565400117168
36985,18584.72006306781
38387,22243.603710976706
42851,15117.797563092576
24270,14580.187373496121
29536,17643.390906965342
67784,9466.098512363977
53345,10575.496080483259
64518,9600.583465824478
50819,28943.18201196327
66593,28273.230381994934
18930,11708.37096910022
86113,8704.701850612628
23175,7888.882833769609
80190,8310.842610532456
26265,19631.70712444734
97996,19897.04861553644
66598,48234.9357751507
21779,9445.455303310384
55239,14919.416598444395
65312,9691.059171733574
39002,13071.491110611165
26844,9066.988366522239
79840,29695.615519557385
11399,10801.763257975586
83576,13116.059969358306
30626,13531.400635742159
90188,7235.381356331838
19926,17105.452610130353
87193,5714.457224212114
49032,14961.633082144395
30636,28595.027130846414
43165,30946.197057914713
82364,12590.56610419079
85319,9818.888621803486
98367,20069.611402462444
48787,29698.07887964097
16940,30071.621534362384
44298,14522.472598465241
82455,15582.37753948655
56316,2418.393309631705
93302,7962.753540153297
94537,8661.132426712828
52451,20654.638108195886
18544,5973.204102163996
59096,13705.826149985709
72303,26047.623558225285
41971,6440.645204852193
22315,25719.4254495514
80509,1113.7103333981358
48927,47490.07635451358
44547,13639.816832196087
94422,9624.428909232045
88709,11378.702760375489
97966,9341.470495850906
16279,15041.21321930658
43670,9785.9388689149
66522,8256.39217449316
33092,18913.235973215844
81877,9934.648513231845
91952,15040.469740262091
55834,18084.895745292888
23156,20615.486439825363
62539,16849.489575850435
77429,20360.38135882735
76427,8422.44856841714
66639,21774.39045492796
34658,25079.320142632
24509,19655.470156143234
13605,12446.696607850725
87309,16981.755211523105
22144,12095.062736648397
62203,11594.528569726363
90929,20156.51725468249
17314,6949.359511053459
87325,10201.388623169496
67240,21905.575672486924
26206,12062.625414168473
46979,21248.712677639956
55801,16047.968121457803
45726,11250.092254807452
36648,21066.14648326581
62018,40456.73921160473
71414,18707.4019321737
22244,27720.681590543973
60341,9398.719048689592
72977,19087.240586232998
98877,17905.100587411893
44339,12212.15944145116
75359,9319.958200528665
12321,4998.359744112377
98975,29776.226947539515
21089,11943.606658514604
72712,10266.293674399265
65774,7789.717746398323
69542,10708.17938371461
99499,10717.369917956068
60057,19256.597629044598
25519,13276.66937183034
38387,16289.624703945548
37924,14188.43845784444
70514,15526.84470242546
52304,7356.157364899233
89017,23468.92690340344
23385,16701.644191495154
16286,34475.228124879526
43953,26597.06410567408
33870,6280.109265076511
54157,14336.435185256254
17425,9831.304402070562
32682,11935.263249836884
83416,21690.46022323116
57048,25519.1391539263
32651,9396.225818819523
53015,14195.247642530694
18454,17872.470374493303
84867,14629.950913844312
77211,22676.439312796625
47153,19052.596389518978
57523,7482.421871816874
67737,30430.387801603734
18702,22033.213374627976
85752,16937.321073287054
11536,14244.715960276624
97422,28342.68664669778
97105,11082.347880051688
20596,12382.209600368711
19327,17958.84563404821
28586,16335.135567288315
68926,26276.32416747708
18374,23008.071105384824
49327,13666.337459824623
77271,7444.085202497932
71255,7314.051350343585
53658,8854.337833228134
46239,19148.31900223923
61702,15778.367150387548
63727,21118.119267218448
17640,17129.83762879513
46525,13913.656922305787
83704,12880.404183917657
66029,22425.151752396545
75801,21447.7311982775
19190,14000.03067426481
48863,13159.023574659494
28291,9568.062753765644
83513,31452.37841471746
13584,10222.90810669048
29227,20819.36969777194
13874,9274.830081824843
69078,23604.23371922395
43968,9284.791211749445
74146,24376.051466963137
76531,10378.854623119027
87404,11821.731456889283
20165,18495.320298739938
84016,13736.464796222743
82439,4852.299666336792
92021,15469.435311194115
73527,8947.341655570764
94472,17442.358405208815
88818,8439.05425908777
28611,25864.467501420775
73452,20922.022907915747
24540,12317.103287755997
14102,14170.302535166244
33464,9957.266628069492
65016,28611.88464158455
67471,22258.410569692864
72051,10043.183622205022
24360,10104.28482341102
56473,15180.398916438116
85526,11117.48171161023
61489,10814.631732366899
73843,7203.32156076974
51613,10813.360067511345
62157,13302.776087433378
41393,17298.79754172348
61107,29315.557003281145
86211,10866.908856717992
80530,25221.363128482823
36032,23932.539798746984
69347,30165.054957531444
25975,13744.030270948988
29690,18450.484192567
74915,16736.831848375274
20564,21773.32834673258
78225,50521.685854578536
23818,6671.013442071289
45359,22903.49263705178
63346,18071.379743703972
83826,8896.610022555788
72655,8345.490307889082
73121,12831.92890331635
13555,15632.308419653693
30199,9473.918700384307
80315,27929.935782701657
31376,8447.23477617096
26374,25478.013550098083
58609,20185.43043541079
20142,19757.557859277178
31677,12523.485345681522
57155,9032.751944615982
86816,11231.884765732353
45047,4770.752748710236
31149,25742.34100125342
52263,31706.96591031906
88807,12211.404158372738
38460,17355.143313854427
12776,11390.24294648341
23189,36434.634565959546
37755,25468.852565641944
53502,13656.881393603633
23831,15144.36097404434
61676,17841.941341339778
61525,21376.434606241033
65956,22703.164176588365
30312,13681.845131891247
99476,10923.473899755616
68625,15532.376609692648
68163,7822.927439934623
11393,14962.442896031382
62166,11620.792391960698
30685,24131.69589403682
24418,2054.9622278462302
57893,10634.76214240343
51588,27124.057096153054
66155,17970.261031672333
12561,16036.956089524567
80588,20123.513373188784
44510,15710.078846806893
35882,16743.472844574804
85284,20665.922110730444
85482,21363.72379044271
23809,9628.643563676746
22339,10167.88249345915
33835,8831.881836555753
87798,10416.129230033639
94956,15654.990326727062
81609,12780.71427685475
76040,16271.797850800209
19048,17568.008341760746
17768,5940.639439274093
63293,11114.699121286714
82044,27180.285614489727
14112,11716.110700865678
14198,13518.172616862394
45873,10983.252584435362
22101,8719.704896925403
36737,18590.26398293847
87821,11595.935598990292
29328,8345.708855580888
14346,28783.42700958957
71612,15618.543644055713
83475,29297.382258539823
60762,13860.609107630597
55968,12616.969087317084
41532,53564.26743392692
18989,10970.24141826461
44800,11148.0406003059
54074,16992.314629280736
80962,10291.031861291385
12049,22225.389306033172
29169,29076.77067742585
51370,6899.199183602586
49161,17402.102462159797
74930,10851.338098374403
57798,24810.3006887253
15588,13728.479354432071
59736,9026.69303997243
24327,15049.07137522171
99463,10222.981403226204
33580,52637.312494883554
74767,18473.815809628766
85251,19897.04861553644
19094,52142.01993639368
10484,14183.5047640273
54045,12620.905449117141
95538,25446.329791315948
24409,13136.80116777032
33464,14918.352505382125
38423,32711.824239927177
19042,18850.639730032217
77245,11750.606094917905
84367,27523.378197099006
71540,50001.545850583905
36609,17678.724672189583
87479,22852.73110701743
60879,5355.744210361738
45224,7187.508590784482
12427,9450.387777976697
22335,37965.13324977535
27004,9366.038110755937
56622,13119.341429680228
19300,13975.238924728983
59302,16606.429560410175
28946,8812.271959143884
29516,18667.513550316453
24048,7779.349756248206
56090,8559.978536090146
20844,8224.538403850926
87028,11348.477387369909
13130,8125.06105132228
26592,23136.611435440256
64998,9491.993475991885
10714,11728.760961031643
70014,6558.685737176525
67028,19802.75312451426
20959,19962.960450297935
31495,7922.128201576617
96194,11475.366092799242
49046,13856.060905460006
22126,48050.1537591132
68267,10337.967199506558
47889,11756.376580009695
39348,40760.69052239514
51233,9156.210866946854
37359,14648.325215136005
46399,10867.522256485614
49014,8298.234083375864
55261,9548.62077269375
19990,14419.56570953049
38883,18715.20200804774
61632,17332.32140848938
45839,19539.98021379859
76887,32836.6010551625
61787,27679.3018281008
74084,10009.970365227571
51576,15101.758903905824
14160,30907.83735761969
62601,19443.610475496873
49239,5496.173011085748
23009,14649.662930125754
18543,31063.242583721592
19471,20957.388755962224
57817,1792.7085145971869
84174,19177.061461665486
12414,12160.899106737392
97787,21352.271144224993
28819,33627.211952086385
21168,28414.526380270654
32312,21451.354036047614
33648,11217.556481866533
51763,3935.052057271154
99444,17020.551760862545
20668,22852.142588795825
83788,15594.928899536233
53445,19337.824214398344
43330,22050.966308814728
55496,32141.647731984078
62565,99712.64335735148
45621,17582.224515155012
42502,20587.27936219408
56169,8817.017515662075
79462,10147.159316575267
79789,15881.980214472973
23884,16390.784908217356
75233,30259.351231739493
46190,12680.735724853559
84701,16425.50703228384
24362,22654.26225256805
45772,12085.095017667009
59622,7421.318276776858
59634,16921.751176444286
95212,18913.73787938577
85501,16184.956908542546
96874,12800.072640776842
62814,8062.887138626627
83222,14123.832147127705
53002,29226.72666279073
47202,10359.56673075938
50601,14039.526835297518
54847,20762.91402177656
76459,26174.491443387342
96066,23360.99468884686
62647,12010.635220762571
30181,32525.344501804062
22843,9787.324075893452
34610,9245.700201126883
97277,8720.393760875622
73508,14665.196109468867
47913,23444.619551894128
72749,8008.435463884851
33219,22029.60096560635
14536,20838.56239025253
44105,24101.314368733932
40277,31284.58851105681
11455,12020.39747468647
78490,9525.23066939706
28391,27939.735206155667
61076,29135.70181010566
76959,12882.312207399744
12442,21691.650443265145
21248,8357.18934392691
29333,32872.1668505691
84694,16466.893159881773
44922,14018.221374602883
62483,27153.738967443045
20042,8641.716960483362
89018,8922.916947290349
74568,16211.739531924277
78824,34639.79167072593
45982,10877.030471295784
71643,16803.88377024361
12017,8532.735676950037
10114,9960.347679175547
28704,26123.397519330727
89864,12733.733777138594
83262,30304.51956990408
84494,15957.74591391363
79317,23448.82538327855
17098,16443.294422785115
62321,14583.652465178491
93247,21134.969446871575
27508,5843.714458859869
65746,29494.80987793375
44357,12779.2206481115
13501,10631.43983543349
93771,11600.787458805138
54671,7185.134507946952
73288,42820.35000705595
76393,15566.737116707207
13301,11670.250329853778
29126,12607.904542992648
32503,11664.070695860488
20007,25911.578577192886
94933,41544.84546519126
91614,7628.724056852156
46828,46045.67092063713
66114,14644.09931722493
74833,23467.371199919096
35024,17334.259022050413
36370,7788.692747578274
64066,36761.101672726836
94329,13643.096667838703
25816,9005.580127058616
12188,16651.6178126843
76425,14036.781407340624
53859,14906.040335005857
43016,25344.722257238143
99861,11220.077046063408
23335,9387.8871100383
51831,16210.383640069862
59663,15052.294943872874
70173,5323.847736161701
96651,12621.725415420497
38418,8066.940669381056
25517,21151.489999163296
15207,6814.9362972469535
33035,21525.959900747665
12632,20234.70579057338
99622,55496.91708326375
50592,18049.81129244011
25628,16939.716649123693
89396,6347.0434058087485
70525,7613.787774001745
65328,12707.753483487035
43982,6016.867422404521
48843,8834.35605617418
97565,15961.506528802534
95138,13647.965431114102
53253,21248.126533625942
45335,9862.301436897771
49747,12503.810374943252
21808,9091.48901919035
93025,17249.57668922641
34638,10424.773867591193
30635,20144.084851143496
84358,14255.47381376031
12233,21116.50254939719
80762,6106.75101375433
62716,8944.868233901172
41894,9315.816233056159
40217,16221.8839420883
98478,15154.027814570602
97880,14918.83774402207
15590,11466.87666283328
12571,8974.167671601843
58050,18391.281661098295
56057,17972.208173823394
38537,16713.319236382562
30336,8450.330511854652
70291,30218.280222092344
81075,13322.863771929851
45366,27782.569159585844
95791,10143.8345956179
54172,9784.385361371376
42302,11043.608832331489
14966,26813.229681504286
85577,15658.783139507905
30595,8926.080545338235
92101,22550.13251884013
40805,7294.004488432953
77303,18990.566208973814
28009,7359.4639278715495
95750,9391.779972767567
63160,15486.674153278174
20972,10250.97074176514
30361,11957.622702049313
35944,15503.137752647877
38565,20576.608119848923
50203,30748.854420642776
51495,21206.69038310463
23882,14121.31632289778
56063,13387.566736095381
29360,7274.971091572263
35725,31602.33037585866
21333,15433.82718970445
19057,21345.139538527874
10637,12211.325816049899
83215,12451.590564846574
22715,9468.054788692914
14739,19198.673834715264
25027,16889.866956899416
79479,10639.634712086372
77959,16825.4815219183
64117,30532.803005841233
97339,6197.508311413292
70792,18435.705610509813
43486,9450.763353029492
59836,10102.945439542364
48580,11788.980293465087
43872,7403.6329694791875
19617,49999.68186650091
78803,6458.717405721116
84828,11538.468537820116
63459,49117.532924357525
28367,31741.330500076412
21878,21527.98576039917
93717,5632.254422180567
65532,18770.956348302687
18443,20152.664299072403
57355,8922.21362662247
98097,16827.041060932253
69649,9304.427057594005
44356,7056.602872089834
88070,10833.780747710905
81854,22929.12554207416
82859,8524.916129775982
59023,55244.21115016246
37906,37764.591947001565
45368,7438.903427757628
45613,8320.99364979202
95433,21548.90957206417
38922,14779.23761568328
59468,10679.458498788577
87038,24942.662455140948
14096,56423.67869017293
54428,18260.709445051212
85009,21546.698547096363
72940,15070.765301857302
23754,18258.066921497684
13942,7454.885337252692
39931,33031.68876997016
28957,11019.4790940645
81470,18503.459591486753
50461,13581.589415771923
74736,14738.567483342027
61510,26438.862991836497
84767,10358.16294568386
88897,20791.352484665673
58964,46920.27434943132
25919,16961.20202257877
35262,20783.01012729207
59651,20102.589022474705
60401,12213.534027115911
89436,15520.984391307431
58360,9197.746057300952
98770,12900.231320186112
79043,6218.723792286008
65208,7841.374833299631
22840,10239.094476791339
30956,70726.98653068315
40577,5394.00161916379
82667,18246.544546146863
73837,20012.362951527437
67396,17152.088890675746
19508,37472.25521750837
51989,4935.044654650286
41596,8277.041905123424
21052,13339.625514561476
65097,19351.067542074707
32760,26765.532278016035
50654,10774.547904745637
28969,14170.221277115426
10489,14530.55072676478
42338,16676.853148457685
90653,11703.208295822938
68190,19943.05025439699
96676,10013.403806514742
29853,30988.514643086226
16013,14595.908274405381
20603,9111.670865123724
49692,21509.225507313506
67277,6447.2539645221
42756,21976.18088150773
91365,19629.739855687494
69426,9720.136230027414
30753,13624.587224945957
83751,3808.9717607372277
39598,21571.0076269933
18496,12292.39349181672
64703,13131.671207477526
31145,20218.108017480863
24314,12825.631554119198
79055,20200.57091915098
23387,13155.216235119677
58161,10258.254102081402
81104,15774.852436528501
18240,36162.259273617296
31725,18679.47723316363
80907,9080.02948010163
32778,19312.512160264432
13156,14078.549866660665
91869,4873.440604536057
49560,14074.180188641269
16351,32697.31348321494
38414,25187.1853503358
94751,10953.904419927647
41082,9201.82049078248
83959,12103.35112823347
50460,15321.35333015713
31062,7722.991918418156
52781,7264.475674378242
36550,13880.101063682454
23557,11376.685036086326
19017,12219.702444879666
50009,4774.325060864716
36968,14755.89193924234
35575,10530.096034137488
52018,14905.485839313924
36513,12582.693737052941
22999,20659.67667505681
35780,8557.514407660674
59686,19134.51707827631
97495,27064.627759620787
72094,10222.171931963512
84829,22319.06831739888
78684,12964.98383364647
39227,17271.385283550426
37537,29870.775148166344
74214,13606.098495790662
70192,9337.147572967922
78380,15003.81416898564
89124,18556.35591805908
64603,30846.00322974319
35738,6611.284728949002
58553,17876.513974391793
83567,12013.04211964639
84699,18120.396706615375
82359,9261.580863485648
96151,16463.05481463042
11714,16550.842092737672
41927,18814.794084335226
41107,17681.702768085677
15753,31172.828663416854
12109,6922.399502284787
29428,3500.5124661083573
11345,14958.932506608733
77350,21817.075017438015
20863,18970.62085570416
40967,13934.569965013756
31601,10482.285989622524
84090,10619.06408267254
40069,6139.3766784504605
57153,9301.199560818439
23748,8737.276879438608
32961,9116.705953556668
82060,11765.777809115665
36780,8868.540530149072
79687,8391.23559995676
38088,16704.475240966407
96163,9651.915681215367
93964,11390.168374692657
32408,7672.428902568512
61476,8330.465382222255
90087,41581.06411367993
73460,11220.129691783743
15769,9522.536064863612
16768,85132.43039208237
10944,18688.90032800151
65075,10807.924677492148
29506,11853.454015946634
22759,10762.815296445639
23395,13458.443885817505
24742,8927.736835275959
53101,8940.09250245145
73914,18945.802435068716
67039,24936.78342843355
36427,19490.388630884772
78139,29978.67194579455
87435,9952.593431610245
14280,25810.81003413741
14063,20165.076815618595
93658,7721.009155211386
27823,26412.50010190421
17700,5280.7408317198915
19267,17165.69158726794
28075,14709.597145348293
14311,10473.68609717348
27523,47371.04552763154
25914,43240.43935948877
43049,21961.426697750772
10490,13553.872210247999
30757,21770.535060567476
35595,27956.04422717537
87429,2708.810958938164
64595,6492.985997111198
83223,6413.044857292238
74177,12763.373364041465
63106,22462.46370228345
60669,31579.62126187486
65422,14773.50390209076
50618,7388.390890520213
69474,13720.01658728532
19399,8644.235889064365
31338,10430.483102483471
58471,9769.750425715114
83236,20344.71532483581
10298,11285.842926050867
73383,7554.855535489869
34014,16454.629682078274
49264,31545.633328778644
25451,16948.286012311553
69279,21335.382947004327
39358,19699.114257298137
19664,26272.449838078646
66898,23108.37812601751
79307,16613.331595579584
63081,24936.78342843355
22611,20325.07833937058
35070,8071.74486985027
48104,8268.93544376793
78445,14172.769335711599
12497,9777.058928824987
71536,26948.555031681273
46058,5965.080759892109
80665,6488.806196603555
55896,36099.7172471004
54420,10203.609483441494
33509,20473.78377627121
41203,17772.665020063545
14943,12265.745737171063
70592,15454.327850477479
82758,15358.736710278281
51268,10275.357924201697
72439,16777.970658231865
27632,8561.003819970074
18575,7772.8074358729355
77584,7222.490969750836
80447,15074.280229308937
36738,23834.020000559925
37142,9677.414384689004
22008,21062.0491647061
71187,7522.3301611551105
22049,29417.865015870106
22301,22039.996321173476
66455,4286.634186177975
15194,29870.022342482713
25751,17852.578070146556
29554,16200.09455310843
76566,12966.611571101026
88697,38689.88599008715
85643,44671.23680534745
48519,25130.834327913995
37884,9851.133769457929
35184,7793.393640832275
79557,12811.165070696
44761,11515.765762317249
27901,9380.28362656045
71875,21723.784727537193
73828,7156.144330082092
24494,23343.114349020383
46996,30153.924817474566
76914,7943.777047315369
14463,18719.732437128667
77069,10708.083123183966
10500,10351.51957620366
65174,23323.1925782802
73218,18327.024938592258
38189,37835.776159788016
91938,11190.380903865205
49811,20524.864985308155
30253,11222.527032849359
98254,6001.7299470711405
98368,18954.71408999883
15671,23690.195425422957
66581,20363.2114757364
36466,13621.220182654894
43613,15479.539688935924
30662,30347.55309156346
73488,18867.968410279827
61814,7416.25085194557
13035,13344.192338531415
92855,12318.37925384431
96555,9140.069669139626
24761,16563.933412277376
94015,7220.2231100069
11034,5507.155335059422
11999,10062.208400886637
25151,5944.909026352838
80929,8100.863386134648
71749,15291.128050315274
26030,10622.446762750573
33755,20237.636631572026
11511,16416.72692998511
55759,37936.115054513226
13571,6582.8782598916405
10813,13743.900983959247
97397,15970.300247243747
81532,13323.768609149201
29046,45885.377446400555
21602,22072.071788087997
93044,16301.605756983985
11171,28971.11615669504
30792,14092.353357603588
41135,10933.477329265079
80745,9084.887816252969
82261,14916.365170122504
27282,19863.92614055175
53239,12133.456161750637
95202,21409.707832583867
67583,13768.842034248893
37970,7134.787464555013
21134,10287.797292098312
54816,18954.410062466173
18309,17328.942242231256
65376,8520.469712264525
52054,7233.242697591586
61788,9953.560926721872
84247,9456.741312477534
24635,45472.80466377546
84116,32316.76086477485
67663,9836.108376910644
86699,8270.306506870225
82321,9887.671456860047
52511,9177.798978688832
71821,15665.290274303297
89764,17441.44942815546
19573,6991.70057074439
90017,10420.462936289518
61612,19089.294050674507
43862,17252.610177231232
69003,22373.696241566515
31113,16582.018353516592
34908,2190.4454066184317
28425,6313.075639007377
19539,18807.75707553119
69206,11062.390949862065
29722,21526.75487641389
93293,8650.64636042454
38795,7650.342548278009
64064,10965.21104096744
84586,15877.096204091215
54045,7589.796872175873
49548,13444.884417450594
18356,13472.309000893525
26576,9354.074976409855
84990,25479.794922157416
80604,18605.687461278223
48906,6177.620044145655
12492,19169.755041958397
85505,14681.12092026437
87973,15150.426682506793
10781,14773.576036314915
22650,8879.474494529873
89326,15732.196363250423
76289,22049.791385210803
48054,11305.355846114664
61859,16918.249090363013
75878,55330.58254713323
61320,10235.813895441377
39631,8978.260421687355
17179,19532.356882716056
43687,9711.20632947317
59746,12993.427826771913
30669,26672.174349198198
41298,28329.446411095967
91165,10336.286049185683
14337,19491.231345304117
55519,11028.183108299734
32742,15287.827654416535
39616,20531.287389248584
66675,12170.146087682722
67126,33103.035878182505
46931,18338.842306142986
76082,10225.265980628195
11937,12944.012861316118
68052,14374.813741410695
91926,7492.284515796311
91783,5414.905240011889
96578,10308.866762880534
50125,14825.59380928134
80485,25115.292345021822
28357,7802.128406814476
19700,20835.661234436302
31373,10813.062284659089
20317,74489.74428323902
48971,13648.9546915758
77509,6817.470792667282
70149,10780.673677083314
75206,13938.20530005452
63783,11550.18326959607
62721,3377.5600870137787
98430,14773.64638288418
29418,7780.3185050290485
21084,27783.307985280764
32264,14190.973822870394
79951,18088.108166826623
12917,8751.286751182648
23592,19861.441670957654
65461,16314.989793558161
74172,12470.677304563149
88983,18059.036366775163
62167,17621.287119801113
34642,14393.528471731168
89854,11077.731110781318
95649,8784.575792891887
51271,11155.032515345858
96240,19476.327465595834
52083,8430.578558303298
44865,28953.743163301
65788,14185.193264754942
81882,21708.886645306207
92258,21047.64644946824
39285,10488.17878204169
82345,12801.475308326479
74028,61366.905631756046
23796,7924.244710641191
18357,21577.57063058711
55701,6625.545170339672
91283,8791.428645621687
21736,8282.580599543322
56996,9221.06012368784
64421,14324.069536394347
59458,22657.896213007272
20410,30557.014516474082
63630,9944.920440276128
14030,18195.79958292214
18213,13116.209293638476
35307,10311.128811996776
92651,33916.298352405945
65167,11948.9601178113
22325,13057.856030270075
48958,28641.188030299265
47801,9389.586531041045
13070,9346.608201615949
57571,9913.124045296601
56178,12115.075415940302
87848,16936.994030274178
36372,11172.18547773951
30919,27204.657858121314
55327,28026.94452029341
25754,7312.8296807065
60519,13964.816955003362
73962,15570.332839232875
69177,18700.274963152624
53675,13652.56218614232
48491,12749.522968641159
94665,25279.63526608535
33555,17379.38710510574
78295,10041.481637369034
50275,35087.56494277231
25225,7722.448251048241
41202,15285.624707150742
95861,7641.516857613124
29323,30014.47699333224
18407,25165.123870626045
41941,11900.912078694979
46745,3837.3928308933446
38812,12569.094434771196
65765,16129.280351664791
50636,6514.38179924565
62638,7293.260812587419
69312,8426.68997965224
13101,25620.900578299632
48150,16761.03438337814
66236,22896.0982266196
79427,20353.193018407055
28319,24896.915199800525
98070,11908.735119139095
70866,16112.34036449906
61859,32436.47862671966
20499,8437.083097444178
22976,53720.35901969813
93483,9519.187021335041
64765,11593.91433685257
30752,21198.31609555992
99507,15010.083760863268
79581,6084.765660759285
37650,17217.10344350415
88375,41724.676272867
56644,13059.95919089073
12429,14884.959777568867
12488,14140.436916290902
46423,20484.708442034273
72862,22658.87309465234
38606,25758.713243202597
77722,20823.603415933077
85265,11213.182563098335
82818,12963.497750852443
70756,10482.873259212218
73624,7015.680581534925
44584,8346.498878669661
30137,5823.875260176092
16499,10878.067080616574
28458,22182.200648148908
62539,12282.350008464058
70835,9924.66647548888
22096,9575.489692321476
39248,28077.483733874025
66175,18555.073655227337
24885,13658.65011736417
74439,21198.8054486257
90208,20503.140066242093
66512,15967.831029794435
52294,16872.83931114339
93473,13464.178958594484
41222,86054.08676024523
84270,18197.591200889732
76735,20100.43666765651
92432,3032.963932506793
92242,7403.180797695179
30167,2501.48796813674
82789,30315.1825089035
20813,10236.986991846268
87075,21104.88048620691
29930,15295.489906192202
61645,7083.30933638106
62731,5488.730866776836
23738,17095.976893749437
78249,21088.103088068292
47659,6692.845884279681
35218,14919.20857458389
55038,25048.837170625575
40263,18099.888855277095
69916,6776.505399067886
73351,30410.008996517296
46696,17800.685996831944
19474,13776.704412384775
67519,11001.389100600665
34666,9149.61711841675
51155,10102.77570380444
57350,10617.034666949221
93818,11063.386727469775
11838,13555.822493292659
18717,13322.403167995326
12689,3999.5634043369664
28041,8504.816874471368
51857,18143.467333340985
68182,20769.785839215725
28200,9774.979757963865
61526,6313.486208870225
38166,10771.282363811573
31360,12104.014819326152
21970,10416.831183106311
36615,16328.664161638882
13344,13688.221122067851
92763,12367.890035406821
94050,12434.450645584297
13646,8330.465382222255
11922,10331.612282508564
80419,7406.676046715289
58792,13603.866823559047
10211,31053.374717843522
17297,36629.55142219392
12415,15818.979873454151
43474,8640.690934042897
91451,55797.809596067375
69981,7564.337654143392
44203,7227.392604711744
59570,19567.441803804173
91270,12688.340990070286
61001,10276.452422492837
75962,8505.472267326515
52848,37371.5074941954
55857,17635.732266965806
42911,11976.500760407289
76687,62151.61785346317
71191,27352.778626754152
19897,16763.443970585486
84463,30149.599905356186
70013,13949.748322330672
33773,13586.334632976901
60329,15082.867602195032
19994,5559.864905204691
29201,21569.77670825848
51079,9302.915869279666
51879,30710.629005948893
54723,15136.315380514206
38861,4184.2528433462885
75429,2574.0808856082094
67103,8124.330138983427
78977,10462.810283223655
14156,9850.800882098772
95607,33388.62654823414
38052,11477.818122516153
79920,50444.669367578776
31081,10573.809530787494
85130,25007.808818550704
32641,20276.42664823652
80186,14686.715406560434
86035,14859.393647343693
18220,8616.218388249461
92830,10813.89528497453
59321,22558.442384420006
26641,2406.308503766497
80593,25497.285710286502
85546,20754.992801973458
93456,9276.641967417077
88400,10833.459638924192
75345,8589.294254002412
93531,18920.72800647663
57383,11694.648095114451
12144,16814.989727169417
48373,23283.023585956907
79529,20431.554938241097
92756,9328.962116715351
77029,9394.71833542344
86156,24658.07470647226
80500,13615.22031161133
12373,16645.86812598246
84129,8439.782700210864
65761,10267.533011198995
48145,3518.913829255007
32830,17157.21387443489
72667,29067.903728696456
80582,25826.653914500497
54263,19474.432565955503
62346,13787.594360226572
58324,12868.361612511268
38005,11763.84503679615
89378,9017.318139592677
22615,7158.700819916816
41062,23581.523733648457
17080,16140.860141337313
96696,4504.249202484045
86637,16817.38994558941
26128,38974.72985160981
13152,14317.179707331989
51925,20025.654531781347
58806,11712.087820823155
57414,11660.694194021924
30873,12542.037726343508
17134,23080.79428272559
21995,22283.413351191215
87693,20059.46868864139
81932,13660.539029367208
21879,19887.873354386626
70117,8312.315137236697
26946,24712.03104533217
56658,4491.13515176422
92343,14776.17560247232
47451,18081.861118676396
97123,14994.831669618025
15063,68569.66734451093
96270,22776.81449756148
12370,21913.564853469674
20134,23275.800885872533
70896,20234.70579057338
26268,10193.127533576979
87641,24312.39232249791
49345,16526.6034123665
35444,21475.392467173253
21882,8180.439557728801
98503,9121.410412811752
63157,24583.572879355008
22274,16526.60220716422
45687,12877.723240035
76917,17922.099901468457
51275,7771.220622161911
96795,12130.543820224177
32579,12581.72473388688
42508,9245.63695555728
44712,7104.965230534777
89919,13276.66937183034
71167,9593.972953338776
69240,33788.934430608366
33553,14279.294662964163
30057,12966.343200758636
86754,16170.727550191024
80579,17069.99206215723
51915,22525.17201916636
52139,10634.76214240343
30748,19166.721458646447
49596,24995.464720107462
52906,19157.371042031198
28420,12073.67709007912
22823,13552.728312723852
76269,10640.887664060803
89375,10843.121252047094
68971,15764.38221361944
92097,12363.960522033543
92280,12337.221801378622
70402,24792.414018654876
73685,8839.373060027301
52108,17314.02525705703
48163,11087.330884018216
48639,23908.736988604862
73882,17836.048645052866
71716,17113.872004058016
16236,18377.289828164437
82468,19211.661654633695
85432,5091.132601099991
20410,17911.750369081787
80282,25443.47995879671
23699,15725.252620056273
59050,6754.377336351781
52982,12288.310711357564
57153,22026.43063455801
42841,13661.022012413969
68598,2022.5787030028623
89577,22622.433082486496
58410,14981.851289852944
54024,19603.971774623264
95442,40206.08799326389
42097,23470.758507053553
21845,7858.177867589047
41064,12868.303540954978
68193,46013.63450872419
73994,7223.309583314434
35273,20034.16472396909
38025,19303.945436625152
95369,9150.284253921713
80120,17333.846491956487
96555,2470.417391519468
40731,21154.538275383013
29406,11651.040229619604
13618,19591.993372883742
61752,10438.129260639107
87741,8409.829359825313
48937,10121.563398061764
81235,17532.91194195655
35663,14625.888858061113
99876,38160.704754096085
61006,21039.41312575264
64985,7265.872459099921
29537,22766.60480459244
79023,9274.531612375926
81170,11488.466326417303
44119,19317.140187044788
32286,19602.54450692134
13118,17392.232462776057
84007,22123.357149130476
41556,14288.094834747366
85069,10600.671914792863
26395,3033.366527548542
82774,12750.970252986132
32790,9392.515248373893
16505,19828.13489238823
48692,9945.911095472156
30661,8197.126244440025
69416,10916.652060574948
21633,16842.01721524114
20485,11909.62160352181
34294,10360.592531579927
67250,14056.043878732262
37876,17295.632793356614
54662,22471.193040394406
75108,16075.288653599573
33187,8875.475939614615
18906,8573.910754244458
81750,16958.074218208403
52712,10854.914126314947
28208,8930.702021781206
13959,11675.987075312396
38842,8666.902037374733
41235,15993.387628583052
13933,30672.963207966415
90537,32878.807533396306
93348,4835.886615909018
10508,30001.244273498032
82709,7380.3173635359835
88773,11394.475116616464
24170,14177.772069592083
46839,17010.246221227364
63546,8763.497717315298
61493,8981.302638140598
81953,9329.8553854641
56233,28562.60193957437
26832,7176.933600218339
78740,10518.574583569247
66398,7405.821145615902
70734,8505.281951484316
76800,7497.090877391513
78018,17558.01430698692
55289,8153.830360368038
80219,17773.155476384964
65122,16642.86761472963
98977,14573.39932922419
79365,12169.499248347958
59567,2879.94081420393
66946,15574.158900708608
76242,11608.35459861322
75487,19710.185936083184
97457,34768.178878710154
95989,9233.617943695277
92027,20721.899683096522
19904,6970.510905552133
28135,13661.405347606871
48841,15696.412512521478
21629,14194.985476757705
71664,24157.15866371707
72366,17505.310685497792
20091,15352.451655950019
99817,26948.16334670507
11112,24713.318134923902
31165,14642.960113223764
54115,11213.02845452126
60409,12677.985559746183
49160,10406.825306755378
41353,13133.130577057225
69016,11382.405322039005
82917,14268.072390875941
26141,19608.006225543402
36793,13876.552525608036
75175,8102.482630897282
98459,24841.048998368173
33328,8939.710358840377
28506,10571.018784723403
54153,20016.87100775067
42579,28428.76329702604
36324,27217.060607229803
28298,10330.361023670519
52041,23668.148839426292
69365,21599.901945037396
65136,20154.731384869134
44093,22324.20576955145
18267,14017.861787911374
72314,27869.860723063583
77987,45151.221968472106
47121,11828.390625428008
55772,21691.38914246493
41119,21449.123730615196
44178,11927.286290339232
71906,3676.8712591582007
90467,25182.203312376434
14373,8107.221619112428
92775,18896.169689496342
91263,11075.701666939352
48604,11498.22092424272
96342,11687.51350156714
41548,9861.628407103435
17756,30691.49118016173
57010,6671.884126787834
80975,8644.830056851966
75767,30258.26806094794
50842,35314.094825447304
46645,15133.122472926727
14171,10542.028969793002
58775,5145.266974591277
15029,15543.499237097138
86484,24619.655238917818
71357,18120.100468904388
43545,34055.71375594249
19381,49811.2018676963
22392,16609.98089195244
48515,14708.941947207013
51218,9513.887462749333
21513,24047.082624358656
50549,21357.901382978045
40202,22432.063606831325
55358,8846.13557310159
85598,8838.69085911294
85551,15756.599089404443
75903,32308.79068621174
59595,19608.74269932966
47544,16658.594030410408
18541,28946.34757790032
87753,15986.10008600244
11604,14239.444946878957
43210,23828.509238062918
81446,19921.145987156837
43056,10214.618718737649
21118,15076.95085624082
55500,21758.64668151314
94697,9399.57353597028
33717,8221.28710932625
98291,19711.795846083278
51402,8254.153553410306
54408,8419.723033506614
63096,20335.13191951087
15246,11615.018435763293
63228,12856.890800969306
35753,8960.88873700326
80377,19499.245747167693
57081,8854.455186799181
56475,12263.801109250955
26736,5246.559695945345
42327,17303.763820177403
81133,14839.658380233943
74055,9871.633820846777
55916,16972.255505404002
31647,10422.617191963684
30953,9853.57628024433
31285,8511.900004441308
34820,8363.76482850201
10926,32550.449760429594
21051,28375.426025349538
42857,46781.5923590122
52076,8642.70605275633
32713,20439.68084778151
25230,8865.212228252076
65606,15427.44042320936
78808,12896.1443839226
71608,12421.93389931738
92959,14674.948066802941
24482,15322.163609450354
78163,10795.919610564219
68607,34818.749839099306
83635,7802.490211253973
62506,20747.414633293385
30899,7932.566716498453
63529,11303.561608274913
30967,19555.816580255414
34950,23374.399038982174
94293,20245.632823317905
95039,9116.079701405137
37392,21810.02214897461
84817,17618.4731789985
27222,9977.751659900021
77457,9020.495647287935
22990,30127.731708475254
32443,12792.849605589183
60205,26455.494245571674
97739,16263.698443771003
30856,16081.11616399562
20848,41226.798627952674
20046,12976.213644118781
97728,9669.835856087047
95962,27555.129274745108
93873,7688.120162422136
76532,14524.427434008965
80432,12567.784338562253
31837,27576.22890120538
54885,9629.710089415166
70232,13724.373543929989
72371,19466.779479563957
23414,24844.866830093422
94629,7841.207171223934
11686,29334.61283854955
58519,31778.25440411175
96009,16500.82099370027
26736,9562.432814256408
79289,28217.130527968016
81311,10256.69763536772
88222,15878.688959968298
90075,9474.017463304299
51993,11537.00751628953
12028,14264.342430884904
12434,19668.48588644059
66350,19187.609746583475
43478,12613.053910188099
20688,7309.2435076903
98195,5560.278198429269
47463,13214.451381922507
28515,18254.401590608155
35846,13876.710488920426
81140,9292.739610784123
73899,13931.657158776738
99803,8462.514250092663
35956,15834.9743030049
62465,17226.09615447168
57778,8735.452121857878
37273,11160.45979327193
14770,14987.318997821836
93063,8261.101874589714
81412,8716.500147609666
95074,10563.850310813414
11662,9571.813615741961
14529,15237.666322308969
97520,12983.106187173897
35105,9632.416620157732
81761,30793.40000834635
44746,26432.559533773074
11649,21833.952685247063
60280,26781.848385137215
30084,13322.22378754948
15193,21574.41301473458
90895,17654.21635914414
10207,5299.168180455699
55854,10958.855889810426
42842,12422.944679690965
59334,24024.37486066274
14674,6789.611401589682
42733,12607.613335775375
63919,11516.75346989519
98529,21411.631597624313
58779,11161.288091069287
57704,4160.029764891682
99102,14421.439628729333
43959,10413.155333698345
82128,20196.121687383948
78940,45330.702159966866
22469,7277.242681635338
23120,23424.80605077413
49437,10559.482363611014
32543,17566.26080406934
10944,10839.02460128604
31553,15637.122295101124
62345,50262.92753849244
94371,15914.326210610428
94588,27047.21299436442
97018,25176.876925015426
21225,10960.07912877376
11912,6561.535422902643
41630,13436.77608226886
53517,10185.024432436636
80437,5137.3766596239475
20323,17737.68708101038
79971,13110.03386661616
95098,30286.915758619398
49369,7656.967178344337
15828,8772.403101746137
83622,10262.594160759214
52994,19977.95118396859
74383,16052.082804327021
43436,8655.500999090575
72528,5018.632373635446
20577,10990.021169112075
29731,30693.75076450712
94585,32686.5204007962
16994,32830.84060465432
68783,13885.44410750339
73441,10599.999203292478
48949,22226.84986228554
10657,23460.955825848632
53157,21617.705534647772
74763,14516.60936199549
55416,16738.52284427448
21026,23315.9511005647
82651,28583.89949386991
94286,11063.664369672279
92073,11084.902033165614
57443,33991.3314390996
54677,6623.997056060336
12321,19287.122264508358
60222,29382.830695654586
53714,17709.500662031645
92025,7705.9625171085845
69932,15900.8820507701
20506,12682.389870674477
51914,8726.153701571086
52854,11352.198033989453
58710,11846.05866402647
44257,82384.92969372263
39119,15117.131254093109
67454,17065.241228918956
20745,6779.475038238301
50417,16758.718079979448
12138,10524.04452417721
66419,8558.740649834961
78411,15086.961071813097
80984,22240.342201278792
62475,12957.663973028462
74149,7585.041848396539
44809,10959.031707430317
30931,16987.95747548557
62082,14336.578825301593
19743,18655.96450197971
72785,36433.65417706067
52569,8422.028896883057
45590,27049.787674725514
68367,16004.818727192538
74683,38495.18293758988
60206,11782.972152131744
80957,16599.478411754706
85518,6247.717190982379
83914,13448.380239641909
42778,9444.567172124942
93420,9750.259840685156
44253,22405.22299725772
36154,24416.997307881153
73767,11572.0627137238
67313,6305.43206780863
67548,15693.925928480297
73698,12741.656405009155
48754,7186.608512279769
41766,28052.804561582052
24476,29164.799332699542
99014,9327.608722063975
21712,17736.245572311203
39757,18403.91460848407
74654,6174.94387029616
68890,19579.7109170808
26519,8430.112746629942
97134,7201.6008738990695
10188,41601.953223624165
36910,52981.30516067801
40732,7328.914194513351
40843,17501.26924639972
66915,11521.247155584215
50507,23859.954042231442
97193,14914.421200886973
88024,8768.889792394188
89322,9776.12738985711
83372,42800.07764194137
51844,18625.701896921182
20244,49023.00450893
39644,13460.75423549213
59563,34826.91168602021
11557,31503.239810502477
42645,10884.0075579939
69320,19765.684266766333
77105,16695.534311014737
89662,21484.939301620547
93569,12491.774416111088
76465,13188.341186720716
23466,23715.61565780667
11417,15411.683316457335
20107,10778.243496748473
53330,15017.297433324737
29811,9723.903648980018
97833,8913.997929385318
56399,9744.594061123662
87010,8791.16558628802
66561,13819.317394333344
30283,13569.717779189015
81496,53761.892694404814
59492,11412.356396691226
95348,8481.43954196443
56232,30847.446667125972
70197,7295.812151496453
76025,22222.34622879707
72404,30505.797764183615
38484,19305.919550915052
24096,20010.85602741806
62649,12762.523166052631
22971,12125.747290313579
97241,21972.135138535188
83177,7604.866925407068
11900,11481.710811648993
54715,28903.36565432662
63249,19321.31555161503
85196,14321.240578333702
97666,15897.377981413294
10317,17044.76661635985
49779,7880.61860008025
30168,15668.809222146696
12285,11110.753943333926
21634,23369.99445081348
85989,32285.20682695385
33940,8630.65575450338
54437,18522.596687798145
15798,15774.707749707459
36397,15160.803020418203
24168,25698.402972019932
33318,44372.6245836402
38461,12732.955127291216
81099,9765.264975339658
13838,7646.019292435551
83758,37041.43886645381
89279,15039.765934961606
81932,16873.764283132976
49028,15125.343355698924
27583,19238.88066520322
29451,7861.528400041721
18106,13103.973059123502
43397,18195.79958292214
49071,18629.9490894632
46857,17527.07841854113
46661,20025.88754089106
78443,12182.49666930483
68562,11389.615599997072
72800,9163.836976445078
85694,18393.745117969873
39640,10638.790228201793
21103,17055.25900395372
38793,10780.936790511725
40878,12351.194573386423
58596,13217.666245703853
58944,26441.56635918631
50602,22186.649257612306
86314,11259.758527047255
96381,30867.31495121335
72985,9081.073517058143
71596,19226.482520134494
10767,14884.404267028369
95640,15529.64554414642
51520,27611.137133421078
39831,17985.347334596823
69423,11069.002255182837
14357,21041.498648860157
36035,8819.899247383737
55855,49120.67182413537
36855,8107.772512453834
31653,6410.808586852474
45257,11956.934243853888
32919,8169.923252879791
83750,8433.148062132623
48370,14715.503491528816
12718,14771.352379316611
98256,13567.874808857987
95549,12727.373883761127
15738,10485.768478946078
65479,12941.72104053031
24764,21674.21023445209
88473,13879.516651048174
45814,8778.912280064345
28661,26601.490841988238
51113,24403.3425773805
36356,13369.383771852205
67981,10454.941565073867
92254,7528.956790411836
18738,12966.986406855625
47550,12002.09618233009
72291,20681.41417689378
52800,13009.53639664306
72681,9411.293895095878
61804,12042.188395089008
75721,12815.204289529363
28199,47348.25968719134
66543,7015.878789473512
56378,13504.879195407233
48046,18902.59732984272
84611,14064.282303291504
25236,11366.650564761105
26515,43870.53152046256
92668,22726.909618139984
91704,23683.92144955112
81959,27073.067211807313
42851,17969.28544871031
18451,13720.13454571963
78527,8367.285266966795
28532,7617.220425915757
30521,11887.26776824689
12932,19138.12701058846
85817,19751.51831488658
76181,25591.0877814073
17824,14836.430153435746
20594,14149.858459479892
96888,7560.687825610403
83250,7916.657758531368
58077,45046.45569069955
11908,9730.746967557603
65642,17692.31947632658
13966,23631.368555569596
13364,7633.643505107126
92054,11382.712388323507
12458,18964.527598481593
21393,31300.468234349606
77424,25923.769260343433
67018,9171.439757481214
52247,10613.547931390363
52825,21791.99964973591
47509,11907.955296119464
29924,10639.634712086372
36074,30929.48551540025
54945,14907.605671537442
41685,10784.264106962157
34326,9419.330821035113
78209,15734.939245623402
84515,28509.912796709334
18846,22881.08760636802
29670,26710.654358572967
71497,9580.311873965296
34333,14700.501665488584
72243,23052.426345936
52367,7075.385667205077
64391,9773.328870485375
56922,13038.204069946263
85024,11609.712814743245
10464,9010.766096895186
86158,26875.917406163593
49763,8479.540528257683
20707,7422.552691007484
77538,12266.897175463775
41649,22077.44518401868
76744,8916.73136487147
95990,14179.685541876292
40958,14760.950695424044
52318,28205.309860622776
92757,20932.03882970754
59898,21750.592764860405
68106,14047.826931889553
28817,10940.773895361523
77236,10022.831009406127
93471,16357.456984935297
78003,15779.870456637347
34147,2714.6672399123454
36664,10111.959186302201
33285,53512.34969206677
63406,9372.500836881853
65558,12464.631611693236
59803,7153.263990532258
34699,14799.94428189373
42568,18346.604792505506
89413,11933.501061920128
37160,11266.392392252743
52446,15981.35868703366
17817,8618.353425668676
92231,16028.429417342555
10199,7308.012365150689
84659,7935.163235899696
86420,13671.12032776628
29569,19479.525366534755
82333,9527.52131108879
39913,10193.603657076339
73794,20325.45401390604
50051,18931.780754915675
40083,6035.333207776637
74866,7186.695553179536
72287,16472.005804148775
38360,17681.261165306452
64317,19958.350885089832
77795,19128.299633133745
38847,15941.054321417192
57830,7690.128615532523
20145,10190.71310169231
68019,7318.202172116058
84380,18661.28240170338
51484,10732.851024103504
73604,24933.061539891118
94320,7705.474804944655
76144,37999.704051318695
15864,8642.952457286554
64508,27084.96794331321
78513,10018.551104711889
10772,14286.317715961599
96993,5203.899947632701
60204,7371.224690943782
64892,7259.352109840685
61221,7629.8257558890455
66825,34116.82629457365
40906,27577.883827429003
89950,21634.779186831
10608,17399.808540521306
81670,5623.915011901307
44635,18098.074968823592
27415,14149.82718594963
13329,12749.604181476569
57456,9874.400306518819
74562,6640.3628251557475
23104,16699.69549052812
91437,15621.867929698026
27640,16005.630313069512
15956,11902.073611643813
32415,17667.780637013348
19447,15314.463724457875
88187,9604.40786452222
41933,55016.14218589748
75961,13536.40777764806
73932,11123.485865758827
51352,17715.685389538543
96680,8690.66134919954
21921,12398.340345964487
41707,11381.228311738574
44149,11526.561975252196
16024,12182.977480679558
47115,8256.856497653962
50558,13152.211374411303
27850,24163.26843455979
40295,6883.109484347337
10907,9272.89188482238
98272,68161.25698407783
55235,24414.811305818912
83561,21452.73159300944
46775,10742.089203063717
17294,14015.49722802593
44324,10885.331805227925
94368,12003.938613639577
66628,25991.060426692115
93898,10368.900925986281
64425,26298.740293587212
53426,13218.48168780407
97659,9123.805706810195
77725,10325.32949671661
38184,32570.601520967935
41253,26882.188734446754
67369,8090.4751454154975
78834,29061.688885704512
82291,10353.33483599366
66207,12923.686239285253
62814,14764.7210500601
81017,27177.955452301594
11951,9842.0381555674
91730,8179.669284002946
59909,16772.947577577546
58319,9666.819219805904
70231,16394.863807290287
27538,11245.473280952487
70642,20873.536346355235
58735,23599.95391447295
38096,12426.16649466101
25622,6550.757349991689
92343,11312.997564995392
64226,10489.829083154673
92554,6453.638057568134
10281,9130.434967228593
68580,9163.055535098461
61875,9574.432974356143
60734,17826.911312071148
26691,9169.59889408174
57010,11277.396194077293
83068,20415.443116115537
59116,19590.76304885684
98979,21107.13701636497
86346,27083.39380632612
11318,30252.576271696867
43203,24582.727289770773
80857,27435.774925270736
13573,9013.074002245183
71513,17848.659330919178
45324,9950.539779073106
67654,21327.855309647555
54725,9447.850838023105
46130,21924.4241889364
67448,15263.625597833789
57736,10163.008123503996
44133,10292.299800342229
12198,56099.27255297969
10321,19578.60677042955
91202,14824.14831454696
96921,6178.848565569428
40024,9725.623681835028
72272,8258.028456041833
25636,11478.08815712102
25855,14317.380880290099
66680,8308.460120934009
80102,24019.90710078778
66819,16503.834051858135
13014,15840.807015398022
82903,9197.221170383978
27399,9993.088068156103
44822,29087.023944448083
73303,33538.14859627285
91836,17468.49738116089
30726,5908.900879708837
32486,22008.788275815066
99400,27498.422769105877
57623,23437.117500741504
24281,19613.33392514062
42353,13837.11716794756
55249,13491.148120126956
11287,10723.682068620003
43336,7195.637506643665
67060,29181.56470591417
11026,7940.94681284531
96767,24142.776537504345
27198,15479.846198266692
63755,8457.168345685506
45030,13794.359543331797
53058,14468.17945917524
11297,16274.977553154722
54339,17183.686244826797
70535,49972.98666749503
69624,31720.53514079703
76503,25677.705573319312
85139,17784.888948049495
70183,8641.644895218458
52018,10255.240734339819
90437,16811.280259166004
75074,12332.690827579194
82112,9981.197432668276
93169,23449.40751337268
86760,19406.13430498324
82762,10315.032608121823
92834,12328.31848166699
25763,16736.02123885329
28832,12886.168597774376
27353,16737.830254445165
51672,8439.161910656543
38237,9673.58606792252
35179,15020.743216365117
43775,8612.315441177696
63845,13433.369404565456
96563,30396.230027729107
54962,30324.09928192901
19938,14450.881927003176
92120,19393.510291572406
61823,10683.61019479552
63736,9357.284551511055
16051,9119.257346998218
79971,51204.67252215067
85037,12155.677523285376
74156,10257.339922422505
34291,10561.860829128229
57901,11029.92886585866
53157,9809.371056184526
13079,9685.684626681916
61494,8426.682477560329
37743,14680.738184941372
17974,21089.46762636052
92541,53328.942380468194
89606,25424.11484078832
13269,15555.177973707936
19164,21878.476726476903
24936,7330.388406264903
59759,19319.39212285728
39808,29087.35103650749
80421,68792.78016478861
19577,5944.421598010711
30623,46584.48721222967
44196,22793.765339646096
32304,7408.706951602784
61101,8466.027049925593
67909,27136.755937478378
93168,21969.652475630213
69010,9173.478231514557
67837,9863.111655044591
76521,6715.39051310186
55240,18312.378901589414
18022,6604.990698691407
95888,10357.44856035261
40125,7648.119035634481
81568,12522.610038650515
76355,16430.152917133284
59631,12343.949006472532
96341,11191.619834494846
85586,10106.688319090503
73313,9264.826898959498
26765,48850.91886358678
16435,14784.373325506547
52124,10789.233279535794
81243,20941.29188642929
32644,3822.532994130681
54138,24457.733424151113
73851,10116.161023978744
83471,7736.032884690745
61762,10176.463578117779
71998,9578.892690548366
42593,6687.7470144707095
25426,13480.66132698962
68791,25030.312621360106
78760,12961.736315818205
89861,4507.434970154414
64596,20223.605080542366
89716,8002.686870601565
27232,20059.584727877947
39942,11818.808164256061
63984,16650.926076479376
43779,23049.76949316558
49281,8835.968548434656
25009,9891.533635219763
25011,9920.202255355765
46791,24150.2835127741
38554,13947.448088479654
33587,12223.784772740668
12916,9891.54729454314
52829,13489.905702095195
54399,23221.218890283482
83919,17067.751480531006
33920,21577.06028759032
50033,19482.17378330841
59281,14436.250844640272
60871,9028.446885292173
31161,17467.722517429414
75457,16259.21972930918
61908,24819.992282448762
23938,26092.01787873946
54876,19218.611895013724
72708,21839.105159639734
32924,9982.602583150352
98799,16020.327938709339
27263,15350.354874922681
87017,8258.723992911733
83419,11608.77596993345
19520,21894.900706824148
45173,22521.132796084792
21153,12710.299747633926
90281,16086.5386403782
15340,18812.52621409892
75005,11213.340701959514
45423,36001.18908592676
51259,20749.868886658856
35817,25482.830849718343
84365,6780.552514642262
82663,53355.4949923511
15609,21376.294411919385
84146,15329.67493754261
24444,8855.147801940984
88761,17130.33766442675
21734,8164.709146268837
55887,27840.140109695152
93338,13870.195025928046
74741,10235.863326119033
55062,21743.732403735412
31696,21642.04771790821
42761,14885.619664836539
55590,32552.72431013098
86313,26458.151860747246
93741,9894.363497822578
32012,9385.600494985352
91842,15072.978395253713
16519,11259.522057364968
26929,17475.54332783622
86593,29686.54012896753
31331,5782.360900382651
12798,18143.438607124877
58453,42462.24613544952
95971,22694.282569999945
59636,41841.85455375895
87383,16790.450740692548
14442,28265.09210499932
31205,12917.08065265005
62884,18890.50231234941
52207,24190.25122642109
48181,7887.899163822558
17447,16602.643291126922
39672,30493.231236821677
48782,17288.80390668302
63164,31030.06079604627
42252,25985.806724721762
21187,19252.390706296886
29499,8573.686749870447
67590,21869.429574869893
18524,7870.048984714744
34749,16031.147464091591
39802,16784.180761438747
58253,17534.56652014232
87657,10668.531397382721
49054,37027.14716036563
36829,17671.490338063075
54369,13183.655783806353
96555,12884.89476474711
83130,16813.28847399814
49187,12505.336121061464
18396,7855.640217645156
10039,13058.665608888672
27768,30568.171740878854
62759,21170.96842226963
76768,7812.447117808617
16966,59684.13492958103
29822,32488.334944439644
29972,11407.607011428147
28100,21067.35899280577
64278,12908.65847109889
28494,11432.476451342947
16833,19745.316869610517
29738,22136.820935030417
56077,11886.636637545127
21196,12322.680528090601
59677,29942.666964551077
48975,19495.965638193997
17255,13962.204197042514
93498,21603.201211624066
27730,12031.038989154735
35990,16241.837642288236
36676,14414.911027032438
35381,14020.784797116794
20833,17445.675561498927
11630,13473.2922099633
15657,17586.377708939184
83701,6213.800455202911
27262,19742.886729363832
78102,11760.636068141112
71894,12579.865585903366
24768,23627.198270970606
63607,17918.604970315948
35427,20833.464860966575
17360,13622.177894986009
48122,12758.348846371944
59604,13315.65904535237
60442,8040.311831530475
88908,8646.818568634611
81446,9199.769759605386
29067,31414.90666894825
65109,25117.97334680199
70010,14153.463303683166
96004,11678.619716054085
24869,11204.78198014652
93229,20406.562008084056
72121,7532.207763100272
72114,9807.416376253072
63457,26126.455992508014
68073,13844.753806559876
73801,19912.15279247402
55742,28885.97631959951
76715,10617.464534397262
62532,12122.752018255713
90035,9336.680329036735
38336,49962.605633424
94735,21113.734995551436
51763,23006.413440406443
53217,19624.15079993421
55645,19258.854033701977
35755,16015.492821295766
28287,32590.654928124517
38952,8728.106858390314
12281,11704.176265158963
14007,9264.691382118293
31489,29236.06006059976
26658,8643.544417078236
78078,9123.653033110073
20266,17330.463432626428
19192,11268.843297569863
28073,26722.625067647732
48819,22541.81878346984
13999,9542.379115259148
46340,45603.13453895481
88201,12625.66531295516
18860,17716.0559937598
89338,22348.25939104213
35518,9736.557585195344
31461,15484.096234875557
88508,47622.75715292779
23755,10267.414278471912
72473,15546.984500234981
70545,12318.669667362905
37053,7438.347832275564
91720,10288.61781327608
19252,29140.85004338436
51762,56809.57180732656
20502,3761.4649442364243
67594,44290.6687873545
22984,9886.261095394239
39950,16542.187228454663
63769,13092.3668168692
70445,14275.526963797736
41843,22586.978937214262
95589,14822.946711992929
16665,13783.538718226611
40200,42066.093425773026
60994,10527.899754378443
32221,13034.934245430048
79111,13389.576875915021
70570,13537.624369287743
47030,16334.69335605275
92282,30267.357290396103
90350,11933.10250628267
93959,9548.62077269375
12795,47719.400303768474
90327,16213.071604367326
36843,22077.422653147154
21848,9458.157893307378
49295,9511.548306745302
41588,9259.699614287263
38451,18134.748612163923
77460,7143.508568552439
72085,17003.224119286057
79114,19563.254103732797
77694,17812.152638191634
22423,10235.890682374622
91603,10042.980810188832
87221,24797.149971522096
96610,26298.559241672236
11230,14750.551614588396
55103,26822.547643471582
31395,14092.486982527611
15354,15454.177571932103
28317,14926.571194332226
53687,9864.861030809703
61474,32589.97518108957
62689,11429.966176597398
69231,8243.940953582423
74442,20676.25280717378
68046,17519.565248371076
90144,11644.316925331928
37838,16744.865622460744
16365,11815.370212825102
58421,23367.92947644485
84302,10082.321534211147
45969,7530.418577095161
67397,7548.6902757133175
88606,9383.89994393468
58251,11255.770115841166
34101,18198.3161276876
56404,9038.769024412566
38689,10451.499810165044
94327,21709.890956323095
74086,15119.389043937284
70843,12534.529398033199
57532,37205.91077035329
26476,17386.977648529202
27824,17982.522221712767
81548,24458.522090022045
34130,30063.38835179958
89555,16970.556323327433
93413,16590.428027661703
14914,20942.203804893776
75558,16481.926255335275
21819,22410.41129122224
44408,7892.8760703164135
81003,10491.320140512551
54305,5905.4471551390925
89865,35083.07113459593
39146,16169.285128731583
10178,19098.275524152126
55534,29576.076097703397
99725,10712.453891197107
23217,9264.691382118293
81787,9594.841305625392
69091,16433.590836912077
80632,18276.95792931691
41135,10369.92792375791
22950,9688.618608972554
62492,11313.038242862825
26678,7635.401905755545
63937,12000.566164412161
64562,6042.759824381234
84249,17510.04583323922
31670,7868.694147514272
33499,38374.91388698974
66662,11245.079478992317
72621,16300.184306997196
26546,18374.038565163442
80191,9205.499940949227
10148,20532.937152341907
19741,17783.551622115177
43213,11754.998853718522
91729,10249.864972576794
72274,10545.199871068216
96964,26802.076499527164
77962,25097.177989768086
85772,12115.075415940302
36848,16293.914481733094
73732,14977.655165441463
85295,5463.618194814007
14213,10370.006524992226
87921,15420.275562192048
99659,13393.178851439812
88254,8780.125045426597
67729,10139.61571606011
28438,23074.88606597564
20363,17073.57217230979
12150,10671.957302046265
39791,27474.183285676314
56455,8645.10559694929
79955,26092.494605206077
48605,38207.1003126252
94079,30618.018061825343
64407,18799.60205064909
73432,10983.985895983838
62555,9309.01849731754
92534,7278.523878491682
56200,14197.947918261383
46476,9085.375212770774
74961,9209.852527996458
49704,6582.399709586331
44740,9891.899716986685
73744,19999.04426131266
44317,16586.998037011912
64687,7741.833197270596
54407,21161.56295626086
42777,9723.843398582907
59290,7976.3880542994775
22298,26210.721529485847
37938,7278.75882377744
74851,10914.27523692513
23305,18000.98403551708
82049,21507.905256660495
64351,12784.529239749607
44770,11338.623195435102
83294,13974.151867577888
10723,15762.917190178476
59813,8547.938418485639
44452,8445.86084571574
24391,29967.402776929128
32127,11524.327460283625
68611,9490.85986894851
78457,10656.089086949003
25762,21118.247214467214
19785,9241.771138295519
44125,28837.33572062359
79504,13713.742780401275
72270,11002.89612262179
49283,26592.03917309648
65953,12595.343310701253
76068,47900.838557488445
98507,5876.114596556987
42358,11031.4887493852
91404,13960.25975454152
10259,11048.247743561773
10384,18481.466162154957
35264,16267.627199386841
56302,20203.77919101431
97511,12463.427969080838
16338,29102.563976791687
44568,11563.214956923743
31041,18315.440114229576
88586,26017.74280410829
12741,12456.882517994261
60833,11983.081712843974
62370,5123.685208654528
51196,16019.432138618582
46976,12882.936584780315
89241,10070.208319647025
89955,28229.445312384116
39833,26704.47918042701
24072,9927.29077199089
36646,15510.870458693145
71158,23110.99221984842
61346,10368.92728529748
35393,5882.145783474523
70590,11337.966459563762
55689,10145.975681859567
81332,18131.442231164303
38404,20809.032593573975
60031,25285.198406781325
49553,11181.20317318653
25158,12935.957496283057
10185,10334.7443154164
33806,11617.308539184942
48285,11106.644186484562
98269,26430.130593678914
51756,14697.975207559264
46805,7293.260812587419
27859,26759.22410000163
20678,10686.22382691894
26274,10140.593330298405
79009,10525.426437624035
18609,11232.103185389871
25419,14318.361993040988
51187,10477.755668575588
41161,22810.62869305552
44109,5611.934958967935
65183,25602.63857823005
44963,13287.326704830368
11347,16858.491234638976
42950,10738.53307480571
91877,17326.620199759385
17921,8527.438266804853
50662,15854.425976485127
34165,20038.270977765165
15362,21606.469230216833
52975,8015.073985365378
14097,15854.406709014476
53051,13723.784452213691
55394,6125.4277305093765
33682,14855.170324769464
92621,11083.704238591708
54387,24466.043877467342
83881,8956.185709593878
96728,14425.479391330418
55340,5233.959706268339
24776,17852.749953951017
94924,15593.872491169484
71560,3141.7072519541525
10977,11512.38802209295
86933,14963.545655535749
52174,23916.56185606469
83844,13075.413802087542
96953,8989.086035281824
34606,11371.560397298266
83547,27973.560595642193
52718,8726.153701571086
33415,11344.14531514021
91292,17170.463782104183
97126,11886.996674851647
71882,12466.378396279773
64493,11444.17519714332
23901,12811.16372045613
70222,8427.783395940536
24366,12782.49122754925
87058,21630.183484865247
40255,10931.728873053311
73535,15163.481811895781
33217,18722.307388960875
35549,20404.34848132693
19282,19569.352057116954
41257,5791.16341231908
80169,10555.893540039222
86334,9417.692752732655
15896,33310.03974433839
86963,27315.1635072256
32167,18796.797490009114
99862,20723.001160851138
71357,17006.932984015417
67217,15122.458580748085
38430,43776.332517002316
14588,17291.383799418712
82419,21331.057551117345
74531,28295.522801104235
72902,10377.865488746851
65192,20576.011150549108
28188,10976.690531579006
27631,7853.623407810019
87113,15596.44889026142
91079,18818.318701370892
70964,12321.440492893464
74253,12868.392463559761
30387,20729.679240875055
39889,14212.781320112334
10782,12850.970104334841
45190,2262.695370496718
53742,19180.453287099685
56166,9025.753004036855
90813,15125.858940251866
57806,9362.359539473659
85414,7103.299373619366
94324,33731.584787985164
86309,21026.035706515733
97267,13561.4723000075
97145,26187.107025916142
75950,14715.503491528816
62639,10289.508679087085
97822,16689.16658659122
80962,24310.45397729773
72940,25061.841001604538
31157,28522.62482541122
39475,13303.562863224724
90763,18260.14456216722
74412,29624.725282990992
97356,17739.010619568522
98703,15818.992378839266
31513,16634.098497787392
44864,21697.73023184021
63925,4438.471608908107
41684,11018.784606500563
20924,7725.675352691551
77894,14356.113202577395
32453,10803.722206701324
88560,9983.64175997383
60104,8695.674718263452
46925,12945.465412106354
59670,25361.03119592967
67425,29902.366218706615
42767,9125.642873784349
22015,59234.39355503188
43095,10539.085608924728
63524,15404.523212060478
44319,11071.505184010743
78516,20044.503833089242
94507,9400.29785447672
93809,22120.038648910548
80317,12865.201682917681
93556,6438.79308716728
23845,15501.126543646995
48534,11389.18999984685
84232,13187.083944968836
47396,20780.46305461305
59746,9694.737183864538
67948,8693.244154531552
17424,10016.359588884412
59779,22413.82134677205
77417,12229.395237965811
99866,10865.62129052963
31940,11315.314093151599
25628,22249.178132512698
45625,22954.668693689044
86803,29484.97550119336
96672,21544.90747252213
66088,11665.713743663597
76074,13867.788703076374
80052,8675.147895697324
66977,17074.323669716898
19536,9691.128154893671
98195,40745.228371210615
96873,6350.482620230876
69909,39405.08790202027
17876,11652.772719921108
16255,49991.484388680234
78613,6980.462093413174
29448,10490.304010829153
78790,7684.64800383599
61133,13692.335115235
30963,13744.13984272235
39076,6197.508311413292
23384,10436.083375902697
66757,7188.839836806896
19585,34523.3115610372
87531,8750.349293460182
53129,21515.440236267455
49762,28279.42469988008
66317,13149.50940433144
89026,13290.48497979215
63702,27685.609595203554
77369,16040.852429634417
19710,9588.743658042644
96631,7568.122437508047
16790,10082.07860812118
80793,11518.294894197294
72209,11835.376002353765
39947,9698.371318877525
82711,21786.79288463298
64241,9235.356131266106
45922,13827.144664363219
75501,16059.055757864378
45925,27064.562841349456
90387,11396.109006387498
30100,19975.979775180902
92993,29277.549857163358
50970,10829.422651126286
77247,13940.56342425978
26541,9192.2048933347
79551,13605.352745573553
89187,20610.86275289018
49415,13496.385882769324
89419,19109.60083589571
41255,35265.688311041726
79420,20202.405669618358
40749,11113.795597221037
86017,5375.636834298359
45884,24037.832312281596
75351,14327.406258686617
97930,15413.156498048338
48870,23312.43046828068
84761,10044.236867611733
38571,17777.59848493109
15305,9673.979077421624
83670,14502.71011691543
79066,16201.530780462599
11016,7045.827702625682
72641,5624.523258467581
54383,20252.5983926852
37644,18914.956549858383
47044,15719.621605426206
53188,12737.238661828726
11424,17623.010166745025
95076,28204.84105477011
64251,41516.07238799367
21751,17375.887611644604
41036,12863.64902469271
18903,31020.060628862557
82377,6631.533551034889
44875,13380.45736084539
43585,34940.34129350049
88458,13432.543106166342
94784,11313.885099363102
68225,12861.047193840051
64959,8954.310643082978
44846,14458.208141694999
11113,8369.421466868354
99292,8764.45097983801
56468,31437.81778184737
14437,18494.170613021604
38547,4913.368510303142
33347,14064.778984045988
21237,14679.723521673164
60785,11214.989231283571
49875,18216.24603881012
82937,8750.874593263808
14502,17131.977741476712
74282,10294.706497618863
56801,26328.69978353546
30143,11717.227432758893
28694,18788.770369018715
32697,26622.54766201869
10921,18140.97835069235
79062,17977.453737251606
56485,6561.514095491924
77141,19572.457387693335
84299,21973.0152888776
47467,18984.963315167646
20911,8622.501395311258
95574,6660.475155748167
32053,6841.915163058542
25635,60421.85657895889
66811,5480.452513681177
53321,10516.03904621636
28425,9381.969374144002
91573,9473.408343170027
28968,11871.470047691348
87718,17574.53558645416
35255,15485.191951951345
22117,16945.89861678769
64901,12436.488527906738
70202,7957.7534642839055
23930,10384.088619789836
49334,25015.082675633334
30157,16601.461396479343
96948,28972.795691297822
46935,28539.206995120723
69021,8687.925880255036
73586,9062.750594390474
13563,15524.37535230763
64130,16976.044551228246
86773,30858.101956157432
48837,10360.592531579927
98756,10598.090188919174
28005,24944.27496279064
81786,13139.732674199238
93475,10925.269893252476
34966,16503.759626580548
40096,10353.090100341538
40374,15067.290885858998
12824,36118.65148190402
81430,17998.765153620574
61134,8691.029816747508
56143,9809.891170408519
18740,6423.843493510185
59696,9150.524586933094
54534,15341.667061508351
86187,20285.342183371904
82885,30543.49349879512
65100,11425.251857215117
14284,34749.22485029307
96205,8512.39344870851
85226,20654.695992691704
46883,5586.730278542847
30821,54534.08293153251
19888,5639.176377635471
22720,9281.335620671553
67515,17051.049525813018
51493,15006.493691595235
31101,26205.04847652798
56716,13670.0358907603
73604,24083.484929250408
42502,7933.278078922713
55136,19338.60737808815
62388,10863.152303509414
60659,48085.26203003192
84197,12257.948640219007
90664,13789.803492207386
98409,14170.221277115426
37385,17540.294427445893
93873,25449.45682643681
64437,8500.5785252738
16603,18234.903626960888
77825,35761.98268657252
17729,8906.870737043124
12111,17189.78101798378
78955,10483.777069050662
37331,20199.19017207848
45444,8532.735676950037
14173,10252.836021883475
37808,18497.635326404175
38304,24582.396107218367
34776,27525.59329180658
96533,27075.763842817134
58386,18792.555883352856
16390,3650.754318985204
55510,12097.044842908985
20611,10040.176463331401
93659,11142.135207718362
28397,7976.565018717143
71891,9550.670920862212
63065,9857.493717420548
14474,16296.758846737654
32379,35777.604283615234
51809,5178.164133139748
65135,19092.376741086395
51127,12160.899106737392
13799,13999.954919912014
37701,10034.186131832334
75104,10696.531087998292
29059,10113.935741497455
64581,41142.051280011336
92212,12295.017568610452
66204,30679.38301618626
46481,26230.327724128023
81173,26117.933362100874
61841,17150.68462326992
34747,13436.814376643935
31282,10253.00696488639
34896,22875.227351633614
25064,13332.482762550291
92797,5666.519128942531
68324,6169.003100880158
51270,14260.614081183008
87633,26560.517598303195
12713,13154.000457179063
29958,9809.891170408519
89556,22099.913457016788
69905,14611.645331668919
38125,27845.32042533178
25142,9239.300181173341
93034,7089.140015154075
19193,25359.091101713362
12379,22972.76894278192
21185,10901.73115099372
28136,11044.476711337033
69895,56881.56181750921
54895,39556.467764465095
72911,27888.711948059245
91403,8957.16502331488
98904,12255.955198178815
33166,10231.443215032356
54033,7582.149869192197
13092,21403.44380116667
71426,14278.490889358722
47192,23334.966781782376
89943,25235.9440816875
63509,23796.18762845917
49691,7901.612137968919
14175,9880.648525602131
54756,9521.282978364132
65461,7420.843821825507
38186,15015.928222644805
98835,15075.54318564613
18821,10508.07610633127
70629,7222.444261029641
97880,16355.438554646478
66696,9966.616065905324
55326,7134.951477594061
37022,20223.173043865314
81573,27644.33986886155
73585,8393.029313811627
92942,6664.661546252835
65912,17391.92985258247
42275,24256.859444572234
63856,7474.836361236763
18872,10984.342255092659
26107,7742.767767832451
76830,19297.22284485953
17775,8835.07259516355
96622,12630.249545082279
74932,13953.072341880232
74590,11449.96724804643
38836,6341.738346227252
24417,23276.68966767726
14665,18943.666327005914
67303,53168.1537507483
70387,9998.88290505662
95066,24672.984009075008
50223,26937.87075205014
28099,53080.78042944864
18532,27005.688519911484
89072,10962.25621271789
88669,13764.109364760796
64212,15324.15818282679
12101,17604.349268589995
61189,13848.250945263178
25734,11132.402304585066
36563,17762.154626244563
69359,33917.52243356503
23412,15592.517866782831
87766,10697.808073184104
57509,5349.529540385847
64527,19933.56128504216
55903,22651.6089485899
71450,6579.460797124577
38885,15025.877334707242
59218,14765.391813135691
11102,20854.877821248603
62280,20027.745605522603
38258,8873.423399217758
74309,13789.803492207386
71897,8347.708911673342
15741,7285.060534739319
74175,10673.95827811601
40733,24619.011754102787
62097,13258.381081809253
59626,8198.753583122781
77355,13134.752659629854
96688,17875.98529789562
16218,7894.68786467744
38092,16886.15931778207
28900,25317.382133680392
50994,14528.402999564478
31394,10243.195804059069
54720,8735.729221433397
28224,13046.568050721526
87883,16328.52269197057
52181,28074.533514501894
98186,10105.620451810812
62333,12785.888511025252
96453,11232.461701007574
68793,15094.81183471945
24594,24279.790363516593
43889,13296.303167644335
65536,14731.329880892703
59000,21230.84031276436
77375,19949.717764739104
88153,19353.149711061484
66629,21678.732025176512
59970,18141.860023063575
63069,20448.587731600976
30241,7395.004658955326
33279,9071.480804515542
85214,8088.958021871511
25215,7479.959404082787
17849,24805.135319699315
58727,23408.27232054902
67608,23724.750056630764
38104,15695.911144481095
90265,23217.778893941104
20559,11638.362790045136
71502,27043.90870166214
49287,48340.709568041595
15342,12973.937736970654
49484,16242.839796993214
15789,29020.107072845334
58949,13567.611882461937
13588,18979.010935760896
37762,15279.483293427758
10575,16441.527799586536
26671,19008.680327603222
59625,18388.020947264326
82306,10339.91463344674
36362,15346.39264628854
63231,20419.792250866034
29100,45189.397394890635
95277,13625.059955576598
80593,12175.126588376294
18386,3017.1302785213284
14885,33698.70310895043
17794,25805.881821650953
21012,19007.09611144397
61686,15371.383096088532
24051,13362.502201279838
25950,21413.775187253123
71827,9041.588562564099
77683,12257.993359676186
13956,15839.671985646884
28157,21905.797468615303
79046,10548.531221234887
26209,13144.25785743113
10443,18759.48056475098
29990,7000.8182930008825
43241,10613.145578513044
24967,21107.07490911363
55049,10779.613739839668
96426,9899.960424314653
49617,15639.490705372318
32705,2666.9104182496903
79132,30911.32573714735
87303,15163.337718271838
96871,26053.369753926178
35952,12569.383116033676
55635,14647.910830912382
39419,15034.285670063458
84161,10118.603202392642
67745,9655.167689413993
48505,26931.534058170953
94557,11435.573439950318
38038,20203.459324263004
44203,21430.112688802288
99565,13500.882382946429
15783,12353.26907042689
24542,7136.391806043634
40308,8895.733566116018
50663,9566.61546942067
49855,30676.776698739784
67482,17852.598410745133
59693,17943.2945943549
42995,22122.760723752046
95530,24631.850148670594
61444,16239.928959044819
24386,15274.884598466633
14866,9567.806718645275
47917,10147.941015987719
45087,17332.17238645604
99364,11389.784718284955
96510,20705.81878597895
92751,16815.82272028694
99102,19855.46228438691
82278,10843.29154808712
46538,13549.10493688129
62440,50262.92753849244
47287,25748.153597631157
49606,18538.16788890267
51695,18527.316174436648
32282,14168.896654883292
46275,7757.563608730561
18452,19892.327777183636
39043,8754.237907320143
48197,6806.710858142542
81137,10612.502378104233
42768,18274.955757191376
64947,15974.390858257515
22371,15619.953232466123
63110,5585.527238879056
99227,17468.53701653994
20017,10339.883684422946
88134,8940.943538993564
81337,24032.28167800494
15671,13861.783434433586
77231,4868.619108442559
58605,53081.692703832065
40278,19003.549879434293
71800,16264.19619693106
79688,14939.009273306727
37929,14722.915452997526
86837,12394.89017246964
67557,10361.536053717711
91133,21981.66470866941
15066,19931.567096516104
59344,9342.95336745383
99335,6122.928451907475
64251,27143.79502005791
59447,14563.015052795612
36118,8737.537185041056
59786,20147.943290736814
44328,8254.43798888503
73938,9048.755023568332
80496,18132.19013001262
98987,20818.621997260943
59812,9372.994808536196
63408,7316.626830355208
86554,10574.658190927521
78496,18668.292619144362
80493,9331.87084823817
81919,16816.126121984988
38672,5975.868747178201
89695,20749.83916395826
63173,8587.396586795938
77184,9894.158356190448
72315,15101.50979401113
84872,10575.322884455467
58010,27621.12535312756
59303,4159.780987281758
64310,15404.642230844876
22289,33034.00320015571
13897,30313.745768668323
27938,20214.67964606341
31530,6973.7268250203615
57358,14647.054749448587
37706,25107.69276475458
30466,19048.305323793134
89973,13075.413802087542
79440,20701.835681421802
92153,19293.00407853008
30649,7714.393737429777
16839,8454.162469157889
68164,10621.204263949816
88534,7391.947983698941
67263,10132.463062776313
96140,12701.316258818799
97471,8646.341763178025
98851,3874.4305442814402
16392,30721.734161458073
91596,10191.189586859822
49338,21036.01550215524
14706,11245.079478992317
33144,15042.644112057775
53367,17251.079370681775
14382,11028.183108299734
78926,10498.703032074638
30941,13162.25121851489
34160,16849.900239884155
71649,8085.7749019738785
52382,9506.22673634961
10407,9522.61440112109
18873,9565.22038179171
64738,13835.973578031713
69176,29438.529259802308
25543,37650.077765350405
98674,25114.585674713526
55412,12880.070646577817
76546,6902.758918827922
56661,59045.94391222598
42885,22635.131106009863
78026,38220.38406697914
26425,17394.71409481234
53262,7273.260463585191
28327,20404.34848132693
50988,26226.267925528977
43991,15359.837002652564
81677,8750.218146418178
19953,10054.201991125121
67815,14384.249405379665
16693,11697.214459567971
20822,18823.502874103066
25073,11745.188168196484
19071,7517.470044890384
38083,51495.66366343648
61418,13147.159820278255
99298,12608.774459194507
75190,19275.750356093617
61464,20290.882728234348
97676,7662.155652495483
43421,29212.718279931505
87351,8538.491028078119
51300,13818.727653674297
80752,14863.721881882851
38530,21129.268503634215
20070,54420.21688952461
15365,14281.521940172634
70224,24446.22384281341
74600,17258.395990425623
77575,8084.886296471615
33904,20495.649851620583
76931,13373.980856122376
70946,21801.285782817515
55898,11665.652589662077
88927,34384.2722559761
22712,19478.20073868825
31625,18871.708094688835
19851,28219.925609662314
94311,15373.480390572437
45628,24632.443633173385
98596,15505.647134324221
53433,27850.766632729028
58557,10321.08757731444
25988,10887.576863483533
40032,8373.6778567212
58654,8998.876100897523
87814,25311.153154491665
40595,8264.994238671545
47192,6567.745257176806
65885,13589.493383878827
53628,14971.039429219647
25010,12144.726563467695
96591,10189.43532474511
66114,10275.180561944511
77172,24247.543738256885
98308,11986.766041864643
86801,11463.335438833805
22696,12963.746305028542
23564,5946.4718000679695
94438,13039.473965365049
26371,18010.804871360528
44169,15895.86241921187
29429,7179.004710236797
73269,29954.36022347705
13884,16665.25237440791
94564,28798.682092234012
23683,8976.91714128659
91889,24087.670513391786
25069,33603.11045687254
97314,8916.400400233493
81444,10918.308962171557
91132,17611.434469503056
20340,27349.360640731255
92398,12417.003212998005
13038,63217.06071369084
66778,23068.876375837914
61670,20181.373379639852
64370,16504.925162419666
53172,25908.172355801144
57299,7085.3802078085755
20118,8928.423922273274
86221,14084.98684533139
96240,26446.2939759257
70562,19321.08653522467
62188,10115.50013253124
68301,21134.358234731488
85800,9988.750572352215
59638,10959.88117858499
28031,15488.315728896203
98728,10756.64173557601
67408,8717.394931423682
77830,9664.485858573978
54724,15644.419927111721
18096,13622.695691433086
70139,29437.559291781377
60279,7228.217003786098
51145,22482.227801171157
66571,20503.403388830142
21200,2042.8379954794236
27007,16129.552853458545
98702,25062.364467996562
89841,18439.150342173398
63276,25573.667513191394
96026,9389.913129711296
93151,9928.832892246599
37918,22594.072044922643
13649,18895.09992929492
59881,13168.661876306547
69434,14558.196396170693
76507,17067.102042410606
47965,12201.141624184398
83266,13291.501109475546
72720,19670.745733400465
31662,13222.295415678997
87347,23673.47853500268
96569,18486.405018199195
57873,13253.116183017239
56176,28500.776613858885
63574,7844.855573309436
11197,17082.64932349763
62489,8201.256997525685
32217,8613.102769467037
95396,9975.52157162258
10079,37173.77494184558
41586,36147.67738001422
80367,30454.19459310772
49035,4741.6376044394765
50738,12232.46227570239
98428,8760.753039747791
97621,9065.713277182449
19001,34157.27644660273
21171,10605.341169746343
58596,7157.165856985035
88976,20067.086910451308
11592,22229.326961755163
42209,30008.70868849312
59688,11628.504990585105
78158,20146.565066134866
33426,10457.663695499961
22536,12495.129977825334
72235,24929.26139467068
57212,15544.69387828954
58925,11716.85678211059
29878,30375.754582406542
98491,1540.053920280554
31237,8900.621157513033
19378,17787.928012216464
80187,66437.25877943495
79638,24545.443740364713
96453,12586.93520413991
21991,18045.051215982217
66647,15178.905213780065
22841,27159.610264251663
78066,18797.050433107026
85865,23546.627596253624
67834,24988.267297936032
44001,10589.138614421798
77115,12464.87014331025
37812,25006.63686464448
33299,14913.701598228417
44480,3039.613244858836
89258,10449.385946340586
55199,10781.27545417697
66283,15970.29998510035
73527,14877.56125084181
89456,11280.553719765077
81679,15053.449175816477
42570,18304.167626860326
21264,24674.111905596958
72877,12935.57749096597
52441,12231.560305191564
55163,17932.026520375064
25651,44250.34354179626
58697,9585.768850779717
31663,6591.345513538257
13995,16889.71818547029
82027,21000.50589605464
37790,8263.430815954545
94828,10106.071059047328
51805,15424.149963087062
34349,26230.250012338915
81897,12719.169142480707
70901,10237.244741677845
13322,18397.920839210718
62849,25825.3754889196
34869,19621.228362335685
56131,12244.16391574111
99309,15041.094526485194
31623,20899.231140575434
55352,38315.104204593634
89621,31048.439101680626
58319,14834.078443828495
17147,11701.837105856408
31340,10959.167594783488
29138,12194.031627002936
34620,17966.77801838492
11107,29655.56612913459
39770,12589.971891280538
80217,48283.79456483941
61396,14775.347449192896
30904,18909.247682700094
10279,14654.18388802911
73345,17420.1064224637
38756,10436.083375902697
35873,7744.980694504722
73982,22405.305116833348
80486,15408.779936833222
26504,49177.417836763016
82466,9561.29513464512
42275,39202.336628974444
71342,6798.849394673032
53653,22214.763797357788
96468,10966.581388658724
52499,12991.496829457046
26044,9266.335587483638
64777,13107.360059798813
18689,28586.514158169164
14251,15772.491644385304
19458,36301.78001514295
74059,18937.380548500376
57247,6878.011826316397
24129,13057.976661772633
16312,17956.7721960791
40701,12225.049007538746
79547,24107.07522841981
72086,13671.102195220597
29779,3730.42386613081
53751,18719.622789481353
76557,17360.940113523222
99393,10326.586758765172
19952,19217.991098331506
24991,7840.564614201987
87173,30632.614194202142
74482,22935.768319249873
95465,13098.164420055826
67964,19962.767689014647
59745,36101.386768114986
24166,17662.24704443459
83616,7462.323998201518
36343,13002.179611579577
28949,28109.08246059223
70272,43982.597883745075
78756,7105.9788386363525
12012,29397.248570937994
46835,9453.565913278162
24825,21453.059638559345
81936,15769.055487105714
24684,8991.468745742688
29071,25653.325416268584
22465,19699.114257298137
98094,36324.253547898
21553,20897.15001867067
71045,26968.23442840536
46687,10087.676397301208
30099,26205.922058624223
76663,14316.014171203415
29934,5797.88770676202
20788,46203.98192693664
82192,12830.973908315325
55289,25596.85268093708
31378,15563.235207999836
38995,23096.828854227824
44142,17874.06302144696
38571,49466.12393880132
65971,15922.642501211056
84647,15751.927012280492
41567,22002.293202846886
77696,7282.550739425707
98728,22825.304267339387
73339,11504.074604910335
26241,16463.18907395612
92037,8448.684134835332
12012,16502.673662890826
92914,19619.55559574515
52775,17409.729056818585
14149,18409.506331308297
37505,19560.68990419579
63696,25953.219724126284
90202,21608.799846557027
44096,20737.804397725697
76600,9895.116651818516
55786,15039.958491625512
97531,14276.071789415457
20035,7783.862402626502
66213,9374.464230339523
17743,14806.498598837405
55422,18040.494984988298
87382,53810.90739551069
63276,33136.35679288919
22312,7416.513141162552
53380,19922.958927779062
64856,15859.55667648195
39680,20774.241666762657
85157,14274.787382286648
50114,10530.096034137488
81576,10944.03752998626
70934,14956.743761295847
91330,11378.3825174499
23915,15285.624707150742
15865,13408.45763952987
16685,30710.629005948893
16059,16240.730885335217
86012,23704.082268365568
17196,8308.684215925245
95711,25774.35972297177
27773,14902.650349835676
70757,17722.2293328338
85167,24878.038404158255
16667,8129.569227452597
79821,27290.86744671649
25863,9931.569309589493
94602,17710.75148141673
96040,19258.749921141727
61047,10917.420484083363
24356,18404.5840350888
22424,19717.671455631462
68109,20856.423670539145
14178,26967.746471101316
98091,5767.3353226013405
88183,20709.294744413135
45858,25006.212032175565
42604,16334.69335605275
23986,18367.112045490812
89899,8962.398582630874
19524,26901.855295943897
39356,10701.200297996984
11358,16081.687038332373
40900,40642.37584194739
27683,4493.445185488592
17695,7554.836556337328
66337,21133.760099964646
56170,6132.426554870997
60209,14788.235954642269
17315,29685.34362704114
10164,7758.4536053852335
71299,6579.28085602405
76567,9947.69817810871
70574,21509.029495817722
46808,11116.267868123603
28578,9555.325836632022
70180,26978.947781744337
12736,19939.65738704511
39943,4160.12501391562
99637,10080.408152321656
34680,11493.27285588754
20400,11534.670328818653
68091,16808.262754752002
79003,20703.11289349312
99228,16552.075431905603
39123,13336.911498694115
46485,28909.86517337514
20265,8880.039658644178
50683,7665.743862984918
98069,23326.351775601914
80029,17904.671103090543
96670,23420.626653654206
70562,13934.402526196045
12991,18121.81966765443
92388,11420.131084383733
29890,11675.859404133758
81210,19220.621446714656
62489,16786.643217587454
61042,19815.889638381144
93759,7497.519586050454
47096,6008.827769912979
83239,21545.06379457152
17001,10462.810283223655
65578,22895.577904908096
45321,57132.04968879816
98796,22394.42054082566
78175,15596.016100976627
40345,9111.658113505058
12980,23645.60979192869
53300,48965.4889744172
80835,10213.31806134434
26388,11778.878878827378
65585,13147.858134422413
88802,5914.446369739308
54768,10676.760108054212
97679,14654.926135751688
25351,28986.765993021676
37717,16204.604051856097
29422,11266.664678775931
34038,21055.541307168412
55941,15345.619470601849
63470,25719.702659926897
60077,8797.263894664437
37429,11538.359039693434
46783,27514.11494400379
63732,37825.53674677515
73308,9551.880906890068
16903,25286.665105680175
93566,8870.542236661046
55825,28006.00212314202
66291,19907.480072960225
66870,27899.879334534693
26022,15523.008171765554
44144,19124.49675144069
47994,11339.595337107632
94276,38925.954998516
52632,12301.516257368632
74840,10211.801863948565
10386,13088.960063374332
68625,16249.88079900935
46490,9868.213564816197
88392,32431.329667164657
52253,25630.698911159554
73804,28221.275088691607
50931,20325.704084918252
15223,16519.296314860003
99682,9661.960220300514
47567,7569.7753139883735
96011,22374.216355790508
85147,18438.053541100446
68591,21502.594348731418
10427,19774.672483050286
60815,7521.274533706022
58386,16451.290997891614
15273,20603.956232026772
20919,58928.33193243357
20123,8796.570693881182
66671,9383.365425220465
94263,10370.003548876666
93425,5219.039532791088
90520,6795.53131365556
75916,9110.654735440328
72799,21060.290723556645
55738,23156.96925821882
12697,15788.166276874956
90656,12011.117577477846
82372,17426.353904053012
39065,10693.333075063514
39035,13227.353602029287
79605,16285.65618498284
89550,18490.39673519767
84651,13876.07553202446
63829,13685.272784492921
47957,16286.638706554722
45479,20996.69094078672
45394,12390.50253714561
99263,11680.904671720771
11369,10835.533331831764
33108,12768.529195354544
64425,10330.37562159677
45904,19491.41850502146
34210,21905.035077659737
95337,6544.19928081579
59966,18538.348734154126
77871,13428.709184822768
16140,16890.378587460724
36906,22512.63947917687
92129,16862.30220242689
43293,23500.17010501244
23629,15218.394334379147
18526,12410.017743578239
42945,19218.49650510489
20875,14593.202310850473
21999,6993.229802967975
91408,44605.686777953975
93704,27677.262363031907
13770,9960.347679175547
94613,22152.5372519225
26348,13093.532996171543
98270,7248.01011937134
12089,14889.696216144583
30550,15792.749159838582
40361,14644.256755940309
12859,21921.96004785785
13194,17884.210587502865
50082,23593.636455208485
19998,15886.449705855268
30210,9592.148192695116
91259,6685.629900330498
85600,15532.667478451094
49257,17796.93974599875
53070,9415.068149448412
61848,12638.702948498449
53888,28112.123022434556
46066,29078.26056960234
70928,8201.49335078184
66781,8859.35682176009
69023,14252.800976944915
56798,9315.523369475102
63345,21853.16549274603
82205,20144.06215295014
48184,11669.269239312933
75574,8085.566620926102
62634,10863.797771511363
99876,10977.441481495702
92707,32123.699663399377
88524,26568.408773111114
69933,27894.464771771432
13900,19155.211547596686
98503,20466.712031030245
72950,13932.707607081606
34882,21886.0834670937
28353,25256.804318758015
84931,38582.79876447947
50164,26715.264911866114
57936,53156.92718163914
51302,24301.904769807203
58612,13170.155094042964
24537,14805.718703046641
30028,8793.792803091685
51519,15898.484842611575
48761,15982.247520761428
96903,14861.15890200624
42463,13692.986104578631
96164,36589.92798001312
75193,51227.72937982763
29940,14865.699295146504
72047,6486.214343108715
92013,11780.843495400437
47799,18794.874614476936
81332,23039.61560456805
92233,20622.501499744005
41180,13821.392534138231
22880,24957.424358755132
11913,13143.374837498755
71978,16436.150278230798
70271,16433.661207601825
21339,10465.931182517405
66538,12216.415362047821
12014,14367.89389424743
39129,17370.228562126904
78906,24327.472849887432
61688,22508.466692525766
93771,13443.56951995617
84284,29505.69614622853
44863,10416.45246466549
77133,14053.52952408857
58031,10930.142474126416
61915,20840.598479886306
41615,29295.007156662614
84968,25798.468324558893
19394,3832.4591064729702
32922,8864.930068953929
62803,10603.08055074428
41007,18417.895598711028
57285,5944.421598010711
57821,8412.179680272713
67146,22888.691595328524
13366,29798.749817825657
52409,8732.571424544938
86047,5694.043593408494
33844,10642.239367944276
18491,8635.784096807198
31661,12232.49176266225
38418,12110.86105051167
61214,16966.09996818327
29698,9689.94030569297
93880,18405.114661649324
32224,16797.145164210848
54694,12863.50174686628
58909,22733.631545722445
91914,13105.056230562584
98522,14779.770653381122
47634,13353.013134701087
25435,15131.145719743809
53403,16830.69364328792
86143,16523.0434082864
12658,16830.69364328792
28935,8910.329818209173
20232,21489.30739673518
94189,12699.21455635841
43805,13857.01972427527
25265,6739.775099822478
76064,10534.551400334221
38753,10147.159316575267
44296,8100.535930268197
49752,14711.897858657449
87947,28780.098583223975
35617,11890.075224175638
69919,21825.022060172472
88405,21058.638400704414
30683,9299.057060880245
94015,27628.611650603547
63491,11062.8804835759
95492,25574.120731354487
79478,7859.555765760055
51366,17199.686843884854
18898,25342.2817609867
37629,12382.770912573313
47674,21277.07483984289
74310,11801.785179762206
22177,7880.61860008025
14704,10362.995882143063
55590,22497.665374249525
85671,16159.318038272058
81551,6869.99355115799
37113,8924.824515888296
38853,13181.44709267644
53751,10116.786909570883
68401,2242.3777018754135
28438,12210.715532799804
55259,10366.94667186328
76440,9569.217655262884
10276,22263.391709893716
55821,12799.147459498792
20992,6567.658747116664
12907,29200.613256526012
75101,18198.851400902346
84649,7211.9559792727305
61289,22103.335891957642
86020,8827.206912949197
93487,21080.903355903858
49444,19542.87393898324
82655,7340.000584897156
22769,13281.405817915438
56729,21707.04946969919
56597,15065.702612773177
50511,55276.46991249226
49471,10706.376043448825
32213,5677.824740434407
12635,7838.121949335435
81899,12494.349455868398
35314,25924.661666575557
95778,11578.636396853388
85349,11160.353300489267
10928,10349.3657851104
22110,11621.711259739881
77555,9165.29136885614
96604,11920.685873160546
53261,19622.765214916995
65594,29715.31305619477
98831,10520.197256073394
81691,25590.260912078193
16706,14587.840034488003
42179,12583.73211314676
78477,18134.840809417034
41599,6201.930527218807
37776,7888.536389506033
94606,22320.738525878
43614,14780.466339269427
37312,7207.117965605867
37757,8227.438833860251
39284,14342.954562954697
86923,8648.818270956926
85890,17229.735898843406
32415,11733.381945636746
81623,5584.055407465392
11882,14902.281487096761
30902,20408.368044907955
32486,15717.62566196866
32194,14307.918353178899
13639,8573.910754244458
88621,11217.424292102907
87971,29979.092989303197
81125,13428.371630136015
85936,16279.465009527357
23527,10710.926352492115
72408,9614.259770162662
15671,21200.020012217337
48647,7447.368475016943
89442,10193.15340266955
20035,18116.80697266395
81055,30227.204781657063
95040,9221.18348926539
84189,21732.4898866912
67964,12704.910477593348
30285,19427.394175771267
64210,25111.93275366519
32970,5283.2321325753655
84352,13671.267826233252
70281,14356.113202577395
38144,26676.48809804309
50434,12117.106727580924
54501,8095.383493886171
57180,26288.354966491777
16742,20724.725317402943
70019,10635.924965599468
66332,8614.774259409525
19068,8746.43240883531
88988,11396.108019924048
42528,19309.75425457314
94596,8333.663964183514
65118,7934.7660391451755
67824,21562.171953246456
59047,12310.856732784565
20382,19726.793776519065
89144,53671.989909160795
34002,6123.213646227663
43225,8169.350356027684
51053,10594.757421619019
45378,25294.45774609423
22898,7179.838321689633
54579,29737.631408629142
76382,25339.37247441151
32631,27270.66642726434
96094,14687.375270219103
53465,8586.04806333382
50013,19376.724960472555
27881,26750.743496670795
84125,9629.580076530081
72040,14567.52372512739
56134,30708.339864267706
55684,8614.611286734926
39765,8608.719618006358
19744,36635.83459110189
54938,12679.881431656784
84642,5449.679294426664
55225,14013.83516911736
59145,11454.82427353408
67591,15151.695528283935
58751,19348.431621090276
20307,13740.103528342403
77380,12046.005941552747
59557,48646.584465964836
75356,18440.31104854892
89011,21004.394895660713
88971,27291.253780979205
56945,10458.682669014874
24037,7133.51534623617
43668,16291.779685885705
17683,8104.224024302277
69576,10262.767676780995
30322,19815.343921897133
40679,26994.70521829573
70962,25421.429612958244
74745,14065.10656764522
71971,12708.663686164817
63510,10855.23446053532
27171,20792.63291025128
74102,2180.865750540912
25720,14984.75467819306
77254,17771.184814901302
68681,10676.718070232982
70853,25235.260673291144
36937,19106.623645473257
66139,11437.944116131366
69920,12482.08892973033
64321,14443.312066238932
65640,13728.927991625293
62545,16442.52407546873
10856,14827.19139178306
34846,13980.24419737222
90919,15239.51773352236
87337,14865.80013550495
94359,11134.51191771105
68043,11667.22314558192
21969,26288.889575834066
25484,11069.967385312379
67131,18803.874424072823
99278,7801.224691267493
81704,10909.381268917248
23118,10490.420218086014
40788,6983.268021464375
79926,14681.755539316402
63698,12466.057051331954
11809,13062.341932210007
50379,8656.604264126536
79950,13590.309984514251
78781,11581.060716184902
63241,18620.52789539377
67619,22123.831414960532
62934,20542.329900169316
92763,14445.910234450195
83190,21932.780881636845
12120,5328.550727745771
16665,22374.516850830834
53803,8382.002380215588
89032,14562.40936798542
95987,11949.654136370205
66003,9612.637657068812
42484,17605.454615859573
31192,9774.775385885461
47717,10711.209447409658
51946,29976.662615185487
96033,9783.887506604326
98294,12823.874163500344
26829,28936.14457716987
52605,8581.127554813058
92695,10206.686776915
32228,31744.480799974706
64570,10689.555222470597
79163,14499.508651071937
66486,30339.515382350175
24342,8758.75542204292
97640,10134.50164548925
23438,26470.576311827113
32839,9818.802767768633
60029,13132.064906122027
21024,9224.091619199942
33847,10642.786721831548
10370,36128.830560687005
67073,14531.1221205478
89744,19522.81713317165
59088,14738.567483342027
44027,10619.405864221239
42786,20367.932368607315
50484,24134.094534494914
57048,9516.603413718716
55617,8708.45120289509
55831,14187.026961917578
26030,6929.862709172201
23192,19291.987948846687
25503,11355.782821978144
91230,12132.490608534692
72652,20252.271261604947
42805,23334.966781782376
15761,14649.214398517475
25113,10037.231723329907
32609,20784.26719584625
89420,11138.707386228003
92163,25205.678513975992
40940,4903.095532769499
91916,9455.87809090039
22699,37377.050033224936
72880,20737.486947732363
84804,15193.637151187024
55089,18718.759232511034
65407,30027.187094443347
18728,16271.536958388207
99394,21630.183484865247
40434,13153.70712761326
30266,29262.026717008117
27365,9982.439944969487
66622,14925.439862982008
95823,13860.548050455025
46782,57502.791730824036
14314,8214.881630429754
69789,21046.702964087744
90163,19554.353043711988
40804,8934.854234316015
67712,13814.328657861888
20407,9754.027075352955
35883,10329.850458338611
60887,37679.86117089566
32920,8693.890409148305
36762,10914.738996690703
63763,23607.4109006046
92115,18697.51955140362
20983,14897.272977894705
55399,7481.598399280529
86940,56115.03558540692
85808,14470.289095578186
73996,6108.212756941764
67339,10764.569131052274
77733,13253.382196771146
21952,19868.134339026146
38138,12469.114568096904
96776,16280.568864238068
62086,8906.458873661762
14393,47378.78290895233
89576,49549.65752568148
99645,9462.902435903148
49817,16607.72476495545
76470,17728.238941461885
43650,14872.616252664044
23128,25766.92465257481
32244,6800.567444622289
42715,21966.137349381515
77570,8024.051197806473
83072,11199.646660596589
89666,18926.961030888193
27779,37572.997253592075
70910,16772.497368491022
33956,12799.147459498792
93663,8864.717752428467
74540,21153.108212271836
73382,7669.615992473258
99487,65188.111175659214
19543,16804.610646478286
11317,8670.577884904033
86535,10124.554581165463
59135,19747.4087979535
41925,9815.017858947322
76774,23786.346466430106
15161,14797.527680643272
32904,10117.36575746685
15824,11904.37452461569
39967,18245.357448822386
97146,19580.705377529623
69179,46525.60411934821
94375,6588.297124767956
10503,8084.261231757049
99904,31187.720240726405
89871,9064.121289178394
14590,22372.07664421406
59325,35141.50792344508
63968,21232.481813613103
21012,14151.684908996835
64373,9994.335882852778
45129,30232.683875437768
96170,3978.450283018932
60085,29284.948813304036
27005,3045.4179205940036
11843,12010.488214946285
12614,29843.810395378456
42632,9781.425018903943
18113,9326.20664569434
59766,40574.95797763883
50556,26915.06790835085
40796,12139.385939016196
53244,9551.683119830126
51359,11560.074477776307
16224,15549.3641356374
47615,16078.940295485716
45633,20477.515207756005
20597,26926.781778745557
89597,6870.403835557836
67389,9094.794418856636
81936,7498.620068164759
82814,15721.841573767651
76858,6041.205167097496
41459,13208.064245361722
94079,10628.978283271099
86219,10466.624192820766
57404,14140.457044259088
78695,28941.004567566342
35706,13551.447305379643
47177,7560.687825610403
80297,10288.989217418602
56447,28649.289599389158
22330,27504.74914793318
33049,10037.231723329907
16377,9277.998932706225
19940,20306.6743537288
26511,9700.064133408858
94064,8836.771178188192
52026,6745.74279418769
41951,9436.446563695397
68997,10501.371690796568
40203,22256.33035992233
65692,14213.903050739114
49327,22855.4317888985
59997,12001.106796481123
84027,3647.279058534774
51911,9940.120723893837
68674,34399.90148915256
54036,15748.978775565454
74390,10926.384978917647
66835,6701.2411880806685
48698,16988.771285189527
46866,19302.31362217726
73866,12120.13010558917
68155,19241.99191212043
55027,8447.23477617096
71736,12779.062394282297
57446,16635.240797775776
84495,20823.070067646226
21424,21376.799737203488
38273,7725.299935934974
86688,18884.47922009259
74121,12206.87577792248
24895,17297.860733119334
97190,6997.793962708374
58638,24507.495846128964
28869,14802.898901398092
26599,20266.153413565622
60580,22952.01066822991
97924,18925.771357493755
65408,6647.147588139309
41286,19592.4809851804
35155,45530.93262512001
99906,11424.637232011908
79413,15644.374483579271
91567,10655.228596844132
55283,61840.606500384914
10460,18031.87092294273
11261,18051.072215533062
67905,14967.149079409523
89504,9735.2171141014
64745,7587.034820131617
59897,21873.67215549055
25716,19038.953628855335
85491,26113.074743591118
60591,22583.02781954549
69691,21973.863433320967
47784,12537.408263243546
48613,9984.353083944345
62754,12399.431856034807
36567,8100.941489821194
86848,6611.284728949002
90246,8817.885972592507
21100,17477.448619498402
41822,40323.05307968286
81963,8314.68716883082
67458,37947.51886839633
45280,18803.09453916334
54775,7597.836976301251
42672,6870.613619581054
32081,9625.879651282768
78396,10576.655538523537
86723,14228.53106000583
76939,26819.77267495991
61779,14756.065194041288
65219,21634.780770694528
67750,15606.501876367696
91532,9594.3923878972
61696,13322.625929593607
50085,6438.614475138185
86012,4972.729147778091
36275,19065.249533119197
96086,8954.125086957483
98304,7780.3185050290485
29250,22225.389306033172
50395,8350.6820333734
33012,6615.550034141599
68834,10678.110083647844
68518,9719.35189518872
23900,10595.83367789677
32021,13713.63876599296
30807,49332.1541581182
51114,9966.185522545024
66464,14750.657820309905
99682,22304.682486211757
28973,17189.78101798378
55072,10778.29523979091
48683,16045.596846775832
84571,23854.642666772175
51472,20593.97391098192
74362,10046.690252086824
32152,8850.630182054825
91740,10009.970365227571
22333,8711.793674568242
87374,5103.02970228051
14655,7742.9280275193905
10317,6541.22060398537
77444,17403.617498475098
60967,8282.591941494336
88130,10167.762652718211
93527,12211.849960559488
69241,13736.717817064477
19784,15422.434191279955
13540,26021.43053927636
11029,20089.40762846529
35213,8559.990179158694
60938,18745.050937584772
90450,17510.512518802134
46874,13686.564591523244
43228,10682.16886835362
49134,16899.892721562766
52064,9809.56179528021
66759,38279.9415309255
54114,7273.90410866029
10283,8151.759315654508
36239,5550.591171332264
30234,10265.807123568175
69348,21735.882452866885
83236,15863.212945123727
91878,6974.950783493294
88429,7389.6099146983015
23037,18031.325494735236
93210,10014.565476564474
70077,21138.368571741572
72158,19324.727735807053
72266,10374.208378667494
29026,25994.993058254266
41790,27242.87666191692
17604,17274.45848624607
73903,22790.848910880773
77443,20741.007149318175
34952,22756.22949956935
79691,14963.013220215507
43052,18677.108287829873
82652,16950.841937719375
59587,15620.404728958645
67028,11011.599990465442
73051,32302.45455646349
15129,24121.345632147866
82901,10114.075451096516
50473,13518.73992561176
28585,20765.194016920133
21784,26740.35093289615
74166,28418.31924272612
50897,18988.86931340564
95979,12263.203295319392
19909,9850.20988403922
92488,15308.010190048233
37764,9061.890405802304
28091,11664.070695860488
39612,11416.624427031464
89124,17232.309785622554
55013,10229.514944056504
31300,14813.3981030117
46287,17096.502551399433
93148,11969.39491983314
80707,8251.807897221786
48921,45252.13397556203
78834,29233.35268739385
99318,11042.572791260103
28188,9683.653325165695
14265,10470.20306364125
41816,8980.818281478529
98060,16901.83440555574
31479,18649.96919628991
79091,26472.77706508017
41195,23680.39806903987
13883,5744.693575138017
19208,44193.35703781379
66690,25831.28582062034
98883,28455.595130197013
46000,2354.0590081973005
57135,25726.28497329841
77834,11907.624563056297
26493,5943.762442597961
29601,9223.804228964786
46563,9804.323970161506
30971,7239.495733260475
60814,46602.970317195075
41832,9654.174386463117
64712,11565.46715691798
27238,14955.683372309133
10375,13210.156518239699
25927,9796.089203840926
67509,34624.6234802628
42789,37824.62575481903
14407,21743.739884882532
63818,14949.791714236446
29652,6677.416343962905
32819,11001.449897244347
22950,9824.709762221175
45455,19630.09890650557
40591,10779.613739839668
78964,14791.153963186636
67719,38855.67221864633
20509,9105.8106417946
34043,17068.404515639566
66744,7226.518218947007
51312,21844.57053671063
47187,18274.251420225035
45581,30988.514643086226
62604,11179.418460456622
11468,13917.284093000397
43008,22712.245778842687
69408,14022.250635341048
71604,15051.748361818129
58594,6609.479064302777
79409,9956.158005248371
38653,16784.73301763417
89618,10002.144989415272
42882,10260.415536062486
53450,27863.109119563367
64576,13859.031257433464
19316,18246.932274351668
73448,11256.612295212646
69404,7191.293064610843
94915,13698.355840496995
12673,9988.573227113422
90906,12915.807223097194
81361,15374.560603442118
50227,17649.230880615018
88660,7460.505991603715
30774,23563.577552761333
41313,26311.318297555685
35912,17395.445654555762
63902,21321.927486380202
22915,9378.373253362328
35827,16586.89727021307
39948,11567.49084511424
28149,12580.397227771005
85538,10281.0968609145
18992,14789.925285730213
88249,10218.576006396597
47000,27803.14392346485
76110,14464.52999169613
44100,10877.929854116988
81447,20308.80659182737
17093,17514.181301450968
95843,27423.89520997945
92575,12664.888936732697
23612,18118.75770049225
35241,11937.997093466794
58803,9357.284551511055
88839,26778.52407919824
49579,11715.108310283591
50165,16213.499216787408
20156,19159.412213828167
41722,19427.681010722896
75429,6618.1683037698185
30735,22033.097854813717
49122,10310.832317627777
46474,6621.107840745188
77085,6885.774319284783
64479,9616.23124810808
45072,7245.153970521513
10779,21496.61231869883
21338,11692.801070658004
71105,13079.78847753814
17591,28480.22389702021
25721,26162.95980412243
47993,15688.24944179966
32712,11010.751755733916
32333,5786.044650406204
15345,22511.446366282078
95137,12595.044320157695
64418,7658.135828431001
97116,1578.010994360844
49887,29065.27860347925
81920,17590.16968220662
99632,10915.798907379183
23192,10192.814870670678
55922,33764.30546909493
71792,22463.589558012987
38082,7520.127962010018
45828,10864.60724051574
32250,15135.77762446215
65038,30076.389071709964
59177,19525.655566574464
91047,15865.21691597472
84627,34676.568721879914
23143,12696.230706751967
44378,24568.544312306578
26353,16753.758622281555
16140,26464.01445795312
50663,20227.05660750727
25680,22291.81335867492
11367,12374.818450533483
78297,13285.677796023276
46349,10911.285763429427
92366,8667.8818538858
57264,18705.092737837138
67909,15864.394211919236
53694,22094.958092807603
10198,19533.298284992343
31416,7001.369355245231
79745,13699.852636163974
90141,18708.178260544984
76140,18898.999291426364
34763,13540.285716704055
57583,12660.40816266528
56959,14368.326735506775
72266,7390.5158119875105
15053,27972.054590901913
16285,11262.250731616563
93712,21496.676443802826
46099,19068.47516435295
66360,12498.00891985555
17322,9873.14448467522
93682,30621.303431573062
98009,7758.3550238725
20076,8904.704540047529
67845,13026.51012900387
59553,15304.975304396232
90212,8310.038815888442
51249,26623.36331094562
31024,28967.088339507558
46490,13867.449462870743
64010,11893.49617864547
76700,12410.657007442956
81681,11832.012684465088
37883,45708.39271441064
15074,12094.508052892572
28109,8309.690960734364
60359,15435.97653312617
98179,7976.33841528023
19252,10717.504333071123
49380,14768.948246200975
47227,2048.2901106386034
47630,20830.303721333516
33037,29454.695060572383
39598,20654.37806539636
87053,8306.005654787263
79333,13163.45220417895
19458,21566.043459220542
61774,13466.584225907969
76145,13088.827304689603
34318,9148.120156267481
56012,14159.80746909934
42286,10449.965977607206
66302,52110.371478241665
23578,7832.186158114531
53550,10025.961959303744
33471,21783.82381884347
93292,29039.458827728675
77253,6821.542548633133
56712,13758.23192099054
73611,15776.55461631199
99954,25686.492614516857
17685,12025.983718420945
43606,11103.567304620057
19317,18839.316262992554
56361,3550.7054236228014
64074,9739.196895499135
13892,12369.028750078678
60908,8908.475175757088
84544,54841.356597696016
35200,13039.734556587955
86193,7195.637506643665
14277,16086.122936734957
26478,13079.904854935165
55914,6252.029103791665
81525,17147.769125371058
46119,16339.218979356026
63818,11356.133046192257
39207,9157.318513845523
85403,14802.139658106134
60999,27622.34874903405
20245,23480.66889492163
60759,16116.634192740394
91782,14001.245453891408
67560,16202.698838722847
91024,11814.533817635871
85551,20333.17202142619
50217,20116.222527922113
25177,11501.323648591195
23362,14709.597145348293
60160,11199.490013467926
97532,9395.555652517403
21132,10668.945514159665
40168,39735.81108143563
64808,11194.213073261637
75434,24736.160204975142
79878,7428.601862215464
98647,20303.625271367222
51923,7558.789976395865
93261,12002.32503689013
28753,18060.01260169894
50210,16483.45035955211
78511,15680.084765854657
73568,17466.852555744117
82182,9850.20988403922
17039,21858.73876688413
77306,35894.30734228699
39204,13053.469076919851
40514,18630.275355125337
74737,14176.258886470767
82096,25158.603598451125
29325,15940.828070326512
45821,12652.511054298358
81413,15670.266902838945
76961,14173.45897861394
30326,12103.159986889888
78393,10481.881079239869
23268,11141.602109360145
80046,3135.537560272398
85259,16772.947577577546
55893,11671.648885333969
41016,20064.311687887795
22056,14687.782902120469
84022,4734.866539588147
78203,9652.590927469277
76472,12939.312142440442
63365,26875.917406163593
78823,11086.37411818378
16109,8746.048305231769
44401,16884.812269362432
98743,7413.3771927945345
80070,8141.950411343678
82175,20646.217632026666
17645,22065.354779674024
32493,9300.481208025765
98790,26693.980544485014
42787,13168.789539411711
76717,10214.637449961574
91343,24701.550420887623
57030,8560.414501485571
25774,28817.963619006936
89274,13588.098978763614
50895,8554.534430198964
86750,14848.323768330485
77184,7027.350100405445
16505,7381.41098170129
41157,17636.71642954165
99642,14705.393018140507
42321,14005.724606047406
24849,16779.529381988144
58835,6010.121602017132
40833,11288.59411127268
88664,13447.73116996821
71529,12110.306150184704
38549,24945.366588733574
86828,24406.76462171719
65298,8540.584885419918
86134,5018.632373635446
40388,9936.935302782542
92517,14142.896301054294
37584,6512.271444188691
96361,26040.56309203388
32367,7639.555410717463
37364,13460.404751146769
44199,29143.604636298198
23279,22434.548014316213
63160,20441.331283875967
12574,21049.51871402855
74435,15236.605918080493
94516,4821.897664126531
42297,21231.285034260865
76776,13835.464560292257
10472,17025.924281636013
48140,11270.742860358088
39012,9324.317367514883
24572,27822.136137170433
71736,21764.789907905208
60027,11883.303294088182
56031,17063.385439798123
75642,13088.960063374332
17397,12245.497471115561
55456,7988.027387321605
52052,16869.738694556614
71097,22336.96684943795
90477,14571.408288830897
64677,9925.096022426102
32002,18172.67151377761
16136,8259.898601322786
86383,8594.6769220622
66784,30359.461333737236
16662,10946.565002116768
96869,10908.999439881802
21670,2625.8809634989248
79200,10957.36990202872
25927,12847.971974451184
82196,8662.63545916316
68736,10335.087962777525
51056,16113.081359362486
20811,20025.639421765176
53590,10149.314651643805
62028,9625.853670911587
24694,12663.679409008462
94625,6832.942981487406
83627,10156.302651368085
17599,8146.857048555476
15355,18112.771403530667
58531,16834.706500462995
51425,8540.587580808373
20075,17701.829985127253
96992,11305.776849028314
63459,15695.681392481769
30438,25460.838860367323
46431,31904.599561945033
87670,7724.2578313406975
86931,18731.48307957414
47581,15808.151901590305
59181,30374.10112731249
81001,11903.084746505012
61546,9816.736651261668
30524,29259.982873634974
60938,21786.895846731986
81683,9390.469008111493
33320,7157.220362356224
16720,11725.789766304939
72520,11050.122215739451
67734,12738.133142360606
11495,12516.430226674667
47058,14156.958480068539
21234,8731.879269492896
48695,17.559748213829153
96503,10605.345136165643
82884,27637.412989824777
48378,15261.579144615489
71662,11961.811572751472
84964,8246.708317989382
44540,6704.209172896077
76230,7431.889865090718
53030,11589.23260839704
51486,18192.343237061967
97218,46958.416413309336
97240,14056.493862205314
70707,13366.453752487643
35160,6104.435495285699
80135,8445.123127186476
58842,6727.987123192581
62087,12837.57205216106
16231,16253.572226432847
35848,16753.013449517748
55083,11506.878529306116
52140,9666.903844090692
97475,15714.822513652822
19035,20441.573059032457
50014,12231.920957996315
45189,9388.267060181373
28889,6697.414063758062
54433,18115.50800899456
23017,11684.800470684257
58279,28077.414478822822
68652,20746.789885830014
43446,15701.327833591911
27734,29114.674086122926
16211,23315.193118349613
16975,10050.651015526986
51889,23887.406605327968
38511,6429.674550176576
29659,10524.959569879222
54704,29043.454249525297
74701,19342.298024452502
83423,11539.8062773842
68765,28812.25998678826
46084,8892.856565329635
75383,13165.611926793385
48982,12334.538415205636
24916,13392.282825471124
30952,16815.45482284077
29212,13901.470669411541
45363,14863.961933315431
10038,16476.678532187045
84765,12042.192323484996
38853,12633.812849020816
17227,12262.0436352637
32209,9225.500692263467
29689,17890.58281689336
13296,8302.806899163732
51593,36056.31651151671
24400,30427.137684993104
13707,7738.320284684403
17747,17661.744910843358
29691,12360.271803415231
17052,15820.347707202303
23245,10308.44688339781
21404,17741.712808755532
74029,11972.257710181508
84924,13816.96875318686
53144,25007.099180556936
59503,41633.40760784826
25160,7294.202386217832
67532,19064.42304588485
60902,23940.054830670073
40511,8675.671035655903
16774,10218.099927924673
71394,7604.075831252267
36766,15345.729336386219
17054,28148.978298341717
93871,21793.94742950426
21695,37251.896651051764
21536,11068.931973406248
50586,11735.15084242311
61122,18552.47989927347
94950,14587.710229312466
26034,16601.461396479343
37231,18334.742602113587
86058,5301.889807651474
70413,33745.9061718095
31487,5343.1941167963
67955,12668.563320512332
29748,14108.161875554444
81298,21536.213000369244
43176,7460.740239513543
98794,13948.655820538732
61523,12902.049815978671
98020,7661.105566260709
13114,20212.68401882183
51446,8815.553436773176
48757,9887.786359518494
47986,10048.157574497416
35140,24574.55390364765
94174,15553.63402722695
55455,8733.407220238572
18230,6394.825013907397
47811,6328.905071602705
44232,25114.561573027797
50946,9344.138811294255
71261,22722.04297161509
87548,12054.925375651204
78370,14200.276375240224
37899,22839.701806901634
17642,20654.34960567962
22175,16465.87144473189
26476,24046.38152790541
11644,6604.248739661047
81715,9946.661095316156
61200,73260.28392550933
54343,6594.130561936867
66987,11483.259319060151
77407,8921.852418710434
39416,25499.794909157245
18755,14972.116280642633
12350,12262.478586501094
89556,7892.277088725898
98459,29682.423602165676
91584,15672.48307936114
47702,13514.07651252336
28960,9694.184656370673
20584,13957.886242253358
67017,8646.952199696287
49858,20261.184724197643
92801,13746.489085462152
77255,7814.685799504712
78404,17524.09256361911
49508,32780.95026784632
29597,12184.518280470531
61459,22805.540588104323
61719,18512.236636849237
87333,12660.632923428597
10824,14619.052231226164
93837,18032.915930763476
63741,9562.266279308278
84815,5781.967069349286
47573,15609.341283220187
83141,25464.58120479279
33173,4273.6671389403145
46043,22354.646429666904
18445,29597.120677958395
56375,10280.02906177688
53035,14269.72227684007
94543,9540.743037902193
57371,12945.82655754217
91378,18625.689730568258
57503,16081.87662789416
89974,19591.993372883742
15816,3924.5037936508143
90077,28419.654129988037
38299,7412.926623612431
36458,24444.9145029644
22087,14266.345213338122
68654,7394.9933145389405
57255,15157.102808211792
70419,32492.880441058
96955,13463.723892428703
25574,103907.72012382497
92329,8348.581095161862
50599,14063.564925549876
45441,13757.21225077717
57775,11815.98205699961
95280,45399.51846124036
99382,27293.486888845502
46998,8194.824520291415
60103,19854.646520820574
17123,17959.35619370132
40162,18076.011363254987
62842,13399.94948195
84780,17914.448403047398
38208,8319.326030163324
94066,5025.803961089508
87239,28956.53167893753
14125,10446.370133762295
63429,11867.642505212738
86279,10703.413010602642
23038,10217.495278292368
25971,31445.302269946933
23036,9793.72132736398
60327,27166.178893007076
54084,12158.476354506713
99528,12440.391010774525
95448,29196.819291660562
96230,11165.853608434207
53785,14948.757661055393
89593,12346.86653199403
78014,9487.631076490128
34336,15219.502537818431
37344,9921.869341192567
38922,16459.637499916666
36119,38386.49030749254
21136,9243.542741350842
98635,20737.291624664504
95561,14885.227300958017
65552,48232.84753787208
82957,18124.047137474663
87670,8635.944187601808
46944,13568.000862281391
71241,15594.53213310808
97504,6639.541901819282
38821,7798.453154341252
50956,17486.607900357267
47687,7277.570166846788
33641,10210.285920614904
89892,13356.036356286138
22938,12852.876674550636
70443,29274.57416069121
86319,19556.550056012627
52400,18592.6856966887
57632,12749.522968641159
63200,16608.559348501127
25568,20977.351175076146
94079,10870.558546348524
42985,11405.729136870435
36374,6358.76037289021
23678,34021.80988143165
84984,22696.802716181097
41584,19005.478664907983
81762,25649.133716858305
34720,11222.527032849359
25762,19614.09146002656
30815,10279.365367105376
30090,16730.98914090185
62917,23135.91914034598
50625,19530.114667726746
29405,16958.987295601783
45797,26155.633680044382
33302,11779.1589881504
61419,12862.227470917758
78652,14520.955167970411
74889,11158.862115108135
32532,13203.104235798859
83967,8865.370973993078
94234,9597.4938156442
14983,12935.440794399161
11941,18764.346099681465
49874,18744.61204813484
72372,26106.591341869225
28944,5359.229924036275
27731,17586.42815446685
44093,14629.218792799518
69848,29660.946606961472
40780,7714.356820402689
94705,8512.46732584696
53796,6444.317623720668
32425,12129.069461866939
73735,12270.634823511695
45879,6428.02854542569
65155,22204.70844926829
72051,11717.044773198362
14247,7003.143905788
31298,12662.664691936923
45766,15752.68654107026
30936,20854.171991206757
10998,10989.378177313183
87314,8366.634248125996
31548,23558.176647077362
20349,30552.53664574829
78138,9375.191038509329
92033,28332.61260447715
57337,13398.456200068222
85675,9820.284776390366
45217,9359.133551054198
86163,15783.97827512677
81807,11344.397474103018
77657,46974.986283156904
66351,21790.80359408151
61691,7051.096539269229
73435,16311.438108790284
22384,10776.5426639309
66645,12988.183203582345
30760,25743.56057819943
79338,13929.212807514523
50848,10864.578040249533
49340,11856.741057882991
44781,24616.528231641347
54246,14440.096385095758
19504,5641.413399596719
89089,10335.78856284607
51770,10477.576075526847
38699,9956.643948447083
12554,9478.322673581248
15137,5653.315534904497
62631,18234.361675757522
58289,9315.523369475102
82289,18315.875349453505
87378,15290.17579945693
99253,21939.032784117277
10990,12557.685776682247
32134,11664.756971213375
31516,8986.819965317516
94865,10428.79994417075
44756,15146.529454265878
71064,28995.252575189515
46939,24766.126850510584
19616,61564.894777050155
29321,9640.000422606785
18237,14148.813997612431
31463,9272.6427250218
37177,25302.722201131503
25357,18824.829391799078
83933,29431.82899994122
16506,18700.274963152624
17052,12916.77958763987
49482,12352.730084545467
48742,17262.498592514326
54237,20602.084273591274
45427,34224.97182807054
47996,38369.30039271041
11726,9352.941026030048
81496,22936.974206994855
95070,9221.937033517097
16743,22159.385048904078
88011,22197.459158883892
17975,20314.380368054477
84892,4795.5063786556275
56079,42741.73149337548
63880,19838.923981280284
40166,17614.911646421348
33566,12582.584178815592
55607,9551.880906890068
99761,11373.556662757124
46551,13288.210308873575
54844,10473.76986801484
34685,20835.14112021231
46769,20791.138770667774
81551,19742.241338990058
45277,7185.312406834957
32120,18492.63474528323
45351,14395.38876456541
74776,33527.284629496935
64801,20785.169597479766
92435,11597.781068027536
37228,18817.36061051547
94273,16745.523292674618
38546,13274.614892609032
19967,22974.80194828037
81979,10383.455947425762
24657,29998.34946737962
36501,8434.678522440641
83157,14835.521363424214
38673,13260.911140741875
98316,8931.626954363252
22150,90658.9159405874
39018,12990.570220607755
28363,14725.278740913409
46229,18710.678350271577
53643,13646.532747132622
90047,13097.842303878504
79156,17277.565083849404
66515,10107.430928023665
98885,9168.482924088
89782,11425.69387996713
69063,6888.651226255746
29163,15111.82919485685
68968,28748.447833264858
58001,15870.81592165403
32314,5862.595653492368
38407,16892.592001844536
91209,21343.898342385666
52466,18886.035027959675
83847,7393.636114283789
92596,7613.999349676002
55209,21550.76198021722
80208,10805.957787652016
66816,18131.442231164303
67429,13558.413996567024
83340,17849.052791793925
33390,12712.092070634699
97317,18101.60132507215
72764,15077.7469665641
51213,20367.359607311355
39165,11878.899306270367
58398,20299.669789733394
69985,7116.374374490457
48496,14655.540237374162
90487,11171.670041280808
83243,9807.291868421577
86864,12679.358044457427
11015,30787.46154733404
26008,6891.328880641922
33705,120319.27072628618
67820,16545.303583969482
16728,17419.761195456253
65377,17659.801553384703
89531,14405.371994801231
77366,20931.001923470332
34087,11582.194085525138
48442,21938.301677806296
95742,16290.585252541146
32612,9616.489139498779
39005,8135.458363872336
48831,18115.50800899456
21556,26847.87547272887
58865,11844.921726468941
56303,16863.136020534726
91575,11019.240475089975
86449,24750.536028060735
74423,24416.477660289216
85283,13956.038898589715
86236,7680.162813786883
86726,10181.199377520115
44302,31454.760437937457
88031,12152.936390394048
43640,27088.158670094417
69196,15959.759489020185
55455,12255.407966656694
81120,13544.414426743722
80310,29499.05163450913
26577,27243.758678567145
87534,17474.5369674781
78354,49826.961632650346
98103,8599.44672479992
47597,25692.019330632807
93770,12592.502156966048
37007,11917.680314532801
76708,10199.110337403787
96600,9019.698242811464
64307,54587.650766574225
63105,15852.615232147338
21369,18420.99774153976
50461,13205.710331893559
17403,26954.51645408517
15226,11059.350755604499
90697,5745.622539853424
72113,18822.09513822933
65701,17252.694791383503
81234,23015.263319810452
10151,30270.156722301523
34037,22135.946158407183
16993,14838.96061371598
59469,10062.05355288525
87262,11317.288574120576
93315,15936.316497918073
70015,12490.469680610564
79446,11028.519063686403
61363,8521.798463206003
99340,24139.6592057703
48239,24178.31695053615
72115,7766.099695521323
60629,16393.971619879434
83944,27257.766414047423
44193,22919.483092651273
40886,12626.683897358747
18226,12844.331539134913
90658,42290.43638917152
67240,19268.326323220226
93741,11439.812824559049
38311,6978.2200264941075
29792,11447.326461124516
88595,10974.868828580244
64714,15867.83813110073
24282,17205.74858437445
88896,21192.701889873548
68460,11527.098422581344
52811,12150.13661228036
31783,10132.463062776313
13519,22074.441268879764
60390,14108.831043534276
30670,25378.45520340252
83963,10029.300025325005
75327,20888.7531222385
89353,16187.691657798277
83575,4093.658311884443
12194,13841.143952128354
18255,18226.297900098776
22067,21530.52689276027
24498,17937.96507227974
97725,26537.03493147409
87338,18667.83914296679
49008,24799.405833680165
57271,27981.739063515226
55169,7242.78081522723
57289,10669.342541342885
41865,10254.231681841677
29844,6981.386582295663
51201,7534.093362248008
93902,8143.566528588066
15832,26004.96026199242
75262,19324.055125107436
15780,19032.095886187042
31837,11335.905167708992
94289,26872.977153548665
43861,18468.9184037832
68091,7172.756217983086
44615,30826.931990066958
93638,19189.123844107504
41173,11231.561500228887
51425,31763.942755380536
79042,67409.52161001443
14968,37976.873337510224
45040,19480.568903984666
96815,10875.326491096157
79114,12264.234710386208
40958,44343.90256465951
28826,6745.55711375075
50576,21190.86749706473
76975,14906.887190697475
42682,19522.36718995004
87635,24045.068762113857
14476,9246.758621889756
19383,42244.09058825725
49423,7103.52383046206
82328,17475.169194753315
36724,29283.520123280483
37120,8887.338694351154
90122,16114.500889090996
26797,32725.331362182118
44015,13163.264766419956
47184,19155.02712188718
49711,16803.690477474403
59262,12364.896914096185
73940,6748.460701484584
49301,21342.349733273997
30508,12870.808994110364
75820,20653.5538244154
27435,11822.808866624124
78479,8761.57360136777
65834,14334.020840770358
80763,11628.922585823424
32343,15146.927105794133
76179,37410.133505499696
35733,15001.422431614
60945,20053.686570491886
83747,9495.46071908122
13646,15365.918297788294
27094,21837.122174915097
13265,12731.843512692009
89396,7153.263990532258
80634,11428.12041169037
73607,10597.780407623446
25733,6444.680742876724
69155,9437.817888543697
47696,20849.19527242654
26480,10643.918624589965
19097,11240.43951416032
32996,15411.367333986851
94042,34871.68290647218
26112,12115.671391319374
52470,24985.935881020363
77919,21352.937812638564
51799,17957.42303499536
48510,7630.985362620131
84852,21673.09278813027
17955,21933.668811293555
23640,26743.58549618206
11298,34261.65243640485
38017,13943.248010481566
68431,13702.887051982692
77188,49177.417836763016
57033,9299.057060880245
52241,16469.302501267353
43183,41925.79941760677
10224,8668.579119090158
14950,5750.052344998532
86924,16269.735796152667
19235,13863.519385009517
68794,10530.096034137488
32575,26207.786440980646
28402,22100.841467017082
51482,21027.582862238374
60898,8090.657347208555
42431,14594.692815012559
57493,6267.312405933273
80329,24505.795799316318
50720,14517.376098960955
50633,18590.338236882708
83212,11573.976052216556
61889,3451.4938817315324
37743,23902.821855887832
18828,8825.817514185861
42682,7240.832026743186
28149,17504.441510701075
95313,18624.67663172533
23615,12636.878140716
56940,7704.051952964546
18885,10636.229814117396
53901,18968.78581137467
80338,9390.469008111493
16742,28446.546279073584
45463,19532.0483483906
88474,16835.162337779067
81993,14262.975327143335
84076,5726.0112951281135
44842,29096.20128398068
44325,9844.022131589627
84072,15083.54832233996
44415,13365.974719947293
88856,8731.879269492896
31063,8624.771376381423
11159,29926.979062967723
27327,14230.396206943984
45386,39215.33638804627
98325,6028.778952977789
41278,18752.84095755304
84857,9728.509089219198
79287,17636.82146484357
95776,13469.617442572004
86433,10536.049026119348
68201,10334.51003278479
68865,34496.49849129761
62894,12176.903761056205
12893,9427.847777000356
50766,55559.89524347937
95824,7008.3166970680995
73399,18170.383495474864
42383,6647.011991550202
93207,21637.986745625974
67620,10612.191157648416
41721,25693.632369892173
23403,23617.41293706243
17072,27181.130167923082
69600,30034.74709371345
17527,11718.134452049471
71674,19897.04861553644
92943,19534.290793967215
54306,27070.699213345648
19558,12951.100216773004
60025,22862.37662921049
37062,8932.715493932406
43853,41612.54106902739
25976,8796.734413076814
76658,11098.942817283782
39371,14395.84990611709
10459,20038.456587580135
64016,10564.02889742862
17369,3676.8712591582007
24096,26246.393453071014
27700,12485.99770885706
11382,8942.49976856867
43532,13332.75667426275
85416,15226.043109403377
58518,12922.666223670854
16377,11682.064372338857
97316,12990.045279628597
40960,14599.71880639119
61445,13106.315242819099
39139,33474.43525185874
72147,11952.591738929379
58677,14966.57251141822
19066,14489.35376296082
81657,9959.171335683584
74639,15522.14361545544
52793,15161.602194478754
52755,11699.537793297011
59903,11288.960181295079
89473,2653.2638912045386
77029,13893.457019233216
33394,29217.22600063144
83183,7820.020421587944
62369,21038.643006169106
65470,14303.708353105749
55195,19311.42053308643
88923,9407.645000868913
58794,10882.582775694565
99783,23032.829371340194
44714,18177.03985795571
78337,9611.418632890724
16041,14894.176727375021
47309,16004.996187484754
55483,11037.550043865753
65678,57727.596229600524
60411,17266.516113307032
39685,32835.03224986636
77288,7674.928503061916
72971,13635.84548996299
89879,19732.450264898554
88718,11052.070557549654
82494,10069.8336013015
67166,8401.679103447435
87302,12805.811570252878
43455,8195.23137857252
59111,21974.28460083832
92843,17327.925264805894
15972,11619.507092101983
71311,10311.165564902065
73494,28635.06198550292
51215,15722.570464547136
64267,25466.73307044286
90026,12890.370890999502
61808,26452.450158379208
75584,41525.225247537346
92589,15727.166709983574
12201,34826.78295940449
24980,7572.468144921091
53877,9901.244060698173
20422,27897.257304345563
47020,6387.893979080733
80611,24878.038404158255
41838,9705.9492013333
46593,12510.146563058028
67659,10725.489613453457
65373,12911.827061448912
58939,21335.382947004327
10608,27022.52955525291
71755,28261.242853081854
41151,10951.986858195789
89532,10036.432464771033
40260,29833.625847188086
41242,27333.301875863355
38005,28693.502699925186
91792,20871.589566769726
78270,11989.04847398555
50090,10099.208520412722
34902,11665.188852864092
86477,22746.44402692975
25850,16424.209226073264
43340,12299.950581056457
45867,7608.7399339501335
67330,12710.860806893019
66888,21937.794734824052
64830,11550.089976118588
43719,13699.2953623414
83972,6957.091932049052
33978,16282.972746334892
84477,12931.37359368645
25347,24631.75290388045
99484,15274.15385619616
10990,20582.454943885663
46560,33094.957787234525
39886,5331.570782869085
10239,14134.851552477181
17095,17217.276084437683
37991,19565.444049542515
99950,12772.246602442168
44790,19517.286263117432
23989,7744.980694504722
96128,9247.84758475954
30665,6768.090001084292
59827,8000.778172465325
16439,26196.67544971369
16581,1112.4228185452685
50726,13118.748986325652
86302,14314.03924769329
99454,7948.241203291995
69563,12392.226591611849
44628,13286.963427374616
68044,45149.20963495822
16367,29232.190138766062
37164,41606.000813961495
22795,32502.581783892914
35201,5550.568618735466
29537,13505.604904845433
78479,19269.904970483956
47090,18871.23288097445
76079,2285.598662255683
93516,14109.79487791488
18341,24767.780195392483
95477,7613.787774001745
42100,19602.94062628239
19027,4613.942933171338
77649,28126.543602492548
71681,17544.83605930183
57163,10724.281231727287
72982,20682.842432566293
27672,10685.363667285234
71382,21850.268119122113
38183,22723.67022940775
66526,9390.469008111493
94904,5178.905675294969
15740,32280.191241279223
79090,14889.224167880639
78760,18797.95795482043
26853,10818.447577521973
63382,20807.682305296214
34498,8831.235944738448
69047,30559.46647481819
51212,14934.125605262157
62324,47678.11803595026
79054,8364.39323375353
67421,20309.097781387147
12198,13016.151938158098
66786,28141.97519042471
43076,17700.001947800734
90814,18997.7465783481
67692,6232.561780039781
16766,9330.242903902497
80479,12397.519441913015
43537,20361.14678078989
14720,9383.875890902698
30051,10668.531397382721
68339,16218.866407993486
33747,21932.52441484028
32778,24178.739085286747
90477,23324.208287827583
37254,15307.139356394113
33667,12948.77959475428
19146,13407.458089893771
20850,30139.73270003406
20754,11482.36044540456
78502,12511.041472520088
85847,19554.743124923785
40791,11534.485000635728
50043,11101.287594543453
63273,27835.81842072592
93510,11944.01558787221
96133,23097.54682333493
56914,7011.710305105855
96631,3061.287607023587
18831,14864.16025407325
29288,9484.339566843264
64194,28221.79938372189
91187,17537.74560806573
97329,10719.067411036669
68217,28746.842936394867
88803,7754.279143542661
54991,1510.3030335202438
74521,24716.666218717262
66502,24228.064116685575
43284,8991.832605130758
88204,10330.564618404605
37572,21728.51882859465
67536,17268.4341200203
32816,24204.611925243298
77267,9955.476268558938
22422,12451.536443105699
93034,8108.71918247957
88685,11381.228311738574
66551,10044.236867611733
16754,6021.438384281948
68518,7605.0137398264105
48802,29458.48282190856
30380,18413.870197015825
30975,15157.12261055463
86440,22968.808582861446
41198,15162.94769273329
31526,25853.41751610492
48164,15917.682797852465
32896,10899.57249762823
49152,13060.617978583801
87490,13849.60612334845
82679,13580.06009307526
42382,33686.306288221225
34947,10187.049428569695
54388,33641.366002724826
93336,2243.937117831163
71220,22990.54436699942
71204,19218.572600849682
81802,11716.85678211059
15200,16115.240127680016
66989,23360.142881154254
98321,21801.806320616608
30283,13019.766822325084
87762,10634.781148268285
33798,55408.98363002757
74154,17400.239125257845
41934,18375.492064177044
80358,16704.14947597865
79548,28280.508652662043
45948,3785.3922442186395
17925,31116.4932771502
29830,11268.347325645369
26780,21063.09769375753
17855,18227.901646845978
82757,29878.04170487431
17466,24896.915199800525
80916,12774.73289164066
72900,9056.737827563524
79478,33053.36848760226
36277,34176.80594607473
59704,8118.283564290119
64705,8139.560468270132
72193,33316.32492203417
64549,45170.51371319052
54057,17795.24934269626
13662,12519.0773254838
61668,24605.589623949214
89681,30907.64256842319
87516,9621.664545643656
28413,22192.14363961825
49958,16028.171777368956
54977,12829.666566534128
16016,14847.975703189413
48168,9764.788637270294
63039,18192.612101925446
76313,34150.40070124235
31152,10122.967167411038
52397,20794.231114737762
13824,11808.79280451078
74261,21966.453428189838
22381,18527.98492043306
32610,15689.974090260112
87933,19841.811102820087
62657,12054.796763695076
26966,32355.44442717362
16396,12636.353036522927
37310,15361.601984730924
41450,17191.792434481154
15044,20227.268408759282
41275,16886.028865904616
48281,37064.48473933029
94890,13068.592346629252
73655,18638.57359858573
84115,9467.95820834791
29906,7919.844998934561
90950,7692.26525084453
23761,12572.642884134439
24329,18023.743257517926
72878,9987.6929195612
77284,22264.025235983714
28907,8978.643011489505
10116,12221.512991277865
74165,29533.67511417936
55062,16532.31742957361
99467,16996.67283941154
74798,15555.749019821944
42019,6676.807759474817
91411,29067.41371684859
41990,16824.15208918093
18489,15926.617590554437
23853,13733.676519455632
23329,10628.398076145855
89398,16798.447320989017
50640,15115.08087597211
97173,21442.634680526156
54705,24676.807588514992
52499,31132.403740767357
53040,9229.585373204212
15902,45254.98407540007
85535,8169.649338010153
52932,13088.30719046561
80397,19753.911605036912
19887,41400.25393067775
11988,7832.543343648893
62663,24854.632394235257
49983,27825.829321865698
27370,13696.907223251657
69091,3463.835151482417
62500,21326.539143137576
33163,12818.394947946443
94087,12965.698248231576
18738,22480.324153390382
42701,26348.826986190303
95059,13894.855542987356
75633,13642.930316510468
74899,34871.68290647218
38688,7901.7535496452565
52300,24837.57562404311
29960,13301.336958049562
42511,8210.39981030571
79024,7744.980694504722
63817,21297.02517982958
84147,9262.680180009698
18124,10757.765762708419
39473,13685.000737636017
63975,21787.633646217848
78385,21296.66917912737
21575,19611.295015126456
52232,7768.020173945282
34160,18294.03391393439
57492,12500.382415089658
46415,15211.067001923539
73559,7998.1267935762335
19923,13081.379266406748
63035,11437.944116131366
50015,36687.46158007278
97634,7798.953647483882
34363,12135.106519895235
57159,3519.9892585062844
41118,9805.820200009075
59745,11914.799586758916
98297,11084.896104662068
32169,15175.026808447548
81732,49311.10946891431
96379,14585.194243199649
54869,19385.662500990402
54101,12701.994368014228
78524,9796.721983587337
25202,4889.572039321954
84446,30805.44382537705
66823,16585.678717618233
38921,14079.91067939036
30038,19917.43212498234
69406,20028.87409708619
31816,32836.91749704554
93546,13152.238041370587
21558,34865.16921668625
65276,6496.665114672453
71425,7638.674679218169
13624,13630.033988089759
83713,14979.358163542289
84348,18871.94923470085
98678,33092.8279492558
71949,20497.207625706054
27516,29825.29712948151
63599,13225.748214624122
21272,16629.461447287442
70652,15774.540604120722
96375,21714.44453563747
68849,12421.845177122144
50576,15869.019069735548
32672,8452.133457730542
84238,15028.04923401679
98440,11448.51075357514
21424,10901.725375127644
33823,12891.422655190252
88339,9481.734528232126
42519,28671.921038288005
72291,15855.906875969265
91036,23929.210783018465
45022,7675.272207390675
34085,19957.17904225476
22674,51543.699310409436
48948,18713.107724042475
20672,13553.365886601554
11924,9780.773062537392
93547,13141.084380635384
10933,26464.01445795312
68183,29381.095877974512
43540,11437.66603669135
90833,7428.402170730382
65342,8827.18171219416
94911,5819.245005240407
90503,6898.43534715965
74610,8367.285266966795
11188,20110.86525403094
84935,10051.159693254245
49553,15103.057851716581
24580,19564.25768592028
39278,28216.879553245773
45506,10292.299800342229
27037,9401.562254097382
11219,9131.360986921942
36794,19265.31376142627
42134,8857.623248630724
80761,14235.90589046402
44199,12401.999527469903
36763,9998.767030336625
32962,11959.048577812082
92818,23569.66734214797
37515,44623.035792225965
28895,10604.335569603518
74840,19136.614506135662
26230,19507.94072461388
61207,17466.142630826114
15679,4344.196157810235
69218,6117.54240793849
29680,11088.977454809052
41054,24159.03410473118
99966,13214.173881516446
62942,23970.160862389814
66180,23753.950443067613
68825,15270.932475410773
16226,32614.469606532744
59681,17468.53701653994
83985,35737.19808641868
83054,15514.34439922094
50203,7576.643045331721
71181,12615.05966355305
39012,17351.188226469112
31218,27381.068277554587
63269,9873.664598899213
97074,25931.720802653083
56316,8682.580714672811
25428,15584.040047747198
83320,6851.413671170978
24548,10580.247671547457
97971,5369.420700258048
34391,11152.748153524153
52768,30443.78974991257
97180,11090.10807642361
74298,12831.440546001311
74087,9675.354329891823
10353,66060.24428605559
62630,9059.038815701266
24572,25571.94610289724
38525,11776.602510815486
32065,25353.748858023526
99990,26781.848385137215
64429,7760.469391130922
10548,27839.10051596202
45264,17421.281461936327
65232,13960.364738065553
67148,19796.293630555705
73413,17368.138094141537
62364,12016.41899499569
83004,10253.261970250898
72557,15041.21321930658
28780,9132.049521766603
32118,15831.588794985648
35516,8285.624439258137
45047,40333.81482335544
57857,17571.09915861582
91544,12750.970252986132
42583,10765.557747420964
71074,10184.165918683426
42222,12622.935383173897
48030,9838.69518729801
11704,14378.906344045827
76864,24802.195704221784
16007,21915.569324449178
62405,10619.62954003697
98575,26005.903523429304
26753,22979.746330381702
63931,12993.512103461426
84359,31717.884886431966
25480,7727.438344398117
97204,10826.760102407023
81089,13073.25678966385
89865,16235.962391434217
38194,25434.441802828303
23597,23670.181286123418
96396,11533.922656887293
58299,11082.110716966552
59838,16958.396016071565
85245,29395.985649794005
97111,39267.34194931056
66557,25287.987113365034
86018,8017.871167113695
59088,8795.193225104635
68560,9157.318513845523
93627,24782.51071193362
70151,7800.84939207728
13629,33785.29437925885
72337,23377.454644587677
82933,27763.54435820941
11270,25805.881821650953
87139,11572.88258768585
93336,19276.799605294444
11175,11330.489275084918
46433,14453.744136035979
44113,19458.730840457974
35233,16056.835745821
11818,14257.839275316821
15768,13480.345791362904
68325,54715.74613047184
69598,10553.453435858624
61248,23231.864586388714
65851,13133.130577057225
13180,24602.166268071313
21937,20594.745574838984
71129,11016.127575742226
26541,8597.96208285728
17706,10554.443100785662
62652,15052.980819735492
51706,14144.187592308881
94897,10710.533134764153
24238,29664.587745414727
71266,6456.52146159284
50620,9491.125963125553
31862,10763.778419372036
65932,9935.926496227334
42603,25610.177857560906
44873,12390.50253714561
13385,20202.127786134777
95882,27846.915945540146
43073,52535.13067338377
62882,9869.875781132907
88201,33352.18309901053
21401,7252.242183690576
35181,10519.46597947005
40419,22765.61988749587
23824,6924.148459636284
62530,29332.01073064937
32827,12941.72104053031
81740,20673.907109831503
42123,20177.01250633214
92198,29337.72400377036
84070,15052.648408774823
24979,10417.04411354113
66120,20171.099425636763
80665,21605.33666959518
83362,13040.497562251774
14487,17549.56665138588
77351,25361.01934346139
82624,9381.945544336946
57754,10305.923442606954
66194,9218.490523466706
91955,23495.554711752942
78619,20242.584326737906
54415,7597.98827118121
16657,6988.117858301501
53144,9441.35108043647
31296,30649.61203884844
34415,15741.594715425279
17115,23567.01287148444
23597,19276.813556417434
75813,12944.532975540113
17157,8965.975615428562
61148,32510.585944275583
18017,12416.106991234621
93567,9456.905001738236
76087,11382.167488769708
74092,27716.258662697335
72979,19306.47442252634
21252,20317.09028636606
31567,8638.796021616687
21167,9113.110257804907
16273,26287.084902542138
89112,5990.7976986796875
85366,18695.573883708705
60296,12295.017568610452
41167,13396.240577886927
53155,32008.75961087578
14135,40146.6685446146
20957,8334.936872403745
17337,10652.190840746674
63722,14397.162368569005
36284,6330.3992862227715
87378,7647.658307843918
38724,17651.40603140671
44186,9369.242774950893
47412,9917.905573860568
45403,17263.409107127532
55843,35694.55879565506
13068,9235.946086545999
79149,9747.73843150487
68606,5742.69660186327
91819,22785.62000239553
81440,23487.376750347903
86490,14434.79050655049
50875,28109.10944787931
94171,18680.25037235103
38856,36786.08946239917
46074,9987.878929057282
16327,16869.54736143746
81541,14494.721014752688
16657,11368.280984552232
96565,21884.55550961354
51744,39769.8465416293
98734,18427.784562687037
47078,15746.330500577265
59585,19922.719825214248
84073,36709.2168229953
87822,12826.963218935984
75178,10562.49812105552
45196,23023.168256928835
10314,32549.611578625416
83915,12050.813278194684
50456,11010.038746696346
47924,16405.63302951124
99452,25383.67559913174
18645,25385.542645244444
91769,12463.402809948382
76220,26847.87547272887
36529,23735.70473391576
51663,12537.60275800178
43114,12263.088843790458
17149,23736.15891117287
17138,24232.45877505481
15118,2443.181336940561
57054,13393.701925173882
92577,14666.506134594616
83835,7036.958376709632
52049,10778.30300685858
72162,7783.289444080696
31011,25212.828858999055
28567,8503.577950979616
21091,14273.443123297302
11241,6632.823830340432
98278,17905.644181512667
44993,23758.155550628144
40482,28256.736593650494
62709,23149.341282062553
51556,13605.202327952218
87495,22622.19041341638
64119,21853.60764656743
58443,12565.879738963155
97406,34281.463533863105
61344,14556.361233120882
23724,22203.366447652483
84020,12701.575295999526
75451,5588.524719248935
37095,11891.958318874626
38797,16506.650840134454
26107,25186.190388424213
42841,9858.476926208352
36738,8640.152931395
75271,31997.603394450332
48456,10392.442410729163
15819,14192.187311052485
82997,25097.241309106
63291,28523.740460309302
66283,20241.041195087026
29026,30709.210832468092
74098,36368.10698520353
43033,7103.165321752478
79289,35180.80046213024
39303,7082.678963899505
70758,9443.605093338916
57931,5845.159715706515
33629,16780.983570528795
15540,47477.43117090143
86544,8980.195348945323
11081,19767.51205917347
37841,4254.120680852446
59094,10489.5477271671
77129,12094.515986426875
28266,21663.82225909451
45084,12370.826745050294
11517,15711.551313444907
89259,9699.686593460685
85068,23310.913629322276
82047,11963.749026049505
69441,17898.089316646554
99897,30015.725635284834
12206,12937.106155078873
65027,16903.43990346608
25933,12553.832443172454
97040,17157.548492955106
44389,8589.51442178974
78510,9156.007771457575
10740,8709.928408660791
25305,13960.981147761375
85038,30720.183679169
65864,12201.674937118989
31800,9028.027179206092
53016,7520.963731987318
82568,13484.49327637795
35603,21631.923948730095
90984,24582.727289770773
58190,19748.318578176702
48135,50538.321686598996
12550,10699.057074721437
50292,5746.771469969006
20809,12508.499636647026
39861,18092.484575694783
11042,9209.00410586594
18384,30248.50256267647
16980,10229.586788171931
89135,39632.80666792203
89101,9991.482267864176
10139,8903.946027899658
83835,20478.783170850023
71334,21592.119039914905
50047,11806.642564910275
14025,14653.502579519014
59072,21030.100112546424
99175,8920.301708565554
63501,14996.624929427979
26193,21688.16388934377
92907,10967.578669300263
16471,21179.623601771455
68871,14534.812453617185
77921,24182.387804772537
65935,14069.709759564354
80072,47879.33135157176
91326,22073.160348938236
27781,14250.03672362964
70862,9028.994133181553
31399,9377.47131933716
52647,19621.5401239113
56848,20967.779332397957
76886,14856.129540132444
52628,22873.560292523074
78050,16763.877106555152
45248,25949.337401631565
24840,7825.617027134953
84346,18562.832621725305
50197,9573.943176549645
15816,39394.256498144416
36690,16041.621825043661
10917,1615.469806529245
44168,18264.94826164729
28927,21037.180188187536
21656,17570.38804185893
87516,26060.196073629955
66876,7994.292274405723
72024,8538.491028078119
49655,24288.75486048655
96520,13057.736025820335
33834,10779.613739839668
95188,23512.56567698847
28110,19466.4976005299
34777,14973.561901259256
44293,18501.14952565111
48172,2953.389124291103
96422,5560.278198429269
56114,6373.089706451408
50738,16238.587865513973
85967,20339.140144865076
79089,10018.894309442552
29175,7076.713167485859
68296,15180.711227129319
91760,30797.69379869136
74740,8891.44350925412
28772,10345.950867587791
35720,15423.926297022788
49825,12320.66418079964
30568,11267.686358881087
49699,6522.775416046827
17321,9080.02948010163
30285,22435.561603857896
84096,9010.75604992188
69740,25591.588013480497
15905,12565.489769307476
66359,4139.975178075483
22501,5039.207906527237
45326,10581.858674997595
54424,26463.401005690426
99067,13910.514983930538
76356,28502.280617884957
80781,9854.318087217001
60523,14172.808052433393
99754,19509.101008157108
82353,12185.536422815363
91312,10279.365367105376
59643,19535.66442941764
48591,9157.274119961894
28909,18272.487165515275
79514,15632.762461125174
59283,23172.342997998567
43646,13104.326607799105
58306,26614.777857737572
86806,20002.881159232365
54311,33995.36485704559
79073,12030.600668463849
41423,8660.578197560879
18131,19461.323512681553
59797,11704.74772704913
20437,35364.16777962607
32125,17361.56713577782
67705,48990.985223142765
76189,6364.148010156017
46785,5246.53685568788
41439,40320.56706023622
28443,11529.134792938752
41662,5929.068668825894
46727,30399.77064908423
94563,14416.3973609559
10555,11992.110882252247
18561,22759.312323242208
45549,13705.652843649183
22837,14604.192246945044
15803,16470.005566491614
20250,33805.26103667025
89770,37640.62872078574
73747,8391.149106439554
26875,11258.617957534792
60392,10975.694501934951
89089,15126.817510431609
86499,10463.14309572264
77167,11524.192320198277
58755,26943.64656753468
34263,11703.918387077294
60557,18332.05132798442
14251,58102.15876665789
20843,9038.627595300914
61677,15206.833588114352
18130,11643.781439487426
95141,17903.479437891663
92401,21613.215556325944
57198,27284.954839708596
49408,16443.763911671005
20964,26372.45100868181
98882,31386.782555879232
96007,112450.77713252831
20905,10628.69382624911
91938,11220.160343202037
64707,21280.631283348222
82975,15824.674340202699
84526,15234.312373087936
63708,19204.78888787568
49079,25509.846318998156
74675,6999.092174473557
44546,21653.563939541415
46541,19338.749874587116
36419,9002.20381877173
64337,46465.47343754751
98675,23856.549519266966
64852,27318.29529817441
54701,24580.97050979087
89995,10911.962856613072
37887,8385.101250851787
27634,13485.804507437977
79841,12502.591350765164
53091,11061.58131207357
47351,4683.423682433178
22511,28666.712447638154
89355,15552.260407698748
52170,18587.012753584822
79914,17110.255165198745
75885,13113.68220538161
86169,21378.38868067704
12328,55479.59659127247
41533,6359.266363853098
34508,9932.222979947277
69414,19730.64949025355
40217,19297.67067206763
60537,22895.577904908096
13794,18267.10152118698
10233,30450.548546984544
37467,14535.413852747344
45086,11789.28069296848
66892,26065.899102209005
75525,19791.242861674247
20326,6139.763175364642
21662,11255.927868967348
93417,10266.724097074391
50773,20715.938885422976
99901,11032.541081062787
36042,8714.702243853706
49156,9300.314812873368
37124,15742.783749087077
49373,6998.715305534219
55709,9330.596200056203
97312,18179.473583254538
74255,26381.90946445622
84269,16048.739346346265
78022,22748.086054773903
92784,19791.107074301653
78610,7016.67493239794
11280,14648.813456778957
84952,9136.320698825723
34601,10479.177707441882
36712,9208.723148870253
34033,10992.586167098376
66332,14463.305538934641
75466,27865.2172812371
35905,13121.165487003698
37216,21919.611003254147
84487,12009.954872807004
86523,20256.74150088818
59908,21532.071971799385
57170,4329.323166172402
97289,13415.836961615933
80043,8688.615903779755
79689,40764.08969060402
28360,22219.087900643342
64452,8852.352061080263
64809,21198.8054486257
93915,28588.233816795
77638,27181.495298207257
24926,10687.580043247473
86352,14920.526957450205
52792,15895.421910216082
21270,20248.146131476107
36806,10052.320529782071
55406,14290.36617223515
88529,9495.00669011899
71691,18851.465366602144
38338,10826.658600305433
35213,16756.495622506223
39883,19047.885335310522
57052,28206.09459932919
11599,11174.228903757321
75633,8004.049875164634
41324,5931.6590975741
71525,8438.009822954662
58168,8217.949774632174
54660,12631.553985337636
23302,9867.290724277962
88281,4829.169067887917
32073,9687.772611801993
49826,33371.045531214375
88978,22719.97567833129
57575,9025.144950515489
59797,11989.863065755671
21782,18045.608816136093
69812,10341.619211018726
27080,19246.346135077372
86049,22264.797901089896
93069,18994.4148530976
72170,7138.486759230833
85417,11006.831048407803
17272,16698.399940148207
93281,11875.847998489062
48481,16960.730627653003
92069,32335.13651700521
24387,7022.669501241249
39477,9616.562465528452
56027,11854.37715644325
92485,7621.5589421610275
94353,32309.822199956856
14900,21719.19274802452
34759,7522.04878101754
49670,17156.861549563855
77709,9539.41276625226
23874,10104.026669104665
63185,39565.97503395874
13199,18531.996889005524
21891,13687.230801848555
56091,12808.80187926211
67514,8830.799257875864
52386,6522.856362213235
32688,21252.947143958845
41041,12576.378017051768
37258,9907.836457175861
64858,8167.25380329743
46446,9502.303414897298
58843,15593.749172126629
80626,9792.931209863298
23454,11551.103997460126
81454,5722.542696327873
95018,23168.74851455378
84551,13905.758923678935
74350,10709.924437837322
75199,6034.267929236614
32175,47095.517673861585
42742,9619.127064263252
81610,10878.13212966211
47675,8480.751468989318
36276,17573.542151489833
46720,12143.47686919505
34236,17560.305862371464
68663,42166.15676395947
99237,19655.069886110396
18261,15637.57291427521
20897,13300.13470126394
40528,14477.02272352203
96460,8469.808105445167
23172,10688.24485394857
80989,13969.169585353819
95307,9123.805706810195
53532,15143.645189908626
76511,16312.926299986751
57112,10640.9937975645
64202,45317.58044407679
13825,10392.217945131148
56227,18623.76669374992
21544,14930.864626672139
91661,14414.114131549743
55116,26505.414155125465
22085,26660.208784156715
45559,8974.293270219052
63629,15840.326673889445
66253,9148.909449611478
30426,14283.224909797158
81664,55932.6355850031
85645,19306.606855068
29174,19088.042900933873
53576,31524.142067104352
43574,12443.255208088598
39890,13689.39420472085
91406,23840.667070244526
28163,10673.574246495595
15796,20765.6893794844
13973,9590.80064422359
93762,7753.732399830615
12566,12491.774416111088
38822,9564.724317049602
60512,18978.239098226506
12649,11537.235791760617
36480,6025.004908582847
76222,16633.002774914778
27793,48687.53592936431
19204,22380.20303296743
94692,7632.449704122504
83791,35245.74702662436
39033,9960.347679175547
22940,17875.592361268737
86995,9307.103975621954
68674,11678.246238892432
74898,10050.766056961034
86449,3829.981988280824
61610,11105.882521737854
51907,14310.515727021017
35073,10244.389959784345
27102,18654.21614618899
78911,5071.679307135142
79968,15474.326068148104
17607,7457.849565834744
92760,22028.00577400614
58611,14045.873145742295
50203,10140.593330298405
25717,20427.944500131955
65509,10079.61039438007
10086,26679.69666836208
65921,27976.42846830623
88757,11437.444493560564
41057,25431.981775931577
99143,14199.390795273759
21484,29840.59908209679
39603,22073.516039971095
39963,5106.290751614159
28855,23507.081947165807
92319,6946.710254303431
88854,11057.695391008174
91401,16186.411007978675
18595,21633.34968692427
87187,14030.891051467046
43505,20654.23397290442
54667,21027.464943938627
15114,8400.989090799229
43915,9856.614691745217
16795,18192.860121262704
25805,15372.85300287813
13574,11262.416765885595
39027,7073.804902430538
19348,15063.80610201564
64479,9647.277901176361
65154,8037.255291951231
31851,19336.662093674087
96373,34255.44749186943
27484,14183.290605657068
99781,34087.96151670076
10135,7764.286782138091
76291,20012.90780051672
13653,16803.870186233704
63511,14356.459022610336
71915,10613.008754679136
68553,20357.9675404027
50863,11771.021977815506
74338,13340.85165730265
76556,13179.84760006808
36540,9801.646586221701
26706,17743.889865822923
78136,9824.008740106068
65320,8397.010202835761
68369,16082.772801021774
68629,18813.01489379044
48306,11494.52377666434
55336,9740.996398782296
37328,9212.136709133745
84526,13772.580572573403
24933,8496.407028481724
90940,9677.417449552566
68061,20765.19991467861
77957,17711.191575592165
84598,10266.724097074391
40213,14964.065769759742
76930,26649.310410492555
19457,25061.841001604538
49779,4266.789548621204
85625,5559.864905204691
12220,30323.06908929818
15490,10096.888303834727
46114,29102.204207907467
91425,24210.97577647639
62420,19899.37060383605
47750,18915.38405813979
35007,5836.0266881644
58841,9055.792425034233
30999,14533.905783226852
95820,11513.882127723971
20209,10035.14951918949
88863,12801.58570080237
58917,18741.964484281998
35450,23872.43116939882
16548,26200.819167313894
42201,6877.194048782432
33684,10100.37514632367
60661,6389.623538274616
76580,16265.47862380455
63870,9996.130631433953
84994,11215.721369785027
33391,30488.437491664226
87117,8143.675410303758
20196,19957.88628171947
60639,8428.129761905306
97325,18680.157889950497
77305,19674.265254153943
29813,25472.063495097005
24880,7412.185421952754
73331,25334.18333067183
41144,6611.175258136567
85063,8822.002905185975
70587,14909.965573478028
55524,37376.71795354888
13525,7137.006274805597
90369,26880.37864668987
27686,16831.779073598285
47974,4854.378435110493
40290,12855.114318005197
31780,18109.651218834122
20522,16907.40604816523
69177,11539.248963514303
44355,11738.412439226682
60954,15737.179487861957
75881,12775.001913911361
91052,22361.256616839928
63116,10955.60985398147
84577,45217.340857387346
16482,24967.738863831186
61418,6955.176249463992
94640,19442.981487978024
79692,46120.458344407016
48411,28028.35128613534
59545,15976.684939665845
46311,10533.417630194139
52870,17533.844294733153
79162,29408.702413857187
73589,17305.288502580293
79741,15672.889137701892
80165,13001.188544395029
83549,10824.553741776663
59090,23241.081714029875
47260,10541.602972538818
26638,18169.858386367814
32847,48037.818243244874
52622,21484.596646594946
12230,19835.29534770961
52692,17786.99946017905
71744,17851.52424725808
12209,11871.182230076301
19298,14564.810022127882
63745,9608.85178280115
62487,7416.295522590608
43700,18432.496263911893
70450,9438.00558247498
76614,13645.710369181914
96268,17915.086781846345
94365,8059.69510533766
68190,17713.40056587901
14214,6208.400689086337
76181,18630.383879658337
71077,23050.288703370727
21102,11803.148574598203
70143,17092.663995887346
13583,10032.83422639275
20595,17112.194684248745
73841,10932.769599519826
56073,27883.56473893014
32531,21895.325121542504
69981,22378.824932954416
37806,8895.733566116018
71894,27848.076946340407
61199,5771.102911875254
23838,26257.09056079014
68610,13232.385363432815
64797,10287.992257420054
55368,10445.833380161184
14870,26464.768559103053
86847,9380.529990976655
68127,13884.198143751459
44331,7760.918843997299
80743,12284.277415856795
78942,30081.533169996415
22396,32436.385866853358
49297,12066.33630912151
48788,8380.471230791085
10233,32504.69226497464
70395,13715.02298490059
53760,27015.88137813068
99657,14389.38011349595
77805,11456.003001962596
12867,14083.001631301267
89244,17806.10021971384
21014,12043.103564782628
65736,10702.232309809078
42071,18563.05626637023
49784,54148.950327535174
26547,21399.767004543915
63780,10940.773895361523
32984,32639.790019952918
21829,9164.674866611895
85549,7411.215741372835
95371,9017.562548022122
71118,16297.001650080423
61983,12316.138427509002
35454,18492.916876824052
13809,9516.404004522994
41214,8667.85901925142
24429,23075.936780310625
71621,13266.061078709205
24849,55976.77275864243
82470,8235.183294289502
74927,26434.43112255403
59455,16879.636596095632
22601,6353.579593845016
95100,20692.34169287265
14089,11989.624520802245
47724,12711.22466628109
46766,16122.311682007576
34463,14332.11042371108
68568,29335.345436553376
78374,19112.16193450121
30672,7005.068938884542
65596,5947.788093235407
42379,21360.220349924115
82687,13848.866730978209
44069,13022.232600508934
51604,15355.882104183735
97310,16132.378232015866
74385,6439.837494972124
92103,10491.320140512551
11334,11447.548108243613
15783,17721.107018968924
65582,19193.858449083935
72089,25095.16906832208
25360,25075.450826680702
97860,7862.49806612477
29859,11943.279477955466
41136,29108.747343957963
42432,5608.964030598707
51696,13934.569965013756
60995,18711.246040854294
18098,23290.082836351237
65292,6900.777907941798
40214,15833.879067410846
63028,11321.589814164403
42246,13498.662694140847
37564,19920.696027166152
26804,7118.821907475924
78555,15684.920798202013
42491,14494.368481911524
29966,24009.315582863055
70378,10927.797346840323
96453,11150.015623228788
51371,11747.11015639616
52081,13252.909687905123
47797,19891.671763868988
98556,10933.958270011164
85069,41979.135372686156
63182,10969.816406142725
34074,24908.273454830443
38616,18395.00590657205
10426,9149.177278586241
30189,25896.20499272686
35864,9372.845456114093
39543,16528.721985002056
88425,13739.122269311232
12752,8797.573385898482
24874,42406.04764122386
34388,9391.779972767567
34408,9760.92273726849
62805,10016.922144474487
85854,15728.677387393333
28886,12965.188089210504
54355,9091.621450203289
81355,24383.899825922876
40609,8845.485054564939
22015,38260.22878275943
13499,9857.70922302132
36117,6965.932225905881
63821,13068.069570734144
86022,24584.506421810103
27822,7706.228972322888
13682,13649.970821259196
92082,14494.543567418556
54759,12213.236856425836
12821,10056.992944443477
95543,11741.118693198172
84917,8625.18087450938
90905,15247.472439099998
39607,8067.968614803154
91495,24080.874531709414
49229,16694.853811128018
98842,16435.642908634578
77232,13736.707159805088
60053,15164.777408597645
34979,25577.917211137214
55317,8534.489037059073
13226,48409.23084404369
21959,19855.797051939473
76840,40079.9243404673
79033,15828.987789761783
30839,9689.716141024164
12380,18508.915987942448
12814,21291.60869117796
55886,11593.18203208603
95740,9344.55856815135
17730,10547.937545188246
52345,10900.040190447573
84124,10761.288934608117
58637,11899.418752680212
61645,34717.57457558041
54161,16208.31302141134
55292,9479.209972471768
34055,19620.08485645485
91665,16949.272337046506
29847,24127.363272278002
72006,7415.044092393495
12081,21782.34999391366
93728,28483.950957194174
23667,9691.789121657954
77583,18218.284092415503
10809,22613.829224912723
82453,27664.014583521835
54850,29837.623428040544
59616,9111.670865123724
52070,8235.858079561316
19236,22901.893093407896
81565,15910.36285853116
10688,8561.034492149991
11851,14635.076136477517
36670,14013.583702185251
51641,11434.897334780988
72696,26309.10127604376
43099,9464.09052666425
45163,16768.72273640411
96220,18845.01667619798
34632,7651.4511430541115
47283,10031.596987916117
52799,11087.682464398016
93908,13864.035061060213
51769,14948.31409891908
94992,10844.892538981503
99139,22197.459158883892
34086,10288.723288371708
89572,10723.08420272793
60687,28757.2992884408
25482,21098.12485974381
78349,13075.413802087542
12815,9960.347679175547
52126,2533.745883061645
93927,17951.074322776425
49162,14177.227938196671
38148,15953.916070897663
26487,7859.969074811381
91096,16225.487091187002
82262,21868.428177426358
63025,14510.350505128483
54779,10327.325063297136
82442,14374.526493030591
79729,22581.392909355334
18784,18084.14225026135
54773,18644.911463493812
50277,15936.97163823162
22022,8242.645373648993
57209,38570.84969612883
98581,20968.85342367927
88564,9817.310250557104
90945,12757.885471966749
52649,25188.695029710798
36272,12545.743873905725
84795,26441.56635918631
96062,4381.918053585328
12205,53565.80147278559
49707,9485.708924603096
97063,27760.835097069506
58248,31420.68324593646
64567,48737.51311858755
46518,12584.830753267914
52660,9936.899352881315
72917,7114.2141796
99412,29883.08309956337
28136,7416.5732037801135
96519,14618.538414331864
57209,21546.022106222015
16735,26474.690958626197
70411,15370.365958670502
64780,12057.052706633425
39980,22924.817310081547
99159,9654.513782885786
92500,10144.942499257526
97215,35887.009026879416
72303,18949.972734342493
66151,13414.417800549705
48179,30858.199660280417
34721,18325.841349524057
26917,8925.615313329052
48285,10330.476229708844
47879,24976.40750294801
17977,29836.860431855348
70687,29434.923809577165
46281,7714.829302234331
77028,8770.117260067665
19871,8850.7053652857
68101,21272.39399737553
68958,27947.484445096125
46418,9286.816432131509
52247,14516.320213397361
83325,15120.654368407624
59308,31517.134146590986
26732,41522.01332764822
24403,15509.194201230119
61596,44572.55350640368
14367,14032.291487663217
83640,14911.687048977812
11982,2602.550569788167
34350,14218.667993450086
22360,28494.842111059723
21480,11701.837105856408
54963,30914.506675564204
45857,33520.730248672204
90581,30799.301801923986
46839,35142.420616965785
15687,11349.39939956362
55972,20522.99459255353
87733,19124.49675144069
48418,7433.354206593091
36399,8912.552261630211
99506,28373.191836743208
45328,7378.3449401328635
81699,16892.930946533925
73801,7645.508928765679
86249,16195.659301544098
23991,6984.915319247879
31461,16138.145000320634
34108,11177.441658558364
13739,11379.576737087904
71018,15604.134684277227
17205,15884.548911470663
68059,2412.8520481162705
92606,10694.537420236746
35035,10124.892293602868
46214,15741.15745053098
82303,4785.283450825556
43293,25721.797989739025
38745,12814.01279093188
46640,9269.158765332064
37619,9002.866584672765
78463,5711.845616612085
62588,20400.214018178372
65474,9569.872501802121
42873,18149.465177973023
57230,5985.430496117966
97216,25103.437917254567
26806,20066.97064118481
94693,15458.525808559618
89078,23786.933531838757
67280,10103.759715202083
20075,9123.805706810195
75831,11558.469361431762
15432,26013.834255063815
76430,35083.34366245923
90416,12794.710835914813
65796,13606.473850942397
62688,16388.022047841718
52616,13973.80418022351
32935,18569.58638373861
13791,20744.77450530782
62350,30649.473398417533
99817,6353.846382405251
69265,13216.394044180532
41608,10055.168427991357
15805,16544.05494596668
63744,16916.987649976552
26855,25032.158675041486
10130,19479.366786748364
70579,47846.83017547952
38423,13820.456492551511
72417,12051.116944849258
39556,10848.55900946719
91716,5213.337981093911
29990,3838.9805036157722
53443,23381.07056315484
29782,5806.094842224846
80986,32654.795167808676
13458,11701.325897562823
96993,24699.6995343198
43124,25168.47072611931
36905,18305.76064909223
61777,22512.497388896125
