id,price
69940,22464.298365378552
44315,15004.69844600465
41540,10984.016880379013
18443,16771.908745081953
52142,19924.836911612867
65709,5061.375640825336
62910,11477.35041026178
99776,10391.794788885192
40708,22591.818329664813
96765,27503.61751391675
52928,8763.745500212677
40021,14511.193404760095
98392,17961.80134001997
86830,14559.283621055018
94536,16662.072727528623
93193,10401.709268043513
87617,19853.844770548596
14801,23398.759794858568
15013,18121.474630166835
52883,27611.82729882325
31734,4671.248257657042
65314,22631.056334582347
71105,8467.71808670244
59591,12566.171646340275
89037,16242.394336862011
56374,19288.83646259188
13524,16298.60688134053
84388,11523.811102855963
79884,16840.278463974453
72954,29814.925736568228
75216,7679.956093515437
33383,13906.353495986095
29832,9843.977055531837
33110,13043.776551603814
70848,10727.016258765374
40932,12336.655109411457
87246,7904.546060334937
61012,20566.7276328631
37025,8152.631215117606
12342,21221.62379031707
85804,42798.250026658294
48587,7518.5286118123495
99950,15747.388536765531
42232,8554.967144835418
12686,11528.753069728085
63871,12409.092479785557
81844,17008.56849945237
88383,15004.69844600465
89574,10274.876669131489
97473,11649.319055348018
11330,14615.418050608918
74308,23917.406428820002
83311,12486.210526650946
36292,8416.316783508177
31986,7225.477747743345
69741,14729.231131113365
22310,19906.395246980195
21914,16592.734319236813
14486,12298.16047669695
75307,25528.800762710045
10168,8231.266931340182
37138,9116.17435144709
57002,26204.15765911289
85835,2607.3057976745185
10668,6068.049802609754
90081,24201.99595819631
65847,9911.129794647964
22979,16481.405884964104
69310,9969.215122401663
41517,17919.036928371916
69132,49542.65125858612
47563,10439.595561126971
86660,29606.234230566122
64128,26171.244242756584
67422,28109.86003138643
98124,14905.530415816862
18716,8742.211897266503
76451,29625.367853782045
88649,15040.124341386489
18356,18475.32253133236
73489,9749.276665640198
29677,10448.152763636248
44876,6939.637257043747
39387,10003.013353236973
38073,16859.354463735344
16652,9847.379811154504
14345,19324.53642450811
70100,10549.740372900127
56901,7598.247950176808
20308,11792.842627999464
12175,13762.893458800998
78409,17750.095910473865
57549,13546.313614726825
83980,22740.911468478836
96598,9353.970579641262
93646,23992.7131422388
46784,8087.865385147477
88737,20855.19333319142
86329,15475.20823747944
97535,24259.58237575646
74164,11882.053041445066
65037,11600.449460736862
52209,8868.121320293125
90068,11109.98675032493
42009,21522.89107113939
70225,27929.59399099918
67116,16539.10267973782
71383,22157.718360221348
13156,14510.222194678598
57482,29839.87041880394
18641,13315.522676062072
30157,14995.0339630757
97855,10559.581664954665
55725,10572.512366631647
51606,10595.408785865657
17807,10694.829400472485
59471,13494.386286070912
39498,21350.277074228714
74952,9163.964289761865
18020,18607.434541568535
13002,31296.48984993576
82584,10019.03135503387
33723,7437.9320310142975
60037,18582.519112503775
59808,21042.406559410396
71923,20774.770293153037
13700,17251.780386703962
81982,13053.637997261598
26604,15820.674434149823
44791,9870.047132517546
59947,14291.985473038114
98567,13112.09596603997
13654,45532.21186664456
79635,14809.234766272857
24896,13800.456153363182
75023,14923.903363294676
73525,13965.820689707514
41802,10763.399081059837
49119,18534.292871431928
90004,8828.675056936598
58374,32208.781552276854
32982,11593.134447463432
85362,30806.416056541908
36714,9832.017590380518
47488,15933.572289817108
13391,9559.754815386026
62562,9777.28935964121
71354,8544.322290526306
33838,7528.655560384286
37113,35290.645626071535
60685,25071.69911062958
90305,29348.31725046575
57840,9615.97311467207
12533,11772.907217303326
87220,10495.834724173536
85707,18003.08192815235
67188,6699.981144256097
67526,29821.91711996495
82173,11407.420894981338
10028,27520.7967347675
29227,24898.293232415155
71559,49284.25219681545
75351,11294.445451066922
35024,7934.538169461348
39671,18516.687976835296
29011,22606.50858470009
80147,27959.697834734798
77822,34441.83290737074
54226,14364.032204730178
89363,9196.04136455663
71874,13398.093368774287
49545,6707.269233700275
36573,11315.224095973801
37027,19299.838725108697
91881,31977.7261883006
43573,9610.645199945682
48741,22381.998694416863
71831,10586.391614938337
81312,21719.30949728046
27547,22591.74261458241
88427,44108.13039570612
64335,16850.739313545906
79054,19877.085347586315
50871,19284.539562872164
15182,7844.4823267180145
47192,39578.90236131051
25758,11859.658183999376
48511,14690.496513431635
57461,14993.388842788707
73725,18897.785921128583
50606,26498.966152569854
25775,18266.64324973066
26012,47438.448965077245
22477,8486.663051779204
70020,18168.153031056223
33259,12340.22440259969
79174,12518.801568897277
81929,27222.32649322105
62233,17298.682603339552
44238,9881.975474196459
45847,34092.17156189258
95500,13072.998375414596
96022,9377.758782740899
57832,6405.994110099909
65914,20800.965173358298
11411,38311.13565495661
50662,11539.267631954484
29286,9517.670185404892
60058,17793.150424452957
98901,15064.633051651772
25919,16087.04966327843
53646,16345.247134189027
89713,14433.536029712703
80385,8764.55789799727
90811,10303.483995737537
29937,12764.392135381375
67575,10008.78858753966
20241,35271.19302670883
93242,60604.025898966946
77743,16728.00004203778
95982,7425.092415341804
13869,10305.521398961706
34720,14084.291020713434
81331,19170.80518515216
72543,16016.110947825278
46183,10949.106659541503
20715,10172.603018313126
16461,7211.647242118845
77698,9569.941415365814
18448,11353.869863674388
58364,14372.380834445708
20578,14654.425947259286
94094,24476.92541842091
99948,7106.234147681798
89282,17319.033131558648
86237,21716.778694944558
85402,13838.080338638485
19564,25983.548677336916
49203,9504.653661202188
48850,20564.85810043454
98654,11947.021062414035
27873,11954.279144426368
20134,13582.93055685124
23656,38396.066142448704
91926,20996.006814978893
54462,6104.841638235017
41117,10366.564176705211
50736,6860.096229819035
81768,10244.596394449713
89839,11043.150196119444
63930,11742.066386214741
33616,17085.54593514045
57073,15432.954756444806
17133,26646.927884971636
34064,12346.760191389243
89184,32606.819230718975
24862,14817.344017858313
46350,9625.840628479047
46627,28829.33567092342
66117,22503.478191191236
55256,11825.23911983459
64494,10594.176326678888
92553,33343.60927630494
54552,13430.755472455552
22491,7325.98259860355
77198,16520.188471081692
51564,43257.70539023438
53053,17648.585092061086
46709,9875.197077143948
79606,7563.76045919555
14870,9143.541068207798
24715,10386.619179787524
73402,14454.209714672512
13691,21022.50435667144
75970,10536.512304937958
74793,14144.133019360594
16372,37317.71827859553
34479,27494.63883806989
87225,15399.897442283132
19843,13461.416047593611
90996,9976.7012286762
48805,16944.835578964085
43365,14659.28811226534
62917,14653.883111083527
37081,23288.31244359077
60913,25163.106643680036
25748,9894.627002947029
59143,23037.917239369744
70647,28679.098876406293
91234,18441.590145994134
17287,13824.87104942946
66682,18607.735001176115
86204,20458.593949821203
90052,8814.023892874622
79376,24013.134096474016
55167,9679.065731400713
99018,5799.623346608974
84513,14707.307699621042
99514,9707.524940404473
94202,8810.742478838774
24990,13434.915596841101
72968,11029.325580068724
68910,23122.176159880906
68051,9992.957449072755
55410,6117.962552701003
72869,12484.820458810978
41420,12086.050369234212
31232,13884.095944828558
74172,10493.093169613767
52728,12662.39579345458
49583,18490.789156771458
28445,7863.32703059883
46437,12730.271857592965
15708,9981.534684580962
94086,26905.82849907362
68573,22006.16487298289
49124,10360.63087146241
13202,18120.34880152227
68694,28033.51757827963
80695,11142.433876553387
55560,11742.488696256187
84885,11860.163311706607
63064,23121.742078138705
53294,21239.606448447998
18134,17612.717028762825
54401,5260.088404498387
92045,22819.787978282322
62754,12795.073634092681
90605,29032.32636662962
40201,16003.680240232901
63127,6848.669920572713
66369,20413.48007179822
53553,9211.878535718613
97912,25060.58940576193
25720,9101.557601874476
54997,13575.04139131768
71633,11413.264062233618
19423,30332.11292336732
58286,35918.09463375805
33230,12651.254000064535
29493,18853.914796041423
60688,28225.217785002707
76567,7942.771321735967
69619,8415.444292355138
17887,17501.64752379995
57519,16268.34335687449
29747,6218.652235640162
13252,15143.620225376544
12577,6445.112994836361
35708,35604.82974938792
97240,5076.212024010565
42203,10848.800233820737
96265,15245.299696872078
89879,15720.952116333116
42421,12807.363858195311
15183,28900.151713763218
25095,22295.597816446174
13007,20593.203107997502
82862,15529.505259417132
72457,15203.412611449021
15331,9493.829980184197
76766,26049.01597136997
62881,30127.12833017569
11978,34568.867066513645
48345,8472.625737631632
26072,11364.239290653826
46315,7148.262819467998
17733,25363.883789514744
47176,16926.552216786313
50753,19500.739748063246
78438,12892.837916780862
95090,14523.53605117018
12058,13515.23054717397
70723,21955.840630811043
89022,9290.839414878248
44333,12201.789104077869
55967,11712.89180282528
65125,24408.81271582444
68975,16035.554214345784
52199,6584.314931761814
51032,14027.1544246696
92212,30703.502985062878
97887,9947.946402158383
70580,11503.131050229618
22936,10829.340954466626
95296,7193.584983515539
47899,14733.125233555817
18441,57763.11044734969
22585,23846.329893090107
20392,6702.5249797296765
90775,31141.793221578504
50896,53107.79112366688
60044,17962.174769480975
84935,17698.668953070075
78641,12614.991589776197
77261,4443.144141176672
39800,27204.535249015928
40129,20423.800642269132
88929,21897.037982013935
80046,20559.323251751677
80919,26794.628545225285
94888,10551.499488395282
88007,8524.524680479206
83274,24682.417391133185
49434,26512.454353880894
77163,13800.1569315269
15890,24476.2236595629
30859,23171.20015626673
70789,8272.799548836714
77125,19310.118472868893
23659,18917.66161518901
80082,6629.408407028557
62110,27305.01279825208
25363,10240.459709298495
52159,14138.03990581671
18896,28446.750007964572
24553,21313.57067934621
45104,12435.926708691468
25303,4560.203004581765
29558,21375.695234166025
92473,14730.998795648287
37928,9627.935371230858
23735,25930.557997325835
97888,11538.127684838226
87143,27102.109567258427
54564,27772.491845683377
33888,14342.472171656398
53563,6253.0338090305395
53908,12097.292738528686
92267,13697.407953619138
68305,21750.849982028907
29046,17990.910769008296
10968,13014.982641365104
14949,8624.932451989453
46196,13758.198175509673
59677,7981.193211085172
91751,13172.884530391042
96127,6027.8726551002055
86202,17495.171704327055
62365,21040.939889788006
98433,11753.892011454034
63777,27259.653443940922
77004,6406.157937837625
58998,26458.941501168738
36749,20373.343653558124
73866,7092.191775642566
42087,6760.729826095159
64753,9419.662044349301
41518,11723.611665025848
87161,9975.729957266114
74276,6088.665445391483
84189,10495.97527773534
41159,14839.74587219939
26544,28135.05697679813
75614,31028.592133976243
63483,7877.928796740849
23312,29640.4871564879
30316,21204.49470860134
14218,15837.673609148495
97278,18941.43694681519
57582,45843.6357892216
45302,18945.10271606057
10393,12646.882849173828
64953,9869.22187402863
83566,15885.19331160241
23933,24107.629431157402
50614,9066.983133425143
40468,9031.531889925638
73865,28231.223752349648
99318,18908.86079076351
61043,10096.486801495108
32189,16849.519600956686
90045,17388.088216374566
18576,8663.712387090822
91000,11752.416671489585
34168,17315.541415589458
60545,12772.562467353868
60278,24987.952956470242
45185,21454.675792514892
73472,45720.48616032691
36328,10450.02120663131
16809,8882.227494830953
14188,9841.778817714552
40401,10643.31442788083
24444,13285.410334126285
38995,16999.246874928176
97585,10556.080320934696
89040,20132.533337196634
99398,14755.649272050352
81882,23177.93142728495
34509,9228.915542389841
54482,2507.505782708351
17298,10958.366443923454
39845,11627.867527908244
24760,11898.383008355679
22624,16481.796983170505
83822,17010.39832439769
88935,12748.709595177592
95520,8683.600045625197
65289,16202.68839286216
34936,10775.741037259173
81412,15814.344438092328
53092,21360.38974749133
91725,5846.141357812396
95533,8871.501981272375
66575,11996.307961851482
58002,9401.223389703337
63834,24901.905181275477
31477,13014.982641365104
98572,8313.303098486163
77073,33116.54323714321
35583,17190.38594889121
55938,8135.033421860311
53949,7665.04608372736
76332,29325.20110048847
48743,10052.02272323609
67252,14302.915828416977
39802,32803.80635680776
36730,11161.67030939749
85019,12021.567042698241
85572,14741.321581350901
38872,17395.81871932819
16773,15706.955623077969
85889,10620.196779842474
62004,16272.530405585425
68732,15068.277741249094
80633,10691.698175837759
77593,9611.188958368046
19513,13032.496605313998
29964,20582.818080483117
21065,5163.386346975809
56655,13949.282803357837
20374,23234.546063234484
22039,25986.297395590027
32180,11366.1175284117
11725,33037.83014847078
58293,30513.132834276563
77697,9574.111186640908
16786,27514.190329787736
34460,23032.553175192068
39026,9902.27844093322
14472,18546.336401578323
82748,12890.627305199669
26879,11759.230619822174
42889,16184.913179600506
35896,10552.714301258133
99462,26404.616905770497
93680,42322.31852859477
99447,13971.133149893327
68768,31040.714795616914
48933,20831.372682226207
45390,17877.710886911373
11117,12056.893617956775
16002,9621.185782757897
54673,7711.643772864421
37551,7550.891422523191
33713,10083.321125835193
98363,12514.246187714944
77895,13456.577696978315
59707,13296.5999683468
69585,28560.891147842874
53564,20064.215493208758
76322,9895.827963072508
24325,15742.053137732686
17464,14238.594943612212
81056,32594.308141690406
18939,33410.27045362578
27258,18904.237228664308
73984,7962.596868844435
52272,38665.36018124555
13628,16533.62221354107
43329,30693.953592994534
11185,17712.852589869468
88690,7491.911231577136
32880,16995.68239915826
69017,27014.919239430557
39802,11690.267059802503
99429,31456.585217753913
11188,9555.9673857887
24580,49711.0702596584
74473,19794.80552062309
70169,4607.109000343997
85930,12414.483873525423
51378,22823.945894999568
81433,10264.067421886202
33030,19198.022792701573
96518,9661.054582544635
94413,5211.660557136449
18188,40754.934725255436
54639,49495.44050512672
18560,14942.231096480975
81117,15978.398415104779
52311,21355.68180875149
64501,10855.185443504437
15629,16433.142775214557
16067,9952.339018753406
18912,16123.724757924005
79277,12247.698535109033
15218,22345.13719119031
24717,14565.705586240849
90022,20793.05602095942
87275,9119.573834313393
88100,15907.479008885886
19895,21192.468461595523
48678,18048.879317097846
53307,10539.851049630202
94176,13894.807973335359
60094,28038.295430448416
76042,6383.694174910175
40717,19834.187038305805
48533,14728.572748916908
12757,22624.965880769254
75678,5148.7910246298925
99276,9597.934351428752
58820,12686.96035172655
77788,11054.86745662933
70016,37511.398579840694
89609,7702.551412729894
40424,25329.633661761767
93641,17007.533226152962
69756,12085.883028538206
18811,7233.7341375021115
82294,14269.733559618231
24177,8462.909065018393
29507,14992.404889304204
24730,9553.210531983075
89257,19587.672895365507
16642,31835.971456010924
67113,12306.709961531895
77911,23809.230654733998
33449,21866.25524737659
16150,10871.065369106167
24907,4665.955951181742
93896,19579.82466112775
97071,7759.340054741138
79324,27751.646487484402
15022,19942.544015968368
31778,13681.203692319366
23426,11305.950161430348
48049,16711.963056885546
15337,33075.46613238454
37932,21188.707358547064
52558,14119.806809538848
99385,8856.294408157664
35026,22751.970925279576
95649,18216.6416204047
88577,29350.298069571887
40169,26681.154964664536
51302,16922.157353404393
40422,22652.05827201489
99225,19437.890900211703
38257,6926.656378810823
50161,10415.805112738552
69918,10818.608992069421
82294,17932.78471841773
91748,27485.22357365793
28372,20926.371760845337
52610,6383.878560113333
93324,16622.73951654294
64894,26861.95768384963
30053,25154.882066710954
53484,6413.562883634566
63142,5750.24733725604
66244,4044.255826944607
97121,12755.641395352211
21053,10784.14543142866
17067,8571.211327635774
37211,15781.25817142906
56722,11594.040292091686
60472,9745.655348410797
64564,20696.1844648778
55635,12890.7124305229
37055,18068.859565944374
22865,9497.680025715428
84303,14589.069820860681
73671,13390.51938055415
82156,29069.588161325555
26702,13305.141067284178
72235,16068.237516339794
16071,12621.440907201228
73911,30939.387803618876
94973,9292.655918542707
25166,21091.214630501952
78113,19663.686097552778
69388,21689.619398610288
98166,15733.928052295549
30170,6635.476450523223
35767,13132.524213959678
63559,8748.454308536922
21799,18545.579066894436
32792,27986.391157587146
15424,19016.309430047913
68443,12613.308491357424
24829,11821.576808721973
95105,49930.88087312028
36281,8522.642528562654
82165,19813.63504143334
43191,4316.904330065445
67311,15156.401894158937
84580,30810.750039077888
19526,11827.755719939236
53288,20539.690797639887
55282,21632.015965537255
35460,30084.24613454398
20283,15765.842971955894
37894,10397.810013057817
57886,13000.42642836661
18690,12021.091810968974
38120,17512.927796428976
90379,14569.449001358227
55535,17394.667386709232
17065,11752.289875491031
24873,5472.931362516476
32636,15649.742271572319
99416,12059.583391133343
82586,15786.061584117693
54720,38912.83455421692
20238,29248.05005541148
16475,13272.16524269197
92600,9171.86508408603
49781,15255.385599211066
73051,12400.3584585975
84418,9592.45191838043
68691,14551.185157389997
64180,17976.22872900347
23095,9150.96535600828
10791,18328.829514391182
14961,48001.75565747928
67136,17421.452304049875
39561,7356.605496681685
49463,8729.489733744666
25508,22555.983383925573
43826,28862.44439472742
52159,12024.70046075468
92248,17552.66932334252
28028,56996.187155540094
32093,7100.762578259231
75032,15363.258650355165
20897,9827.202429152621
45420,11028.657669987426
74140,30042.464530491037
29907,18475.032699271957
20760,30906.38377463627
63577,19839.667009178662
97727,9426.567743693304
69527,10843.353530258257
36671,11600.158032353751
57227,14062.638930035035
20596,12425.613264948872
67066,15859.365524446768
33304,9522.423304570108
75035,13117.496188348263
77334,11812.040532329615
99887,15930.486219396274
10630,12638.01152276461
22541,16376.055968177221
84983,8782.512864635373
26300,15308.631119183909
44248,10789.342415964762
60899,25274.068996850358
57351,25988.91603817449
89097,9140.31644103859
13671,13223.494807502262
18517,14229.068019569162
21774,4110.902683618682
55678,14192.754393603112
31953,12831.10314709534
79309,5866.333985731877
64187,47962.11948302837
71859,23285.43013773237
87093,10861.06803088858
81071,22529.823513052004
20680,30971.854193292194
97514,7923.061454512932
53477,23808.76069499924
11239,20679.6628868769
31127,10034.267411507688
23570,15737.032532021902
85586,19675.794217454415
65869,15299.781677276675
83115,8641.64112169933
82869,9323.736186204436
71837,7438.7782914282925
68700,10114.470657969912
89489,5770.872055155667
81464,6756.30379709286
77737,11020.462090343193
35832,33656.8472210275
76185,16622.73951654294
55950,38762.640404639256
64455,16423.016098710752
51646,4876.582978744889
39063,6756.298357829555
57821,8370.10308784648
51543,15546.026312036516
98492,9095.698017228307
79095,30581.075059415973
98679,30481.211212570066
33620,23959.09590929137
60643,6608.676254592874
76785,21374.724717887955
69079,8612.235484921668
14250,7876.129887607531
21545,11481.625375351985
84893,9047.358038403028
89092,12990.201242355084
93484,13120.841471484144
61632,20836.534377382282
43465,16845.88016159491
95520,14630.130993043123
74810,7984.843007659107
90012,25826.780994540495
21394,16273.385482928521
50088,12097.292738528686
93551,14640.99945921612
27779,23345.408090009638
76682,12823.274417958093
26211,12375.052575036265
99956,5830.60964959971
65388,24729.019161663375
21464,10528.12525996533
24439,10409.026225822305
71732,30759.438284644428
96812,106730.88382350323
12098,20399.593529163438
89880,34794.92789015808
94275,11160.897889786167
32326,11798.401170706238
58187,10552.714301258133
90300,31203.534023107095
48431,21591.04800546557
55336,10939.032482721495
70963,20378.515879172035
25058,10005.855065510426
61855,22706.821629984082
78895,35271.19302670883
80129,12055.286038770775
75058,21477.897879414486
21078,16094.93503465407
90081,5013.749804724643
86856,23316.715340126375
85195,9593.047344009592
96303,19231.03762488924
64126,4938.275392839585
95999,24224.35723196867
93807,19064.062409461716
45523,15444.682999684184
65360,12792.846672926406
75308,10669.47200415949
93970,6401.246485773363
72326,41338.21897927858
78759,12214.46210582481
40927,19595.74124154933
58751,7967.971866669062
55650,8476.698025876241
79140,20233.454335059367
79554,12027.268508807832
33104,16757.466535351374
52136,27222.405777264685
95736,1613.4374620424587
37536,9857.280894167037
79087,12824.311966548952
20891,14121.999159667062
14083,7800.116995950353
46212,24006.583972336975
54532,14859.706836499608
33914,16476.337376185496
45903,4298.445188480951
80569,26944.288380016376
82575,10908.334062505939
80934,24274.658567666556
94751,6995.020888545563
10341,41194.84897336706
65431,21727.471345034555
94808,8640.113618665717
76550,9559.920670735493
83408,9901.605178617447
14875,2510.095253293446
41609,10837.247796366148
91411,6854.456942897206
32099,20201.366715244207
82135,11170.34757200423
44948,9970.711179559454
50866,10721.294744652922
83926,14601.19314439698
32243,15008.337012320932
46377,19988.469337206046
35054,20070.393751831034
62168,15283.64171666563
91698,16192.936649510477
55210,19325.90540276006
43344,16282.739496486756
67641,11714.80395273061
60808,10645.405635461433
20268,6370.242673303435
15757,79848.53049635995
58448,21733.02964657674
13318,24664.15017126255
49970,51605.16367563885
93732,12566.171646340275
36973,49972.659048444286
94420,17611.742784906983
23243,10544.875361642778
95991,7612.540582298208
89758,10371.188737027678
68523,10886.669877298827
80874,10808.927994109301
29630,25208.11001955131
80023,12275.453707791241
29542,41904.55650518816
36294,6621.426909301952
86214,6017.839581539998
23315,19477.717230376387
59091,27239.773152098573
94439,12986.092166186487
98769,17945.78292090668
53064,9421.708641742676
52351,31337.052177969214
83135,25654.92831319603
78989,47054.37422539679
40211,16707.285119062333
39681,11844.788300230557
63887,17647.205977390564
71145,8831.655775135574
56140,8982.704381306132
75087,13622.265754112374
20243,9639.243793469637
58891,35740.53011221221
73120,26884.92915505612
94110,8123.867689525245
47017,23620.926891147472
66329,6967.234327502783
77762,15621.809436392314
40551,10281.111040621141
89954,15345.27673420903
30031,34124.36036300521
93095,15017.206905534958
22388,9839.011599508463
26341,31203.91061692747
42785,5973.620106781738
43053,15969.879816047793
31203,28560.891147842874
74172,12612.379780260295
80598,5075.518650785774
97461,7180.05662948118
54284,13159.71917707123
97200,14337.823781115398
11689,14523.567659804583
94917,16703.25115230713
24854,11278.202066458369
40991,14044.229810757719
93103,10909.482278652651
33885,13681.922859084247
34212,29661.16513257526
20440,17759.362714946576
44119,18743.903538822822
49367,13800.4307271195
41954,7949.138521376777
90255,6061.1658141533335
90073,32482.544704116088
25513,11019.600925127055
87857,10941.871319185124
81910,15028.03604133843
36278,11996.01421090982
11924,11150.233496772718
21252,36961.029195011884
71113,7538.448321379814
33969,6191.618583274592
58375,10081.639012106336
76197,27578.138459769987
23593,30936.035988546337
18791,9594.674357669057
19433,10901.179747640275
69095,9630.840736447657
10000,11181.29350720243
94389,11118.575330174712
13066,15818.31441534731
78654,17081.899363176286
50735,10385.798406336953
43455,31909.70588987108
16097,20224.79059632658
80480,15668.62800489385
45083,7680.300481415921
49038,10614.39129762569
88366,38758.72313063922
45433,14977.54102470221
29638,9595.162884877227
37167,4572.186368328996
16283,6955.786917067433
18547,16339.144321499009
78888,10766.404984070123
46697,13349.02554339432
90607,26444.586700902455
85905,13422.79598509685
45726,10401.332216073391
64128,14714.818595710407
57312,56955.59612895377
63051,7935.786586893624
20087,20336.940951233617
13440,19195.269630173738
11416,30603.238200774744
70954,11421.991057608346
77390,18099.55367510057
52466,7408.741484729324
79645,16005.609921396923
17910,10209.116376651047
89104,12038.79152065308
80999,23036.645517610126
71022,8173.6849533366785
85297,21677.565940267174
66145,15638.381383183696
93796,13027.692407398094
90693,18492.30368335454
98278,27753.863422040253
83634,13194.93358493262
39770,25359.303971898036
61855,30795.502850528323
52502,9980.363195775157
30717,21562.148411491162
94593,19575.06669427299
62695,24802.199009951728
13979,26966.837285565955
90626,13249.881670570137
36860,11180.041556426788
73869,13468.539321080141
31009,22758.209638482916
53637,7166.951993336514
42082,69148.97470945556
55952,7753.642598562517
88620,13561.570173635066
85401,28998.446872153658
29982,27191.44230906554
67620,25635.493402295542
20168,11506.563880314132
45196,7408.117888603358
60902,10364.621510232771
58227,8698.286282549256
67330,13250.468640328776
78402,9994.540199211113
62717,27943.55585347703
26584,14086.010990121904
84111,14004.828547309924
84513,28635.752653024785
80174,11531.28521000193
60488,11064.00009985271
72613,16052.117743778717
16481,10715.513373355932
48809,5113.857674930066
30961,23038.05723655183
45699,18883.957791680703
72482,8166.329416527658
17761,7125.024787839029
30530,10415.332393361077
47505,9755.78325591587
50522,4956.685275798627
15744,22118.419427253953
21945,16381.74436869783
76623,9967.643379493657
45430,32678.14990810288
25713,29442.92354888378
31840,12162.240922084362
42910,25459.133784158577
78553,25095.16032602928
84837,41284.3509803252
21820,8617.936828316344
13882,7002.135777263486
90158,25188.269614757177
99292,25901.035017203703
94672,17597.572837450873
76130,6693.985644446673
91047,12044.294341132592
57978,9068.355521984802
62817,10075.326312554778
24255,12950.52116831045
23811,16196.857285723889
21096,13087.294190173701
33178,17512.103732479623
33792,10668.025923217047
65912,14836.59249815446
75376,12494.864784200327
67955,9270.513656289586
66126,19735.82224153918
78059,23464.633276379718
65707,13447.45931857583
66666,9035.888063156372
44055,64845.67532486623
53235,30018.30883405591
10239,6996.441685713809
15702,9444.747036139568
75181,11091.346166074316
89733,23461.83347134888
83886,26141.05298226153
90127,10474.562378650051
95267,12943.634728546716
63481,15792.771268732145
83383,10788.212217813187
24491,53839.86878298719
89726,17195.179814435927
79245,31052.455744590334
57284,18411.056343214503
32425,27423.077658482427
30412,8184.5164690232705
67750,23666.194646664815
72131,8663.229462600688
63698,17650.590052424497
67427,7937.326282987053
15049,14593.8332034868
85818,8652.60404606285
60746,40381.993517687326
18501,7712.671786472221
91572,9297.994787882364
76775,20300.712981212
43350,22592.817638788707
18254,11553.124376101916
81431,7838.860357175692
14319,30127.298732808238
14028,65228.22821115588
94743,43682.766316253575
48063,24672.438909412092
75579,9201.328730668421
55013,12248.616934600883
87091,12639.1688681471
25682,21777.28424822077
76496,9652.743393266079
44981,14964.280279308288
95716,10891.78485075229
35384,19755.84570850237
36528,16152.002380301323
53054,18970.108406211133
30460,12834.377999476623
12691,15556.155054748593
76575,14358.013289090693
85612,11177.275279409434
96214,25777.304802096856
47057,10575.959616748278
89939,22553.09095796764
73847,11945.926717408052
22426,10666.382354365542
53049,10252.3840683638
72313,11591.059018364333
21431,32813.85813109514
27351,14204.573545347252
74265,8444.8665131006
62444,21684.101767929547
29194,18988.558552772924
85041,13826.160229908814
40318,14276.193189474316
31256,32227.18208459668
30509,7978.399586496207
36181,31279.157856529044
54268,11149.672597943825
89423,21855.752653075087
81500,7232.898853879342
86454,17146.893384328923
46816,23593.669235133257
47021,7728.517663011957
89863,20405.298449918122
63588,22241.97984583531
37269,38159.41043630545
90705,14338.758885995669
59271,16668.12020410165
35176,8561.66347649926
63648,14989.260086856635
91772,22960.228516474523
78314,14939.854943781389
91915,10562.8208611908
68780,16881.475472590475
27404,12447.966911658346
59776,24537.929624711633
13518,16271.762662664916
81864,16417.47566997127
82793,30083.084946096886
88304,19559.353235632734
92823,12005.570849608235
93431,11453.100813157478
10159,9995.889799682067
42444,22910.444070503643
55383,7232.893805122727
67010,25039.984763805987
51522,12620.15198430386
55625,33436.341154394075
53164,6627.794280032835
42497,16803.42365097661
99043,11768.817659205286
81785,11012.90231547489
73609,20788.679477569436
38017,17519.31958322283
16942,23289.18287918547
32296,13181.988698469348
80995,20978.68090073583
48541,16669.225065195104
90418,15101.182614969099
85822,15727.07832633801
12540,7111.790499356966
21628,7017.602730538481
20581,16398.152771457437
82650,15499.946284979656
37232,38201.86865742992
90770,10240.028010194961
74036,26896.15280624404
35161,10982.630984858653
31974,12873.662629207436
89077,8475.40123746681
80947,11589.392840971272
42278,48927.27293765657
67831,12063.784222095233
33443,44348.02082686927
75649,17428.277207534506
96558,14494.965827392894
85193,17695.043691811115
88150,18619.51998638259
29604,6630.309711192393
72165,30874.57827000029
91596,5670.815985609932
77499,26076.941916280328
19530,8010.48164676598
21156,17959.26372324175
98373,18240.781505512707
90604,65918.83603613282
70183,16826.875953819454
29092,20310.026794640056
45139,27778.638316965
86079,20734.080533447755
89460,14369.539817839337
24306,11573.703374157034
15934,32807.91107619668
21701,7677.496897572633
69905,20000.818154101496
99725,124057.01886123259
23054,11354.421778116126
82972,10155.425039495014
87974,7586.320838668731
57496,17416.19724218717
14502,17145.49372215048
59340,17462.192099215
38146,9625.840628479047
66083,8634.591948315596
43901,11182.539543010325
15200,10456.819019729588
73585,21261.215966162978
14963,12775.862184694703
71118,26630.48804166238
31117,14811.755272553964
80762,14219.497637139122
72321,10990.989995747823
45496,13597.736087487992
55712,12686.96035172655
90823,8244.21796002311
96582,18331.066770074493
27128,26185.99636134296
23176,10734.800662848378
29887,18607.679868180672
33091,14869.719576758067
90706,16629.269935882337
51247,5201.337461527053
89822,9402.096309133221
55211,43184.939210736804
86417,11105.89690420969
34771,10926.322652556013
75816,22592.817638788707
33365,18561.267332873453
26184,10276.134723708961
68299,50328.611829513306
78752,13586.45876954274
67925,13227.019505663682
57145,15611.591962204524
55956,12980.206083455894
90567,10405.926017449045
40303,12975.629522231131
50393,12739.423073412092
85431,14055.113856886508
92925,35982.179162480694
95537,12607.9538190159
87386,20391.906306329325
16084,5717.743186796157
36210,23094.018836135034
69730,4941.231590686897
73036,23242.77199353569
62145,12530.500861895112
49532,35210.20995635627
69583,12537.817976432187
96918,10894.4902202327
93653,13652.617449570535
83571,23872.028993853106
31360,19066.857517589393
32356,10434.132267205363
21358,13886.532332852006
42525,8585.253168592664
40582,17145.955387986287
22652,8599.127640629948
18385,3877.4879078263
58740,9439.341095189207
70865,16937.672444837164
74537,55680.62653944438
49965,25423.600760283847
63601,20177.209375717615
80264,8561.47776635516
94136,33239.003751986646
31280,14233.214713792371
43501,18942.767162972967
90591,14334.390057329854
60471,18790.182771701035
10136,9917.338899211738
56442,19267.561418617308
27226,21239.021178273968
36800,15880.734170785538
24480,10698.96243252561
64943,27501.896934932367
10460,14798.756909860913
72781,10125.093942040465
24420,16125.242111186393
35560,20649.972478703025
28115,9016.952623492254
75034,11000.583439132071
46870,25619.87540817209
21517,20747.230678240245
49195,25500.64652957527
71238,12626.948195969719
14538,30522.41293285192
17645,8999.055314974476
46492,9190.474260683039
59132,12499.60575537923
29400,11099.26446642704
64954,17401.51657420747
50612,5478.732441039772
19904,31262.75512825594
68635,5421.941098208585
70451,9399.330847673158
30867,19569.886829026687
13686,29686.310103900367
72117,11211.704131719613
47719,18025.01955536841
63190,14345.406604814954
18071,10375.41005019777
98251,18432.74201294093
43372,12813.514875908475
56373,7725.075553483955
30883,15638.381383183696
59023,8058.950065211195
47676,11402.797381076434
92395,12850.626036877231
65738,13858.391946572432
28790,16635.32932789942
48357,30394.099930474928
81527,38719.590124424794
35730,26185.99636134296
87665,10953.201135068957
92379,6959.182485054747
19382,11951.253383324134
15631,12092.842653861664
26443,19617.1756983115
68679,40872.652135467295
41865,23294.459544057103
96210,16688.756209133757
26829,22095.521318526924
59254,20351.834486335087
48340,7270.479430592566
35745,11246.299486175925
72574,34909.094464361464
30602,63103.34052952946
11815,16189.15645038971
92201,6286.030167441189
64346,9959.320976929914
74757,10036.61384874094
74836,10683.661412856349
40920,6988.9956256682835
53033,14922.57281552122
22169,19354.60321561571
43074,9861.36999105876
65407,17190.470297840046
48539,25870.76046142108
18322,14913.372609618436
69588,12686.033850387677
81890,12241.129677360212
71138,9791.313057059855
75895,12890.228074202618
42358,24491.784596537647
14804,20827.636216584873
64996,2515.79047742078
82990,9298.903750227795
45641,14510.222194678598
88465,13441.370948905598
46727,14425.570531819052
35740,31129.39861149923
13856,16271.762662664916
88678,17066.872066199314
41282,15948.226243539571
28312,65001.90152427437
94569,50695.65240335847
20634,19065.9530100329
37913,27154.590460828324
95952,22868.119533335055
93615,12822.894552689844
59817,34684.085144884244
82703,20172.027013514795
19091,16451.962189427028
37921,15941.34209034997
51756,13698.47206190233
74091,25146.11292949661
72380,15909.605332788184
16667,12386.705777441784
48984,12736.894090991802
15387,13138.690547976365
77822,39380.87056671054
86438,17563.67993081597
36150,19708.142111973997
54258,9425.955039845352
87028,13353.819663275848
95224,6771.198142261324
68244,11211.683982054317
12230,15949.350719784012
48014,20317.011370617136
94981,15462.443229503919
15652,20345.345516933518
58433,9949.108168497633
18304,19611.89238086402
39039,24462.80220003575
10366,30105.55062726497
61986,13359.821465894971
96627,27589.30054446085
68726,10084.46633973459
63190,7946.390070320096
15862,20778.18318999384
94872,8315.51382721954
27633,32421.937024119696
39335,7663.065726244451
41375,23807.099805599988
95664,31030.37921988317
36125,11417.174105992983
69917,30241.86081204588
30752,11312.88443867056
73601,8441.484392376851
23922,19914.13199395826
66252,28362.338789316447
15668,20154.65096340499
43923,14368.725795645263
60779,10560.72319577116
96387,27210.111739110114
43644,19287.71643967304
93672,9273.006441874115
36806,8671.133746385873
30139,31278.14799917511
97499,6167.412603529803
28083,18987.849196700634
55472,7247.632853599069
71799,7779.395984068573
48269,29702.136671745284
90179,17457.80332670214
15377,16189.676869181694
99417,8867.548610993776
94708,60277.15456431633
97600,25409.47082931942
88475,14602.620510171904
79680,19756.644460751566
94638,37832.186064240916
38050,14135.692045829897
73307,29680.186740142253
43151,20466.883911845667
17405,10459.788142021545
58330,31780.91478195824
16403,16224.12933949884
35970,13193.909584409554
73771,15756.331319732537
33605,7511.922479374367
98776,28758.795766674713
68426,6947.020030980373
25289,13708.41917762533
19654,8794.462228219623
14364,14261.79000222177
48222,23405.5659536363
55316,5411.84265296464
54611,9876.558915567719
42890,25000.685709891266
61851,12434.60388867305
95011,8401.92754395375
26562,14688.33508694075
39519,10516.953459989436
13827,7620.005445238416
25724,11176.96032074725
11688,17504.32340929856
66758,41156.01106181667
88449,20251.11499198984
63499,15999.6230961471
88810,12921.55098952628
20951,10534.39227217401
29362,25700.890047045912
15224,13181.025637149738
46492,14799.70883490767
17182,10520.726146271343
64337,9432.392141443957
70019,16394.983630857656
35683,13392.304247813205
13011,16833.817985646045
70439,9252.702749308306
26001,11778.963392363205
91259,10252.042676169182
36165,42177.76178230792
56078,35384.88520346192
83921,16687.441773601364
74033,15124.247212199887
30084,26858.603819309035
69438,34486.92566573146
33479,7730.62260552796
75497,27177.378702350245
73207,8281.546017558436
45440,14308.998556693678
55688,20546.050356534306
21612,26646.927884971636
75234,15798.709803771817
38257,13304.245910623025
84459,11754.348282929783
30984,32027.22899453814
13277,28440.347907058534
37483,7307.776788193063
17729,20218.13136799655
74139,10575.553120889832
85888,23004.869174479194
48516,16128.326133001132
56018,27250.72692866352
74866,14508.140783275981
31665,8516.315167720039
74974,31289.4226253557
68083,17815.383314081013
66423,30230.904670172105
72095,12968.895553357648
85549,11791.430062256997
43404,12739.906506545427
51955,17974.73683857772
32873,16967.621271585715
19898,20782.335443405238
76154,11328.618270126974
98549,9967.5208253704
47794,17966.6736785447
36102,21019.6381210986
78014,20315.577698975107
47777,9252.740979709779
78763,14677.654900343454
22188,9003.053146404829
92857,24250.014659909473
63098,11633.43401022088
93491,21755.20300051721
12230,19594.039876010636
49629,31198.856594658977
38543,11816.806139171378
11250,12814.115647090426
18271,21577.017627883808
67802,5291.993107777838
48738,18678.16157022053
76611,15641.531526251138
24928,17675.52696156453
49341,17617.422787328065
62422,13584.01268362551
69456,27276.777808948045
90034,16975.895081193168
74190,13559.069037891139
42360,20228.11028720704
74217,13162.534180533814
41884,10480.729600476436
92638,15002.618636914733
77380,10427.718352270243
48200,53873.61809367573
68068,17704.41840464636
44773,52030.11424000508
67253,8826.427469029324
25911,18612.891059934955
89703,16231.801347816689
22086,20582.91662308001
89898,27425.615291477334
74241,11919.657879481101
76402,8732.99283411127
54074,16551.012710522533
71303,13730.012916712445
10383,9531.679210049264
85420,6527.827690954813
16144,10401.817915736647
90815,22360.456006242028
27677,12715.244547934053
40112,25225.215102516253
36597,18016.853883094067
84058,18224.49055664505
55009,17380.49293528393
68145,14515.646414001869
41399,26303.583687071357
56506,26822.823215250522
52889,23103.627008436655
20463,6878.159760737517
46359,29686.756737826407
31735,11494.751388997545
35196,16110.997736056353
27617,27583.334511875473
53096,25809.339456784634
63836,5227.216770585468
95259,28904.036821705864
16526,12809.704515051852
21304,7461.071556127088
46130,24565.306288121486
57163,11481.542358695066
63742,18758.862137598688
72404,19019.559939235383
80661,21687.11487816332
69734,11983.681922853433
87008,27090.922095676397
64553,27096.44402290559
68994,12963.652912171794
56516,7080.2987675904515
21662,9990.543574931959
39659,54186.1478443887
30741,22364.68798715333
92657,28349.78301098034
58502,15919.438622659498
27341,26761.86684874868
54797,13142.628209377466
35989,10470.56753117092
81451,20218.811680673578
98454,11515.875267167827
44582,16678.869904757845
49092,11518.51831494088
61689,7226.9257510051975
99517,9565.368966679816
13803,16066.643427869929
11880,18473.86042156666
66735,20914.808148178385
98454,14141.113498918228
41793,16414.027120882256
40647,12396.376875201375
11055,17394.585962776633
41876,14429.706946281425
13402,12199.490990539362
39937,21834.353774429102
97064,9049.301969581127
35815,16232.23678303262
79007,14989.497476824665
70998,8204.210681805473
75040,30905.00328254285
53623,25465.535243438044
82854,16464.677088930363
91694,8502.09796692425
69476,16928.65737709865
68896,19455.07047843479
21679,24416.010163826548
81991,5165.867265963263
79903,11245.592857842146
30125,23337.574785360528
38744,40781.947621017
31066,13668.35979949919
94891,12550.047145612407
77075,11916.872351936112
56736,11653.076518032249
66048,5038.592832678538
59385,18245.669010746384
50016,12350.391205796293
85518,8177.15057446114
23909,10771.904807791743
36737,9754.15546611796
35742,9996.454574694511
50579,4837.992673243052
60650,9847.460312446627
87805,13311.897181367958
55752,7398.729012779266
65608,9894.963436151327
88023,10614.141364776042
18134,21636.98569396093
83171,6133.432487762317
79133,19348.706239146715
19927,15136.96292088123
28775,13587.843778001317
66439,4956.95037824375
13561,14372.380834445708
31514,12508.304794258383
94630,39747.65035168918
91693,5836.788417681562
76219,25142.092813105686
18844,14954.429092655795
11660,13783.892936387938
74374,8120.743860656079
24234,7715.755702097114
74859,8115.42203665038
16963,7424.415234611801
48412,14520.746575672734
70485,9003.176710025924
95918,13086.15109474995
50913,30579.058693487896
15074,29347.85757953501
84335,19454.26396799878
85521,6566.21893850511
43868,8361.04083136832
18263,11679.661505433742
88733,6502.554183441569
97970,31279.13828607816
32580,17839.95237684837
67642,15871.495347719823
22710,4947.760064026803
14423,23638.347244518525
11569,45309.40193630723
16131,26328.271529336067
13598,19057.41863515346
97858,11531.188393683959
57765,43088.308161709414
32837,45185.35143277138
65003,19788.586353876948
35154,42395.595085714864
44414,11066.26768093315
82014,12905.102980551175
18262,16102.985809969849
93600,8375.375075828804
67746,12953.467610029866
13507,17045.571379047662
54173,7526.800207796701
69119,27788.41931577961
63827,54766.87957481666
59776,20534.452677746132
63378,62475.93900235341
33866,13577.314764137422
71514,33312.10119101043
97710,26638.48270478358
20885,14755.344561173853
36548,14262.503542649567
61955,6410.617200566798
89615,30582.257317978307
27581,9080.21606927787
67312,20966.325818834564
43088,11609.359552933245
35819,18566.736599859687
81397,19684.995014579945
85715,25655.272137238822
86101,23955.82167632371
46476,29604.396820016937
45576,16927.172173638333
10265,18792.864126424884
61579,18957.189977288082
64080,14618.212322628202
10631,18595.185498704053
88004,8872.411592320412
86139,16405.518987953605
67140,11877.836211053844
50532,22786.089289339547
68862,11187.047666414426
36319,21132.35813341841
20539,13040.147144069851
94626,44309.44823429728
68922,12817.035808097353
99638,14352.605626849014
55345,19910.757482601115
57905,8870.535295565935
22224,17201.84363231528
35094,14164.756540055407
71633,23761.42556669392
26368,13265.96232576733
22801,9173.526131323462
77903,15142.676938781768
11671,9492.496761591578
62916,14799.407873124555
40941,7669.009982447813
53368,22166.776064207188
32443,20104.595147594617
55012,14829.246605040644
87215,12464.92664571435
31717,8495.023832028926
19932,23024.130486858303
38080,25469.238795854853
13815,34454.33015743391
38790,9702.858458311726
74732,30502.747220041856
37648,11045.122494627532
29573,6149.075324337426
90110,14841.383982979318
33441,10391.605363593102
96597,8219.633932158376
48945,15761.364687458477
82708,26471.103530352877
67487,25321.668667691192
92209,14944.706458290775
34268,5876.042622489245
75338,29244.578803811317
37399,9876.558915567719
63079,15045.483900361654
35757,14478.905126156522
12591,12330.456951260287
72375,33075.07455376945
52624,11336.208908326256
39140,23769.544927049832
25747,11693.28343976506
27882,10524.936468043608
54769,11877.836211053844
10677,5658.995851267548
64292,10372.012506917703
31618,24548.929130039858
90298,38714.2947867671
79498,11324.172630696554
19505,17779.307534866188
50247,8596.222184112186
33538,8928.390757537567
88914,22292.83385175011
24507,16089.966461868205
38225,18427.706701035902
30310,16500.581606815864
40918,28781.765882346874
79185,13936.315625971682
15897,14415.849210191369
59501,15333.880157519816
39112,17926.832676948474
27798,24342.27835981041
66598,13880.06566362289
28638,12339.604988999563
68273,17575.08867760165
91273,10629.916807409776
42243,21971.056780857147
77156,27594.06246886817
43359,5078.194652618766
49769,10802.493236636154
37976,20379.333952144683
86309,29542.19253004509
14882,29513.31562800754
92811,20912.510113171316
13193,9739.564680189662
66324,7377.607920371485
29842,11152.316210851393
66584,8266.779410503274
25720,14175.274565967202
34958,15213.595477026445
72881,13600.266256676963
26390,12689.504776056441
73214,11534.788912322445
80279,25142.84401452171
57100,10179.513873974302
80864,13990.739864312007
57682,9464.855523191029
84214,25917.09202799969
18155,24115.59699633646
27746,18269.53933214681
43107,18962.403942330486
47429,11083.446491242239
65092,10626.287731436381
78336,10654.760896097892
79464,10993.326518562171
67960,27268.32748387415
54213,6645.958221835532
42636,5025.220171927209
26499,15005.470617655692
69979,14176.67832632371
52221,26679.939615172752
90981,7052.772397750799
77714,28930.337243641145
25061,34570.71001547617
49385,15219.434013599004
20545,22344.888889348025
31342,15005.973481070398
32864,14807.9713472508
80241,30910.60207525916
98271,27772.491845683377
67465,22332.441427573598
46174,55555.86949730056
33672,9554.171799864853
31080,10116.674075978426
66141,13613.860305937089
89188,18747.537876452545
35641,20541.056342619948
18735,19363.88735704822
34452,16348.591079224345
55840,15207.975545909974
54227,9341.816343862934
59525,10394.948621438129
54146,14636.958151403282
98202,16993.017772448613
77797,12957.226293782012
55873,11575.2964607924
66320,23345.153304536496
30345,14694.627727263029
61006,9901.605178617447
86805,16600.477164536984
82942,12298.93836601643
31652,24706.083851473264
75316,8143.108118147551
61119,10964.387743842693
95219,8350.81204851529
88471,8422.426917197841
63160,27618.524538088688
56397,18450.341419756955
39406,9427.010501088265
17733,9849.330338150605
60929,13884.329054490252
29740,14644.40979948002
77914,18633.88242206261
94290,15226.381635184303
84377,22921.87771568587
76396,9041.649415531701
48296,11035.751391377436
86961,19411.99504425929
31440,14665.122448863744
48473,7955.13360730255
31152,20003.340703515358
16014,15097.069848287483
37636,15217.256885625342
40232,51601.38182537236
94335,18036.20190710953
26399,29773.75797297347
13175,21630.102613125473
10736,7600.116876908913
80056,5071.145452508617
53890,6591.61765707214
65357,22329.84214983204
22602,47721.3090278545
14103,20080.3729899533
61793,21584.17802998592
73337,20523.500671186062
79852,9872.785642526935
88556,35759.220095136276
65002,4744.886840424044
95278,15254.74038550491
19217,9193.483764686676
38333,9916.258144290252
44051,7776.529306967015
82349,33134.0228137193
50265,12395.642313760149
16875,10479.782589211794
83469,16234.57889748847
67359,33323.748662292666
96118,13878.377101796163
12190,23353.436109811184
83000,25150.57389090288
95734,10639.360155458022
65915,22153.188592928014
77360,28424.623262040674
75913,9918.262088437466
53761,14418.314152333242
49639,19837.292002641647
55246,7135.411633914533
78667,27594.06246886817
84492,6626.190892421802
82680,47989.79382551893
91191,27311.600711649735
45041,28645.844603382633
93303,12070.726908524564
48794,18127.901248739716
28409,10424.976061864592
63521,6390.3896588977095
97211,19861.76594500159
94402,21972.212603051557
27815,7341.047642322252
90906,9385.690852853038
10325,9661.489226469714
96254,10069.950133320095
25558,6859.131178027761
99609,8589.511267233822
35334,19322.69451096607
39470,20986.555628621085
30673,36282.72142908984
54080,18218.693317215424
64948,11666.982316010242
36681,12047.265169390663
93289,16897.92273650975
65339,11305.492575497807
35833,22890.7441996656
72691,11958.62739431734
26380,20235.13533806191
54588,24332.853524443162
35457,10377.475009209753
54191,5967.360821577899
55064,23024.831698267855
97779,19979.107102696722
83534,10601.432854572315
33445,12044.502875197328
54099,13663.632042253968
61403,9186.345814374712
37829,12323.895045685567
65646,16797.732732798366
36716,25859.92292106846
26646,23126.966876667473
98974,24790.191288233134
92805,13550.097367257013
89041,17798.491828857685
28191,15384.007208867117
30527,8070.614241150313
99404,10336.668307381908
28846,10523.168598764
71954,15269.611006354326
45304,22949.394413428938
72905,20375.083778513883
33898,7878.342424709061
69760,20500.600990629333
86069,4341.995407583174
47717,13797.56630771252
66501,49721.84131919329
84617,10914.064601669754
16198,8003.907634859646
28036,18550.12278753879
32299,11480.883034203442
88731,19571.92697030958
24226,16956.215295956146
27996,16411.559064168734
32416,10723.731611505313
83916,19597.26643805243
52588,17277.23106418933
59482,8204.99460098538
88137,15972.5882273757
26679,11135.859984608622
69987,20504.445617620757
68834,9769.01146810711
65780,11543.985767446047
69766,11013.853196885375
20465,16918.097114890825
92129,5385.704491170854
54925,19942.475305832246
16671,11687.45238108092
62974,8878.594157989504
44006,16518.433532949093
51019,11354.7267139111
15073,5137.697030627465
20669,14006.855073143577
65280,17414.941325554963
98590,29259.235285942952
75620,5397.0291957673
15584,63720.16392774271
27922,16097.86240746228
61578,26330.649034398688
53873,12135.608694884322
69415,13862.24988243353
95522,31390.676677067087
97850,11349.453038170004
95551,29895.67904690231
31784,19109.32282521718
43561,25943.088749064762
56175,10256.427819263143
78003,14043.426496349675
71957,19163.350252520388
39571,28768.55705447067
92924,7917.998171714564
78333,13204.191615533076
83769,13867.2720214155
78006,15595.371844465246
93686,20635.245232640507
10004,14624.007165011883
57437,46118.603682298155
34357,17116.568159908813
63420,20842.37063386259
77055,13562.551446768732
55187,10744.869944309514
23710,7244.76877060657
93420,14012.993327679354
44691,22694.108438018204
12433,18165.157223584854
36269,8280.79550652414
53990,51849.23714390096
50841,9937.985157752488
31806,10301.304732591088
63309,13428.700332553924
92760,12032.670348303072
15930,17135.75662947051
29403,15864.947650979922
82221,7971.842153807351
50476,9074.659083023429
80251,20466.72561051446
94397,17690.405351014688
63129,16622.304560398657
50098,28201.47577936593
74091,15788.916932676504
49150,9752.976812250232
42812,9260.366932210356
32471,27225.665520323055
86239,18742.177197398905
96547,11271.300180160843
12247,18224.19646800648
30407,27553.74559990919
14980,21608.516229557725
50228,13601.869788182927
11844,16316.760163416722
66469,9045.834899610356
46950,21997.12883602606
37247,12858.556980854077
77282,15029.654097108903
11261,8955.677247719932
20616,12005.165969973586
81276,7983.7849578712885
54691,48014.86725901571
40359,16016.664654557615
69626,33136.49858077946
69898,14521.405625623558
51026,9510.564014406238
38064,10057.750703222875
58273,13245.779124171186
36278,12654.069168309816
69437,15211.78529435838
25324,19256.001447171893
91257,21095.908954592116
11594,33294.22892126584
72359,14322.541064553738
32064,15264.065166027402
67981,11240.99390210094
26274,19119.21414315741
99447,15795.194453585944
40032,13041.110237880788
41289,17084.994636367086
30444,28464.717460978194
29091,12661.963193953423
77836,17419.07641392882
10272,21562.436869804198
64347,12521.41183242697
61136,10373.504483430246
82242,16910.438646492483
70644,11648.807142646609
85061,11474.72985163203
45982,19569.995712770862
54142,8925.718703530656
41010,15028.218833659386
81483,23038.346156305433
99645,13629.341384537016
28959,20743.41969114854
22323,13133.072455310097
27032,14774.833155567183
89146,9433.182858921686
10609,29886.06955662755
14176,7319.530835837077
48568,26595.794250244573
85214,36099.156712150776
99199,21624.061460082426
60157,19161.29729568434
43289,13005.864483954581
38448,15296.820575859088
12664,15182.383126150577
14839,9923.389579537972
70069,14528.443187639348
83019,18323.433428494067
92404,10050.37682122803
55281,7458.269844114893
82243,27299.374600198083
85086,10676.704748156819
64812,20626.94390835434
66130,14569.538621194079
60063,4292.445023925697
47755,14509.52935221353
46052,37345.02982670124
13967,16771.951394182794
38198,20410.35085021436
79438,16123.724757924005
89197,9221.122837548079
21458,48153.65444173051
76740,13355.769350902061
75323,11028.657669987426
21477,21273.200054187793
79674,11785.90209988663
57918,22648.20186185561
87082,8523.101839226372
51999,13484.343304234293
98704,7792.049933420278
83086,43521.34902567975
38124,14168.628623644814
28511,16875.865219411826
81887,27744.608146599756
14802,11940.831640157638
90468,12160.041443479782
32045,27967.679852812165
50460,7527.120478926545
58938,11578.423416001173
74118,14373.585088328302
70644,19067.702788271126
83647,22501.7555113841
21886,28487.862006411066
50524,18852.348314808267
73732,30043.298860826602
30061,12069.917675265879
47761,10360.935181660527
73515,13096.645439824064
62169,12960.853121141317
62705,28564.62241205649
37544,15902.458845504329
39250,13229.800173789725
48495,24715.080845973695
99971,9488.605503474606
44707,28695.38843842706
57746,9836.585425956218
87856,12678.021377337658
61986,28851.776679407776
75860,9457.04494320729
98677,22875.241015501793
40396,25572.879665424465
86386,11193.447995926927
84376,15193.317738651616
81567,10022.46217612283
16957,15082.906588539088
80805,9874.33358360968
31161,16111.710610113834
50848,19054.85980944847
86838,13097.406164171118
79324,12249.847490352484
72088,12125.152566869725
43048,32392.06022425599
17006,8714.467273179867
80823,25391.306607679973
10735,40202.212984774254
29686,29091.643288743497
84334,20190.967725909086
89850,10871.271758470284
31536,7632.718024613625
50432,19659.134458643544
83373,11994.146474375073
13717,11281.256289116029
80063,17254.17733059882
95435,30526.394704031434
87608,10459.018821474081
34445,24529.434385652567
15483,17552.884196165178
31223,17965.886662587476
31325,56786.28347730428
45838,16535.82453196212
34304,9762.207857453235
43585,23377.45241364451
54159,6994.532209425131
71490,6122.188002915549
78789,24589.59309064231
76505,10242.288483228705
58459,9878.838726322185
17443,17284.690679201754
72982,11820.275749673801
18063,7177.071910717834
10624,16372.040791948284
55332,17133.280968300867
47494,30931.49847157577
14129,19739.259119304166
78338,10652.924151786021
13715,22897.175237991785
77205,21490.074111552625
17123,32059.52699687155
33954,14045.040847302293
66594,11068.610477253456
59539,9046.345823553656
95717,5699.036471897038
77018,9599.79757143613
28282,28289.671685734786
21370,7355.678995342812
43968,13176.062569278716
59563,18423.468648400994
63996,10447.181418377524
64141,12112.70330535986
74655,28498.73965207215
12764,8176.10461436295
14216,17108.820823633592
81817,15263.200797071879
89981,27480.356291096683
17256,29198.68992410832
37984,26776.843241391958
35526,21584.948886113794
57157,12970.231333882379
32552,16329.61330329098
90191,10975.90897296076
93105,15481.218826696166
96980,7663.065726244451
75136,12406.34463056187
29555,25133.893836914976
93183,7876.129887607531
31708,11667.419231636024
52310,18583.247230799618
69001,18310.460945203355
57600,23342.475125831297
45980,30642.913714857423
50326,49175.313911307196
23304,8259.091971375248
41483,27749.975952785535
97306,15546.961950012064
35539,19217.10340176018
14967,16845.88016159491
57804,12738.996168667989
93576,22496.982318820876
41859,7021.716519575892
11582,8977.608960030671
11154,9457.04494320729
49628,17865.715070000646
25133,11814.672772411632
13943,7929.83503901392
52044,8321.874802308537
24963,33347.75541517963
81024,21332.255247442612
41848,10791.624974772112
86213,19689.36589430156
26483,20627.794832984342
76715,49072.64559622586
69509,14822.60931258497
19995,11969.790653404514
88896,16769.778000256636
18751,17258.00361635422
92303,8114.571383875878
41756,34573.69567981463
77527,33589.91912371843
74584,20322.1604488808
43927,9964.34022998613
53947,21073.51332639048
84824,31420.07751400465
97565,11865.5924832723
28826,11772.701317974213
10986,29211.455296256943
59712,10560.035464940418
57852,10144.24410189936
56419,9138.726440319888
19603,9849.125003494664
43207,8309.36027767223
49999,15202.139855979029
29068,6379.1980560331085
83290,10995.778036049189
15002,9361.164023687335
28336,13070.850790755652
69667,12810.084212974729
39427,23282.13810978928
82837,12919.00586610636
61502,10964.387743842693
45768,21075.427439091247
93035,16211.34460136739
34329,18328.07933266611
81977,31282.347063263725
90684,26901.828011009307
57399,10306.762641979425
25590,18521.26262263002
47072,11183.294620362201
14042,12336.411292705769
25841,24922.853999918316
76809,20580.028534865454
30821,30102.161685987583
76556,9604.801468897489
82015,28895.139374005994
22676,26124.136033523795
92423,10207.980837699526
50455,9724.119160389571
35943,19038.821637410885
62575,20826.741375056583
69693,34114.895108342374
50281,7724.535908368183
71047,12750.49988697306
88215,8631.149498041032
69311,9049.91533734117
57952,18145.755483786023
87611,15794.456291682354
74688,20301.613503584773
83250,14029.448444036154
75782,10472.612235761102
68114,11757.306382842691
53458,12426.842903100689
44784,11197.186627239505
77084,12737.940699426474
65821,16333.02256894108
15804,11071.35484253219
28884,12047.087906600364
24439,23091.867154652144
11664,17493.920495064678
81328,12325.50665164406
98972,20843.157903824074
72681,15329.967016672466
11639,25219.533325051398
23006,9682.489949317853
28665,17452.01029224225
81153,11095.071735078163
90679,7158.023649895402
76500,7691.481000774818
82486,13317.029749626938
44881,9008.594544454147
15417,17083.02892194985
61090,27437.323279611977
18430,12189.432644692668
75055,20087.08811949608
54745,15002.616725796148
37880,13727.475279995073
21059,9874.33358360968
10571,11826.641745283152
29316,9089.455159451069
62193,7983.387388510855
78291,21528.271039393425
95603,26864.32430735463
98039,19287.121999485844
61590,12826.189407898151
38279,30114.685677636277
61864,6478.662063490541
82927,15453.740021305279
72148,20065.5972383666
12434,11259.631889417691
72962,12605.438221532844
28408,15393.715691699244
41976,8027.706225252665
88904,12105.704918507548
81003,9896.342452740118
86866,10310.444928083343
83157,13148.545666718948
33256,9686.965017783457
36086,12549.815371620874
87124,9349.743677171442
67674,5824.404498656148
50164,9847.01206805605
25930,14310.891866424694
75958,28343.19712560137
22966,11060.22040262389
53623,13534.243363508667
41795,9626.124141277789
79581,15947.059767715093
34007,11164.418624170568
35981,14775.297122909917
20196,46728.66309841185
37417,7779.914767823389
35153,13047.11752648464
59732,8203.943995362273
27547,9861.257604925471
45599,13936.237692905652
96039,10183.277889748653
44374,45973.67447724001
95777,26723.702157325613
55710,18423.13059556892
43687,10873.668193223777
44634,12427.683236527819
39660,13060.1500682211
66162,11453.17298191853
52043,6562.024824776661
30183,9770.134147727975
32136,14135.618814119845
38116,17570.552719904765
29036,3918.5224534411427
24015,33417.662363437776
38061,16155.794005941965
74566,14656.365676014233
10980,7842.375576447108
47439,20891.785340920127
13799,13720.095449571847
62502,7941.5836553307545
50088,13489.502717606734
61616,19518.872502216742
89674,4765.727971432214
77055,65841.06654715442
66898,11633.774769953521
88235,24697.900866951913
58842,21199.11512756696
97794,16642.714009538715
85350,13302.159661568294
96263,13223.226483837254
41733,26313.4649805397
93027,16162.002376770057
38572,19253.74548724307
78135,9062.646084415597
13891,9552.628369352751
39356,10282.43524777571
26475,13253.716495879977
80460,39993.121159638795
70893,15432.87130604256
66889,21296.79159537857
91546,18988.336432694123
95717,16358.464544294491
87288,14097.60448768864
67239,6748.1868300494025
43927,9036.934514348435
97824,7692.578344343941
20034,23397.032233944494
13177,23404.830195948045
35075,21023.898867990618
98762,22688.868377504
81071,19842.07570081475
39333,28996.45024072953
89418,24481.026584107218
81196,34703.303306525406
21324,12609.419997299341
96232,11687.534245399216
14347,12651.233970165129
98014,23179.52282400878
16059,26330.08645814527
36870,11585.87068749643
89721,12058.94502133473
22080,13137.941112284407
94448,18857.590833523238
64033,30538.912787885143
35121,6820.853413456027
69735,16974.017197979043
67098,15861.931315321324
41671,9259.193501915917
94270,16547.756981620263
92983,7867.768730807085
64086,11955.744421613254
91722,19883.768092743965
44277,16742.76031960874
39521,15227.679659635027
92787,15385.375216478507
59697,14329.015970292912
53598,25717.07656669562
13813,26198.284236339474
95294,13844.991884082898
43453,8012.707022271268
74020,12581.710757834604
24425,7356.832680760313
98622,19651.590916092035
17453,8051.021433534608
48849,7251.476871105631
69919,17746.478426361842
68708,24432.567022949268
93446,6327.067783340679
39422,8442.012718358885
11370,23147.9662280867
97482,7530.031058052473
70568,32416.371073478156
69991,11276.050384543989
75209,11187.550727233107
37747,34982.027637804145
57202,17183.456016738604
11171,9274.112710107283
69647,14992.404889304204
62074,11632.450593346273
65808,10025.313729290805
39598,6748.981747467336
16079,28256.24626148685
93461,6990.142072792145
19769,17633.684396122404
63720,16915.788120419333
99995,35190.861201355045
78882,34028.23441869956
82115,17092.20495220582
65677,32062.793172368514
80088,5521.380078715923
74253,21716.51359060195
71918,15988.095190632852
80371,14678.973310865078
36978,18850.619859342747
43441,13459.707115153564
45871,15121.301383089018
76236,12458.147338460065
78679,24923.09264847949
77154,10054.98189016502
10158,17614.349194226546
26672,14041.628334219036
80945,26920.68977981528
48973,16580.89028685921
30054,11503.375409329608
21394,23726.096366743903
19953,2506.398469469277
54381,29760.007327597254
45839,10005.245552570152
51367,10192.39435703621
54400,45022.339673764385
86502,27803.74634836692
39190,9675.301060353675
33502,5951.698498401642
77017,19956.702496471575
75771,10838.807150276607
69335,25422.277816760405
14983,15558.484365753571
61797,67064.33031573247
74647,13145.900628331989
36778,27186.145538663972
26434,15777.867553976737
65160,7738.415254948517
70823,17150.619157375604
80003,14596.010141902438
28682,11640.845927212233
80091,29754.40950972947
99857,12935.430254358522
43827,12687.194219136018
31014,12544.674936066865
42494,23879.579940578493
85334,11612.29571536371
91184,8317.329404244483
77307,11617.301101121684
84252,15103.804323141923
72493,10632.214119786157
82754,24079.162354251377
84209,31354.263922085225
84052,10626.850063281181
61017,21355.869547545
77368,10108.421713701275
78921,70151.11064061316
28341,11189.321822194575
92883,10125.960473359031
13688,27657.280503640784
26671,13473.479193119585
46381,9102.770858893231
97987,466.56165349658477
44741,16848.339583758592
25931,9950.404828982893
93206,10180.905305496275
70116,9523.400672370713
98906,22079.380974529264
35627,16062.156059951361
32921,11323.070574240835
33525,20040.0286010825
94558,11299.746948821856
43223,6310.7740234505745
93527,9851.474771599202
49666,18001.633887173226
48469,14709.455296220012
82090,20116.47468470062
13150,11972.537854957232
87862,33753.66508789756
25403,7439.000379182817
48292,22660.060667708927
87260,14315.24724258538
20588,14724.06283306313
38822,22797.62502786053
92100,12794.833963377534
38975,12097.624375707135
75932,19248.220674276326
31710,8882.007620790613
68006,7696.095239820932
28926,10000.166221517744
46217,57374.04060337099
63789,15361.411087008164
23368,40580.16398214958
84655,31079.357456115795
45519,11526.168363019557
38786,16483.80471085239
71082,27503.2586858719
97790,14492.197840481496
83763,17212.221506995207
66872,24558.820294441088
46174,19905.25019538969
58375,25916.973556653676
64087,20737.6602842394
57834,12590.246839712563
78765,26225.878032431483
13304,15236.47439093768
86050,13212.946475392077
88477,11971.353131091179
64214,26630.06873507555
35111,18871.462353959403
78949,9823.95597070253
33743,12262.355060809765
46710,1652.3627841805228
66931,15618.155120354048
45617,16117.382549501273
89238,11512.834586862657
18917,16924.99834748082
42777,9883.831896982258
26661,22785.39426146951
77340,10989.454536521676
73075,13906.803037801306
36828,7561.957024425075
79499,10776.811041615052
68471,17552.620352988466
32629,10633.651067966228
21809,5306.969888007805
24677,15143.253247771027
25605,48233.60061106442
70527,10724.013642442676
83992,29659.43380442975
47087,8951.785418931031
41017,25003.12005898241
72306,13429.989624446163
73287,12097.292738528686
84057,15319.303866350525
84461,14694.481405157425
14683,24513.71676255262
23514,13769.907650702673
39478,6636.72130060748
42110,7354.389589095152
53621,11379.512927494641
52470,21576.95469545105
86153,11198.510553053018
39971,12557.321147819619
35992,14662.841151355928
60645,24612.543715158594
63412,8113.9660451271575
44564,15300.096506978045
77835,13722.23593942044
97771,26915.37232101104
98254,10808.808525137578
64614,45822.729509347235
79357,27800.129456713992
77692,30409.783108777247
78114,5373.238069134384
90024,7745.427244505405
52831,12184.06451887444
12807,8536.258397784046
23396,18238.35706740793
48040,32782.050036185996
72404,16837.22538472489
25845,18031.936568287278
27795,12508.689020743792
50682,14010.29790956491
14947,11722.659771715695
30128,5734.152552864365
26869,17807.81092158764
93226,11605.396588382653
30928,22357.83331031167
70992,12908.265897938594
85227,10636.88650190294
92718,12109.506878038772
82640,4572.186368328996
84084,7986.966858041847
68389,11159.296702635598
77950,27982.74052388766
55783,10524.622347528224
53854,9086.97636104462
33592,17926.14158535551
16774,8200.813415236866
53680,20246.92265776726
93427,22010.00305100617
96264,22464.298365378552
83229,13846.809520627783
36068,46526.04783752495
92217,10886.459841740136
22092,13374.435765044267
94461,10255.158258558953
27977,21895.88717219071
73493,12667.597591838505
90430,20287.78580681496
31169,7832.581080243346
25240,22090.520224197375
88062,12828.415143894168
20299,12807.118861007679
55975,16185.914730911276
31153,10690.771674498888
34878,10461.18816573876
84143,31630.518522025384
90782,17820.920800419055
63898,9875.023958716774
12199,17843.370122915796
59916,12779.112822165029
82505,12123.058732478481
89843,16321.202587013731
21110,15000.119975438243
21742,10758.414751710028
90223,10954.976455371529
54675,34498.694351042745
89371,26086.509878947334
53321,16924.175575256482
73379,16390.926162317635
93445,40295.77819941568
29593,8522.642528562654
95183,78194.47884905606
99318,14448.046516637161
72583,5884.436624158556
12397,16531.84489622811
48039,26502.183746600844
51498,29681.08906366685
84217,18231.8590170562
46659,12347.21203037989
65004,13345.780495942803
48054,12727.049935922776
66469,12649.867624568848
27616,12482.27113178161
90229,18104.04954792947
39747,28883.690887371653
69900,11227.823884698664
50962,27221.571672038153
13225,11137.208405104104
71891,15710.375366153352
63788,9595.521616057968
31643,27934.077059183554
23414,72063.67666668427
34510,23847.30545750953
75522,12735.426203467485
81004,9464.707050213103
47108,11835.177676199964
77305,13617.573798931679
97537,20673.084520393695
64627,13658.047573168002
62619,14755.236063509234
20069,24376.28536430946
68013,13898.963824299812
78423,6965.918769494754
15843,9604.468468425348
57242,24033.929666543405
41531,15901.392692538782
74869,11750.421017008415
18343,17733.85640751958
38876,6936.430137125801
94173,6391.764065709014
89763,32008.00473539201
76855,81540.0847828352
93785,11244.20975543401
55656,24737.482839937868
90549,34531.954906739025
73838,14925.160744857536
24382,2063.333780693676
32939,44010.71811362539
80443,11268.1629752907
75314,13070.239723996285
93721,12010.646617758048
80490,16764.84955139957
90152,8710.842011046869
55456,14001.030300083055
56142,51029.54474137963
95013,30693.61219595465
35617,17692.91731121685
34382,33392.909913261996
40820,11973.835544527368
14343,14476.900418178433
85358,26719.896738157207
57513,20134.75471906482
21774,2960.124860061931
33736,5040.681957914865
92079,14406.528755928113
43095,21443.89761608747
45852,14129.606825996127
14121,8122.506025618008
36902,3536.2050063786482
40395,15664.620920551577
79245,9921.139129085002
82704,10765.221481733723
74630,31796.108267290045
63094,24278.826766097736
45374,40483.33757521627
23088,34355.07856818626
73368,8971.733245106552
16261,10562.469281412521
91772,17410.027503998605
16747,14081.081489244929
49076,13525.47697356273
56690,8736.380957754453
59416,3077.6709238919957
18709,13112.629128440256
57246,11484.734426834504
23807,9248.805174101013
16539,9414.597984786911
46496,21355.581083735702
47953,11618.620907239612
69614,15611.29320196021
50534,14577.856088653567
13486,14624.80013563229
76440,10802.095455382283
63912,26111.831526370246
14386,20854.98464763528
45107,3825.096514219538
54358,8641.058064323905
80311,22323.60294019268
33902,17367.546374484686
87906,6978.739215064967
56027,11977.994906773942
44535,5992.459298895394
89205,12853.790665401664
26863,19247.235550059675
46778,18722.17208377193
13663,7095.756926272899
49431,22679.175846689257
11106,12607.092228502825
87615,7859.540650846135
29800,58725.710594760014
65449,21212.618597272547
85470,8259.091971375248
61813,14482.546656333247
15148,11721.669003147803
75386,19428.645563049682
40493,11894.743462506984
40016,30611.607030463878
17718,12245.29849947754
30223,13466.677838355427
74408,31095.428042729203
95304,13691.147087057034
24684,12009.479190901333
57041,16090.039001581208
76783,5079.147966879527
74830,47354.42553603984
51051,18763.0917325562
60424,18632.252979253175
42870,18989.04253254492
32909,8899.140548512103
66628,9173.526131323462
63125,7992.3645454377
36395,16629.45489674777
27920,9398.668946872052
68784,19837.292002641647
14992,9823.203133484887
77793,25305.98636646414
19861,13398.915835993417
37160,11627.140088258788
12321,13151.892466340369
44513,13933.896346819496
77118,14118.15532658296
89264,17941.675583751086
79044,10173.874613226544
19457,7609.170953507159
58434,21452.93095995132
87152,7265.55419746201
67231,15416.429286141418
91610,25951.33465163783
23474,27664.19117561567
74742,51626.58235895622
19481,19034.687679582854
40595,13665.165318658335
81717,33124.6881930077
59989,4115.912597835166
51896,27234.090612259446
21404,16821.244651753346
34545,11428.396310117576
52910,9937.961927642602
63572,16233.736743731683
95031,9894.627002947029
95726,17988.85774604384
24599,9002.581976543748
86870,9051.853823389367
37009,25498.92378783685
51629,8115.295797396864
44016,28858.236160591106
26710,8482.290297274601
41953,12691.16631477268
49937,22553.859701342488
64222,13260.436704797901
69443,29850.75111658789
53739,15640.162437793482
65565,7646.715910802866
68727,11972.98866054622
60633,14189.45084365741
94440,10820.892737092141
32291,15779.07330954319
85753,29976.32532562127
79300,22733.162546759486
94635,35411.253971690094
27247,20826.43304283888
60052,18037.817856307633
92747,34419.17830189345
66512,6052.053421876384
72393,13548.038459308891
88177,15870.413188885834
20989,15436.384230720914
59160,10202.304375902928
77068,7595.313032565837
41982,21447.017636879595
35560,24243.56053087931
25584,46763.87678757833
35198,31012.387868902842
97773,23034.3864756974
70737,26521.88486775399
37563,16165.132076960765
95646,14202.606855980182
19567,20047.06310108948
47788,9089.078940806681
71158,8652.60404606285
64701,20449.964398673837
53114,12943.506414772572
43999,10758.414751710028
98933,11011.655702701444
21897,13104.870833282124
62685,14673.735502465564
55739,11486.607178048414
80136,30435.009208085336
22944,74826.57087597856
50677,9926.66481725062
50954,6559.955573953637
77751,14356.148096006393
86370,9517.074262298496
35064,16052.117743778717
37279,26411.443747862868
65252,16156.309038921381
42168,12815.068697467344
69669,8742.812251644853
93124,18423.301662790444
67744,12532.048109893349
96665,10518.085894502958
51343,10034.749708474392
73774,7272.69156879281
49686,21401.976584819113
88234,15494.632935864738
70614,7250.209710270439
90908,12298.566511074201
40409,8896.09155328543
72601,11017.219569881527
53181,17495.171704327055
59177,57070.17186135058
23474,10287.994120979689
79189,23020.453718723933
50107,11425.270839036719
33709,14496.003611437618
30174,53130.73976122315
66151,18628.020051207237
46196,5326.975132268803
79068,19705.800554136706
45541,10433.58833139817
74366,8883.223663218509
70851,23729.7582135938
65623,9898.787386791188
40672,10306.261567858228
96354,9493.511888921912
92917,13149.145909692103
48037,11950.656593770014
67904,16483.80471085239
52957,52268.96545166883
65722,23273.054658560053
38637,12459.914296297102
54545,9755.348097231676
41833,11880.21889921806
60622,10441.65530920178
31014,11583.871519579508
25535,31427.286485685738
26259,14787.372059374275
58526,12532.546070529359
70240,21165.86575890342
29809,10882.168018459448
56351,19801.025903373844
53289,13236.834944160879
20241,8428.956573140715
68325,16844.85363787151
43973,10538.30886624178
26273,7218.17974395682
21337,6839.404836759859
27114,8680.06073620353
16618,27524.030323385956
13757,25469.288130497276
96786,10266.472675389505
45665,9412.432835699648
89160,6958.606361092367
15407,16617.885496372677
91413,9746.377828817718
40038,25330.62082034764
41723,18194.292706603854
67149,21269.403625674808
29675,21733.21503902311
33198,10205.146016103914
54690,20306.016647449105
57839,31236.358566756266
31259,13112.435133545157
70668,6840.787782989035
72742,25103.542305728755
37884,13590.688046689687
64238,16942.07960951149
29339,5604.02800574174
65895,53231.09822403393
77385,17325.5709179783
79989,20043.42178232913
80101,17483.83283108597
51363,10712.227543718333
32582,23388.006120549966
15898,18630.13712581302
73160,20811.40454879521
75351,11267.730936075399
43068,10051.781350127494
95874,16871.224729119793
54482,10991.466345668043
65144,12735.304283635489
47588,25930.398365991125
64172,20097.353015397788
47265,10618.72749931617
50624,24910.235185281083
33929,7453.4941130716525
51219,18336.722196117604
79992,9946.05688598679
39018,14744.394002410752
31245,6528.409234861056
92799,10951.452423745432
58532,18050.29746858222
26836,16251.90032072879
22581,15538.589804055231
26223,14233.195215002941
70763,38877.737525880635
95744,29175.653989048762
30710,16331.665905409396
43720,30536.338916082103
22912,12444.343421893223
51996,14043.706756944552
16587,20449.156230614102
32514,26487.10906569316
38458,15979.322787739004
12261,31123.544613004575
60306,15047.487954864495
93037,21484.359147098392
87100,21359.456290058835
24586,26686.77383964333
84383,13549.260590821299
54625,30024.24679592366
77578,12422.202002660551
44559,36919.05720752208
75476,12566.341594904741
43718,13576.862426880956
98203,18503.047793717204
18347,14025.313352001873
43328,9365.163336639831
68642,5950.118417906775
34264,18123.54931953829
47996,16488.60831450558
58769,10489.288846892166
43705,5602.655704315634
50955,33865.27096674072
94988,21102.9619503169
48513,50092.03906495049
67239,14466.636046694872
63557,14412.60056108177
76021,26824.949977405427
82075,8678.356262588455
78865,9255.123690496273
34771,8309.676195049817
80108,17249.258657556504
70811,15061.033010137311
76560,15510.209878135849
57833,10796.269365733984
14204,10455.997662973848
17837,45046.095102552434
57108,10834.536335590383
82235,12617.261604474861
67016,47699.784418645955
29521,27970.736443971706
13570,13772.969241660398
40297,19913.49761338333
54346,10036.055716479881
86311,16477.82723531628
51400,13985.318574712452
77086,30080.804751032723
88637,9287.145465629794
29738,6300.04613545826
27026,10312.874017050071
35996,16241.806616282369
80406,988.543856553908
97884,8092.792647484775
66439,10742.226713400014
57428,11459.862935890465
66181,21975.800825589537
60349,7661.4840973661085
39804,19170.026771943245
71019,21269.07336582415
30467,15565.334417844299
83652,10605.8182183221
53524,9664.499688940265
71993,24881.125336201058
10462,11318.705669929048
51764,15947.912979322517
79268,18836.68621946676
19823,13082.175428792645
36814,12218.988047332026
97005,20417.61157969097
22189,6739.094645954605
78748,11258.022297408254
86950,12004.835106491064
61875,2029.1974552514985
94524,20563.92735723333
90464,13049.320604648852
50982,27917.631554793294
59479,30513.132834276563
39832,13906.353495986095
41124,28124.526389231945
65152,21147.345142952916
17563,30487.548409744137
20925,9768.808812576466
43040,9993.411499528047
73250,55223.169962097774
43815,10637.407124584162
13079,17262.314608644283
34143,20683.07117624067
79365,13411.890950927393
69501,13239.553389842358
40300,9509.623678096632
12920,48576.87368256024
88523,10057.750703222875
90930,25354.559806500038
65608,19529.118491641442
53013,20128.196839378248
70604,12384.996482972922
71930,18087.35733248243
23189,10831.989091340693
90538,17550.540661895815
62294,18750.01933695059
41476,14330.390217274144
16018,13359.782661700476
19693,20835.294531064195
41915,20369.113876538453
75338,31871.53288334851
98953,2950.9721081543194
88932,8364.942017738551
82946,33519.15498764154
46081,16192.936649510477
14091,9106.253942969877
29254,10144.410094088704
56813,54465.92818743714
18542,29133.929253346338
32167,15596.557424052802
85408,9521.814165721538
22936,47293.27953125404
38327,21461.28699420396
41658,15885.624237071213
21313,6986.592271813368
39334,10825.667215627118
13975,27146.40651039638
58857,13355.106925324251
24244,13603.454122469368
25111,13881.727273200066
55672,11807.193901133242
35291,21065.03992264014
16666,21441.838860043204
89597,21198.984303513716
26805,21251.563043301332
41925,29122.809491633685
10549,22607.487337053917
71830,13178.535342363944
83865,16237.57023514072
27205,25665.63787663714
21832,9324.75452770259
23913,39516.12622634227
43159,5875.396350739504
63687,13017.737053614135
12495,23055.131561521863
81984,22543.42692846283
93144,11681.796308585743
22466,16233.709851838115
34847,21412.473178877546
30819,10829.493469233372
30587,9939.618739207424
11318,25473.37377460329
62523,10842.876204719283
61390,12565.803448791805
90290,7261.739896052271
40499,5435.450605550966
58607,8978.548200198722
43646,14253.258533272292
49341,24018.377223233027
83715,12986.092166186487
78553,2007.6542697567256
50851,24097.2622545702
44623,19641.767494996002
70251,14242.327419912492
49580,10583.248693999307
51458,10928.122350853568
98031,31728.586735199562
59794,19620.778236628263
87531,11513.858847486643
49601,19781.744075879076
36457,22361.594771632404
50847,8815.92494772753
46141,20704.549150305473
32010,34304.31772584595
71599,8131.387923691644
10835,25166.749065205222
38798,9899.15391233881
48446,6823.120653594588
25586,9406.567917200431
31475,8767.654758041896
74112,11155.78733178936
15894,9808.378913305249
94614,21304.558736366223
83110,35634.94375207512
89187,16725.81677929641
43262,16281.677550978491
73962,24336.02284652472
68478,5950.118417906775
15243,14403.155317551338
68941,16832.261288540594
66982,8025.145649278264
45241,24010.693151471514
11941,8988.560465273105
96922,20154.292236274363
32899,13229.384720300348
54353,49999.70863960979
32728,12079.473449656889
12562,21407.08568198788
32307,11912.707674115321
65301,10354.253281764572
33715,23229.02256418151
64844,17494.374195943423
70960,11527.730743723012
72321,12294.257457467189
17745,12168.75917154608
27067,20994.303927506437
87685,30525.737973465555
56810,6869.476928422722
78460,9701.273423178238
80374,8990.632422781298
81158,11397.561622790034
89738,8454.28638850986
67130,8947.721092808117
72798,7087.837004217341
86208,11740.501308232591
71049,9917.842270620704
13572,9777.437412267436
59185,26360.297560002437
63293,18378.142680091154
40532,9998.010847431176
88199,26486.624327628946
18427,13316.144371620656
48940,22811.69298386686
55238,54920.54534779399
77488,9925.364066177559
18131,16749.303954070838
83319,17297.69789736262
28945,11890.650636201985
36676,22436.795176615993
53551,11075.107985050265
36503,15081.000015052621
94006,16265.437779600106
99188,8213.997538533318
84136,6945.329970606559
14860,7084.266278938663
35700,11306.232080801088
81645,7850.020783863298
94113,18987.51091928817
40728,7638.990166453599
31864,14078.394000275192
58168,30866.676324212378
57752,28790.03037702178
28785,12835.907365114968
65263,23962.673047640106
13667,22342.621031925806
15159,24226.998132145978
68982,20841.67948196856
66046,14089.9231168581
95007,25145.48157933003
24637,16052.326993040335
90721,6503.646929215338
34841,12278.67874378376
46621,12349.633533453158
34266,24746.127121257734
53856,23160.18099816996
33126,20923.957879266945
85452,9159.216046600523
59979,19896.93534588881
73396,20000.056713610924
86000,11861.128828255885
31823,17419.520582238754
44801,17496.14502340844
57570,21160.238957436897
58805,10193.663417039406
59321,18475.223988735466
63549,13817.476777066111
57386,9370.068164481521
68510,6263.2156279177725
54098,20132.39651855697
10884,14382.78228272184
28144,9536.732110731877
33032,16636.06514700846
25503,7033.620232389761
69249,11953.269829435263
19875,19969.41500310474
42020,7747.894354805425
13777,19225.456091404445
12123,12276.547136625562
14044,11421.60286091999
45941,6144.127864645387
70450,26589.62823497638
46067,50349.77594843616
54509,17462.990903274607
53274,12969.597085029101
23984,10222.061538149983
37968,14324.860616592332
24247,19548.817723569475
47375,7249.18247751882
28592,11460.386665568512
80077,9741.288882090888
37650,17284.21221419771
37814,12557.716942810468
43202,5631.023316476605
78670,16564.9731042987
42686,30019.565735406653
48605,12282.674086531446
92108,9899.15391233881
13646,8691.91060081933
10318,15953.473167311951
89281,14241.195280514163
48241,16301.562435921798
42654,8916.341435931292
15081,13986.186484749891
57567,25103.542305728755
60645,26101.272099816546
49358,26180.96234623443
53681,15745.060400274058
61631,11354.7267139111
26860,20795.451118057405
32013,19609.834594826247
51973,30909.07225041891
77810,10593.86218826767
27307,26452.38380376612
28271,12286.368191418209
55633,7248.209115030195
36335,11372.964822568707
45613,16166.313330132192
53823,9878.394717762938
13274,14354.674314513511
84402,7036.76010105362
63794,31601.255806867466
65268,22526.797334343108
95649,4993.557013098874
73347,4061.3544109477407
91054,14577.775406934757
11109,8377.549620230166
89280,23257.05999036923
47217,21253.490030332978
38001,14025.850747144255
78586,33918.141654671126
26126,4625.618554437382
11655,16028.558755255532
24229,8777.980262673718
52008,22887.53190428705
24178,9654.119532990728
34796,16673.1384474113
56085,9332.491471916006
19372,11387.510619866578
71383,23037.148887408806
64398,10890.022041287768
33741,16780.99308015445
94087,5667.492379435927
22575,14044.194062472785
14212,5960.607750895824
11730,10909.278144286558
61384,9493.829980184197
42539,16676.65377705838
45491,18736.385393214678
18829,8089.587181412757
41352,3567.536395707908
64918,13260.195989455882
54444,24988.89799151537
35159,6322.4033598320675
60718,19415.952546885663
75797,6073.44108506771
34498,11027.581990346069
68875,15568.754938646098
40574,2539.929782508978
12766,38306.72733186347
73160,34281.22708763409
45691,19159.306938419337
89162,11323.943875016826
45237,10378.369261937212
76621,14679.446250792713
44519,10391.586785291325
44544,16082.70585444332
65541,9372.599958071532
86883,46642.247788122964
45929,24398.92827161037
39366,22890.826098557274
57379,13552.127494130578
52539,17181.85192964785
25264,17514.883004794912
72812,14719.876155868616
73701,7424.021699597561
61418,24407.955581116443
72855,17050.646896419406
88326,26398.39216441166
81742,16117.897495713285
57966,13144.188687720665
14031,12268.510835919926
40928,8835.02093783257
39800,38176.502168233055
33052,23430.921398307677
67181,8201.808858918032
88416,13155.254161214012
20239,17415.0750161017
18825,16133.537088686278
99327,9938.581626926445
24152,22901.878066370784
94687,10854.434916292248
55379,27321.89236784239
69174,11253.082137917867
10848,13060.3498789221
68695,16664.1238371343
18965,12452.049819970769
10226,10177.152416552082
47007,7844.4823267180145
86897,18304.665236766683
55045,13118.181591024233
87762,17745.925607825407
86241,10255.252236781613
32377,14004.144290160773
38463,4883.006297080643
98055,24447.011426812118
77172,13750.742011070968
47332,9292.332909381988
22413,19834.03649342623
15254,10097.933670285374
14592,5038.592832678538
37265,7581.235802830139
57052,33939.5501848383
26131,14279.88821702781
54631,10632.486166191544
24654,20352.600997686146
54067,8521.83087269664
66442,17372.731137391158
82977,6932.923361603773
60712,15595.375999336487
59345,19413.988601836285
44189,12765.206498937674
25465,2110.0043981888284
46026,14621.979947176173
55473,76312.18573249146
34752,10280.003281742345
35787,19066.447046736004
78994,7378.678540859641
84631,15825.936871388363
41093,8041.467710607276
70538,9339.501661293078
87419,10596.999369702084
59569,5633.392558906777
86638,15741.601506355639
61210,31813.146800635193
20548,9380.582750396485
92377,8837.843684005977
21547,29924.74634997845
44950,25870.562181349884
18426,8512.870928996317
33967,23440.447840614157
15045,6827.621468216419
61422,16048.132090548956
87514,29629.359426674026
77122,11878.501299277541
40239,10151.776706751882
91084,15433.076452100691
46316,9433.73090129962
63756,11425.18999297544
30129,11881.00168789459
94118,14337.819991109995
63309,8147.6763675512775
69035,11750.76467591096
79777,25757.985060899366
80817,30995.144446194012
13306,16902.6191851177
21095,14904.85703246513
49802,20521.301069418405
23164,23916.160601575903
20366,13102.324078433981
84453,19296.49341857919
17546,20184.229525970175
89033,18305.34114426716
39943,19057.040985405572
32753,21263.308275964573
64394,8260.317406017244
85935,15718.611209382572
70819,14500.574623916253
78323,23383.2001591487
74546,12850.77152658009
64512,12909.242112121156
35118,20592.932509851944
90758,16423.767399913784
45056,8324.518718477037
85106,29103.206699166243
19850,9632.882884300561
12909,9598.307556918602
49341,10439.908096083964
52219,8439.946288800204
28523,23657.108166298804
98631,18401.312493182544
82991,24891.133731920265
82668,25767.40920898212
98046,16025.94687701343
70356,10562.181215742588
23955,18096.83557082988
70164,21135.97006448215
32982,31721.40443757861
87537,7405.991664516143
48174,10125.1160624533
53860,17865.28470881108
96951,4391.005267441233
53747,12688.809413182738
71419,17732.790262690265
74106,9667.896967945977
50847,10245.46668954253
26223,7679.207977696133
90076,23273.876842849168
98280,15131.149974920701
68909,35270.39538308275
43511,8521.246072007038
82301,19685.674944219758
68937,20080.966684218045
28570,13082.490403702972
83705,13954.97088732955
64313,32557.18020956144
67495,10589.489779199004
66250,9698.60575443973
21487,14696.354954764567
48226,21899.889338254812
14788,15356.6332228096
15961,10764.420246201185
58079,14460.961043640535
90157,38252.35965960637
69703,8955.106987064442
99797,9387.797158165607
84639,25210.7301139783
80705,13675.916828886746
99374,9014.985194420156
69186,22169.73616124294
99710,16312.63149693885
85120,10539.387909283476
35335,24391.78239772585
13897,16491.347605123075
29027,15364.6995370785
60763,26215.60660628766
41718,16665.181160663906
81975,13760.900599292898
62949,22537.23613171884
33019,23411.154615117688
94642,31255.4123417089
84768,8063.809692600182
15413,19525.885605740328
43806,9203.747205400312
99663,14670.452221664771
37983,5013.675949876475
51335,34895.198941268885
28405,13434.72655611987
36734,10379.053503430825
29606,17424.47885684721
43707,12993.571037464879
45311,12999.01533730332
77361,1809.8786446448867
10120,9052.489165544031
20537,10110.18427864266
87321,6944.599120891549
41939,8705.317235253298
53649,9341.841804526051
91559,12143.11634136114
19164,14101.61268134213
61830,7249.139684664669
29318,19402.061080295636
94881,7745.801808965527
38069,17013.963878829523
91162,17932.12339616266
76788,8014.350531673603
19962,8925.415634190647
61972,4221.767937331744
93194,11831.456759220777
63642,19513.214557160132
44143,25950.534223509334
95124,9528.64057984119
33081,16708.439722981
69411,20609.314990507315
11249,6982.043635308728
55997,7922.672835130812
97817,4235.897607420055
64579,24541.30502847458
95454,13389.137978714822
90436,7635.244734864649
81039,21307.79553652755
15597,25005.79779908432
37353,7121.687119435695
69817,21707.78381659228
40309,8165.919680156425
68289,8841.054675182077
82391,12227.996565831312
63876,18137.02172446256
36653,9827.202429152621
70362,15824.159243578373
46718,13097.406164171118
48361,6401.587545013052
67953,9980.335927039203
68167,20409.939802195535
16374,10266.981600607516
84485,10281.70415923914
30750,26735.218554830142
89283,10947.715633248961
81020,20066.51472700103
62731,31689.94009621795
41015,9011.52379262765
50656,28363.480281270364
46370,18834.725473746937
23892,17893.777172843682
86399,25448.978677897525
62102,7325.340802745635
39419,66761.97568529221
11559,23780.73850837459
92865,11681.511550524301
66127,13473.569501633705
60062,4782.738875987878
23754,17615.14968661687
57897,8065.703807876189
25894,28103.4988559637
50865,32869.65294173261
19345,9278.071585600044
91518,13855.251877569659
13187,11830.98974673814
41939,16723.46062974965
38635,16224.12933949884
92223,8521.820783504467
16671,11161.179902089403
61666,18797.09623725024
47222,8938.196419613345
85196,9306.749498544763
37001,10312.307031904737
62040,10552.74196273667
83950,23386.439464998017
83831,26414.485512967636
19295,18548.461395156035
91411,27064.72531781848
35035,15639.452116339278
81574,16649.81705474247
19596,15088.707293730213
71023,7144.517494432885
48184,16546.819122890844
47064,3397.2245284566925
77312,10490.171557693742
89204,11176.947660556485
64966,6224.755104538481
31344,12444.256172835067
64982,15827.73093040959
55427,12861.309674282631
49246,9306.52043840534
39114,24358.91950624804
16980,18790.10684015328
25801,15302.712682584892
34481,16956.514853841516
87167,35214.17613308826
50324,43986.82510934358
93458,20351.722756840616
17689,15038.016466755718
41353,22535.188333290112
74762,25204.53829394087
97882,50823.143324154764
43470,9935.408837881045
91158,4841.663060401977
81126,28257.01724289041
17611,13584.01268362551
33759,12565.008953515517
82978,19006.894223142517
95423,6303.79649367662
27901,9894.747217635937
75494,32202.37533042328
84651,19094.643329405728
15361,9170.781000158335
47966,10611.147002298541
96372,18639.46448873222
25567,18001.271975629053
22765,19388.98654529388
39450,8196.86452727771
29816,6362.401166782081
31146,17765.007402039133
70717,7006.151263157028
31671,10084.86237844896
58882,2794.4532133568737
16596,20552.83466395326
46349,21215.36403605224
94317,9209.281204414918
80038,6927.420258426126
28344,11686.884307040213
49453,21829.476593072817
20198,5807.34310657674
54613,10063.409672183534
32822,10980.10222432786
49182,14986.246161406552
35315,20514.02307355018
74773,3129.5439266151316
22079,23164.33054105698
92571,10124.729179094416
58404,21718.121199842204
73355,10926.193757237648
39115,11250.048218800275
98952,21357.246378611395
96131,16429.68818539512
19010,22856.72564040809
39301,11942.260079598302
53700,7087.911401681449
59827,9906.203082276643
12465,11517.164589644257
65326,5611.114438618106
12745,14273.952217466305
95319,20658.668319143908
81130,10290.961361751619
87836,12504.328196128099
14360,7950.811236617401
31532,10479.782589211794
26696,21745.706705911674
59107,11175.352347472268
49782,34501.94801659341
35904,19409.72072658587
67550,6920.112953430229
75794,53531.82387516701
39211,22984.233916262918
83329,21561.84610187196
74815,14435.247078582119
88752,11150.013665114158
48984,14634.629848475879
89646,12565.803448791805
41598,17965.044391616488
48924,18065.876597147533
13369,15861.90492869613
95874,7350.92641127571
19651,13421.286915281082
73368,26817.932926915775
36449,14168.715575116601
58239,15142.463513441442
11482,18698.728254079942
21554,8766.499868730742
35003,27523.540043689387
24769,13075.756787432998
60382,30020.37719321074
29634,20766.623177146623
13422,9420.342655419148
36359,10524.8147429657
29132,13796.610484906341
99625,14677.389991034897
30181,17749.756238271442
72443,5760.519220886692
61683,20976.512761841186
52164,20672.634278150043
40204,11309.09531957643
49479,15315.339593951428
84908,43425.16500695987
84724,9708.906779928875
75651,19070.298962810055
42929,30058.90149056576
75976,2416.7591222137653
99882,18603.226733874493
50388,17318.320723791927
97763,12185.14929016617
83431,11972.361051620079
63421,10374.026008346238
48390,25946.693597487734
63367,28178.364120610302
84028,41387.91599020958
40996,7423.9926812295525
39819,9609.453727055772
38977,20518.446569364976
74437,12495.86585056016
72273,14113.30368040272
66981,10964.92277696009
20672,14430.836575915087
34025,5801.182368159212
30458,10129.01028847928
60099,29674.898199940304
12345,18633.88242206261
14198,14106.66958675098
55596,12398.367270125302
44230,8076.718571554553
45523,25273.349235821504
28944,29056.341947807792
92893,21407.993637033836
19927,40671.40633227007
60774,6490.368124608305
67336,48914.37155133404
12600,10191.08931750225
69277,9968.067914339012
35162,20425.77836169387
76248,17759.87756160111
12658,14294.188173086712
72717,13444.763933897862
23539,18160.7865298257
22010,13396.73471303816
13846,14426.149967616811
40820,29434.147160664885
77251,12131.509760731067
72821,10598.930653916676
77495,9401.470989215786
84109,34829.91710475676
41165,12678.021377337658
52314,5655.714457979213
94766,6807.58108934341
77064,6401.174060794736
37727,17119.38873620725
76799,27932.82851661087
39836,10733.287789700218
86503,13923.100642109854
13057,5992.459298895394
22415,23068.262438915186
14651,58213.350376704206
42105,38369.92041099192
22873,15594.710885558508
48943,6297.749771095459
30180,23699.07972401705
41452,27622.958158683985
18862,6084.899907759787
81786,25082.1721479589
36833,8216.201441230169
46861,7112.856774181706
87094,12686.148876607174
26221,14409.863216620819
60324,15499.41337915603
31811,13341.60314562968
54194,18702.97528680189
82474,23501.53758819748
49000,30649.46278069631
79063,21155.144212730756
55315,18785.013799267417
45579,29505.851057511158
72376,11037.823793736388
55429,11138.129462516974
62830,17780.852647247462
54059,13216.705126825618
34253,24226.89334543449
73837,8787.805809618232
30749,26193.92472172565
30818,10152.130689593336
70878,14751.8429992227
33903,16431.014981110166
36469,29766.331949379248
48073,21867.824357288406
49982,10341.839431406674
23864,19276.50953557124
14796,8044.639735129716
84231,15647.379070548759
90092,19439.007569547688
55100,10364.066214809813
20244,16469.734022607237
23830,11956.260768981047
73031,34478.30029686868
60987,13197.294118924801
69981,26878.782724468107
29217,7262.05465110447
41216,9053.886643137175
25613,19270.355301543306
92677,43007.16906315219
23969,5508.8245151913125
32536,7654.109353205036
68098,18563.949528449022
34481,16058.988874201248
58037,16629.364022656242
46901,20893.21882014908
20239,11577.992487096184
57177,2022.8484795330278
96659,6978.335491086033
92806,18069.21798453771
38938,14522.144255469422
28376,23757.719400214995
47782,22255.98857410252
11760,6313.62207393913
19257,25797.562309549565
43479,10019.215426856954
87042,10878.061978099762
89757,6926.656378810823
98474,15501.441418880953
78944,36419.037953107414
59269,12740.807503594551
81447,10268.046905046418
69973,21976.15394460247
77433,7709.223027172395
42697,14051.177112507723
25586,28599.638116197846
99010,12102.20374272444
23224,30418.31613441575
67249,39869.209626425654
93693,17945.713570273238
51838,60620.94771382819
57948,19966.34643814029
84482,16258.696019003264
29251,11501.252207445388
45667,6023.363861910062
30700,12993.693591588135
12001,18486.1303872612
36022,30566.66165213631
37620,23871.474377913604
30078,7324.616659124515
59226,17129.326690210975
74982,10624.998923223337
98223,9593.26357598542
31266,12528.537994639351
14402,14655.100219198872
31760,27409.82648323094
71570,34737.82357874376
89918,19290.631678998114
41045,12235.923310806607
27805,17972.573926332847
37294,35503.02016724528
40175,19557.501567326013
30218,27650.47934965102
65420,21758.689482776736
18276,9166.522438923086
16287,29165.96120430779
98872,16461.177305364443
36561,8439.481997219653
66666,13820.638229243486
87106,24688.236384022966
81142,8926.974780990353
60235,25753.542755730516
70929,10455.997662973848
77526,6846.555742884642
40475,21199.99658546284
95604,9941.880398842859
59914,6204.06823027095
81437,5638.399963091133
62333,30817.53020383258
86867,24678.69597809699
64625,37203.771652672185
54235,21274.530884007254
27614,15283.201899717751
44334,9197.152528522505
11720,21022.50435667144
87832,52707.46811620241
34522,29541.97122895428
72914,42121.71877985183
25733,32793.706166972224
69431,13835.798713449036
66101,18072.477456146513
74793,17641.94474019581
69268,32903.63068864797
58581,6919.586988817022
34270,23297.004855419997
46734,6043.45115097875
89932,21774.45986054666
27149,13240.59570667763
47324,4778.724062370997
26579,24235.71440130338
79650,31037.41938555316
73843,11972.842644530847
69569,11948.857046946301
39342,20808.95005158269
79767,14601.415784390727
41975,6279.025273169711
49479,8846.117385531743
82314,21789.84111577851
91604,1446.9088905398548
37584,13596.167055217787
88927,20867.64923188938
93640,27770.910382454957
64721,15941.513295688703
54896,7229.491537485439
14217,11328.618270126974
23115,29847.39481710684
91962,22192.555787909194
11511,15539.266744643593
54968,21576.371976389597
28427,7747.535249248338
63126,9160.935673495142
15892,35538.17657290349
81035,13257.183614948259
40154,19608.5166369555
72290,24297.058853383023
18828,14613.306781477606
17441,37450.098212199846
16341,7970.096858749357
60336,22618.719717740103
84411,22556.324246667653
70102,12415.398978035184
73550,18313.194044694344
16580,54826.84226815722
84322,13587.843778001317
98031,13105.11002753752
49780,18631.25090146301
23155,15622.334648953654
26633,10226.569888842992
50452,10195.59762791817
12822,15253.861754761707
75069,13876.784684448976
66342,17684.22471045283
34540,26595.653521912056
34670,15843.686095159444
38406,30089.22844630206
51465,12896.85395168614
69196,13587.843778001317
82277,10017.489881623305
77373,10386.323769522663
92065,11761.16342195094
56112,6304.318180487095
81183,12079.675926375487
17875,14607.605027759126
17326,13329.27215116074
75810,9984.241262492942
88212,2024.838754290693
17635,35159.11212030053
49869,14573.036168655664
76891,24790.191288233134
14880,8379.65660928579
56973,13148.086758890346
16070,16146.10535986308
87229,4369.161391111664
69204,26978.369476904365
99361,17357.74452308404
74071,13429.969743199328
33313,17967.519156720413
31492,10479.198802509884
46455,13291.726166255641
25241,14630.650702269102
96017,21806.15905635503
68786,14154.765562679619
63443,7784.769493175692
97783,15202.639475955744
97568,7556.319931496648
70397,14140.700318136755
73263,19006.611348569142
83647,36155.22770632079
40960,10810.909966682615
59471,20080.792622549947
27909,14091.809017466741
84728,12521.32035655581
26749,30607.35817858597
16863,7826.815174637619
42222,10535.218332416469
87179,7667.8170034662
75176,17733.220684844127
54053,10194.834546917718
77298,17029.996086641655
51432,7397.042515385641
64250,9659.31592942195
24069,15890.689509071193
96557,10316.900611737428
19509,9196.874720800686
69908,36211.29239524873
18569,13202.115210812273
21734,17426.941024323038
91406,27673.822105442203
85170,10172.445996270071
13340,13505.01766295284
83930,13880.211774971034
66181,12482.915570324392
91995,15860.551657364978
97638,12361.82957157222
84580,13177.946174436827
48687,31256.08512016097
50845,25091.679124389528
39780,28347.238812017702
50453,14936.333385070315
59875,15151.999779054986
83512,11783.464572891451
31244,10907.78177957626
47266,13424.001361212651
60685,27450.758589152538
77462,25890.407291559743
57546,26581.84257532146
21771,14058.977522150375
84856,58213.350376704206
71909,31625.419072065168
37776,18661.89690452513
15617,25025.156587595167
73042,11894.109299931486
98653,17293.27204188348
53884,16904.51366017373
21738,23856.16865790668
66083,7966.212718593202
56211,16720.71724117434
82560,16741.047151378072
74231,62551.74369947118
68082,11312.924765595151
56367,21192.077683662676
12319,27125.941712255895
30629,62231.521186219295
84094,25686.309110942817
98704,21646.632706113778
91845,14101.755457929485
71932,12450.29337076094
71240,32972.002081744584
85474,13271.299700199972
28583,11193.27132518155
81701,12746.483210619146
79697,21645.032117607912
82317,10897.785436615119
57241,21872.895928018763
99058,18860.7923567369
60932,11764.08789529607
98629,8550.259792050887
78315,11578.859277251395
14603,16226.25572173675
76079,14174.845141100257
64273,19867.06286147728
53659,17212.647747274976
12465,11168.227957978721
80678,6648.1556466597995
31018,12773.76562151422
76877,13845.342257827408
83086,7364.550816375993
97172,13917.692382970614
16868,10153.936715443639
34469,9768.483320274689
82407,13920.094339024175
86920,18135.626607031903
18208,10954.975390369305
93618,24752.563557202135
24846,24853.25746520618
11327,9498.524679747461
95248,8820.551834279184
37939,13735.880988945748
28222,9330.403372060138
17391,10148.133180825334
10716,20145.815408592294
37289,14993.37129849731
40697,17017.447506565975
59195,8215.173079557366
71322,18052.383132113133
33719,13489.208778036227
87859,12530.562633689071
73832,11934.09306966261
43246,11727.072845269875
24589,31722.305919815015
21290,20646.910571982087
62392,15863.428990658103
93020,20464.33068838974
54685,33550.00598271097
87131,18330.32517646052
34844,23828.996254827733
69818,18612.34869659001
89333,14138.268012545392
64799,8233.99462713924
82037,11720.912544954295
75640,14414.680767756869
86614,16141.1244777156
36423,8764.757662510012
70859,6120.128827703613
76126,10905.7908152517
51984,16828.01869394329
81147,20045.60011505414
77050,15957.626930848859
42161,10484.618304428226
43739,12556.578873195918
26288,37027.18512422423
60084,25160.50726467067
99709,15718.117751264595
88140,7666.243118781838
59879,32422.88041025844
10026,17003.642140549702
78495,21682.392400114848
22632,6387.141055423301
37529,20314.755987692955
86705,8819.996250688611
26931,10861.622337198864
82765,32148.722139476857
99477,13691.147087057034
41827,7791.04141074636
31321,32669.355014697932
98362,7455.927737310671
10294,13947.223399248942
10483,12262.93997422302
48458,25817.807143589424
98382,11462.903563590453
38290,26927.870682044046
81001,8781.69398212139
70799,9712.68453578349
18096,9517.192042352872
31814,25019.462533005193
42889,53203.47740845829
50163,7488.514022497375
11692,11722.568735114204
96109,23343.102470505048
60461,18628.666595832736
73145,20031.445813912458
61722,17067.823374560823
77099,8647.035053905856
24500,9447.920891711678
59390,20372.860060191706
74690,11949.967350507688
17237,10970.766608247319
36138,17825.537439758813
28447,17423.322722045694
31244,12851.63074777499
41969,21290.69625445227
33163,14737.839541925681
46594,23162.568868378417
14427,12015.260474439521
60334,31181.48455623948
26870,14022.660213354873
23143,12964.037559369708
45895,12472.349420653964
89352,19983.492224008794
11388,13504.220682245656
87618,21854.912407813375
60089,13755.116009145917
79110,10348.792933730827
14125,31736.46155955364
47765,21453.102025043183
18768,9258.885545181622
55093,7480.270912789714
12928,12271.927718872616
29243,33200.301443371805
70470,20569.424913035076
39932,13529.66927423016
21256,22196.465238902354
84567,37594.54183109802
21720,26727.111770692565
43926,14482.515367761152
23128,20730.674224134564
65672,8562.248230599644
34174,10539.751290872962
29020,13313.949198564607
86962,11367.390874812227
90054,27141.797800848024
85888,34200.29952672858
27773,10595.766237662363
24835,9142.257999756326
69776,9780.528515980579
43178,13765.568943642951
68921,22800.426559481086
42142,10264.601409054008
67903,13843.399150114803
85689,12788.893922816156
74542,10006.289162754541
23159,10626.836214227975
46412,15803.009286934508
41914,15047.50823881687
23050,16089.765321302813
72238,38258.747430346746
51553,35764.632692428204
80575,30417.631072162985
48881,25174.614027441472
18693,10327.404325218893
72634,22726.269150318432
23254,15814.400343307396
27560,32828.177820471545
77843,11021.399695654058
56059,11143.09667137893
19099,27695.08739520458
76475,10889.947331566153
80086,7417.763473832267
67793,16438.113393915053
29367,10641.633965832694
27695,19657.551314489192
14293,18002.150387522248
65360,9273.256504709083
11922,23524.36688056538
86249,20338.236099892965
89598,5158.0319842707995
65352,15353.476261944816
54313,22927.868158635865
33417,22571.22943226729
54268,9550.978854651592
48186,9880.04421507309
97567,7216.391206797207
43976,20673.370345883686
22158,10944.618303344956
47727,27622.149718970886
62854,7502.980663290467
71345,21045.34117867345
49726,11375.344435139723
92214,23491.218902095698
63700,30110.29900571818
23778,16316.678128557214
42384,23316.34401890405
73201,17715.173131366708
87775,5536.249924026872
57173,18579.671010916445
45695,8884.002105931613
87335,15913.190075754577
86196,6866.309890798642
12924,13484.343304234293
40961,10130.33760854093
22989,7099.164856095158
29931,10016.731206725386
85370,6122.021906128059
11150,31168.952459128443
43549,17064.96752452324
44556,12314.085159977356
78209,10057.750703222875
86747,6680.601995787261
69557,50019.54377083591
61669,20563.184686788096
21143,5230.506059387375
12998,10633.451802894473
50340,18232.331962367727
68375,20530.79019183724
68055,25917.599721843155
29397,8431.867385858623
94020,14406.587857056275
13229,17276.419584198342
43532,9669.19259553024
62489,17605.007321755882
18220,14136.551560890905
21377,16846.638248969317
46913,7355.529935502156
86027,29853.91215700002
92553,50731.78348077832
61924,14744.670513297504
73685,14717.816747674668
73075,14122.83616109579
73340,7107.32129185377
59101,43287.08848577354
85709,10639.360155458022
74572,17341.10090006624
54923,20025.078156260613
46439,7303.887131897598
38913,9755.46068919616
92630,42936.778408902755
73297,10575.698087044326
93242,35519.04982417518
73591,102287.05789068765
80147,11563.227967781426
65351,11795.107594540037
41739,10449.08573366338
20500,11634.394179093339
39298,7613.4390916185
12588,27224.04253292676
94010,13323.017056650913
84802,46208.39223413712
79473,14423.021836651325
80512,12102.304761634754
28430,19996.729432689728
79152,14271.973137421071
25808,19395.95251228179
12037,21701.607156902595
44468,20496.157601559986
74303,8495.023832028926
19924,19715.56650637682
70674,9602.593078386037
41570,13404.43057926196
41843,10788.786817815168
76164,15533.900290859969
60779,14574.452134841444
54733,10606.802745668203
62120,4331.429449469946
35598,7006.525776107746
23097,18612.34869659001
11076,8936.665581353398
96196,20774.02873066228
17690,11764.962087589853
37298,15345.27673420903
55581,15704.84645964045
75200,22457.64287789763
91993,8989.470884404014
75200,34841.993115501435
80780,14726.798715996592
43928,20533.043725150896
65280,7868.750298002076
49560,20510.40934406873
12857,5358.518757943593
26101,21195.471588555993
44935,9670.736918805793
10334,6859.441787585216
33602,16863.805414137496
28921,23750.354704018377
51090,11834.355961050444
27855,8527.806286682346
77866,22126.82096474875
22602,17642.940069223896
57641,19996.431341276562
46520,12673.556267336027
35043,7826.415543481293
25347,11384.473620930316
89875,7613.429116853073
89560,3300.84642116718
80015,9582.890648786028
61816,13609.035010386153
10052,20390.5533751984
50524,24688.236384022966
98727,24200.92120663503
48018,29766.81059535485
61385,9412.725841347154
37641,9371.351304614813
97430,6694.284712139883
42207,14944.674147014937
19620,8700.974984829412
60865,18388.307681888225
56513,9227.016838492196
21365,5685.553625451381
27117,7673.844244358417
33132,10469.879797365144
66299,19483.310168296346
48603,14969.550673891968
23097,18431.5295226396
97750,25516.289193333356
18910,25212.0198998176
46050,29077.118621705748
70698,11372.523749627871
95153,19891.40315330201
46256,12195.544199303633
60791,21204.19211360801
84632,5776.328955390389
66973,19377.09045388897
30776,35549.88246421789
28832,19727.66328065218
36935,19792.28721831545
35507,9118.739328601227
39077,22936.95198185864
70218,19879.869976584338
21476,7815.179972738051
21222,8614.80865078403
93292,21934.88211968871
42375,35408.026505752554
67177,12617.42041896754
59486,9962.346530932762
16441,11373.188805038422
44069,15255.323973473845
48188,23934.70507641911
14774,7813.998187225789
67550,9687.34046876308
61127,33442.06011521821
18503,17928.265658035558
95389,10293.948502662348
72458,21346.09089843028
87453,12224.73816049376
66563,6443.825193690793
87929,24985.586777512224
17827,5051.034885031275
95563,18377.580052715082
69423,17950.15201218047
24744,26303.896415476025
43668,24627.359391586266
31307,24043.865594109237
93515,22963.59952461391
91011,12689.716009635575
22103,12833.838248110256
37626,16771.800497532116
49877,11973.5579146652
46681,28056.55242834058
60211,30048.017258451204
70798,47067.04923534092
77047,11430.41091904053
97273,13303.37940792722
67291,20909.98562201536
13347,11456.213156163463
90073,14986.416955226428
49776,16826.16280321742
95234,15043.153704196335
86043,16081.218130099971
28160,17132.670975076035
65475,14223.0744528414
19448,16060.44688177471
76536,19204.367557417398
24181,16397.886221221506
84523,30158.60010635171
20141,8976.858223226689
51780,24073.45182558985
84806,15002.429334358134
67715,15775.720143321318
63176,13850.339430982938
39286,36620.37688099919
93713,12273.503992988022
59909,25236.194188403446
40556,12735.610107723194
82833,17001.515506138963
49628,12923.201869073542
73538,17366.45485680586
92770,8282.892849615595
38573,13965.961142800617
51417,9473.30442437553
43340,9947.946402158383
27860,14025.570557557221
33293,6950.048445954693
32938,11346.99168832858
12486,17582.399603267404
18543,16882.715477511934
68483,16106.379830553307
84740,10031.65758313666
70517,15960.904935361634
73358,11092.940044654011
11835,15736.699447160465
21744,9324.346735260388
50769,31730.69365001923
94676,22808.49540394021
10892,20911.726415345554
89416,9555.98326272807
74911,25620.439005825978
35124,17491.07375074215
55706,21307.381646882353
38683,16645.280604314605
33317,10405.52578796386
16801,7409.742074215699
80389,8402.165151727044
51447,33034.91747555466
39945,12452.788965397638
90729,15774.4788734009
79658,17248.887307287292
83131,18107.764071353777
29874,14989.497476824665
78725,10730.317200125644
77366,30535.073998324166
80650,23757.719400214995
51306,15680.780682605062
25885,9505.867477606373
41714,17991.42949844309
69633,25692.80284039952
78414,24624.68512578817
34499,9356.674178571568
50692,9173.975730016204
13348,18865.38090504615
82684,7903.73670338444
47746,9896.987672797019
49575,14356.399871268626
20107,20527.952044057096
42435,25127.128732784753
12774,25904.747681978966
16296,8305.820773058618
36389,21294.498739588635
77590,10985.964565981907
14822,7961.931334234037
50959,11963.599263708036
36594,23203.855920091642
56338,37493.425236518364
13835,16529.164677131317
97017,23430.05614980824
99884,11131.257951641983
56550,20510.523211058462
30340,19056.509148907367
33651,17580.906999736937
37293,10676.773409657402
75490,14350.178413745089
14277,6459.042464167573
76539,8913.63325506091
43872,21735.967578000862
11207,29483.8127594909
99026,16557.730166880425
59386,14244.06129886095
67466,8928.410697134339
74922,20525.967655504006
27657,6908.705545979752
67733,16689.90478496817
41126,12794.117399466848
99818,19298.9145906416
61643,17511.0695692214
17520,28132.198098555808
44502,12749.634933414147
72862,9696.065459621494
37831,13076.63617257062
49786,25686.687507991686
84973,11586.501732101722
26350,14648.66851311686
81357,37607.373636514254
65185,27980.38303424901
14846,16026.893552414633
16903,13201.540316801887
26691,11665.911453048087
43299,17381.901087315327
67576,12384.194908873798
88498,30897.978176436936
77918,12921.157115510761
86448,13328.90718649803
20781,12616.42886522709
17387,24620.54147377001
94990,13513.012509067768
15746,14942.901863056668
10414,26744.105414716683
79487,10008.523932409362
32783,28907.794812779823
54379,10788.89999690182
86043,11668.199285899733
39813,19459.7413996407
10120,44560.667197185874
36179,22876.206841154293
51294,22556.037537706812
57764,27465.767630289007
67274,19164.78960347612
64680,11832.0814730081
42473,11969.995124678288
32156,19279.355033182004
26859,9486.536681054353
22639,14420.547779755387
27798,21460.175008465514
68972,21473.381462501573
11408,22728.9341492429
56458,16258.643072037234
86957,42883.618552212545
17617,10902.623719389409
44296,22195.94542626018
12071,11163.701087712354
39431,21403.926471304083
43483,26271.795709216192
60097,6924.78978189655
35277,8020.235351434525
65254,14562.989852136188
65667,20964.619983172368
50970,10675.641926013135
69368,14411.94416678267
15968,6460.163648214046
30108,13908.293418918061
32782,12565.008953515517
37361,22928.317043707015
66518,9089.490812208694
75747,12210.575376570763
13882,7896.518677211396
11201,9549.254971474435
41038,23443.541769030544
50203,7192.093130961926
86585,26858.251056859375
57961,15806.665574046161
71640,10889.332837952072
23148,10032.37260750723
57988,13977.148433561782
70134,20745.056744974718
43059,31888.26745868053
54869,9104.49590706314
13495,16864.60272246326
57384,24891.081966613565
20337,8082.092108810095
43096,12993.571037464879
92671,9952.103912080249
25844,6764.675233238255
11489,11667.31324436577
53656,12160.041443479782
88199,21633.855778653124
61210,7967.113815680756
39474,13890.317793376427
51906,2016.994202304204
11173,15390.14055279798
53700,29257.53894171989
21827,35054.16420523467
28017,23705.073371896833
50479,9880.919561473895
30811,10120.349843669423
83433,6901.169474812023
19674,15747.402193867987
94276,4936.997431636835
63241,21775.543119329173
12694,9372.64398317703
60222,12351.556587992432
95577,27757.64551152655
99085,11593.166132164983
49084,21187.66014554027
37041,6351.469238548658
33671,19107.569768074867
38277,20474.82234294968
34961,25560.39246662408
85778,9595.01673967122
99776,9067.685263094725
13630,11376.657200908714
70042,15199.443023743304
52762,5516.730540930124
74047,16222.485664330234
71138,15813.405408848022
22154,7172.280239044099
64822,21047.44176928351
88386,38319.90256404532
98931,8075.094953450889
36749,18908.438295927976
18498,13112.694793089426
20175,11378.269667521334
62221,20351.722756840616
51068,15974.595533698908
36751,11691.269492443314
36513,20051.080908598735
80331,6277.907277067086
36062,3661.6020266411233
51947,12616.050653286746
67315,34780.05491671636
95964,49539.39212223573
37533,11398.143665757325
64718,14321.77018288794
74677,26414.16720441766
83113,14846.75950396561
56997,10353.066051288743
90244,11152.494661289562
38129,6328.835105384904
47758,9517.670185404892
41682,52250.26720148002
47795,17348.062704679076
69252,12200.06739236975
53360,43695.686519494426
74392,16121.659594309818
58058,24843.85581648921
96193,16102.789472428829
47283,29724.569905565746
15220,14300.933569946676
55537,9886.758560249098
59921,12708.345874669267
37180,30199.317314411193
50155,30679.895504408225
82350,8463.797665333619
53282,14527.294338767922
71804,17385.380049972195
96947,13822.666598175936
78350,6422.554404522378
34053,23183.76248960474
84390,26679.592158972337
52564,11498.399284426036
93300,9732.93874211931
26677,9143.541068207798
30664,13966.349613485043
12290,11376.270936478593
62165,10259.743859059661
99504,11629.131739878041
94061,22393.97499759219
64446,11475.589251059813
86325,13453.8266846956
46662,7809.515181435425
33712,10079.69436987762
46322,12439.041649293975
39619,9287.973260144443
70050,10230.668348990901
70964,8516.034423062109
19908,25069.936301282032
62853,13483.393969304056
65584,32681.016712515862
29625,21774.57103293679
93191,8710.842011046869
92688,20669.03705527466
93051,8553.689803877063
45410,29761.750391645328
45790,26414.485512967636
49539,7815.299355225568
19520,9043.50183210305
14164,9391.581382724096
67053,12893.458924458391
49193,8444.237149311584
67243,10417.903575784281
19291,8869.708515283817
62603,4671.608895092186
85960,16587.874740862328
53743,32574.974723948108
78413,11253.495339324778
78090,11282.494042935057
51108,9541.239995445349
30546,16153.47535713641
90711,9892.866773891768
12822,16716.965836956908
30297,11368.811471782257
97065,15306.668621642892
11517,13286.917485944537
44206,13595.447795943732
16292,48914.35028789305
71059,19689.91359851008
49186,10673.639178226613
86110,10163.93818618311
79278,44621.95061954927
21097,14841.770490507104
51600,10436.555793739302
36817,10221.27546842831
63879,12255.682312452216
94159,8828.18565987455
65158,47247.77203425481
71932,8990.760299341971
71165,24072.929071422797
47799,16716.965836956908
72145,11069.211935502604
32583,12647.727194482102
75105,27049.153044563715
21736,18916.376077125155
46837,14010.969208599628
74156,23080.387760068457
64903,15535.474954885369
98844,20689.631383516247
68078,11526.640024318029
64369,37257.48174889623
81763,13721.700264546664
23373,13307.166563438113
46979,12102.032906744964
99347,17060.23680384362
25538,10265.059113371131
42088,24780.830748142896
36340,14629.406113801222
40297,8417.005758027237
21389,11651.135834903755
32287,24857.246364868482
52141,14377.782643432016
38526,21960.59410501432
19640,15109.159683740007
12582,11211.683982054317
17793,17100.824866684055
75851,6962.894832464379
85031,11629.604409232907
93918,20369.684137193944
11145,49360.5334153311
31378,7519.918186016763
18703,6095.122833888769
73535,29769.917136865184
20182,24633.333308057285
22658,17093.418685273922
69655,10851.224626530086
58805,16664.1238371343
46095,10559.785794967354
21484,13906.996758432802
19881,8014.543523438531
88119,17869.087450611732
98266,32974.05220639022
58182,10608.892279816948
52800,13832.860250443457
50210,17100.824866684055
83591,8416.316783508177
88567,17781.364134485266
67340,29836.541359521067
93648,9992.506052388446
68492,17671.572852047248
63504,12466.817876054663
91659,9269.374845789589
73654,12206.475294223828
76975,15111.845982908972
27945,15966.149503555835
24769,31016.771350753414
21159,8276.97946599793
32246,17745.925607825407
10368,8454.187845912968
44264,10150.173650807741
57841,6234.0882065746755
99516,10090.658904650418
87373,22933.0009119328
60343,9055.33529528543
15640,37160.61644258965
58468,9982.202188216594
93377,49137.59610898509
52646,11211.683982054317
46954,26770.547868700192
99918,3869.131154837276
49566,14437.25186934842
53389,7858.154461022708
47438,15058.478012607193
54811,17512.320839023032
94264,26963.256032885925
64936,15772.050926590797
55460,14085.760376422626
87902,24442.018845254708
46214,9975.355854187443
91851,31132.78449914411
41207,28466.84877527062
62763,13117.275715644253
69563,5999.7880553373925
78503,17522.460306534253
41490,18833.59573529938
43426,9573.67061692297
96677,14522.386382129434
26645,7253.559371459183
87079,20562.914975593587
46505,19834.085669681608
90709,11370.239720972892
28175,16012.266761854495
67967,7110.806268648501
21180,16381.252722242447
98450,11708.274171248686
96872,17738.854232055684
27511,11224.279111326316
94980,20980.081140981038
65637,27886.33686632027
27111,23143.69075915685
40322,10364.992716148685
62514,9769.7537131153
27898,6150.697919043489
59268,27639.455155526615
76822,32629.974046075695
86400,12499.91229146271
38011,22437.0296496319
85526,11414.563560563189
17896,7909.16148153804
75040,8269.20174909825
87523,14386.437698092832
61875,14854.05831811578
39276,9647.70699538907
15009,16066.643427869929
83287,9561.799568948805
33321,10599.6716095297
63773,20696.94275044053
50228,20199.252217260233
50996,13446.020798344449
43146,11557.74402986404
10501,47740.54537303402
34554,9345.885037255604
31642,20388.362589409026
92177,15133.040081396355
44510,11809.593501805852
91893,8945.374534673436
97772,16047.946139784057
88594,11216.28559448538
52801,17736.26018013971
26256,13082.175428792645
47983,21029.650805405152
59281,8687.316807519197
13541,25087.697322048614
99634,27207.611562059854
63158,24861.393169038518
39236,10344.017549368755
71539,27103.978798513494
37814,13220.60883608825
42825,11479.094917855477
64694,15128.521799832868
12869,19558.336667274587
42751,27453.508237843304
84673,13414.408058022238
24948,3822.371704320645
39285,24825.198303554873
96795,31203.383412121133
71039,6926.465556057532
13084,11839.973734628482
10506,22453.93373963378
55575,14423.512337826833
28423,17304.560983459134
75073,57222.2261748243
40807,10093.937618152388
57596,9273.143253433936
79203,9919.861333937542
99228,14185.997153091726
57706,15230.738826999845
28830,30522.922297802033
30308,10344.645926593612
47557,5754.595547978535
52597,15781.582440410035
22965,11948.8330134922
65188,8135.838569290199
93526,9774.020437113479
31400,7895.307924228404
81459,19296.722108783542
56589,32801.58841130108
38799,12560.620558136297
18150,20721.74298571849
45722,12367.239268231016
79909,28361.770329185107
99248,9082.979491100014
23433,20751.748136658163
76239,21407.991539617804
23857,10343.561030106008
97474,8505.02530887785
69418,21960.803738025355
26742,13057.026876534379
42181,9399.704304351413
47397,16435.749044705415
46775,8316.374347921805
66298,33643.2326438544
47781,9673.628571336205
97715,14594.15023659043
96812,7752.953859523177
21334,13193.370817471894
83340,9279.790406365211
38279,21444.518761182997
46715,20959.041368400925
44124,8006.166561134707
17406,21776.011731763865
17042,10276.136758643865
74679,7880.12675755214
69754,10118.561359665044
82364,20098.914417380962
22768,10651.309090403669
74239,24541.30502847458
51079,7788.322214051546
35053,15411.669204684966
82248,12500.647232927035
19074,18009.15976653
89130,38054.494833889534
35601,14260.225866945328
60014,21012.88140992553
25245,7738.5713005528
41531,16081.986316918854
53525,20317.01463089321
63345,17559.47621197211
56917,36752.828517882066
99564,9785.761684248426
11056,10702.136720548997
88432,23640.380587892276
81604,9802.258370821446
75350,30098.215837060583
60859,30124.637237954732
70105,16214.67834686124
67149,13102.324078433981
73130,19226.54334193425
65107,8788.42481527217
16240,11573.19681573774
52526,6547.057623933637
88428,14572.091358728321
55919,15486.817032016785
62343,9347.482514363946
64236,12385.007098614
44263,14978.628097897712
67934,35980.459490002446
60370,11484.646845645859
56607,17673.68988591794
11016,23145.792842525883
66772,11422.692402682866
85514,12036.799464717227
62891,12398.30219422006
72163,32752.98508687647
57330,15529.505259417132
37859,7672.8925966233255
91751,6233.874119291417
19741,27794.985436264004
77286,20820.587004158424
14901,22798.254381779996
17837,25461.22564040742
12150,17682.18702925173
82339,18138.964701070654
23560,14029.093451793045
69101,16411.10474503232
64795,23897.58904657802
92761,13365.62754592474
16698,12413.825270057696
27121,23727.67056444419
76632,17060.23680384362
58933,17578.209408182334
59494,53465.85188585618
30681,16553.261477879867
97459,8281.045550024946
67316,19176.21098020988
88332,21346.325192121196
27078,19144.30929846667
53664,30457.036484709068
13420,9528.177734744879
84850,19645.47303204859
83733,21685.364480825723
15481,47759.136316989396
22692,11909.491422524934
67457,13200.505384646702
95963,10278.482553957834
36641,13847.8653189229
22750,19246.861562039256
23297,17446.813298716694
83842,18900.916032486828
90904,20205.316966698687
36382,13657.679008242907
34102,22577.89851698067
80114,11558.254133828143
45123,23156.812862371025
68642,4523.89382720377
71429,31190.405091518645
52615,19019.22691394967
36198,9528.817047423241
34960,10114.470657969912
71756,14671.075663220114
48911,12029.076254827858
11302,8603.028247471293
89206,13015.120694944246
81063,33050.18471122952
29675,11646.442358976103
81741,14015.401987128298
20641,21302.065854974935
11254,24969.82064623933
11833,11124.601407800876
22606,25527.90859298195
19811,11712.356047334224
69603,15634.873681109786
57768,9706.17862102671
25566,14913.222616089086
21211,11709.503559782755
54868,13064.746987086683
24236,19474.904006189332
47168,13739.636796615368
23924,23747.097911416386
17420,10868.947351894045
13097,16131.453165526738
38305,9166.150154640229
52697,14418.323806282673
28010,6559.955573953637
85849,11859.093762864792
98811,9246.99453703799
27131,7646.715910802866
72235,12821.558156821942
45700,10235.362177780262
55878,7329.298378009695
69041,22216.914678165922
53661,25408.811462186997
38143,8955.677247719932
34880,12006.474404138111
80984,8521.820783504467
38026,11119.315217672149
12861,7929.199673311879
92073,29633.291515004614
69719,17632.419807338236
22708,7556.182233851176
33557,67849.56858412584
62236,8012.336454784785
38991,15684.233224666435
60078,10160.113262188665
13306,19111.330531400155
37134,9500.49880873589
81865,6906.347502226561
56703,16658.906791920523
43274,6628.372733765151
17810,33529.17838269938
41847,10917.63737205548
20790,6902.4150890179535
99650,15466.89412645501
66238,20717.792947319693
20118,25333.364388804886
23533,19967.062037830092
49083,19661.43178586042
80382,15843.923576624951
98475,11232.709779355571
39007,4661.828900826111
78237,14101.745543836461
98754,8234.498960437024
89960,35524.988599350574
78966,25684.5269031696
89505,9219.472944850317
52333,8478.178320400171
98148,9096.869356665835
96248,14546.181917108526
46256,10979.64564433655
93258,21016.100391064712
37879,10338.973778156178
94874,30861.88405769065
71538,15817.123312886357
75463,9876.22904674078
10810,9689.588288069332
23122,15740.534070487007
47681,12344.350316746153
40699,11163.862492120501
67142,16988.43480276501
36537,21475.48554915346
43351,7192.43570067677
25695,9625.840628479047
88993,11331.546688056409
63536,11261.461526751342
54490,21438.58448684067
34198,17383.628422304926
22138,9416.965091461683
63196,13216.84641629089
64707,31234.06715413826
59098,12820.288543224697
35780,11476.41974071657
10470,6669.74014760416
35484,8859.520603784622
91110,9593.789006157453
31015,21897.257343016343
70825,12603.615043043024
78575,35793.939106501755
21126,23579.59244635722
94711,17175.723186367886
39203,11465.039275245363
86022,14619.75383827473
62568,10436.267912844949
62363,16457.24365958227
81366,3309.3694587015852
56536,17852.690900703346
45666,10809.72727070685
41420,11909.491422524934
80164,30133.569362040726
71357,8510.158331189032
61219,15928.991540337609
90540,18194.292706603854
51942,11154.753174428537
26731,11009.552511266102
75218,8846.416810629848
78547,16775.627729007054
13502,29652.865929377964
91945,19142.25741714611
33360,15645.201518059352
90771,10558.824858376764
87018,9595.01673967122
63392,16146.10535986308
59476,22589.868414825945
56718,21027.795540711588
85385,16365.769748554118
34200,11183.754310792645
44831,18794.405769910303
12259,12733.497752455078
18047,32841.2808001492
30349,10008.845959834372
98714,21791.966078598703
65496,15248.999581072847
74171,8445.45084015306
97962,12371.871056639975
81821,18094.880218313057
18160,29944.549127643615
83119,10732.684991136466
42797,10118.843665896577
91453,32322.13493039763
27277,9870.508120565002
24897,7797.156725117307
10495,15376.411357215526
65983,41639.39094869399
95932,32001.290765228085
71242,12938.071318501967
50677,13775.716460552496
47705,10233.093589648264
43080,13961.886686349715
29423,16590.223868698205
62597,7816.25738175376
51796,13708.852335641086
99949,15895.67911886107
58191,13720.509757768956
22123,11050.891535947207
87921,14910.991928798963
28194,7868.287150759024
64666,20626.98376863182
94184,10899.417315785762
62004,11889.370379331696
74962,20081.54281507238
47233,5711.874876265367
73257,26664.326481238575
29821,4533.834288266446
44814,15037.378949982452
93135,10470.716151193854
14712,10422.055140848197
34326,24422.29891433203
27248,28625.177297400427
57211,7290.020069103848
50402,9980.339885564666
68696,21385.868295235672
24590,9646.035670755176
47721,18264.255611823588
22648,13794.654557158177
58950,9874.481823846629
32348,13219.146834497855
45246,24907.861308504936
99487,13713.371739636505
93081,9407.573290145892
56953,26806.565253691944
73978,15474.275560211447
52687,14421.95461095139
63862,11065.905420860126
10703,11895.801003237362
19146,10315.456968223974
26627,23220.504745141538
61168,16533.698756064383
77218,15305.126880463675
65985,11925.773312517134
48927,7186.498090033492
20646,18914.405183586117
48193,14667.41068855372
54753,12135.089419235714
98897,13269.23082105335
15644,8520.955200449542
38753,12878.48897436979
53763,4985.214917502497
22657,20718.494590094517
30999,17441.394091077116
55077,26363.055737661918
74388,28647.636153859312
40007,8473.763566705848
81452,9538.818630897073
55358,22567.648080935513
87920,22690.138915282216
53003,9014.555803536587
73465,29839.821133298654
76046,21097.18900420973
51620,21137.90953973376
89559,39081.299040873484
82913,15263.256312837992
23126,7420.793314243208
73612,41297.39201834056
25283,16848.134592498107
53200,18265.593525956945
55038,21125.436211430628
38533,27404.690038764536
21724,1130.0824064710196
61769,14516.0191470986
38466,14472.72544376523
46098,10842.758447662784
73073,17684.01803927501
73134,7910.656901510532
29621,10826.013185130176
34597,8850.409605668081
33663,23847.38421247894
56902,16883.895841339945
15739,24422.19386747208
73541,28080.00358307542
62112,16711.41450644645
63332,28671.722169808007
55510,17330.503377076828
34011,10832.304427360934
95359,19464.739005871183
73957,29019.87390314893
62689,31505.693273836383
71073,14602.136110733896
25067,11566.143664889481
80887,27074.239167169006
55835,19053.872103661495
84050,11699.096257500823
15651,10982.782944367456
64503,12956.296843486116
46507,20952.815167287295
29140,28050.194417973995
88485,9525.900144640831
14288,11481.542358695066
19412,19510.345832037758
26240,30134.633523012624
16752,5501.0902997424655
27320,25288.70238476193
62071,15203.850393663442
69008,13362.312663181368
92884,5199.289651274681
46659,24261.164076149813
54123,21946.481128472486
56567,88836.55507066139
19902,12618.932639541246
60124,10278.5082765815
19971,15328.063731859971
87735,69138.61556377423
27622,7805.638293547963
79913,13098.72371534204
16876,12458.121441971489
70082,20587.06418427345
84449,9874.481823846629
53263,14204.260191259254
20180,20331.826043958532
42695,15467.14664376175
35197,7320.686854125366
13461,8368.358976606796
74116,24122.45733226426
86662,8375.000690825005
46775,10110.59208355939
79669,16668.261682262142
44950,14303.56651096605
41657,11590.928728278883
26343,11473.194763049294
21797,29194.826923889188
68445,13541.008901164598
24269,10084.034557380382
22139,22337.38789749668
66069,25917.576470651526
48118,9297.555580972137
65274,32712.772686544587
47871,11099.31543586419
66235,46181.62282931729
69084,11634.406243501653
59887,23770.727332934966
72468,12323.799465094748
33811,7433.027778330579
67666,18229.974411054136
93825,14420.135330759738
71547,7351.256891882009
80396,18931.945505048865
66564,8739.20731816562
31029,18044.842324121422
28474,18411.926459374987
66313,3016.8320931455673
36165,10484.457373727982
84836,13216.705126825618
10330,11499.324713847009
77810,15390.202406842192
20250,18200.513130356925
19594,10838.289987245596
93092,17986.11251788324
32087,21986.661748472154
51033,7530.031058052473
60561,13767.899652934933
58595,14618.142616793002
72393,16140.655692480099
13913,16027.924829563071
84592,22713.34537980384
36457,13573.02185845153
84950,18243.845463229427
24246,13437.863356101487
89861,14749.942769949475
71882,16729.94137555921
48499,16739.252355649507
16629,16123.788724852746
74394,6312.73830976052
29972,4243.353808122682
86341,17666.26399043906
62795,7726.144878857085
43082,16265.202549692724
21628,13205.412623680575
81828,16192.37542342789
16171,27608.323618178485
83444,20193.544984148826
10783,8039.85229747799
76193,5522.81403186949
65938,11137.506276630269
83544,4890.010952009296
30786,14278.367488824031
37659,34653.46828790987
51023,8121.601710644556
52712,11563.041543858051
36887,12890.228074202618
88194,27180.407601618288
83317,5761.221109713551
48236,9998.851964573883
55925,11171.884521609787
54446,9512.445773764455
94866,13912.654581588446
48444,24667.639254652953
78934,24410.96501292717
98669,27362.537797518442
31448,25852.739773961548
21789,18111.984195485693
26642,7521.387768982271
60030,11435.19153258406
37328,8031.604449130618
79797,14533.408046449931
64677,10741.45160425231
78813,22285.911045453715
99756,20883.821459643936
14721,22218.536740298317
59933,12506.662557774205
66815,18247.427573991085
71827,25443.062983635802
20487,7910.843495789153
26068,6677.707753104514
46031,45764.11882978307
16976,12702.891674137882
52733,19187.540360869596
17478,9282.756776623111
69032,10697.919948663935
57355,22375.935097006302
44224,30219.370547371527
42750,13378.170624873275
77741,9577.03591407922
34989,8717.594232124204
65199,7896.342306460965
87481,10500.77386635012
95756,12157.454631634611
72586,8351.4295417571
89049,11754.597957151307
68701,23605.944119442687
16160,12553.929775315826
96300,15296.299518505404
93874,8271.83895321068
40881,16525.647625513306
40412,19517.262056902797
36548,20877.763954405396
66010,30958.195648568097
30654,29782.17850579965
34309,42872.95760735581
45388,14726.330455362306
11790,7101.670581975646
20526,10770.131119122685
34653,8096.405871188472
72640,12412.791451809844
60048,16244.565530524405
46775,26676.783411549768
74686,15930.707488228105
13936,10029.400506276826
27412,10008.607557493153
35817,21170.786984468345
99562,7079.038923344984
46651,15778.0645460824
93359,38346.0172444986
22130,14607.605027759126
26916,9052.38077738285
24544,8172.302121888233
76968,9642.57907475406
19086,11978.388494513258
69892,13827.97034982208
97516,13090.990592135611
77089,6192.567716678748
98041,6695.155462936098
62802,7839.417127083532
82475,9802.76041431167
10401,13892.30553062001
48512,20894.74520637587
48144,15038.909999411835
96539,15806.73361200448
42414,31090.359138214888
88223,7099.273329669515
84220,19701.00433696164
45148,22435.502061160198
60272,41969.92395655897
73349,15119.44592071115
94617,19786.38591712989
28721,22090.520224197375
24752,21019.24297384563
37880,8508.199829030067
75872,9626.346229032311
58931,15693.575315996299
82212,28173.01714930746
26349,6294.795204067283
85597,29289.4680386837
53649,19127.896925071695
64285,32428.803196815417
73756,11940.662160093962
76653,8915.45183672263
72168,10903.69086462482
43939,18264.61042839142
61602,7205.481650635402
75364,15252.025294725341
36345,15430.906414604027
56506,8363.283720612924
35872,20400.130114187235
81771,11852.410316936794
45002,6763.931975730431
44815,19024.092934672222
10994,21642.62400577431
48650,10263.958938608717
13959,8685.514119158259
63378,7125.457287324514
34928,11135.041831692324
82257,14367.249511017097
87412,10181.054002457156
83611,11731.861858745691
70251,13429.003349475057
91394,7778.055970473319
84854,50046.305544464005
64961,3045.7777572898794
28232,19404.993326584827
62826,15340.411217245532
91559,8711.6250629963
15044,10593.118156232282
26546,7230.423784380075
78021,9993.35827412401
99819,22114.43680747928
89631,24459.215753114968
98384,10600.751347768623
39102,22635.693861068026
25789,11130.393663426972
81740,8533.837275957136
92035,27597.438279144255
95297,11784.69776380133
49054,9231.88698619881
43975,21110.620790439327
99617,11960.18992969437
25215,41297.18163698537
34913,28645.35382062445
40414,6027.781557655557
40088,10269.953309054832
59444,8683.034949882487
84060,9970.100550633404
53418,9343.354681542653
67870,12741.903735124568
26592,6551.107798825891
50191,28586.102838087798
81312,5664.869343251456
77336,15164.641785018786
20502,11352.231218609693
45827,12557.321147819619
38302,15443.300669192498
32285,20532.228267465718
56053,18985.629558529563
14449,14972.888389869693
41369,12722.591366157256
68941,21418.417158911925
97540,7716.924678221805
30108,44479.972727510496
10262,10495.97527773534
55852,6618.050801045198
57448,13761.127452724375
73438,30567.573470132327
22842,12810.99488256986
80608,30007.629477687704
82341,1939.95206666366
71697,16078.846206526921
91167,21328.50361455385
76177,23382.47237774902
72277,12171.446912360963
24121,48999.75510392957
25344,9619.280725901895
51713,18826.726712570213
14125,8614.58154829086
89662,14275.5895836152
80433,17264.67700875669
88274,9960.766347522247
70268,7012.1787241007005
27529,13021.174287774887
14124,5593.944448800603
92092,28823.88611944546
51606,13729.135837886588
12025,7481.538441002756
97485,5087.017686480751
48697,21683.276110362563
77548,22222.03018209071
82474,14044.884349862774
83452,33698.204492533434
79146,32778.36564464042
11461,75335.71791256673
42062,12686.148876607174
53159,20165.934232896478
40181,16604.71817883177
48866,3900.4288225580585
46915,19773.445611174644
84946,20917.017304194706
73490,22980.320839229473
99665,40773.44535198952
40487,31371.45840877146
70303,15602.887804662261
82551,19692.34714993145
86741,13104.284611776515
13677,1218.076801646128
75970,18197.91051806858
87196,19776.96771739543
21941,23756.01816066885
82437,14008.304949247588
22479,28278.839500825678
70717,13152.848582612527
21838,25092.290157391235
59661,29571.57422042403
80228,11019.17658376487
23970,9676.599893923085
50090,14170.236106519682
89859,15438.937064221836
60568,20526.72233144279
37284,5133.083058903558
37816,16367.604497440128
47271,16857.614537653622
15999,7502.291168315309
50845,14411.48652639152
86580,9583.963664066356
82501,19020.268049169943
76696,11234.826152557845
98652,8222.006766257653
80046,11428.539621301734
69850,17760.52454735293
48592,20899.479379337492
38502,17812.988937019905
23764,7610.401222357526
93814,8881.448995530656
41477,14215.920814966408
40842,7356.832680760313
70077,7646.715910802866
11984,15871.19132763654
11009,9257.463808952325
82248,9491.820721883067
43826,11264.69781831452
70467,44027.294897042695
93453,7933.961648853972
22634,11898.329634165424
19015,12116.74019545149
34845,24010.95418990151
79764,6610.747408936657
94852,19351.821754244753
71970,13104.268119296847
25882,17716.034921169037
58321,16021.401197693256
84699,32899.03753195423
68934,17848.925816539842
27693,10499.277165220617
42835,21803.467449137417
43186,21052.058202037475
50853,10274.8953824814
27525,20263.70682631706
52086,12400.044134409109
81862,18648.289786500925
70357,20765.2851769954
64477,35161.51645554064
70306,14056.947540256206
35407,33681.512170370916
55540,16153.18935848929
85618,10728.072301319015
32380,28210.514850259613
28423,14626.108963833134
11916,11487.618731560862
89453,15328.881928610466
32429,4962.398616965489
52740,14432.306854122577
57788,25474.54887237294
65979,10212.470904506841
24200,10094.123316154168
49307,6747.854569987117
15426,9986.080481171717
36660,24337.366125731132
52946,17854.30373797694
58170,15479.988005774641
46503,17893.421493586462
20139,12096.518740774414
47334,10111.683154202656
82115,13419.775745339668
79194,11919.871024947872
63759,13299.336176016848
41004,9918.334242489493
11294,28155.08996770933
12020,29267.88474345744
56057,16174.019383109684
15498,17484.959645091367
48647,26458.941501168738
65898,14436.062476673364
58815,24422.14287632469
62290,11181.168027120351
64525,8850.817116095752
35172,19348.062056544786
90557,18735.215805212403
47708,17282.616772356345
82588,16088.632499067146
67685,27674.477307772584
10581,23111.729434335713
72784,29648.153566509216
49170,10624.314996574969
21061,12087.28580076706
44103,8104.888363931035
90085,6718.459788523673
54443,10310.444928083343
25559,16110.05080001619
45598,10409.026225822305
22899,12750.721974727583
61008,71541.39526425436
57290,8682.70242991141
96844,13409.223678941087
87382,7826.385057908006
13327,8123.83178758121
45944,27751.646487484402
79003,16329.844195826552
47545,11540.532738029358
91370,13503.997762768257
21831,18231.415774471425
60342,17469.704401574727
28251,8367.875496728106
60685,5096.682753888263
15059,14075.461891202984
44330,9396.618563208665
63044,7030.4967365021475
76212,6998.369453458956
32285,16768.87476053522
24116,15516.45135023086
73869,27181.89326730848
96910,26153.169717797813
18945,23938.906132671524
70325,14899.710560070665
63107,10615.96738251768
40698,20174.448966190917
41565,35876.653907776345
94944,5166.492147828994
54717,16783.00143484371
45371,9095.312806906506
17023,24885.808482531535
43001,12575.281224906626
88529,15779.770307247249
89747,22252.380395436983
47884,12193.336207687817
45159,33669.11255282496
96174,8627.986666303412
55019,10167.177310528768
93553,11475.694042961646
97781,15594.710885558508
12836,10909.278144286558
82646,7046.292487742305
71840,7218.724589933143
68070,11682.77551751294
91553,12584.873583242366
64777,28396.40638981339
89533,7425.04439576933
36025,17660.83921911643
50827,14645.791424403322
94910,15505.767439530915
90316,29198.098125576438
92039,10453.981250340516
31086,15748.368823521461
89535,11459.424425134828
68879,20494.944944070023
64965,18308.16090312803
81255,20162.241827219535
84928,9343.378342010981
43487,7749.581172179298
92459,13765.164467294911
14327,28651.690112802986
92451,41179.410029965235
83033,15266.189594797723
22042,12834.793488392641
15677,8193.927172068861
10158,20194.091931922696
89903,15000.514453348878
27691,20397.50882727405
25272,8840.894568695745
71355,21691.801677079304
44014,19630.75484347534
45023,13378.427107008967
38971,15647.2023892987
82648,25650.97052505603
14126,18825.757495845766
61059,3822.3130389200614
60397,18287.02067219505
67109,19231.033542798723
30900,11117.274769107204
53531,12638.692469465412
44217,4346.5196614054275
68913,10412.163212708521
35735,10290.961361751619
53751,12628.992895365187
87184,8249.383518020246
39914,28614.87252604275
66599,34480.60324713932
65996,11975.135442323894
41561,10946.823991734767
78400,13359.498713924833
24731,8788.264508653405
84033,26282.07737262803
27599,10078.396233195357
31550,18940.369578394195
10778,50861.621198229586
76658,8544.322290526306
23546,6709.638091588044
93171,11563.419521234753
35579,20202.280125335274
87691,15546.120888510128
84866,15516.144521855895
77750,29802.628035683927
10874,9775.674572882948
64001,13346.594741727975
52357,27140.863318598796
71641,29358.43072728411
94289,15780.908014341952
68161,20697.147039469066
39291,33711.1957282667
24356,10560.541150790954
40271,10611.015376976411
15746,14666.34015239359
68537,11344.430820087191
33748,10750.207349517988
48817,5230.750063570305
48439,14031.286653897838
74564,33874.57212047688
95702,25712.57992311955
28914,10363.95197385519
98941,16182.121531029243
66817,20808.925832926998
58354,15558.961841733191
79353,11545.633354681464
19481,16186.220080969168
10868,48139.24021076407
43436,22280.57149178552
23370,26831.650316076797
34267,10115.760324966086
30050,9019.042083628321
11525,33065.3667883328
29903,12897.14598354851
44741,19056.49283685223
83310,11627.867195190789
49909,13266.464692053816
68698,30242.287616141803
42902,13271.296126391137
60633,15291.361875014829
87309,23091.993577982783
14429,12100.051199108562
40090,22543.42692846283
36401,12652.578236231937
17693,19584.149228794337
45812,7014.9898767385275
67760,27549.278284545588
30390,17284.110602877234
34840,23476.289757824175
87512,6908.281446125164
66249,23992.694920881488
94120,4140.700065391744
16249,27902.00754496502
83885,11818.766247449188
42138,16905.90663286405
50206,19401.980668286866
28759,14200.966166980124
80917,26500.40184417674
23322,5442.611148175145
64694,12716.15176965385
64989,15268.389230492237
59585,12814.979492735514
57738,7359.87996787394
17508,9114.693960235803
89677,24724.615164405157
30483,21865.708650693523
84471,17685.97725145028
81762,5824.090293985881
74734,18574.88918838301
80275,18137.728870413728
12857,34786.93193787658
76524,18065.26208752826
36086,2350.176877914784
26456,34152.2457899939
56848,6764.58231138974
95181,17323.135580784656
24309,12333.448400240228
42908,22459.123921338214
64232,16052.592753266516
50650,11383.757840840737
75509,11003.239869023268
28727,10470.894194972938
51420,23619.23274101871
30481,14185.609917251102
88317,15916.635779512168
78452,30280.229241911497
56296,68557.765427987
42809,7956.288121917807
60568,17994.68734950049
45030,14835.5061608551
12388,21987.823725310456
21015,16910.441118410254
88312,15900.948356878178
64950,12582.230468728965
62765,14573.067452436895
29132,6916.371706352627
13237,15320.537854272638
50072,26781.191263011526
66876,24775.00948161614
66491,15793.384586534066
51057,15501.983434744898
30369,12124.716247772372
65315,19785.371692332104
24662,20044.713852270834
43750,10397.810013057817
69761,23140.858438550364
31307,16486.15999023403
50474,8808.896256228934
52411,9610.46421201606
18180,15166.284677943684
72049,13902.95871021622
97103,13073.12101208805
13818,7706.77148229173
30576,8000.254649066321
77929,16663.07682691444
24830,17816.269606872527
36159,12163.610678608122
49022,6308.683209162138
26911,7409.488318160669
25810,11637.749159582681
15821,13445.518214912427
86984,19785.371692332104
23850,5473.021903323037
55281,12794.345495187557
35828,17534.20156830669
40967,12110.855137519477
81925,9000.14625517713
69072,10967.083957852512
69424,6251.29271409644
34018,16117.957702612259
42670,11300.56741262845
33720,17013.94070964736
92063,22519.38432627182
74505,44636.66666153422
94218,10679.884452797789
43656,13837.527141008639
22920,7926.610764998735
89549,11712.356047334224
37623,10320.491976363133
18340,6594.79963820581
76682,10245.752541699258
19748,14834.438087879289
58938,14704.740271724682
88910,12618.067206797838
31470,10675.641926013135
49222,10620.196779842474
64120,17822.02518559785
10476,26172.58292379223
27731,1500.0274520829225
33244,10649.056642542499
16315,18663.78380253573
21591,9394.093551868751
28341,18632.734526765817
44358,43468.15305404742
56239,34192.92557110543
67483,30947.468102797375
33479,26103.01243261055
35515,16917.403224374943
37529,14756.850280307775
35634,11548.466152205878
77219,2172.7799865609813
85147,19471.998779518035
96749,20644.80985107244
65467,9395.759514584695
92304,20421.278257866994
67528,11725.274132162402
82887,7487.565804884278
60341,14329.672996586016
80325,28080.815179741487
67183,25679.588831196816
18291,7671.891830989425
13765,18308.706473870312
27247,15172.80461464834
90126,12839.877437864394
88440,9213.828877810593
37055,6266.734897365539
98025,14925.68788236321
20653,9929.161043810165
62362,16228.990000717184
97436,23053.046232936176
59037,19917.949664913434
57349,15428.01422759539
99220,2780.94305890141
57398,17559.127019781587
49233,21507.551604989563
64835,16515.15686292315
53036,11759.816333326085
61956,15446.375848137899
54072,25731.464319314677
90909,22134.846695191725
25617,6750.3139040013975
21169,6792.293023513417
66081,9003.69195507341
29211,26492.46922746454
73060,16442.788551315247
49227,13991.81658749079
96441,12704.34285815174
73883,21529.42862277907
91957,12776.086388312691
94173,16514.617592903585
95099,21355.29737179375
23806,47213.36524070588
77910,22858.525021398815
26278,7382.393427799554
61888,20858.08404407815
14085,13393.678269103508
78631,6970.427360314414
31674,10834.938134673877
43193,27286.160853890317
99926,11841.865587796236
15787,6838.071883391454
35858,7707.983832032736
78921,17622.435557453395
99285,7786.738946322619
15115,21091.74282468029
12052,23205.313908127588
16613,9098.66915923265
93972,11348.646013210233
32504,7102.893543679991
72532,10191.08931750225
66070,10406.949134101213
13240,19488.940593778607
65026,18598.855199978632
48795,12574.048273553874
59356,19450.352137776543
78032,25790.294678283863
64251,8010.199415336632
80037,18263.93265466486
16592,14071.361809823962
72687,7388.548530920421
91906,11196.502175437323
95880,4495.729199664454
77338,14983.040146684607
93856,11828.801001912547
56501,13808.91844987179
10993,8521.246072007038
34533,9630.468227000323
64241,6391.130965921522
79359,10921.655042666185
17458,15075.125493838827
54019,10739.90909272932
68067,31713.456932365072
12053,58576.7115332761
38576,33830.0799985404
41257,28744.94790318208
26734,3414.79571317097
64248,11453.146342255282
96780,14500.945854454116
16216,32994.30643614068
75038,14350.433526523224
62244,20426.183744631882
59366,43976.27714696601
91641,17628.314109350777
70380,6676.373744114897
24284,7309.571563777081
29670,24790.191288233134
56397,20919.62848110582
47872,27062.81235071337
43738,17387.626319710183
23594,12496.006752321111
81944,29051.0283324367
77905,11951.897511270578
61236,9964.415603063702
16713,14290.058318466592
24931,17706.250386402397
62688,10066.15996557838
80007,11013.605757840804
25889,12251.28033977394
80644,36000.519737291266
75403,24863.01809529552
10186,10295.597059786183
72327,23781.70830029443
81567,15405.849549789351
45998,11000.623658034738
16257,9140.929272036905
91278,9848.709279841018
43667,16042.379127391687
82613,5384.516783458526
13890,16735.43208674207
79527,30227.43318704223
38067,10542.638324550662
27574,20740.6751240132
55471,20908.44841232479
16511,21695.773373236036
57962,16734.295547413803
24148,7937.659287732175
60909,11104.699590835971
12921,17102.443278509294
45326,14923.351357535172
15400,3960.1862155846193
94612,9837.27285540129
75421,13591.791883195914
88605,28729.54486274745
18723,23826.149001784855
90842,10976.326260170332
64214,8182.464587067116
42953,12875.611859357146
23086,8282.40312638417
34570,9938.806340993026
68267,25503.765229657423
96314,18519.98992087621
86058,20793.999797013967
40437,11507.152324528373
12850,6323.190030848797
23109,20648.30714839912
90755,14230.77076724691
38586,25550.22763294993
49132,19977.12946799581
57221,9758.982545325616
48974,20290.78388931109
18250,24621.369127359358
74709,15549.54704061037
85664,15994.338697371031
64799,13224.907325692438
82599,23090.197048876347
18838,15812.67616066955
65831,9297.114185458702
92323,18268.50839672587
43196,8960.236591021177
92640,16398.28873209936
22033,14329.672996586016
33701,25927.804567861906
82623,7528.103930139188
26678,27124.424458163958
71873,13987.607321795891
90702,22240.853125807986
35950,17547.512014141856
12766,14699.089108144577
75670,34718.21764137988
27670,9663.623582068949
47205,12983.82357805449
83463,33289.15351779908
11868,20208.093627636248
45473,5821.994684510901
81996,12132.93590334781
16718,11327.128903997145
93917,14664.138218155276
37956,8441.512881565912
47576,16233.93367756341
86078,8202.917623702182
71964,10791.797656081078
81408,18463.298431589526
96183,6988.872024860893
22639,19074.34740627523
29705,15008.73095380171
25101,6212.150213175011
46349,11859.723960555857
69477,13132.590504674583
50651,33123.878027347586
35952,7845.084551692609
83478,19905.130101041763
94556,6572.171883506404
95196,27953.142060025915
29353,12462.293857471272
11463,17630.02683140563
79848,11758.990222363178
77951,16876.855042421426
47392,13573.203689440383
10949,9251.700534629712
64232,27984.52493172229
47058,14181.128099162826
86908,41340.205401343
12958,24724.615164405157
20885,18807.75146083669
46624,20478.868416026588
85347,10964.298304023148
94025,6774.680486755351
42469,9049.856657577086
99901,19427.302056282646
88153,7751.176959847415
83230,15294.952292707248
44615,14830.650656902579
17877,8947.703321011257
49896,63756.31661799374
97961,19122.150928503448
98326,21826.33700745995
81559,20517.36441462009
27077,43615.866034852865
30507,9105.780869736182
67951,5368.472593355553
91194,31934.284712202076
44751,18733.70062162717
62977,11916.592349308652
13638,16058.644559198421
39761,7797.399975068789
62631,11977.386560327293
20581,9504.653661202188
18726,9845.269786471647
17396,13085.67051721174
51850,11013.465682487908
66355,6323.016630905591
77572,9384.638457597972
91984,10419.655086747189
89500,7119.523180029322
81403,11937.277983567714
46196,10377.711943516751
88066,8879.748389072505
70518,28301.78581118105
81808,12330.03355552082
21118,7558.212695877302
86162,27204.535249015928
95357,72198.65205047789
85702,32627.959258215807
22598,8210.765599133054
31047,19419.036302470337
46830,24658.9226975845
20325,21164.088750493116
39752,19199.61456086189
77175,7596.845052818417
59675,31055.81704491868
32697,13003.161467249542
97921,19474.904006189332
19179,8988.812101554491
30348,22660.79971022336
18574,18119.83662478019
71581,9954.597145216576
69071,20016.229630540467
18909,26676.783411549768
99134,10788.786817815168
32669,6687.292366861035
72056,11273.634989061316
23255,17454.797112806566
21824,5833.3890893227
90282,15159.689886556433
70986,6830.243099795913
28394,9484.516509092398
81217,26474.90259490494
89937,5354.103875013863
31139,10763.40371455577
84581,6388.420902014823
18672,16771.218625798323
84343,11175.033793509876
52242,19134.054681525937
60410,22659.548836015092
29714,10584.883393676926
94099,10794.150318129108
96584,10774.055289179138
41185,26124.743747593864
42431,7393.347534683768
82102,8399.083412990996
84694,13188.486841713835
16464,11539.967272961028
66060,30808.154780140077
23050,16334.318586269204
14271,19736.49419320711
84840,30890.514818757627
92831,27327.491307199954
49544,8472.96886197174
76546,10888.34480376392
98798,6071.846075559999
38527,17034.231025578556
74465,27909.78552148355
98121,9077.620037184573
25888,10208.014250565278
73945,13873.435751556499
55755,13764.575649574608
43298,6994.262294460463
27098,30282.073450920172
60768,16109.113451256218
41051,42015.005104407144
75968,18333.25233638839
48042,9072.962399138503
11472,9248.535655435004
32220,12946.120150197536
52468,20172.532059225126
46134,9432.191880619976
36522,7591.335707650853
81523,13479.863282640472
20579,20721.74298571849
34606,19412.684829079844
21528,24699.107134866274
83862,11327.592189081235
67785,11122.209946559975
72569,10415.155637397456
50691,9753.103269158153
74184,11681.045184988234
87506,14070.65048669728
40046,18929.187142818693
72175,9932.450940908424
86138,10400.347985364926
48966,13521.702313063815
48899,32081.673056430707
29609,19608.870747515622
70761,11228.923179403568
70224,16388.72060082511
68093,10889.82547425953
82402,29971.794183363087
55184,48213.46227086458
58120,16688.98766150067
98422,25466.046143977554
11571,6850.492597873055
49205,29339.11877396076
56232,24882.729345353513
35191,41855.01271181079
45101,8007.243142036041
70311,14075.461891202984
83527,29359.891855254456
66173,27931.452100872237
37535,22796.265753470652
84548,26299.561818658294
15489,28082.196302366534
74639,22947.824717490777
20202,11110.914902329168
46544,14722.900307706166
57268,29217.891798050907
72646,47303.46301969837
76689,35138.20974194523
49982,11481.542358695066
87921,30920.306319158037
81524,8754.863417934981
92917,14364.649674707756
17994,19647.91367437157
94775,11875.68410464305
11345,16461.157817436164
32598,7825.210184374599
14380,18708.458800257078
95227,27513.009026589443
49740,2990.6911085274787
99984,5114.163602547595
66315,25466.16672438548
27794,15112.403931462562
51002,34953.97754925491
71349,24757.938487966185
41257,12284.226694190354
95493,14053.4944430293
18692,12893.381806712068
51652,36265.889889163445
48227,7613.4390916185
81288,8411.414767928438
14039,9751.858807066135
48489,12516.896365217595
19032,3956.558538212661
59829,4994.465319221143
91060,12678.23874390509
10555,12034.358212299137
41597,14186.56938257781
51677,19610.39364419251
19427,43347.998579268264
53778,5990.049484750147
76683,22506.953885872164
53334,10188.412481612479
79620,7799.572931118069
18097,10595.024571487076
98300,9127.678669081275
35728,22208.506840496633
50824,11202.096435647027
72792,7646.942839756955
80930,4483.214586087743
77486,7160.659378929082
68795,9654.665104894262
12157,17928.265658035558
59685,16452.003190182793
93146,19214.57394764719
38145,14045.876107359618
75492,27210.90169649579
12375,30440.32021189582
64739,21261.29385207172
89066,11630.331337836651
34294,11898.347968867049
12149,11643.651427579169
34005,19441.223583517218
97973,16526.55656591179
65882,13233.559286443478
96227,15273.906495335026
26129,25715.9977811731
60720,15234.499004790767
71445,20867.33498934027
45353,15032.913130891526
37050,10564.875124059203
64180,7813.06406266934
79114,24949.650152817085
10121,12980.017229455663
23204,27415.040982459068
88573,8145.195588856674
48576,18729.855009972624
69463,18440.27952413062
78445,14911.196998511647
30310,24758.55276249387
26737,16251.90032072879
58933,9682.9437319839
94165,29701.762123766184
57057,9578.55998788276
70286,11715.584643441882
89697,5827.176528707892
58167,17230.670691245636
27380,9647.954620604169
58086,13845.272768214705
32726,10013.101805144743
91499,17870.822240857335
84725,18341.639520786823
24259,28616.81420252825
34739,13761.204040967528
77805,10966.389885875134
23301,43893.58394373418
55060,26917.415421412654
91594,17596.11790472865
36263,16459.617826332455
63361,8364.37175708306
50720,20383.338197208024
47385,9279.790406365211
15733,11484.822519996167
50608,31935.26164054202
55978,7292.4524582873
69969,12387.180536982778
17165,9399.55333135786
27697,4825.262258501343
25608,13093.315420022227
96596,14512.969164663671
72621,7546.176029264412
99467,4737.8327560041635
69184,19609.44692358136
95697,27503.082309429406
54191,10249.218897915871
74418,3081.3982252598325
60038,7690.255309893069
78186,3959.7121454686567
46021,18387.0674033432
11351,10619.77472710289
86577,21938.395277308573
59411,6992.987224279284
67420,10203.914900959966
36033,30590.78955234895
85751,7511.0176034458345
57886,12641.845509665809
36666,11998.180776964298
11386,26239.960023383006
70575,18926.844856505268
93882,12540.04007804676
21936,7376.159375926234
32406,11608.366852576142
89583,24324.074378006826
61282,8186.738998156721
47335,14848.185009102
10639,9836.11064539653
20786,21747.461827282725
93261,10184.81274849563
75044,5368.384354876818
60465,12131.64117048296
62977,12834.520628623372
79302,14460.575565355059
32297,18967.137739462756
79159,23377.13840067077
13926,23182.5449591069
91611,9416.754274597464
11045,17007.22102423873
91118,17014.86957084879
76136,25905.6014321224
55699,17860.81332798246
54639,7862.078063204437
27895,12001.12428393398
13100,15092.740811718002
83601,17084.263893489635
29088,30288.497841424723
62644,22781.76407054876
98087,12517.321171492527
13480,17952.154288071684
14743,8280.936484395645
21334,18678.16157022053
44747,12750.721974727583
18758,10266.472675389505
16066,8202.611754379353
18861,7319.24811995973
30278,13246.653539268016
49798,13345.352566333444
20846,12357.65541034088
55717,19835.70221391592
62086,18524.864818727492
62803,15759.442851795426
95747,12617.519069525224
99223,7519.091625821906
12439,20334.809919465108
91211,14586.14053001568
33572,7851.277443075658
46769,26084.147879746055
36798,10691.117439259604
53476,9463.547515728187
99505,34683.31364966213
37339,12618.187697993913
68591,22762.82782526456
23177,10940.703879058958
39913,8306.97519956449
68106,7943.852243462752
67052,12954.440385613198
72432,34135.909065082036
76903,15819.161978396984
27718,26312.314418550435
52661,27331.21011027514
55665,20516.097277409583
45055,8184.853553735591
55666,18393.04573367374
42223,11412.120626788048
20994,7602.837872905522
68263,11172.97504135187
64068,22464.7545049541
54406,10765.546907407977
78923,11555.655851986292
33057,29748.30873863967
83070,7880.12675755214
48570,18039.886293256583
23490,12488.365752593967
74229,13482.47899436127
65923,28196.977845460086
94825,6377.764120709751
98874,12011.748943396258
76834,11390.702806669997
50392,4801.030212300737
92173,35505.92220617619
55937,7792.935455405241
66432,9911.129794647964
54849,11085.204808615106
64869,22155.353174041957
38516,8795.040636835127
72951,23420.86157367302
72692,12709.192834149304
54320,24954.137706524714
89947,6057.452543208556
51069,27127.604124759622
26367,29194.00124218549
52128,21501.942835030124
10709,15809.16672832463
82127,46719.2231006779
63449,13335.843335651043
82451,6945.932306728337
37222,16699.112383711985
32687,9806.353166025026
55124,8405.272291274567
59376,20458.67132583219
32733,11336.208908326256
11338,11135.019916583085
37112,25438.474327173444
23605,8984.806125717409
86106,11192.107726922775
62913,18997.58498721818
14249,9421.20272803811
91305,27967.679852812165
29837,16571.182853102888
21367,20707.793591933245
70658,7129.002664316158
93944,12511.40804668072
60491,22912.446230176167
88979,11463.340795360233
56893,7629.4744323388495
16728,8135.033421860311
44348,18607.59696710743
38344,7809.058812034253
79629,24215.720833449406
55251,4625.618554437382
95235,9660.633150444446
63735,21357.400586120482
90980,14162.335810264558
15531,15270.343062330718
55029,9512.15025531812
27838,34731.37599303022
55168,9446.67749436932
92871,15291.514640900461
19459,21664.00747229925
73104,15411.251539074117
79534,13760.900599292898
87427,9272.634925942328
68898,46024.34858189481
62458,21004.587294612094
70760,16530.774911001787
58804,31482.375510375874
52024,14654.425947259286
61338,7617.982811293254
23810,16524.56880004739
57113,21559.920045326646
26947,13299.604036607067
22517,7878.270945980003
46134,24929.926187243622
12401,17151.713541187815
58861,99858.59272041738
31213,8097.568026751309
71019,10606.168393636133
53369,11370.291929754236
54226,24027.3951541295
65575,20359.18900323419
39617,21860.67633558474
90953,10517.13399323637
37037,26875.820002991088
56832,45003.144675964715
84480,13862.882405599254
41469,13478.307102247461
45427,18210.566854745517
58056,9978.638444358246
98265,14835.290545865806
37791,16290.33235350421
75097,7484.355318470221
87802,16043.315311775723
57798,21568.590420655986
27725,17705.591458113533
60408,19714.41998714401
52976,14576.607039293278
83227,14442.158576573283
11640,16030.571942165408
69409,11109.789847927483
23930,48613.85668758037
97556,30686.21045631815
51521,12214.424747508756
31800,19405.46402155029
26738,9745.562383128257
78405,30041.53880599012
35108,31057.910826174244
86220,7800.1893087016015
31663,11651.891715756705
60555,27794.517201829363
92681,20265.066195602692
81652,7032.189963997764
59142,25953.983745079575
79528,19642.12499746404
98386,14436.036573687155
73030,19696.69461598485
54940,28744.94790318208
10594,17416.641801457663
70653,26503.999488642374
53706,9502.96682163292
70853,13269.579931022701
16903,8878.073459737789
85684,13500.040335446345
54415,22981.62974303509
25583,28956.815909034474
74390,19777.963129575644
85664,19785.472680265022
62676,12211.473199529932
53788,16891.34788719858
77792,8406.683794260107
22535,6967.234327502783
81110,9160.821662453627
29673,21615.760362198496
54571,24626.026880429512
14389,11634.630244891008
65164,8093.615451742657
80164,13735.774634034155
84817,13019.374081698417
33322,12390.51473209274
54701,22667.184871215948
95133,14227.983296122142
81927,26463.525447285538
42342,12988.047209012551
77460,22591.485766997983
15564,13195.246202864593
58477,14326.879604048901
56674,13012.957926348941
21102,25175.728728526243
41799,13377.049012943782
74677,8013.459683074359
24110,13265.160522162441
15958,11526.749892076565
39789,15037.187161696576
23227,14005.158615261878
13891,23381.061101284
12500,11582.457839854347
80062,28548.56720945514
26704,11527.64967997119
58645,21062.81546640652
51947,10913.598937392515
62793,6945.329970606559
96489,13852.867628438918
70713,7835.8949409912
66394,17857.23970286912
92089,12650.412825736383
17193,27019.179086956792
93295,26426.495068730357
14086,4011.7445032600353
59515,8897.837576794645
53833,19120.158650368747
50471,22521.032971662928
62310,12853.176558492049
75272,19286.745756891203
50276,17615.239548770056
24139,13815.911335643279
27777,8239.534455442952
75389,26452.24670324416
91252,37244.66358600066
70023,7316.838305814483
35958,11799.045436713935
29548,5585.479041862098
24743,10059.67849959711
59114,22624.610624827117
64229,13253.812503507006
56756,16287.767965528992
30165,9803.522365072444
18830,18948.406780661087
66416,12477.617340900373
57880,32528.446612850916
68961,10806.736004778082
82394,14466.175219977024
70994,30843.337068539506
36077,12560.494297502359
88652,13136.615969768023
51985,15755.691067061398
37780,39189.236819053214
69473,31661.61368459614
85778,11297.221022951768
68781,2989.51048395812
72468,19411.370557151895
20153,26652.81908484327
60893,9206.62564073881
34291,12831.834260240657
41676,13105.81740973825
81582,5688.08522464956
19214,12033.7632152152
27065,31034.601732438437
92486,19020.133515109585
94945,12212.087907156167
39113,10222.052256317264
61649,13842.728922981549
54728,35689.23716508201
83048,24780.830748142896
20341,12804.2935787079
62168,12929.892258498709
12945,10650.0069613841
94039,9262.210732160267
71366,33697.34309177958
85451,6610.856277845527
33543,11323.712722723629
15519,9000.982228144785
28899,33491.75079485302
11083,16470.988172608584
25452,13613.845089449853
79406,9847.460312446627
70851,8331.397297400938
75579,28121.91474645029
99161,5284.2117004950705
83895,11832.0814730081
96652,15532.188180546567
60807,17586.039416950196
51278,8839.344175051297
67223,22334.171431106435
43450,7250.806679670892
72003,10170.505251383482
17612,51287.0202791957
43039,19395.056733581925
70764,13341.781340002444
63346,15158.901487065057
50191,15304.054867023613
65207,14341.68473896274
73328,7404.083342672384
28185,32598.984611640306
51472,10885.37769525889
21903,8512.635674561308
52517,10544.398625613965
23970,22353.94494002178
64530,26535.493717483143
90076,16033.694281408632
13958,13357.618194709265
92509,26142.378799654984
41352,7903.423692747123
28086,30881.157809089287
74403,14929.81930371131
48024,11284.762631067057
62591,33603.417124213716
12929,29487.716545690277
25269,15059.485984861465
34215,27509.003432646525
80553,9376.331142481202
14067,36668.05001151097
33832,21895.527349953267
72543,12616.401056840949
27368,28689.70663047063
85534,12933.559669707001
81645,10007.427709442345
32960,12070.001974994753
65999,18412.06739932702
44200,13237.601081398916
92898,7652.094802598265
76537,22471.425811927762
39036,10309.137348909382
34099,15622.316305409578
44898,14335.880156777614
44123,26629.721678110523
36309,24766.48759417041
50559,14129.722672960947
52344,11528.386880189244
89782,11287.993481322828
86444,14715.686086554459
17429,20519.611285433977
42226,22464.7545049541
74590,16026.605254387321
28605,19591.751901431355
51012,24891.58981008391
33742,16205.687688422475
98822,11883.992081780274
68659,15650.54938230862
52482,9954.972697772799
73159,18783.503192343567
55307,7899.983166770464
60122,17325.539950295173
41230,6057.966602541734
34424,13513.887764652867
18098,8209.349774506349
35316,5884.436624158556
47006,1894.72467377871
79331,16878.225975132496
62723,14419.819475646207
43217,23912.162713522248
23585,13317.13459486158
32616,18542.900999923088
94143,10175.258042197642
64675,19062.171671183965
72232,14137.51068923272
40406,20494.296043112645
82760,3138.4877182266264
16427,15856.682097546049
20767,25810.977053834875
93658,7684.055390480464
87505,17327.026186447994
74091,79776.34938824648
98824,13973.87663341599
24552,13620.564374508645
51985,41319.38261442317
26286,8948.496284330711
27502,23221.89778320995
69954,4236.8273954254655
21632,28019.51409155519
51994,16676.60627730155
45480,2197.107004720672
97163,7874.964878294199
23493,9557.956384425546
87849,12155.634783462227
86964,15713.021153462281
48581,9163.970982747567
27181,11526.555967775283
28517,27892.54495029965
52760,13555.118022609098
11808,19006.15972449902
44980,7672.247428649298
17648,26168.155148562604
44450,7477.081144265609
87848,7350.92641127571
47335,13898.716094006104
54375,20080.871569577772
52356,10011.207949406125
69853,11594.562221860993
31962,12237.167418764895
66905,18434.4699606156
64700,8736.71799713868
61747,24380.521909279592
86657,14591.23426242204
11556,9182.202020626293
17928,10860.810649478739
88772,43070.39809370751
50054,20828.015171263676
19945,11870.490282907173
55311,8544.335192003502
77211,28755.880115310803
33528,8467.156745354841
38937,9450.660474153889
78089,9304.194541740337
84329,12360.685868053082
66562,36277.79306455534
56273,27556.42772764994
62342,23099.66045030499
50212,20208.404994993434
22555,14855.023331460281
79988,16706.964535799605
13366,23496.113308619446
42278,9318.759121286748
79520,37085.21498868858
70805,21024.182262218183
67475,7629.4744323388495
28817,11689.015556077691
58087,13965.779883165367
64239,10747.411832495261
10415,24260.616242504893
67128,6664.940704294555
21354,25199.950643937624
97463,21150.456797658615
32318,20869.02123808903
68956,15034.44810001731
39685,19045.94496714035
12141,34775.43290950208
76569,10348.128574854618
47308,9412.728084166585
57769,23040.53913321818
36070,17721.147540635513
19090,8137.310316252313
65709,12255.030251637696
27192,13858.391946572432
80463,11625.672322102473
98207,12735.426203467485
19496,35781.94286102611
68692,12930.595273882347
44810,20001.01877507958
15299,14411.33124646684
30485,25484.85009963061
29551,21449.84964332555
10326,14150.934551086975
29446,12013.192902481052
51882,18415.46350534689
72260,11497.843676580142
77414,5828.520961680464
19918,18570.992307870063
16796,19101.629061599393
88530,19161.79893142479
45761,11357.401872948512
10315,7521.6772795358265
11662,15178.658543131469
32104,24018.773698856246
37986,8967.878614760933
37959,13867.861687279898
65917,10629.145071819501
17977,10873.216104585706
41772,6559.955573953637
57497,13262.470997086495
23676,10455.174703567263
23224,28253.708293221247
23471,10766.509606342526
46607,11132.65618677658
13544,11419.759332862039
91932,13560.667111753499
18173,9303.041624265727
32128,11848.58241453565
79415,14983.472401395231
81565,13430.987637196069
55263,23038.346156305433
73021,15168.189065899427
10212,14949.09973391925
74176,24058.2582311595
98090,12748.709595177592
65560,9863.708127598231
10441,24706.083851473264
96939,19249.80489821713
96378,9585.741530922616
93030,20779.416685189743
58296,7166.8843441636145
67372,12644.933481636963
16898,20432.75947974303
80415,45071.227486792624
44251,10070.512122668675
86546,14394.594244042908
41707,9196.57009397701
11904,12767.115457390328
93980,11464.169450980238
73464,16416.38276362308
49510,14618.305535957104
19873,33081.52023617049
31447,8476.358792242141
58962,8693.670075737788
81222,19524.546992123065
61467,14843.863933432202
26560,13870.168169208077
84874,10245.320937055372
78375,16459.44624215046
52693,18226.84708998522
21671,21144.039325492788
94066,15626.81303970777
50803,44014.29741582711
22339,13118.683021348526
76734,12938.488740303408
23870,15769.026637092762
62345,9052.38077738285
44088,9728.544412705218
57000,15916.635779512168
92292,19084.238389628747
52116,22118.239841409846
57006,27062.630551327486
45008,6819.477855537973
34798,23203.647022624344
61832,35511.300240117955
90366,7189.191719488839
54602,13661.95936450914
94754,12191.64636046518
21790,11767.586946811954
23939,14860.184798102735
95515,32833.27438376688
61880,14305.39824072178
73975,15603.39566027172
77462,16210.624205577918
73722,7873.372744203694
99252,26778.21342497071
59951,14495.892635365739
86618,27454.44489262913
67974,7715.26154492543
27370,11756.538361374362
88731,12669.844261406113
33661,8206.998353658137
89032,5123.054473482687
28295,19766.87488185724
69790,17996.546488725297
24158,19738.332967324535
11116,22386.372183214084
33492,6240.466185574865
89017,14661.518740406858
65162,8701.497309926976
27499,10949.52300641419
75834,12569.88745283084
89379,13725.544553367148
88239,13101.633412406949
63288,18439.48105654285
50012,11334.286341110801
50400,22067.328432165872
20932,18925.481129042437
42731,9527.405851026675
90955,55515.02329942216
41511,18338.28715741094
91513,27863.091822720482
42126,27142.790753632096
72887,21205.260637474563
37483,15331.090162634178
27719,10530.836528025393
85352,22107.152558044934
54332,8835.40920921212
40569,21950.086975109327
86082,9921.592572810423
35868,11157.705689828894
82760,12100.203421338245
25113,4540.3424728694245
10510,11381.69995710393
45078,4987.083365250031
89244,29115.09150366066
32188,21720.077780948486
92000,10190.904527159724
51671,16281.011362362098
37507,11375.65845758735
43284,26580.79953148208
43037,13243.220333266703
62392,9906.719047576937
50825,5824.090293985881
36409,16688.756209133757
52966,21447.017636879595
28511,16587.874740862328
43314,18991.91366489856
22843,18101.541165671326
36556,10295.815356661176
76395,10385.64021107362
70386,10483.588181017907
19885,11880.946509882051
97940,11252.547694211644
53524,16461.157817436164
99428,26068.424834023943
41284,17094.720747514264
91936,32471.14632084416
36613,9857.158340043781
71821,23061.219805142755
49409,13188.400182254201
44800,20494.944944070023
32341,16093.879082197986
21799,50052.374334519
74155,26674.853989373198
46043,28802.3300013969
57590,64261.13336966383
77050,6233.588976123241
45238,35150.96519282665
21496,9426.184325259821
19990,8922.465911299103
73675,7974.017346672472
81994,6347.304857274743
27316,10252.344745365674
56100,9804.006404923326
74949,13821.10382188337
19346,17475.845566259162
59903,25925.23835587387
62603,10019.62105380512
34706,10447.181418377524
75837,18919.938378787796
20658,23601.86280693423
42949,11386.628410471563
51620,14714.173814251397
47794,18207.44994337629
47449,18792.297897955177
61770,28302.759646928513
16242,19409.91021616239
43446,22928.40737355754
15459,8002.741083604382
93765,8766.338012560609
12411,18835.116775353068
61949,23246.63074027652
35683,9830.468993265018
90554,7359.155775775815
64997,19064.0304604504
22851,19223.268416660612
53135,43141.7785412851
52669,12541.883801453343
19799,14524.592101266777
47634,30866.676324212378
14436,15168.857515603584
43284,15341.762017065394
30888,18712.72838288553
28774,46530.41586218659
77156,7445.510141574328
71568,19694.824309471027
60836,9246.491543252429
58024,70687.81735048007
12504,8625.184969296191
81600,14611.071325900088
72583,17631.568099222535
73070,14275.595954420469
74185,16577.817311239287
96448,17356.993697122773
73350,15401.271399722984
28049,10963.488529069135
77564,11844.379291860078
31019,13307.97983737867
33983,20249.640324085172
89275,14493.497618875743
32997,13223.494807502262
33170,12237.68183362886
95470,8520.565436841562
88959,7768.122512391901
72516,8992.830414346308
92654,11269.246299259745
78898,12793.503862034397
70941,12259.858378847533
97015,10595.832239712201
48298,9218.623567151217
37779,13025.710505744508
70794,13042.289245900465
55163,10032.923843157965
29898,16928.962063170962
16468,22960.276902118705
14226,10709.785743309294
87356,9543.92364909236
67140,9768.106802335966
75367,7749.761138539687
25170,9914.821126807154
86485,4179.5771653446045
85517,20105.83790389242
43094,31530.041008526572
66501,16631.266578834846
81460,24917.589866171715
18161,32985.2538891117
67503,19898.40829227373
54420,19609.834594826247
55129,61104.13564961781
31272,12891.409000638916
24862,12523.261819862284
38710,32178.339176313817
37886,39898.711000081516
72168,7343.68639669521
22523,21096.033465916527
25445,7815.774137549879
87639,15448.338696197245
30530,25373.815475463914
23070,6946.176692241905
93639,14309.821410170865
22808,54756.425656644744
28039,6685.178060836257
73941,35382.4148601854
49192,20155.276811432504
33982,21017.746413901736
38023,11724.388009977894
25206,30343.615650437114
63023,22785.231067978995
81007,10619.064064949926
87485,13750.42849779207
69776,16337.075157132767
62809,7040.677476205692
90953,11934.233620123727
20762,25052.671302227773
59545,37159.10644832358
97184,23164.69479653562
99106,14043.426496349675
96867,10580.416151349142
16940,9214.86063155764
89356,20743.78220806907
82338,21215.805263281647
95342,17658.148063415756
37802,10519.206566077428
29934,7080.2987675904515
70376,28807.13064344265
49766,18424.528155140182
72043,25478.330840926996
78662,15940.24237087874
15818,35271.19302670883
76193,5509.703343932939
17985,7077.271208261336
72664,14308.310652472452
86224,8858.65657784716
45268,14969.708777400276
23982,9978.517665630148
64747,17185.67908567213
49403,16714.94125095824
55200,8743.188242740362
82549,15866.309685731003
17309,63788.24422722019
82990,20340.62680678455
30121,12396.802875568937
45989,48646.558934309374
25142,13086.812549770373
64146,22525.731034230896
35854,11523.057926458829
46246,8686.890281487524
50869,11759.963413748268
55431,55527.576679700396
13487,18909.811293533094
63581,32895.14517172982
82288,24296.26869018135
85586,9546.974282283472
26992,12248.939586903605
52037,11170.34757200423
82413,24398.927261522535
56310,12347.635914204468
20930,6218.992642865647
36798,7161.730984981041
20537,16089.765321302813
68537,11134.939816972106
97454,13455.28089690281
53010,8153.642386307945
21253,8951.42095742924
13565,17609.791165109666
29643,5939.112044153731
91706,30024.733401754133
98110,15004.619838707655
21412,21095.40504410143
81630,16825.972179291683
45636,14810.835690725908
38156,18717.091505083194
80076,7896.213149224139
97394,13844.991884082898
32059,18199.85920296921
16071,8172.48317457532
76283,10116.063043253755
36230,7056.361405910768
98332,33383.27517618454
56211,15862.202020833494
47148,9209.387806139857
47613,15637.910804379462
64629,6389.4582816652255
43067,1832.629758121815
58412,9590.40793632987
22891,9161.469658531778
56535,10259.60906339412
53144,8471.992504139262
79060,25399.489261287155
84298,4218.99923126698
58239,9086.613939193954
26522,12340.532019328628
51575,12555.934605143535
21234,13943.069327288953
34936,18443.21840116743
37201,19746.224111005475
97976,32940.11006791619
92820,19570.178463575445
55390,38217.446727497205
66435,26761.275237238828
27199,4609.426693898993
19621,20183.629230668284
82572,13455.388280270075
35988,13236.095853907611
14616,39394.529046328586
77991,27207.611562059854
27750,18361.186359474363
60471,23665.23994553293
46087,25104.907270418946
50607,24569.203201289085
94806,12846.52965735935
35770,9085.082070862074
19336,15804.192912597453
31620,19577.25522233716
18421,19937.655415125882
34989,17989.822775426397
72358,15475.3474268667
14600,13981.861256884567
93188,9967.5208253704
94182,9624.301705326918
24727,19259.245385266666
14639,4623.6477517508465
49863,31481.506412064402
81590,6883.411845919467
40316,9671.967391604008
89168,10979.312980705188
73095,29979.140861409258
75310,17682.79763285349
41679,14492.097789595307
50382,21011.707018220168
16823,11858.962693686894
34715,7758.750371369846
32686,17308.71640165679
59449,13165.277678929077
52417,7800.116995950353
54776,20211.246398720366
78076,15944.52075627589
65243,21206.924694412788
45570,33537.54712705835
39552,3263.2033508410896
28052,23238.11186942924
25700,6872.612193648232
71765,19041.837418901945
36057,33435.493811977576
40247,6157.84700276462
12639,27532.73540896167
16906,28167.201684663516
11417,14543.167666209496
11523,15535.62212712887
34706,20864.913838487573
66823,15509.125174067158
74346,9806.818876890156
26715,25878.602856895403
22881,14846.956772587448
26095,58749.414388755074
24479,8815.4847840793
18647,10782.832450350565
45242,7039.6260831374675
64479,9248.216014534193
68805,9341.116751816897
99157,6627.037573673759
11503,6986.592271813368
25474,23534.63984640513
96802,34006.62236540682
98166,29990.98503825217
61791,33482.899511821786
53401,39457.47318451677
64981,6978.964864199745
33447,21489.633563839234
30519,15320.537854272638
75301,9875.05208450212
90453,19778.149871577676
46752,11193.27132518155
54393,13240.532298872335
31074,19853.651892729056
65493,27459.242003100153
40902,41311.35765230948
47493,10123.872393289763
43710,22315.545992998697
21403,17528.785864380385
15592,9610.46421201606
51303,7945.847600055049
16127,14236.964809573014
72102,8626.576548931145
36638,28215.19914707731
95400,19910.81395207345
59196,11229.410103614304
58919,28318.449043743276
50091,25205.14861910619
39130,14194.480633158864
94174,7734.359705374993
50921,30981.744933223803
43357,20162.226345643612
61155,19158.954010548936
13520,6456.102852216212
38346,30882.89848329818
70205,14820.438429786183
18483,13885.905093557245
46877,11025.108948600793
97118,11637.616326607676
64117,15060.128263527033
64424,9659.358095139807
93355,9534.294873403094
55690,13216.84641629089
77617,6314.835715455974
25522,10242.244585732093
16911,26167.539207129263
43960,24517.822778991453
93888,10222.303501823348
16398,20329.161001784814
47921,11847.693087090336
36095,8982.91203113973
89525,13550.332164166974
13325,4348.439227429291
24919,43665.45686161239
24276,10099.78951157655
80589,28351.989827242756
98120,9330.501326196907
69167,4914.777206556437
62092,18028.305032804263
83462,13483.045593816089
45884,8548.764434632312
88658,19041.98260654123
33271,18980.7554139277
48327,9629.891886050846
85313,14337.31152125022
94232,10686.191303401596
40496,23031.779845281002
99716,18113.391401625835
99582,9533.245593459862
43253,5824.090293985881
55645,20535.796882856772
82636,30687.625777081943
30144,19722.747363419552
95217,7054.367202654961
26255,13419.718193642422
26817,29682.148134082687
86193,15926.699126873415
30783,13455.020823646119
99670,9196.815396118882
82680,13957.347154534455
19362,14583.86290959632
65406,17942.08150362258
76934,8417.165136049332
30160,8799.039019310927
79829,43073.445975174356
24421,8480.749820491259
90617,27728.447109619854
20444,6038.336642584874
15236,3973.0509368352887
24477,7875.647739556607
55905,55677.35591172792
39648,7351.614270936236
51158,48589.74255301693
18179,8496.45673278286
94835,28063.73009252528
90349,20443.21700708404
46563,14903.867865977798
84754,10088.36198607914
36186,23334.058192679648
92146,9575.460892501647
76328,10532.293282027167
14221,21843.785492365932
65498,32869.65294173261
55084,24766.48759417041
79528,25317.826774661487
28816,17225.383269749516
72144,21893.159105992432
98117,26584.76297793057
70918,28517.905627877717
39171,14466.509945523461
24162,20829.052516553234
43722,24042.350181286813
21827,10954.890629608655
87112,8139.047223373791
56576,24841.428790908496
40982,18196.93844934561
39930,13296.522884222053
83666,9356.241585898528
44272,7753.099509597907
54606,22152.741673257442
14647,14569.836127483493
49905,23375.600224518046
71067,15150.594377800078
89616,12548.212710670534
56835,13662.659044449218
78761,14933.559790380936
69961,15235.758065353277
45698,14393.557141715897
29259,24444.989343379788
41141,9621.193445755871
54616,8710.060572210186
75948,28253.708293221247
40203,10560.36826441862
27511,13715.714154462341
91147,8600.766141630129
59910,9385.928106421848
80311,14508.140783275981
30894,7630.984776878719
32854,19042.130095989036
20574,16337.041957291543
74351,17095.77367330221
95259,14517.547811014683
13118,35234.51531981832
64763,12833.410157734179
64581,11940.262736198
24738,9958.404761830941
70059,30779.889235327282
74661,19778.48997136982
83794,33009.34676610231
26804,9825.302607729476
51609,9554.673036460958
81442,7064.705243291079
33150,7415.332073900965
99130,10523.029415159435
12311,13590.007242290974
25740,10337.189687759568
53209,16067.959139328195
86715,38102.08954150219
21975,7300.401685176894
24047,36173.84376758448
16201,3877.829927583418
20129,31832.899121906143
69066,21228.849970184572
73609,16997.32058833096
55776,13944.675696781103
21397,12706.173067426218
20119,19949.334064694234
19977,13762.017524484916
87925,13718.749573796535
24461,7598.846237924892
99481,9305.66969818863
92169,28176.795414373388
59506,8641.850160044207
59396,12848.371992744003
14293,20695.193013944878
62560,16544.723950066684
79142,8976.722649229741
96644,7385.295661083335
30936,16388.215105953725
29997,10973.179674469493
54811,10405.068628917337
89383,21545.24595536694
82789,1937.6453382170184
20641,17909.156474974865
79919,10743.247980051656
60369,30698.324839991044
33632,14205.443814472897
85368,8495.016909531734
79189,8460.718526727855
33213,9981.39685637665
20292,25545.07871393956
21406,14154.427955640038
52525,6885.3195963265825
65729,10178.140399452466
31644,7350.175725777564
19876,8011.217773681552
90546,26815.279325425967
59770,8141.184718815279
94869,6258.589112676871
85817,11617.879711679709
60765,14485.41713010637
91630,13135.390951242938
43745,13916.644723697524
92420,45428.72233316786
60703,9041.476011087816
89155,23315.883635830305
82394,18203.181181504086
52761,15356.549224029392
61068,41561.54553769803
87767,9625.840628479047
18265,7415.332073900965
36403,7649.110083834919
59085,18275.730862565448
99462,14415.137121492791
49453,15409.567850937543
84518,26323.728934266845
63864,29036.168259817816
14408,9514.878301210423
62171,8584.3134277739
17318,17326.866326770425
30447,8542.604541918787
74330,14283.553980873756
19530,9616.755119022866
90007,12748.317224400176
60386,16677.09356784729
30595,19649.452615788872
99325,9608.56680669999
37185,20943.99135677018
36277,9089.98109466934
36755,24754.57692581001
16309,14965.137073107137
72731,9581.089955629148
57748,30020.631867164626
35022,34781.879521678275
18030,20174.448966190917
14220,10256.63535196541
53917,12265.807811527766
61960,10620.196779842474
55605,12388.49182645452
73898,13785.642592935092
17161,22524.348619400636
61930,18687.71594491163
13752,9192.033023521128
39132,8712.993698905
84015,10176.274162245703
26526,24061.19171417629
58418,23399.006752590107
86228,12543.886592583558
41170,7289.345157182013
78252,8267.292989135392
89419,19468.866083657198
74729,10220.05741531635
61459,15304.871912716484
12112,22426.06015982978
33803,6715.897002156156
78413,15712.039131387884
27032,17427.494217200412
76905,6476.715316643413
54381,21074.97407533267
97237,11331.546688056409
38285,25380.682331848482
55933,9617.603505248964
83931,33326.77949838771
28070,11308.966314590143
93798,9207.396737549381
34457,6282.521522968678
62697,24806.391726511152
14925,15629.973380585787
42757,30297.93636592819
28899,9957.294615213523
32989,10739.617575839504
61151,28575.655522242967
40811,16682.04849070382
11926,20259.34121921256
97177,29740.193859931827
92232,3659.165318001289
59636,14741.669702339805
59009,19038.999361079816
75912,23233.387997053844
92959,9727.6030060044
17401,18260.286789564816
49584,11380.443630249343
91767,7604.871924667639
62113,4860.159499326755
65874,7161.730984981041
34845,8814.968474539615
74562,11087.133167688127
14702,20447.22331068687
68423,5727.246554037725
95080,12038.509764172328
25844,7877.685700963957
83824,8918.859308865703
57501,27945.53817826602
59667,10755.05866565978
97198,28628.911982939768
85783,18408.957571122315
79243,8175.686091462048
13550,8871.437930884891
47629,15028.19595159512
40258,19733.52885462645
18988,24817.35857252377
81510,32899.277281434144
51531,7451.55791660726
30112,18614.202939880848
11490,52822.653476570515
66274,12132.204349518437
71207,26441.71587024759
54185,10676.882596883695
65550,15515.196351651846
56976,14507.40938232149
39980,8552.896009148337
25397,15004.69844600465
32415,12555.934605143535
50147,19016.509555867844
62806,13589.913487624777
74025,11316.970385700839
61534,19249.471023779777
78351,8899.140548512103
88722,17239.023378091904
71984,22093.24947716948
82086,19338.00941108706
38819,11558.866752383736
37578,12844.158188077818
59675,34786.68810767374
44093,8002.741083604382
24565,23316.207920263492
52120,35588.44899880388
12737,26970.32191181388
41276,21232.248018674756
59499,14645.587172745501
33046,44753.35124235507
94170,20606.80886284218
21271,17862.261842716776
47249,21251.378760014
37861,9520.364392345764
26304,7793.393175637297
68791,11355.05593533038
78337,19861.75149505922
54400,7776.529306967015
52758,25399.489261287155
54771,13948.052527885695
84898,28939.455002462513
11604,7589.300339353758
99919,29910.067628480538
66974,7342.028484975877
13689,14321.374624067514
70811,35271.19302670883
66350,21651.60592923282
79303,7776.8701439192155
95093,22631.13419527978
94736,10880.31228644894
16244,6219.029980051857
44458,8530.71275808491
17433,5401.643543446198
45890,16959.978723918368
99797,12592.108797896297
41435,10842.134672025393
70772,11693.184721746447
34350,7607.935463031707
68266,25320.472814250927
45575,18945.54517586938
47228,29019.997140059226
15212,11389.94357709115
68622,10642.279766389229
22804,15844.954567294464
61041,25431.017503480438
23041,13909.457975889336
80400,13278.408922620387
92359,10233.059935473273
90215,11820.908810288583
60230,15929.64947217993
52841,50555.61400177845
75681,43800.23985016656
90587,9634.346761851397
74789,15324.309773192044
93364,10020.298686217067
67319,6647.061934463894
81532,8259.433283011644
83911,10058.824436901557
39711,38621.68962187759
59595,25373.53562015009
26634,18927.58440907985
66038,15700.322987084093
87201,29862.33861021037
53714,10775.756470676379
41677,21072.641546991523
52346,30595.023420286467
64849,23867.993829781095
54389,24594.89998821391
36804,22511.976616796455
98349,19426.0873865151
48764,15353.07435495146
54757,7954.5175640269335
60196,8856.936722003034
39004,21555.49380666033
48680,10266.114848960502
73237,22968.434502722892
87390,34130.055416241186
75804,10329.333134204287
33718,11998.3814542577
95036,12926.973472007436
87037,16040.24035821259
11773,12260.984384979281
96412,32822.77253396866
72228,10800.195543641523
68580,24929.92647850688
45004,18593.70068723105
30830,8646.7852177805
79614,13113.967889893232
32683,9202.58108307311
82250,20105.04584397734
50282,16046.949398810993
31462,15237.527519732397
59967,20073.258813739358
24650,14899.710560070665
62192,6165.581218213469
21027,14185.419603398728
50285,16218.522529344067
83131,16310.180935058694
32031,38406.998860562075
15694,9197.956096993199
62367,15399.897442283132
45978,19427.500814286654
61358,21749.722064798487
23782,23289.09304562928
11788,11722.918133352548
15501,19688.94455864178
92090,9173.526131323462
19882,7012.765297826401
51153,20171.402281470306
67530,25017.16225780272
54329,16558.14584410771
35998,10541.72732305056
19015,19454.420894904055
82867,23368.568975717317
28540,26860.31161164136
18718,9088.75296574051
55319,11619.123459272887
94171,14120.138182912568
32747,10294.941058072585
63784,12941.683099824208
55039,6406.881539790289
89651,8294.517544954022
81615,12185.692627952052
86702,17222.44505047954
20750,13272.613874545343
83333,12049.46608860153
37698,18176.05600850045
49467,13787.843109929963
11315,15786.725788728736
10156,8340.86235127042
88168,11505.757254878858
95360,53074.121929280824
32164,19886.926475443375
77371,17306.365009767072
29166,9336.261847787264
17872,11927.628229094313
58409,12462.858505758495
74835,17478.82552187986
77969,9836.585425956218
69328,12489.325389423599
93347,11348.872972053065
51153,13074.232437418545
14531,21152.944001884942
30735,12140.687815062734
61816,28209.307863744387
65273,6893.13306692402
93374,17436.08617203288
77272,15831.277466743275
51524,10201.63397815593
86288,21048.53123999008
97132,19709.21326961799
39353,7709.074973164605
32520,8731.086097558276
81656,34929.36032309009
38164,12717.059740926226
13570,42583.810113471656
50179,15114.652371134373
63554,9386.90412072356
14070,23973.58534720346
54760,7360.671422744699
68784,20226.73795608694
19368,16471.47378244541
16630,12912.834741241488
33605,28753.950549722344
89033,14933.700740573962
83830,13471.394450354876
49471,18104.005482572993
47224,10995.755635877791
36287,32330.446026076967
71660,26835.131105780158
44319,12152.04996015376
74039,41477.8501789345
19827,31662.767837093586
90312,14411.950346086085
65646,6748.981747467336
94013,25633.42241633425
28384,17233.59456859785
13050,13685.108213885804
72272,6455.761070879238
50128,7763.659809781495
10239,6690.657069150297
93596,9871.040983196688
16471,9343.378342010981
31626,10716.309462370577
78663,10994.519236046488
29782,20068.57621312303
74901,29191.58151520015
20331,12178.799033761923
21039,7800.116995950353
30688,37946.69778700205
95630,16945.220278265966
57242,11428.396310117576
55989,12497.128999016864
91267,9407.034961168136
33876,14278.818729915882
63821,11852.076486948572
23389,22499.29948091055
11706,16409.90852143853
37609,14861.924539494174
82423,13936.237692905652
19391,16334.689562265532
79378,23808.5418632059
55257,17313.14206062246
38502,24756.562566489156
35585,7447.922926435525
82776,25201.619133194246
81748,19279.626101890535
54861,17191.476375277933
55904,13355.67181814852
46485,12207.542244216913
77947,7406.238224905106
58712,17813.872375258004
90311,16968.985107685137
16022,22595.8694729381
83892,12325.248312995662
65719,8359.949441242477
80639,14629.744668828731
57685,11738.056628671919
45200,6178.269163624427
18475,25321.668667691192
78116,9150.96535600828
85526,10157.772891440884
36749,18537.413570399553
24183,13910.548482890252
99696,12413.83511307892
30134,9862.84361370531
40796,24038.73246638706
18677,23817.076305413248
26241,9991.213368576822
77828,9357.42276164814
47503,17390.76750678134
12498,7821.079862587709
93015,9974.766270040935
82702,26228.748729319563
33045,10964.387743842693
99032,12594.777384446206
25256,52333.82264594669
89641,16926.14026195963
88448,6054.447453274983
20102,9841.148516835809
88816,15045.225979418678
63189,9836.994065304969
38018,4471.618581715133
63773,21531.380828798763
94091,15055.957618083125
35991,14364.478940319563
57529,22964.863894335285
12362,14817.558100038124
69495,5346.382946970945
10428,8807.323224708856
28120,5957.982592652012
39628,17240.158125215014
93226,84227.84009119387
97657,12112.499802347105
14714,13179.054190449715
90213,16066.29060057687
60933,30181.71871601836
48438,9594.049030116312
42868,22423.94293573911
17025,31526.230623989803
69122,13204.00630961544
98375,12234.995637938911
28416,32694.736590244192
32829,12732.648673413934
20894,6460.163648214046
60498,22585.52941016036
36415,22595.682040099935
70319,10552.714301258133
80983,17802.666666311707
58427,9905.726195922289
70968,7357.1148777450835
46838,18257.596827176363
86726,14204.307977976892
11996,11264.556550333971
32867,7247.632853599069
20408,7412.603359469998
93543,8748.626947589268
12073,12961.875282295743
43942,10033.752082848172
83129,10493.942462901743
78532,10718.20557255992
90675,33865.27096674072
14735,24416.5204707175
22188,22565.79128620722
48938,12202.321228765573
80617,13494.128027693465
96525,9592.69193394886
23014,6656.280924003986
60482,8529.55946912006
97588,16193.377459852527
14103,9668.215070457212
85861,22206.18392805227
50516,11990.085184005731
29540,32057.154409734605
56770,17938.00638804898
10077,4972.786425995166
16880,6425.788532111965
94712,21513.533399303036
64698,12812.907491082695
24337,25927.767086401684
47994,17586.28587373144
63393,11169.133376457758
90155,8134.17420500827
89061,18739.71265059254
87355,9073.675446228182
73816,17921.72413427385
23637,12594.777384446206
70742,16810.900647481863
64363,13789.924520957893
46829,9733.420081974587
55667,7029.72717487027
49895,6459.751060900004
27136,12602.555161759596
48015,36524.443603871434
70523,11661.813969309584
63056,12645.048277799422
28988,9739.564680189662
57190,15199.351626320096
82750,15291.430913223467
76006,7868.255309455559
97939,19848.497200137466
29183,14594.15023659043
92381,6926.656378810823
45642,20828.98444335397
26410,14026.832017657673
95942,19490.545615861774
61811,10377.106914429756
89626,25506.252708290813
18208,10672.37678567048
55302,12913.902860117063
15278,29927.72731503643
16293,11346.33821942237
64919,12869.638264924582
19123,14515.389158061755
95183,12831.654816502403
55708,4830.68936680793
56013,8506.850944735454
97429,15597.68150820511
59376,19663.686097552778
97857,9300.024247707617
38512,14157.783093359425
85078,11179.921544660327
20589,30408.187898745833
93192,8482.8992533787
11909,10794.351341300786
76315,16325.947342606732
95057,15469.84170082851
73119,12047.705787251663
96100,26101.272099816546
56887,9869.432696054562
54349,32585.819521113808
25270,15189.197339099452
36266,34434.427442900895
21088,13209.345435210642
76882,7120.980644362227
49531,21824.105154863704
18780,18219.30364071908
46135,28409.14220282389
97889,33660.31301306347
31138,18630.13712581302
66712,11396.220287172102
80599,16962.794385768975
28938,8351.42449918345
84478,11327.128903997145
44395,18278.01490643576
23994,10252.344745365674
76153,21984.26893226649
48337,31901.59329653081
88881,11200.692824796257
15414,20780.55857476413
48008,13218.82098990057
15189,20667.640425163565
16162,9825.878192867229
88647,21623.661241180263
60019,9580.320840264321
53358,19526.036643949425
89269,17288.670186882246
87540,15411.405472128945
52662,22218.993568426267
56097,11457.717670751164
40763,7910.757554159953
42854,13424.51993556492
69443,8053.45945157652
25660,18321.4430477084
11663,13991.81658749079
22624,9664.571229554938
14895,8105.70427713006
29414,11689.91064677116
50560,13205.506011940186
77067,33958.2165660797
93905,11526.555254530398
85028,49520.92478535998
36863,22514.488520049832
65086,29527.107704509508
92904,19445.636570402512
67473,22780.41618451658
82624,12816.260806295042
51805,12786.924092444131
57261,17811.472923370933
60693,10168.718190847256
37678,9962.336193151843
44747,16525.4457841226
92292,14819.63054897716
55430,32268.922451982868
35887,26959.099877549845
94514,9716.969509764229
29571,15055.97624526359
73701,14051.870274707537
64903,11333.842204990231
17778,21911.571742893924
91994,10980.757148135868
65568,19275.294141425707
75753,8115.640048008363
70373,33636.77827348347
86765,9432.022844701107
46266,11542.377088548348
98314,5984.070159404984
81011,20503.75602210579
12987,25478.330840926996
95156,42359.18405511799
90840,10394.70580800985
41170,24886.017891457268
18614,33054.04251227429
71016,15933.205965951192
85034,26531.830151124326
41337,9526.788608106224
34626,23219.045522259068
97432,7037.10020230143
67075,14754.57688822505
28274,8979.877548162669
19435,8463.968774799438
67513,8054.981421734106
25156,17674.928773870437
23737,8211.405402936356
72952,13493.31964893196
25318,13421.079119302629
84158,6478.253990735853
65788,17551.87896496569
59166,7288.848255273344
73310,10198.295833980643
58239,15829.560533886133
95187,7527.595221058453
66549,16455.127516066572
95667,12759.210124995774
33516,6962.894832464379
57919,11045.238073206328
11804,16121.912342279671
51507,10252.042676169182
11738,12228.998249860037
45472,8945.401581382397
80093,29715.087375014456
93623,15786.725788728736
34691,9141.117264362545
27265,18483.32699098776
87379,8959.38684433268
37883,27645.439484715313
98540,36225.76054056735
44622,7456.821572662622
40037,28252.59424399372
48849,10848.858457343247
98127,2740.0552098142907
67700,13549.322929186366
89095,10129.978113762225
19223,44336.83015024317
80957,17388.088216374566
85692,7246.76263497137
45451,15264.439016669226
48996,14718.238684272543
50054,22040.905592152914
26896,22239.548521642708
99082,9005.029676083795
24068,12298.93836601643
55840,7967.993787956564
33173,13212.128242330173
76126,19346.52178278766
43438,12545.79527497735
30669,9703.87166269126
98508,22116.259235150083
93123,19138.27574151783
18271,33943.0140764392
50465,7661.6576296652565
33602,9602.905241089386
34060,28967.25194078934
88371,31441.322488353573
78350,9819.910617337122
13612,14617.059654468858
73093,48187.53159579231
13730,18526.852218680688
38252,8468.226154507513
26034,13681.965839304868
11706,46360.462137691175
13489,13308.430710445045
55549,43665.00526223188
29256,11757.935875628547
46521,20494.20256621314
83398,8692.254505638053
26332,16170.18229774365
99815,6794.0743720004575
78507,10762.044785875638
12946,22876.077620178447
38258,54954.81890312578
38858,15852.975787378497
28404,21908.74937883271
56745,30511.468048395254
72615,28135.79404230472
99554,11389.816259573654
38209,16132.682264196048
30200,7854.576732418804
85859,12178.056292689384
26052,14376.126202693358
48299,10309.787012210645
16905,36920.79162087861
64285,13492.565546127624
27258,10281.273512152387
21018,12885.9915880023
52329,50266.47572081058
21436,6291.391496030239
97970,22467.879010332264
73837,10691.59167361378
72176,11132.65618677658
76535,17086.86927993891
12964,14372.128545986146
72396,14109.260433350333
64174,13446.020798344449
97473,10271.406685191725
28015,16977.750247168384
69387,20842.228878876733
20337,24880.844960226
26536,17992.995539201464
42538,15531.569603846276
88554,6455.761070879238
62375,14852.710937359747
57217,8836.67085983789
62238,30846.987980397556
15193,15571.974693476284
78860,5651.640611050701
75877,2882.7313771623994
93064,3721.6935873171333
42288,10180.470618196458
10922,17306.217850900815
43658,15127.386097057808
47895,18036.070407264164
82499,12798.608525379885
53665,9195.584324117559
55303,14800.053288525767
11236,11645.078246744524
74066,11501.48050161546
47703,10278.59547628727
58273,13458.703288036722
83813,16334.684312925408
21128,9982.351733935066
87772,17225.274660709678
24121,16223.571265846043
86958,22007.063062173387
67588,21075.2214396964
31508,20304.83790381818
23914,12741.838668611996
70437,17366.403033737606
25837,13257.726006995423
80328,7983.7849578712885
54580,20725.90621917804
26315,16207.943939801715
45769,18388.307681888225
43596,9920.884200154833
17671,9456.54166410798
10932,16216.633226998236
43392,9978.638444358246
53930,9667.448055455307
76246,12986.092166186487
65476,9283.439925225652
45503,19528.369169064892
84092,34457.4859875675
18839,9585.992966657259
31316,7902.306462844315
47278,27108.71324173698
18664,8544.924217073545
94116,30430.115331107758
20699,21492.98584134885
48776,23723.337527168056
92763,7267.541284675517
58861,14749.996902421737
83423,10375.560948901128
57477,13407.855030870141
12492,8777.031678189074
86970,15748.368823521461
63803,19681.33975705945
66779,6743.008635921424
36987,19003.898372415173
95293,31031.84180707195
99411,8859.07209390097
80428,10903.717010728875
73379,29288.177291492095
62433,27667.344500798758
28959,21522.27353981453
68546,26819.948494711607
37001,6816.691340130677
70759,16399.651669117957
72257,11724.541123717328
24158,6747.353693759402
38723,21196.64060351533
85734,7205.075495875211
84279,14227.148777883194
66183,14406.445980533696
31650,10405.068628917337
67732,28586.34334306218
43980,7468.798683696306
11656,12558.231687394446
25729,9665.945562855119
95300,16247.509096177575
99903,6406.872400448601
19949,12728.797364685677
37730,11558.858742092185
80484,10920.611715746902
46680,11006.471121528364
35623,16859.02861790862
50286,5164.183370795681
17419,22351.828343701356
32980,2254.1771352409432
45002,13534.137928367665
19307,11661.87948978609
56991,14151.511119411494
75625,7224.10113870653
37337,15062.679690042232
66266,48014.86725901571
29247,6755.812935918
24566,8820.432702543123
14765,11530.208266519854
49261,19670.461960877117
49333,11148.090927268608
57608,9130.12854493906
98170,9472.970017412092
95066,22166.31494998854
14262,49196.03596222747
16873,29557.705695013465
22561,28968.973237445054
10549,7329.703808924132
74570,19116.827349557047
60549,9931.265190593997
37985,14436.811386002577
70500,20573.228714457746
46341,26617.374184659966
42120,28656.027983806045
49894,13745.47340097674
87634,9858.341077973842
11961,8131.624262767084
80804,17042.414286760395
31694,14892.81307644198
13801,22145.156921714693
87630,15801.929863833833
75728,9664.571229554938
38525,8120.816583948548
24095,10860.229606588942
35597,12192.471838139594
21329,4120.96274888691
23635,18207.86727689741
85696,9566.552120273773
11890,11744.974476497751
14416,50164.52106677473
86341,14422.662330379506
31540,6926.656378810823
56608,14094.5892661973
15443,13216.877178317573
71882,15806.665574046161
47899,13606.735543341443
50399,15741.887208289112
62470,8206.847638222995
38740,12636.408788590808
80327,28306.496988961677
23612,7620.657155813691
94369,10378.905981212974
46956,10539.224653974561
18881,23154.083662739715
88705,8817.553862568919
78938,11691.08115714983
13445,23324.41011603394
55770,10266.088780148257
85485,8718.905452337243
83832,8977.713663527165
11303,20484.13655775723
82746,12090.29839025683
88244,9475.670281444878
64157,28583.74683649413
50803,16714.048511561145
57513,14664.392404710763
32772,15919.496437836862
51520,12270.93589925789
98865,9956.54688167732
42957,10966.369592225754
14998,5916.166783622371
77592,7613.4390916185
20664,2505.6603134814995
84091,29345.513233973623
54719,8080.132983807469
76457,7063.541556808601
10568,10907.357038108508
24683,18899.22987057476
49839,20711.95873601378
17946,8381.303473393391
17589,20511.04113669727
20408,8709.262887840945
13610,26713.62534589081
97675,8052.079716117398
50725,12871.235366569541
97927,25722.703381677682
85593,25386.7157955032
97134,24813.726516715535
11671,15606.07701977205
39942,21441.002016564096
52634,13398.585920032701
94496,9095.589888221952
84539,11534.717253429637
64884,24509.495643569553
89770,12098.472482283672
89237,6714.079941022204
21921,20172.027013514795
29596,10616.54956186163
90447,21052.74106280265
15531,30763.51731204515
54010,10182.96018920585
22334,6761.012313692912
42713,26875.302364767813
87726,11534.339690887304
48666,15661.628821734566
66770,22198.644499647144
19773,8988.921907987991
77476,20739.37031670034
78372,25607.05185678816
28712,31320.6611703707
53054,12698.819891626295
55846,8292.753567402675
88577,34589.163003455884
81340,17448.39036831515
72507,22916.1045475906
99187,11543.98814369513
50278,17287.13179429819
29097,40922.386108092775
21359,12956.201072522008
47327,5101.267883957898
84371,19317.92344360656
22672,10629.606530925656
39507,7871.120557356313
19209,16585.33478610267
43149,23340.890586121266
34559,35875.75740271697
33464,15036.929893045812
52086,11652.174401729519
55451,22376.62173665328
69473,24331.967544673582
13651,11873.046652230529
46390,13192.512990552736
12497,50398.32590590313
17743,7879.918854560705
54348,14277.393879690393
59859,13881.764201272921
38049,10058.824436901557
52219,7798.032908686942
21565,7406.238224905106
23949,25650.97052505603
67739,24541.32392434946
60183,14376.126202693358
44410,10653.978566208943
76674,11800.317191498054
73061,21647.46056619154
14218,16258.391067663893
47389,18548.13087063623
66698,27432.140579235733
86631,13271.781480727428
21061,7767.08044111412
45193,16120.209829362431
12838,14749.824764581768
55582,12268.937755937917
34631,8184.433038332869
43460,29571.799133425768
51091,20458.873587896323
73255,15129.432188727922
67597,11072.885151040371
54840,23416.748519744382
17722,17322.230478028316
18351,9360.278032958784
37538,29049.504741138466
29095,23127.11058089933
22633,9540.821074069994
44657,8084.3148339160325
87026,17113.92108779842
69387,11098.704140410571
19796,9050.302060169288
17072,8126.338976349436
41502,15888.393221946711
70524,14335.413866044968
57489,9946.285176119512
36987,13484.128575000552
55269,10687.859100372763
30237,17317.447851461213
51812,17557.431458409326
72874,28438.291705562984
97176,9639.858846911891
87516,9645.96719047627
69667,12766.590428701791
71720,11749.029380911274
29990,18376.057045896356
29660,8624.576602203098
21757,12809.697003020803
11643,35447.911288825926
59690,37122.178839479246
86450,7509.958193064422
13768,19008.179145334125
96681,16922.157353404393
64596,13584.76822150534
46402,21262.327198661667
21829,9943.814588613373
49579,19344.09875791673
52693,50356.253172556244
54796,7388.988824845683
44829,17251.52627981392
18403,19616.38296542048
57973,9668.614280817685
13524,7465.232343392165
99076,8419.205724743579
57491,7222.2440919418805
14643,9599.271673203486
29052,6628.372733765151
22645,16195.34126162855
40469,16470.839508064084
60083,15790.738636905226
31524,19303.546568643902
86553,11287.559574178225
47697,14300.009454859295
67131,11212.553745807505
48624,10042.615450773137
32859,9693.51940158837
37634,9136.310310791112
77839,17587.923622891394
83313,19523.73456342811
28201,73407.54459540575
10194,24461.14798103885
78921,13515.022999080762
54270,10047.21848254262
58876,10065.191135029272
96938,6398.700581496554
88450,23398.694117404466
20028,6744.540924783627
91911,29181.18111298802
17629,10758.269677519776
26637,21136.896565821018
94482,19273.923545302983
21300,13770.071105916793
96855,13988.987834935582
47708,10303.815528428157
14588,20404.750126722043
66865,8062.599744155234
10525,14294.079407903859
70841,10420.265913509123
18000,16329.339470384166
86437,13376.762676444476
69539,8721.637892742576
34570,18686.03695448927
18109,8708.680694661623
91058,4288.829982033221
16357,36447.40848159102
60182,27292.482858327996
45526,15281.015782287652
32419,26601.851222601974
76581,29868.3473245231
62070,15751.714669808625
55649,28410.476266001926
83885,9595.547224212136
36605,70934.77109790608
90498,15357.268985058246
84049,10053.70645796476
10548,11000.531987153236
22408,17395.81871932819
28953,9351.895652970037
93693,5902.049323122874
66183,7432.606938342808
87395,22818.197547746233
93835,9361.113056696826
11508,10209.34492147946
94206,4611.76181499942
87834,17945.445715593283
27343,9963.523595418268
83309,9093.944057327139
13323,26446.253238393867
22039,20076.959130616855
91574,18434.017210918
79522,19892.82918454366
71667,25768.25792347119
44103,10259.743859059661
58302,15983.49045952418
74449,24477.746983448953
49893,20181.884978553913
93391,11637.716107097594
24911,4439.430121243446
70993,17855.088544272727
92788,8989.978738018595
78339,11193.27132518155
59795,22003.331477726493
68184,9778.37787019744
26622,28434.091437943083
89547,17432.366785347724
88783,27113.99721882681
14272,21054.7104528411
74441,16958.7411368214
89239,10111.364794618185
51872,9663.274569069677
31820,21687.197284304566
31599,8828.634887871172
69415,9713.135640792796
82705,13234.802934966277
81436,18675.506920086493
58849,13664.749245628636
70337,17855.77788025888
19655,20004.174527061277
98288,11405.590352325682
60462,46137.20275790659
10528,9838.162645838118
37729,17097.36239184325
34754,14531.236201549002
39485,28794.650673914934
78878,31606.775480607008
13883,11466.653838673516
24100,15100.732938716548
83791,11018.88122630351
87325,33304.70798452414
82851,11329.123793029503
15367,4584.653118795801
91041,7799.9917673732525
81923,21397.156528304382
42399,6648.891417796078
59863,19200.33081613892
67743,6204.07743345077
38994,24347.750613872107
53696,17283.377829131252
14372,22503.15284221947
76533,32398.73800692195
10441,35806.638414245834
71203,14109.908016098012
12647,12477.831402015721
73277,9883.464471189367
87861,11766.22565867799
26299,8914.430786275694
48002,24613.447101115515
32314,16890.094656095986
13253,17189.69922844615
26002,16407.328545300956
11096,7339.768327358883
66570,10830.994365572322
98016,24361.65549083065
18485,19253.177288293293
24083,18004.548756517466
66413,15020.962726320651
37018,18377.20381012044
61655,14559.192371825397
67016,53095.03640776685
87113,25268.952149349643
32392,20754.145305642327
14245,6687.292366861035
53556,16710.100654139784
35026,10634.59499487757
76609,23278.67386211605
91221,17417.454602607762
68000,28272.285610032253
73591,34573.69567981463
62551,12568.777163940907
97226,30398.955733376642
82306,14392.311100627525
51907,10400.643765570969
46051,31095.75021691493
37377,11659.092663777818
84434,20234.445607512298
48269,16576.46532756973
94067,8614.705767875548
62641,11643.651427579169
56982,11826.132631198767
30749,8413.500314786745
23619,12170.75801272033
11611,11183.764825807852
39468,17976.169118992926
30612,25781.78013860002
65001,17075.210504050297
32733,8021.98337893948
48968,11301.952363450406
46070,7527.120478926545
92245,9432.022844701107
94539,11065.283441442456
11955,9921.095582820342
87972,8564.17393205937
43604,7926.610764998735
89083,24963.315923520167
31080,25464.05682018178
89030,21097.772443095244
83370,12817.160316275884
47878,11708.01705494232
52619,14084.190551242045
48695,14143.29042530206
66384,35789.81588318891
80288,13274.663311375454
29113,13258.830218419345
37724,10087.76083002816
87287,20592.06465368314
11070,16280.178163480952
10705,14036.416009223332
44062,25476.069636529788
95498,47833.679000212825
26062,27915.56486586801
50904,10795.664970347163
15018,34775.965523569954
37494,11808.265006008998
34609,7527.163673669022
60057,19246.24252802243
48363,16944.182741599892
20072,12402.227943124073
13785,11259.50167187821
99420,22150.309605574428
55003,13936.73965344301
97836,9616.755119022866
48316,20029.422028682588
21640,15727.959253566292
85942,7844.4823267180145
60158,15931.217100786624
23133,38751.43640608774
60512,7846.560651102376
23489,14387.663340404679
87091,18639.3113279232
71800,7807.008229191568
21316,25013.150696367426
36628,29694.042763803005
36211,19543.802599019375
41049,15615.28388824666
36071,25427.994594423133
13965,12600.529741923976
89158,32527.38565277899
78758,14028.994597826688
39916,16060.944345435953
75130,23556.986797420614
17044,21471.183530761715
58471,16587.874740862328
69307,17273.707467981912
60259,33704.356211689475
35164,9552.503804297667
34012,13638.652878352575
64945,7229.628761969445
72620,2724.1318957594685
60959,7118.067779219373
18728,25020.541082971526
46778,6514.531523025027
29547,7665.4020639951395
82720,5167.180430897484
36558,12641.814875928418
24622,13159.693879799357
91502,8046.187036042114
37990,20199.254570105604
93159,7209.173902513337
10443,7592.650406906043
10194,9211.02130541264
64306,25654.81113221837
52391,22218.51516244079
45430,12231.46579059562
16219,25274.475919861812
69252,18046.9983967268
88564,7869.11699028779
73528,16111.086782918523
24270,15092.423436631236
97026,21642.51194444737
11874,17905.747339092835
66637,9631.25379290502
11351,13835.16672648482
50403,10545.996190286352
95002,15864.947650979922
53645,13360.95581659234
40490,22867.644213565243
52746,11391.229084102586
27983,28404.082463368304
51039,9855.800115437853
46000,9847.460312446627
80072,10255.158258558953
20536,35868.49408482662
49646,30992.870022477866
40680,8295.367307564344
85218,10468.406431264983
92280,25757.50739977954
61630,7984.843007659107
96497,32821.77390669131
89943,29298.307840863978
94807,28374.295805499
64692,18864.55761949863
80027,9528.782642754642
78547,25336.829358231138
21769,20649.69854001941
43539,22232.91697059208
80692,43763.362021324516
16764,14725.977853394037
74811,8582.176477029438
69637,14920.764873703107
30194,20237.189389666954
29588,9394.216105992009
90985,14211.564910718
35254,7409.552249056895
70588,18226.158823272188
68219,21655.265347085002
25776,23641.664542001545
75691,16463.16817226463
63724,30535.073998324166
20839,8973.987195184236
82329,30115.786841413872
46116,33981.54866320174
19783,28737.838721068765
67620,12841.115765808245
90306,35185.86780663814
60783,11447.966008830525
64927,13239.560072801805
53903,9973.222734600822
73326,11585.87068749643
69279,11113.767906135283
57092,8791.082206404353
10728,18633.30100307833
32130,13826.524256421948
52214,8287.09460701088
32413,17378.728930670215
11564,12271.927718872616
74384,14162.72328713438
32000,12829.612935797642
27384,22425.61515832241
32083,17662.60335401545
90210,16077.28546319405
66764,29293.40825130241
33514,7548.6644887434595
30289,26144.846936078226
91927,27040.46451263417
98457,31998.066942328725
58342,4506.734141321638
21444,11812.376770751918
10568,11882.47140993172
96543,8592.69963489643
92759,42972.03117476965
85155,13502.251552878597
34372,11540.590611798118
36280,57277.60589817278
29933,5827.27874829571
83731,9787.09752389733
40927,12821.284558961728
52392,11721.848966184445
68349,17604.86379983162
52500,23662.517072806964
46490,9102.957507756917
52906,17393.17339167335
29874,14283.008519591573
37904,18796.05138760855
85169,11127.509814125175
81263,12531.707058021484
94320,12765.95060040013
12196,13801.888045054775
66748,9966.5291675463
44272,17503.111557265718
18391,16339.258409961814
99483,27543.3114082831
99112,19142.25741714611
46578,10200.05603338409
94172,5813.742000547558
48090,19887.53924523494
78701,26616.6849309903
24653,22655.082979280487
26916,18453.775142202052
67627,5636.607552796986
92562,10927.631968736692
32597,7489.867035948213
12294,9693.874089497045
19117,15051.176378391048
98772,10474.450236243883
61156,6737.075527822979
79012,17153.563634739898
14774,8300.886262362572
48108,8858.219345016249
93045,24775.00948161614
25352,27265.271301109904
78421,16840.795174833234
35953,11327.128903997145
87083,12053.534837510415
72429,14977.60187076966
81912,8028.764574997756
72643,51228.93258172038
69219,16227.712532002957
13074,48605.26438227203
77263,22166.776064207188
47009,16187.660106677871
82234,11858.732284518626
92721,13560.553030041845
82123,13388.620065077304
67047,11629.173916756925
23912,14768.799951319877
64648,40249.84078423657
96732,26063.990850651535
13402,22484.69749489336
57727,26876.98641256451
94611,24621.369127359358
87203,13307.97983737867
72357,7604.776362822364
59976,9870.508120565002
17873,25395.51029130519
64729,14098.206407457077
63016,32513.58035544779
23897,11085.204808615106
27964,23403.490743760904
33724,35604.60283350307
75551,9150.833531707618
23668,19170.39007779709
95547,13792.842754790043
49324,15082.906588539088
16143,20421.97030541464
86611,10245.841905681591
98157,12598.831480462446
96617,6926.656378810823
84486,18878.328526241683
80528,8637.504535059934
88288,19829.06541296472
54534,19591.950700671525
55847,8136.314078654781
35126,10531.846706401768
66145,21825.364400229973
45938,5689.539850180843
14898,34176.3940840773
84171,8955.161100506324
14656,12353.78288989393
46533,14719.859936778375
87466,13608.161273176804
26654,10468.557741425835
82235,29224.30762911343
31162,22976.976930214238
84434,13403.441222406924
20764,4068.449145827255
52818,12552.8411388495
29418,17787.73978685688
92118,12817.79751732256
18157,13137.941112284407
47613,8366.951178255238
90428,23348.045351383367
76441,11368.285165391932
36329,15929.020316663253
22837,10036.61384874094
41312,12130.774491209726
98793,9553.728965747261
84753,8981.243299315545
79963,11690.65114143959
93889,22690.164868449872
51496,18324.18185853259
46022,22687.210518620715
95948,6817.089427798424
67821,19062.587488815916
28529,23755.057572877326
96699,11790.238167672629
62736,9838.162645838118
60154,43886.81068950873
99985,18299.68970126194
10864,21160.33388464756
63660,20231.214757256526
42101,10589.498847501492
73719,10643.424259388696
47071,20527.310170209345
31428,12982.98442269236
42343,8617.75492349813
60464,10459.5809779919
35218,10383.261359772048
39613,9041.649415531701
74822,20056.800889365884
70027,12830.671475573474
19861,25612.455882636466
92164,14259.864849052465
53770,12214.646835263278
83704,8875.276390397054
94503,30094.870319055626
39455,25808.953901122863
91874,17280.64192620081
76738,14771.123029540562
60719,6426.9835850951495
95507,8026.943292729848
55025,17811.890316379326
96233,23830.666770564796
21193,27877.631521511757
38898,9759.83626313859
94553,17614.84313620555
62351,22624.65137771851
20347,16994.101037641973
84293,6235.394839805413
64379,7975.350415744942
64372,16516.440980149946
82204,6667.386692761391
79227,13256.253546020693
59833,18586.880667226746
58784,11559.159930563445
65299,25375.45272682477
54548,18213.990091212014
28363,24170.541828422407
92058,13006.226941014385
56889,6858.867306072329
37310,14988.444859609177
16186,26037.549457003017
48311,13815.018575620057
86942,17256.09578250944
74777,11120.807817833334
78590,12987.61827089399
63119,7202.046050524987
20589,9749.885572847063
66127,11957.246295183531
12183,6651.453058190824
40619,12483.254253350355
29640,10642.480226270523
74481,11212.159625283628
67033,12180.242871069353
64998,14262.865062994919
26884,15335.454413494308
92392,10235.024971248284
18754,13126.811058294219
38376,10166.55567688492
52388,11394.676483670233
48485,18795.84520818961
91401,11630.695403402173
78137,15550.243343300399
70965,11807.274441374862
80983,17897.254849681343
51342,16855.666323703914
27353,17469.173866394518
47692,10598.206119800558
58379,9432.924147855283
68259,10137.723283645992
72570,12364.372970026176
57001,23614.221062910707
21480,2919.299927431679
53919,25944.319690883116
36393,20303.503173593737
82852,11847.788139561193
89095,62023.5066129707
10348,16085.527199720711
48820,10704.644741138572
84578,11052.310781639913
10805,25636.418336547336
23256,13218.82098990057
40616,19773.445611174644
45340,21942.413970434132
90696,8259.280313549152
21082,10562.881822868
62142,10631.58951134842
61179,15948.226243539571
78279,7620.046934108555
26049,22143.469569244644
68454,14809.324643837042
33468,10462.464049101876
24183,22842.338596175152
83192,33469.89772683427
92194,1611.853977304163
69811,61429.9738834151
87557,8868.144752261638
57258,10021.87615005583
19482,20400.805763447275
63378,16449.9795529778
90042,31277.864335519036
64341,12812.22166318946
92318,13535.977113626155
25324,9947.322825897669
43619,12326.143504580195
16989,15094.533739435325
27828,22422.039635002162
92151,10415.326243036758
54147,9693.102708557519
28112,14062.17973581446
64399,19572.200950368388
41029,27506.584053685277
82909,9759.247422925411
76209,18918.147557204273
89040,13909.927797276277
83046,48307.25993631754
96139,11533.845273772
53297,15864.947650979922
77450,18465.986002521455
60533,9783.085449918115
94667,24693.8461946136
13843,10216.782709942074
54749,21715.249517444037
52588,8179.233736811344
93194,11019.860916803715
64768,26696.170981930947
22256,29914.79413449324
59226,21195.99089946652
14517,10421.072738212504
64905,10639.157639131532
38287,22240.14583200925
43354,58501.011191559744
35339,7696.407473692834
40262,30614.75424667853
81673,15863.395179856792
47523,20085.514260938973
26773,10011.171261252563
62022,10102.181304704836
32398,27479.26495359368
69380,30521.100199875495
58007,14344.55998827444
22910,7172.028179198083
42870,22042.407842661978
92908,10404.955952876866
98015,14949.255526509445
52671,24893.46536069053
15574,34304.43603317799
46156,17028.037692281527
63705,7595.143066702287
67564,10470.784385071303
32849,17241.108265803134
14535,22128.451947232963
55111,49332.933721387526
26138,13194.233850520937
68456,9092.034359028847
28894,12209.521732434016
72292,13268.537624703351
94538,15263.01015222612
89870,12864.2487256942
21637,15441.07796863205
63398,6161.4243119366365
56607,3033.5708364027487
27643,13995.475092196035
19686,23628.273296881882
11475,26858.82202199922
19766,21488.596048612493
49348,9666.505419325451
35442,10678.314181840244
62564,8561.274315479273
26910,33902.33601672796
34150,12742.153716815832
17117,12799.331640817887
72677,21666.153067968407
95176,24597.97198579606
54046,22589.09183203526
94146,19650.260725493245
23822,11746.744905265341
80081,10337.02093185616
31752,10587.185030213706
68521,15606.470221419962
67362,19957.476081244604
24202,16892.651366116534
20674,10150.173650807741
83835,22447.469318230244
14700,20175.929473683253
18892,17297.18799171612
13883,12716.824971885297
52074,43314.517430660766
23639,9548.858047112735
73638,8982.53963012854
50503,18854.681008665244
99592,14132.515143434804
95344,24834.01989975716
72442,14372.128545986146
94284,34521.14721754298
35755,36056.564815057915
28878,8524.798279168586
51151,14603.810710500657
39517,12151.803040855708
78919,13942.180207095766
35037,6425.341526496175
39732,5103.210585375606
29887,13159.507098113238
98156,19190.70187836513
85329,12009.82301085639
54962,20465.56627717524
55112,5167.464764084016
53185,31517.641363259812
58309,22036.422221278917
59179,23274.59209283315
96054,5601.869526779916
70901,22098.072672307306
27278,7080.2987675904515
79544,19188.833930298442
16732,20303.860134870687
56944,18011.118834942645
87393,28902.127106531545
10230,8667.540545028529
85401,25958.11984403259
95576,56364.42354982669
82493,12579.595181903385
45403,9273.754026976945
76062,13758.292764903428
72582,16550.11298903699
62537,13168.591731536588
53202,32994.08258030289
65111,28433.052203143252
86273,15730.762366767245
82981,26892.849329105273
18467,15796.287219740228
35346,15821.811467866926
45923,10595.832239712201
19685,10421.474204782735
23192,30561.304523419436
51495,28516.853060631143
53973,29317.771867139738
84084,14251.33283838213
30679,33463.996590463474
17241,25063.444615592278
29158,14551.025952075299
50411,21944.140748665784
69074,7125.457287324514
76334,12963.30218565771
90332,11252.52763112358
75732,19944.39107721211
32994,11675.587509377347
80516,8134.225582530433
93811,30269.242150769685
96218,28121.493276530462
83643,8937.222614442016
50022,18202.401189973407
53396,17804.676007753074
18139,12723.991436300545
64044,7955.935783928569
92050,16803.620904993357
94253,25550.563939858857
43925,18635.64330578793
25827,9283.439925225652
31552,28020.343847848813
26249,13536.299885098317
48098,26433.249652345425
82719,11760.747119895317
87434,19082.13128648194
69245,13495.652274574753
74613,6611.3290516716515
72265,8614.289546328691
60742,9800.227793496215
51521,27048.750112140406
43003,7777.74864075786
37149,20854.31530086809
50694,19414.463303702272
88404,9668.215070457212
92129,29401.732591408425
91593,8530.216100827593
42433,9291.420638295895
85602,34642.47702705528
85709,18776.73324382262
12950,6894.374172164773
47517,9950.404828982893
74143,12795.321416788935
65643,5460.928204679307
67972,22220.442198997272
28154,12433.142330369388
71457,13938.567422269698
78313,37642.96075142776
99944,20270.973786099115
11431,22345.77449989944
17035,20135.217321610035
86954,8900.024909808504
18305,13154.086388775031
28959,14629.800844103085
56561,13735.343282455726
41497,9949.434613491685
21842,7174.598431419652
68055,20138.69650991823
21443,13394.709569256815
80087,26195.939842697033
51008,9880.931679942265
12512,7269.390578226574
13540,12767.287505871318
80069,12277.6257990932
23012,15835.66961348686
83962,28572.956545668992
11229,15266.136363960422
54744,8820.882016976724
65950,25362.851579816514
86536,24089.661751627697
72369,11009.491648488141
74307,15891.01073741769
86422,19689.08738300269
34096,19067.04534988839
18208,5902.317005564291
50919,34414.123339790225
83393,7501.727612784265
84427,30987.461804866405
72483,9169.023516838808
36958,42518.78945748357
61210,8140.075842191971
24855,25424.802282084544
85646,18106.635281197632
14297,13133.072455310097
31556,10800.798334126255
66045,6903.803346486382
51480,8799.360419255143
96132,15319.184753235602
46285,55149.651787002804
88237,13250.97331528381
58695,7669.261380386437
52490,42110.37442568566
68525,23234.1359711387
92595,18812.39511175687
16760,22479.54766970094
54188,20232.2562744936
72391,7888.767463091843
21364,11940.724436087736
63652,9288.666836987264
78220,16747.649592252736
63737,14351.505892115252
51433,21520.296260848867
11389,38081.128871105655
23028,13520.643826336356
30140,22862.686513784043
11293,18514.908120491393
40445,8793.902079165833
56812,27820.570664152117
98582,10458.980471408595
29077,16733.224677652684
92690,12217.376299015956
28354,8498.833196370031
56293,26377.164884867198
80234,22048.440444581734
38063,18339.709339534747
67794,7043.487781319378
94723,14744.02556695242
61450,4704.427887727466
13124,9666.149700057813
73761,21410.720434356495
85968,24185.48456488629
24319,29726.411142171855
57742,12958.330175199004
65324,29326.024806600217
68945,17316.07499825669
44914,15521.201228936468
93758,14888.191062253743
26757,10669.269658425823
88645,26206.39581563323
18617,11255.340997208688
58137,6633.769413969745
78264,11278.202066458369
59879,11435.584527179726
25735,6820.853413456027
20946,17509.680763678138
39577,26871.509511495977
66063,12801.5866549989
86243,8973.832788385496
62273,22482.750589869847
91861,1528.7883953253859
70714,12120.188595064825
89610,21884.962732557207
56985,10454.382711760005
31450,14599.46887733888
99635,16945.590241188936
65562,19092.260043497325
76001,25688.277630304405
53704,9791.52692612681
74253,26210.724273986132
98382,10743.180677398765
86602,8012.707022271268
31174,26083.82695649416
64747,54824.51255050546
57955,25148.842965296164
95856,12190.38176750896
54685,36921.62019703309
83341,14024.684079510176
46078,30132.96148402519
14633,14124.728003020562
78789,9089.679068548945
77738,12213.467461211188
96163,6342.822435170148
95953,13790.095368283824
31827,9218.608379856207
32127,7819.557000720444
16386,8747.83836341518
50323,13576.139051901868
57905,32793.56529375615
86687,14919.122997569466
33424,9133.2903478346
38425,19289.474846300087
55491,20177.82364052707
52080,13051.289346688127
56425,7971.944707872824
80816,23386.69824657387
28963,20138.096530659583
19350,10507.044567310584
56298,13238.843403901825
50646,15122.298160714936
92934,26128.101394881494
44320,11004.400491025684
71049,9600.010755896836
95338,24128.845157411157
40981,14590.538520188862
59433,12753.84253024539
90356,19824.898268221426
86148,32601.84766736839
76163,7015.483127573143
38079,17385.351849898278
60474,8972.197362696608
60247,14416.761829284074
70538,15213.632795402458
52004,7316.715259283066
37628,14460.401153407773
42035,13333.048030276033
18713,20599.388362476933
10949,14926.505977036111
34658,11193.27132518155
47697,10732.025929051186
42783,6764.218534139291
70714,22575.224067113842
78020,19049.901192571913
32611,12006.687417526515
92541,27240.68292095648
43655,22426.324782444863
33391,11245.328275714166
17488,11133.640879012766
90017,27742.2239722468
70606,39801.937901139536
90927,10975.056065821656
95866,15873.874566569448
57840,16495.614948441413
98426,9529.738991250968
38208,18474.945901953288
31798,10972.234871549106
91774,20030.506922541215
74037,3806.2346620974513
30979,31227.46301757872
64451,11899.207663046127
13631,26288.344285662584
30361,25483.49695342472
94107,9865.270099552323
37405,10155.544014283105
91698,25715.05884617405
36987,29662.583802775673
76074,11121.691841051832
12556,15009.397355404626
75658,16687.458866111658
63452,16086.323796325843
75274,10340.40694919398
96332,11303.936362694827
26578,4541.094289691917
83132,18113.010960338263
68287,16993.58741536667
27925,23414.736148294913
19086,9369.559822867852
35788,26225.44634527946
57346,9093.944057327139
72258,16444.631590579036
18703,19156.409508080633
64135,16607.35724529808
63760,9724.555167544382
97833,9240.4808764593
41643,49605.489060413056
69399,17224.250874440055
96603,30966.04245637524
29632,10611.717262954031
87340,17068.189968824427
58703,16860.32818659048
84705,10892.343161745637
77523,8064.371967642906
79974,11692.313577933774
28163,21491.473150164602
69590,18970.139122298668
74970,11339.702800639585
32373,18765.389960035143
90783,10712.260177474509
31874,10873.668193223777
75454,24259.643554353657
32875,12753.84253024539
31274,27251.707405686982
43826,24106.02354609748
41061,10008.78858753966
40140,21965.259971792657
93031,12012.423105645044
92366,15126.961316201616
19542,9541.239995445349
83231,16122.244040276863
48183,12726.82175366931
43913,8876.71905966986
25053,3708.8146255679276
83754,20959.55667758625
94018,26878.16146527143
96288,10882.262991123498
64336,15652.914594912289
31706,11001.678252276015
28622,6088.541293014956
61801,26203.46493820159
87037,63015.1475935286
98733,7187.282999236206
59300,19213.151819210078
71028,9370.34980781991
92772,25227.47671761227
92583,43200.896204471646
64924,28538.171395932302
66294,7953.004884032349
14424,21333.973801560627
23165,12813.863696068547
45790,11639.558798157004
68557,8391.916584656608
46759,12962.260989437302
69896,11070.22128863497
68846,22286.14314575312
10456,12059.987558041677
97693,17154.506001511058
50008,21070.411771100335
96900,30275.716809094803
95067,8272.408208992041
42500,20484.042568162113
63105,9469.077846798114
22901,22395.58828060986
66595,5292.555972412099
79303,26475.877109584726
43345,25423.771500967567
78640,19333.1136761774
70936,21452.3069523082
82953,10417.903575784281
10712,13230.134638075517
87228,15667.731050492172
10213,11107.08088866714
44188,21859.385228689032
99680,14336.802151221546
19153,11079.698214218362
18989,9728.080786745759
16643,11818.666377510941
93220,30505.363657624293
62208,8459.799512869373
74412,15165.981186336523
85374,12416.031153781041
30805,11129.747933977822
40036,4686.863063098743
31095,16786.748488258156
62207,12822.868970436768
85202,15367.387444145279
50770,9937.961927642602
23515,8734.376149991864
38049,20395.922150286868
99426,9561.020107338398
90163,11121.646065920471
16937,14362.449223691003
90146,24020.804386480067
59443,18368.102082096488
79209,13967.325168103796
49659,26083.509318256692
35485,14857.699181360857
22789,9551.459901330338
20876,10645.405635461433
93292,30857.841862484936
73583,19464.739005871183
19451,26983.73401948768
33056,16272.437650477692
86030,14401.339385610143
35737,8624.932451989453
76844,28988.77615548259
13135,29501.958516823943
95264,14185.900843825844
52037,12920.171196501673
36644,25638.684590152403
64820,23378.812901560574
68700,16588.56167729876
30009,37978.58384171716
86203,19120.910055350054
54244,20215.629490786992
20267,13035.399715620799
83078,12284.650156431533
29072,20145.546571923398
20643,7546.668724943478
48208,10919.62548372104
42187,9113.079307725962
67339,8928.63918507952
14287,21264.837596369664
28420,14207.951998067008
86232,15609.774832610206
85423,18539.0246094297
70552,15307.424297084022
39291,13355.106925324251
30241,3694.8617364399906
85196,7154.610518600839
22986,20037.54408039805
20449,11460.28273092951
66840,9290.054536725918
40453,16563.38047674275
90547,12131.64117048296
40734,7286.398084276503
55150,24234.427262686382
15842,14421.849432232759
62613,23997.711315674453
83351,11077.00919138448
44677,23317.8713937603
40159,14807.731092704775
47504,15716.13627087502
67816,16920.315973836154
97174,9708.235911226762
25455,11388.103086718093
22769,17684.37146079006
22150,9418.05162889688
27681,6978.61922381636
76917,12974.624705606904
64693,29399.733876857044
49809,10996.352413182167
66387,21474.063236178023
35633,9994.09685867069
89497,13692.087653625993
75123,18485.249517957054
55914,9163.588583369572
77951,29471.719915406225
94609,24747.291577277785
72543,11083.446491242239
99188,6265.9936614981325
11318,11828.521756668524
26829,21319.395993516773
86666,14176.733865235625
60965,9107.433452219455
37974,13549.650621973902
82994,12418.24725104952
17348,7120.980644362227
68062,8830.080723154988
67141,16492.251246389962
86397,22331.23469226435
79872,10052.801866629474
98722,11959.484081103496
53888,34920.09400980112
47633,11864.78131994094
14125,14920.431366839844
61591,15460.694414687056
12095,13671.127160407716
52068,32566.050264206864
34713,26166.957090662134
27608,14237.111823485971
90867,17035.53238558214
67062,8041.467710607276
91711,18351.557369991795
54654,7827.403483695574
99477,12350.98024931965
41095,10157.422811754386
80901,18481.176828734602
35477,12573.939680865227
53998,19316.553970708697
23560,9432.152327842854
90258,28942.711339820584
47414,20774.734216526722
30822,7225.481567888595
96848,9015.492944178843
46548,22362.372300793686
18750,29762.33364434471
43899,7437.9320310142975
19567,16892.492244888246
31212,16436.253807567384
29784,8798.397552124428
79105,31213.65682121437
31163,8487.538968791412
60322,4939.16777915443
96702,21842.61619546813
54914,19877.048899335066
64238,13234.358712951169
75996,18158.41483358286
88276,11409.694044988617
43095,10596.327627477225
79971,9837.736406453514
35202,24604.73167623843
52141,15786.25732435225
48293,38274.78510938611
31836,11369.466269456914
37608,15248.980571530186
51147,21899.571385923467
22548,29921.91575321768
43614,15408.161736677805
68958,16251.90032072879
54104,25782.510824121266
33620,9713.93617729488
82249,7026.160735184965
14463,12810.99488256986
25624,18491.64844476506
50216,11811.096380481771
66463,52458.17495890033
88268,10785.274176312152
60471,23836.6182690028
69373,12860.017672888545
82409,14480.522212332784
63134,9457.851853598862
93068,9346.659735299318
11203,5890.584668524676
39849,9785.147139267876
55954,14493.289117602622
10925,4080.7231981180266
42340,42044.452105637545
34462,19391.08540609941
55876,22587.78201441424
95022,8989.978738018595
64827,14778.017427193436
16980,10825.277131050389
95425,6744.253724691624
91221,17699.938612204503
18060,13082.112260652786
24382,21262.327198661667
47802,6448.60987345797
96487,28215.79638816781
92157,10111.473455750833
75169,24229.103436803423
92389,16731.816832110388
48327,11569.284704978862
10394,11211.38270331575
85503,21385.868295235672
49189,31736.980659942496
95393,16394.781911817136
41025,7386.317971976612
59054,18967.971859205798
63306,1814.459835504882
96856,16818.286277098265
44018,22212.909177179667
78374,8473.858555163744
39014,15380.229981861523
50221,20148.364409757192
71546,8386.708686627007
16965,14570.865011554373
61917,23457.85197645089
11855,27458.917896029867
51269,33231.29774620413
93144,12828.68365310263
99673,9550.580490724777
25433,35042.03464398781
63062,29518.3830131507
95683,36334.71238105996
54288,13979.621107470079
16926,12640.708105998658
54552,48835.725207775366
88598,6872.665849340456
81802,27798.623655703435
44988,11759.99119792922
43058,19482.676138514016
80557,11849.687497936935
15849,10384.076250914353
16230,12754.324845496853
26897,11748.765551724675
72346,21307.709713932563
94208,28999.022737134965
47851,18452.587553828664
63145,52493.65962842457
52804,10550.423880165323
81915,13138.286759118813
70306,11793.466187043374
79269,12989.228502925214
72171,6654.495130526286
69814,7734.68172122324
19597,16592.139525515242
11998,7470.7957399240695
18364,8822.248789262401
91526,14513.056214864879
49821,20086.02596699057
49319,13197.69887202658
40421,9937.312256671583
40773,20471.39189031686
34193,7196.81583377131
98048,7082.967072308507
41416,8856.730027270532
44701,8355.898700890435
78819,14451.216618679135
43451,9183.65088557274
34274,11492.882699615338
46987,22768.180263038288
37552,10286.993559015013
65790,10913.431975559079
30603,7171.1810239111
24020,22040.598466468058
62225,9048.795240195672
65669,6084.899907759787
78229,15611.037741749102
20764,17700.336615652675
65302,16515.403226735427
31791,29093.259675108304
62595,15331.808349564077
30614,20571.88444264354
59725,18562.000336915506
65939,10507.603463450052
44342,9907.166804944212
73223,13205.506011940186
30487,28959.463616606256
36816,10135.787867304201
86671,16414.678837313313
94585,28065.600993904445
97824,9717.050186581058
75534,12855.052998111683
83264,14639.109073843298
57356,2910.9394398385175
84847,16050.848133392836
22957,18924.219577860244
24840,7567.813927506699
74491,11353.179912048134
94228,21257.411519114878
27246,28439.67174715625
65087,13389.922891223281
48663,6773.121150083349
57314,15206.188595949981
63010,20773.35846040174
12817,8550.3152234985
48710,17910.249879097544
23357,14906.42512575581
67579,18098.00855256652
63528,12945.104330777007
22152,13103.256918533127
28133,12569.232501522552
76769,30196.98666251952
90432,12155.379585460578
63693,13168.507219605042
61793,7659.509752305839
35830,16519.645286368395
82923,19529.22012373412
46932,17919.40532700987
97483,9282.890712844326
13660,18651.458961763088
92115,15615.371356947053
22462,13126.61426424481
89543,20626.4004343533
34181,28802.3300013969
82254,5103.781876749221
67267,9570.349657063409
30238,16496.72673563278
80786,10993.497913388968
44488,19209.202196647777
73517,9788.901863102472
96065,34962.38842609334
68809,6985.533065790412
61833,8321.270940918086
47110,9453.059138920624
83387,11152.25499538401
77896,8429.945370434869
23879,14118.166215392495
67325,9239.14110282536
20140,11721.848966184445
42831,12598.968795694364
16911,18277.047843257693
55472,7550.358697432352
96558,28312.71121578446
55092,33891.630387688434
74754,19931.551579886367
58622,15907.438990134033
32917,12164.829378947525
70207,11108.17470953301
28138,13916.984046539585
36410,13297.941390317474
27527,32542.33300149475
80518,9092.072818871846
49146,122968.2288261281
37778,17193.142785988308
51577,8921.02060736579
44712,7128.255545255783
98548,12855.151814723167
59106,13081.311262108207
22112,9100.288766396645
93669,21791.13508648154
12412,4900.824614529945
85854,19918.621527607247
38025,32840.574004496884
61353,13406.599791345201
12638,6216.872389233797
29747,15562.0731899282
53395,16085.707182221244
28689,10572.283800052397
58738,11903.63127227599
78677,7600.216414590805
76910,11856.272278600234
20968,10104.208874825988
39680,14423.040367964855
64662,33657.74574392196
24660,7733.955574276699
24624,11129.574183691355
85170,7908.425366277113
47826,29106.358495877575
80446,11369.699656234385
13731,24766.48759417041
31226,13588.14253824563
76834,7620.046934108555
66784,4909.171512515291
65449,12177.8556717113
96303,15996.86355802936
88382,16808.739162703132
15545,11531.28521000193
29435,12125.649721835498
96980,22023.60101601903
77585,8769.591670881804
51052,9966.66392354551
40562,11039.259281233011
58588,23349.34797343067
32173,8618.229838860983
35210,13907.369299815973
20553,24929.50263666251
26112,20053.30483131786
13172,18477.913991325284
59755,10104.069661925587
57516,17174.510567225127
61325,25117.684420580532
84788,16299.353298945494
46164,11796.61540447973
98733,26836.469057880076
95764,13865.822216168464
56658,7107.32129185377
58071,10099.386189232704
89861,9980.335927039203
55768,11738.63817887416
80591,23969.034732456403
54981,28352.150497875948
42826,16704.662395143067
63623,19568.40006617563
86736,9418.651356363429
68750,10278.59547628727
70501,13824.87104942946
94069,13307.141564638994
41462,6357.076835138492
65295,6906.28034606501
51400,22857.99640075438
26918,7683.243324855377
41282,20318.325026751176
20215,17012.946640953767
36359,20264.04141599316
17567,8886.029925770443
60038,9757.275683895445
37654,13343.030798067293
86875,11915.311076223874
59210,16957.213866256843
14989,19401.23333674483
24769,23050.912570290777
55721,12398.942133908262
16280,8388.530222465397
72948,11103.07623841221
40859,11772.701317974213
84962,16385.13346420628
35107,21584.9214687696
79381,7169.7112836474425
14027,9768.76089361047
12355,17229.93663604076
65534,9147.427531094565
94215,8667.778707743477
48615,6647.7304829652385
52916,25629.23007492665
46940,15736.699447160465
15784,27916.215830670302
52165,14025.570557557221
27888,12336.91479615448
47165,14181.945668102308
28435,11987.302155351623
62402,19613.122269692438
42907,7674.146126606878
81429,21809.57251370813
18844,7518.805670887208
15155,15696.997754661494
65773,20783.865690641935
43725,10259.743859059661
65248,26161.159294647172
25102,20222.509193291276
14356,14265.976812668881
69304,11385.805600849435
77750,7429.909488642015
34677,12788.530569196399
39817,23318.537959215682
38912,30086.899762834448
53695,18475.032699271957
76606,16999.55892503268
23033,12268.937755937917
57749,30619.001103886818
68820,9517.519754744397
82744,18527.71351749188
14287,19956.892797528897
36721,12615.189966401244
41069,24754.38493642701
68990,23701.173105083115
95161,13424.082688893097
69840,12489.369645389856
69061,10607.17416995492
52432,18495.122362660142
27108,13301.782654456194
75041,28533.529496187937
10075,22256.092284281804
69881,21171.628828508532
54276,6818.4299420776115
56626,22166.31494998854
59432,9252.702749308306
65610,30829.2922398448
55030,15328.295463220862
60332,9583.0768630844
84441,15830.143581465138
33037,32136.993151960793
29448,14729.231131113365
68851,25480.710690236778
34900,15901.098035464047
50472,11896.474082530764
48290,16708.56475147779
43474,11890.871556396858
98950,15538.814454681029
32790,29461.35877839109
48003,29568.676468900936
95375,13665.794743536608
79475,9348.205602473536
21239,15172.897131046611
91542,8364.37175708306
26860,57136.64723915238
48877,11332.435604486202
33593,23242.77199353569
88421,11656.284729695935
28363,27741.6964865103
64725,34645.88224502347
70317,10273.344837486593
50403,16767.209398902258
85082,9087.985206008034
34146,22496.982318820876
19980,21906.11088895605
56654,14560.014855155174
97736,11229.779528885934
41087,13574.428713509107
28488,8207.572902519294
93753,11076.164267712178
25530,7990.725717742767
50428,10474.450236243883
47232,24688.236384022966
28999,14276.890870504705
56523,19797.912001044795
98596,27974.075927468777
46549,16494.642894923163
26553,15589.29353489362
19579,32362.873857494968
71262,10165.943444239841
67742,27175.42725888969
64215,8836.140798603095
11419,11375.65845758735
90433,58758.043464079965
19887,20549.507827746842
26071,13511.500267790947
61858,23154.089072496514
85781,7092.921296660024
15185,24239.162597619783
58768,39721.25030281005
61750,54563.657056508564
39948,12237.8834209483
92703,27353.58654127296
48270,10599.514073576229
25626,9363.78943365272
52916,14112.284599241551
23286,24435.147478686682
37295,24591.85454630719
27347,13409.70489226835
52033,7552.470135588277
14670,24707.95746218232
77723,7307.433499027922
23810,21186.219651070984
98800,10722.056131731368
50020,25565.78533466074
15485,26185.36136273144
48469,5955.774766718629
94320,12305.907624910935
54575,14737.618210977074
43210,9996.601648347754
65768,21317.59808360216
50630,23342.618121756022
25128,32396.16716257758
59382,17889.389118182116
65686,17658.234245016556
74092,23652.42931540618
88565,14219.497637139122
44261,30297.140602743217
58267,42267.45542061723
55005,15454.537641450283
55961,13770.375563545884
74584,12661.21866060474
46618,29602.402984597727
35887,14109.352911413855
13878,6733.54393408069
12938,7784.697754748611
88181,14124.158248704316
17807,7660.11669091992
81973,9675.338457516966
25284,19400.171737537865
51301,7459.971447609139
41485,21599.9532334534
79432,20484.057348535945
62329,48540.09376280608
49566,20084.976801106135
78197,20877.209683602392
22043,4634.246342045959
82058,3164.507688326701
80840,23746.207129094175
46707,26146.031773580577
38978,10140.807616539238
36638,14501.574702979471
25851,18883.957791680703
79495,19898.78820046878
84537,8335.113388789705
45323,8096.044814683744
70355,13787.060078683287
60611,23743.81651812805
74039,17843.09457599461
41433,23946.900113503987
30187,14318.012480598254
44054,21730.558296609677
21447,29019.639564810506
86990,22638.110656193436
60053,1530.2471264072828
69070,7533.408050286756
43120,11519.688965154497
40995,9700.30649792686
19586,17200.94889170608
66784,13427.996454524071
12541,13315.216411034586
42750,26031.781412934863
19047,5182.667781159509
66034,5296.343053018185
86735,9803.362770204463
39263,10425.817943858707
51970,7848.0399060086565
30483,11056.615206034843
84569,20794.457044967858
38232,14756.580497945653
73483,25939.864024579052
72891,15518.438582826198
83826,10927.631968736692
70213,9246.626825291809
16426,23567.098815834022
64487,4239.05559801378
69741,10756.689719928829
46589,32752.455119872
51759,17045.84161536157
48719,24458.633283663705
90373,10263.876325093077
56548,16432.2151609844
50046,10066.672559635288
18154,16179.671965216912
62008,11994.1532304112
96119,9625.404013022171
82653,21164.57789722229
95040,22496.982318820876
17509,22573.43837649279
62467,7613.4390916185
96453,23128.17794979269
48879,20603.975948332692
31473,9759.802788669484
39720,30226.835898268346
73999,23265.57193428511
24843,8631.452252100742
62606,7301.144028013914
90941,23389.0051405357
55118,12262.651989499675
92087,11794.869236676637
26156,8927.583516648396
18240,24950.313870199843
16139,11709.476895372682
11407,15551.948308668956
62216,17080.742799770404
35498,19973.915280952984
97967,14480.59014910673
47586,16561.371623899016
80762,37039.078567175384
30249,11813.25783652447
31836,11440.23266191242
19461,9996.269233359579
31069,9474.083850517512
40190,21785.988583052284
33165,19043.54904998525
83265,34281.22708763409
87171,22418.687635130136
90959,22640.53669647283
16566,22510.2177839147
44468,10056.378749140207
49953,16348.620990577743
19672,7070.526287707527
40341,21218.296978222115
50903,12166.274469614289
78760,10611.717262954031
99937,48144.373504766045
85361,31271.44421756753
60265,8659.988995664058
62595,18944.381237658858
91952,50011.5841619089
90039,22358.11651400658
55481,7129.002664316158
53782,13391.559132819977
60351,21044.6046917823
29785,16118.722900185407
13640,14897.5938072575
54133,14058.516233771967
76170,7503.926102786943
94658,16467.86010357446
97430,19715.903792183708
26390,14701.941349573937
97903,29919.361808236004
43988,8405.272291274567
37532,15280.99371868007
48965,18905.02515968833
73749,17363.125698590524
73581,13273.079087434651
38810,11112.605463898411
26831,12251.56908296616
45501,20684.568004304416
85522,16123.724757924005
10735,11889.174066045187
42336,10114.498549714452
18401,30409.155984064513
55820,29195.395753504672
48589,25988.845294471554
72003,19781.697882639422
52403,9615.086195643538
97547,19684.844845903393
69759,9500.917076497251
27891,7589.153553644539
31623,16882.011096999617
19922,20317.809110145354
21385,11427.063998821322
91583,9310.470132700128
97041,7835.4071758298305
18202,23754.66421387444
59480,18386.186977465735
28880,11864.225853037573
72798,13143.666101602159
57699,30497.771779171293
63380,8235.371357198814
17641,5363.409222152148
83721,12707.690787726573
45889,30994.655666058847
58245,40270.08570255969
12661,8859.520603784622
47581,17578.46143327888
69262,56388.60012565829
84661,10644.867685723653
45244,13541.586584276229
53209,17205.81014274419
57048,11895.223771961086
13165,31402.9439384399
92729,17694.605895903504
36210,7616.669941874272
41407,21329.224372872228
71909,29164.187449328743
26151,9333.387564340574
17224,15776.907646327174
65999,10660.380377690562
75970,15243.33112437087
85513,8003.6551175529075
20092,22987.824878290827
12397,20076.406477035755
18079,1954.2600041305068
64782,10069.7286898292
38048,2380.192377654139
89933,12605.114250048315
85503,10180.119239050497
53373,47143.51059156086
77147,12531.263425830404
39300,18883.952342320572
87133,16438.934438224165
81957,35214.17613308826
29735,38648.081013000396
33857,11287.993481322828
94824,23742.0079585681
35946,16264.000374455863
82003,4958.352160744524
87751,21743.475938122454
15149,9767.974911669586
91183,39463.75335312539
49556,6747.854569987117
81173,10310.444928083343
52697,9174.833898626897
98433,12990.168287123994
19683,9832.634478345655
77095,21505.293049427994
92487,16687.441773601364
11086,29659.39428409851
33148,9024.411076581731
12058,24221.060779759653
48064,7798.032908686942
52882,15670.358565225437
43908,11283.604470880513
20333,18998.57917078168
69913,31681.50646509025
31582,12912.329639185884
23659,19762.09445025364
31811,9902.313898803033
29432,13308.375506705626
96482,6313.62207393913
14485,7620.046934108555
75215,18382.89616354019
22722,20356.6432279736
94889,29577.18127771166
94441,9619.280725901895
83093,13965.872101554454
32920,7610.849348591215
80384,21305.35144898438
49941,6200.245179260584
63994,12405.135468817512
58264,30498.618587952456
62959,10603.758803368344
31687,40640.71990930296
52197,6665.227505270936
25386,10495.97527773534
52958,25122.069307722028
28485,9280.378158052154
45735,17952.465485792432
30465,32904.412198733786
42270,16389.91226324119
42102,29911.79576920286
81662,11011.791683095693
21444,8986.861714666193
27521,15115.24969487109
48346,5705.908852550017
23240,8720.814222637207
17573,10631.127074867241
35696,10560.035464940418
29443,14955.134801904334
74955,26978.01617692469
96363,18790.460653481725
60387,10287.83518334043
78520,9675.582443081847
61778,29293.826391223956
41791,21659.64516479184
17867,46916.18097942574
76300,19275.387207157815
38707,10995.948133938798
92525,29886.76688934781
50271,21453.27279107075
21910,8519.531004916867
23097,7981.121230033541
15299,33276.0168426218
91089,6679.716959521844
74922,8652.932617506882
25448,35628.39747549521
22804,7786.0155808996205
71958,17799.65382243077
61499,20270.973786099115
47747,5971.2953407389705
49357,6677.701388702533
24999,8559.61194498234
88511,15931.527536254327
15744,24474.107501237053
76331,14370.593945662571
31582,12245.321921758785
95274,16841.191922430135
38028,30334.593161409954
73427,21684.125871802633
90436,19897.985742299345
67325,11920.800345173257
52769,6926.656378810823
66058,14607.154240319911
65445,19268.856209033533
31492,28902.536505129017
56043,9010.502377211946
65742,20266.55340781658
23068,17341.38897082131
86282,10284.4919344359
85903,34144.42226245045
54976,17275.266606059933
85581,17103.125178644717
14809,17652.79538645869
72810,29438.611538772235
48588,13332.594820151395
11315,17253.767392427508
76941,10399.281047541235
43831,9780.836903911073
32536,20046.546575692162
64718,19041.98260654123
89095,13238.929709416365
98092,7215.713965310686
48663,16470.91805774841
64887,8930.65021380112
71536,30931.462772441228
28396,13413.9974836504
18250,11454.21522262643
51781,9957.837431449298
55692,17145.304046526668
61847,5989.51884326913
89864,21020.626240761107
94161,14371.906780780788
32087,11394.671863081967
34677,9949.108168497633
69454,22049.95798806402
17341,10285.99440844245
74661,19624.16330001923
52908,9572.644190113104
78290,13121.48635648696
68971,6780.74117950895
22868,10576.94482628689
86072,24478.887978557425
47514,8591.101992366377
30061,9180.141744041313
67425,33143.13367441413
31391,7013.4853008851405
40559,17693.089744564015
70315,18071.691831895536
60556,13024.15163165029
89011,21610.198733465033
47160,10183.218460219245
64539,9232.354658703145
19440,9462.020012694573
73313,19500.613116988006
19943,11208.703354479647
59819,25009.80040432581
52283,21873.07437912588
50608,16206.26144679603
98008,31801.743137354562
28477,2458.108227753066
63011,17919.058569279627
53649,9754.781916654938
89054,7330.1119890006175
14465,18514.85483611207
47263,14248.13726989057
16584,11930.878974890622
75089,10414.968795406363
35246,25936.770951166334
43340,14231.157649861409
78465,29586.157370840843
69703,3542.3248243754624
17286,13285.307711786712
68929,8056.12888828788
76562,9961.974315002702
38493,10615.755034318412
36359,7646.636604536738
68505,25754.415820320133
88820,31102.441856231362
59018,11324.623977107318
98881,16065.616549012046
57487,25432.146338663704
53072,14017.069448616861
10698,13952.12492493205
33869,12523.576837641922
10315,19388.98654529388
44629,42552.28172863733
29372,6800.4033192156585
46606,15089.364839983189
88461,14120.009169686631
76628,28962.73628923091
99199,24564.075161722947
85811,6977.40933450081
90815,9278.071585600044
99442,7163.170822510881
20068,19561.823962746745
87024,9534.932406463584
33189,20124.69662227869
33257,24751.188737553697
66311,6909.784568768195
47221,14356.35546699787
42451,28062.233027957373
94892,11967.96405017867
15832,19609.631850784608
12501,10059.280985025689
42921,11682.777182697435
34395,16960.70531644005
47986,22089.290761813634
40092,9336.963122053789
10368,26018.899841858984
53014,11192.44027275354
86862,6447.536243726232
10251,14167.75092046427
83361,13046.007410500719
36261,11481.808204426881
30548,23147.9662280867
68475,19000.80055856729
58003,9666.490427043515
16332,15970.732884379666
97225,8485.919975821786
68482,21450.054938753197
53636,13144.495319440299
78381,11142.276837455425
35314,7772.893540626354
93707,7883.743628457014
95620,17387.509957837876
67807,21492.98584134885
38183,25962.138013667274
60179,13776.596387133317
25580,11134.939816972106
39502,13926.39358679521
78669,19539.445594700195
21761,28146.04597556151
93463,12118.89625582507
40537,11647.46260668508
32896,18974.46512606131
95600,19079.254830086586
24800,13741.551153849516
80460,7165.384366788463
11370,7958.9566460544065
19029,26957.885639433473
95294,39823.61264460911
86467,9415.291392252806
41523,22110.556300270335
72204,15282.578934930429
56320,19566.06378117209
23118,24915.31330218541
36584,11649.83965117509
14182,17893.777172843682
71039,14886.673588565738
27949,15905.503745491866
85002,15814.344438092328
74403,7559.154588660311
62484,13640.513926819536
17017,9838.561756844567
73500,9276.07849004407
62826,25438.046804560618
64030,14503.633706196182
42914,16218.353158355534
78610,10094.123316154168
40457,30401.520070803548
59600,8560.117160061645
58288,13238.32370047877
81844,29069.66661818436
22138,12186.550377681611
86196,6610.657423887276
92757,15612.818133793604
11334,14470.293332083626
17557,11624.717800928875
86259,9753.871144870125
45974,14629.417839873113
78085,15989.59429218153
45666,32904.36901411429
92052,23270.437079514486
81468,21866.983234697385
51402,30018.970492792574
42476,13689.877558982933
52701,12959.451958869002
59029,13674.402556602543
15482,17122.519806850603
92820,15044.952372327376
20859,13458.068150044699
77290,10102.803171999924
60335,24170.283443092336
96832,16638.935194263595
21629,25993.368473249793
50484,41551.43453335752
83404,11474.72985163203
59199,10327.877717727559
74270,7437.5111305931005
63233,10990.333113401337
30140,11748.35362818576
16064,8212.66933664552
47710,8641.64112169933
14559,18714.08114417825
32803,22070.562451804348
34579,16902.6191851177
75668,11022.814995600587
99173,9967.5208253704
66208,19758.029398551407
39481,30336.602480392336
88581,11015.712738815924
15039,21473.589450045376
62360,14381.284062691215
75800,6367.093917222039
25397,13288.604214014204
12016,12340.233259084316
11089,67143.27177580647
57702,10225.997571096425
97719,16096.36050249109
82442,9208.688945814458
95960,19458.59264869133
41547,6926.656378810823
19094,12298.579695034561
58156,15601.352450172764
74848,23748.605254602422
76231,15334.716336169611
94950,23217.53250436372
33553,11282.494042935057
78502,8625.944711092654
79573,7128.255545255783
18135,29139.145338399823
79144,9493.971254498865
38167,9528.802380162013
81276,17147.80063138421
55920,8732.232286398048
34619,26029.255653489665
36022,13565.8982770036
51306,20581.021506048004
98322,22089.82432732036
47220,11063.08730492463
20144,9621.843758534438
10329,6827.425935228926
87725,8529.391721380038
67531,28779.72721671426
88755,8083.183795920819
85152,23747.097911416386
80879,10319.676930581842
58936,10100.175667594205
28856,11849.60719794592
99718,34470.47959384623
26548,30093.187271983617
25578,58870.631588049844
23206,8021.943458836535
45860,8617.838285719452
67873,7726.333032445025
66206,8684.164034179792
72728,10798.547186851785
64259,18558.973649069085
62150,16358.144361845776
55745,27695.831030157267
80814,11387.674988959152
75809,9626.05754021899
80316,25857.885125453584
22084,3173.4014197220804
43556,32152.62875327738
31329,15975.702127496521
97154,10869.636196350693
46270,6310.7740234505745
86479,29757.036728257404
77369,25181.126421419925
75436,14162.293129355805
48182,16396.44223002241
71057,21471.128118130826
17786,18204.221530971412
31392,10118.843665896577
92092,23061.328516287056
14110,8163.7316468082045
11122,20354.411618981976
32344,48631.07323035971
16951,16026.102958553192
19179,15596.807017891017
58225,30535.073998324166
61215,7503.513438429876
28311,10149.427286579627
57796,13148.255300657813
45660,13314.501353642496
53139,18419.36681685373
11809,9967.5208253704
71912,9378.124828397722
68473,35718.5946334075
50307,10043.603406639122
93741,24759.726717485806
64168,10962.557554398823
40281,28736.6089551648
82630,11597.420364659036
72161,8807.81808794459
36023,16020.145613754989
76306,15821.223312034406
72966,13173.137872290785
62551,13540.396478984676
16693,34331.47155698485
70121,13049.564083465968
10061,11380.992245049321
55558,10775.756470676379
59635,13400.151685872948
66065,19112.308103475614
67348,12224.757653274171
90879,11473.582110874064
54774,10423.195882221626
99522,19761.155518886284
49502,36923.44666731576
82813,11484.78083137878
79294,12650.412825736383
83549,15779.946400357108
89492,13320.299018574286
44620,15216.218569460263
70669,6764.204997105424
38556,18271.418747344647
92749,12757.086514658997
29854,12100.351702429849
90317,22182.451315182818
13844,15388.047684237934
85423,16090.01652501297
50564,13680.943104805234
72997,11295.893280323751
23347,20249.206529374147
22858,17604.47710581507
74734,16574.13430065503
81254,7424.5233303901205
18246,28055.027923339825
90194,44508.8474648188
88154,8802.453670143905
35289,17015.468465475376
34103,14053.647305396515
43803,13563.010242925058
99051,12729.12445483015
43725,16386.360341364176
50808,11753.074641132436
97397,8812.69153877319
11684,9951.824619855113
57848,29642.00736060476
71736,16439.02211943564
34892,7815.179972738051
51990,22292.640882744316
35348,15634.589669717248
14477,25532.756216937778
25158,5884.436624158556
97830,19105.669758260363
57508,31041.32667784937
14440,13014.682266121075
13990,10554.501485027875
86300,5308.353012977041
88634,24594.9707405819
68416,16200.942199835754
47578,31084.755231104195
42289,19295.72243500762
84352,8614.607292673041
59338,13253.560307988424
36178,8471.194801444377
92484,8259.564755786194
84686,7047.798255799136
61800,20714.508912391295
85685,11525.722689603746
75263,19879.96208885573
71517,48979.08437211449
50693,9996.887678263936
77925,11385.322940516297
87614,16105.168179851584
11395,11819.780485193603
13617,12498.055500355735
29359,10241.671595727152
46030,17930.16050317002
69178,7550.254843723558
97223,15103.158889091432
57514,19157.925789530917
42806,27958.579470994402
82952,16490.35201891446
47601,7722.679427398805
34457,21203.73597403246
50418,7646.942839756955
77435,16909.980077475848
53883,9015.337178604612
32276,28158.693938520682
61016,18041.7475113729
27111,13587.843778001317
86128,14258.851084746335
50323,11193.27132518155
54861,18927.262307224908
65491,12414.068996163584
86860,5961.826118468529
82963,15239.19865244104
95277,10462.777114794571
69125,7532.337018286511
15461,7805.603144853931
14992,10244.973989061185
28513,14950.942250006268
30537,13567.903982190002
24382,29195.395753504672
63808,16415.137530114316
41180,12404.122600179506
61927,30255.38680669236
79263,15236.47439093768
87084,15418.406051067544
42698,38068.51970620749
15680,27777.990304890624
31351,11816.806139171378
14975,30878.113271058988
15514,20917.49255984019
72254,4647.16885489255
26144,16157.727443223981
44553,16595.285603377855
15200,16676.60627730155
84982,27123.778228554664
49839,12419.351414051758
52014,10411.446165210851
53736,11406.57198704865
70921,10740.000413727572
44813,17756.191955505135
79395,8821.832775415154
85295,22027.651889146822
92913,6790.249047214442
20883,33673.81195509006
13512,15562.264571489817
98894,14546.643343105054
86993,29000.713329097307
28432,18908.32135750093
83924,29483.994670149717
96491,9967.5208253704
88560,16091.892279395928
74360,14357.825643751532
97976,18236.901100320574
95428,8289.489753492131
54726,25937.93126804666
59345,16992.999809220328
46998,25920.606389330787
91636,9650.447994611306
82973,32704.25855828226
73478,11945.371960664806
20389,24141.397965503715
54395,13288.766336874061
87762,7054.367202654961
51765,16184.065095229533
34863,9394.338434144007
86761,19080.71497346143
30768,6967.909412478522
68906,21545.655049811
34931,35758.12530962946
29376,30671.464850620963
43322,17001.65175225364
65105,12753.050612800991
22662,10735.099689183513
32941,9661.00598093768
91649,10769.859865793645
75094,9900.681248233115
38707,17843.58496768017
10947,9604.267072169718
61697,11045.635537100101
86076,44186.310714528125
58388,11191.002737049552
58080,15007.450242652842
14794,31026.422207767
12314,13913.267579990683
32791,3686.375062623538
92825,14455.712452054475
77654,22707.959263245255
54470,7731.093172484891
48211,11620.757396816862
31664,14756.40239371652
20079,13573.468033138088
24345,15357.745646846524
95448,27899.742125869485
54169,52563.82828235537
77171,8482.360596069298
64031,30850.352813905614
21346,22081.339689011158
58130,9668.051579138886
10208,11013.465682487908
97445,16374.570698187401
95491,7211.803046365598
77777,9612.739321111549
41264,14372.128545986146
80248,13245.149784062114
80745,27588.41929785222
45932,13310.645329145209
46064,8274.09593028719
80337,14289.967177288372
13202,32526.91102674257
35261,13211.725873189836
88868,50916.25669770514
82646,13707.349172634493
42316,8546.320521442727
24367,5839.17416299127
12977,22968.105288676234
47992,27168.672173643485
36181,21565.244502785037
55272,15543.732636351722
82678,30618.309497511946
32087,11180.041556426788
51592,9666.980404031707
68968,10066.15996557838
11353,10564.875124059203
98481,15134.323848701597
23427,20553.26956848712
84112,13827.044401893607
39577,20592.272883622805
89421,81025.63036357105
17747,7436.762383136105
43658,13702.594355999405
15840,17200.7830846638
89242,31223.878458828316
40723,35911.69076649194
27269,11443.075677456942
73296,13968.256410340986
94388,11281.340760142664
32290,13564.884812253182
83731,12823.937527866663
23739,16897.70484203846
21504,25892.695821361925
67267,6495.936788325949
30843,16539.10267973782
11477,9211.082612198132
73453,10800.95802524352
77678,23754.66421387444
65602,15704.84645964045
88186,20860.31445686425
93561,17186.396161936984
34462,19399.19690534557
49308,12454.483237769968
86506,14225.534777485167
92301,19773.079039228312
63976,14428.750898586486
62621,17473.634574163367
65230,10975.962535476881
86447,13404.42545311539
25354,15827.73093040959
61973,9391.012726171255
22997,12522.138897962734
97974,36817.84321782959
80027,17085.49454151912
36664,11803.026126628054
34257,25365.830467094107
37188,28127.707734130367
86701,17072.504612904253
80219,9071.921639375772
30701,10127.220022218677
51362,5114.518276504634
52225,10855.185443504437
43073,10379.717531006487
19210,21490.840122720707
24813,23382.98123045347
52391,23008.076165829734
10841,27183.482354893436
31052,17782.137403541223
24435,10060.849027434071
78691,11278.30425981839
43970,12234.939080098142
45072,49712.01428971209
54419,13219.20139321113
31124,10334.901990261507
88946,42555.60297997949
89200,29453.89940617141
98073,6908.7522023714355
54330,17028.283514105093
20419,29411.38576577884
63061,21120.356009544492
24677,21113.17463213674
67164,16032.672567812488
28162,13981.026244460445
88187,21390.62458561401
55577,9598.307556918602
94064,14287.972043340436
46287,12510.449471463722
28486,5824.090293985881
20325,21880.446002455854
24511,11213.376797199817
24453,12857.097857206481
49574,9163.588583369572
91798,11994.761854760003
12744,10675.641926013135
20521,11898.367296201492
41570,12599.017598969207
12089,6526.628090909213
60503,31543.362774086345
76834,14704.748638263683
97247,17478.061186136707
73441,20609.521772375363
70762,3822.9188468445955
91058,22032.192307902584
60254,15099.655671884791
62407,4445.895214482562
26986,16666.60837007453
48654,13376.09831777187
78554,30960.768019027593
46167,18832.025207306528
71442,24718.157570445845
22873,25606.27572764332
87908,29518.33722315341
58472,16047.622435029889
63322,11847.693087090336
49457,11076.995295660323
21942,33383.17260272453
75731,8960.20312437704
55212,7531.3611221978135
69938,12026.606830187171
22485,29214.70978615441
42203,5771.42679966445
18126,9524.373942928476
57987,11383.103296414385
77153,13026.043663542994
89843,7420.048820797418
87545,11351.33607097052
90336,12809.360187474904
89218,13393.678269103508
54705,23113.27530378096
40474,20169.182780263665
92042,14843.20899586321
10220,9821.36858474672
33146,12317.543724381932
23581,14388.776702100458
75795,52571.405521464745
81759,7513.50974895077
71195,23140.75512116337
15528,12814.115647090426
83794,35571.58434636129
86316,9792.437748866329
54049,14789.733242592198
56902,25438.74878920488
98893,11498.63719214647
85908,7770.032327751855
77214,8882.517648807807
10375,9209.738492675328
35220,9983.366527624476
40885,16446.22064030921
70997,7560.854316321611
75908,37450.098212199846
63783,8554.94261125618
73312,22060.84433667055
50569,14237.64939469594
90554,6463.831818693061
74664,15795.288880204189
49582,17942.479150080573
21109,7403.107300657373
82754,14398.334840470918
89406,5620.1663433364665
51129,23004.34874568619
92717,8283.336538213682
38350,11625.797479227453
51601,18448.084078856595
95246,6600.060151213682
98631,10948.212506338707
60358,34248.29226135663
56925,13086.15109474995
19175,14623.617993206004
66022,9027.969981490776
79928,18276.681039469553
72176,10776.741941623637
22305,11597.325644962788
17716,21585.59964517493
26827,7693.484173135936
12640,29542.883086272108
41571,31199.6975610804
13762,14373.27129764022
38387,25035.43719381994
27920,30006.50485368086
76104,14129.651450945697
74804,21558.626391479018
18675,29063.71504659605
73539,16029.43744854071
41894,50185.4784364037
12615,10873.511216518913
86599,17603.251211047467
71642,11937.277983567714
81507,7182.027955677562
39359,33442.67323020607
32974,22867.57247860115
83174,9527.191466335731
35130,12384.632185124457
94548,15480.370863950004
13149,9987.670717243589
12981,17355.06669299039
96960,21651.53610511219
87973,15988.217346516556
35345,11364.820871343085
81538,24877.220174559836
87540,8054.524107545534
58396,22909.3941000874
44702,12693.680628628827
66969,12522.30891980851
77313,14153.99861755086
17808,7816.481346473045
83957,11081.16381459275
25652,11184.820019539355
29386,25233.675372700945
76000,9775.674572882948
41590,28063.947488503778
39734,11309.982172458815
76046,18265.24529381368
64623,35405.36799991419
53531,22501.882898567685
29448,10284.248905840494
30320,14222.859756135633
50294,10621.155184426452
87252,38111.28980907015
34484,11233.47754597721
95425,20160.620316500368
14674,8651.96649472453
10410,9393.779713921926
48665,12001.43695330049
13267,6505.816330061047
77359,31377.747504227736
10266,10611.717262954031
85474,9824.481281090459
51239,17498.17394201435
38430,9967.540975035696
79966,8591.899086684689
64456,29986.97970147583
61348,19720.43560966735
51507,10071.054674637988
89605,13139.385676274082
49374,8569.49450133565
25362,21655.47482139713
98208,26355.57288366783
33785,7178.454621970028
24248,18952.100358625714
73905,85817.06697389086
45661,14441.680534188918
13301,26536.85230452175
56954,20600.18529687881
10103,12511.647197234182
49038,13155.130129411733
72645,16078.996560710046
77991,9272.590602973081
44774,11417.06901376816
98951,8136.19194739761
58663,16576.119855410958
33917,23028.640547271832
57844,17096.415875774754
28393,30752.333959553085
26336,10391.238064397967
27905,12532.419201895158
93027,26876.09568928083
37328,12104.979867503105
23010,11868.486694260035
36644,23336.20447404962
77229,34103.70819138964
82118,19428.03560909375
22228,9000.526657436149
37018,9937.312256671583
79314,8244.094188113411
27644,13349.399664336019
20279,33122.181388326775
68509,45578.47736614648
53487,29179.011419253795
37755,15749.811464893912
76580,14170.236106519682
75373,19173.071846039795
64065,8364.271681624092
52828,8866.899012696029
23232,21589.56660077835
39515,27794.985436264004
44685,9131.049732515286
47133,11650.187436956898
92628,12592.52760065981
21994,13275.680553456252
72813,14458.606153065366
42000,14569.836127483493
79124,5084.006711867856
65025,15575.60287662952
14428,7731.129186757298
49757,11855.92757910863
37945,10812.817250620128
62392,14192.754393603112
92003,13367.666467906492
52881,19985.243997290832
33795,3922.925383884227
84288,13068.59218535099
97303,11266.368189958546
24603,26720.377942560495
91471,15994.785824712346
69195,23007.949835954016
70863,12452.398191022814
20515,23704.818579997052
13854,23748.605254602422
76100,30307.687949360872
22104,46414.58925056568
41068,10158.576660762697
28992,8537.89739056227
46143,15784.799561783306
85793,7630.119112149645
32652,25335.17023055323
65105,7215.74735933665
10286,18636.018408917585
44927,9807.597823097847
85960,24070.08483449575
33132,27194.85988632215
10923,13733.705538372886
97624,11300.671591973001
91169,18775.068366546664
60002,19917.456652943438
89342,31555.44605505141
90215,19207.20558861071
20468,6978.964864199745
50274,11148.318937635322
89561,11466.059393501364
40975,8633.573157529154
47703,7118.092802206556
53239,11625.426932709703
87238,17544.372417376988
36968,21693.842088539546
21614,13752.77847757357
35315,9118.427194100444
38138,5929.063045936708
86790,10442.59376205387
31779,20808.95005158269
18063,19395.175861092994
21365,11419.779170716673
92220,23454.062556558194
66747,2772.0136599868547
22576,15790.60304221463
47664,10229.826219196046
83597,22647.117847748676
90578,13598.356907942543
43780,14601.19314439698
64383,31474.626385614894
55597,5824.404498656148
61604,10280.624076417096
56255,13196.851544679119
78961,14073.558709343848
51410,12595.770457430819
83692,13066.18995279587
32558,13686.81394653819
15084,20420.724090508797
83839,13267.852341619377
75007,34719.61215269906
39777,47946.05876896781
87749,19861.75149505922
95596,8835.825922434778
26450,9889.043331561028
39825,27112.751016276517
73733,20572.223376251124
71145,28378.232386044096
77180,8022.165889193442
74600,8966.82051846226
62389,17500.994782597718
41190,17038.238400128776
80813,14860.863828089801
32616,15304.407194205996
33970,9200.304165244968
14357,10160.56674336766
35768,8761.25951679558
84436,11937.277983567714
77705,8650.505161514935
96498,17951.364699148515
64900,21967.436653101147
35849,31120.343375842927
21041,7043.367044205561
61358,10735.635729511114
57303,11380.992245049321
13399,9350.940988924762
17804,3810.2434653648197
17830,2288.7958424458593
54515,13135.390951242938
31244,21388.291090585728
38599,9259.298607489
46437,10777.01048970687
25564,19506.854044351538
31089,10242.739041873247
71649,15384.450209851355
84344,6119.761046515627
32022,22248.431771485022
86899,17786.660172693388
27342,34960.257768813404
44155,18244.147020809785
73842,12444.256172835067
62779,12474.174582361858
28580,10757.238827124173
38460,10109.096206486187
59386,11638.990662707918
22316,25039.438672696473
13121,14174.447526040267
36365,23341.213267852847
78530,9273.256504709083
81467,10670.826536350112
77536,11316.861813629333
81669,23810.73045426733
45576,26943.498292020784
37980,27472.115025116058
70177,17024.208680691037
17528,17633.684396122404
74696,8508.50358556718
74243,8286.264411230348
54672,8262.164407535201
17652,16440.823371818235
76116,16895.8954561922
70014,26067.44056846814
24189,10927.143563798923
19971,12609.603894053373
31112,15128.95550832011
73258,15881.795859932357
93081,6715.477730773833
49896,15110.806255464033
83400,13799.992538519735
23171,18617.21233220225
47284,13666.603339889605
39588,14965.351981273347
23937,2823.9008659068077
18318,8947.394876715969
12753,12215.431802886764
71933,7719.811661405754
37253,16219.709619245677
92880,15354.308375341596
10291,9333.326495654048
89086,10343.879055718055
44807,52587.56217222272
51805,20154.125498309644
17720,16736.538391568214
67840,9469.81942962587
58857,5646.415662642394
80493,9119.363528458642
61234,40082.90247310269
57821,6966.052018854254
18437,29585.792345749916
22058,26133.19813358331
16005,21364.790579571978
44735,22969.47944897607
47871,10491.291365402089
38089,61581.06643007179
93033,16442.661364102412
96069,19180.642988412706
16727,9515.766158211478
55234,12947.637830608466
94310,29638.584769669105
88441,13820.638229243486
41043,9984.790769238482
37341,21503.707418226448
40600,19318.834497923282
57645,12514.150330384538
33039,4461.954279140549
19180,13005.91660239485
34206,16307.219946701
60395,7951.059043469495
59294,30602.736157092746
73701,7087.657349382385
61135,14541.256673238733
91443,8935.158750287796
96713,20540.299415977235
45172,10280.624076417096
17475,7842.681230224682
96077,16503.480986390452
42766,14397.677241353762
53088,11518.217063749747
76103,14860.727492074056
39820,10136.260375074813
13832,9838.006247523987
79979,10272.481656422766
97324,8088.141189646429
23834,9663.274569069677
35712,7162.655081711038
76468,6869.476928422722
26711,42765.45646465254
41201,35684.50678978539
34914,10809.548664501404
51451,10990.596388962744
84732,14995.164656821684
20139,19261.64720161803
85881,9063.396593177473
87063,9486.36952415511
81240,21937.66296012858
15582,13213.999135838254
35276,10109.549677527328
72921,31780.91478195824
48137,20979.629455405797
90225,19086.2401785109
60100,31549.628442370416
59799,22858.525021398815
40851,26379.85882378654
84111,35335.0294450527
79705,29110.94716937994
65175,16945.06189771927
15406,26112.831764587696
81953,49303.06477904872
52427,18359.1651702734
99582,20995.043905316143
49969,13549.895095170928
91501,3736.323521717286
53057,28224.006047723706
51362,7455.085994928853
96029,13201.957079300406
68139,8120.439723451567
46378,14672.800068644421
31827,19256.12027488088
42830,18319.339397176267
38982,16293.437041812193
75759,18847.84274322402
37678,14526.483995789173
55552,7613.4390916185
26626,17502.892287924955
63532,12813.811498859783
68600,15345.788293706817
54673,13015.120694944246
45119,14646.782449921724
39884,8638.193379599023
37372,13007.043313902355
64772,23652.96599987124
60995,22596.56725405794
77448,10357.49353625455
94172,9682.283466213048
57763,20599.794236291084
97191,11164.418624170568
73906,34320.069788011504
56864,20557.131757195744
51499,15846.960988783874
22390,20375.264671687317
28088,10918.040543029656
25490,13992.310929942541
12179,6973.975640142768
63524,23647.16381143048
22048,12889.570285698865
60122,14211.97023746975
77577,19976.310491964134
46784,9275.855745666157
46004,22236.38026609573
54296,19244.253685160693
98799,11392.525744587845
64750,9273.256504709083
57642,25679.144837632648
59166,14348.410880933689
63164,16089.867268515522
18047,12203.615356939034
55232,12249.137132539869
79497,12328.842720015842
72611,59989.14741934524
26305,10252.668540818973
93840,9677.590707754312
15543,9483.349086504037
24820,10196.564477894539
84128,13069.842472146232
61816,20024.215748875933
75499,48413.5142115639
93146,10161.565912461705
41065,24591.59378931801
14679,14743.282493880102
33031,13968.614586093652
60739,23274.870056899454
30444,14075.461891202984
99706,23345.904485461077
59981,55610.25136819968
40596,15832.744256537972
28650,11013.853196885375
79112,34070.598154992476
79669,32967.56375592462
68341,11354.7267139111
93616,9521.814165721538
20479,25957.585047145
18091,8881.662223323401
15375,22704.857838031396
94843,19277.237495135207
16734,10415.81629408508
98080,9953.974039900193
67397,11614.476961338825
13784,19118.663739121963
64708,7679.956093515437
85933,22691.76523054124
42663,21898.584985525355
41070,11510.522539688642
42690,7608.02665280407
65971,9964.415603063702
47294,7553.210277723061
97289,21380.45084481883
95941,25394.587243155278
52600,18214.294216113798
98514,17854.303337074507
81907,5195.500291544973
93412,10780.943532917778
24129,13052.907716737844
68227,31097.243624446928
82919,12004.005263818079
41510,9266.867768740467
68815,26993.110480872623
91870,8512.342671317667
61263,23856.363618763586
18106,25201.619133194246
87645,8416.40222334847
49251,9886.61339893708
13989,46122.73071852882
54584,8672.405623142207
63708,14015.55625684601
35294,17035.623226322034
17565,47834.743761104604
82200,10452.059753966692
16714,18912.938092509827
53839,36430.02435606441
10466,22660.42319316103
69236,13606.165282685954
33055,22011.6122343593
20273,8401.262393053683
55987,42560.87097186178
70898,19817.2979649796
63575,24106.700633029606
65349,9917.53802083786
47853,16053.037490631114
20511,7408.32890159055
33398,16649.883169179662
12423,11793.34703327677
63749,13680.449425943289
23641,44694.830106518
12160,7699.0505358978935
63864,9008.594544454147
75489,12178.056292689384
68447,16192.936649510477
11138,18365.700276016407
97247,29235.2413833823
73287,14530.520279360439
13802,24503.02685841595
43357,23480.13343359605
11997,9750.989469523236
71898,9408.01674574808
66986,20571.56613627891
66936,19226.588703759677
82858,10121.77191937743
27099,7368.021477459695
67291,7515.354350810925
80598,19301.61366257041
99531,15422.785064896108
99433,24987.17501318759
10551,26563.513284738838
57684,21314.57621343265
32164,23148.68423378804
90012,10370.453782402794
58004,29281.01026275811
90058,13277.472221288741
69462,7468.798683696306
66960,10226.886558311582
74194,9052.588524378785
34296,15661.54439584283
20978,22760.867727809728
44541,14707.210295540302
12685,13833.474797039162
56604,12370.091380373808
42606,49564.234336285524
10851,19936.515341566886
92749,11576.725880541599
44293,17423.624874875954
75873,22650.95042104704
18026,17001.990213769146
99260,28768.356226206888
72080,27812.16738701196
50947,7008.751355853874
96662,30256.48746851142
38967,36895.835968382744
29773,6942.845445227653
41318,22749.872662216763
78440,19373.141920689104
96615,23855.178460626463
14304,9597.934351428752
80790,17846.1743578677
80613,12819.945544480366
19491,13115.910204250158
42462,3783.1038862211135
74785,16286.896580675633
85955,5991.217989394865
23014,19654.27063511409
42934,23756.988713347408
20910,29770.577729333967
24284,17264.92429215264
36017,9863.259804932875
96305,37295.45308333589
15544,7410.725959355819
87272,12457.075053483808
77477,10708.512641844849
50073,29242.429847193456
37964,16542.441975976333
24924,11164.493608569519
40828,4373.813116161202
57352,7786.968813869784
99553,11052.924972005269
38887,14989.276469484328
15672,26101.270261813486
97838,9957.356690619967
70685,14416.455834269822
34343,14691.178364912577
90382,12914.776665680442
34120,9323.613632081178
80159,17641.35204031298
89101,24574.47936489876
95251,7095.756926272899
81027,10812.723199175121
75121,15133.040081396355
25887,17539.075129987057
44533,24744.96996676576
15132,8525.305727220952
98953,16952.059388094363
55792,28357.791865976957
33722,20051.080908598735
11348,16207.131611168847
86846,14622.827431376249
65305,6786.468011732462
14274,25983.200655810113
96081,18525.183250890426
33646,8505.430201493342
80343,14743.525122836783
75657,7035.794242858834
51092,9838.713097327707
33769,7632.976146732652
36812,25912.756749927707
20970,14683.3671123525
60292,11200.463208286694
85699,7749.38067971017
41969,6779.370820542212
77216,54700.26745864183
65154,20490.309460808698
33707,13013.462646142907
46970,26446.298206934316
71629,6005.958670379505
56569,9800.366176959249
50729,29340.909008314342
41052,18630.466386244123
26863,12747.392597887454
64284,11896.545082159984
70631,64323.781994259836
77045,10611.162537035647
87848,10254.446474089495
32017,13429.786639563508
77254,12890.228074202618
26258,35077.10137053442
13765,20297.76133520095
72921,18868.792799420138
65920,18360.76281822809
55441,8163.001557520085
76003,12953.870124957708
14491,7882.314194083534
29527,30157.47085307019
43311,17798.409772827577
28741,8984.161158967572
87564,26561.66575826319
48657,11118.794408683802
96699,23779.321276488743
29925,10184.646931895892
10521,41757.69072349866
94820,19171.011657938205
84938,16774.717836202475
98105,13636.223316504756
98517,9333.75290257256
33380,7620.067083773851
96476,7973.753966477518
77175,25925.336657275337
10773,14019.76483686335
68074,31205.63616642511
40991,7297.247432133134
40942,16273.385482928521
71553,14037.665321531147
58348,24339.96139439013
45479,25572.408459087885
44425,31481.506412064402
50485,3624.410015209509
32129,28747.44300195702
30353,26776.165144470448
84474,45118.34805722978
88366,9625.478206628379
95033,8817.403723178584
68462,10235.354051380507
44110,19594.06187490594
41545,11211.704131719613
92054,17331.45108071017
14361,23324.80141927502
17216,20555.50516152936
55415,15150.594377800078
72494,11911.982959934063
87066,11327.128903997145
16498,6603.017105195511
23786,23961.21757400183
46753,20729.748999418385
84574,7202.701508352111
38736,13955.312256788326
99121,11390.747586670586
13516,18239.37164414927
96995,36670.069045757016
79845,20853.89322515051
75233,48773.073868336505
21150,18696.188597009696
68126,16216.633226998236
79462,10891.298418010036
98082,14887.229487547176
80606,20665.764458480247
84688,21233.325044696794
51899,20356.902113478583
67247,48001.75565747928
97173,14927.204176236106
39062,31019.04349819012
73123,16016.664654557615
91306,14651.618821090398
21273,7650.184844432768
66710,16442.792303552753
62772,12477.799468796531
38155,6408.2629498763545
70980,9840.482782672672
69210,6504.57343055421
47849,11422.192480403934
50107,24857.20096769013
50062,14317.502638758717
56418,8739.20731816562
50820,19441.621254004218
98032,13467.000294924715
61123,25869.26889790546
84024,22464.172035502837
89132,17566.20031772377
46407,7129.002664316158
28219,13390.672222677427
74922,11883.58475626809
62520,12424.189472337612
44693,16108.088648415775
42328,25192.62162493803
32226,21393.265669000826
59453,16752.550627326094
60452,7789.5115188541695
70227,6825.967154429261
43914,31801.377292573587
45084,6101.728226558009
61494,9939.706185464453
14788,17109.57931029449
74761,17448.410540683075
19646,13511.73806644377
46414,18967.440106502712
21921,20812.303360426136
19700,12614.299137022586
39274,10036.61384874094
98863,15810.216283947017
66933,8246.689519979891
11580,16274.248124068636
10897,14172.074378573961
24955,5633.030137056108
71922,5405.947279118114
50679,11663.704225045218
27976,28861.819885684374
38662,10858.264621781313
67627,7144.13039101295
35266,11894.818502413083
51210,7679.956093515437
41282,13301.781019424468
50867,14744.994386868926
92206,11838.803350917027
56106,19824.96471190929
92475,17828.139294612844
82314,24668.0119282368
54571,20905.4942014681
66683,10974.70390670996
26842,21510.382081425643
32507,10436.555793739302
23511,16345.957807566096
78729,29171.664877324387
58636,19185.763275463607
61552,16275.349769238468
10480,11768.817659205286
51223,8058.832392489836
95661,8129.303178506454
67520,5435.906958976366
19475,12745.909578869196
44065,18439.24087053738
32851,17963.863643248067
81000,15907.602564446499
74690,25273.70077743361
97112,13116.891298606995
65366,8837.833551129235
77235,16912.35692691786
17262,15122.56057745614
24370,13752.571091105778
78242,11212.27229531214
69507,20586.675579144347
56169,21872.01591535777
28059,8519.166581179361
34894,11490.640890558177
78939,16060.44688177471
17667,6869.172840019013
52526,9666.505419325451
84680,18005.836097859858
62792,27935.512482153397
68458,22178.689950599695
88948,6992.485801858496
83509,25849.01563227479
56253,6476.852843790517
56831,13274.870583627242
64775,12371.60674967683
51321,14884.246464702464
58543,11994.388597527472
57053,54157.54868607358
90450,31671.925944989896
96880,23164.20974905146
65428,24704.76354867155
33992,28924.453204465688
60177,17768.42252747806
55950,15365.799141669731
58510,9050.81723496016
65946,10452.465980397572
43236,11136.397362103187
36498,39144.56603951464
64798,13507.90861277769
26999,9159.47423724732
17371,8535.858091114571
52211,21897.679277051015
78941,16835.195719175135
42917,19675.318132766806
73186,7331.853106753495
51142,8216.201441230169
87023,15100.728439492023
22052,17080.867458314304
79729,11625.559762526453
29459,7098.8311502574525
24546,6653.311635769307
58159,58451.25747221778
10326,9122.797721764884
20613,9283.569165949022
25814,14411.185324456248
67112,12975.097040758965
30109,10326.994561378637
53951,24638.075602371016
25746,28395.20377338465
17233,32813.54128953352
43803,35435.29546123536
85227,13702.596053607369
52178,12418.9982192742
57327,16033.694281408632
65525,17277.82320584768
20057,28060.450595485876
83211,12721.21390102943
35373,18167.305546603973
41459,9970.441816400398
45048,14521.197784610718
43250,27901.100846292138
91513,6766.416224896131
82920,10868.79691524458
83997,9270.267597123868
80995,44682.825362721676
68756,10800.456043738508
77412,19701.479031604627
11196,4752.852741529679
55412,25891.11986634173
17395,55943.661056691686
23817,7463.898979486326
80209,6722.377369258866
69300,13006.648990910122
54721,17244.15665262211
92171,31633.78470668359
74689,7226.322987541467
85810,12082.0386183454
51524,19548.076869433928
93215,8882.8891376608
84388,10649.84120412971
82068,13679.986899265494
75054,10653.925803156086
73944,25063.951251440132
77056,30493.529478488213
86273,10618.250229470572
59816,10492.478577234015
43115,17736.671955249974
67751,8003.907634859646
97566,5953.458303736505
78647,27397.208051162263
55506,10970.190117986325
52337,17787.054425024173
12029,8533.242228113266
79195,10317.852074339891
86768,31600.242903015926
29402,15383.849965768697
11586,6335.434626880015
22931,26399.400683166274
35804,9322.905991996424
99094,7115.932132263088
33976,6374.3494606272925
33135,3806.2346620974513
81378,19370.2631659448
54399,12708.849344067841
40290,27204.535249015928
86838,12555.016432952129
99387,24528.08013982023
91424,17036.629119635796
98678,19085.9403192787
13781,8490.759887509255
14950,12404.053043095115
49218,15550.817923072696
38529,8882.261257789598
18844,5170.316355328412
59383,9481.878657275087
64199,10021.198060570827
70308,23462.652877954402
83834,12249.484817672834
66766,9631.122493305636
13430,16469.31536483056
91862,23079.22343387168
31994,16830.365950948282
88354,7396.762367755497
60651,8910.154788598265
79601,9150.592011275397
41472,11932.934548393154
70675,20457.915822284736
56140,24961.58874876806
17150,11013.853196885375
92422,8475.594761680808
81756,11974.767980433942
66131,18948.892851424112
67068,8283.72174906389
92205,10430.519044343444
10721,50065.286093990086
62618,19301.74842283671
44836,10032.154199436409
32052,26600.17155206238
99724,16563.372841382752
50260,33349.566953466245
95690,23642.009655282895
14355,11475.714082340495
92050,11670.945523506694
27797,8889.611997653381
78866,14478.905126156522
89595,9213.058544735813
66440,8879.246052149507
58579,10806.736004778082
48814,10373.567263291436
90013,10715.20830310315
19344,11399.067220911624
14089,21677.042453591082
78958,28403.676792662307
61168,10038.944141732325
19415,18153.13733847808
57259,19524.451814470634
67060,20789.345784562214
45454,16614.331940370103
22031,16335.339089146275
57084,7569.35975457916
29133,15654.592119892182
13640,12206.143223040894
90400,21862.39199372445
11745,52355.02443320973
61681,37279.64683174564
34028,11794.765755755052
77581,11679.951884717135
31796,1950.9343202617347
57178,8145.29789434208
45801,24608.483269919223
44001,18082.5409209145
92337,16849.818361200996
32137,7654.317336204513
84720,19308.018157446866
67217,22785.399682249947
69083,10214.730620369199
26881,9239.398040758228
49049,8065.917978598196
25912,9364.138423803655
34217,52571.405521464745
44627,14843.20899586321
13122,19216.71545332425
42812,21492.98584134885
56125,6267.052565713831
23575,37760.797653603775
84907,15061.381968490445
60445,12858.293370106414
60177,15811.016106314237
76958,22487.374078395125
12632,12647.572181724663
12144,8641.459061584552
92988,25376.35506592632
40913,12708.872185304881
92697,29173.619255211794
89314,13370.120690562544
93543,9625.840628479047
44740,11968.144299232194
33314,12400.981345813525
18631,30164.30188834446
18910,16866.269194853467
94013,10356.76928039432
97099,7528.573390164238
72925,11250.233237665914
46102,26707.653413065407
48437,6748.981747467336
11686,17668.132955955487
63328,27559.048681110253
63623,11733.66773122894
35266,8408.90425793072
28766,32482.192180762424
13513,53384.14122070044
13694,10142.096388028102
47601,20034.6486093189
14360,9395.710377591598
15223,13206.567612379135
56499,15363.23185193739
13207,8936.939142043211
90257,16108.660568659305
95582,10841.429270432105
75740,13627.380308828011
27782,38393.0961564509
55412,21665.537175148726
77959,5379.536301149921
97266,18516.39347290777
91017,16951.611675443433
10916,7711.127592362627
40579,4730.136860334764
90532,13888.652802589586
33411,8819.674920663489
84620,17355.12254570932
97340,16430.526281700797
98084,14241.807491917467
46667,7626.483199535378
87464,7984.137264053792
44550,16521.06682450859
23082,12038.79152065308
69343,16209.041451227067
74777,15440.593174028967
14604,20876.872136574093
96796,9238.719811891267
68009,13797.647100766873
41538,7579.655951026463
96949,6453.938906090685
77723,14301.649273970084
24025,11605.396588382653
36471,12334.339950763646
74511,9199.555154462934
10567,9892.866773891768
50820,8855.79006144767
61619,8935.158750287796
51300,8826.584961719913
84455,18735.50415168999
40033,12998.302374507351
72520,7243.045712517014
49037,6986.8272712981125
25629,7465.490531024328
28102,30421.176251507677
62320,15702.006694725244
48600,7375.298811469709
31913,16770.075467482176
74735,29117.26711793799
59337,19801.025903373844
52520,27325.97265066854
96616,22774.4468314212
65321,10200.75788407074
38034,11784.44352931513
42761,13814.156148447479
62464,15812.641722468492
36355,28586.811009340974
35546,15706.11731068027
33602,12711.421621694355
88572,12719.010525338046
22180,34348.86104184028
62200,13724.315911541064
50914,16992.711673405356
41716,9661.489226469714
52590,27260.953189356092
11353,21769.081773927173
94062,15052.959753091733
42620,17545.72639569776
12746,40126.50278935002
98638,12874.75881635871
84682,11142.562163459686
99874,33007.31881367188
90560,19010.938490331064
77524,13460.978316442619
46492,5366.21551332946
66650,27832.50972991701
55962,15314.117088507994
77199,31490.275330466862
73189,17398.496152106945
50756,35253.33499057247
26675,9027.771418515396
34784,6617.0076314443995
52101,10781.182773806026
86791,9532.930170566155
78321,15068.894399754561
98582,10816.930557902664
68898,13882.841190251931
68744,8520.565436841562
27738,11620.269337257812
65383,7432.329923639905
38008,31604.306341842715
27728,15695.048489062954
69096,16669.340968455137
99552,10128.333090831984
32191,14532.144074276386
75761,7354.855951470023
91742,18284.30314356526
39080,11914.775272353418
35940,19749.023134099152
72944,13349.83228320614
41776,9037.870940409535
80642,38601.74268959427
48396,13772.564359381426
67799,22911.021682225004
89276,14242.426470299846
68072,3773.592214706172
82302,4227.899022013726
55365,19443.934677686713
66703,20310.024705328175
34676,21385.1957959632
52211,17454.106033959375
12270,19143.02649028785
74285,12593.76898540443
37649,26387.380190197957
59481,17145.76632188313
65453,11355.39618114149
82223,16541.218846695407
48221,6554.322172310547
49652,32519.10691716078
19383,17807.534449067633
64001,8327.805566204612
87800,7930.348519940755
41759,20902.143329167633
34433,20024.53687446207
99664,12021.987740629593
25841,14945.29272626253
38130,9023.15343859072
96291,17364.57279690843
83988,12268.937755937917
51635,7001.444021903379
10658,4800.594510203138
38626,7001.375612382253
13690,22140.392016362937
97239,14551.783651863983
42994,16264.340054982978
60809,14882.462009071518
28976,12387.89513212091
24823,7512.636828132005
66932,9740.021721255696
54442,5830.736226198009
87465,60777.95284860843
98114,10069.950133320095
31037,9104.260107482945
57484,11534.388998304301
70910,5606.218376466944
90758,32620.54769898612
73520,36377.20749064929
85513,29990.608618303417
21391,26927.95071305902
93567,6714.389119889693
20772,5942.673962857087
42655,7755.249879175186
83725,26220.60754414347
42371,18267.66230286318
70174,10004.197680280271
53882,11958.62739431734
86806,21503.453475146744
74205,23789.18224861485
95976,18931.05038999167
92467,15620.775498122883
48791,17206.78095334245
88860,17645.339008573137
12457,10924.358366246066
48678,15239.322060389817
12536,7065.905981299724
81560,24214.49250053833
80034,7437.308602336001
21654,14060.983978992906
72338,12967.627225758888
31922,12458.121441971489
10722,23372.950667810383
50229,10513.926647004195
68976,12125.182906062448
89262,19888.963779545815
22558,21404.927395177674
69152,8940.384577736279
80021,20353.95549781842
64906,16206.376956437354
84390,27981.259863796797
58254,15908.58116034274
42530,20853.71884028413
28847,15519.287981771457
31964,10572.86000544827
82833,26835.131105780158
92919,15125.353604970489
12835,25405.55680512733
94733,8512.99206871452
52011,33060.92261812867
80056,12989.42340618719
11369,9217.113546369175
54807,14576.222236053742
60333,13252.820619684386
56802,9915.918901613804
47706,26862.55308947969
11554,11445.152769178034
44988,19528.677890492487
99127,5446.874951901227
59316,16191.108496105844
28964,11630.695403402173
47873,12350.614780720773
74604,15776.56130399334
66214,30149.43536155967
72139,10950.32312897434
13270,14745.589882561377
68961,17462.271905659294
91918,26512.22187517395
21254,9667.30074412912
29502,46625.29660815092
51409,9918.49145751772
42984,23374.988714274317
55744,20018.63057303497
41162,14500.073268109109
72940,10653.588158612216
75484,9024.226112051256
17827,12854.811031954581
69873,10089.729111376104
83763,26855.53815880842
90906,20465.13601736927
30145,7751.323378144605
28036,11110.914902329168
84810,16560.651539049166
83981,10959.551642362632
77502,20936.126894233632
22169,8971.733245106552
30336,16245.514247921335
55991,13744.213539088143
35016,7423.273670739989
68902,19386.024966972982
13287,6830.243099795913
26192,21543.322783336895
15976,9730.629057886385
69104,11336.883896137973
25299,9949.29856115736
72570,7117.6653725474025
61892,16063.646766840639
99822,13867.220111721093
32330,11775.741151174418
63019,27665.025663106208
34318,22649.477006146713
82793,7212.219648953909
79339,13307.779497801832
17659,23694.889468977464
94388,9065.870163859994
39853,14985.895504077944
84729,13963.751935952861
51553,6405.495547680874
95046,13864.61615468187
22288,10338.854818787322
11760,8221.565394796262
98252,11802.24166419285
78179,11380.67248097455
74493,14390.109242681261
39694,8633.1770985099
30984,13522.329551255143
76907,24697.5139783701
92999,11241.2744383137
59593,32312.141589288298
96455,18505.372236528998
18277,19108.56039524921
22966,25366.429923713014
55869,25693.89313042393
60134,10635.113303210095
56592,13427.670806673326
82171,21172.08093124265
54701,13359.529500760484
13270,14743.039332843753
46989,22929.39241142005
48977,14546.406369079032
37315,20405.441731198844
97678,13348.444707874944
86526,9997.414474361414
16063,11012.94120909694
66695,16900.207772917307
93397,29980.343193607725
29733,17500.147201108124
67891,9521.344782653154
31801,16742.622963323298
10367,19043.477661428886
15019,15403.658974719241
50224,10819.439087427943
42331,45851.979775506756
62916,19438.333967787694
89284,16605.261936072657
68788,19206.75272776345
37068,18763.6943266765
82811,13734.590202257348
27039,9849.814963997931
65300,27800.129456713992
63897,5161.006570058287
88282,10289.934315818608
30438,11086.818622939427
68744,28708.008053263686
25103,20756.290107572528
44939,2356.269756963822
68332,9108.01674866748
51552,9151.922071031982
49602,14231.157649861409
75961,16461.157817436164
19586,12819.945544480366
64597,10145.640490867305
78711,26402.092929815564
32763,10944.657311561907
48862,26012.285385679872
52695,31606.18587639194
38689,20113.509445125044
29140,21873.07437912588
19982,16758.086262603283
56920,18858.905072084337
55353,7454.112516505857
21725,10935.99406598031
99003,14651.434625847149
51374,9233.00669675389
27470,22273.561389892173
19531,8658.221414730071
21792,8973.832788385496
32077,13445.67235220383
59725,7256.420218120831
65938,14886.55103444248
18388,16857.77694667368
18548,5352.259807192886
13515,8967.878614760933
78036,16276.012462221544
96887,20871.83404114995
54717,11132.439584604123
73982,13866.843898125366
97506,8739.162590618389
88509,9651.101919974077
67149,20372.289386484947
36323,7704.710151426065
42029,36102.69569127365
91021,21853.698502264153
49843,13754.018634668892
52638,22672.314051174602
18848,16802.73304271171
45223,11941.558408520219
14315,9661.00598093768
63682,25637.722831196712
43472,28258.442537642703
90572,8786.480315259618
26019,17396.209996485864
67707,9562.743070960887
51634,10788.786817815168
68882,1474.1439270562732
29321,10343.561030106008
85302,27667.316060675785
42423,15369.521396068809
22051,17109.79524672684
93406,3504.5287148193274
58799,19628.235859362827
76491,18128.99542495828
15450,10583.925145770456
51338,15388.268007941439
14338,22160.051362362283
35223,18680.038610268206
97034,16121.612946232874
43214,19190.70187836513
53542,14334.692079024064
79790,10412.55929644632
77194,20147.775141357277
34174,21126.111854064377
29088,20098.6854524258
69017,30709.789902677163
72040,17774.046492082573
61213,7933.7802462121235
26803,30067.089361944698
39592,30030.149627240084
38702,6975.740135420983
92101,15616.630948144946
96740,9346.69452581295
80311,26618.529076892097
92571,29737.26048720596
36787,8321.437237626997
68381,22565.913840330475
67696,12563.546786870364
72891,7955.069573976734
15285,11872.021659492288
49532,8557.140766010873
36798,12566.48607407713
17104,11451.773493095825
96570,17817.722205117174
34612,20392.30301858465
80480,3314.64371094118
82715,27213.54823967623
78002,10199.790111557859
68138,3819.0646378974943
86665,13825.870462541825
13849,10290.329502100785
25261,14281.73972998574
71337,12446.271117325696
32903,28792.07186288709
72059,12589.166997533499
37899,20163.472148550278
64452,7788.728432575261
42782,10680.554549848106
99376,7547.468424580868
67217,24534.43662230672
99202,35751.92937109037
37755,10435.121180209166
47005,13072.322656095306
91608,32025.71821630584
88988,5794.847769959815
49462,11164.418624170568
95039,13754.717241462768
54016,12879.198561023548
34487,13446.230724169453
29403,15849.796862050973
37299,10166.939104869063
44354,12721.46145923592
91231,8632.271721837853
77206,26285.24919553067
56006,18572.65441650303
76575,8640.88144351053
25149,12097.846232268963
41784,22908.868137374302
91282,3943.221471234303
30650,48082.99892299874
85265,10223.743818609888
48004,48363.05484824834
11028,57590.2206742649
29618,10456.108887576982
27827,10414.968795406363
42139,23280.372301486983
88428,11442.833874265401
63336,16096.898615169799
77761,12989.740600184026
26688,31479.559720937155
98050,3240.225937568179
37325,8988.28274117089
93046,14675.359782250616
72791,6869.476928422722
38047,9026.31585351886
69299,15583.612889731958
78160,3775.9146679153273
85954,22440.994532751487
60216,24490.396404476232
75730,6768.579181334349
18312,13093.811211789667
19814,9609.011677821287
41619,13176.314713248881
66999,12617.6162405397
83096,11078.274960182407
41011,33469.89772683427
45850,10282.030425414545
80887,27961.758785587685
28092,20103.139771213133
42786,32957.50634274623
80887,29083.994972448818
74015,26781.553319071987
65050,18220.03883708795
99092,14055.113856886508
22373,20442.57928505346
81615,22461.673637942375
93018,20574.697012271015
64551,11393.16849124786
19532,9853.811681519266
35607,14476.387896781172
27287,17358.428419945652
83476,9907.79580495477
81168,12725.897027776608
56498,15325.064612965089
17655,12323.568598870139
92198,6704.8212516728
68756,30850.662725562262
26625,25926.128151048957
31429,14843.258586279764
68540,12798.251438525574
68015,9553.69330809814
96692,17677.109076200995
48789,9427.0335966796
24353,16222.847852421452
41725,19670.461960877117
55134,49375.2762320466
99433,17985.283558730604
36512,50015.922718399306
88421,19462.858787681493
89788,11026.913846492542
51922,18038.57259445897
98957,11899.874047367306
48174,9780.368511434204
25491,10506.222051306133
60824,13112.380856873488
93065,24227.03685498255
45709,9078.742291801529
40929,9677.46430251193
30230,29929.589321893895
99573,5260.715802820152
82793,8981.174208647928
36834,8763.396495590045
64164,10710.254414310595
59758,15865.052187718067
65401,7981.193211085172
49776,34813.82143392094
73035,17592.713361149945
56496,14292.277899230721
32478,28418.776448483797
30412,6494.14834447192
19000,23949.71007940384
26456,12557.321147819619
83183,11844.925135610354
11476,9788.048010834409
91395,10886.34039314213
56439,14912.219826929826
83397,7328.057117750546
76209,14390.403796020302
82627,24162.22664430576
10882,10317.623735976496
58690,33164.38099298942
59144,11286.97710472696
44058,13822.558206861737
78071,45041.611806416484
48067,10143.58134960281
10066,16407.979589957133
88029,12470.45679837992
50890,20955.544220825792
18919,22587.03020360392
98634,7229.628761969445
63179,27447.84772026352
58061,21423.750819448163
60010,9958.996395230368
31096,12212.558379418908
98916,13518.191585358378
51210,10267.220241392362
68116,17037.045265071753
51620,20599.046450626534
51759,12677.858066077835
11862,12993.571037464879
59250,14695.94637645298
95647,19143.688547403865
73556,9002.20467117074
36694,10676.6261567216
53926,20162.241827219535
24431,20168.76679250697
49573,12269.41931019223
88073,10241.913676900525
90070,11631.896954285847
64730,7720.765622485347
77583,16178.696014067762
34927,19642.69415774949
52655,31400.271541908245
85751,24828.667582836668
50285,10408.708622913815
83223,26359.78965293036
25142,9553.69330809814
20674,12979.818495257405
24063,14329.672996586016
66344,9851.294995212498
26584,9852.350260071438
34945,10814.109561179826
87178,8728.17966996459
19938,10150.818906257517
92472,26738.693567166876
66836,11645.247517463355
61414,30362.728598966656
47965,17215.908270078482
15259,10409.026225822305
12570,11327.592189081235
90458,10793.829530382904
48912,12619.789390906775
56779,5594.306870651271
94431,8377.542634495607
63871,9206.526094535238
14057,576.5050920701124
19988,8701.216289299955
26130,51310.00417248549
56773,8772.142636087456
62124,15127.667068657123
86784,12882.359781469439
55751,12366.898046788014
23945,13709.327818973175
43852,27136.54767812924
94367,11440.755941578715
70731,10135.469458752257
33939,12236.669901931808
29975,11308.4929238691
38875,11575.477373815307
74402,12182.14081666237
83103,9973.285399806897
87554,23922.176582771506
77003,9627.330459740777
88912,8955.016269186803
86091,16716.775246016936
23268,9150.833531707618
52423,11550.752218421076
31054,9344.110163496516
65205,15362.115495800346
97956,16453.810949976683
92268,14063.105112182706
61310,10182.875057342855
80326,5701.538531685263
55572,11244.837574588477
89642,11638.072283053152
37887,9332.286327093183
73687,11806.834931848098
31637,7522.186841766445
78813,12670.334290975261
68322,8319.369574516404
86504,19176.906348701807
21869,13111.399011753809
44412,28491.748966266467
52276,7863.636869289874
92375,7311.718271218751
46079,11191.002737049552
80372,18957.340766077483
27147,9089.344439510221
47008,19376.494729497037
99762,5002.421901854894
19504,6926.055969501216
42830,42240.12793992119
88446,11432.168373290495
62552,14728.06577288275
69737,11387.464134554077
91451,16404.417174442486
17907,6308.683209162138
27030,13805.993873402482
62983,15811.53598088951
99801,13909.5073333328
37681,12836.610044663626
57569,9745.672998273505
22294,17234.47418738486
72876,25714.089020239157
65722,6299.7404245753205
58685,3356.126548993503
34884,11281.239746688327
85677,6398.816949357884
60747,12545.269318305734
68114,22019.935646546925
58663,35759.47757529191
74072,16768.51910424378
16860,28692.095396623263
11505,7871.259528139566
18211,30415.979842082932
15747,13118.569241603194
19062,17350.634001873263
87449,17865.29353976115
90001,10460.464078477278
57742,8522.642528562654
38483,11191.002737049552
15414,11126.275792030301
88777,13454.150471969106
89635,27134.175783286046
32187,5370.126220486458
49702,11323.973647927229
41470,15398.895453982732
69520,9169.965254207946
84715,23536.73443474727
87717,15768.000475607278
41814,19539.891273367786
85780,22918.388468358968
38756,17901.62914453304
64865,15325.009316221247
51020,27425.58652442673
65858,12968.05626284955
27524,13546.795834796718
38453,7054.1200682509425
54480,8882.237600638595
42442,16563.07588416026
17736,4663.480352833896
48473,6774.313768702925
82297,27662.809996725486
17034,10335.00421832315
65006,16591.992643115052
31823,39549.740538069134
77432,16508.19211981209
28864,6920.74061192981
87302,9280.146731187966
48697,8506.301125634574
43589,21564.493037150416
26552,9546.02412121866
27419,21027.402391532694
56975,17229.034043063595
56484,12151.555653851814
73856,9231.134694120936
39380,16261.676028681673
16969,12549.883057050136
80784,23074.896109141093
92552,15147.499954517549
52271,21652.203676042584
25492,13690.189921027302
30392,19454.526122728672
99417,24867.49568980339
55191,29044.128039392286
76902,5003.156199540794
61508,32355.89261174392
79629,5108.27730718169
40804,7758.388751051085
91374,20319.86461341477
67399,27405.794733342882
38935,10444.100896779288
75205,10569.45169723921
84510,8908.414796384483
40461,10656.12828204935
18693,12549.143394121114
97951,9556.427140883967
25334,17250.467096503606
65440,7118.028757724493
54931,48511.31993854358
50395,12953.428306240618
56289,26885.42709780589
69664,15547.574672683168
22201,12095.679923595642
54992,21613.18106012707
85580,28708.008053263686
80692,17123.860336492144
73094,28171.26166160692
72023,12071.000517570968
38029,17088.014513826412
97023,29271.879542224204
77482,17889.389118182116
47996,33875.848245775036
93021,7411.970378568934
39332,22645.099272626492
29073,32477.938675080717
90589,13678.488892736634
93734,17282.076219178183
48361,29281.963770751507
90665,22690.138915282216
70416,11732.760841377847
94327,10587.110835931733
42649,8643.105146415
68389,28216.05062697621
55675,14145.41357168107
71035,13236.340438547844
57774,12927.17742864246
78072,9597.67319494125
78553,36600.4541075393
42764,10300.047407614704
84103,10242.513974145548
29176,2669.9189591669783
69175,11057.98893337269
38577,10823.09234072212
30755,40575.85188054427
78779,11224.81995231824
96326,10835.459917336728
44176,10261.558804109714
54448,17204.52950507188
66327,32644.322978304524
45666,15025.91416478831
14550,12105.704918507548
55126,12971.64720998814
52616,15202.584171631923
93766,21466.221243022752
65562,25394.883442695107
28009,9733.244444388045
35972,12975.040666009845
47176,8770.828991265393
11148,9424.149625687092
96733,14335.413866044968
93461,18152.58322505284
27271,7693.27588400159
33444,10685.088482768118
60120,9738.104983438145
98377,10271.004756780489
56582,22729.514538886404
36878,14185.620910497088
36688,10148.133180825334
74971,11879.295139715436
45554,33875.07252143224
54670,10118.561749535518
93393,16336.598249095134
67191,16428.890131161617
18211,14742.614364414529
38460,11111.849110031751
31558,7095.625101972237
43586,11869.228652969676
29261,14236.940413654993
32079,13627.27198127605
16335,55763.73296817713
68706,36484.09625737775
24086,34742.75421217693
53905,14148.978814844322
29906,7937.326282987053
73988,20140.998278499952
93154,19586.133184828926
13852,9067.143351039354
98632,13794.596347845374
30276,19410.528184206785
62628,19587.74991180769
30020,11481.808204426881
28310,6313.900049546628
59304,5911.168155906365
75960,6107.172364282589
77159,36462.13144722472
84843,6826.3691966305505
32506,30821.425874623317
32778,12251.989114154332
63944,35647.392967861364
60260,17364.341436496874
25212,11157.274023345473
54283,11844.925135610354
90875,5461.270260892461
91783,43659.02443441347
54732,22747.17172237808
93550,10923.068327491495
29961,22565.79128620722
73932,6604.679384648265
19876,12354.944544523247
45103,15824.36607141809
47552,11958.125386832991
49469,24895.525219885152
21457,9198.660083310508
69848,9829.877289337248
80442,8978.089906121804
49770,11087.592416333042
30092,8967.878614760933
90747,19151.978997921615
55851,23425.389378885833
46946,10036.691975722635
37732,15338.476335377807
13097,18658.47515253954
94011,7032.737427604041
64584,11456.002306496217
96191,24209.893785815202
95798,8929.120841223477
88371,11792.326487517574
80633,10193.105115356298
73548,31484.703130469734
75675,9576.238789362342
97614,12496.76159204816
36763,11494.798958977077
74601,19643.068652776514
15742,6746.347738921517
61569,14731.949574797647
55736,10160.113262188665
35946,16363.189377130771
73701,21171.3895058743
74703,15950.860730140103
55075,14495.030514288563
52733,6302.046334839622
68521,10633.304565269498
64577,13160.09537689705
12059,29812.982882444197
37395,11430.41091904053
86631,13369.938972634196
84295,6683.872764550433
66891,12758.274825960882
47730,7869.631456771389
19068,7620.067083773851
33843,13974.2105595395
23689,12221.368700495954
16352,75620.70683702943
18155,17492.883293274477
97237,18910.78827461028
15039,12072.650145951196
63018,18705.604097743846
96506,10709.186480446206
17149,34902.803765506
50454,17388.269301846816
69211,19004.681415866507
76484,9831.338662886683
39680,11312.924765595151
31857,34234.47206386017
96010,32996.19463013917
75292,25838.307315287268
87730,19874.093386034812
45349,10061.828757123878
30997,27464.252960389036
41832,15048.394986457992
93415,12742.441264813648
17117,23341.91629800047
78596,10259.743859059661
17175,14185.419603398728
73441,54079.655318198464
56781,30610.75781396328
97260,11093.510633131287
56377,29878.721799301413
78134,33323.900391850795
88838,10552.714301258133
90133,20067.95515984383
27228,24611.30157913146
66171,18747.036091995455
40542,26892.256095621735
36079,8177.15057446114
80877,7923.831437519071
28161,12852.780593892185
50689,17812.58071837676
61240,5155.6526129182985
69654,22496.982318820876
79557,7610.266311029052
26740,17954.61173877104
69058,38285.35531150995
87139,12442.323042582311
11956,8298.902915740155
91775,8474.666469166928
60266,7586.320838668731
18499,18967.137739462756
74885,8570.740484742259
15397,8520.565436841562
21682,6495.586865322364
59429,15504.965391728158
17711,12815.939222922274
68857,15386.211569680547
19014,10895.624208589106
47467,9239.31854233945
46000,19947.794216867995
26186,10888.24830557842
17425,7207.616867353034
27532,18267.966804411193
67707,9256.637912918537
62172,17969.61803984167
29567,30330.288324306173
15001,13376.762676444476
46678,45167.9086446384
21889,49505.32877074894
12698,28331.904512285357
45566,11921.769654088599
46440,19992.53948850543
25822,25598.07684580185
20692,22802.025029925226
13934,7411.326654043452
32258,21390.034628194902
87201,23226.724055423645
37652,8768.02303271656
63280,18280.606795977466
36081,13825.041152645275
90734,10673.70395465527
22438,12161.304095264479
77946,9873.873610157123
55216,31426.570562000237
56330,9123.691422410142
54320,14527.319133289137
49779,9046.587010965031
54739,29017.35739425503
15780,9661.054582544635
67432,42988.48190069545
46666,8354.970920997986
74616,39055.40716790674
59550,1881.1751162680248
14104,18735.809477876446
59315,16063.826684813357
43464,13159.986653973809
59729,12905.344519134731
62231,17439.555515206983
63487,22093.637431054365
41559,11376.530795666331
32404,52522.97666567385
55923,16025.697458161869
78623,11295.463857569248
44035,23911.636529216295
78646,8167.391640210557
80958,17666.513865043897
98375,13343.16128439947
87854,26305.54520732237
74495,8649.631104510247
86278,7836.652575070106
34557,18699.979063862498
55256,9951.238369149043
24028,16099.24860265578
92451,8245.735938260987
89737,6391.13792536791
25093,13817.16223361881
23061,12652.257633110192
64301,13807.058633597802
92595,7590.814312790077
69177,13319.507712346982
38569,43186.562044899154
27108,10626.836214227975
19420,27224.804076375796
21937,15550.19210839767
49536,28642.387051965306
73845,12215.699150000983
92383,19485.511281145355
41727,14068.12305682504
69203,11611.230900224618
72460,13123.605257503916
76919,10627.786732433302
42040,26680.850828830822
95436,2735.020559182325
35007,21224.671247254813
48381,31595.67090613155
17336,22498.446894355846
84917,12799.677990068587
14819,8147.2403424194545
85572,15374.472156637232
24203,11259.503129198116
60137,9650.147983428284
20074,14602.757446243526
44169,10809.55603995583
20123,18245.741875366733
25486,6467.417552110195
14882,12845.987083660719
83318,10118.561359665044
80733,30699.580085669946
55605,9647.537995430524
81296,7586.607279396616
68459,17307.388189170273
46329,9247.504539975242
13311,9304.976282965523
34505,28549.80214479632
70797,14136.965740237258
79997,22660.436726945736
69238,15859.151364026851
75197,32877.10310349055
93426,5696.432997383741
36420,10186.693135496767
94037,13587.843778001317
88841,11234.890337012173
37102,7727.834863763854
40097,12691.676639349007
83896,15911.107882845903
29986,26356.460394045007
91918,8047.745755237793
85913,11180.041556426788
10486,6794.998577587734
74893,31982.49272257813
89653,8820.551834279184
15266,5246.188655136835
21492,9757.275683895445
43231,18176.259066505092
97616,8691.91060081933
36406,17223.204046175808
77239,30075.698428010706
78952,11474.200316116512
16795,15050.738317357898
27372,12314.879963508643
24595,16522.5416276357
78635,10690.771674498888
16302,14988.944904006465
84513,26281.93856824901
85985,27821.867866103366
13955,35418.29634224809
29963,13927.546196273937
65313,17840.39400979817
49888,14589.069820860681
57737,12095.903354942911
19230,12058.256814871867
26495,23376.667775892074
98650,16914.089077469147
44997,10194.384104811486
81448,19852.70050413464
50151,15026.419333107293
34350,3787.1593946424055
98813,10369.98287292497
46899,11859.791954247772
86500,15170.052551714756
72849,28416.26385283066
65674,20509.5524660068
65864,12223.312804959265
48491,8710.746472786428
59395,22700.86289603349
19664,5438.923391433065
72804,14099.685378253325
44646,27921.81763009433
11437,11468.044563474234
64235,14708.97421583805
48236,11285.875711999332
64393,15016.96813513922
50069,9605.134957215549
32902,29007.75914434246
48054,21482.38001473668
47926,9099.00218621214
58457,15329.992772715312
82175,13479.713642727409
89107,11917.737537141496
24630,10223.576459865377
77968,8578.71656491243
11346,18744.78058045511
29484,9106.219198122555
49829,20539.690797639887
87479,45800.54776190333
56525,15209.05651364591
87768,25470.48987817799
47552,14687.51766434802
77985,23987.516872182136
32748,10552.737919689229
35081,27717.242925306717
72158,23673.239100737726
98902,18088.473584274478
25797,8693.670075737788
22798,20697.995203237835
66669,7540.824412561538
56614,24935.829825714296
50563,26384.674582366744
73796,20362.348833401848
21588,23274.387992347514
28589,10753.138182195862
55393,17970.44860602305
71929,9150.96535600828
81707,26319.48343387312
49732,5961.7136337235115
30466,14350.433526523224
28472,9634.346761851397
29117,15775.720143321318
69820,7516.613946151605
65149,7257.707108825982
91236,9950.519680055351
22837,56326.48522213178
10440,18749.002853844664
12887,27938.888041617993
48779,10470.615186307106
37687,17458.05488825532
91042,10383.590962829447
37865,14368.894575606473
87431,7911.851223504342
86069,14358.836364293764
98907,48525.700052193424
38008,10365.089198875015
77652,15507.392348922263
56994,20055.63317096126
68734,20197.73436496186
29315,17919.036928371916
72903,10747.411832495261
44414,12253.122867337373
34970,21991.74271917568
68618,17352.912757344253
98992,3122.7639276621394
88116,18857.089918139365
87943,13237.58956320694
82168,18317.40590286052
30372,22681.887968326744
91741,14342.81053993596
47695,14416.020959136978
72882,7357.435571823873
90039,17749.615933068366
55902,7509.958193064422
36258,30252.061395239423
12766,9519.25688686033
69278,11821.889878365535
50081,19708.927185139026
17380,15733.3512100478
52053,29061.33291247115
52258,14716.141875706267
54243,16978.47968723229
89212,24069.00525883032
77965,9662.826373567672
57660,14837.304962568965
63465,15322.195524058912
40228,15864.734425556606
62374,9153.620583430771
19526,20033.431623959994
35175,7611.170503486503
46970,10479.884428981379
31651,16645.557714164952
82457,11016.927414306578
88172,35455.29871021882
12906,21461.498864508005
42521,26742.88930122315
65031,3188.7452712449012
11786,25351.789487481103
92156,30529.23487368096
30357,13528.893036457326
49463,11759.982942332708
59899,12357.227470600308
60669,10639.360155458022
64438,12133.768346957724
14302,11494.235576123649
86830,10360.929631706724
19122,8906.267726669204
56042,35932.307658337464
34066,30882.57643741496
73333,5764.627248844436
94235,24403.047995798323
99424,18952.898962170522
28025,35481.13583089525
22414,22923.094143143346
29611,15031.66603867049
89415,3810.8636165938915
36575,10035.275683775202
19123,12433.37052224957
32876,9076.202564396954
81595,44528.39901346097
36841,11294.619372955673
77842,6286.4808770505915
95031,10516.195349071415
22478,23915.21657393137
16385,8616.995889708955
16246,17376.62264111989
92563,15394.154563608656
90683,22468.09041112053
67360,21465.33345328513
86794,1923.2662600816675
24156,10647.415633528475
21047,20295.856282088385
54519,14909.220572015072
64566,9836.86437073358
29646,11030.621956297373
40820,22668.9148680782
53192,3224.30791752631
68956,9519.63696268804
83843,18645.872265815236
21786,12872.01270764945
76303,22413.431179605446
52802,21270.041750756147
77324,9382.992348434444
46223,11979.820309785482
25261,14198.34512831752
79804,16000.079344041726
66593,23235.10163740594
79055,10736.304956090895
70986,6313.900049546628
64568,10927.931593762323
90458,49827.215547029424
98460,19546.211089954802
71117,63186.057613093355
10132,10867.00995293432
50856,19317.578108313384
58522,16483.80471085239
19610,22464.172035502837
36027,10581.58409755503
62580,26553.410776074263
73104,13407.855717945391
29862,14781.645913805727
13556,23114.383317910586
15598,7502.276076502243
63606,8485.723235271169
58189,11401.130254432514
54401,25973.498181463103
39931,11808.513538475356
92502,17822.319969310807
76316,34684.757467932985
41515,13566.670669057261
24362,22556.037537706812
97234,11433.035145306589
77318,22065.31267794964
78787,26878.37595786933
43676,8055.455605986217
78039,18438.302094623734
21684,11112.45997660172
68321,10783.146963301493
68267,2742.6717217957685
13529,9466.911157716131
67285,13779.878920383107
42385,10797.430307236877
24581,19746.489072004537
46422,22473.85213882733
81220,7864.667063092773
86750,10021.810851796105
18146,22230.124476368223
23811,4684.739639654948
62779,19841.96160569714
54559,19312.711724422014
62834,20756.7842511814
94557,18060.864085827136
81816,16171.436201482647
19953,14346.509770893808
21303,7753.859926491328
24443,7284.544482520785
46525,7383.404550136083
32362,21346.325192121196
28360,16153.909119518146
79595,16768.67174339941
51629,20019.675574139015
45067,14620.379766819842
69984,17449.871367171814
82582,11937.277983567714
99650,10922.798959663025
32947,22431.524812618954
98929,11012.90231547489
67650,25875.24317712279
84725,19027.962174979508
85133,6396.629392925082
63373,14714.526330282944
75611,18930.970296824875
38050,18799.124067689223
34465,6648.633880708649
57590,20533.824154819395
80581,23871.669368561794
37317,15910.99803045485
14018,9297.383670495146
13064,27709.159009764197
57786,8480.129616561198
62808,14341.361890430373
73155,13863.669353057314
42339,25816.317820518052
59955,7110.806268648501
58007,17372.51964890031
27200,14979.778120876861
28194,31485.149370083163
46053,19992.149871580994
83381,10861.725904640996
46047,11641.806882011471
66627,19540.81916030608
99136,12956.265806796817
13059,27128.122062099334
14344,7931.459994352912
25017,21077.388306983652
37381,20500.600990629333
55545,30996.337444804158
42336,13307.97983737867
77836,16231.246731889825
93151,16915.788120419333
29578,18098.278669004863
29263,30410.686291582933
33923,50934.10455897472
43018,66646.41523220713
27606,12926.595021402825
91080,22480.21608773937
56239,16273.257396531673
48128,101024.17350773518
68285,5491.787066348503
37962,31715.11666447154
16721,13816.083570143252
36800,13962.367881543832
76306,41645.5913998302
81686,10121.2849824765
59375,8973.832788385496
44426,9982.351733935066
82338,9994.09685867069
83902,11291.885723434661
50186,18285.66016044577
88444,11713.767309303092
44917,27616.740907136194
57378,16808.727503397095
10592,10972.343480688658
11834,11241.18660610864
63322,16025.450048332219
55422,9557.505256611228
55727,9365.3223085549
37965,11636.616471700645
99162,46146.234652828665
55019,18685.584754698888
81712,18126.491840118284
43354,8366.450614852067
95288,6995.103578671065
39260,21039.32334088886
60448,41012.96049641914
27140,14133.798793898455
46261,17456.49837460277
46191,9534.198308488298
45137,8374.436935162761
47389,9412.725841347154
95001,10484.665905017551
69871,13196.879936956642
83336,8184.5164690232705
18680,11377.07220299611
32685,12652.257633110192
57823,37868.39885013475
99032,21343.9386779669
63157,8268.974103671682
36646,17799.41287740077
20702,33463.276844436165
28403,22966.2294858831
39642,19007.100742744744
62654,30850.651574149924
92992,12858.06985708054
71940,34719.49818606065
11420,10632.130521195844
33841,20250.487906384515
89059,19863.892239840556
23136,15207.639816608247
74814,6576.0759906646435
49141,34839.894488863574
52486,17116.11277346515
39168,8543.292166715806
95949,17224.0367529764
20377,14342.340347355734
38960,13808.422306748249
28849,15118.48147834463
82423,24358.425422152177
73746,19162.889135412253
21242,26704.74396931396
76656,18044.063160357306
58214,12312.99440942791
23102,17018.0357100463
30549,14846.811138432819
89362,34260.414945181445
11263,17430.12999043982
80243,10281.70415923914
47698,20553.276946944035
62634,21430.013535284488
85081,10129.01028847928
11688,28773.192320022612
65141,28867.59086110779
50729,27905.39925422529
24650,12841.171257234702
51504,14789.733242592198
18416,31379.467787492606
85207,9591.630403991509
85343,21137.21999771747
25622,24699.48368246213
25230,8194.814782766944
27739,21343.76117980005
48222,8084.623978672325
79804,8936.665581353398
84150,12799.874792266137
65400,8929.916275730977
64859,9728.23044970683
52598,4671.025841919045
50975,4969.653962386412
94875,26671.168993571715
96268,6007.178201751311
63913,32907.94320216121
81503,4611.403697464293
24763,10321.262412498761
85553,13797.04163509817
80104,14592.961459996566
47310,5734.152552864365
61743,20553.862204223522
39836,29622.887264747304
14347,8859.87896116158
49434,9703.160486771223
51116,22990.18966436468
28853,4932.321219215022
12911,21700.63042528895
87366,35601.97239525219
43838,17245.12017633789
62084,6679.716959521844
65565,22703.626708034943
99286,121752.63687608708
11040,21950.086975109327
82044,12279.78745550134
42544,27028.678520111964
94708,23725.974497257364
32753,14281.420352924635
56324,8030.987618540999
57914,14328.040032885003
25409,27818.408442568634
64578,11280.68602846054
72486,25251.863550817507
24758,7706.586517761256
18038,30151.07274952517
78105,6512.679301591414
60593,18410.537716357474
71347,80500.19162120245
51935,7714.689629242912
11352,23156.856599449722
27603,19860.275147146174
99581,32432.54594305971
94809,14483.63694841687
99285,28022.061748347485
78735,26793.45819710454
59590,11478.006775419599
15577,27749.760703870837
46936,47395.332643118
43239,19350.663851114714
47191,17713.648101965093
99770,14025.062747505017
27399,14861.43236699351
94077,9572.267947518465
44447,18382.795207458963
20653,20852.227256914884
39289,7827.1906665235365
88357,19736.3642764447
36717,26631.324332968077
10399,9131.272111255304
48396,16402.137311844624
30449,7322.577389337455
51264,19365.38704600621
17239,20019.313900598365
86800,7461.090046279811
91762,22176.302194021366
60891,15426.831471414025
92837,10688.162563157695
38990,15092.402994100463
33495,25980.81551410615
93799,10723.995467638342
40421,42672.05286956974
89988,10249.522861080733
83699,12889.409364134852
41737,14062.17973581446
68048,12200.429814220417
37434,27975.466698334312
98838,45541.80683627703
20942,10631.327043897258
77822,13799.981634499378
70272,19937.907654681603
50642,7613.4390916185
68821,14408.039578867394
70914,15412.542196491146
27359,11362.16205862986
87372,10236.835042027995
23288,36338.070194305685
91696,25531.792221991196
96232,8572.202389689119
38658,10235.362177780262
50053,22126.15435454896
52472,12848.798245491347
73599,7437.5111305931005
92062,25081.813083407942
57079,24226.319242788486
16121,11583.300757675483
14476,21266.73368205421
48080,25107.19112104838
91993,17156.349050923116
13416,16359.394147461016
97458,2373.8195523686954
25430,9113.092348361868
80333,7006.93710901066
80180,8084.623978672325
78670,9002.581976543748
95390,21233.630196124417
77710,16204.294441520358
49082,14528.602107892153
76864,7694.7603239935215
53390,19347.462841530098
49047,8300.40359543324
19681,25861.412911657233
26467,18944.73279828386
25470,9704.697857814223
62972,8744.869094953126
62197,12131.509760731067
26733,8690.006029858196
99984,16343.666597491047
72866,17158.426096982355
71878,31216.12749038639
97379,38301.9779871762
68877,12581.93616289951
88841,14332.484760429164
87609,7533.5306044100125
30770,17699.670170854646
90759,16217.550613583559
13751,25200.415647783942
10934,20484.72004467233
77619,17521.18516004066
52811,17323.113686799064
28459,21207.451177357703
11446,14059.887427305783
48282,16840.466609227868
41640,21687.46739341038
66438,12890.511430335626
99630,49014.5643122433
24506,48033.36974193125
20504,13085.391508524306
18962,25867.245976088518
20350,49756.28536042307
81591,10736.87130332251
17642,12658.08984798985
99347,14611.071325900088
56823,33293.89953793638
95629,27763.326162888952
97710,26134.620232152112
13718,13611.39424802165
15350,22502.009951417458
53425,13367.49697416795
38309,13800.265424128575
44026,10295.971286677197
94693,18414.06430741293
91517,12318.029036051594
73372,18278.82040765185
47682,12027.05833743314
90894,26401.040131366713
13113,6938.6449472669865
38504,4934.519877216981
80035,8424.668797484259
37016,15876.498085997056
29664,7806.080479372649
79076,9786.200122031069
54626,21252.188370973614
27887,44728.32007506664
21137,15670.728242556937
31699,7860.4952262568295
85862,19371.701226834106
73881,6339.570255335171
31653,21624.002009674427
41488,43368.06500044443
28392,49850.59331751659
88159,12210.689329773993
52990,8200.813415236866
43734,10049.840821425289
27544,48248.017534936014
64555,16181.243206976387
43968,8513.624608916862
57977,14446.696165236292
83805,25496.24480670564
17586,9643.826684598673
48422,18872.456335197145
48710,21186.07681566777
73071,5181.097991002902
96916,29135.684071734675
24936,16886.3935328269
70095,16660.107830069763
25273,10417.119144536278
81570,17929.998853109457
79121,21872.95105822228
38512,9946.756713378501
77000,16206.628028032703
86052,10376.834730568851
63810,15839.448870217964
46335,14207.083008623482
55845,19094.24916566694
29252,37227.75442013773
68719,14879.744863957769
42595,11105.89690420969
38909,17032.56573583562
37790,19581.911016435566
14167,11018.766123460591
78560,10421.34745119363
67195,5002.669874693891
14374,12348.003503550572
39882,8267.739786691007
97735,23138.67531269343
84729,9873.539987267151
73229,9088.75296574051
30257,19202.67348003067
98140,18926.14686518792
14863,31970.705973098957
65834,17881.711679039705
21343,16690.154210930872
15886,5841.571220756539
48209,6092.063365984648
12171,19703.465274186918
29873,27205.576298853826
86784,15747.098828600472
92156,10449.016562294753
91185,7425.092415341804
81613,14424.652390595655
73109,21054.900936589413
96538,34047.43743501591
88853,13651.428979561533
65806,7186.545327450856
68624,24836.48555548111
85738,22521.650560995207
39363,8628.990328549518
66339,12846.178836184667
98414,10773.046394257206
69560,12936.935462880114
63329,9105.226773465336
24784,18750.31268315916
15380,7432.723001835295
85347,28354.381497267088
53811,9670.43301478507
47012,5308.246844770483
16870,11956.871462269723
41742,12335.092239216305
61724,21064.681294422513
44521,10306.204990049591
63541,24297.394508090292
41539,16373.924727075486
94647,20412.012691463024
80706,9510.564014406238
75721,18802.242376770642
69437,18518.307097874385
90854,20554.38315521176
78658,11318.686563401396
20089,18790.56945106207
17667,9232.796270155079
77162,10077.91538290746
81571,17963.863643248067
64751,15992.124920785078
11481,12413.910024248515
92700,15768.491679284783
77028,9861.342860648541
55095,14333.833478497525
45797,17029.34140230216
31070,9213.378814023603
62463,27684.52413389182
79227,14646.02631614358
80750,13220.873506589349
42376,6625.311123026788
65605,7226.9257510051975
22571,13260.195989455882
20065,10452.607159176117
23211,12390.69000267253
89048,9015.492944178843
85223,15772.050926590797
16517,9625.326098483378
11534,13400.045098297904
22457,17629.8106813601
53571,9133.2903478346
97708,45733.87748749451
66356,16303.113333268018
25028,6926.656378810823
11413,15606.594592356161
19302,20633.050516908756
13105,13748.27330763764
15087,15473.9739898526
58889,9298.903750227795
90018,21743.91043784783
13393,14140.086390950644
81605,14264.633854158805
62889,15343.989157132939
25863,10939.300963676986
42181,54971.790320203145
21874,22203.782195696916
29327,12678.278806770777
86101,13064.76288562622
36204,13229.300738875303
48675,10334.901990261507
49173,27198.483011045602
97972,11547.222858239733
39278,28478.016724401183
77058,13762.62633767094
29670,29969.097537153393
33146,10097.369988333854
42384,9959.14038963323
34880,28975.715241012782
44759,20319.18742115507
30739,18416.84929860849
33209,7780.4014418466995
40405,56723.116135887525
91015,16029.941523971811
68095,8382.014186113682
77047,8712.436154944
95752,41378.491798688185
71464,9625.840628479047
76290,3949.4290346283524
10570,17977.011046337888
44951,34239.136883967905
68375,13520.843231322935
99530,10829.081948467869
77848,10035.699483483986
41576,14750.721778256928
60985,10945.333456999473
60329,19570.178463575445
69870,14853.216072304444
33808,28132.198098555808
53824,14388.72216953331
69947,19084.668526941765
79650,20138.726485442832
28028,16241.881977959749
19426,8650.067861248637
95651,15629.554178732382
45424,17594.843780519328
64479,12638.580401392177
50242,19584.535030895197
87284,11550.21178266709
65938,21790.411192058124
49183,9504.321422087563
73912,27616.338070953963
15187,15829.91711107826
23271,10200.73032395217
66916,29628.918013508912
26336,7572.281965703227
36947,11401.964045128192
35576,8799.360419255143
67302,19604.00847102066
75116,14366.548051499416
52542,10729.385001224393
80707,17821.69921673138
74152,24671.442957820964
60116,17556.965232677456
91523,15372.459556713045
93387,22885.517429956722
37357,13390.834690866865
78694,23590.186097156817
42076,24306.64518598927
39922,10771.141991821212
63325,16007.562438391917
18604,31132.025167318727
91107,7513.340156539423
19848,19954.59896066809
35030,8415.136951700903
60240,13787.64618034643
81183,11911.915528513102
44325,17150.64840554603
93923,6921.765729388491
25878,10624.035346687855
63703,12725.614419008498
36187,8876.71905966986
78693,20963.958131297688
72943,16992.82326075703
23315,12150.04147895721
19522,651.3336779017445
82934,18226.131563772728
82672,13371.42880824607
42546,5260.088404498387
22758,15805.052277613817
56961,11254.681443265032
11777,14978.073273563215
72390,12897.967908665305
94354,18912.670036408093
51150,7271.103968512238
95987,5346.02598296002
31951,8802.503587613266
68772,20613.133752598504
55183,4503.164002692636
10402,5733.31254223589
46311,14215.197627379777
76192,19587.130280654077
16968,21103.91248271903
62548,22468.723439855996
48007,7314.670157856486
60832,9924.672850960394
49801,28376.29644977031
24726,9039.617773788665
16494,28435.916342231194
84626,22400.615921194607
92674,5992.459298895394
68724,21484.564592919472
76160,7238.766067180255
51073,14694.56230607008
46933,20363.9454973844
53994,45768.80500825379
10131,13970.141594798257
67351,35587.808302864694
47324,6663.017279588643
32571,9268.565835523583
92564,10212.74487137076
78457,15226.311231732858
74204,11601.938709326576
34960,22510.3671497192
44436,26007.14808073099
27073,29990.726911756305
50488,18628.28329868402
92989,30603.4559181216
43210,28046.134715773514
81329,19837.046106264705
63280,39630.30299358345
30716,25082.73794930801
14437,14704.716692333915
11966,13237.58956320694
45044,8171.049945086663
17466,17915.70098638258
18157,15134.151242992079
82494,12434.064309291089
52178,27784.37511598749
69470,16085.527199720711
65749,8523.101839226372
33697,50264.60136338118
26063,12715.244547934053
70395,15758.382991844488
41071,34729.00555770777
15404,3668.5249326688518
26511,29439.838048098936
53534,7172.028179198083
53559,7386.225324309193
35948,13847.8653189229
21240,17617.09303635523
79158,11590.410477389189
91187,10441.825267256947
37536,5712.778786104087
36815,11609.116708599104
67755,16806.720198397972
21843,10036.755030734614
98806,27597.856489366968
76621,8530.216100827593
50949,17029.32238207665
43250,15380.519618546863
26986,14683.012134101786
59358,11258.210603364596
44334,28216.542721912447
62848,14666.19917354727
61519,5339.083889488347
73528,17009.782616612276
88654,24073.45182558985
98402,44003.948803493615
11735,19241.004669673464
65499,26043.220288211647
53416,21196.794052328725
20081,23077.203575822023
87390,5135.802984908465
50515,13879.924491944485
56134,20912.03339034041
53879,18789.963653109673
42691,8414.353256973012
82832,9047.928299058518
75212,6187.022107468485
94838,17928.250149867126
29872,22751.555370265858
77801,12691.16631477268
25106,15069.490560496602
10615,12940.946824624385
34509,6990.5072077420755
53263,14886.55103444248
33319,12243.31880273958
56522,9194.798224471206
56772,17006.716806749406
64252,11136.318604024553
42094,27551.538898447383
18835,11791.330303033255
82632,15274.790186768938
58653,19529.428417141145
44088,9807.844763641879
50386,14673.695293575021
30171,10589.85738523236
98990,8011.682899688281
54642,13931.371556540293
76880,19650.37994741532
24130,11392.525744587845
37404,22425.840931865456
49770,29334.83806874534
81076,35128.33777187274
69172,14801.46419800952
65141,11295.829751687244
59816,31999.286868019655
18805,24769.82115573629
62408,10589.49068270842
93773,22170.206136079385
56776,19569.357872215427
90102,9795.290198062885
97295,5796.5105258541535
80827,5125.586552864346
13074,16623.10352665791
48583,13636.223316504756
85069,13129.979689402573
33236,32161.04146265612
90695,23799.902082616274
30681,9553.502992497051
41829,18363.131502656313
28104,7370.638074264552
51303,9337.28417383392
33153,13191.278556580739
26412,9065.505126946198
98181,9620.964484359421
30590,18897.955333259844
81399,13300.41631827666
31559,10442.312294556305
73968,23026.740656260354
35413,20687.691460924747
93163,9215.534857833629
26105,13696.672599716834
77114,13266.360982622293
41691,13152.774382928998
33666,34033.20495688911
20355,14569.836127483493
51280,12503.382343882366
11324,18506.752085834672
71606,12037.389816195491
63665,8048.796098153409
37323,15849.096269064716
75149,24324.47630944623
50519,14364.649674707756
12769,16698.278304180374
22373,7608.02665280407
84643,13379.41580966652
30193,17303.682089117054
63646,13485.915810389875
69124,18557.426063897532
87664,16066.643427869929
60740,43164.78460783721
12443,12825.178257141344
96617,17935.053083150357
89778,11288.922924006216
90957,14209.198056652449
96163,8348.001309312247
23392,14329.769323236906
94111,10604.021865912915
40119,22024.92339561147
42909,21080.19888772507
49122,15013.553244014802
64207,12544.41482111199
67985,29262.017098183875
44677,43649.35465061023
52858,24999.890744041517
88626,7785.8071558348
96130,27232.3963462987
27897,8236.514052004175
34577,27607.74888565911
51296,16822.910236672808
48243,18495.084348115353
62318,15966.41902482244
41669,13165.051988491512
58036,12994.886822697692
76479,10145.281907163415
87122,29709.03006789995
49667,20397.81856956361
12333,24754.57692581001
81137,28173.121031448707
94885,43635.3904715543
51839,26216.821402101
15006,13059.390046181796
69693,12973.054626188308
91125,20709.93987639111
98034,17619.019229770776
71263,10216.90220153658
65227,17488.908512191578
49912,13587.843778001317
78755,7821.030639713752
54592,7580.933591089259
69796,23264.129682880783
53311,41598.27106356564
31735,19080.283799745517
49505,19543.649411263432
79541,10344.244622145407
96328,17049.870630957164
10278,16725.99116013065
39987,11206.613167239455
69344,9333.326495654048
76306,11104.621535646324
14410,23283.8321592119
53338,11717.928585207237
11320,10355.175959837892
84194,9887.465072429037
85017,25069.449168219195
96655,11793.762686166167
67671,15419.744178094612
53916,17617.56460051888
59992,20690.986155814808
69452,9457.04494320729
69665,9825.400782773631
46039,31731.493346754964
55091,25691.505734588016
69641,4974.519551109826
62816,9435.920470430516
82269,8126.6997488494635
72337,23468.654207197458
79341,21366.511552982334
54530,12650.922103450894
56812,6920.74061192981
66449,13337.103876474299
26442,19277.97867824989
44712,5470.687820193563
79171,8388.530222465397
93555,20680.4173595997
82742,28308.911400205834
62196,10216.97981439278
48022,12541.883801453343
18710,47881.3464038762
26161,10821.755466097367
21144,21576.894118509725
57218,18123.831150832713
65208,18446.88083332802
13261,5527.705441319018
37114,23304.719112500603
33461,9727.6030060044
14290,14245.260293420111
38023,11952.963909473197
13123,6290.053356076578
93118,18269.022997998087
98160,10733.156100134023
15226,7134.454771508112
86303,17581.919583898332
14677,22664.544259666145
53903,18717.288544373343
80275,21714.04870287
79988,10982.630984858653
88022,25901.035017203703
76940,22102.516010321106
47032,11836.246010419372
60326,10059.65903792926
62394,12548.811421000573
75505,11160.412302612476
14007,7584.874121080602
98880,23775.06216749367
20376,22964.981879411218
58357,19344.48359016145
11680,16651.68153231069
89878,11329.481414823964
83182,16940.886861542167
30134,4684.140188585281
30336,20000.160875065838
92109,14962.604691335855
31263,17369.083697856662
82316,25489.676549886462
26312,21571.69113145234
79476,10944.618303344956
46139,29846.67817401833
71987,50427.18532820979
12703,8204.160476680594
57594,7649.946761058638
15511,22971.748506674827
64020,30237.06785855788
62501,10479.239096973124
58561,16608.714805576918
42838,13206.540376284946
35384,11238.494630992678
85900,11100.83695113939
37367,22257.47807397646
42909,7548.6644887434595
35687,28014.244879307545
21592,12580.266490903772
29895,4827.569809608578
50725,28781.736168316624
87463,10545.218884715723
95295,23170.576083279673
91627,13519.465161359334
41226,13108.385931257715
36147,17301.343195180474
39601,14948.359796324612
85819,14601.19314439698
73479,16886.31249124348
55560,13182.39961272158
71469,11206.126856678202
10949,12044.29659520305
88651,24780.830748142896
52971,4607.109000343997
74808,17162.295632641257
40131,19817.033702506684
66489,12615.101545165438
18540,8229.455153879167
90483,28336.40089424592
97878,18106.32124499955
53060,9365.163336639831
96655,19269.93448091927
35068,21199.164617043807
14231,11685.538996489438
51164,26384.908569625404
36351,11159.241182809008
82699,17342.687449256086
63152,15703.866670033674
26073,51596.42128771783
66657,6185.549865126959
92434,14373.18045697319
28851,11126.115328897627
51272,12068.214099206722
70588,14178.28992514708
78888,14778.477187448978
71434,20633.36078170099
86510,11055.040665998646
23042,10406.949134101213
89172,10734.800662848378
69951,9884.034322468564
12098,10299.50864233448
98298,10344.38546309283
36255,6747.854569987117
26782,39134.93093913274
46426,10861.017912274772
55195,23789.82251125986
41896,6904.457624957729
96982,19527.881019734123
40835,9260.541056321868
47353,17492.459021678605
11261,12667.635055932877
74789,21376.91405790245
14860,26402.78866339459
93848,20435.85934804751
84323,20497.38033072448
62262,5817.546868605286
18692,11012.117423007203
58416,12133.461880006964
60378,13940.150364934427
49256,10238.052312748867
64740,10663.238889063852
28368,18708.458800257078
18185,30935.822983521502
19493,8578.699246243797
42975,4894.644079072572
34052,18572.514367343465
68948,27419.139589922102
22097,12131.452643074874
76868,51051.40965774084
97149,30262.200223744334
77289,6103.493884711053
40940,9130.037685595238
62104,12200.06739236975
96109,8051.021433534608
57869,7441.424885763901
58478,28746.34194037059
33281,55580.35263986117
91545,25180.242528782
22924,15805.412861592247
18397,6950.178945049935
17053,18060.94268506275
72350,16609.35772833993
30976,11878.404709723094
28546,10871.18077323741
11570,31850.61769819841
40756,9491.098532868316
32834,11847.693087090336
93566,11191.002737049552
35076,19836.451666347366
13246,10551.63091868676
73032,8875.027482272166
68965,11353.560727095708
91109,18853.174794463357
88955,9139.713458282971
12102,24973.70972736602
50545,19068.421415691846
70023,24813.726516715535
44632,14120.064442409135
68462,23323.603548942825
32461,24337.506887497922
60184,21262.47653709989
59654,12749.232726137869
34887,8361.293435781708
40794,17909.86048644817
22541,7959.342210744066
49507,8967.878614760933
80437,11671.020642595453
45997,7805.673187592156
82258,9995.716186868169
71047,12652.257633110192
48320,19786.298193670977
78320,10963.197303458466
12517,16400.097537088008
50302,35114.84624359683
90016,17996.69169214957
64497,15982.818435814506
35485,9608.882513087387
69001,13501.427304841587
64418,8007.542082953587
10803,25546.646754870366
50360,18264.16026961527
74630,20261.417653693217
49633,12401.884792029607
74843,25982.696900259572
38473,17285.341087820165
64593,45835.91672516741
75757,22889.510229955784
65738,26757.495144487766
79061,18948.99377288977
82130,13791.04567258524
12555,11991.939528134202
44998,18482.36835837614
43426,29394.405412195338
22258,10415.81629408508
58102,17045.563830968895
50696,24925.75474927694
39805,20077.146095202872
99699,9703.87166269126
17359,12751.39350603976
11216,9606.725458423783
25361,12568.614989689206
56405,13545.38994021741
72247,7876.366220719216
38299,13224.288577171224
11556,23869.1279713149
27433,12795.321416788935
88368,45023.512607544195
52280,13105.81740973825
54858,17086.422741172584
31422,16329.337062492086
59543,14759.78345180758
91551,11180.229964504771
17427,11577.992487096184
42866,17839.79556662952
48802,23089.513232180874
74199,12833.410157734179
22075,9771.354433131612
89823,14537.349263780074
26510,7789.5115188541695
10431,12291.08017072074
59538,15153.889758114916
27507,30029.530269903007
64204,26023.82551793482
16405,13178.625363673498
40891,10253.352204150779
53437,23492.027521100536
57396,8559.754141359914
18150,27116.06450627888
97905,14749.932674032028
61992,40000.950067485865
66381,47616.0184835875
97441,23491.943940671426
71941,31205.63616642511
94101,25894.248572918015
54082,11339.558792937149
72113,13152.180971920863
19540,19018.287828439064
92355,11173.75624208834
73431,9838.403372760811
86042,16003.09792000811
14784,10972.950290864183
42904,11368.811471782257
22904,19274.42659372016
62075,13697.730620448598
51015,55038.06331532887
82737,9447.76534735718
39679,5631.992552997121
21517,8402.618287277686
36681,19571.815947694668
52506,15126.5975686892
20683,8889.267619161626
30394,14735.879918322802
70439,21949.1234087116
75976,18531.516762463878
72974,11727.021127344758
51230,9859.584835957192
93669,17627.103517339234
39992,9772.324256978169
14234,21193.37134828769
85757,26929.737855588748
35006,19526.195615802284
56311,27982.243976312413
70673,8416.316783508177
52383,24353.219612032117
10792,6865.103572335653
78642,9251.673781170188
25646,19311.12338892254
55582,16589.186844844047
38274,20638.5101576716
56160,13870.64472256941
76471,23239.6662303825
42237,9248.535655435004
75206,21376.599365728347
57258,12216.328121874909
17959,13398.093368774287
22002,54770.62318379649
96511,10439.739206946571
90473,20356.170534512035
21948,12831.834260240657
56780,13632.781434277818
28621,8609.239826999585
46448,13911.795054094371
29167,5961.826118468529
46844,17346.296739757672
95441,6833.508462624264
83281,10401.332216073391
98914,27062.949781408617
13268,11954.379373294723
28086,8556.890885751518
81589,12235.923310806607
85305,15549.197358228723
15433,12576.855968921864
79713,15007.450242652842
30677,9413.844044562975
40242,15957.247257860981
69283,20098.652129668688
26735,12709.642862564528
33705,10327.98010406318
94749,27796.454152279373
87619,57067.96457655052
21937,18696.406121984754
21825,19308.78421170542
95466,22383.50162563345
14415,29658.90027150278
92059,23458.51319459878
68624,14916.078858079518
51611,14055.113856886508
21099,32575.972835483357
68195,3169.6320507344117
27133,16307.999851388686
15616,6713.659478438845
49381,50288.21564193098
93052,10795.268460731955
68383,17260.95258273109
26454,33083.76196577746
33165,11679.339578309773
19779,10125.018481937635
99370,27282.13481677771
24006,9652.743393266079
42657,15265.107458825505
23083,11157.255969125104
49156,15530.088158484094
30393,14906.885062896341
11210,24257.911315680263
98074,12136.197982660386
45781,12469.086801372827
24787,9192.4245514273
66441,28337.36057846102
26506,20916.741911634883
93062,11758.5644929572
97356,10528.200525486498
66399,12152.145611904682
82024,15369.625070172617
55000,21583.268589551288
68455,13012.658677982621
47233,10557.173232455592
27812,5948.541608626534
66690,7633.722190895976
53739,16184.215785454022
10045,13761.398258174166
57895,11710.629282648333
46808,22329.20715400112
49211,6336.999432059638
37518,21255.701715797284
74293,11485.682337760169
52609,13791.500006080021
14811,42196.937724644784
62433,24533.345880666184
42504,8392.454611990232
84476,11298.117768630615
63969,18083.637490486723
96136,15320.900816272842
76502,8996.374451922751
44976,24451.98628697845
64755,11279.211535553248
64246,9200.87686987454
22410,15549.626923613932
39748,16241.85828155539
70103,10428.418963595012
99663,17738.333750350863
89724,11197.038376943849
89176,27362.536300538704
63580,18284.80098358209
20976,10158.246430558887
64743,9697.692139980663
32372,23601.018640427035
16476,7097.95855570288
33941,16706.966112995022
42262,10863.771732499004
63002,6556.719230075816
78002,53764.30783836199
25408,13268.334982874707
94667,15884.326242024752
97330,10295.971286677197
53444,10695.086915972544
52640,13446.03415255816
34385,22240.751742147193
85366,16818.643295986367
25352,10131.129428188007
40338,8874.959327131506
87156,15254.144932519182
88851,17316.07499825669
44083,20527.022742641624
52741,8553.170091594411
35430,29802.931231722956
81061,6381.2381489181535
56464,35840.72964640903
34592,12616.401056840949
85929,11427.10229930776
93374,8572.467927510628
26879,32713.960992186883
93839,19326.163344011886
62016,8613.911858005002
65230,16312.340007789328
16581,9138.600035077503
92393,19575.89833335199
75692,12191.896198883933
55852,30080.874811384656
55944,12006.474404138111
10697,17262.314608644283
24756,10186.236950044793
49336,15701.217503885628
92572,14569.836127483493
25119,16629.149107404148
98719,19755.24215170241
98658,8935.095910802007
50506,43465.522741889756
38005,29696.23964851622
79752,10403.463850904907
40306,21632.039215849116
51264,48790.59201868366
81121,18437.19406023924
16377,14300.933569946676
81363,9917.83220315246
22962,23234.440574370292
66262,33536.8860766075
35449,33448.56134353274
14918,15464.523513495647
49384,11096.27219883872
22224,14879.17735661821
80394,11102.68471139591
14024,21095.783659392207
61562,13526.867873864128
88266,14010.475101839715
88811,13188.779185949239
99116,20312.622309925646
77366,18997.045752980513
82339,12242.355588458324
49027,20525.369919189063
80834,9856.106577072398
60806,18306.884369430198
15818,24700.828107815938
18376,7434.63617862548
92145,11497.612426409334
61832,13676.771431787072
34108,6579.262176356537
23014,33658.682918988874
67572,19470.566073642007
16500,33889.1587286711
77178,16244.755387707351
81219,11703.39414601768
77221,9048.758681617279
38505,16621.195775852924
81558,10206.390915702668
82980,9771.226221582685
29983,18044.74073358276
71722,2293.9012057127948
66155,11988.905355382976
70933,10797.068085778203
27742,11709.503559782755
14361,30776.413593045065
38293,18791.101279035225
89302,15918.976711570529
73641,6456.102852216212
81522,22402.050094473543
49278,14678.017523949211
62196,2803.9830441144004
38092,26541.892693537426
87025,14430.274613119811
57850,43521.34902567975
95473,11814.1707592989
90732,16100.964280698774
52289,9883.528672815088
72105,17059.652327611107
87352,9750.848312229871
43773,15097.100448680489
32231,19581.911016435566
48090,7511.944193866357
80663,9137.154970889907
54373,16125.842191713016
99845,10442.822585503622
49757,12038.655100184194
90732,14216.089176633921
76333,15452.157820753238
38007,5814.510935894537
36147,8631.422950574311
69438,12158.973671178359
94123,21176.846524216264
79696,14936.419783962287
55645,20814.065397493854
42156,30894.992529314175
53284,8234.166243292007
27076,13474.881583288361
15325,11259.764115550839
89221,11037.582570804941
67472,37441.628645886434
84883,11022.163058630653
66831,12328.262764696854
27464,17432.96961231893
28972,20562.11307276922
80555,17674.074832311093
78639,10355.148939152428
75172,26833.669302468727
85767,13420.974884948644
99777,11182.742927818264
36314,8259.301034816843
15809,8994.280253816898
46478,10383.893678411623
93904,8073.778851501547
22226,8482.8992533787
47035,20657.94783031607
55544,29860.578651820957
69601,11629.831481500736
27771,8795.295302593455
85727,4371.547766494539
47648,9525.900144640831
48081,18949.34534021515
74616,17859.591623720833
76305,26372.79322239344
82563,14524.360854841674
61219,12299.027154464999
41543,8427.462757212257
49786,16407.304179562205
62258,8255.498508220124
70185,16508.172588581467
44202,11970.248068693372
16319,21703.928656760327
44900,20015.209344825562
76809,8729.055737657913
98037,29358.865012593633
76019,10318.992638351496
95256,47010.47100365805
34710,9380.605575826228
81528,28110.26467562459
90416,31898.864963586188
37705,12859.090279754264
43434,16931.11025683198
15732,25759.541830902494
52582,8193.927172068861
55000,12258.963212690436
37096,7734.359705374993
25222,25442.614269673155
73408,9604.569303944976
32725,15721.499160076322
79321,21378.88631482304
85456,12849.241621847961
16582,19502.71376386095
57226,18933.642384937986
13336,6022.570547917099
97629,6296.100144655982
70443,5568.995039303516
75492,2722.6838877424343
46397,16379.178375975813
85926,8817.09948326333
33936,8255.736370237782
35056,12540.899438322322
38322,12685.416436343512
56807,4575.582813637677
29686,54380.35321396045
87461,12993.571037464879
40825,8800.937826945217
87125,10580.40098416553
45136,31113.19238657068
99294,13258.849270580882
31495,18900.77011049573
34976,51743.69226948542
15991,10032.731863174493
66507,30240.662376725304
65228,21627.088430772437
33556,7533.618924806899
31543,11825.551465501867
57637,23074.891603741926
46867,17233.53102134036
88758,9907.518755247005
93088,18809.715968110002
35038,11790.238167672629
35584,7850.2509335641225
56272,37064.90343602626
90991,8663.071747011709
59270,10029.681185429155
58869,8231.251616109437
40358,12392.851890234302
74351,20087.9277008026
40140,21472.929838321805
61499,9586.155144703778
37067,22357.115769091317
50173,28073.145241099657
39113,8468.567748819005
51819,51048.882508426046
29713,13191.912432557254
50384,7835.159593260716
44777,3588.5318638096414
41966,15165.216635941588
47690,8534.7571490699
36661,12569.97902791621
92248,13077.311079228417
22952,15515.95808733623
73508,15233.028692047821
41396,16955.968399684873
20712,10690.983829490904
93415,53777.71343736801
49157,9989.910148489982
39564,34516.95624802628
63299,9258.461631150401
38142,13912.348662046621
55014,16187.207505003822
28404,18824.65287636893
70641,21118.1224197431
92194,9956.037600646818
21235,12525.694274452557
66050,20515.535192068626
47206,30358.679772125008
21802,20665.32198020468
74128,9046.916084209148
46244,9525.050175545637
16803,11808.407887574227
12672,15093.865623935184
30664,21452.37977862197
16845,26866.85531661807
97487,15976.465783125592
47931,10466.94280609658
34939,7770.032327751855
13720,12172.040216749965
18013,15771.79641806439
61074,13532.245549770181
17161,11216.28559448538
14895,28878.078118696525
36858,10041.099237741113
24522,10497.234674964406
57824,7523.258957399543
63766,13568.19651764452
42015,10176.708225682749
82499,19748.47837145815
31509,17087.141514761588
38423,21323.235452294615
43943,21664.293003769817
57763,45615.976682082066
50681,23215.47794155986
93107,8748.434455661461
44813,27186.783112303496
39324,9978.129665104669
37262,9501.860085034654
18235,13394.95147193876
86306,13742.172478221275
92413,25713.730000396128
13932,20459.18848278029
24574,29910.00617052894
66900,15133.040081396355
89444,45465.74196645904
97567,11959.598680816824
32553,5298.386377092207
57356,10130.81075548346
82701,26891.397406739998
21007,18439.547586370445
13407,18382.319737046746
95784,6921.981921999641
69490,20466.62078069831
21164,4420.569775643795
73839,20120.424983877187
33365,34034.106126414365
47903,12735.426203467485
44119,33071.027459480625
81755,33126.59525067992
66874,19608.128069159422
95926,8609.742618814958
12808,32733.115827208014
36716,10973.994769160185
50838,33102.75819308001
19874,8406.928407047018
93861,13495.657771293614
31334,3685.398678171043
15469,20944.714758444436
32444,27425.74580448441
59771,7751.589870482818
22902,7334.012023832374
62994,20256.184324410686
52994,17181.435155403135
76644,13275.647312386187
80022,13482.232000528758
25949,11136.942859161756
92724,9261.769747626317
85562,39701.592861055906
27750,9236.760532184318
24036,13283.714527237235
48411,16455.96915355918
43848,14014.19280176182
41825,14874.728612933062
33513,19250.64274686501
27016,11486.564076163691
12174,9127.42080292175
57505,6133.518186002435
96079,32838.92487244454
91041,8777.512361728883
51821,49829.79437987543
10033,15817.04385658088
55682,10164.33151433273
73513,11379.528490668243
58228,157.57579410057951
68228,19782.27962481678
59478,29801.880907409744
88120,11193.27132518155
53190,14052.620316474131
59589,24717.02191941906
30134,22067.617118609076
91798,7683.369730097762
80249,12839.330284249763
87303,9705.894465370879
70671,13248.589664754925
98077,28657.635385786445
19389,13258.88792257831
92869,8950.20384104074
67356,11298.118803680369
65361,7062.584026971066
80121,45607.40165979471
52506,5484.806703287604
48415,6401.587545013052
55495,7277.657817051309
73015,10035.49714760199
32165,30787.32128472614
53235,12678.385073335958
33040,29623.48930456763
79850,9627.06644678512
74929,15104.567725434179
96487,15119.167317460338
23476,17284.951266677028
26953,12744.410497978131
12516,7140.789219247463
90545,38925.17226261564
10694,14160.867979577095
21555,10122.831852904852
85199,18023.39177426738
50027,14350.178413745089
34387,9783.34828247545
71307,24994.924670832566
28230,7608.02665280407
25689,7204.419145551825
18348,19929.59230793446
69368,20856.178216027176
82689,22236.132174851627
57599,47778.81901325175
57968,9873.303586109963
44284,11948.879934906952
60275,28928.6052752312
15062,22886.52674031835
88200,9849.424598756574
90202,27641.041060013533
69619,23242.77199353569
50017,10203.608673122737
75042,29571.096944586567
69303,19591.751901431355
88990,15518.090810890564
72039,4947.760064026803
43644,32526.91102674257
91979,6856.189973417322
71637,17045.84161536157
73318,20991.30857002893
86579,21929.518002221008
94564,32632.811829754308
87429,13441.619319289675
37265,50784.867446016186
63227,9734.830609293263
73052,10420.781295455421
53233,24998.6190810119
99678,11709.30785342431
14033,51617.397549788744
10951,23903.025650117783
92230,7488.514022497375
76598,11815.235706958025
62733,12971.264854201952
61753,9560.819087316158
67044,11453.100813157478
63376,30597.877813516192
94159,8472.203570953987
63103,16413.311271779414
11993,22150.112537539244
46655,18577.97131221351
45959,14849.02589497431
95871,33288.78380589299
43317,9434.115597346063
89388,7009.52895394858
62744,23129.998429182087
64143,6917.687503903911
46202,32683.984228539808
99955,20881.226468487046
96487,41771.46785223024
34786,14814.365614591658
65227,10089.729111376104
29295,11353.569246029685
24604,21269.44697762651
52087,15985.908479031932
59142,16257.888293069158
90741,24220.48134161121
79056,15299.824473570454
49776,11257.523849770427
40593,20539.690797639887
31811,20435.983648209127
56277,14424.247948094628
20787,23934.480671962076
83685,10627.993275220235
25072,15441.68300113324
93954,9586.155144703778
21230,33652.274396366935
45538,21404.927395177674
75247,22217.14282724825
84061,13453.54307317232
46471,6042.959379046091
68243,22168.276477854764
15850,10851.666300260506
20222,15302.531785022655
11192,21983.614314092887
25347,8703.698721363686
19805,21489.81893340557
26838,7559.818120213116
16422,16356.72902417452
33903,33993.74235259493
80313,6900.926817253956
24633,16316.562089797699
80777,9703.87166269126
66559,10307.834892868996
38340,32268.17029166247
21351,19605.121969351883
65854,11619.805432106561
91351,28675.753152879064
30551,29960.348276298355
85478,6218.652235640162
27391,16813.423119486808
16813,14667.83170110935
84149,3216.078689049509
13909,17006.36010168887
30808,34457.4859875675
59775,15796.525972643543
39635,29620.382473227484
19774,25977.275946713256
61536,19088.721044135353
53449,14130.14774893024
24603,20471.433068437942
44875,33224.99487447906
13414,5857.620203491419
90921,18636.018408917585
46113,11644.38952178331
14062,15420.864020177634
73621,16598.56155567428
12821,23197.558481819837
59741,5591.1957700012135
44096,8744.629879445465
42976,13738.862084683093
86323,17137.34206910233
97372,14334.415714601677
56978,6254.385485225628
50336,10139.198120270998
27448,13233.159290431213
67117,23443.378473947032
28390,19899.770105667303
56862,7713.0850973073975
68493,10101.822377848594
33243,7990.043229569483
77010,12375.703728913599
83801,26835.131105780158
54819,28388.096846253466
44955,9797.256121172904
52713,10728.072301319015
32698,5393.610869476723
74484,11473.582110874064
58586,26124.049641043588
11631,17313.639738602367
14934,10595.177322656866
62433,41078.67542396139
48356,16098.782025923101
95225,8456.089541226982
38736,24681.100258831455
24763,39362.29978948396
45373,16578.984329723487
97825,17146.77577639528
52330,11601.242537067254
51368,11998.550350635152
75285,8033.94237396768
93969,12479.850592767749
32417,14782.532639955194
63598,17514.344193482928
19644,10232.927729816403
94089,16443.623098886357
76536,15679.5382834833
81207,12125.946458678853
69448,15750.929739780842
60938,29590.586831027053
28149,13640.45147087999
70376,10772.031137667458
33433,20850.905074118196
91412,22522.398221804327
16844,11535.952867784137
39339,26124.283831937515
69351,17603.757344786212
66866,10639.360155458022
40818,11725.701568640276
75650,16509.10746073948
58884,14056.801298135597
52565,17839.5343749616
59429,16097.239622542713
90773,24236.988798486796
16449,12610.978666138853
18772,11695.9865228464
89976,5213.181468171568
56596,16180.205675661504
75438,49760.68300398033
42266,12872.917285096686
55939,16575.40400321112
57846,8764.40439392004
40271,11645.078246744524
97056,20844.20628203164
13624,12425.097206745715
65018,8772.459040215359
59569,27664.28895400899
84587,19654.989433205305
34815,9041.649415531701
66754,4024.959401297847
18586,18587.244100744225
70412,21272.700568086875
15742,17105.46931819255
25560,9217.011901793896
80507,8985.302327355961
10153,32507.340798522622
57876,9053.542559590063
37324,27054.057275537256
71898,17959.26372324175
28802,10828.725020127913
65496,20498.28109221865
36378,11674.709003236376
45139,21872.939934578542
34198,18105.869047340115
31370,9550.580490724777
36445,15017.610299342516
21148,32202.388634501855
17328,17733.609562696256
85113,10183.241968433618
61750,6104.020028205774
16262,14500.187422203966
20314,24960.009553296455
43326,20991.10393204603
66320,26335.681355625715
93867,24858.086634046365
49715,12020.400315079056
62220,18423.96563635916
25507,7419.009105598658
81560,11529.826271435642
32415,10960.7515519087
66988,27565.69660747802
15864,27036.5775060694
63989,18468.911646691886
81958,12314.494273993292
29177,10208.268758781483
90625,12746.364400991195
60539,8132.672666854249
85454,16409.90852143853
49786,15510.713411819239
83426,7689.420130272769
94810,13458.471194940546
27550,14792.678009089901
57544,11336.747881488605
28578,22139.324995222465
84152,8234.625290312739
85498,15077.209818529707
31272,7406.8951800429895
57052,11606.625720101883
53320,8028.353011576295
97803,3631.9447203318396
88555,7679.207977696133
99480,14112.284599241551
17134,25553.15754190897
27261,27993.49341483642
56375,9508.811016479678
41913,6866.309890798642
10143,28781.00105856632
24857,10982.630984858653
85280,29442.5166810635
73990,6021.146093779376
16876,18730.138784824052
65473,7054.1200682509425
96847,6148.773300002093
82958,10530.197500794071
99778,25045.82956220948
95296,69971.89755296992
51418,21174.539501300133
50920,27503.557446116214
88723,14231.157649861409
81395,10376.657413238914
54309,26803.447258448374
84267,13121.828826112733
60416,17831.13579818636
67962,12124.716247772372
68115,14988.689087378014
99914,26501.36937748292
51391,22415.790803524458
34625,19592.972149253124
98823,18581.820477054895
61084,17788.22669560759
90029,12895.852644943689
58643,8327.391107884225
32401,8827.627634970326
94237,16819.648799171562
26602,13772.446071752274
42070,13329.147989146404
57813,13587.843778001317
61527,16028.657301528834
94431,13591.537632486044
17699,12684.184590297227
35672,30056.830098595125
59927,10566.267690285043
61610,19349.1544595418
60775,19532.972759050466
81312,18561.45887079412
88695,15793.1436789122
98701,10528.12525996533
75806,6995.020888545563
17324,41278.44804562123
64088,18125.54989084625
77721,28806.372406638937
37701,12729.564627719783
10974,10873.216104585706
79999,8854.604634405181
32680,17607.808806950066
43089,10000.952180116423
28819,14148.63262602224
21833,6821.781148062606
68907,13971.877670872369
66825,15525.994816964412
89850,12738.145557748216
89893,10738.532425447913
45254,10169.183370881308
86129,10479.023894978167
75069,29106.01287455627
88459,25429.696224235748
67488,13602.997142694974
24351,25982.372221033933
38737,9398.513175301088
34171,10384.19062286555
57421,10352.93402454085
14892,26067.44056846814
47615,5318.184084506491
78532,16211.423402206572
70296,30285.989127652112
21802,12508.587180779105
73217,31780.91478195824
93555,15704.115924464255
26426,3233.923593509331
84144,7485.016534170047
93458,12976.639232807842
31354,9892.280046178426
31864,8052.306923322918
92434,9538.432294531787
86458,30108.673470015652
11240,27017.63602066317
19975,20000.791566084386
40571,15130.859500476263
27463,21355.839318379294
91850,14199.569970231052
51335,9147.293613555663
57470,14710.192161402138
81461,11951.165460449749
27590,5570.279079815451
58259,14311.780438789134
91193,12840.586341631904
74841,6486.327180459082
27678,40394.1692403888
38497,16979.46361199955
76388,29937.87354383163
27073,8867.163169014791
70141,8016.904207128215
31605,9848.393798398994
29433,1904.4931046072725
29216,6087.1268668371395
84737,8810.52435120285
77417,12742.492335032292
62548,18514.80723482531
32057,5666.868888506822
12357,6408.924831403152
91339,7762.514441626607
68234,11125.36558813882
84306,5492.772421594735
98913,6869.172840019013
30335,23212.062595806667
98361,15599.874759307419
58028,14084.530660686814
54614,8123.009539636163
12907,10850.870649844426
99695,5544.771720647232
76545,14082.714468684364
12582,12726.480797658376
63093,31022.85183611854
90361,23478.237513363398
22323,21576.701752595265
78986,26016.43920067379
30224,25867.08758092527
16910,33387.555166694656
60494,18867.726806001396
95385,9891.587863205641
72487,6967.234327502783
57259,13659.381468889516
34159,8967.878614760933
27001,19605.440245443326
11365,19190.681183192195
15293,29731.71973703215
42339,22117.442675064776
91626,16095.151290669779
78252,4747.259225119002
22544,7803.7452628449755
35211,8166.7421854518125
69375,16704.143038712777
64303,14759.145054234667
73685,10574.750485384491
68643,14723.880489597883
79386,25957.48462796006
85923,21151.927673603877
84212,28770.870468243338
11142,14859.443019956088
43591,21066.666793777884
25081,10281.70415923914
44679,7720.929571753863
22973,13793.8992515675
22796,11886.746689524924
75164,8292.474150050748
47119,12474.112070827516
80779,14704.170195822016
71155,3961.2543824541153
46916,14300.453219572497
93006,18693.311170983787
93254,24524.981773527983
58551,8057.986859879966
20142,21077.37038877316
45667,12063.400284749898
22276,32528.446612850916
58105,9741.003455141337
83457,14427.982450812462
40540,1153.3403566721827
22708,36734.213748970724
10723,21232.248018674756
32114,25977.7749485585
84111,12695.191708372036
29927,11708.599596287586
74558,21639.601493387985
55545,13757.930542392056
96572,41079.24765608576
67475,7745.40016764814
96796,29924.135265545105
14423,27731.308225974826
28491,11891.462573515364
40287,23108.46252877438
15427,11684.624751193742
79843,25297.96780183423
34813,23827.113164920596
71684,11150.111164517746
18260,51421.67981876825
76742,18860.152229400483
24130,21554.162399564564
33556,7559.066219162414
85480,8416.316783508177
37853,7586.782652604359
14427,14360.945971981822
68077,11576.752183046552
28298,11389.816259573654
75233,33154.849612378835
24901,11191.002737049552
86754,21134.510677269045
81391,25982.960566192214
14220,8192.016269085707
19378,17623.00533752273
64597,15721.290499789344
38445,27180.789504264627
33622,16398.080456172687
58590,21825.500590015763
62456,8361.262295691995
44346,19263.938836807756
98575,25897.395427047042
18558,9917.083968272527
78733,15732.70955549345
16095,9348.48806659129
75719,6922.186658162049
44804,14276.130584979306
95439,31009.768270682835
34305,22729.978596445842
69420,11126.061911235749
66655,38731.555683831204
89388,27708.14881974185
67677,12989.32301644226
99570,9416.654973096662
31030,4945.259146249669
86306,17886.516640043315
16602,10615.755034318412
33851,8761.918722268048
87761,18172.900077149927
84962,15123.238710410156
80128,10899.8602004187
47134,16735.27982554419
33008,30306.77618120778
32741,11227.587649553592
72073,47255.347389230184
85199,11123.38929121735
28421,8632.323567223564
17210,19755.818290981082
30043,41366.71562541937
89712,27124.23123302776
27658,45555.16148525986
46645,31441.918920807162
18141,15056.332450321495
79194,22588.64869372042
71047,19088.469251881696
30043,12690.1955372474
51702,20792.552984140453
95882,10405.52578796386
83088,10400.347985364926
24156,13189.520747076482
11649,11905.190397429926
19468,19072.3786698739
20759,24142.227365666633
57669,19376.711702952136
49407,14984.203837156305
19239,4634.246342045959
90686,28219.1305237602
28300,8934.588489632306
48209,17243.881963471336
92906,17773.055718503587
86729,7176.932535027516
74296,10394.948621438129
51907,12510.404186709535
33555,8797.969288798253
91817,9099.44349571491
21579,16103.832642631409
73067,7488.064710836172
56791,12583.934858133412
46262,28015.043360834785
48702,6719.383288876461
45443,9926.872670841312
47854,20373.523405193737
60630,16675.347569413378
47630,8698.01835426526
96579,27751.333397017
14007,30247.564932834342
46057,19915.79513534188
97567,21816.13124066342
14686,12146.22492660766
15877,10300.260692669352
30153,5472.7085926617365
10850,6251.475859322427
93707,15869.792632095987
56183,62708.22264928172
20713,7841.823815670525
66084,23509.2568080005
55359,42639.451652555545
97129,13650.113454070066
31314,22361.252488480564
62423,22052.646702298567
53394,14838.313027232989
10392,18077.29214578828
54466,18002.369341175636
50351,11449.007033559816
40909,16566.82632447832
91364,12557.321147819619
40055,19582.85883296237
71416,18088.189402049284
27164,16394.244858238493
60348,16458.45184865307
61405,6504.46328892885
65213,5417.766208174084
66023,14441.851149304424
45384,27144.901985711156
18180,17113.559886548166
86488,16033.694281408632
25786,13352.756577879478
99042,10493.11458778435
86307,20835.296415473822
89172,24726.910519577632
80688,24627.056819836063
25855,9647.537995430524
52527,9706.461817994814
26372,10297.820350094436
59971,23007.916472101722
38259,9043.179235975218
66745,34269.95076550766
59964,21650.161881045315
41615,21471.237547354605
24305,21429.361828584857
40499,9937.727222043017
35355,7284.920169835079
41148,22286.19161484563
61442,8619.78954684817
78585,8522.642528562654
20535,10289.588523576786
43990,24850.93044431747
12234,11744.50765681169
38738,17893.777172843682
95171,19759.139619335754
17460,9367.254878094172
88594,29758.679699595694
26956,7180.183034723565
51919,10670.826536350112
15505,28670.46935562181
82480,23002.19782166377
19252,23776.975442438186
60116,10648.450784916771
12093,21590.44487297873
80997,7556.970475872462
57449,21099.151672874938
18773,9399.119588530913
58160,16105.63344904692
78162,20788.94679028829
48242,19131.699067104477
67048,15870.413188885834
69246,6872.444680048737
33836,13929.515129600019
54430,18656.614778624396
11283,29862.854278377206
29701,12769.079136809178
95789,27056.819663834634
85932,13376.842199583247
64723,35838.92249043524
85742,15826.402931236473
27326,36065.43862637646
42004,13308.169583200359
50690,9708.583704248256
28522,20354.575335909878
96183,8381.187402739468
20442,15191.729434320237
43471,10733.620940037716
56397,13227.008597487971
36895,7354.242222066152
50394,20649.69854001941
82516,10828.243508246675
42960,52879.369327989094
87162,30270.795204401213
90211,8225.132308437494
27138,17489.748788543904
39306,31295.414485201647
46078,7757.27214201885
60696,8544.567351908705
60704,7921.539528289202
31732,26804.75697073618
16151,29205.889687336123
76664,7309.5309224345365
10808,18954.031762954775
34152,27355.450753584766
83593,16009.288849608516
92318,11249.796157522753
56041,10399.554391637688
89127,8402.999652384155
78537,6932.923361603773
56567,22301.34392634523
58765,13191.00049220457
86311,11082.479092654301
11354,21390.607839320306
98898,15864.947650979922
50644,14843.19758930468
82869,7770.032327751855
29977,14943.232031956955
79818,18152.89739866973
45880,46904.98321280354
87992,11533.790313290674
96758,6022.570547917099
41279,14578.595514507993
62287,32290.02369367926
77223,26005.813083257737
41985,32973.59153732551
40710,6865.325660090177
34133,15970.905621643571
61036,21845.414939891103
29421,15028.28591014708
44053,11748.792457035292
96984,6165.581218213469
75242,23268.418960928746
75499,8751.115572266652
80865,4000.875990782255
99110,25514.41210374462
99706,13821.27201299163
90714,24054.50232338917
75535,16515.403226735427
99077,15549.833515532346
26805,12482.036822736674
49038,25450.2871641667
85943,8259.301034816843
72359,16515.403226735427
29811,19410.707622140013
75286,11704.505495941241
22640,5083.052005377613
27139,28019.51409155519
55177,16934.140350231115
59520,28253.6964145663
83635,4532.529973237028
41180,11017.212116054081
88564,6992.253589209158
58802,12250.28098357591
59760,15373.470734250268
21650,22019.406013967193
67710,8899.32626360884
80199,22089.82432732036
17970,7935.260517052202
66252,25228.829827189045
55151,11007.403544125671
40595,8523.711747032768
37965,8356.274943485074
65039,11627.138605320095
16417,10917.927977000072
73334,34247.97532618101
55223,11021.680140213472
78453,7851.599193044827
84195,13707.183099109205
63954,13060.3498789221
27718,21938.905175482818
55185,17371.517978689215
50672,23389.0051405357
41562,20618.073761920794
93466,24129.523359239527
15802,16060.44688177471
29642,13203.513702476748
44578,10814.936192091882
33664,15054.626050068431
31985,15278.018457682248
21612,24201.048098026524
37447,22357.32571766257
70507,27266.615886555668
36569,11126.066747123954
81028,16191.462470066457
70743,12594.865563667317
53604,16210.436209223522
79116,9301.923167614312
41543,13251.068748160562
63882,12093.260631768255
54135,7288.046227554312
60003,11037.67455007807
83267,18738.290472413224
96834,4316.3383797672905
36365,16798.15697944243
79358,63846.459866506826
69613,10405.106233861496
16268,10631.58951134842
19739,27306.554141723464
72191,13965.359796421722
10878,19288.48234900416
77746,9309.014195403479
66569,22399.88349412816
10541,17174.830495837945
44268,16256.776666894928
30093,15010.939443553381
58091,20477.12979349009
77594,11909.169164830297
62629,4126.633331706247
86571,41780.26543560668
22823,9547.611356543246
14579,8839.676860446005
60575,12704.528923454429
60445,16925.689149383754
57581,23316.34401890405
48941,13552.080764889235
58481,20849.528750681206
86795,9216.732202505047
22018,12605.029691624377
45698,14276.537217355362
94222,15861.81899173871
20910,19563.216293124045
40896,15919.823699026665
62319,7519.931202364165
45566,12255.322601715332
70682,9283.171167412442
72613,4637.498334053755
85291,11274.302012498309
87557,16587.874740862328
81927,15374.734839626686
84786,7120.980644362227
28725,24592.190560151434
78184,15654.375866601493
51736,9758.416510624971
42618,6754.838201071663
25397,17921.414219204657
18155,13218.82098990057
27372,15384.007208867117
88006,19730.39613323219
55813,17729.21115582352
71889,8440.195758434127
94322,13793.49524853532
49354,10088.006215584797
60505,16047.56479049646
80146,14402.061153938746
64879,21102.179746577436
30131,27746.475773211663
16065,11549.285050987532
28860,21612.77423534258
10755,21435.190086177652
58456,18216.699642027725
38733,9681.0108349609
72665,14120.009169686631
67570,44971.98128746092
60823,10419.193182465922
96039,12318.406854816578
99252,9759.521860247482
46610,11119.925034486063
11630,12678.967876848288
57300,9780.836903911073
15910,9856.064136962434
93992,18186.854053768187
90966,20926.83982659302
12698,14389.729351742239
27098,21471.237547354605
38390,38855.22437164337
45919,8743.2091756062
41470,11395.584274661283
56003,11530.208266519854
42814,7226.9257510051975
11259,59741.348387398066
52278,7649.196887275375
27645,10125.730445968173
76076,11073.234302263336
60054,9183.296051155354
72023,30828.461509428093
61063,29388.37641265452
71372,10968.03694039673
11254,11363.626447772946
89479,32140.271301399378
53039,14176.252844175244
69110,28021.95694061096
97148,11876.039026323662
34294,12826.31051344341
47869,12657.47274358146
52643,6166.52172382173
41532,14886.55103444248
75631,8112.379798290804
15878,14699.743647174993
23595,17053.611289904562
67429,16180.108110531051
96998,7646.715910802866
82743,12240.339273706979
21982,30240.030075206465
83091,9994.39975756396
21449,9869.577035407749
19227,27200.763838252296
41487,19738.08254928465
96204,42479.78076677042
94381,10365.692408405412
56345,35503.02016724528
68351,8828.675056936598
86523,8223.826157629326
91163,14617.059654468858
68150,13588.14253824563
53109,22053.628947349134
92160,14800.832799391677
78566,29019.639564810506
91965,10907.023959091774
25399,44484.28539145957
47298,7216.484591865452
95820,10854.844700874615
54921,27754.157869369163
45115,16766.13101604782
98902,25990.08737739188
54278,10903.255643330456
37399,20946.117657929964
18626,8578.876831895104
35628,7321.256071462605
20981,13942.913793427097
81931,29477.18645169871
43553,15954.352083489588
29181,15919.877227960109
27789,20561.495489426583
96204,30814.725633608763
52299,8742.607861635883
27330,27619.625350515205
21131,23005.163111988957
95890,15372.751424154689
49335,7177.663879870817
96637,10434.388671709523
53535,5841.571220756539
43113,3728.3608855103266
51107,19405.70656216534
12962,9208.688945814458
31469,39380.858517579094
12333,45475.325890869484
57269,12178.012214722376
65554,21893.727945668543
58429,14688.857114160553
43627,10244.973989061185
95574,33535.71219933554
53700,5562.819300132938
66907,6429.486976442471
46290,10576.94482628689
72467,9144.347364513185
17874,11396.766743333199
37266,9551.94583672798
50515,18644.045046298434
68188,8427.893696163888
18898,12837.743303587024
21912,15358.017109369175
14628,24424.880777931354
79784,34649.102144464254
92149,14006.855073143577
48668,11500.815196897533
30686,21064.593084734403
45515,48016.880937286434
39885,9250.307322804318
10141,9838.006247523987
42750,28541.40821907384
43573,8912.82160828348
58657,9153.79854967289
22538,12580.983285343991
92602,21816.13124066342
55932,21462.418668193288
91270,9654.368761157399
37042,14531.809601478562
23584,28191.160724271256
10769,10301.452175443454
72600,1832.8738353500812
13445,27535.2395472575
42722,16837.79239073307
34370,10226.202827021105
50195,18053.26265157397
93758,11160.036060017837
36172,9892.868970851858
53807,22504.721077962546
64545,23118.809627854916
80464,9327.511123603017
65471,17151.054402361002
18297,7471.75669518281
70723,6851.070994752785
57697,12509.24161115808
59357,12162.213540153325
42010,5739.984895036048
63525,16039.945626997227
33081,21549.261767162698
18939,6476.852843790517
57117,8790.587953832206
28197,9863.256991283091
71827,15716.487537020344
48940,16863.744273551772
30581,9555.605511789076
48525,9651.192944258393
41019,10355.175959837892
84453,20855.77704360367
37391,19189.963384250277
94761,18093.511334309216
68874,8830.216317208131
57437,10156.493145625307
87176,6946.8975517616
73634,23278.252459741783
14309,17631.293992240822
56954,9542.724447217784
23642,62453.667135416996
49277,11740.249233384098
35568,18692.892974932292
15357,10094.632708011392
80422,9060.883291307506
26919,26091.02090730101
31385,19528.24276382251
40548,12522.221077038668
94823,12198.09467765579
90624,12684.815104113088
37529,16735.50253609903
18634,7582.240284789104
42502,10382.637911284914
22199,12730.903202359414
44208,9553.502992497051
96624,27165.23112895254
41067,16190.593830375914
17952,21845.46797419249
79488,5353.756929679163
61424,9343.378342010981
19228,14458.44165140753
48918,24358.051398802665
57334,22467.494719180704
49894,21863.243382999404
42760,13123.77237676266
52291,13963.706009870448
66503,9661.489226469714
91823,34946.42320386766
94777,13140.318676988267
89280,13357.946995834927
66233,10265.840611403024
91761,31588.84768413339
76582,18299.26491061564
97062,29248.987607519957
83991,4724.65803697636
93039,15290.484301984698
64425,8677.310708133133
36823,10199.702838606532
96997,7142.168523870994
50884,12076.608007937532
32280,9639.892659806108
33357,13409.880229539252
65935,20635.96155987361
69364,13681.753879143722
74362,9297.537773028918
80520,7777.849587110364
94558,18921.012544574147
43418,11778.920519647429
35550,19343.003240305952
21092,15153.240832300435
66294,22848.235933426833
70230,11852.252687600747
99491,36029.13080806853
13134,19061.551301600983
23484,12832.019542292142
60793,25709.352461011502
15253,12450.027035539719
77393,22241.013468829646
66702,11105.89690420969
86778,16723.7381443618
95833,19388.98654529388
47233,18932.823617936378
78313,7236.587993329409
40264,18443.21840116743
90024,9612.519165508542
29352,9285.887712897998
42686,7729.6564418569815
70530,20963.255852627415
89917,10526.485593742193
34136,32382.27258172571
93294,24697.386153755513
19004,11363.626447772946
75927,11818.91431276413
33341,16656.109515903514
95906,12121.635772060246
75267,21872.082303204013
72722,18711.80901120753
44185,13615.012973077746
52526,15663.976467021435
90993,27787.605383746297
64408,12748.736739568025
81180,14904.911044392415
86619,10591.36932165376
54209,9010.476996121717
50952,13415.094351889493
68862,6940.743143150608
96388,29342.764432228374
58691,13041.129989240184
53453,10255.158258558953
76905,12348.722374919758
40324,25846.14138167614
36569,35519.04982417518
28727,20878.43418662234
43883,6276.923046358621
68021,10476.395894364825
21969,11593.166132164983
84003,20869.853987001796
23560,18828.02878344897
43740,16544.11391416462
48819,17934.052692218036
10200,20543.047174872394
56764,14162.293129355805
27484,20243.844513301283
50035,10360.064148895508
23593,11209.055621938538
72936,9031.981220447775
74439,19651.590916092035
46416,30633.455198204705
43184,13700.168542504221
85095,30905.83066256151
77453,19032.989067119095
89130,9239.14110282536
22865,16818.42233645573
72278,20350.178733165743
69348,32927.21253524552
52788,20393.36214810026
97097,8075.094953450889
69265,9452.828429615169
34384,6562.872303763119
32619,7465.490531024328
49216,33471.21098483566
48929,8443.253871054592
84354,12573.50184903176
94552,19345.265291777767
11086,54734.56126770476
21770,11770.89008871033
14103,26397.951255626467
11913,16866.269194853467
94058,37932.10846989969
29304,21197.845616153827
81455,19545.768648665005
64074,17682.959837796283
49550,11202.611720240762
80033,17250.28071139832
91048,23239.83211531499
70677,8404.989606716432
89809,11735.284255574903
87791,24268.1065128241
64856,54133.76050083161
11872,12546.36355393725
43365,8259.085335901573
63821,10686.731196804918
90377,46723.54625094872
19653,15624.668288607649
19941,12620.813121894826
60408,10507.878081333318
48679,21001.63125525234
92532,17922.46658923838
50620,13307.97983737867
13293,22059.04907001066
84135,10273.344837486593
37904,32890.20156769258
62737,14479.319295953363
26203,32182.218452063797
93251,18856.964740396324
74393,9522.797849186481
37706,47762.811954442746
93968,16844.11249289809
78612,22637.9456413336
41845,45855.09081197012
72322,18225.734257958233
26025,8909.844402779629
67758,11519.907452402571
58318,19131.176995443908
89312,16191.23180412426
10632,9280.114549836075
95326,15788.24736844539
53649,9776.779589224978
19104,10276.301110787184
50817,7847.797340170682
28964,12745.22426272428
44788,32024.922142975636
45748,16665.42760244374
66399,10392.01563882266
16353,5899.676631964379
58140,17045.368554081164
10800,52388.75298560465
95147,23411.310500210122
28679,6556.719230075816
31105,22307.74737888379
46401,17608.967108666715
95655,22262.420948113915
48260,12652.257633110192
81856,16287.486782495815
42983,10229.826219196046
43231,11694.057932058717
20601,30564.97659357995
48955,7767.916963407817
48837,18266.54965735252
96293,30403.077514666824
48238,9724.273102000228
34885,25165.869213178536
78676,23583.030031921237
90155,15497.689751904305
20028,9825.860293690586
49466,24471.03639523197
78106,19336.04977445361
34214,15107.517435535296
60228,13110.53877122644
49095,10067.791099193677
99014,19803.680449157495
86364,15831.25863821452
93640,10879.68760474028
68286,13469.354898707325
98351,9207.528450663034
60104,12899.077754155687
96470,16354.942569989576
51424,15119.974726793653
77492,9895.064717480886
55777,10976.320470958522
55672,11092.361276156538
86854,46274.05242013109
12939,8772.142636087456
25475,32952.42025457576
68239,12413.75441617822
75546,9186.276056070037
96371,22567.657962976366
84800,28642.60216583322
32084,26509.513688077623
48153,13195.557832037748
43819,10130.33760854093
20230,7390.9247373863855
93934,6969.0892746190675
13627,14857.00987961582
80001,9585.741530922616
26341,27424.663576722545
78185,28921.08394123963
14805,50251.75318867224
95065,7117.6653725474025
65729,12777.23938222262
63779,20540.246374634095
30285,30838.747484292322
12077,13754.703586981517
72259,11738.63817887416
99949,9999.75607189181
90673,7144.071742777303
52029,12057.2755779193
31993,5905.717371970886
59874,18266.64324973066
99705,11495.419531549338
78845,13575.762809307229
40359,9813.311593501385
70132,19222.923443839005
41337,15118.479374062035
12034,16101.07384656965
59695,41015.83918582786
42889,11744.601374815576
32694,20397.81856956361
47474,11977.312440942671
76200,26440.501292950372
72012,11497.753816400265
98389,19851.56366044546
43397,5899.676631964379
77385,12552.614247519472
21395,8234.185885017387
64689,14762.805965029798
18745,12517.865049378172
38992,22175.014647201504
24911,14305.1916351546
86851,7375.298811469709
13088,26271.42910887192
64667,13089.96558407072
31602,17477.575501169875
18656,11654.352101110628
89945,9570.520264581603
98871,7360.793976867955
14605,9840.263639846735
13791,27219.086933417577
90807,17387.037548923407
29748,7500.427051716759
55855,25930.398365991125
17591,13770.352116655133
43441,18640.896881634355
37068,21355.869547545
98142,13319.632380498715
98320,46299.18078107726
77799,6847.884475441089
46234,7137.550836558608
75708,5815.600186936463
31047,22688.80454420909
57387,8806.41180229319
70162,8789.36808162686
74856,5891.994350245624
24175,31285.051838592866
88523,21233.231998180996
89473,7331.891258373915
36387,9344.016904351969
78835,26834.4113447513
49993,25735.385891877493
89625,10000.034984017788
16221,9046.354385001596
55592,18648.402192388745
82742,42044.27054209632
52465,25283.467127236254
68689,9133.412901957858
87316,12218.613397346322
57707,9483.968869732878
18606,20187.751775090455
44577,9165.720880496652
37624,7100.811858721023
51719,15627.013045856713
45729,13393.56760893698
19528,15205.669578344448
11120,4719.035851529985
43274,9906.719047576937
52796,39593.001355893866
51043,15599.321463263024
51170,19976.0928908373
42420,12841.171257234702
45615,13837.527141008639
39964,19005.52282605775
16879,15676.223103875178
74822,14362.246004242785
29207,12299.063637046376
44519,14774.152370033149
58422,45586.01978911781
27419,14112.072762442971
19540,28047.576369937306
71607,7829.42094920891
87942,13980.979253714511
56545,18089.21496473658
94239,96874.23654348134
40062,19609.233652877505
22023,7076.098180855375
66548,26251.238323319172
31669,35082.28001248042
78715,16714.539413931343
76005,29220.02812550413
83020,45800.54776190333
37140,26860.31161164136
67500,17208.36313231093
39396,21103.719290511126
24049,17714.775182348367
48881,11838.477094314672
69076,16669.948025720387
21246,27802.563766181796
50411,28936.684168578475
39832,16153.631310507702
79531,9579.014631465434
20864,11038.856160019504
52606,11774.66560428416
51634,49718.367848872236
31285,11648.807142646609
70447,9512.440885017664
11348,27847.624768288537
25819,18202.401189973407
17867,21423.609105371997
42057,8506.282658911712
28702,12209.042644159892
82058,4421.890647078801
86438,9861.36999105876
65360,8340.153923465667
12642,8137.744827833527
78134,17997.85607757092
46167,10350.856585492009
14701,8831.655775135574
61901,18713.424510026536
27273,11191.002737049552
37626,17570.44222108619
18633,24729.799108008625
75204,23284.41793796118
12614,18405.87355481523
67394,5824.090293985881
32334,10121.944888836117
45187,21017.87906301728
35108,6268.123658946999
98204,23224.95912318038
84355,11799.534546484443
84934,12727.896041584514
37700,19407.937837295784
56813,18377.580052715082
53301,16425.924946329324
75935,11507.080099107487
47948,16612.130741623856
42802,13334.250303746741
81200,11863.118045769828
24746,7346.105122108414
35113,21026.586197236553
86382,16743.383605471507
50491,13717.086670940289
46030,20991.453554357522
55411,10374.092466725473
73697,19197.304193534525
43899,16906.105114354355
64664,24268.789096868433
31211,8726.436215558271
50418,30783.065449188645
91418,22240.56876404563
26579,11562.581809558502
53124,19839.01830309773
22556,9029.965492569725
63154,34177.308734105434
97840,20212.771518922396
44224,13118.403007144118
34891,19102.434854529776
90894,21758.671821251864
83936,29511.547941176163
34909,16113.097246297817
78723,11483.858577203631
87917,7028.355614179582
79347,27202.25844027276
97077,12990.168287123994
96768,20987.462268168805
87728,17492.82920379049
74492,29003.938284106473
64441,16309.856924242518
74723,13511.523260478054
66348,17439.555515206983
56849,22228.36584258012
65927,3895.8643653429863
97851,28631.980866385336
56180,20673.59634811874
96201,22379.65228616509
15703,18438.476684945243
76711,28673.421008369205
58129,17732.268356510005
91538,7750.371768877769
78185,10636.602480099835
95466,14496.332153065303
10361,15874.813488699187
18385,3431.8715909029706
16160,37314.4992710106
45999,14293.604118769215
56502,19435.473645385682
97553,14128.35392102887
50039,21585.68195305888
70953,12552.602355424211
12145,14096.244977343136
82748,12961.731638538271
43349,11600.311817654932
75463,10778.282157715279
69007,14129.651450945697
99130,15825.40449226953
28943,21281.13338388103
64199,15630.891562824027
57589,11083.446491242239
39714,8416.316783508177
34151,11193.27132518155
53346,9235.325803487362
17305,13144.441243714624
41826,7281.6409193778745
79043,25982.64526770103
89264,9755.423735923874
52705,13656.913384213953
68667,43705.927934971354
37980,12105.05267811873
21642,13196.842627239614
15456,13380.005060479678
35271,18622.902285316333
40343,19264.783141507658
99048,18720.35534652529
52004,25017.73807807241
59177,5760.345719922847
95837,11202.064027064444
25552,32352.43296202263
82845,12830.847902392206
14983,27291.08834700882
61206,16655.457270159477
60895,13307.97983737867
75714,13068.702659239632
60380,8926.777447873877
87166,15205.768370295018
34927,19391.768035862016
63899,20775.495474201678
69220,17954.95732370065
74340,20632.765882121013
16124,12120.550679913049
62891,12250.369193468989
71895,44583.731364257386
70149,14434.199869747881
15554,18715.606415933307
56989,18315.39069022095
25347,10005.906271672424
18525,13549.062166640679
70546,33191.25378980498
92213,20173.469951079
11552,11364.858312925291
16661,19564.550168124446
22521,8899.439191399018
87963,23801.389749768852
95471,16852.736546843575
56061,9259.298607489
68231,14341.112380024486
64708,21011.364251926272
85324,20843.904561885774
44532,11385.054501325998
81810,9766.42328407514
90803,8103.614141066435
46654,20771.113783329838
75967,12985.176511953454
51765,13969.092442876661
97080,10138.679160346683
17136,15043.430946305501
45385,12074.408275117872
57017,10469.053919375963
57183,20226.52812199096
64978,8475.737191229086
83052,15033.242194117644
54850,11295.829751687244
80589,8865.91776284886
84827,17589.714584010846
61928,7819.031455940261
85273,11990.085184005731
56585,11296.748770583898
74364,16505.16386689523
41711,10253.606786348828
59857,29860.578651820957
11658,20088.90621063646
75980,19858.23874783235
37334,28782.881986190765
22746,21621.951218789058
27226,7436.561722522223
97719,8323.673448854986
27842,20651.897763539866
45329,14194.861502730224
97110,16390.78736047936
35439,26892.256095621735
92743,14935.595264180904
27655,27911.296793672456
38313,17473.882736411753
61671,19749.357151546123
20024,14822.569446826716
21041,21928.91278672056
98192,35880.81553202857
12484,16041.838275050868
83956,16089.765321302813
79664,12704.424269713203
22791,15482.044265176903
94163,5371.053326414736
69952,24765.386431842046
34229,11989.127070709575
40025,7869.199816798173
28563,5376.60627536916
82238,18677.432449477103
10343,13814.03359432422
24178,28820.162856062438
34329,20687.691460924747
95962,12587.563682845652
73268,9086.97636104462
16538,18454.578365523415
13928,14420.91698707129
45298,23873.347447689648
85632,14644.034573115492
47899,9095.465223735591
15907,26254.01395378961
52063,8177.15057446114
39809,16359.07821822009
18369,34502.056486268935
91326,16101.07384656965
57582,15430.938066829414
34618,10964.298304023148
54679,6705.370776237225
52899,16939.694265023085
98949,13328.899766255381
43190,16361.881329468295
55211,48578.4098525303
27596,20300.02827515849
27004,13662.415504084689
37546,28567.23073708058
69496,24893.83910142313
22090,18800.20619208618
96266,33124.6881930077
89971,21971.96741815169
66842,7265.766871868165
44913,11772.701317974213
41528,8866.506164200102
89965,17118.39314543516
20181,14945.765325280165
14028,8761.649117584551
49074,14458.208428913556
59992,21191.986669818874
77550,12930.095531019997
26504,9697.885261485102
61753,8608.354685024187
30759,16168.101060515544
43375,17698.53401106815
85235,3950.914583134365
94121,13666.716119966786
41816,23233.476753595573
85011,13936.73965344301
71899,9080.400890196583
44098,12057.298631676345
83529,7579.563066664643
74255,23832.29139082714
11590,67052.91759028335
29260,28259.981411189274
49577,17723.35884242162
25509,30619.986670852995
24760,9975.729957266114
10950,21886.696249198787
32669,18434.013380354965
68897,20246.179907309164
87820,12277.845117305684
42519,22121.848788261264
20273,8191.961147637081
80620,56855.97151373861
58884,14682.208505796703
67614,6664.491734134657
93175,10375.560948901128
88165,11697.246268757333
45097,52030.11424000508
53452,11127.468597433868
36264,31081.605434437704
35162,31750.57347879804
63851,18497.424859090315
76670,12235.34170161573
17336,22302.307082338324
62445,10005.855065510426
58603,9886.758560249098
38744,16157.659454526434
67409,25596.99917494784
66900,2151.395084471358
14319,7521.417117572799
54643,9869.830583818188
52766,11427.140658132514
38399,20451.57586975221
33532,34097.271604429
18005,12119.323042924298
37034,16281.186472519294
51727,11980.17433379966
31361,16080.548002502914
12535,54948.47891112208
95626,15077.735510404673
32881,11019.860916803715
17251,16756.498426817012
10483,22369.482069077843
35502,12346.446870990487
25021,20921.724932481437
27358,24236.082802174413
29728,17280.583382758392
50821,10376.885433413085
79548,9135.75693659638
77226,16894.325698520104
54455,22902.29041873957
68776,40745.59166506308
32045,6211.011873279571
37757,23270.457629001725
35068,6226.3081561650615
78667,11637.166162600839
43516,21431.911560233766
87474,19318.621542653018
43198,11300.531143394484
89356,20802.702953628723
31183,18649.330109253366
16170,19438.49181143819
55195,15876.498085997056
98148,15506.738335792897
76393,11046.623555676324
55991,18475.032699271957
80383,27830.953882828526
54468,10485.325465120255
63673,12362.407414622729
86045,9203.942159652623
93182,17810.484474448673
40981,9934.988097123081
85706,21350.85170299716
97088,36926.70914919571
35425,25285.968622443623
35950,29237.708305555007
28324,18687.124109967135
85425,22185.1245418379
87654,14414.037696773228
19321,11647.66700102849
45858,33345.14467863325
61838,7338.582561955223
54416,13847.277834548457
29339,7210.070757070538
20813,14000.911341470475
43576,9989.910148489982
70090,24096.690467667104
93139,8967.820840575161
67081,9575.346559069985
24047,18965.96632380098
51052,12833.219520106693
77933,8064.371967642906
77661,17485.969945776094
74845,13603.768117833508
52105,6343.29589573269
44490,15237.9549940945
96546,8817.065935200468
34548,8249.733640546903
32443,25394.883442695107
88693,34576.33902545164
43312,11599.35740296388
31315,6948.611363894894
33631,5804.84867688142
47172,10244.596394449713
44110,10569.050632301547
99307,16461.157817436164
76778,27377.492231914337
56922,24513.361737023435
45730,19765.080254688477
65212,24631.97062872153
83672,20052.794655664613
13164,14199.612032625404
63285,12267.878035893118
87386,10176.274162245703
72025,7470.7957399240695
19040,22198.904414523935
93982,15211.21036209484
47923,11344.221931061222
80081,12091.432675022981
57538,17955.33204349261
29468,19061.350047541666
23813,32081.15159584173
37981,24723.716231191054
85360,24485.781220284574
71029,7344.891384703638
60547,15168.92001042002
68250,32628.77701016736
17919,17703.656164127966
69892,14579.88290989961
46039,27369.149963060467
14694,21859.27021314273
43281,10259.743859059661
86748,13784.820275649252
48547,15023.190962878678
10778,27868.28757203825
65195,11925.546754325871
10115,10921.719149595445
95135,5833.900638821398
36766,9115.282235120656
71969,20977.055215654058
47831,41068.46144589058
40822,27843.80053494845
89016,10896.464012019751
63731,9288.666836987264
97513,30165.377613419336
15040,19201.4510590983
30803,24322.023361368047
50264,3848.2585696192527
15065,19898.09611562977
38354,28192.164199344697
62187,13219.753970710686
98863,7631.8661076902845
16040,25915.067937196305
43021,14598.185256371475
96019,17674.928773870437
95933,24482.426406195973
31113,7438.7782914282925
52326,32977.25165757335
54737,11448.883956385289
96544,12898.415280980871
12346,26294.73723888953
64689,10526.485593742193
92693,20861.44320492684
68196,14232.939464605517
56475,22520.952231066105
61608,15027.04692344022
92521,20447.13265840825
34078,8406.511398006547
97262,12748.709595177592
35838,10978.766255204459
73613,25022.6374191817
26986,11992.101720812294
36363,26123.78523075787
13446,6369.127974873287
34871,57917.87616389004
61909,11191.002737049552
98908,13631.636851704452
38457,7172.028179198083
93049,7486.519684979759
64796,15106.317967892088
78804,20530.976935103114
84442,8113.9660451271575
24172,5666.868888506822
12274,13700.468558822336
38066,36296.92418187673
59540,8418.168029513758
29300,23171.90414786544
91237,15836.217984955034
40942,10084.354686085608
98691,9008.116867183411
84686,31026.990376464288
10469,14325.894577137211
94417,19590.886774437135
89676,13488.454405312985
20818,11938.624721394313
99381,22372.612612954053
73340,15099.406025873324
13761,11904.63072527232
81032,9902.484962824696
93989,21366.296670432
42547,17253.661336739227
63946,12856.695653270333
41347,7334.130702077266
15246,9950.555924738484
32814,35930.53857796264
48366,7097.089093248225
26720,4196.368878291452
28751,15849.371180460572
32663,11277.505173104622
55028,19669.55275625322
78784,8602.60800064375
38445,14772.748559042877
68680,18600.05015401505
26837,14981.610794361848
20428,16817.696305321282
37369,6687.168778740639
81551,7286.39733042353
79071,64457.640901264254
32636,11421.991057608346
63924,14179.817368130498
62574,19319.552676991145
91435,45735.16487312465
13646,16419.462415734066
59050,8851.575330772375
57495,7987.494867486996
70906,25299.39548764003
92762,16870.399535659984
95691,11131.69191688959
36613,12140.638884392954
93899,8867.300403296143
96609,11463.872393197711
82039,11231.598172288759
72889,18365.700276016407
64940,10604.405283243792
34315,21411.694189570517
77786,9455.479551558012
61327,9092.091548741686
44925,25314.182339609048
10883,13695.934989616298
15654,22767.263270459833
14029,8172.55536539039
72354,40106.469901316654
16802,11481.808204426881
15443,12403.538310082913
63059,18073.791704547468
94002,20097.353015397788
48444,9546.35765097287
65353,6705.370776237225
58150,10372.128941773897
58992,15217.569982568266
98585,36178.73434262324
36876,23362.071348076894
67310,35045.880437916
15698,8855.80500024675
28800,26486.624327628946
77788,12057.315774501627
67283,23536.28316058199
80834,15588.844387102168
24540,11646.61697749402
25541,29422.90904490547
88582,19653.8184608014
51272,20456.821193964555
50221,15714.645834033076
72231,20944.412524083516
53257,21720.077780948486
76863,13307.97983737867
63512,7174.193554614007
70149,14823.635057331423
43042,10255.158258558953
95953,13241.616101812739
37306,17999.963642768824
89980,21147.57080888664
50399,13817.641778951875
88613,12027.467406079588
63883,9640.228044955962
93502,20595.48516255991
62825,18917.164594862592
64636,8242.368412466314
39870,10405.1448032622
36857,13216.267723970253
82914,24814.06223928953
87369,27730.112666097062
79639,8771.062055014023
56093,10591.36932165376
60890,20608.63696698311
21146,28934.77289336308
48552,24113.837507907352
28022,15110.852961823528
83757,8268.916889201522
99041,20954.27787919016
36798,19683.346351706405
60711,11655.146572267578
13626,18841.419958736224
54360,15332.386875080028
73883,17802.26194930346
13624,6775.999038852118
39337,21152.125160171112
18864,10290.961361751619
14266,12370.6783643958
32804,11600.311817654932
83467,20617.706587289966
29005,24220.64245048896
23071,9927.602735631404
98269,21067.30201953135
31817,4529.919126099192
34706,8358.062585525937
82619,13324.32214398195
24331,11396.12024492936
43243,10578.697895888883
72932,15249.316245145656
94715,12085.230921563147
93758,13586.00925446102
28936,14701.322954076104
13920,27700.158131454657
98922,6867.193333669378
13902,6967.234327502783
71325,12006.687417526515
83439,13531.60828649587
89612,11771.334186080236
54712,28231.625787204845
54759,9101.96916432116
59138,11122.447972037528
69301,17388.088216374566
51930,13064.618798569856
12815,8167.742373357056
84040,47493.1924125877
10207,10826.909428776515
73847,9553.193774238978
39657,10318.125265147768
25375,7283.830327905267
40765,23970.23080901768
60517,4079.6654026493597
89940,10539.843247332108
57402,11033.527449861747
59272,5343.888781239775
22401,14399.117628393695
62003,8805.25153586686
27895,10206.768340279132
24966,12917.718438125064
96396,6267.87114164026
12912,17035.623226322034
25281,17474.594043303805
15012,29526.660022909557
43391,9755.967641087376
59474,9987.580407370126
93180,12759.210124995774
96759,7770.032327751855
30631,16937.075531408205
47713,13420.291709702142
56498,16983.72511649609
81657,16728.296358977514
90744,5031.489506367137
51343,13367.445665265997
84583,6152.896939964661
31352,20943.443843366935
74778,14865.553168261895
92471,21038.54501032281
27855,7859.185866500398
35526,25897.90912438862
26329,15534.149371142048
52848,7073.757148009439
72287,30443.56678773475
57028,10691.110234733289
94969,27629.834784009752
49359,10539.387909283476
48866,14615.15465042504
22549,19968.36160839684
36305,11062.325545979826
92655,11043.377243451876
53311,11748.893602490192
80314,14852.766082160422
69730,27631.918354481015
60171,8063.809692600182
30332,32499.805887641327
28297,9236.68097786654
71747,14145.80946701149
47854,11513.772784799992
23230,34107.5207644482
97989,9652.286247734926
55709,16105.396230088427
38469,6438.133431850571
91717,30478.075366185578
27407,1388.5022380103565
69810,26466.719210999778
61012,9139.546151013532
30867,7509.958193064422
29842,9035.353177178458
46903,8319.35441324883
12206,17232.367212057026
74735,34121.07233455908
10716,11625.672322102473
69874,10233.093589648264
84245,8939.593297058322
12243,17888.658194179145
25624,9771.933294750363
81254,25538.260760202473
33343,17542.19668939391
38954,14731.640077537339
54656,26264.731005230704
41069,13528.488352650536
23157,8403.95975559185
91308,11245.328275714166
39580,17200.233460831223
77013,12142.182220772544
43214,14449.516097295904
93492,7711.361544073256
65884,20738.8117412513
20032,9183.06221723455
41228,13802.872934492858
68218,14693.500789736152
36740,11629.7719706646
13225,16863.64477616217
14728,11224.455753024107
16442,11400.132190477563
14885,9881.21055497914
75960,21189.932525634857
28491,10725.988923941124
66840,17337.56363036266
47606,11959.319223250452
87228,28812.61006195066
48278,28068.726704146273
81662,10311.565634166978
11152,12732.648673413934
87285,6865.325660090177
78688,8611.90007580315
93046,21041.175940839817
74193,10560.272654647631
27073,19997.361206418627
36965,13954.126142142413
65764,49602.03371636732
53076,12267.417643604174
96610,12227.890452161804
10466,23238.92194216539
53464,12201.153073239562
66643,7917.947817815264
76079,6995.020888545563
76306,9824.481281090459
37180,16345.247134189027
17880,10259.743859059661
82257,20054.020251489077
93772,9135.24691833791
43788,12125.044018732477
25067,12717.475629569513
94835,12073.39539512073
73540,22307.13490894522
82179,27364.719391998864
57747,12922.145836688118
48824,31674.52470627505
16252,16171.086631336851
16064,15566.832534595624
14369,11317.877181126467
47641,9410.115905519637
40156,9652.792797271155
56440,13606.991343165828
86528,18843.38804580118
54722,10824.203183761529
58837,29106.948506715926
79750,12547.335559333602
49566,9768.228656666757
63512,17520.424408096747
66416,10328.190349341952
51539,14964.860610547092
11988,15365.690423348693
96030,10001.117529965371
62029,4305.72916647272
84677,25431.075585081773
82368,20965.913342698557
97102,14835.168203235413
52303,27097.188521987307
29356,13319.782091965055
12606,23110.238482253255
68868,12906.602423839444
63276,7631.101854411669
28463,19934.233513742816
23407,15156.212784608708
11615,11423.910548731259
98338,19884.531464081374
10794,21282.86453711674
86062,14965.03624727749
16209,49786.04304557896
72729,8846.06698318608
66034,14118.022905968712
99034,21727.09578695613
41996,12796.750405647017
14035,13273.92788347504
23458,16062.156059951361
12669,28509.285709826494
88863,14345.31304842538
76302,21381.233299741223
54860,8971.859316571496
28341,18706.077319879543
17927,9076.948495827473
19160,14133.24617029314
38235,15677.149348400731
99959,30474.481444571444
11311,9427.010501088265
68040,14333.36376067847
31071,14304.747654482004
44004,12333.469771766611
40648,28657.39534291697
37004,14697.161634707954
70189,13874.288894356261
71782,24996.91608658206
42598,14162.293129355805
12011,18120.72060803085
39484,12220.70486862191
76290,12639.615662930964
43402,10218.257988715555
66353,12473.737606506607
24114,15041.697208012803
79398,4833.236158156682
71178,9804.445399347263
83875,11229.779528885934
15302,11748.686619373148
97356,10274.639490820122
99704,8852.031353865543
33411,24307.77988056978
32302,17204.903439704194
28791,11586.904121696742
96159,13914.820791768245
66212,12712.056765349469
35778,8637.939454043812
66440,6863.24237081287
40393,11937.277983567714
48708,17489.699861784145
17328,8198.21228883788
15972,17540.931841020665
89259,16178.197472309623
53345,31519.107533883813
85852,7243.9848216207265
91186,32625.58519467552
29687,13603.217951688503
54841,10126.475126113124
47113,12342.502768224856
71622,15771.79641806439
23030,19597.78876933909
73776,6300.851274883658
40688,7721.793519386523
71664,52601.42816895328
79775,27198.37175657171
17039,27117.27493407471
22639,21756.69367331702
43410,30710.82780750291
64468,23308.485885555976
75225,6982.457718949348
81883,11861.936899103683
94807,19318.621554580433
24809,15398.229668319469
50004,7098.047433546801
43093,19537.603764349835
28559,18901.73430979786
22070,10302.996475527605
12125,8971.164958176474
18414,12854.694597733916
16556,27188.222413489842
42784,28799.121557464212
38612,25842.490440086614
78020,14423.771503495456
39685,11928.269263512113
29480,12573.50184903176
69911,23235.71067055132
77540,15455.850817759885
82857,9680.528686894686
62809,11758.18825036256
61033,7072.51399463167
91112,28124.025399382248
81839,10284.256415119344
35568,14329.672996586016
91095,9619.89678527061
73615,20219.467860103505
39779,10699.050577198512
35121,12889.116595784475
39783,19964.42034507951
78143,35984.13918084803
45761,17215.16070207838
41879,20576.592628997263
68197,10704.463592585438
46530,9838.162645838118
80222,14522.386382129434
67522,8977.597649273579
55600,7012.765297826401
14061,8201.137261472064
83567,9880.162128702716
52763,13298.9478860001
69862,20376.103502684324
49338,10576.80729581376
73946,11736.947547171374
41616,9963.722620822839
71650,18866.42367954617
68541,16182.4580954109
98650,7423.15282701294
80756,26857.53891670952
77843,14134.942075373934
63437,25597.11678287373
48463,12589.197111514257
35157,9108.121458701236
67717,19676.028239090723
15401,16327.433602869123
19800,30207.644530552992
64072,13666.35759925223
99962,21863.240081302833
57175,13841.57683262588
97239,12103.978992793924
30826,9118.427194100444
88355,16486.480781995753
67064,13803.343968768637
71247,9706.17862102671
36891,11970.768748566252
35513,20671.950016324547
38128,26185.99636134296
23320,31869.921367946547
80917,15339.208398531247
55103,9183.908683704398
66866,20358.894554793456
35124,8079.10967640452
12170,17063.413197620954
23275,9566.76846469361
87704,8922.285313467535
29282,19416.77504987374
61440,14613.822927296618
21934,31384.64391910936
28193,27138.62719161807
50978,12843.267693973017
39814,7775.98020914693
25747,2426.0149652459804
28402,23168.504589473298
44255,10849.897880077277
65470,11367.01512154504
40306,12406.639924000234
46979,18423.90081557324
76078,16838.122480231887
80580,10001.451311306882
82575,14264.633854158805
73029,9726.942070892661
54404,5522.81403186949
47736,11709.19149518976
51742,11193.27132518155
47298,14001.046120908286
80582,34256.84418930151
84456,11344.359392545422
12463,24625.176413228575
51694,7052.772397750799
90444,6025.851941205434
57507,8476.836669626658
93180,17497.200661946357
71107,11665.041615106416
71803,21078.439462842587
14909,10145.211233665645
59871,7351.164181592778
14911,20718.39329060472
15234,19276.767353008752
12521,9981.39685637665
23821,13954.67955601237
40771,24379.15639292352
46213,9709.873219351386
15673,11994.1532304112
50642,8879.940164955031
86815,16054.65898382581
93865,19576.866431431044
99761,19202.62212009314
76550,11526.191139453724
38662,7938.60494732693
45957,21307.859427480376
74921,28009.226092148383
68766,12760.331313691157
17688,11387.931633235374
96252,21900.171410076655
57691,19495.36638241809
74492,6576.584324834066
47423,16039.305879493031
25363,7782.188520848251
64813,13004.449134522485
81969,25013.45867351938
24421,9537.240771100478
91280,6725.781765804117
19799,16951.611675443433
72654,9590.7234752343
27000,3254.9009507717037
51618,9476.919056577279
87951,24495.430856279443
68229,30706.519306328468
28645,18331.749397972697
88090,20949.29579860979
17064,11167.568818841859
77187,10739.370883862382
75210,22941.147948950027
42036,7434.710949022052
84106,6568.537598496654
84459,18618.095198456995
71894,12966.212731871634
99844,20995.921247097613
40745,18081.097123774733
86525,21258.510861406226
83353,20500.600990629333
32469,17402.87842181444
39942,16704.645908701263
54253,13216.705126825618
42633,7360.548628561468
64751,26116.745315560278
53804,13648.808347339975
69291,12592.07187239689
24031,41146.9895929068
55081,11271.639077703563
77361,8018.687946236276
31430,23108.67970557342
49739,22577.483381230988
22012,17579.844733815607
99281,47369.908549258296
87328,9108.162407365213
28461,19279.20215285941
53536,16893.574310024225
75064,11179.921544660327
12774,18456.720414749543
38664,16549.163701314646
71208,3118.0784742509804
44438,19738.819663835406
15597,15292.438961782122
33672,27999.84221854036
88324,29515.532958946304
40018,11842.366689408678
19414,38616.02995676872
91355,26413.591578407002
45695,14629.031218319938
52916,21311.626613320135
12248,14662.804215089182
26822,17113.49258265725
39278,7717.900205936045
29402,20331.37385510654
18135,29608.37043885708
82085,10043.579992191077
95646,9480.51109805802
28161,17002.725485932322
74267,16871.23293277371
39474,13960.924090243736
49590,17811.66443715764
60368,18866.314891114875
81786,19127.152811095624
85863,18663.1891456392
24572,10237.466913609493
55509,9960.766347522247
37731,24620.54147377001
76024,16221.991577066105
83474,4015.4922112318127
42179,24565.950467055867
16590,11526.80551617897
27690,15864.947650979922
96682,9474.901127501133
21133,10866.41242407677
87502,9885.364526483025
86917,32924.191843222754
91266,13417.4874302684
45316,30619.51713833869
56552,14582.1495029447
99042,13355.287526085805
51349,17824.501986617648
48907,15361.056675407044
49575,7246.562888309358
46477,13003.557383997517
29576,49020.6923310729
33697,16373.783022505573
23426,13828.389619397132
23723,11520.460807109466
46625,4668.565728397554
21648,15262.136607763772
11628,22426.599701126434
57700,12906.602423839444
72763,4645.369635496261
61148,10918.365461923044
20999,13628.085191524835
71725,18234.594758813717
24842,20000.818154101496
87735,26492.46922746454
83259,21063.27844552127
85419,12099.922743959034
13565,20439.689904391562
21710,15756.04402392098
89021,13165.830997129451
73265,8993.634219401285
88853,8881.448995530656
54368,10118.561359665044
23239,18527.24100207612
14497,20244.591704206345
93750,21812.287630831255
39529,10203.691677726256
78885,10005.828944046936
32335,13073.937077417304
43921,28246.89012227847
76400,16492.50836677283
25696,8386.837480908025
83899,25471.923875921333
52006,21831.688521094584
98229,25047.730087336357
49104,122294.00322836332
51026,26222.693399761985
59496,35531.59548447245
97640,10430.448524613532
94467,6484.112209045094
18828,67973.51854123958
35231,23711.274189034128
57045,11643.372393607593
28877,16858.939102580072
89884,19533.09399556146
35160,18269.236038611773
49120,12308.290705638112
36797,27626.067156297628
27141,8972.269080446571
88139,32509.240839904065
10127,15514.355704667158
56001,6503.803098718074
23058,14738.988506043348
14494,9299.977581961208
18210,12419.361873875812
22670,12223.457008908
31975,21200.000846307823
34627,14634.3510058339
87999,13404.977170418999
13553,21805.071844277976
76063,16915.788120419333
31292,13105.81740973825
74687,19785.41598963899
58674,7063.0225095825535
91267,19127.67049006762
55203,12406.719389760836
57648,13272.449976065347
14957,8804.960979451633
22798,13656.278062384936
17618,20858.366879402405
20689,10715.523638540375
11871,28110.231290069594
87625,33383.97501700987
85746,27462.215163951547
18201,14795.895044757897
67467,48692.27362353042
65811,5875.137828821737
68438,21142.741887713444
53450,1595.8618088713538
64157,9414.430940308488
43954,11460.230474765887
81989,25767.40920898212
20847,3937.4635109167375
40016,37533.19799730416
36478,30989.222774055866
73692,23689.33299215293
22043,30466.968734231225
50893,15849.416379454044
90311,20663.572013187404
75100,5715.114509631661
31810,8471.063076214787
24360,13350.833513230591
84885,6970.427360314414
34546,3952.357843659187
25703,12249.484817672834
33190,10986.504553084796
12932,8564.25094679399
41904,20242.609156787923
61592,11193.27132518155
41600,21270.69423923462
60793,20470.165221714622
13516,24046.920219776475
11633,14767.21762583535
56851,11982.764434840192
41287,15564.5810627506
83868,7918.849006815331
31013,19735.82224153918
27861,14427.975534373702
93427,13395.491493808626
12583,23707.371926891312
25543,23234.725024974225
83823,11578.400484816375
99736,15365.358071862469
80768,5934.428018067621
44433,11982.123951906742
39646,7991.9879985565785
26700,23423.646228019574
44231,11238.836046923707
25548,8879.70952290162
43752,15760.271788724445
33058,28970.610560212903
78411,23906.89103412109
18245,7937.748055959715
44127,10236.171416412279
51738,12467.359161778266
41713,22123.6621377048
53896,13378.648247705214
88905,7176.087680009368
56457,25390.213852222885
11120,19657.893255004685
90562,11352.517819015662
74778,49969.74093776549
57725,7103.830925911525
39518,18783.249546558392
56438,8891.375603009896
85758,17464.717811146504
97213,9726.196698009635
67377,11845.658840182357
15928,16976.157700703767
93488,43661.332215517155
95789,19527.961974599973
53399,17334.313053017137
61918,29754.292797850558
81174,21422.070585862326
15116,30449.679448613635
70488,15262.136607763772
23509,16241.130319720292
56448,8843.481135164791
90112,7071.845622825598
25231,27672.09233301165
57596,18188.673407768227
15659,12258.238492838766
90766,24951.8569290837
99134,5332.032786169215
31756,49898.31051242317
72653,10830.133712222003
90911,44911.436983421314
69235,12643.36713813566
93413,12650.191322841136
86618,8959.264290209423
22271,9795.803521323098
90105,37932.10846989969
91610,9996.269233359579
96394,10044.884717376513
58639,13243.985039506337
19737,12470.008728390398
51432,9482.501385589545
43720,9019.240048204661
22200,25597.07583213466
28906,21188.43742695165
93117,21714.01149685302
63763,11353.869863674388
92116,9626.088465091336
47176,18354.933760506363
24158,17993.06233726864
73188,31507.967806031833
92082,20586.355269826
40061,16918.723291745195
57536,11972.986398598687
50468,6599.077752921516
77275,23681.994065073864
60965,26305.54520732237
58935,26681.154964664536
44430,19715.986474895282
71455,17424.983199863364
44944,16534.724897394077
43385,9352.425410752665
29094,9514.907993357821
35582,14084.291020713434
14478,14671.687856252918
19273,7001.5032059132645
37670,3131.149089516728
78244,14259.598038533473
65687,8096.268544383636
57035,29038.827290198817
85782,49057.36532828666
34182,18172.52245562609
92113,21292.470623431473
96603,16356.461897840316
96263,10399.965312466273
46577,20841.390494810425
90866,30365.044428529465
48551,8146.281709051589
16981,13823.734170140639
42909,22350.887509821467
39288,15979.191465006372
98551,24633.333308057285
33585,33370.64754017194
44149,8163.699392069728
34332,2462.412020475893
63387,1120.568581461337
95436,5752.305705970539
39342,14953.369156573575
42344,9285.358288354433
18814,18966.104416809358
99145,18683.210512472768
84180,12692.559728959835
36165,8454.566481247472
58477,24984.397044211444
76918,11202.096435647027
78922,31510.74358310776
16637,9597.67319494125
53188,14911.687703101163
49019,46693.759452489394
66063,27698.151417851106
98642,13899.140046930377
98453,9091.435056895361
56184,13314.208855053663
89328,9244.604114289068
37951,11172.558977237313
10473,54293.072896606835
99570,5051.70046789727
69072,10741.45160425231
51863,10629.605375836127
67806,19903.783492016988
50306,30805.27923928055
30896,9548.551988208617
18949,10722.210032223551
29096,29265.466866991428
99028,16516.892147755436
91674,14670.452221664771
78841,19618.09656554144
33734,13233.141806499438
48347,13245.537459570309
76468,12484.778032393362
94454,30838.565046861408
90030,7901.365194126118
51420,11702.33148049071
27090,17744.459330480102
42124,13063.479454097667
44146,18867.924619685724
31088,13202.298100118333
25094,13219.20139321113
74712,37272.75233676698
89210,7611.8096582952385
81323,35806.7958600475
22529,12761.81412572251
77728,8120.742364322408
36788,9546.977102911475
34144,26009.639972792407
96619,7511.545462640825
28659,6296.59388496957
74793,22874.598174489904
55665,5953.87903601363
80575,115522.75808208193
61912,19577.137738997422
13677,8342.844560450852
75014,31410.216044835593
54803,10672.464369524212
72324,14028.556616225349
79680,11582.284473307402
96315,38566.64268996313
84086,9996.053105600182
91601,14104.138145242854
70057,45488.63357161176
54587,13182.216542723301
50677,30075.48617318872
90638,34952.27150628304
43594,19769.214768019556
45358,7060.70837334647
36824,26210.96981282127
35281,13427.70115506733
45795,17218.864530361716
70890,12110.295256550422
36617,11793.286572128207
43981,16107.930191361793
95798,11794.765755755052
54044,24801.74287037618
12845,11387.931633235374
18460,11773.841827261444
44558,13562.259897188447
93321,17133.79534714738
56755,11125.422020083619
62830,16731.441840020587
60764,12816.261793055666
90677,12271.713673365877
75756,9814.41707019764
27124,25772.04258729369
90801,47602.76571683508
71134,16033.982290213835
69223,14374.12057869751
32728,13855.699691863201
14718,23646.268187583617
64210,6272.205032306134
74593,4482.492116453968
99084,21338.958685402602
36864,21682.392400114848
31912,17074.7511336374
79953,13216.705126825618
90509,28065.494294554417
57546,13271.296126391137
90502,18465.248778194706
17264,5629.395688962168
76071,21378.715563098114
81031,16242.740795472066
39835,7388.128970592365
30312,9755.12938071728
74289,12196.55150836024
76323,22060.411429279608
45417,10740.692693446508
71321,10257.183497403976
29361,9679.784520825473
34241,10717.78786520704
78420,23286.76190652575
32279,21481.91380809098
50337,10792.030522253222
40823,11544.801426656653
91645,18202.629621879183
91398,16887.82980676327
59084,19965.114777729428
10897,8828.475915956105
46311,9886.377993643557
94628,11725.61218794941
66180,31619.97734372949
28132,17714.3974097594
85654,10694.367474914674
53618,11055.491374139485
65646,2613.4382329932705
50946,6905.45488895541
99144,13992.347686963922
33510,20539.442766526994
85218,6508.413306644206
87381,10378.369261937212
94596,16180.242225872402
37017,8584.074873555835
98709,20450.727498957902
44489,16117.019928071895
60400,11811.98240605944
52223,10757.285552165416
20384,19616.977359431716
67624,28847.885593571737
96172,13577.82469765067
76299,16985.50894281006
71123,19737.95966119424
21268,26136.767982089626
83206,10523.24239573105
32096,22044.49489132969
87093,7776.865339750901
43061,14207.05587523013
24524,8468.925447091822
45636,19733.906504202292
19155,10376.834730568851
69770,25963.915908891522
23723,9705.568973153357
17440,10364.066214809813
10556,16824.048162890547
49049,18343.37756591477
79622,11281.98383438856
51958,12033.7632152152
35390,20366.937190377204
31901,15033.242194117644
26805,21450.242108976716
16160,28842.659471040035
58447,23342.12703214169
41286,17387.501927778478
34803,10741.471753917605
50471,5619.054646763336
67602,18796.77069601487
77832,13676.724716837849
77288,2578.424833452622
75715,27772.304893774133
41305,8984.161158967572
84039,14912.405487884304
69838,13813.154201238412
30880,23949.357580019616
88348,29245.717769496412
70979,7309.039347274682
75500,10317.820132007144
31128,9185.26519833911
86881,7928.361293032116
33350,10784.7814551946
43643,9891.63281789048
61946,17971.08097775591
10665,6722.600031304057
19502,19846.656394174537
19927,29924.74634997845
12188,54998.9123961484
32137,55089.135921765825
38299,8990.503288224667
41278,13270.4202009343
40746,6292.389247438821
80281,25858.483933331816
80895,19132.928339687503
71650,13770.352116655133
32099,20400.74360526594
41030,17881.15522811361
55235,10008.523932409362
50285,18908.53753355253
33257,29448.41316209935
76015,31015.447283686943
10503,4098.521293089094
87916,15419.370884484195
97052,13931.99332347463
20420,10198.13977217325
44808,20718.522439185388
90741,13356.442868053125
74266,11269.292122359499
95230,21989.750122212303
38242,7895.307924228404
16150,12714.60457442332
99032,7781.009855432458
42087,10792.82519929143
66286,29400.912287477437
53475,7329.594938855131
40567,13099.156923788183
29285,19052.8319287938
16813,20895.44876485671
40885,11391.505987273755
94371,17537.207796337167
51982,19518.38804364514
27262,13735.340663126017
24631,22554.222414736112
30624,14848.834969504793
94975,25836.749480735678
90656,19184.57546997056
85614,6529.6154838359
97013,24046.796544759767
84591,13192.223379001673
66284,16795.22082048656
79664,15858.66631654269
18339,8371.959171296894
85630,8989.978738018595
93938,15292.50259118068
29955,8193.664604420632
83032,14233.793543079395
51327,18300.09065730522
13684,12891.994070476176
17985,37422.33782960127
54527,11017.219569881527
79648,17361.91997815005
27323,12321.527807472643
97741,9842.207156959626
79468,14079.42863542926
19138,12924.35198969156
68510,10493.889476380133
21316,24912.644854158436
27392,20601.255747118987
14529,13821.710752905457
78122,15806.636182616361
28180,11296.26079029025
17322,7102.299865457178
22252,20308.539409949874
58806,53424.78680759984
60195,19987.83529645552
73293,20019.820730025793
12841,10861.394154869411
40750,10438.00189693099
18267,8767.498863179051
99576,18016.08012034701
86193,13056.355495330507
28906,10775.17507081215
15826,5671.098903161204
82701,24406.055441961806
45110,10552.169645049651
68985,11150.315693573655
52290,19971.58364871926
87982,29162.528976477442
21196,12254.150674250786
30578,7611.170503486503
43279,23335.27686449474
40255,18059.760962605727
93230,7121.696223036644
69209,13812.873548197424
66679,41701.29887369955
58628,6095.739890084949
53162,8828.655779447443
31838,9253.8614927136
67096,17591.349431981915
86648,17292.6847530015
93362,7487.288283679085
89239,13080.942913912355
76450,19443.288755145877
27164,12690.405851252504
13079,43418.50059457351
51299,54811.82100326984
21685,5383.908383046022
11718,16452.110943312928
42748,20010.9098939971
26507,13813.15375937439
57216,10405.52578796386
65712,21224.161181586656
55030,30525.675754525513
50776,19059.53981971214
84257,12522.138897962734
82711,6982.457718949348
13611,10088.1370726228
26788,6889.895817390376
50596,19699.357809944973
55035,15156.359134466893
21341,8683.91803776794
23267,31780.91478195824
50348,12746.522589099848
74298,10383.261359772048
63824,27009.423182651997
98540,13918.191840772253
42134,15944.860524704975
11490,23051.484050906263
96036,9031.750646801243
46982,18183.104378980755
56391,26595.67712560366
34086,23833.143265704603
26894,10393.347265772944
97842,27363.749230662062
16016,13473.42018137607
10676,11651.445295710284
40761,12409.320367655784
60478,20845.650735436095
51966,8730.794212395092
39062,8295.916732129219
28989,6512.698833933699
84717,9654.18456325135
23161,13438.894542587588
40116,16142.39422931911
51925,9363.442232480178
93343,9104.260107482945
58726,17623.65956729244
76704,17571.891890749517
39236,48410.14379332408
38001,18857.65264144331
38935,12057.2755779193
86388,13102.977401926259
64725,9877.52429654327
59647,10262.961142815675
73748,16209.612180538963
68227,13664.707389737443
27588,8408.769798362557
44542,14670.705047408224
14091,51861.68516468095
81320,12973.166949558756
84816,13446.211375169907
25067,17626.93922346329
34065,22375.42416194267
19075,16762.13718355536
76627,13642.325039714375
66337,14680.084320334456
22410,18497.272176873405
35782,13945.302586842736
30250,7971.944707872824
42387,9775.674572882948
46146,10177.91212897281
80241,20238.69362853492
82814,16048.132090548956
68763,14028.416746059125
24476,10993.929542142747
91864,37377.4039747926
61902,30706.678294587393
63969,16641.613935181
23069,10447.181418377524
60221,11581.188414456774
31078,19852.399674340668
16048,4133.555217904575
14388,24525.98584891479
55718,15239.932046348218
42607,22636.38218942504
25557,10552.714301258133
30477,20798.17939778999
78643,14277.109375975328
26548,19126.36696248146
80273,8555.88322661896
94320,66028.56230078914
60891,8742.90667042383
53105,13947.377586316035
34240,14963.385913539614
69427,19342.254517683414
49532,35985.37045365386
89230,15714.53468575104
96564,30867.284144107918
51153,17767.65652772845
46484,7081.370940544888
45027,21809.339020111584
94737,8625.184969296191
27480,16985.92751450865
59822,10649.84120412971
41223,11879.059149665176
98576,10748.551123498259
58726,8660.318759711361
49154,11975.382029843477
36904,40570.55831169359
94693,14277.028395287194
90145,24043.725033810457
32519,21292.43547220093
85376,5770.633748238482
58828,13223.494807502262
43960,9688.841143587411
34840,11874.16635730087
34523,5668.915651473537
69436,18001.605945612846
68362,12028.339165042635
37847,18069.57250747911
34609,12223.457008908
98471,11638.197332229689
69969,18494.791210113974
22893,10910.834111379096
24617,14187.479274641293
48602,7601.003216472449
63791,28850.86396522802
62134,2584.083714333705
19555,11171.086933297709
77862,25903.591007884446
19034,18455.01084299445
60347,9672.708427597068
23130,22641.955843524294
58653,12752.344595653787
72247,11211.507686075889
29499,12563.771728049127
94809,16787.72197011719
49785,20710.211824510225
98200,13527.235665036203
95537,7720.170699857212
71614,17953.928146398288
26240,21067.42735495897
36119,30037.681731777804
76380,31006.757630944463
24933,22860.23851602675
90800,11786.106735141277
73403,16295.611820136204
26951,7067.928299803647
12812,13598.467737844807
88814,8244.763869543158
90953,21560.35798666326
35913,14623.23845177882
12444,38182.56943802189
68857,25582.53923615929
27874,10734.642142349825
93613,5597.7003269718425
30222,9661.900311279638
54534,17413.66892620369
38619,12688.292976063785
31506,10003.179688419725
60464,22994.18630004952
42006,12469.25413972692
50593,10163.02904074396
86880,15191.511828223689
59079,15283.916770316182
30864,12706.507426219434
13214,25490.16893210792
51021,19548.95859440451
10894,11107.125742407217
18983,20440.7713230573
66320,8093.719517911308
89342,17354.04374439471
85671,9858.064543739836
48685,12250.110065849376
68717,20276.678497047953
25612,21822.411109554105
96550,19032.47105194754
21464,15143.415248510446
51486,28276.28108926624
22369,14955.923237530451
28578,14907.468288202223
77396,7192.43570067677
77373,10864.997825434284
67004,7426.421787853171
68563,30981.744933223803
91408,12093.260631768255
95382,13420.973113196596
98119,25476.992446715973
75409,45721.742457316126
99133,17235.913401453894
49470,19307.219238682548
96566,5448.4638108762665
65681,29035.951006397518
95630,9631.886108482457
39429,7349.308773421188
47834,13778.87762774045
75912,10250.787073178497
82292,8143.737295363171
99868,30462.191985040514
94767,5015.084407111157
89094,11380.244890285858
14214,11632.114553073106
52039,27623.68863837305
23905,20658.542730147386
26490,7265.451793004049
41924,27004.648751408746
92555,10916.826600336772
14453,6043.873617520325
94586,19740.490068766292
40364,21518.669585570857
58915,27848.40273905603
40540,68229.50417580282
58510,7001.444021903379
18293,7248.979651517098
71944,31092.854383247526
22878,13133.269740432865
18175,12671.035282962843
13395,23086.568352761125
41834,26159.309064121248
33112,20786.08300052505
50069,19731.95920085234
69629,19760.524531470233
46212,13659.194402347628
34268,5491.768440515234
13749,12398.006310207533
50504,7413.508461950498
57627,7236.601030879281
89680,9771.226221582685
36956,8224.988259220725
69710,7172.0336180330305
78217,11177.50100952755
75501,22224.400999756537
75219,18185.365330422246
33408,7378.387023187828
52870,12448.231542187486
86384,15486.26178057457
99984,28430.275658737475
78710,21503.372495098378
78906,5611.114438618106
22041,15461.59328505572
18386,10734.078803868051
61778,8273.701046025442
15419,12729.125551454668
62813,15097.424878528685
69734,7060.885097376178
59326,6582.117363095442
12741,41959.39705471818
15525,7894.353559889494
93955,12978.62986522115
74258,17364.596088223312
19966,21743.302368205244
95857,17841.297328826127
81983,16623.947560759363
59192,28606.06709940712
39000,25950.616895303392
50030,8799.14742001789
15960,19133.171552009695
21112,13353.819663275848
66687,17261.587048456106
63611,8804.375034370198
95711,16584.431897507322
60072,21874.270580303393
25734,49094.846579770376
67092,18195.14401404201
31774,33664.223598247016
80683,11058.219260300535
58091,8148.018541319629
51150,13270.897314427071
44423,12628.980058795863
91767,15698.229545665152
13234,28023.26757351868
29276,9759.004862983242
55612,30632.97417745734
71238,21317.70644464308
49145,11558.858742092185
99908,13225.093872099522
79559,23028.97473786816
96949,15339.267491716857
83060,13466.116776052508
39925,21180.75173024788
12533,26654.877153739963
69487,25896.035119506727
84871,51573.578189057254
94357,13123.53876932243
17159,18675.305237059154
95690,13158.819212190521
42318,16398.152771457437
65023,16632.476348591692
77067,11575.479445300267
68558,3431.456043939206
84018,25835.780009040667
82929,14130.903965123141
88048,27368.87934017516
87270,11124.601407800876
61578,8619.89788392717
19642,10343.503327982506
58718,16123.368155868007
98102,8214.51089538264
86856,9569.822465654868
60401,21223.376227308516
67872,12255.774888204323
93733,11485.65567324308
13225,21169.970543920594
71739,7611.170503486503
96476,9880.635063535847
47423,9113.461183877067
14037,19950.07728256425
19507,21903.646972121904
67814,11326.524226774096
78686,15392.570143369769
24555,26363.15692697769
18324,18042.876410759833
47877,10021.757808613544
60111,11208.175549654385
35769,19094.866451023707
32496,10751.379426147269
67607,24236.177551412664
82987,28737.689092259094
17097,9079.167977743062
76777,27063.907562823606
70466,9859.6728989109
73292,26010.680948374407
22520,21584.241007354613
13367,37396.49371987335
26686,30564.523618293162
65919,12960.435694817628
33010,10885.00465993979
15710,10083.222583238301
84705,1810.8719240724313
93156,29825.605145234043
23166,6621.4035143134515
84803,31584.926763975913
31800,23814.43536190831
85346,7767.252888028863
66896,63372.62585571526
17006,4403.880259881846
33712,13761.515458362242
24104,11619.387087910647
50981,11804.023153849248
99303,6163.504126492377
81571,10785.101587018278
54878,21283.658618695554
81288,7314.454293718018
64982,11858.148963975855
57147,8886.029925770443
93482,25610.406212143673
47710,13720.32357814809
34478,13725.544553367148
43374,11274.578854027477
63246,8771.848071067623
50969,15177.43947245925
43099,19957.53560460289
88007,19575.33457615504
79936,6715.74884078252
79905,26728.023712532682
30774,19550.97338043709
55095,27995.198616672064
52610,55777.13762618415
76039,35371.06601414775
62224,19665.162763488323
50614,5622.2874795737425
99075,12747.863292852922
71756,39572.64442047448
28710,17154.475579819045
71511,29672.51982384789
31748,22508.319055590437
49140,29748.322356639623
55354,26987.2082487375
17724,9835.82343025444
58295,11416.095914525396
80689,24257.097187813888
36156,11393.03435070478
16129,17385.650027738026
88118,9996.998184161415
77259,46552.216563458234
20500,10219.054051185316
69772,19934.35838940304
99358,17735.19897837706
78733,12486.94834355723
46392,12767.743853581316
29912,17302.89140141494
31501,9303.83381265229
98932,18772.11127622155
71662,18935.79098219996
20544,12235.413483258208
22239,28045.107247976513
16502,20994.208556483445
52831,19731.311567392084
99902,5248.858596320792
89737,13698.516507997601
22350,19308.978411686534
77367,18564.70574505214
86652,8244.165965448332
35164,16189.676869181694
82006,11012.719171438192
29801,9715.292727551448
32395,26595.653521912056
97247,12346.366759698154
79753,16840.67963784301
83807,16292.415601894276
12621,22763.264990162133
47149,9925.365839775712
41753,13006.643732949782
73995,17672.379175382892
83421,12150.979336526336
18053,22587.747373309256
28376,16377.683791855346
62840,17401.806836859167
28960,25775.641098552784
33546,25633.132485648268
31873,10048.439961639153
62540,12606.50747142778
69304,7026.729306499226
46500,12637.469740698754
28723,8200.813415236866
68684,10795.433394138832
29405,11501.354171739744
44859,11041.974981222444
54887,21095.470195152204
63461,8162.435209609112
37517,12358.233301496231
78927,12893.458924458391
39054,8196.86452727771
95967,10982.630984858653
43328,14280.458915306386
81393,9185.460317413992
28038,8730.53523557982
90437,8556.203187618767
47917,25928.247380562258
38209,17430.69802402581
35974,18750.541217326318
16832,10861.452186559527
41771,18097.17368536027
53141,9338.32109473243
80793,25036.225880925398
32829,10713.997991867935
44626,19864.88666392706
32648,8174.35698464043
48202,28737.088430067328
90453,11707.828694958513
72615,16683.605886352325
26667,2714.1294172530106
99316,13191.00049220457
76412,25030.95728531106
39667,17250.14122575491
73667,19371.619166892222
18235,8849.200004619554
24559,11575.885600076013
88552,11654.690844646972
23054,11243.749849442895
20414,19318.72511500607
27126,4084.686088550434
33694,9838.088884853834
70925,23195.97712493646
12645,42791.621380689205
62771,9193.902180917488
21958,14769.044313508113
99927,11434.55409340588
70619,12364.236097317036
30327,8349.350955275302
64938,11039.190638751545
11585,14399.851195527677
72551,7897.753392209257
79526,22807.744178220655
41233,7328.904023645779
18276,8403.95975559185
87829,16265.575127887481
97183,9141.03429917799
65993,13953.64106472954
16089,12779.467112232462
98043,12720.595108712536
79973,25885.41753402018
69063,8124.940396790944
13705,15506.87016009356
43252,9860.6952398133
20790,17827.98425888286
11707,17202.87406715651
54445,7566.8400096956375
64100,21444.065303438034
55670,12866.018227803703
21523,47262.052327363795
21110,21060.43477217395
87681,7712.671786472221
64059,15365.126606802482
22040,14989.198710817722
83676,15312.575058359102
13328,19236.473961326443
14796,6869.500083474304
36644,15410.834442404692
49537,20706.40903601262
76982,13211.468453433543
92201,11896.270589797634
59553,3465.0409743360433
40036,15127.972700060523
93349,11794.765755755052
91107,12459.263056178006
81205,9717.74019533458
68043,28582.668821705505
80773,16666.09924031394
10882,22362.425991231976
73858,12450.534149411076
81984,20011.001790914794
91671,16225.020536654514
30898,10112.757270768754
48418,12068.737170356932
19520,5590.1078563053925
43650,7058.68623327969
10991,5529.029113721641
56786,9481.37356307873
75712,23087.277730562524
21456,18269.456053000908
31535,6313.62207393913
83097,14356.77930884224
46647,16900.911026015565
85102,4962.025066760232
65052,13060.317949125742
72062,22520.272377869205
53547,20079.90128561345
85802,14199.831147226294
55099,33795.57833274692
55937,7355.316573492144
50615,10723.229806152447
59331,12309.068904827112
36677,7230.761531927081
32850,35463.42799838331
71029,8087.871735402785
69082,16847.64211646857
69917,12449.599699297381
78610,7931.355346240585
24019,16290.701036309876
75553,9410.521750701198
52865,15151.893994299371
97561,31696.258584961164
58231,18417.829343062986
93647,10964.345196439688
24639,14818.875393106511
57232,11073.598631144869
13352,15790.628212493768
64465,16603.99860269688
70776,9419.93262313516
54695,9845.311765900628
10633,22408.478381991175
34121,7366.5151026859385
18077,13164.881754193808
28930,16372.201388911802
54363,13965.566182012628
10592,11540.432373639946
53110,9388.293353246843
63549,18044.235997522384
52821,21826.782511500234
62106,8630.977931992864
44182,14631.40496175399
31602,14884.280069339928
65815,15022.192629666928
43410,13396.73471303816
85781,34593.90034049744
13517,13599.677406292303
12807,16152.002380301323
84718,29504.93701761234
48802,5773.670914610364
22093,31431.80218239892
24649,23628.58692135245
74106,15661.713641079952
16191,13598.652363635112
89160,10631.327043897258
19829,25605.525288923753
86447,11637.362322092855
60623,22478.74011545504
50892,14302.144502384355
22478,26861.919548237838
27899,13965.243874679061
37111,8143.630454917848
12182,16530.885710623555
92219,11614.248736206733
71265,8033.457710816967
30827,14680.661943650459
48823,54067.47560460825
29672,51110.6435596581
25082,18593.00802074874
37332,10947.117255521589
20202,19521.851821616114
39498,20379.32268424461
45687,13520.003040152777
18111,17073.22421872299
86344,13242.080202915626
90688,21684.503374247237
85360,30068.515768642203
32018,29063.213742199492
57548,7771.952296362129
94843,8943.164606197966
62942,13874.906237738112
31118,19237.35392453787
95578,9929.161043810165
17008,12975.040666009845
87484,21452.640104976894
28699,27500.239924587702
30059,9803.526407402049
88582,15778.75289182431
66148,12805.062533848955
19053,11266.754798919821
12060,30921.702127041997
67872,24127.798226287814
87455,30608.894918596958
96352,18715.43173490193
14601,18125.528916700325
54231,19667.80819158502
42281,23232.59929147681
54004,10927.631968736692
49586,19977.403051274017
85807,9050.611697760669
77158,10785.101587018278
11868,10037.176588611555
39632,8817.467692345966
62159,17001.65175225364
49022,16590.623450839626
37213,15118.15636333148
30495,17550.58883862019
54247,7849.305920095307
95306,5583.490017872464
82749,14645.86161918903
17319,12606.596058889942
10265,33656.962668667344
69556,9093.944057327139
44815,10869.859437099634
15824,7665.528145007358
34287,11179.921544660327
49492,20516.7696927328
23118,8108.429036625295
35361,10540.771471761169
90021,11724.569833952908
17837,9265.353502523638
86786,19954.958474522733
21334,22863.683756879793
62818,31599.19036454923
73540,8610.867329822173
98303,17442.727886597742
43409,9994.755357935266
44680,15139.772804197302
50021,11424.773390923958
74229,23155.485052701057
97894,12826.362955406232
86442,8280.683532049849
10333,10436.480878628716
13181,20659.982172306045
26231,9905.11527413754
11176,13555.714131086988
98923,16908.938341328914
82722,8865.00673952833
72613,12349.422851205525
39653,11807.193901133242
58016,8380.252573253298
87339,14737.65180226052
98810,19728.904894422452
23126,19026.85751998775
31560,24715.936258044418
16191,10633.307831982063
11415,17655.69194607372
68374,17241.990123262338
62173,10216.907023532749
47067,9748.394570572967
44743,14898.606863372532
48760,15717.210214584406
41518,19454.950361223684
81292,13915.368073264517
85232,17779.89821605022
84092,18071.691831895536
35297,13148.43835767926
84603,12133.158348573143
80584,19616.38296542048
46674,6872.612193648232
80829,10989.87942800967
35793,18646.050958912772
69375,4866.492326938458
49164,14605.976066253877
46441,44018.98250951501
62733,13237.601081398916
10767,16253.588605586696
77396,5946.732547882506
43269,13397.85490923097
42444,12510.449471463722
38319,20400.74360526594
35907,11956.525893427384
23009,8822.299856000995
15505,18160.670380379343
75325,13522.288011831608
71690,11812.78036661062
62744,35271.19302670883
69319,18001.43845247739
36141,7549.42431844249
56225,16416.362599488428
56256,21155.714473386244
29128,7421.491690996374
42834,12107.462487418266
72810,6262.574539103274
19283,9999.966980777088
96580,22913.568811465786
57157,18223.34700132549
64815,24444.418224260433
32923,13162.805198175778
47518,4934.680723531554
45244,13788.086135174724
42888,36075.556093226434
31370,31819.224352838224
83496,27765.723986577184
80605,11715.584643441882
42512,18616.388810783756
32068,13587.843778001317
93878,28171.462282585006
81673,11366.783368399338
56404,14149.304926745002
44770,18614.050468259917
51092,9881.21055497914
77079,22113.348481631525
41669,52742.971616193805
74821,6661.499309588848
97076,11342.805448406758
74832,5946.950861172843
56474,12233.878333026358
45065,15800.705507277233
76940,14659.226812223078
44808,11844.925135610354
40756,14574.672959390642
47240,12155.571278015741
59537,11011.239433624607
72445,22670.99010792089
34264,10690.872662431804
26004,11066.57038111493
25191,24700.534447859827
26497,14726.368293175423
93540,17791.94130740078
91913,17196.38372227535
86379,23836.471652414235
50692,8834.266639093275
55324,3896.98016261424
97127,17935.54999778537
34796,30645.781207558422
16141,9166.014698383882
23104,6495.576653667615
59614,21035.404381946024
53427,42407.93097836949
25764,7714.160821353269
37981,6017.777324119375
76295,16970.951467248575
72585,15345.818639788913
12285,50704.70725333963
65495,15065.555824372947
18464,12888.953224559304
80713,45433.323223276224
61743,4452.069496128639
98221,15818.534785049485
55786,23166.003824727937
87000,14492.849051614423
49894,11816.806139171378
49245,20052.216100239933
66089,11531.28521000193
79550,29204.269926161545
85629,49656.46267100909
63801,17589.50302548132
11292,9639.365144284198
22206,9003.858458488347
54488,12052.451470330474
73121,19583.656233090493
22314,16245.942681034294
84109,18563.371373095964
77043,12719.85689416661
17598,10008.29329030672
86804,13936.237692905652
71140,24637.185922755045
50133,19949.01541892606
33789,16311.445145600263
21830,22941.015698235406
98644,17966.27536603356
29119,12820.266658353126
64171,16736.61773795699
45162,6423.871509087188
49319,12855.513311897752
50242,15440.893716821753
53213,13552.217790521445
67350,18198.687477314626
66105,24618.64597399192
85264,13917.994011327617
79802,10564.484958556837
26813,22413.867676631322
40884,12226.519319264607
69228,12067.622145995389
22095,13338.481043335396
84526,14423.758581898903
14319,15547.93361432885
99678,19591.193500913992
58937,10546.347601699357
56081,19290.81104813539
27618,12875.720877959695
75728,24525.965237203534
60526,18410.36984243865
93655,9470.392464287554
13686,31573.383826090605
73615,10222.061538149983
98926,10852.44366468944
28963,15729.624365779864
82195,15271.071797645838
93620,13921.804637030054
33095,20270.776202947283
35927,15382.676617937943
74744,16056.611685696393
85868,19941.439163353865
19171,22054.305708334017
35868,14162.293129355805
80426,11064.025435740617
93756,8198.391462484145
61813,11291.970701338823
35466,21695.773373236036
73331,15432.433258201394
33959,15050.449574950915
98226,12532.153446677388
13508,19696.316466116474
76939,20521.281191506623
40447,10191.85300758914
96003,12453.970000419187
89498,21456.17445023486
63429,9120.156303764657
87078,7636.27492771709
94877,18339.709339534747
51087,26308.18061822688
10422,28671.71727849393
29943,11227.499031159978
19854,6746.598116549194
12738,8646.659910133068
49172,12013.493353190468
65513,7160.906513333104
79099,30635.461884468164
59051,20604.32477451187
46415,22568.071566319668
57150,10749.86977694608
44323,11912.523527579753
24008,9211.437636572642
10889,16180.205675661504
81650,8290.13362853443
16063,9150.96535600828
34563,9368.21555985741
59923,16415.201721283735
74799,19650.260725493245
81986,18770.508938699684
40644,16180.205675661504
44784,37317.71827859553
62909,5384.941470212139
42084,21768.602933086222
42128,7807.0945257243075
74943,8878.760281844023
31314,29659.39428409851
85500,3923.909594240571
44691,24297.53624387895
18916,10216.621443497967
90195,21745.250898924933
31732,21505.370138779042
96696,19962.224722942727
45466,16660.092098388734
74224,16461.157817436164
95430,19242.02903169461
39697,5804.58028525026
15684,8033.773225953491
17622,10908.323985437559
72106,14237.909598150032
61700,8704.032884347642
90018,6994.8580812647015
93405,32931.39068728545
98441,6065.1626840979425
78759,12291.55700105696
92235,19481.34148755904
97652,23575.393440489774
77145,17981.88076651191
80839,19128.88063974071
49736,10741.30654334349
33012,17207.714678318942
55453,20575.61441169903
90100,13546.960104096246
95286,22261.445431188222
58709,31161.837255975057
59927,12023.452174606582
41528,9731.724271884686
86013,18095.90969029082
47211,19613.75593043105
23055,13377.087260031123
79909,40299.99680147749
98197,27383.726514058653
94216,10452.7335644185
33365,37889.456079820295
23985,22750.79407851502
22958,9662.860787323694
72828,12579.076724341767
23378,28459.50900183272
46155,10272.04295377282
86887,8547.793862350338
10208,10931.564211926527
27291,13826.87793809539
36378,23389.2881290705
24662,13571.555311533384
39235,13924.777128322745
35519,5455.457962568415
23967,10470.716151193854
88403,20142.46096721237
46399,10232.810289969882
20813,6733.589401301548
99357,33576.866906376454
18672,10125.960473359031
56129,20795.203804172623
20503,15501.441418880953
64995,9951.124491125545
58012,31164.263730931627
34919,15484.91783837748
70702,26835.820316894038
76038,8762.113443550143
97275,8019.191232601079
27286,25042.481943296603
26138,10974.7692711801
30652,10980.634525772892
25906,12358.786162323762
94233,10333.251721360317
47374,17035.623226322034
50227,12382.736254776803
12913,30102.692821030745
15227,6296.749725783759
37558,19941.095802837932
29722,27904.170859560276
22050,31865.11447209162
83459,12072.68723770955
21151,20367.49650138057
89474,21689.619398610288
37108,37067.432795419445
24720,37449.61820438858
91397,21140.41998988514
20136,22933.04664791986
49684,5712.523185941387
27647,11004.400491025684
22147,19777.951518234066
61187,17112.97980712259
45847,17884.181365690216
44728,8715.375501327435
96652,7548.6644887434595
12540,19315.930250912592
99179,3295.1683595728064
76166,27363.944029330432
80587,9820.918722632396
73837,3960.4826174269383
50937,24915.31330218541
38143,13877.431689050525
44308,26636.111894731046
30239,35081.951650202405
20873,16107.116929501772
19628,9336.261847787264
67447,21924.217453900466
43074,12450.020544574754
71941,7659.509752305839
95767,16508.19211981209
88706,33560.35941129242
97782,7788.370828670224
32567,18166.33018681238
87592,27754.157869369163
26568,17584.019027509887
79670,26787.339914808428
43146,9378.06219095509
57819,13355.287526085805
28537,9967.5208253704
26049,11197.757171976169
81715,16625.47458820423
78256,30047.770317616538
29968,8382.411485174049
81916,32363.066169413614
82943,11230.40992664867
44506,31731.60410836317
26996,24761.8510490144
16308,27574.071098623856
43992,9814.378261495833
74485,7982.930945590802
21359,54681.06377266259
95795,47286.07887039811
44874,24175.674448557056
99955,23535.262362992224
45794,12465.677656419277
58103,26834.49431458069
85236,20461.822131755223
77896,11282.219426582764
48612,8327.69298695516
24207,34028.51683836466
40517,13554.85463245058
81607,5452.540735976867
54858,10588.423017770885
39425,20769.210621041297
29460,21094.832954138197
35884,7054.367202654961
63271,7513.50974895077
65159,6043.278876511355
80073,7124.180207386846
26867,16637.488780516862
75834,13179.935819182056
77050,20327.086092462996
93849,26907.825440172543
44614,14738.081333951239
68873,6077.766151396885
23556,7595.696979025133
47197,15825.474077229082
40435,21584.733106855165
38411,10117.202738364796
14075,7189.835746216424
89722,14698.688491727631
34041,16517.10884175266
31211,10110.59208355939
83233,30562.59698587321
73398,12085.784485941316
80185,19293.080493409914
38592,45285.381549468024
21475,10861.814608410195
53800,18734.172295855355
70529,18928.84640739387
32679,16120.48761692499
36867,15827.624958117676
37863,14593.75478306436
22406,17063.955298612647
74863,7677.172986065965
18607,9621.78744036028
75637,9325.80962433045
78789,6833.508462624264
85533,12206.475294223828
22715,13028.60698129424
24706,16106.13967093964
45548,16793.135842147978
84072,5847.525394381102
25301,25529.794851354935
53988,19220.252299769876
20431,37433.93052357977
78464,16445.943107818
47512,30733.166920184845
52970,12500.212804976765
29891,9660.964725938387
29916,16659.791491228218
82487,27517.401742003938
57217,11127.509814125175
58960,15077.938516150522
52941,13602.70424138855
72001,14074.425336018376
22864,14368.474070384123
93910,21732.941382537436
45261,10442.120553278744
18458,10170.642435134556
50101,15581.65206592139
24348,7078.175272576467
30987,23181.510740418307
50316,28809.31326610344
76988,10899.033621720275
55931,15842.573780334713
86317,29665.415376732417
53091,11133.563690615727
47887,44494.950385477365
58320,18240.84262353724
69135,22040.89722671237
92761,10713.997991867935
47537,32009.12653055796
47400,14408.106990047552
26976,6400.104976199507
39704,26628.165783945435
19114,9287.942520829412
76350,23261.400125458706
47877,5839.539008418335
71372,15124.468823050873
75774,10202.37551606539
21348,15341.104538132045
94988,7347.063195723222
93405,7487.288283679085
76267,7975.879284032379
48394,21968.977158810038
48353,7684.401879805839
99258,29332.200751771634
46819,12006.474404138111
89864,18152.593431536337
98888,14634.3510058339
94901,9593.738485347634
38540,16046.478290144325
35114,10078.453788331975
63562,22203.34817710789
10611,13380.317794208277
92718,22201.686588406283
85328,22211.00837442626
54752,43145.43601846963
73322,10091.836822033176
30050,13125.020533207244
38706,22673.12481184033
47890,30464.852873601725
47638,20917.017304194706
42028,24631.37904932654
17520,11543.985767446047
32872,12185.937163751416
86337,26706.639263344696
57783,17504.312705418743
46625,10867.325057892796
40037,34386.86121739018
78487,10948.613715008521
51926,15252.717630651936
90472,18581.02669714503
66355,27975.29774534797
84515,13728.658480135175
65241,6166.52172382173
66899,16933.979110632798
81362,6355.6707412079795
60670,12840.325986552967
74798,13865.746229062122
49393,12246.51365570173
73374,21278.63405562504
58219,7110.486003980104
13910,21146.43831761981
95977,27890.924904336294
75610,10272.04295377282
82320,16168.759755087312
41184,26444.586700902455
13017,12953.099261714735
29717,15056.721517347012
95213,8736.535732038874
29318,14954.056738934512
19286,8829.235912258
61136,12824.103605450962
78636,13739.128397913773
77483,31813.146800635193
28956,29867.91344202534
86295,6359.7451291125835
48504,18403.058927536087
91232,5499.133003794852
82293,14547.640581653463
33073,29667.90175705337
29016,10123.588525103301
60781,3468.9284559900607
92892,12164.32498252888
22626,10388.29607906389
18119,30649.46278069631
15078,17960.653566240373
29309,11011.851764736875
15474,19408.836482483704
93220,8003.6551175529075
35108,20863.86623027846
39503,49629.13657591192
65278,13140.318676988267
54738,16849.519600956686
16537,9671.419443095168
10101,17015.03539966753
74915,41373.1159116514
10344,18747.4428309521
31762,19708.6006195789
51503,12365.553261186058
30125,13901.250135179715
15005,6438.81313018252
68615,7451.782741010447
99800,13981.014285606268
99920,8520.565436841562
18930,11139.39261730756
27261,8500.037352092475
50177,12742.441264813648
57570,16981.17151976035
50401,20055.33113519663
29608,5469.779115809935
25282,13009.210498023418
59061,9385.387361245877
56946,20037.941681552256
99052,11190.306693061513
90604,50707.15851245447
40234,7460.606839755819
19804,17258.75016140519
91056,5718.902411734991
20463,21471.237547354605
52469,15628.20385119874
68701,7396.979071264161
38466,12909.242112121156
98292,17466.463011232954
30842,27709.159009764197
53627,25809.001485271427
91396,14768.799951319877
91855,10447.811732944076
41280,14072.393290074211
46119,16986.795887324082
68647,12986.092166186487
59344,29819.41459809146
13161,11469.955026527283
66988,11727.195399393131
64199,9949.108168497633
66028,15559.714198577503
63444,23353.812352405825
56640,7329.85678229945
51072,22001.923705619367
30722,8081.805095606705
46220,18899.22592846794
96260,9643.472102793268
60021,18979.203662852553
45112,25716.424721219184
57448,21836.168821702046
59765,11164.418624170568
62784,9266.237331267439
69203,22362.810659755032
45399,21439.688148803274
88690,25000.239354356236
18449,8457.236669496166
53967,11534.717253429637
61777,8330.323664261698
13887,12281.118034113444
58169,6677.701388702533
94983,9804.595026985491
64868,27526.87677363416
66824,9866.638164072046
53949,11092.613377744816
15578,8544.322290526306
72642,9115.837293580364
74884,13153.311910174023
58783,15125.87637131476
40786,32982.48759490483
82739,11608.789326733555
71291,8346.631800766707
28592,19124.109232407307
98670,10260.092143830268
83745,15681.699982434602
45679,33812.85893810165
11909,9952.339018753406
27266,9448.608730492979
85442,12505.855823180545
66144,17028.10824923222
47389,15027.504845911
80797,12516.585986372578
19572,15030.45107781609
77760,43756.64101566952
64242,1794.8421421369458
70976,16025.298734782136
97242,13480.784477931287
82109,6943.460102681649
61003,9632.966619546518
34370,10085.617308335624
61016,16528.127298605155
74328,28804.889825003494
31683,15766.173000172805
26311,14589.057796629395
12160,26539.54425796436
53741,18001.605945612846
13761,19213.455116485493
51187,29411.341674615236
96513,59331.70143573582
58023,9681.687225942445
77063,5711.964718091889
54933,19975.925905911463
82218,30649.46278069631
73372,7654.317336204513
25650,10852.728125353238
51990,46232.643743711065
34914,20304.7396990145
45942,10351.820957722146
78576,30124.2490026717
46100,14352.262403898692
25969,14514.755639934441
94344,17132.36141912772
46741,22879.27119499359
46688,18135.207793118392
20183,10801.360763659191
65975,14919.798291023926
98646,14250.384900082758
56593,22496.982318820876
45957,23804.927815998166
65933,12730.05505143148
67132,22752.03180118256
60606,5960.2720625353795
72597,20722.24222880971
92821,20322.01930419011
33031,8443.39339030323
50895,29668.129737660463
46575,16733.18729008515
69237,9719.5675461065
96773,14721.299277608823
73777,25036.6206924792
23658,8772.80498008578
71684,14864.323224273976
42928,14039.888521305966
29742,9694.681086915978
83982,15578.851326545944
61233,18516.687976835296
23894,17128.66447025184
88201,17294.185243185613
57477,30808.51505171222
35054,7711.739641649301
65017,27183.28857172795
41431,20059.636824459343
14097,10110.59208355939
36923,16682.9999351926
23368,10327.144803985027
30453,18922.518443571425
44102,41758.44884530529
97237,11704.505495941241
54104,13798.77617553886
14573,12245.827501758682
73631,11058.305911668502
46220,10168.257640122074
98637,15832.200439072372
19321,15849.247694562368
20391,18286.31680519004
52035,10959.955922228917
41136,18782.76276168204
47633,15956.13964575616
47689,23455.99122314746
33238,14886.55103444248
19776,23579.647168322488
94736,22088.175802241472
81954,19147.70988532791
63715,9808.380699112047
62376,10279.273989821932
65458,9484.516509092398
81109,15447.68884227101
30335,12790.27795062965
13768,16466.331272266354
67843,17343.733620078954
88455,11676.967657588346
25158,15099.585717887412
41826,19511.95238562824
13767,11852.462117208735
37587,25367.5017931515
50167,22165.73429281232
81555,69009.63138806814
95266,10456.819019729588
54262,6638.425679811386
75703,14483.096014902163
96447,10561.30866777567
96438,8824.001746129903
12409,11967.869597536142
25495,13864.940924620989
24623,15047.46848511912
26106,21432.785569163905
34056,18869.304126590752
71253,16367.534553242553
69064,10679.73020890938
56002,21735.15623137021
54318,7482.461390215491
11031,8643.586855426849
24287,22592.315842312673
61401,12434.208231336757
10580,18000.023265193948
37376,12992.09827462838
60185,9621.862171752298
34407,14449.516097295904
23585,25321.668667691192
47176,7354.603434163284
48589,11888.242099311721
65857,17063.596876143845
69488,20916.928197401656
95628,19805.996841162414
22624,12864.282722819687
28266,15292.893801746108
78236,7946.787383573475
47888,14861.092374018204
16815,12403.421061929475
88147,13014.630802253541
11698,30635.627501962583
30307,41605.42837760344
44353,13960.020383868512
70092,14483.702018622647
96369,26584.18368767432
47637,8694.875592164783
59206,9724.129910179543
66367,7305.945361626305
30044,9532.22723294027
92589,31297.096574037
27468,5118.0126234824365
77419,18277.54950596827
82139,11184.059401672606
62912,6904.457624957729
79878,25674.143371413127
56905,9555.605511789076
88976,16335.801667292386
73305,23797.396594267313
64741,7759.370696842343
12648,14762.805965029798
98892,17652.338264238693
39966,14930.714590127816
42614,11692.400042767236
86238,21243.881723077604
79944,8180.151697119716
76687,12723.452767825263
17672,17749.69959510254
58910,20298.367030414065
90641,9493.971254498865
22957,7132.98353364453
62306,43848.10794343958
55693,14556.912191150732
39932,1926.34359168859
95569,17913.413890136035
97330,5714.1077123697105
22308,8611.646666597393
88119,26314.758164357747
55367,26124.283831937515
13729,23403.202272250448
36858,12226.114796526363
44821,12422.561341781751
53692,7006.93710901066
20301,26327.403050404802
93968,10686.731196804918
18787,12098.204394431123
39994,11816.81997744666
21887,9749.331761090587
62922,14372.128545986146
84595,21241.89482317256
45223,18145.687939819432
32572,11642.804542086327
40409,53089.04489547721
73195,12671.265061624541
68189,22416.412499986858
78349,13159.674084811772
37237,26025.27223021928
31510,12980.928925477609
68722,13115.589983773287
60594,18901.59152978896
51369,12404.209299122427
80300,13345.178550620034
89681,17523.51195859563
11178,16449.316386334776
42422,15521.748983923559
67644,20628.88268197901
24169,12172.599775907946
73703,10690.872662431804
21485,25085.112801264757
55232,52721.80436503662
88499,10757.699416864285
64038,9150.96535600828
11575,14680.258232946235
11060,39354.98487909377
43618,7080.5043142592185
66684,24900.724789949763
70709,15711.780484281575
12701,45605.74817285249
58496,10871.452370382847
74068,16332.700792464613
13083,17649.417000440553
62983,27411.9936642057
98491,12695.396296774165
69634,13412.093408657212
95320,12906.896088765288
67954,11150.013665114158
97386,6274.3079327902615
28490,16943.816948307627
19591,33181.995243006255
48148,21142.982628654816
22558,10223.667502038026
11383,11112.605463898411
48593,17442.727886597742
90602,15784.66417966634
52054,13452.709615973408
94149,10429.589680065934
82814,16377.782662936585
93511,11062.701116751701
16464,5225.819584747598
41296,11150.013665114158
48686,55194.38427605618
24836,8761.581520584083
35448,19409.957923551294
67762,22486.476378083917
44577,14504.548255342374
12954,16353.15460341365
47225,19845.664641911128
82302,12430.173579190236
32673,48229.973270368006
22661,8648.168878960401
13370,13904.065013717433
56047,20595.31150704274
76907,13296.71564642353
14323,25126.739344314847
63129,30382.419622877096
23034,10948.25466984585
42051,23384.902933371155
70230,27470.304614165114
13067,28567.23073708058
69485,17005.88704006179
41816,22631.80539159791
22349,9062.23662495442
24126,20036.222283098745
94694,17230.4674869539
98244,13532.966046720534
40309,14980.509843622222
91836,15775.720143321318
27583,30549.852398745672
86550,20231.40309942713
21401,12381.060358620509
98562,10473.549126564321
26073,8209.074942547159
87068,12517.997338659814
91819,28636.75547902778
90715,11971.607668422788
95496,10456.108887576982
19051,13587.843778001317
55770,7122.768923505973
11658,13874.906237738112
96906,11587.89919427396
66522,17004.896395028718
43806,13624.889943572587
67370,21936.204114893382
46658,12665.72115455438
55353,31743.40202135087
99812,21253.048703282806
35754,6767.016686736033
39669,9222.270599226005
56747,11694.129203116008
77771,38051.7655706465
56938,14121.056105025771
19108,27138.62719161807
93054,30533.206418027057
69128,18718.114811447038
31626,33785.37202584385
51328,11145.944705041487
91455,16870.065771224592
84121,12376.755102878487
24702,11473.582110874064
54677,9663.106629742626
68742,7138.107974753613
43317,15552.839064637099
13416,9363.959959659907
17634,20560.682791399544
88773,23131.517140050637
21849,24754.57692581001
58326,16182.552405808523
51327,10470.716151193854
65672,9407.512328233091
76757,13764.030442359002
17603,16920.822346193236
61945,20006.859836976924
66922,19939.32223110447
16667,10335.57579030336
63598,20864.779559175407
30112,8683.195397298907
38389,10685.767461557225
69530,16800.72025887433
63369,11765.753047855542
41761,8836.486924540226
72837,48740.37016678152
39106,15833.350806167467
90108,7064.34282144041
60590,6271.75810704094
84209,3549.7658027495545
83214,9415.35970129567
27938,11156.707501226345
23960,18028.09765521372
43001,23241.492523521392
45244,17936.61753017123
24962,12630.399996993689
84840,11684.19260075214
58153,11273.31237357561
52265,9352.425410752665
94162,18568.96668335652
41916,15566.664905360976
63827,11601.45492438455
92984,15789.902553867501
27611,20099.689903529008
47261,27049.153044563715
95747,12192.029970780874
45671,29456.2418395738
67978,14797.917238743152
79723,12478.791611525765
29525,3582.381065002539
37487,35204.53261463389
35063,6902.004439539496
87087,31212.731724126967
96719,15508.636043279204
46588,9461.79792494005
76680,28939.32522230627
18123,21677.349783947622
62480,10539.217098121217
40838,13760.900599292898
97640,20553.969287307496
95915,9543.755533086663
57600,27817.742224375546
22774,13355.287526085805
53696,7139.188063883645
18478,11202.096435647027
70572,21324.02866326747
83880,17520.935393750577
29730,15986.781709998377
30278,20647.21669697036
59179,8306.915566196789
47596,23654.23179221597
90362,7987.248388059523
80851,19558.397084784585
50278,16645.68945839051
24110,13530.613553191735
32493,6885.131551131644
30862,18538.876370832204
34982,6013.469273466821
57543,16464.168227264836
16420,49349.65061602356
56272,7180.05662948118
78604,8116.31210429028
76679,11632.705660062846
42701,9750.619229372278
89078,19905.09832337648
15143,15189.460428678285
45521,21720.335852015778
76452,13504.740932225051
37753,8831.655775135574
99499,11022.696356139317
86001,39456.97513049349
46579,8535.858091114571
30898,7358.073864590862
40420,8889.73669554296
33572,16950.172083929527
81371,13057.211532817255
89080,10202.420987786692
67929,9378.06219095509
14641,13871.655640998215
96248,29992.37168784276
76316,9253.582980369993
78020,11542.332877603858
22343,10990.948692486958
23467,9973.760547073498
78616,7618.588943413555
51732,12681.51335656397
13512,13413.09635176143
24851,19739.786743026405
83829,18753.595899573418
74121,9650.185085898145
77084,5376.719947166441
93418,21710.23958456141
35897,14889.11586254491
72835,11235.357545485305
68815,12641.860307070063
10011,31314.0873289096
61089,16548.237323137462
66100,15744.803574904203
38799,11526.168363019557
31748,32683.705003899588
17912,21111.022713736624
46545,10437.771204045104
78070,4361.532290266203
86825,13047.443175949395
32810,25988.2953042613
23596,13799.058015849094
70869,11558.091038518402
74379,27465.767630289007
48549,11415.069445417637
46827,29663.738842139697
27037,14025.062747505017
69546,8057.986859879966
15529,8626.603464681462
60991,9632.45459003773
53054,26744.897830404494
72195,22701.985682165752
22780,11827.955650227013
63482,10757.699416864285
21083,18586.70728062032
91008,20106.774219307074
38394,11490.61548269284
93459,13534.252081716339
39023,10899.17598902585
79459,8516.991942100523
80851,15353.860053108137
40101,9863.712172306625
90699,11520.858191807532
50154,12436.0663024972
80967,13584.918599464487
22920,16187.477022027859
48790,27088.67432108452
41992,11164.418624170568
74250,17359.13322561968
23745,10795.115091953774
15474,15465.954938839339
91439,11977.994906773942
92767,8323.424371487992
99417,12498.344828408879
77503,13286.018565963364
91892,20979.203785297348
17204,14258.909783029432
59518,9875.728938050377
80860,33051.36648227991
96054,22549.781970854183
87572,4800.594510203138
11090,34492.76032036719
71674,30309.863295741103
75144,33987.25296485153
69440,12770.042901180766
32242,11551.30614988588
69986,18673.302145486658
20371,10577.677731469765
94662,18980.62548594858
60579,10204.792939663741
84944,14780.96816616822
22210,14806.012283226859
24594,10484.665905017551
85282,8766.515776223938
53157,30907.955607148942
61996,9805.247137519867
61102,10093.965903831126
86449,7177.071910717834
71825,11883.447547799049
70655,9559.920670735493
32508,10378.369261937212
28256,9670.468942719708
66608,16318.790312223437
13656,19103.67250657833
50706,11296.26079029025
23799,48510.81719082492
70559,29245.684509145794
61982,13504.039145019176
59229,16692.04247801367
46008,12241.473484006367
37278,20666.94287461294
26897,13342.908655274208
62229,22914.731195379904
98182,12047.087906600364
87361,10457.784025030001
32108,16174.793124057487
42829,21080.19888772507
44043,16590.503107773806
44721,13057.179101011061
93975,16159.25394604255
84583,23746.560996746688
97438,15780.644795429422
77242,13881.764201272921
58420,39297.91038269359
15908,27193.52926296843
34741,15466.6788728942
12865,7266.368909372573
26423,9473.377478713446
79813,17738.978044463933
77031,11317.738335371745
50466,10307.26344605421
88775,21447.017636879595
46244,31590.322652412695
76706,8748.626947589268
47558,13176.062569278716
56813,29256.143416431274
92368,28975.715241012782
92729,17704.41840464636
10800,19372.790371492818
21586,9002.84002628822
53362,13319.782091965055
19605,29817.360196062407
21101,12867.029713347265
11742,42200.492095757596
67889,17839.37244043682
65756,8516.991942100523
60130,9825.443599338772
45416,12590.864138874393
27800,18683.210512472768
49421,26124.743747593864
66602,17435.1929404255
30144,15856.41478727856
80243,11312.147620930344
48196,15610.738462349793
91180,10316.315224583494
77296,16717.487029490716
71284,20521.281191506623
31169,7982.695901682604
76784,11972.183095503871
58338,8007.870092390129
79120,16750.346825551485
82488,18101.952371129253
19886,28625.06235912548
58546,6583.22474582249
71752,31998.836089369666
74906,22515.544929058946
17328,11569.548927000485
56172,16768.594361116047
26997,12221.115312331489
47840,18387.48627256628
91742,21480.89253153832
88607,10846.127011077659
88558,24432.64040820358
47119,12392.898892700901
18210,14068.665039910946
40658,30018.970492792574
93317,8574.53810619584
95293,23847.985162375466
84570,19867.379601200766
65289,25946.720112410356
80699,17016.911268233594
72479,10065.715081213471
55272,16276.384432888313
75702,9341.95911206936
45012,8220.928084942616
89510,21388.56056790694
49590,15792.083013228104
55075,10827.428333472133
43271,17593.82941389192
38804,27661.322248854034
11344,19663.686097552778
72922,12856.992809038904
14258,27460.608523801282
96202,12595.621598206679
26320,20886.709559103103
85163,12076.23833226537
15779,41602.93993962608
44672,13400.712624136238
30301,6743.075673978219
90949,10081.558864043012
98276,12967.753520486436
71833,12962.890889658944
86196,17498.845474127367
73481,13604.106737171758
52584,19324.53642450811
76323,6415.041692123352
34393,12152.445375032199
15217,11881.101012914602
83851,11965.8581298159
30273,11054.61456086011
83953,10321.526912969806
68056,10215.460759395923
34508,16704.785190402567
75005,15671.198319850753
65022,11420.539011735786
71290,13196.089548772834
69193,16726.624927488752
99607,9753.55841150398
15893,5934.428018067621
76390,18215.329451197445
69776,20181.045135200864
12319,25840.677800341975
63512,6749.370552662833
60250,7510.907397403638
91575,34071.55256126764
55702,14525.197241293752
95690,8677.484180014031
35494,9420.230890050947
18787,15934.754136809444
53541,16906.306716706487
97628,7363.874392750966
74653,8103.601362648864
29983,31604.208833660465
73759,15317.578467320654
97383,10406.949134101213
77873,10678.952983350264
78861,18272.279803798312
31657,12678.785593522043
37942,15916.824201178904
29617,21007.895513813637
88901,4974.759200122649
54223,11550.21178266709
98932,11540.482129909913
96316,9777.669895720017
86021,8634.294662067136
68883,10108.401761147024
40943,21615.05732535585
94792,14935.534649484021
62379,19278.367211733585
32940,18486.93209541754
20177,22080.6645281892
72567,9007.327231744763
47370,12987.196080322325
92271,15176.410768439806
61434,7743.077338586834
82936,9051.37258433604
87014,9663.274569069677
71431,8298.57465617816
12848,23882.530911594833
21421,21058.843563201186
40356,15474.638223331465
61801,6602.2668411985
62567,18069.049886044162
35375,16343.666597491047
97742,11522.776134227635
71250,21127.18016446528
25936,19181.881503680306
47925,25536.998014887038
77698,12670.814591824339
98345,13468.876718115327
32822,9346.659735299318
53274,16576.864938073548
24258,8938.196419613345
37964,20560.31409404409
94375,9714.638766954584
70836,16011.64583566276
98625,11747.885481910424
24351,21916.48833328809
10487,5740.763414890012
12039,14583.908552243227
14484,4065.6422349078584
15176,7095.625101972237
10836,26095.503417357722
65616,9624.872821597113
95309,21223.661413749927
22466,6851.1073157108185
33844,21905.909333555126
64435,8763.745500212677
28845,33057.37277151378
33393,19139.36263005273
44596,28012.993646978342
71421,12275.734919060385
96916,15076.573349011145
67026,7580.848541281517
91404,24016.721951712312
60963,14446.101818726125
34460,10637.215320148054
84554,11830.281468200865
31633,7810.642026101559
88750,8640.113618665717
25886,8475.977210497924
21517,12797.285703098882
47078,27803.440393654186
69380,58696.94917277957
77008,11076.13404098618
88655,17370.09016556458
64851,11858.643350969636
74037,20215.629490786992
13832,18153.239878966157
51920,16969.542874226554
56876,12839.334714100036
35916,7524.531619664704
89049,49191.32605041751
66197,17155.65218445007
62026,5568.148114394693
31361,5038.357360036001
38283,13206.51770809565
67228,9395.180847672038
98110,29447.08091301725
29359,14917.707204298173
33464,14252.513505201874
99844,12313.337337579738
37393,9200.87686987454
48544,7664.0614887598695
21752,16696.67837374417
24625,13797.9345684526
24775,5562.112182529067
89966,20518.928991074587
75568,18837.916413926592
10803,23743.157469208316
57067,10465.251213367777
55154,10172.370671584538
61329,21310.484404748662
15091,16294.813466981139
51630,15566.031056715818
43103,13208.88334175463
65240,9622.44040875485
47290,20510.712604809232
62629,5958.623373419803
95295,10064.140178764883
61424,14258.801240192686
58086,11981.156313014491
13818,8683.91803776794
44973,9750.940174930582
31115,27854.910104588555
51087,55973.31911573082
61615,21315.46229984189
40003,5961.826118468529
68622,13770.902427781555
38898,14411.981105405994
33162,17236.158391448756
24272,9537.248447880107
50506,38720.757189616605
23852,8540.622190149383
33744,12817.035808097353
74518,24801.74287037618
54850,12818.58427455189
73459,28823.081294847325
68202,15791.369879252285
18636,7741.728585317487
93706,16396.166718002947
11812,7032.052772417943
82010,7732.627550732161
55937,19709.039319945823
80501,19569.917904900016
69867,18123.21807871618
71772,16169.395216883682
57909,10516.953459989436
56168,11080.270847019136
93065,16083.875846143963
34023,11614.646248949372
23511,10597.737626551192
54150,6442.640534737957
77705,7982.695901682604
90084,18995.49619408524
11910,8901.645607399956
64833,22693.609673980445
77496,1947.199787366826
39418,8522.642528562654
65364,14197.006273993115
75435,15310.440615848742
86347,9576.238789362342
69940,13715.944464838343
37840,31678.382125412507
92860,12861.375373191637
57200,48523.82243946275
11603,11120.967548134719
30724,10218.086590937393
99360,7353.483905455809
72796,20788.666306085473
70650,27826.610721222634
59195,14570.464670802725
37129,11594.942815872502
25042,9633.00543842382
89651,7495.925747033638
49494,10643.78217338806
98421,15867.43906483318
15849,8668.100284508128
63062,8220.251965682677
96162,6584.347912779302
29051,16938.075989944115
41751,48696.37692177584
92841,20406.9526138109
86044,13501.875310283956
73796,15649.711248486596
76446,9283.386660294367
90959,21224.241225188158
84434,9494.541515154357
29651,12015.260474439521
15314,27858.886750904952
13471,11649.319055348018
99899,17814.85586263949
94747,8238.703480028598
77721,11540.615759317545
74246,6138.189185117113
91986,11409.082136209061
87118,10366.124280849988
10168,30736.480596771988
27748,20376.917896923947
86963,21429.329586345695
42418,20941.010305093117
31057,18136.261676252376
50670,8030.113197439312
43087,14346.406991802973
78337,18759.109098866007
80224,23362.287554364942
13472,34242.91853905607
27436,8549.888698306073
30160,6212.698925126446
14344,18345.142981946126
97377,7248.4467850496585
34407,15552.427664615354
93232,21913.963177833437
62018,21306.57027865702
39387,18624.54214371973
73579,9523.24502948987
26499,6756.915292792755
88525,16276.951924197698
44976,7351.682125398203
45440,19858.037104771178
73358,21422.52753705475
38921,11729.260458716388
69348,15644.388480936377
83277,26932.871219391884
61300,10493.942462901743
10898,5708.7512613297495
38895,14806.257578329572
67582,16648.564682102697
27540,16459.98656319685
96184,16779.64375049032
89534,10099.462730869258
26619,7757.49826859321
34277,16168.490988171005
31133,17187.551708673727
44345,15093.865623935184
84658,20017.59232077555
29058,11883.181440907665
31952,29555.359111968242
75817,20237.189389666954
95806,13778.404497546564
72914,10700.01989861251
49816,26399.10192292196
51080,25954.63882911789
61949,28601.363261908748
69995,12829.241206186183
46049,17369.428895329835
45958,20848.191323102055
54708,26602.082429284215
72564,11971.785134418675
18848,7835.8949409912
80377,9086.192034579606
64639,26360.90201253406
87332,14174.130908496996
29138,10456.27465503689
97749,26825.304321405936
78628,9654.293727154089
58605,12526.082170179241
27278,12523.84947345813
89572,2373.8195523686954
41098,13671.762715791883
63789,14277.996701205635
46075,10344.244622145407
14445,29529.095347293915
46762,18007.814751991937
27132,12448.62602938215
77525,8821.620557443275
54073,21953.34824173333
80886,16239.007554172078
43773,9207.301631927865
94288,13794.252494318896
69792,20143.856306050864
69336,9332.813676871294
37285,10587.952227231357
42185,7821.079862587709
79192,11769.512102806957
11437,12595.799496551233
82311,4838.416852193888
26770,9815.47303126051
36192,11196.758358479154
59770,17727.270204574525
99282,9888.940927103067
29143,13706.725761299262
69338,22703.626708034943
32083,18204.8807501145
92566,21524.332659147763
48607,13960.068042946892
20784,21239.021178273968
66748,5203.803559110298
16045,24832.612774727142
61016,12096.518740774414
58821,22923.41379457389
67303,29188.530565212808
36620,27406.509596224372
19959,5760.584457417788
77318,15869.917338389329
34399,6998.024375729527
20011,10172.19219659716
52980,10503.068850539395
32055,45243.50200701621
74708,22865.115952870747
67831,13004.412284184293
93787,8891.375603009896
74563,12701.65589341725
43248,9455.479551558012
78838,9899.678991784744
65433,12816.863541395143
80490,18565.191581715844
28849,16292.773957022338
45978,26664.20735334706
90071,13816.657518038064
36294,6381.476845147252
29835,24801.499776672736
57615,11258.425644181236
88681,2187.7919952846405
85206,11544.782170404953
67034,19403.9266131762
66443,35161.51645554064
58436,14540.36404597592
65354,10166.256247674635
51101,27021.03491512522
71283,18665.021706483672
47373,9973.664333789782
17382,24008.20473050109
89549,21422.151325412415
55222,6428.546122986942
79459,17378.728930670215
74679,35230.51931456947
25523,19585.89735507578
72481,11339.702800639585
23842,10682.725786730738
75563,17320.68947359134
34679,10822.3653666889
60839,21154.95599543894
21567,20043.706840459192
18595,25960.92263811898
65518,20110.12322502401
45707,9616.755119022866
14429,55754.163002456735
42191,32668.294809961793
62721,19290.033734973946
13087,9002.03058333333
34253,12657.47274358146
37908,33237.405799710476
69132,13224.907325692438
62120,16845.98887185549
71967,11761.989488916028
16435,4434.732748807555
44708,10816.900944540725
96864,8544.648587210062
30385,25318.979204163068
51531,27787.88525615407
72176,36752.69773045594
75016,3914.523120712094
98281,9145.693606091489
63130,9553.942438251881
77817,20419.549524141396
26197,16633.639122446213
58431,10049.118809177246
48165,8498.349392320615
58734,11437.560861371754
70376,22353.54923476944
92892,15294.302851473058
96983,11935.755150162768
75463,11185.063170078003
47747,50275.18533356105
59653,17637.581379556348
45759,14317.983330961084
49514,10084.657690364791
34500,9631.96991225932
30082,13581.36145933604
31489,28808.396851735655
23593,15928.607353023328
23123,15457.958270952626
96566,14201.101278772263
53196,19725.754277275846
64136,24014.577915681308
12782,13267.06095082289
95227,10613.224094019632
91276,29843.45396267045
29258,10471.816383745045
59109,23614.806809376827
90947,28156.482509841117
34193,17831.142308733713
54624,19837.33065746346
74268,11659.2057621547
87983,14898.63485162711
27357,12643.907030978578
35513,11575.46541305392
69857,6310.7740234505745
14633,24642.466802387673
47124,10602.304090061458
95112,30458.859062679487
10056,8845.568606323013
70888,8853.25182604877
68213,12899.123585961404
36602,13886.751746044129
35256,10761.530201826648
83032,25854.296442833023
77819,14700.394956950446
82868,42517.32392734846
46807,13213.676863491048
80518,8111.288647767082
30890,9906.620504980045
61812,17556.77001836075
95522,8870.779461249549
25862,6376.961742619498
92600,11164.418624170568
28016,12436.948444238833
41943,9338.313250421792
29004,16778.60379739989
24518,8708.021840473033
78626,7786.895505196555
78208,13415.43788141099
20327,21583.296213125956
67282,15969.709798831851
51652,24618.64597399192
67554,20132.291260974293
18561,18789.30328811782
66925,20220.66247561696
78346,14634.637668965273
70988,18843.042530482282
62330,15035.8736662844
59159,28331.698523131752
43262,35967.63174936716
36719,22505.379146977684
88019,25459.8016391856
71716,10962.345411984354
21446,8719.260289398331
64272,3997.595317311545
96654,14444.77961791426
85028,50801.714311778625
82953,15133.657694530128
50041,19329.743391974862
35984,6753.644643489955
80367,11077.679212629253
64789,24251.045368322004
32043,129128.71951096201
95938,20564.10465833148
86674,7138.862210385752
29498,12066.316734429696
47008,8834.82490990207
60584,23626.125277962718
63605,14736.079252992036
71620,37146.703336776685
25687,17029.776774811922
76540,11158.461786551044
99444,26581.451944791057
29021,24084.38861198093
59177,15940.768910212473
34625,9795.290198062885
24589,39463.75335312539
19198,10706.05258573998
89553,12878.48897436979
88494,3088.0698177843624
16161,9181.601019575965
64155,6483.776769533719
39937,10734.078803868051
78435,5106.533726944361
71146,16187.813605875235
47530,28821.927352242063
34082,18852.58943314569
58036,7702.586739596516
17456,10259.743859059661
89112,6842.736234526621
58192,23680.34482512596
59270,2251.956326957039
68672,8347.952273773433
47350,21328.97430951932
98697,9941.335579657432
74614,11210.272333726713
34765,33132.30931543446
37827,21086.102957375122
98232,17420.779142487256
57972,8605.61201340978
67146,11191.002737049552
80268,16662.949787929716
26153,11476.690451826606
54626,15064.016498200468
58883,10158.05513191575
15126,19166.040258974535
66911,8428.804675526995
46671,17357.029941805908
81613,27682.71008621408
82954,28251.668478125626
15491,13404.262558249502
65049,19975.925905911463
67992,9612.739321111549
72179,13758.728587777981
91836,22587.019006268136
60969,14012.194235377261
10462,31099.23086525518
73722,25391.768548363005
27535,8571.211327635774
18438,29656.531543052814
38921,18552.936473067126
51786,9593.160799877869
29124,8824.315837943133
95355,7526.091894588879
44138,10211.028418342697
81043,15288.739636658298
35703,17414.177308843773
61437,18123.54931953829
17868,19168.30357880427
42159,26650.342485275396
80140,7964.721452859405
17567,11424.40178548421
20724,4677.651821038624
41168,21760.90127735441
50356,22216.738404545376
72763,7149.475379262598
34244,10871.065369106167
68239,20499.77875011206
90674,14963.235600138132
17065,5030.897356861507
30036,4232.658817060235
76502,12343.886403887425
17246,15454.885420195693
93821,10996.352413182167
94114,27453.270199002123
17742,10158.114499567098
38243,15410.18609415677
80789,21307.49444691209
33487,16889.864479041305
68313,16775.06563340656
56853,10599.007137027578
98819,14348.045853829513
21791,28176.322250899022
63699,7816.101778954353
65898,9525.426000746425
62751,12015.019632783795
76814,19812.9212652323
50612,16937.075531408205
39591,7926.610764998735
60652,8428.956573140715
54500,13936.237692905652
48590,17195.678091657734
27330,21227.47353863463
40873,8278.717947307454
60805,9815.269624469005
63358,52571.405521464745
99552,11282.510303965186
95487,21565.30501394291
15280,10907.146263992898
47534,6520.28515883967
90463,31565.196693924066
25611,9673.591226532655
12005,10472.0076436989
84331,11638.881240816881
98171,8361.04083136832
49340,17137.633343121815
33259,19771.23249379536
65026,5633.746690701182
10855,11711.71073692001
61552,11714.80395273061
65574,21124.940695510617
26981,14822.373161737225
53002,17449.92721697613
26476,14103.459588247912
19311,5677.740238900187
45059,10444.746829685027
23615,12111.184603612655
69647,5248.831943696565
10272,8844.754338000042
74244,22438.64845268534
88991,9375.799499925804
33783,12401.632931216775
32331,16892.589225233194
61803,11187.518053671312
95652,6814.181921054993
93988,19665.28122651062
52945,26565.035016292655
22159,8676.741592388142
12693,9544.093936786732
44560,24249.305509422047
42831,8033.773225953491
22566,24947.032476911507
94859,12901.432608487321
10367,28537.470656390644
11990,18562.181108583056
94085,7837.231486597011
34346,10595.832239712201
74366,10256.427819263143
14792,8339.21827095
90164,13444.36472738938
52257,11214.84826653919
99850,11224.455753024107
13044,6415.730748255301
80525,18821.48332517438
91590,10121.455087313874
97510,13146.098892103866
27967,8313.121946996194
65244,9515.5930936838
32852,9093.075779450151
43272,30878.226966579852
33187,9474.96628420245
19003,49730.68135369028
44269,18074.03263883918
54741,7800.779806383944
78372,30764.398574148338
69909,9812.126895810281
89050,15789.81021410612
80417,6886.600512551118
31001,44308.457090671596
71618,17561.410355071817
86549,6365.475086573473
22119,14781.73110000951
35389,38159.8785913836
93753,27001.190177536977
68380,23706.661360492624
54211,5182.4913820863385
49811,2576.610885513537
28420,21812.27549812992
85528,19076.311692585175
98704,23319.27524223485
24167,16949.63023478419
21866,7401.865099333225
72608,15566.664905360976
65244,8670.822447819137
63414,12258.963212690436
92969,7606.006366240563
91926,14933.559790380936
11924,30991.673507157153
15659,10955.217794654276
56863,13117.986772151931
88805,10856.874232330923
30592,19161.967657732213
23307,30674.94969721988
26745,24754.57692581001
49641,16584.21284526302
84164,5332.088583533434
68749,13562.551446768732
98044,52355.02443320973
12648,13216.431885216582
69190,7713.199727239589
51878,9472.52639382983
52266,14472.28670706633
22288,14928.84193831557
10896,15693.957881998014
81026,6759.277218200923
64959,23119.81002167549
58649,16614.91562524656
68938,10533.038712221327
54015,12070.057777988388
79096,10990.076202871503
10355,11030.621956297373
71359,14122.794812173615
57542,28850.36015223781
91678,44425.29451093022
70018,17816.022743762893
55372,31550.208608771787
67154,4139.678020656982
12799,19095.238394038286
92167,9025.940803447842
90014,18854.553719455635
56366,20707.387597285702
79911,49492.169021350244
83278,11506.210076913598
77456,6926.656378810823
30792,30590.916836555756
82860,10595.274493999435
24290,9493.971254498865
82108,11430.241545072435
91205,20429.057878043113
37146,15611.440352181635
68068,14080.582558226452
11472,20415.502239385878
67593,13234.405585697588
76339,14439.939178083405
79576,13868.870901883834
58667,17227.287348589092
19132,6126.42954524346
47035,7596.407616792107
53794,21770.5660969307
36912,10085.047831300173
44884,16625.47458820423
42634,29107.12835650159
26387,24543.679805359134
20997,25318.424082992293
12440,7054.934214419878
46178,45380.06836513378
29716,9051.351613535888
97709,16199.085080755049
91719,7262.8471914719485
62257,19040.007460825327
62384,10677.989931503296
30098,20148.599269476883
73907,9573.819335599477
63521,74691.63968561255
88463,12435.709334742312
14762,18521.621115857477
63356,14719.804680882362
59937,7774.739537105863
83558,19901.42046286852
18444,33815.9006235229
25475,14576.383399990622
84955,11300.456129153488
17027,12326.442264824509
27458,22453.93373963378
90783,12935.692123688745
20529,35880.81553202857
46042,16369.308294309923
19349,11151.003343093991
64813,43340.20814368854
53193,6154.07784090821
25574,8410.029900706013
92059,26883.473990913284
40895,16849.754389056987
60849,9264.05613602297
38996,20612.232028797698
97830,10165.444704685699
62186,20285.92675349187
68244,10628.241424370271
24965,18897.032391710633
34437,9192.611420315987
36713,22520.835312291543
85861,8879.151711143631
69159,12566.80248094102
97091,14726.986543655341
38432,20506.47009570684
37557,10966.442571402982
47227,18619.96952248236
44055,26083.509318256692
31726,8200.813415236866
67295,19402.867129388327
96486,19650.291556164677
32100,13575.297398141
38275,17786.1174150071
64450,8414.433527788073
88120,17898.580096867412
67958,9675.642480780214
85123,9117.592852966005
11553,10214.425441406394
68715,34923.53720011779
15839,17119.670564463275
95718,26540.31806863202
52387,24630.966985849467
92332,20276.90995041537
41152,20826.683018439555
62733,20167.56632279403
76206,20063.76919795815
61401,27958.515916150995
66407,19901.117457356067
99927,27262.69149503133
68120,18438.90554595216
81770,26446.859643326832
18419,8516.034423062109
33767,13403.804483859942
53231,13989.068902119008
14770,19781.990912309448
19499,11319.313992796739
54803,19423.51125617337
96611,9171.445411326058
69846,14581.688453004865
84481,12378.72993321871
68465,10581.717381804878
75417,19460.321662825743
80305,6811.808988421992
56398,8555.31149775885
35814,10021.99296680739
13338,17287.110626287104
67159,20859.92224853992
42969,11487.81393741502
55476,31530.875184496777
55176,16483.80471085239
30500,28064.809004046852
32829,26570.744525837013
85262,13781.788756687296
93558,14044.884349862774
93144,9840.482782672672
81792,12656.064346579064
98306,10590.698058974298
34383,19594.90116869585
12727,16760.157074513598
26040,23665.23994553293
59446,12091.0960484028
83961,12960.435694817628
88018,13021.292249486152
61998,4763.315799514852
23563,19265.174659988625
58553,14557.271107010965
54584,15404.111899561976
82256,19486.25076452974
65814,6308.683209162138
25885,7423.8192125065525
48512,12285.78858321303
80184,20280.714922875213
10059,18594.150200595745
20922,10382.965544455696
79800,7994.225264100307
94223,14585.37978294235
61832,16288.792426052476
50386,14255.734938727694
76454,17849.517259645505
29542,16244.529403921186
45638,15376.757594717665
64763,9938.806340993026
59192,10736.724930393826
24699,40751.76061363888
64134,9954.972697772799
81944,19386.49023437057
64797,10012.382119926548
69678,9269.934842621078
90682,11154.786030509142
51771,2680.360540224823
80309,11772.701317974213
98818,5015.13307926776
51914,19928.720820390565
20138,5668.796073241767
37062,8971.83084082045
87221,12183.799194947378
20556,15373.547060136738
93578,9887.350513280055
84453,21153.41326806787
24626,15132.443224162795
56017,20079.795214953836
74874,15746.29569617763
56338,15947.059767715093
63747,12637.301123980427
37040,17469.253873441306
51701,9449.258530605115
20564,46738.12984171643
69386,20351.722756840616
36849,8481.403736627055
27228,16648.349338850418
50434,16663.548374623184
20059,13872.055577440095
17455,11610.945119298429
10843,8409.054235074713
25350,8007.542082953587
13508,5452.240969612549
82107,37420.330624676266
60667,11264.858949593105
24313,9839.529257050935
14976,10409.026225822305
86619,22647.117847748676
97809,12326.2603702392
29946,14148.82535832962
54817,18893.74928244929
80377,9618.934024405515
47330,18465.02809373725
92261,14536.152658881227
77679,7160.659378929082
68736,12150.30370803631
15623,11651.16940517104
10292,13364.224316911039
17852,31419.438709173002
74065,30850.352813905614
24611,13199.407367745827
90857,51758.11697275137
68266,44350.18891553428
37162,7265.431643338754
47361,8103.601362648864
40930,11388.692493375533
90727,16351.956875038086
95590,35135.574838892506
82600,17707.461246325543
41499,16261.70962460451
67277,28107.585397593182
58698,23272.913964376217
11085,19932.738838836653
54312,15697.178390594741
68085,23376.667775892074
47184,7058.606841167128
93089,12003.53917121148
58333,33284.631441674675
65325,21866.693397621086
54282,11768.630252791045
97175,8193.577144432935
95976,5715.224061746343
32026,38379.35937976223
72915,10013.762293773381
79503,30643.63347588628
38024,10774.055289179138
15775,8011.682899688281
62909,4582.67207552931
72769,20096.811974193217
44525,6811.395710783656
57486,14133.82936744428
77321,30819.86392739458
94808,18068.859565944374
18703,21582.980106112525
44904,24556.28447615829
78968,19447.916927516784
35962,16183.851586083449
30505,11758.990222363178
45693,14923.572492303805
57435,15844.815261261863
81977,17496.448541891736
87912,11723.895536988468
17530,13113.147367675765
85129,16945.590241188936
61951,28422.323451368626
20807,21399.8227193271
88185,48086.359360910006
89618,11299.096914846483
60542,18482.001216131444
81255,16553.02045916068
85212,9535.854530746534
13665,18799.792639783176
93835,12071.53006882434
31546,18902.084257609687
22401,11457.111580081886
73097,4109.151422650328
63541,23232.59929147681
33768,7537.998505976297
44205,14259.387977136545
53318,10173.874613226544
11294,12004.708776615349
41297,7598.247950176808
51888,10139.853938837976
58304,10529.012504711387
92593,42967.17521120084
37009,12487.999252072965
84688,12205.511148590425
78296,43520.38201764316
68318,12721.36723870648
24619,17797.741913609978
77746,7354.855951470023
40996,4126.885694659961
47413,44068.92523839329
38968,33190.67776246519
74022,4692.56661050543
99300,14062.675175475299
89704,6074.034676639903
71600,17743.421876786964
97607,12040.37798692477
79851,11819.074975970394
53037,20968.258117477002
60259,18323.336267120874
87096,11157.995618801524
46952,18949.898201902768
52584,25907.913729609885
61706,19420.190182207425
81270,19283.865674814486
94359,6506.158372797137
37805,17238.83702644537
42321,14882.303013419863
25572,19916.11661626406
52575,19744.682184753805
45176,12865.574644688188
19809,9311.45570576207
60903,14368.268105825326
14023,8433.708955210446
79871,18151.553434176534
77202,11381.972498240773
35415,15371.529227314053
60496,18201.37097678133
67871,29506.939607316373
88644,11484.841196435867
34414,20998.70918705066
48502,9764.909973304451
86641,11392.464780859666
56029,17343.009883510287
15847,17647.878891860328
84403,10631.58951134842
23024,9000.705767751748
98539,16665.85701007055
24216,50309.8682978895
56957,31050.609325448215
87955,21752.516057614426
59180,15273.31938876907
27137,9990.543574931959
73856,38210.0870124997
14532,9767.377501794483
50142,15658.063522273871
48436,11971.353131091179
40929,7465.490531024328
53013,6815.581104894172
13965,41234.45887585493
33287,17755.1249672667
79327,10080.510488099513
77832,6233.6210534744405
15987,28447.8529962617
54354,8625.184969296191
87943,15690.357972684482
10478,11913.429494541308
74102,24503.59154112369
75438,19016.88528909838
71639,22494.570312029562
32819,23280.07354124267
20403,7481.891129559999
52868,8380.891430001115
65927,6766.416224896131
32880,8410.618818648623
95024,12520.131072184126
52397,9171.383279575064
50885,18483.166550706304
65555,25672.44656799708
97776,13495.773603632024
29822,13832.375220085858
46569,6847.884475441089
23125,6874.680388014873
25139,9970.04052584364
85251,11523.626205445398
55037,11982.91576327978
45251,21227.47353863463
27986,18913.635744170828
90458,35815.3469908059
37805,49918.842908699095
27085,8690.006029858196
19412,31756.571613660213
62714,11117.754715208983
15163,10195.320554022364
29525,16508.19211981209
76005,5095.495714079163
97582,15842.243316123524
21411,14771.409817973552
61949,8142.8060025236555
63706,7705.154392516102
84836,13059.070650428388
93376,16509.19914947366
49090,38370.82963938882
79629,12781.04383085455
80471,19281.921692201468
53507,22292.735858725606
24418,16655.432430155273
49151,19382.344945811165
12403,8473.06970497581
79947,10440.095419222023
57135,23001.520935690067
28127,29924.74634997845
53025,18736.063474461454
47832,33743.56358035476
66544,12491.33522400683
45645,22071.614265038537
70752,9321.498616005669
80341,17258.819406791914
49586,21999.693513387167
85072,10667.260413319047
89137,11998.550350635152
73345,20238.9479483831
93304,13237.564372586316
82785,17242.46029587798
87647,20522.845067387996
60107,11117.754715208983
84918,9013.977347261125
81752,6584.450945126318
88186,18438.302094623734
98909,22679.874817800774
14463,16142.240339225293
18730,14231.157649861409
69596,11732.317643251808
17105,10800.282411161666
27309,65868.11051522096
13916,6033.676172624973
22304,7219.422366388086
45183,16039.258831458275
13968,9048.422915274747
62817,16199.07689489207
23166,5256.2774384912755
61954,29367.02162519957
98092,19037.492300503807
33968,15379.163205685913
58227,25245.999276851762
21496,12329.473239704777
78702,22218.05134049936
19139,18011.52497876095
27281,12219.280502562135
93181,12795.321416788935
76358,23550.457576883156
11356,32813.964081586484
58345,29827.617278047415
42065,7915.29587412625
88023,9377.322383368959
82115,46306.998942203376
42596,36071.2847718656
53752,5821.568312136098
11076,10631.58951134842
88065,10268.33920154805
70811,16207.26848042988
63342,11164.418624170568
60523,23411.014578506853
25905,24411.996833810936
66635,8011.682899688281
18340,66543.47492028876
21544,3545.0815861597985
23406,11917.32521154211
51597,6844.566491542846
47257,18324.3309632802
93159,16858.021286351835
69969,28233.936728448476
52852,10232.014608270612
84817,16025.148335601558
21699,27371.753650363775
48879,21884.458937660736
76098,15399.646620691883
67101,12683.370303363443
34039,11621.111809875045
46245,8418.27421409807
55820,30489.929492860574
41676,16121.039276629128
55699,21273.200054187793
31290,11247.702628258168
55389,29084.926537839405
79386,15265.603829290345
40788,23198.274612513822
60268,15243.072685710522
35712,15288.739636658298
96626,18577.027396222482
18773,11281.292925243893
36138,1435.2129590206805
59840,19111.449256310065
39837,45001.377459520925
51638,15015.572833739187
61878,12718.989844183638
25668,32179.415436415617
60098,5633.392558906777
48629,18927.808455827526
93542,22744.116874526524
40287,10111.146697142733
33943,18533.402405272547
59224,24173.533610997463
37702,14382.113769981144
20145,30624.238611635767
90481,22263.90580017465
86387,27346.216750134703
80092,42064.16298519622
59856,13819.761495595627
97254,8871.834515403643
20289,34093.13327326892
90385,18998.84529397857
68039,17566.315403133736
54958,10193.70427731203
15082,6616.346885593575
34385,30108.65576528717
54229,11637.190530645905
79943,22677.570004599325
37883,11445.152769178034
78972,22393.756751656292
25153,27351.506390483402
58056,16388.562877907323
92952,12918.930277208074
56603,12234.68462360013
98902,21430.58933898108
62965,25843.12801920143
18098,19835.726369644322
77704,29500.763413855806
74634,8053.657928071334
22138,35445.3249738486
42502,7693.8450696629425
98971,19944.504475298996
98046,10645.31092838166
54240,26027.907585549554
73402,11706.532498103383
13383,22793.47632265243
90963,13508.072587051276
63808,22057.369407976843
89547,11091.01012388643
60395,18144.33863769668
42466,14807.65991982267
60495,11698.013811983601
62912,15190.051830443128
81447,29568.045304236257
31799,20632.99226336757
62668,14929.352726168068
67330,13240.050618452513
82421,7877.402803873767
69207,11215.485998630058
57505,18927.883419140046
46172,7110.806268648501
13333,14621.51294824454
88867,10391.794788885192
25568,10964.877258586846
70883,8999.704599517274
36481,9625.326098483378
87631,13379.112393053156
51397,11868.845814677032
52332,12622.675504555857
52380,11430.1130839681
66947,8951.865959172652
25550,27106.24365529734
16621,9996.086270700998
29766,10979.923463256378
42624,5483.981387661628
10264,12371.61096574829
17171,25725.73694967782
87335,48049.06456914755
62694,10827.615574287967
43337,25890.766539647404
55851,12987.895359369155
76810,14577.775406934757
79493,14036.325619424033
55368,6216.395162558631
33796,9980.335927039203
11407,11498.699142935478
39145,7348.275174538454
15557,6324.292531484283
95285,11015.712738815924
55508,4391.005267441233
57292,31631.169083569683
91400,18400.4700631381
40351,23909.02731259393
60162,3319.367759073708
36446,11688.671285085853
79515,9554.679010450203
57701,59914.037445771515
33862,24528.152376550206
24738,9645.96719047627
78429,17000.566939924985
16717,10387.939001531351
99771,16547.756981620263
28870,23417.150084335095
79576,4148.727034008658
47071,11714.80395273061
67044,21768.425152321797
89838,23612.066261825887
38037,26083.84567696067
84001,11179.236350700214
96698,20472.76828445509
74801,10649.84120412971
22062,21054.963401087516
60932,6624.017698767671
19349,16549.100703038923
44258,18831.244300129256
43280,10160.4244139648
38254,23706.898046764625
17689,31364.806572200476
40260,10065.047557909911
76156,17005.428286185565
22261,7452.033106593997
77061,35920.85130028903
78809,11316.62928426074
30641,11618.923316796812
40778,13479.863282640472
47420,31252.69701996632
52501,13737.881162041302
21291,13130.268388800307
62533,19479.243208309694
60422,19205.383728079407
56568,10739.617575839504
52164,17800.66421197964
43507,11321.641277117154
78131,11014.465578550957
55271,16733.13230716121
26187,18037.239060498498
26473,7539.576458345118
48516,7908.750672634107
81079,25128.89514447878
27483,15158.561931858349
15793,6753.679561008821
40080,11163.274277904256
44642,43026.59272863576
32117,11787.86377692215
94863,24723.916852169135
52971,17152.94692395817
43398,12910.319703096118
93534,14860.863828089801
30301,42521.66232877117
92780,34457.4859875675
43093,11219.973540831837
51043,18250.32402471049
20500,14621.51294824454
44625,12144.439278612463
74523,4945.325327822418
77781,28752.697461944488
90981,19463.516604440367
68812,46835.77712828583
12667,11484.570002689428
14367,11220.361237089568
24279,11318.363279797002
35131,9158.346327689247
28077,7063.139894222151
63564,8534.766533402964
51459,8859.87896116158
70333,8467.601984871697
97214,38214.74792866397
21779,7967.791727616601
59693,10754.985499390878
62365,15344.775310792777
95547,9835.603900918597
30012,16873.64699503497
65978,30067.81107496964
32225,27350.634449156852
54034,16286.25073559474
34540,25300.18165883892
75173,6206.8848718719655
95861,10633.451802894473
47357,20166.80430533773
75968,12993.571037464879
81142,30169.91914929866
85167,12126.349360779492
25579,15619.705839026707
77685,11466.059393501364
65809,11603.979967122945
65696,7476.041814914068
27755,26579.002451355496
38085,15269.085963027253
98804,14324.139873784741
85137,10032.205781117736
81518,22699.284985656283
48360,3700.7946069781665
68076,5461.192386846984
95659,13206.70626873923
77736,6714.079941022204
97088,9663.37286856295
63616,6926.656378810823
48917,17778.334376364273
91390,12686.148876607174
15741,21685.701049863386
91963,12234.71699234362
37688,11874.16635730087
55866,15243.563154626498
22111,15586.816656417666
12565,7627.196806268506
70951,11616.202316474704
12129,9991.39634852868
14673,14938.84819117843
69265,12424.462807186112
96851,23328.5441455909
33247,29897.801488944948
15043,8763.126729760137
66480,12169.709960732762
26960,9309.121968996613
73059,16617.2669796303
24081,17814.868635106046
26574,17237.895147313116
95469,4626.136896271944
65752,15474.781860372823
79849,30101.936461977624
57207,8887.49961008152
79874,31013.50788150885
29991,22263.537772934484
93424,13521.532860267223
60247,21793.438028162735
62517,17584.463373164614
84740,33833.41310048917
82247,16601.49404707831
76450,10307.889092533009
84296,9166.150154640229
51975,11514.200551572401
84557,24288.252731782763
30371,15129.004434899169
10948,13910.809595413932
63402,10024.221731297697
25353,15882.515620961214
38332,10161.310810149778
30102,14423.738482380744
92239,19242.712900617822
66811,27491.608222320538
59871,14654.362689840094
86781,7482.7226016033255
56524,15130.134493856409
18374,18128.616076916016
36636,8843.337038307145
30289,13064.746987086683
38691,13140.322936574277
93934,8828.634887871172
95920,8039.336878659033
53597,59204.73027920347
35167,14141.128450802791
33322,10167.761349869033
43336,25956.48699292518
86914,44003.948803493615
68221,14286.338903037542
24216,8314.892566115854
64884,31228.495253244422
96756,11343.286303822446
30000,6466.689119664687
69671,19930.061143381918
18859,27282.93864906615
59849,12196.43294427581
93012,29301.21466287584
58716,13162.079009523142
67845,21272.2247382379
53750,34841.9872870867
19706,12750.721974727583
71524,11550.510542911401
27521,15262.136607763772
45912,7411.970378568934
77725,9892.866773891768
81635,16365.76777895544
16032,24558.7931131266
29760,30010.093501555708
39648,18457.141713776266
13796,14618.165262186536
67670,13325.704943858556
48137,14969.31105254653
85696,26451.721804407236
42357,11439.073626993682
13624,13962.868093149922
72146,22254.46508948115
30713,27341.795885758936
48245,14256.05359239068
24183,20674.943673485763
10376,57866.49576103526
72271,51019.89590574002
42409,31715.11666447154
93606,11461.785099569217
28506,7620.067083773851
97275,8528.77751666335
79369,12657.176956101617
45990,15160.938500216153
64794,10139.799598820271
77141,14740.661016045857
72159,20295.503376839642
26284,29011.990127656416
50684,65061.69934838581
81691,9428.097504508925
63471,11774.287191664993
54328,11328.468091727766
17405,15681.95926510932
77205,6667.215823286822
84536,4365.59397357186
95550,12678.021377337658
72533,35237.804251237045
24719,11245.685735554085
20531,9382.091178230694
79252,11434.136031560352
12822,28148.543993423686
17393,4220.64625358621
62570,27407.519043564593
89689,15752.22675938256
88973,7700.8376189707105
39289,9354.286891445958
87228,18792.181855912753
35444,13588.437984747134
81550,29143.01886193906
28725,12621.412777618327
41405,8476.994911844524
85448,7408.603388212881
52373,11698.335374347473
82112,11132.65618677658
53337,29255.880264170788
38532,11774.66560428416
21780,9732.341944840153
52651,19548.638378962023
29912,21423.014329494814
30761,20705.502294925056
34904,20698.962181568037
54393,10511.679806265314
88813,7493.86742226591
35936,8756.567246692775
34758,10246.335734510661
63300,21762.715602097654
41601,38603.49171400227
50691,43623.55392077248
94254,25771.77629393941
75105,8659.521501274208
98096,14191.792185670976
58237,9732.341944840153
66774,19821.397330687993
86441,37693.71433665078
85648,19851.617182593523
74547,15969.709798831851
73390,26306.45379571036
61351,5982.788446655819
53501,14000.579767744432
48356,13881.826611753093
50787,9659.358095139807
25066,7293.24509388938
76406,3127.0026169201574
74530,19592.972149253124
34869,20858.484141751807
85714,10891.298418010036
84899,8193.577144432935
29516,5999.7880553373925
43089,5333.005254366144
75026,10211.305451069296
57081,16274.52321363183
81968,8904.094036223067
21764,6323.190030848797
12433,10752.286517709372
14996,7263.682803353735
84704,17603.687465734645
77523,10471.369800691486
26799,19771.695795250795
25427,9641.105128871117
20754,10419.71919183966
32627,9591.808377215375
46557,9902.794525542593
21696,12185.808843608334
76740,24728.826269256293
98435,32967.53922736142
37312,20003.468273833976
89439,23559.83194043903
36923,10109.096206486187
28380,27429.973017768054
20036,25473.345617286264
36568,27471.130857623815
64807,9266.113379343506
91453,8595.071726167303
93060,20333.031425282497
59567,11951.897511270578
41595,6998.793982326395
32997,8331.223229346431
75280,8979.877548162669
23160,10405.56277392662
21771,11474.403461612212
28262,5306.963320592431
15990,15166.284677943684
78668,34720.64183255329
21639,12241.814915949815
81510,14283.008519591573
30668,7439.000379182817
85050,15164.254726993393
34094,9225.585909630161
98715,10816.337702113648
15416,16817.696305321282
87292,21179.153454644056
70595,26635.549812018147
17009,13965.872101554454
92298,17746.478426361842
85834,8625.184969296191
95066,14649.061892487356
95075,9625.326098483378
68796,8792.816993874549
18918,21441.819874970613
36124,6886.455151443004
82197,12198.874365292922
26582,11945.832443545794
85451,9114.555233430307
63156,35184.203596130494
49633,12849.241621847961
84625,8059.270306301243
86641,13202.596545160204
32836,10788.2520359999
48160,9193.902180917488
68280,8400.30404332325
52647,11224.455753024107
57774,5373.078107124193
73151,8808.535523643775
96816,9669.363228681614
89516,7532.27344471906
76146,9713.399074170236
43269,13199.179790240687
89174,9741.237936252923
16686,22990.84457151777
49875,19145.031557610506
75942,21719.951025434086
26639,28743.10591293503
72727,6919.586988817022
28775,21902.611386352604
14328,24578.356183487303
54978,12181.797000055552
22836,30295.446063567448
53866,6614.725983502425
83487,10014.420407374286
86631,19258.34496009781
20810,23289.09304562928
63117,11756.510916558536
90946,23040.775400905237
36452,25877.940960505377
90581,24395.591629892613
74238,26887.727793555292
33110,12080.565711357962
31485,21539.9384719023
25257,15369.778078906695
59589,12288.88853769914
49577,14524.360854841674
23286,9999.145629735955
27980,8019.191232601079
92682,26018.976037461747
30362,21449.721520519204
11010,20131.79181873652
73980,23856.371673217094
99055,10955.217794654276
46462,18466.217613937093
90422,9840.482782672672
62886,10539.843247332108
83147,17246.31788850302
87935,11346.084728292182
75519,10168.257640122074
25083,38612.84109131784
79596,10081.807959335834
93621,14245.255104936185
62852,9883.027153118252
89054,9487.487752911322
31044,22746.899758965403
67533,23535.70633123529
53208,8351.371222844378
90477,14518.873936533644
40471,12937.353158913642
53782,15520.505998554181
96230,10391.673454740238
38338,16458.45184865307
69589,7804.315868009795
15461,9716.211100413366
14005,12102.20374272444
59252,14685.421014163416
37202,13767.59581761368
99688,14854.611910873344
89139,13546.313614726825
11215,10906.532116037688
23695,9399.330847673158
81952,35335.67521895903
19227,16228.676060617476
79936,24269.48127807315
56907,6878.3510756250525
17465,14075.581127906196
18320,55460.2162443249
88778,4755.145930235336
35526,44703.44504999879
77168,20861.30464660592
58470,22373.42503485268
27254,13615.852940317567
46216,12699.290586591764
78735,7626.3340426830855
19634,6958.165932612939
39765,36687.86979030691
71390,1140.991466582651
22259,5672.579085020661
84702,33379.741166278574
58547,26226.2318122282
70934,12822.083578026246
26198,12342.666957324122
49027,17345.26739252671
51302,11476.570677450143
55532,8502.152329074235
74776,7447.55833330777
36542,22508.319055590437
56975,10971.30815100158
98832,31256.08512016097
18069,7069.483801630426
10806,9130.96090043856
23797,15881.795859932357
55128,14640.67444315325
26789,13261.297078802736
55544,8129.404229251342
28520,20822.2429554549
86189,13586.45876954274
82967,8583.844344279194
46290,7238.99242157815
70771,32505.462199623315
19746,19855.629162717545
58511,8184.003767586866
93431,9948.60241176968
44465,8522.642528562654
44446,20666.838161790707
18055,20024.78998284947
28430,33585.440039222114
51430,30319.149743410795
97864,20468.811859094054
90764,22216.437751916503
86669,35868.49408482662
90518,10277.039799096256
52455,11116.890274489022
25183,10758.269677519776
52501,15737.075697336799
27942,18485.838529445344
64917,25734.343503075557
95468,17977.151371070257
61999,14198.968501512649
12027,13091.773227903495
35456,11110.914902329168
55672,7971.673204257229
24640,16013.685774859348
81060,27596.768528330707
85344,5787.394236097682
26990,11154.189269610439
77921,7054.422352796706
75090,17605.70535048707
62331,32476.508431429756
96321,31348.470126714776
13966,11320.40090930642
18591,13541.269068452932
13546,4875.915791330499
17380,28419.410850149667
57361,23635.39841352318
71135,23692.70219669774
27797,33127.28669105163
27592,5237.905215256598
83873,12272.191057373864
28723,16932.62438912818
60318,9140.868248235842
27393,41491.16542009506
65254,16327.003597977413
31420,14805.285177032027
21250,10156.056545780539
59898,9771.116142410761
45312,16945.959430958566
45793,7623.704373137411
67382,10615.96738251768
70986,11224.77708849807
77434,31597.748515768253
48748,11746.901539184673
74589,13630.531892049501
28297,19818.658371027766
82735,16422.60091881452
74528,26789.997836348557
67242,12096.055565379338
85482,20726.77658099138
39970,8636.51673126209
80454,26265.746564691166
14578,5994.275217587367
98951,11696.50167273055
64649,15502.399015649735
39939,19388.98654529388
57299,8260.561599450164
24752,16174.085224730412
98395,15360.793112168754
42786,27502.682349537146
94289,26814.84991485034
67034,38307.55187479545
77110,30196.588516850738
96887,15069.333844958834
77748,19119.464040511608
14591,16322.627879830692
64426,8183.90761571765
12372,9941.880398842859
89011,15271.642634929452
76462,19085.56285174709
20983,15340.993371013841
31443,15551.912968057402
85679,45145.57352200292
34480,5071.997700955235
11509,28862.32773594246
68033,9348.348471319174
42499,15206.45830485912
53008,10939.47426753271
93305,11965.79699785175
94038,30318.576775234156
67168,28355.556146655123
61908,9072.986443316993
56051,12667.950782525844
69931,18614.427348383797
54364,11703.385415912682
70604,13880.750106658428
89739,10058.114864252984
32102,19024.91853425687
94576,12815.466965284793
39189,17711.229065130196
30346,18768.976108870138
65259,28763.374178370083
30349,10366.983219248283
36380,20222.250959174235
98602,15424.012613754056
76918,8485.411062866664
76727,20468.45568798432
67531,9167.542201417495
26420,8624.271956286266
24447,11904.060464616829
28144,11642.260958347608
44444,9145.693606091489
86434,11890.338228350909
75426,12548.620729099988
44453,45685.06965422137
67082,10518.552955249022
76886,10501.757106176256
31572,18800.17712960389
54613,28491.4951930432
61204,8862.46194094343
20714,4981.171084656364
11293,23756.474762596197
98763,13845.228528755597
75265,11077.649197585994
78507,7190.994731311523
99825,6325.612134848392
62867,25735.970178748023
98897,28361.207330751877
20588,12839.168992469326
75854,13020.953621117089
51672,11352.665341010692
90752,16706.553697238494
41723,8538.507870664354
30320,13024.131988926703
74789,11578.738661731517
11184,9576.755591647063
51244,7065.7257203204135
10183,14237.111823485971
62237,21161.601669848547
54030,35458.487592825215
44830,22083.838342139283
72580,38396.066142448704
66129,7516.613946151605
18563,15247.80025546328
90537,9575.645319314297
28278,21231.6183987641
91395,7707.1598195329625
41676,13610.1067004538
74230,7526.800207796701
49372,16153.18935848929
92689,26154.290333877972
35866,6850.144493413913
16502,5217.141433466833
15742,55402.607248267734
56245,49810.45856887456
10946,16440.595802457847
26542,24790.191288233134
77608,7622.5885059852535
49316,32017.811882981885
25494,8278.539455744141
36511,10535.659405357304
26136,9490.065176890717
32056,7265.431643338754
41288,22078.348283301606
25550,13368.130423086075
65444,17426.75583047187
36027,3813.195987401863
91625,8131.387923691644
82580,27085.952706446875
86953,19163.109883248155
26118,24868.494772168247
75705,23356.42826492253
84486,8438.498112079533
98330,16576.319457470323
39087,19153.11003779858
81190,14388.12803232043
83675,4583.2205815917405
75797,13300.096896580793
12044,8338.793987529674
93877,10871.331030194833
89598,14843.20899586321
13926,14210.860575433682
98227,18965.33642090856
19474,7674.8964600179515
89086,16583.626719839707
46907,8544.335192003502
18506,12027.44779704808
90708,22519.38432627182
96990,11144.385709110942
52346,3889.841497622885
29541,9661.00598093768
29181,4934.075553139006
37341,9586.51493967001
79993,25428.35779181061
12648,8347.382805191985
37858,14500.187422203966
67018,32249.061010849084
33718,10367.417982238881
69833,41566.57825457024
20066,10084.034557380382
56974,16961.1669887955
58133,18957.561397884067
65516,14405.906972056153
45500,11820.556423909336
80560,26040.28771144888
18854,10233.093589648264
50662,8002.741083604382
52020,15638.381383183696
62543,25701.072556147716
70562,10172.194004857542
40753,8101.133063133584
87773,16766.40301307063
11416,13191.268170010739
76639,13949.63451087078
90938,18801.404363547215
76064,21077.782001229687
92945,8942.095262358143
30027,41131.15136464927
97231,23075.48186420332
52654,7595.696979025133
62313,27231.135174852083
31385,16023.837609447199
36095,17055.978387124185
54788,7324.057023294028
24761,1530.7585258649779
41052,12994.886822697692
72622,21208.82565301331
43384,30468.979329844304
71357,8936.119630984553
81108,27249.991303659837
51234,18784.556996479376
29283,9633.387142004605
23669,14886.969371564823
52124,6455.671775142611
87136,68011.35400988441
61843,28153.104072473478
10850,9671.022949213862
92325,10403.2594154122
44130,13988.316236243343
56883,27506.584053685277
65958,10792.030522253222
13465,14272.967303011312
94318,21417.573413313097
13879,27723.729075578776
83233,27458.031842755663
91185,25613.034692883924
22961,11412.884019731195
46390,8848.469702207716
27277,19167.1936923769
39087,20774.63685050737
77081,4704.427887727466
22680,12559.876191513345
16179,18564.14956707022
57324,13985.78096820839
52064,18513.20834230993
16658,10146.733146022649
35425,12754.305736273896
59568,10468.68385137946
30567,8698.800955220322
36708,13485.978516415997
43782,10125.960473359031
73083,9151.760033046488
92371,23852.357787830326
54348,12347.21203037989
29625,6172.062502536941
75731,10410.638965407887
72605,24985.09986839934
71866,33581.98118021494
69604,9628.634863277945
85453,13683.595683896232
48328,15149.820989217113
59044,10921.960405152651
50031,14839.616293431844
48052,33219.24527475624
16725,12233.768932414601
18147,40324.574719700686
62129,16973.455286670378
90662,9957.412679590845
60346,11827.07231136825
48708,26993.942212389356
15809,2318.0999466458816
39610,23665.401360459047
99558,18569.121207990822
62420,9926.521091353761
88210,6933.78938659278
33034,8620.424656360072
46848,9046.916084209148
53580,10851.666300260506
93843,22044.713897056077
48730,10418.939587525027
93401,9587.879115846164
75078,10104.152976167574
86488,8598.125955730262
16048,9919.49394407116
44515,12188.04289549954
64622,5991.143196946052
75418,29558.830699225648
11932,19042.952933333054
39369,9332.813676871294
28851,31712.297747098797
98892,10385.058552396626
98591,9466.911157716131
28197,13202.498002563312
42190,20425.77836169387
48009,12657.47274358146
28030,11915.053272771089
18321,18527.502577685533
84110,10528.12525996533
21529,22288.1721671883
77380,12657.108089008623
13964,13111.523396451712
94085,7143.877873706211
84602,6414.957910168858
35226,13028.057506510608
76640,8049.207923306516
91321,11645.078246744524
73800,4166.176103862999
62071,10678.215639243354
63032,19973.71392466422
68865,54949.81265858736
63505,20631.8197056636
43135,10386.779407676206
99994,25850.573451603108
68121,20525.19618049443
55818,17272.766941028312
40872,10233.55710587935
43336,19654.14115866549
19716,10481.999202828913
19874,13615.328989226431
10898,29933.857537505806
79794,8161.287317300319
27619,34045.176321104256
95927,27788.26047227924
75121,11983.038317403036
55147,16755.22261575768
49078,18278.68614784387
41476,13975.187304285868
52439,44690.106950240406
62352,20335.795660108583
48435,9701.122235394905
40049,13398.904098933643
25930,7930.59401823382
38777,34089.91798656872
91812,18411.88513166497
90215,10699.852158849535
33917,13735.108468269318
28522,22649.69100588928
56371,12964.037559369708
17828,18925.52021231056
47741,16785.394032745247
72613,23274.283824533086
17205,9950.803318361304
23620,25442.16396346229
36344,19876.788585384635
52754,39918.264747387686
28042,13404.755082664477
85552,11267.051871076786
66757,29187.27457997796
85444,10901.596029498403
79867,15021.862372301803
14034,14616.893841822417
43712,11824.555903544795
48028,14122.38053759683
45851,20067.18549992365
18166,9987.70681261251
31055,16250.549012551552
50850,16940.378278935976
46132,10758.025217380497
18955,13176.062569278716
66740,16720.670137067344
98925,24784.306371902552
17607,22642.608702373054
84313,8722.822333682929
34126,6539.133653224149
30031,10909.482278652651
50744,12108.528679060966
31375,3868.4478977977888
22827,7286.398084276503
75829,32731.123816000032
58600,19520.7835466698
64800,9666.505419325451
27969,11438.474583102547
57973,20009.43871674643
80841,10054.00629892564
10678,8322.098838053646
53353,21635.154636165138
34982,20575.103260511663
27845,19683.240263112857
14118,11033.129510590941
46033,33186.93023965649
72085,18010.928863399375
59780,54860.546768544154
78318,17788.807795734632
98726,6808.571864755502
72009,16334.047828573344
30335,12169.388764001957
52699,11456.076107598186
74727,19595.103722579373
50427,10511.240941432607
11429,9432.638293830352
96424,12104.415326407983
36660,9950.519680055351
28342,8329.749373149327
83557,23097.42682516217
16321,33844.480832677065
54018,16712.25501707178
54242,11040.608757210404
65006,16129.440067809459
51150,18822.700638334314
92229,10583.727446485442
70203,11783.51175284199
77024,19987.041839192923
80221,16428.73901152056
40446,3636.6146010158664
70408,24672.962027250167
46971,21050.974490138582
67296,20286.004359114355
23591,11327.533415054457
19321,25805.098329049735
44053,25328.333373937712
81395,9492.231525420928
26311,8364.63889135425
68816,13008.091776462592
29393,7445.1915070505875
13172,3810.8636165938915
90063,9003.858458488347
92025,39034.13840959065
10504,7126.224960949627
93170,11422.93887221075
71223,8416.316783508177
26224,8700.780741470222
72919,12619.082874928143
52378,13814.03359432422
23703,13519.857117748244
88209,33327.50165748288
51537,11485.782428428367
47516,17060.4302900782
98577,21543.322783336895
37005,18423.67719511609
85179,10510.41491798434
20508,28240.080710992108
31677,45679.36123612251
69309,21703.928656760327
74177,12134.817049798674
14641,13472.067146183595
67686,19388.98654529388
19079,4074.3175192039416
74274,17743.91480275843
66001,13597.435689690676
87360,8639.554123448877
34086,32880.0765374739
22766,21243.383503501536
53041,31729.794376026308
74714,13736.492949823312
32582,37326.91065983153
81577,13376.131104371241
97406,30925.350532290096
56037,18941.452978207544
23599,19237.767919938335
64617,11784.972104928498
83552,10867.950946290654
36827,24962.64466323914
15875,16721.75327023936
33656,26416.952698122877
76189,23338.593643722248
28509,9166.786594947149
95546,23184.548736737823
73843,8864.513711269878
97452,11119.966926640085
24463,15718.531107380693
12221,13250.201325459318
13608,10697.410645263159
69871,13383.922685670155
69240,32297.66866433686
13837,13859.019032177757
38891,5378.760621671188
56364,13549.058326630466
87936,12239.385936559222
99320,1771.8668441455247
95834,14212.381008557233
77097,10944.142019112634
49718,5053.072667838189
87523,16089.765321302813
76925,15614.311269364092
75688,25958.85699379266
64977,26896.7956276054
81884,6384.39102270828
97718,10400.031395968952
80590,26638.74774450632
37046,8000.254649066321
86043,11343.397185947877
47514,90675.71998528206
12989,14242.09080788061
96849,11479.994999533266
75412,21522.248465731038
61387,41507.22443418073
92710,8627.945469466182
64619,28722.880270398397
64843,15827.73093040959
12665,11582.945890068504
31304,17149.03142954175
40617,11671.22113094154
25945,17193.45318687995
53046,17847.180410118002
56052,15553.195306489471
17527,93074.70292989656
59227,12711.83510967567
25528,5909.0081934091995
28692,16148.689202442827
41633,16688.756209133757
24288,16147.698223415573
97361,15238.538961083026
17995,7022.5768724901445
36907,8816.408053861265
65664,10304.800615838027
66105,28476.53317981365
30974,13408.470714772213
40209,45738.248779249916
82282,33586.96241137473
62775,15012.15410216979
21251,12645.730462344149
60256,19302.277168608733
53940,17823.467275061637
98038,24599.692414873894
84127,16936.051886223082
83991,11480.128193741166
89727,53776.98134475671
78276,18503.693190949994
14542,13262.091260695624
73752,12776.086388312691
44639,12799.282292938426
46441,27135.106682325033
10832,32048.25433788256
88671,9304.970694312356
64661,16851.016236317366
92539,29601.659342505285
49898,20618.73949128294
55153,24137.65983730141
61948,10536.186962302783
97283,7876.7538529269
11509,11407.360475376126
59197,17725.720937802424
89924,24083.619757809298
49480,25509.543854239455
23417,12399.6991968953
95630,11847.305855579743
90205,12024.299308982947
37295,11279.211535553248
45461,15550.525640299298
66600,32746.272596902447
64020,8114.628016934175
30546,7853.776618598875
29732,6881.053746254705
64791,8496.083390890682
22412,14511.193404760095
73152,20219.467860103505
92814,31222.96857909453
30905,11990.290430258565
91697,19990.136683179906
12967,7786.04654978715
63966,20866.754153749505
46928,19757.971764521422
73889,15573.272480034448
45330,30187.7022955051
19125,17890.655406193964
85686,15513.844252033587
79084,18917.60435799516
59180,30777.34960687292
58719,20191.836960449935
98636,18753.42201346055
12734,10448.14409455216
22537,14890.953351869077
63824,24055.841010149103
75949,52360.48166581971
22568,4223.321791475217
23525,27294.860433767528
66966,22283.899115287808
90325,25506.252708290813
24694,24751.777291532988
98926,20777.909469176335
69211,7880.12675755214
12673,30446.710428100254
92956,9625.478206628379
94875,30175.284462168696
72746,7943.852243462752
35323,2724.5543958228645
34367,7319.24811995973
14501,10010.957000285303
15768,9900.271696498054
69326,6570.1784519170105
30690,11335.97841555913
66914,8868.625932053164
50653,14150.925607462525
37083,16988.452867974534
96758,12258.826163134647
91370,34115.59933319513
42460,21285.510062799505
43213,13480.911100411366
63517,10794.394215974147
13886,10792.519551254138
64527,12649.510657142026
51394,49676.29551872108
81321,16730.576506889876
56989,22294.12713377809
61153,14407.598961054473
20949,20485.338465297522
81841,10336.081137710187
78008,9201.298085586404
37341,29568.045304236257
45841,15013.900126354025
71188,25626.328314653227
78554,15414.560773414316
68242,17777.86368139881
82755,18519.342999188295
68973,14784.712178914364
22878,23308.67739963313
94573,6747.854569987117
79199,31066.722504029516
98967,7317.932018010388
25119,19726.277343044385
78101,27401.73420413098
11376,8408.824592887571
85330,15168.614638736091
42301,10620.77336849216
55900,9445.806022645254
60997,17906.722290946607
96029,25855.708756880973
74423,43197.99188951176
31845,14993.617999087546
52160,7987.494867486996
20870,16138.848419532578
22060,10552.714301258133
85370,6530.014195547441
24839,14827.342506259949
71698,8955.59258019192
67605,23802.864242676143
54287,17381.626017618964
43852,20581.532377030177
17936,25429.450197557082
55293,9907.166804944212
38395,12303.507923341185
39333,17390.31419221793
57645,19663.686097552778
39981,28343.19712560137
40070,11044.209603274241
40313,10685.283743820873
78347,13494.029711000077
25478,18546.83642118
44964,17171.298300330684
45347,15374.667541910889
52373,13588.14253824563
21073,14885.985434375105
40761,12638.01152276461
90314,11233.34295015673
66456,20220.425632016926
13398,15718.611209382572
95927,18246.356358362405
15117,23727.67056444419
91963,12325.507021698475
94398,8910.35966139833
83487,17932.78471841773
37228,20991.46458082224
15480,9501.685721234113
40106,25704.395208257883
82885,11719.621691960598
58339,28148.267656887863
68256,7142.8519442373545
44845,19029.589730107502
45094,27050.49790828264
46354,9999.145629735955
63121,23102.56154718678
11893,12852.535518972581
42812,20998.166454550403
73652,19345.265291777767
74407,11208.084743320125
83395,9745.853381610288
75825,7811.396906082509
32897,16198.987386753066
73939,15252.990864377987
59910,26605.776568983536
91486,9701.007398998723
32732,16647.38988132321
86056,20964.79386604309
67360,21147.432541863538
59900,14346.334361961803
45821,14331.570958275863
77083,16306.129094635071
16091,12559.237635964051
72537,18290.11643240625
68202,8225.153475128558
87791,7370.196959165696
58942,10222.779503303138
81999,11970.86269827296
96532,7423.081469233273
15356,24550.3167767815
12621,27518.233068562702
87265,10135.787867304201
54284,11294.448740910042
51067,10265.655732967805
29866,13999.486055548527
22973,19362.741306414144
43613,20819.960259490035
89431,17310.319944697625
67251,6068.186416909075
90939,13600.989348232171
77842,11177.275279409434
75439,27793.90288621278
33961,28126.23797467781
29345,25945.135552728105
84995,15495.336798146587
39994,27919.718136010542
97675,8827.693423639592
26705,10815.126106110976
62395,12300.593408551926
18638,21847.375269082062
24393,9867.967215162766
80703,10530.117374165487
16120,20372.195605276465
88149,12055.738662461756
11598,8115.4454252340165
96281,9981.162793780157
71170,19282.83660095335
43150,11026.231423161096
76077,7981.193211085172
52074,7524.1586862815275
37185,30118.314556276287
24753,31271.415552029684
21397,18651.577457341547
37227,12214.424747508756
42869,8820.235260591537
83890,11076.985322826513
80399,7043.983942846522
43805,11007.064046733205
51165,11116.66831959543
41198,13335.648516763242
70560,14293.009920851708
97000,11043.377243451876
46116,19216.911059812996
29393,11329.842842563858
63610,22018.237463404825
62318,30827.222213005614
98352,21953.170655549395
81518,21928.86371246368
61256,8470.023036873361
36899,11854.236512470932
55842,26117.436030721394
78637,21139.760882004506
15045,16430.398092349205
72949,50551.172530709104
22797,15701.833411280806
98051,9016.888967938732
92954,9579.198105542022
95089,21899.4225098673
22287,10055.112826494571
49384,6983.03754892713
14169,22434.441341899696
96448,12619.082874928143
48337,10611.147002298541
52483,17375.938451213628
81473,10320.794387012473
33847,29593.363952311745
96228,23242.77199353569
14157,17061.229096440882
28231,27261.207785574657
83429,15193.317738651616
38116,11226.899941727952
50875,23638.844078389946
89031,23292.587891780822
82530,15497.123436363172
88724,9464.709753487514
42197,10627.996772952407
64766,74597.55899070401
36814,8055.459284896298
36758,17266.88486285135
27007,15823.113114076175
59442,10552.994653962272
80579,22723.425557913568
11719,24754.57692581001
26611,10066.824440457038
88360,11110.61190739627
91305,28513.953145634543
28254,31780.54381176649
20341,18264.10559923412
98346,8572.202389689119
39449,9538.818630897073
78292,5373.034744587068
19925,22776.808406089065
73594,9140.729441026859
38160,5927.175831180073
29646,13360.95581659234
65270,10335.152471456777
26868,26280.074487584083
71425,23678.553352363946
29940,18782.7453871757
45466,6284.59861468977
50079,9873.738970820777
18599,13192.512990552736
69699,13090.73856264676
86846,9372.190738390564
97260,29826.280090851877
37972,20298.56236635929
35780,8940.384577736279
60659,7879.918854560705
95755,21533.117789660617
29984,11202.096435647027
84722,13011.902730280868
81575,34027.89322074034
21473,16235.644751145564
66690,10969.934584343242
51829,7682.549622423632
27848,15161.901332546706
90999,17034.735214887616
13915,18166.839107631706
43861,10638.618005649347
53551,12320.977348216751
37594,5920.126500808876
58532,44033.25618340023
92549,15376.439786645666
52875,7507.497377937167
40933,25012.610788756523
74241,9575.33219436023
95492,13546.347437866416
68263,18382.365429986476
60806,21649.874486420496
71151,22464.7545049541
82204,26058.897168229243
30238,11655.548899445968
14931,7439.000379182817
41281,19525.456572664076
61711,15763.367840266956
64991,13712.065476387917
93773,7789.5115188541695
76248,31541.139846997383
29022,13498.095639272464
82238,5839.4244841816635
64996,23477.70647837785
87923,10012.93441433311
24164,25227.331878339846
53328,11215.368026350283
86363,18909.817377662817
78241,8204.281402676783
63024,10766.720737652307
80692,9579.928768033482
25768,14276.537217355362
47304,14691.97951754947
39032,10430.791598706726
34725,7546.366633720318
12280,22448.50655968546
64287,6335.756991583232
35564,9626.767129817918
15859,9960.681232203886
76540,10254.181435615412
64293,9017.686905499442
25674,34900.77810309698
93586,29056.04241522972
32017,8916.054218831705
49100,13917.37700946416
76904,6978.739215064967
23878,14454.737976248944
32439,11851.033534856442
85492,15003.242465375351
42126,6685.374526525215
57423,20199.254570105604
17203,13841.37273591294
37029,39543.98956429947
38217,20417.253441968012
32264,23701.386823347937
25477,27779.036963169183
79577,19249.80489821713
63977,10205.291666392384
61503,11912.014071109992
42880,14590.011782188227
73062,7762.1121503978065
12593,23374.130205485973
77041,10749.88863568043
69852,35344.77460335195
44330,35837.52728821577
73195,14188.97865515076
85646,19931.310773920533
80880,15864.947650979922
50416,13939.100682874985
16311,11510.522539688642
17127,10165.444704685699
87539,10056.157985652399
70526,21278.820031470525
96680,11531.20527679665
14133,13536.037316625789
13256,44938.896906478265
55747,15903.464282909634
35558,13495.705475573946
81854,15565.683131550812
33931,12772.389474494361
69279,28365.174206886833
30086,6040.070277982615
27166,19839.667009178662
38503,15810.855039335973
61807,10747.004599149797
34594,6650.813275595156
28032,9121.182818084377
56868,15582.711590043018
68156,11424.275665509078
81725,22809.17080949765
72193,11314.426767512086
15641,14877.444285284244
44446,10264.001952484949
85906,11576.15004498266
43191,19850.764640222107
26033,25679.15923092066
73419,20977.374797081167
92624,12483.367307887918
38006,16475.95634680128
86349,7796.438958404975
78815,27880.8056350892
71698,13914.820791768245
91431,26498.344987250195
72887,10909.882809087836
64278,28554.017324067398
83800,17509.934652159907
94282,17387.501927778478
30130,15677.753818388124
24813,23457.466769076455
61971,10346.289480615324
87227,19195.658316272467
64803,8330.79400575429
83504,13944.182753712303
24468,17688.7525788398
56945,12250.369193468989
60430,22476.65024024634
53501,33346.83652608081
31374,5120.708206270399
83636,27072.752701669437
86213,30089.224309424404
75085,9456.171431737208
71374,8456.508673305687
35027,17124.555553676226
21600,29775.199093256313
72481,9845.594603558233
36886,17966.072785555563
24616,23158.950665577544
11916,18368.00265532025
83301,8965.382683377782
10227,12458.121441971489
51182,9276.48103934668
46968,7625.450576704907
46220,12171.137410875559
28611,6387.141055423301
85758,14733.125233555817
23510,33391.09556468329
23130,9653.507348525902
70836,18498.639959128162
23369,7286.325570829245
36107,10300.570208316563
15228,6075.002638785265
64583,13333.845623781062
49812,10199.585315573691
53551,37623.8987603387
38998,13675.383658059665
23996,6232.952473020214
63715,16840.05142267612
71456,15643.49048636977
54426,13838.238960512066
67048,27265.546668228173
58286,27570.12111624649
38620,9411.365700304726
98485,21350.87102498085
41136,12317.25203443446
82117,8116.31210429028
81208,18024.419043063826
33958,15765.978975056416
77229,16582.917805392255
48707,27454.75589666579
72401,7971.944707872824
69985,7455.927737310671
97753,7730.995471183496
40545,34806.42669591013
89672,11453.86266728719
88947,10890.760455676578
73622,10070.310113693813
70422,35837.52728821577
72828,11124.601407800876
52842,16409.205096432444
91497,17052.037609597348
64778,9884.794273939151
14907,5013.048559347497
45737,20211.363926376995
20557,26316.900105492445
55117,26155.469656257363
60415,21754.681245602096
47967,9249.68210749672
87160,26953.269630099814
76765,8340.184043903786
68936,25904.559611357487
78274,13088.614081467951
98391,12650.191322841136
14167,24509.373089446297
46618,41913.03400462867
48043,8336.571838456008
46719,17258.783187727284
80092,8664.01846294606
99304,14562.462243621298
11900,16892.492244888246
42248,13527.852733045162
49916,17375.81531557314
58578,10616.747556345286
92861,12306.64566793597
55460,16219.789955290036
36883,9147.427531094565
75411,14992.404889304204
54162,61597.699865482195
54230,5561.38755496301
76088,15927.213412865125
71848,11425.88928887076
90866,5017.59788310192
76129,14057.800529937276
76982,13006.076065612626
33425,34107.97291135509
24216,21110.630375094803
61804,11354.968985734282
19005,26713.571641408053
28475,16865.387410907388
36747,6210.748048139725
86736,13373.077079874403
50891,11284.79110635589
18232,20510.40934406873
49957,27494.10443141742
32890,13688.757801962482
71654,9308.773117559482
88900,28683.29653732916
68964,7815.903708201613
96366,22164.548046139553
51352,16962.605846117003
14050,22413.345632740795
42199,14566.189230288757
58425,11428.097549873262
97810,6760.690390826072
50888,14569.836127483493
44408,18859.678394652627
93106,16584.431897507322
76064,14367.88052496353
80032,31758.996518033753
72787,8925.869588100559
38143,20080.35693556094
62475,7898.165767771459
18779,18377.979478129946
68383,22642.826124989475
62036,11383.84953313353
25307,17029.776774811922
28529,19557.789140195906
16000,6477.895173376992
47744,22202.844200053212
20347,16793.36418044378
96872,6436.5950856765885
37385,27443.697749762126
37049,7041.986959439037
18160,18126.566772668673
31296,18997.860448825802
50434,35740.6553040107
48715,47782.67840026415
82524,26123.043348216917
27563,8890.726356453311
34045,19525.56506733286
43118,10760.883251585026
23347,39119.880370526946
46639,15336.519883497502
25175,20158.522886701365
52803,10084.034557380382
66302,43009.28206179237
30970,10853.38719867533
48969,23892.11754363778
96362,12312.527266210907
36415,16873.467823419138
46567,27600.276412098967
46196,8799.360419255143
89413,28704.260343840535
54875,16654.933320930282
15854,22552.19910364569
42865,6899.5485256800785
58937,44594.86788595146
57482,11510.421634197863
47167,11704.629543264073
28671,29598.08650211423
25100,8377.415181005144
17817,17510.125961773036
53417,10924.25709891792
85604,10579.775389652346
26345,14806.40590736976
80483,20204.185575770614
46464,30975.37807362155
78973,27299.15119560576
50778,3996.8066511631296
25153,14148.170050034003
28710,9848.526354049565
46084,20492.570851606382
67130,11957.555606288752
45401,17286.567117611095
85573,35279.4493763591
36865,19470.566073642007
80330,15864.947650979922
48143,9823.203133484887
44386,10782.706067400291
86312,8789.883575690801
58510,18992.502473008153
74778,15583.612889731958
79715,19964.966426488525
18468,11997.389949160031
47210,13283.914060548796
12969,65883.22872622588
22314,16471.336433292796
69766,16162.66477351266
64262,30617.433835164782
92446,7175.232226885835
73903,24801.616540500465
75939,15117.971764164624
12837,15237.527519732397
20649,18708.458800257078
84699,7442.942340300298
60115,35717.60636704575
29347,21412.56175018408
48076,20831.617217927174
30710,13438.235815816937
34698,25380.067003347413
27038,6759.277218200923
58226,9751.858807066135
50936,15671.409697371242
41488,28524.898307256677
56241,15249.183075385487
47018,11609.836614091428
62138,13224.89524887166
16856,13115.887054232113
12689,18771.800760269707
21952,22146.537935164684
21212,4629.761608585222
85433,14193.691407119532
97185,29885.904361021265
51223,10719.033965772265
63655,8110.194508556
37742,16132.924510907285
92777,10176.708225682749
56266,20144.444971680015
27759,7411.970378568934
16253,11697.215266210278
40074,33041.39434097526
46830,13587.843778001317
61018,12215.29389502564
79777,18067.37031735466
65402,14954.450076829431
44453,11040.73131133366
31061,17431.442063781404
69727,13915.452299122036
85809,9977.682724114347
22312,36630.9511567904
50672,13205.909649425761
21337,21259.58582667295
48466,12542.840087588369
75440,1444.2928665735071
63610,11367.969317468438
62107,12103.389014240416
75395,19716.46474070679
33740,7949.138521376777
41889,12252.882766375367
23112,9848.709279841018
32618,8162.249945788324
57273,8767.502244780986
54357,11177.14849095377
73953,12981.793805878993
32738,13028.082196440966
47614,9949.108168497633
19389,20106.04865642925
78300,22639.476217591757
35857,7374.829111490888
44381,14870.334381066503
43712,24093.931444249847
29563,26203.738516469333
68616,15722.58311135863
72758,20855.02266256974
10315,41877.640096933595
85928,27657.280503640784
71384,24156.110300702654
16592,6852.652615115336
76811,10552.424393306783
94033,30994.3317425894
90508,26145.4261574224
23200,16461.157817436164
35182,10827.655743353393
21558,17513.812185361134
60803,8584.3134277739
80735,12246.812423411866
38461,9562.731241867677
82585,16514.970022662223
58691,20178.252177685088
25348,23247.39550744028
27689,13288.830338420805
91096,14705.68143938432
28684,34566.995858845985
57288,13430.238133223034
77066,29275.217592400706
43615,8288.356775940372
16908,12326.143504580195
93737,9227.343281272962
82154,27089.39059243723
54230,4909.161433624196
50690,10009.735387268334
95223,10425.967893416982
86628,7475.068148867502
40787,19515.806341612704
46553,13174.593516876317
71287,11740.338872475426
20875,24470.900872446065
67599,14506.510500593047
75922,23172.284617037054
48088,26379.514196163735
81737,8867.548610993776
50410,21144.953076633756
62979,48305.42419198324
45058,28405.649114749584
58278,21944.035369247173
78669,9088.75296574051
80013,33972.58002824218
38420,10118.843665896577
35519,20546.383623822447
52482,15491.382303427315
63383,55194.38427605618
10022,48538.93207436662
34782,18137.325386742126
90117,25988.73131417974
19791,19142.25741714611
11523,12170.726399385767
28138,17384.555005876835
17815,25323.21667160235
59091,14744.02556695242
58920,13747.087986997889
20880,10051.781350127494
93959,8145.998471647636
97396,10125.960473359031
50430,31422.204848612397
10325,16333.080365997266
89010,16494.54551948937
13840,13311.49343961188
43166,26379.514196163735
67017,15045.225979418678
77723,22559.224054772472
59191,67143.0228569184
75417,8465.007686396004
73075,24729.799108008625
70135,9417.48632893476
74628,27530.10326123336
66443,9382.886913574868
33269,14490.75084995152
10719,9639.477268639223
30337,14383.750672999366
19191,44885.781006385136
55867,13050.942108170433
99114,9695.925567446746
67215,11535.384266193987
66944,18260.065509574553
47837,27854.42583306766
81205,12852.02909574712
72404,14208.717440658076
51999,31807.460307921763
16577,12678.240327731019
31223,21659.161284210753
72555,7802.763254888614
38874,17993.015472187446
52723,11959.130058574305
16924,12803.447754908462
85145,26966.03234574338
80137,16074.828915968614
87878,14427.625547594795
33897,23846.654309459234
78131,9905.889339866148
75719,18729.16486594242
25117,41006.67941944233
50059,10750.823537531905
83482,9672.708427597068
23879,21920.824809926013
51805,15314.968545507847
53874,8347.952273773433
91061,12224.606614902403
80349,7624.811087736141
21722,7156.662508984473
65095,3576.1155069010474
83787,36949.17080650016
34342,51424.71836661954
50413,9667.953805282625
77662,37457.2886341837
68860,20375.63536781122
57747,11487.049344126384
35241,8613.355586080168
18457,14002.722585707406
90568,13423.106329036813
69365,4304.579301650996
13287,11998.279419829949
14885,18032.71796629787
35943,15074.973471564614
13210,13737.02635806248
22507,34154.572166058846
44911,8734.917260340899
51972,35384.88520346192
63444,31645.430805391356
70638,9848.448039395858
99637,7986.014337642764
54817,9768.294558467176
77386,9724.234954720658
96944,11769.321701410341
26600,14096.82102293548
92059,20122.248387435833
95396,17509.03224957713
81472,13739.572637476122
25333,13545.181264183579
11623,13286.409846055269
31695,7149.835474066143
86095,48338.55291668196
63396,13437.375968470424
41595,21891.784465710592
98886,17208.26657859
24304,26136.699751779626
67699,10702.596106198853
14320,16385.404442228966
47319,26154.290333877972
35647,8495.231814706262
93351,24323.262042995608
57567,12370.365288583149
11708,17781.27651789139
36010,24293.24938064195
72536,17001.866576201875
67254,15601.947982454843
10265,19990.859705721516
72985,13071.199962466033
27787,20741.36506701862
38606,9092.034359028847
13710,10713.69409442386
48141,9998.010847431176
34714,49332.933721387526
43574,38624.289442990164
10680,11632.645512740084
23607,10409.76154728359
67834,16499.47681807781
68148,10203.695455374114
50786,12799.150511963204
73110,22492.78555130716
90728,9038.815438992315
38326,14371.285647771178
81497,8934.588489632306
95591,9390.743762142458
22643,41079.24765608576
15318,3243.4148000490677
22671,30617.522283224505
84081,8390.89659494589
94723,13000.725188610922
62832,9554.679010450203
70349,14072.541855527506
52435,8491.223827393536
30971,8388.165344285775
39004,11200.613809054194
95327,32778.13139220131
86291,15602.010151564144
52555,41791.94102650811
34327,31890.872731612435
34719,8385.36775847464
13058,6988.107446419917
69420,15839.803826414693
18001,54855.206531496646
19652,8628.990328549518
98563,9381.849720218317
25692,14620.18005625467
55750,14927.662882902554
31584,12340.024983988005
83853,21273.749368389377
60904,10475.6236507187
88413,9575.346559069985
29421,7569.35975457916
26128,7198.248315645855
67043,48228.55170732681
38740,11129.39757409648
25972,8274.542585799532
73292,10423.195882221626
77734,10333.265011395963
87458,20564.626661246508
14271,22716.588084682084
74227,58636.36598980586
96925,9664.543687624617
49249,12214.46210582481
82777,27711.491828041562
94208,11430.85784520099
57680,28275.465301849683
43804,7403.274937838485
61603,27242.741917179148
88657,9078.742291801529
97030,14777.626275582357
60875,7637.432413424151
39761,17490.26508572129
89368,19662.580558545138
98791,11624.15374144898
54740,12613.474914854447
19008,18066.212182287665
83052,47550.085061573154
71110,41551.43453335752
53878,16462.770819262703
16780,14311.339903721542
39455,10716.084033196646
15742,10796.435937673592
69008,38512.47176696287
49075,8211.371212936338
50209,10247.810510879248
35735,27816.30067943888
44430,11997.098921710724
86928,13698.832355785784
18094,6267.87114164026
96602,26334.730575123154
69055,11268.107178670038
54354,19934.49163183446
69556,20245.019177009402
49066,6316.710025263654
77129,11402.935035061528
92943,11215.848222910317
87567,10673.09938922367
17209,17398.054642086223
82072,7964.017732264838
61044,7668.0241200077835
33763,17073.140384656177
31761,20740.97336348011
55561,14754.603252600326
62716,11256.84282760882
75603,24883.42140190139
37915,13701.791042428635
75996,20589.463761918065
40886,29300.398151397087
20251,9323.613632081178
52139,18630.27341801647
85499,6946.8975517616
37262,17391.17254408043
64246,3811.343260203559
82848,20864.32643057566
47597,7214.641288287221
38021,34131.86754632417
29215,11544.683627808063
54255,43023.842392121136
23008,9765.10529472461
55612,8571.211327635774
76492,14688.596526137824
62319,48630.73809432465
17158,16373.924727075486
20911,10571.27798716774
49830,15375.226176640634
88439,15399.206586518583
68719,30044.439265986774
94731,14501.820168502047
66607,9890.668928815838
52154,13468.703886233432
46472,25829.55336173323
98238,11091.39336983043
43000,8779.52127420936
10807,26443.29949110043
33947,38583.78813731561
14351,12774.12313047981
49038,15151.727154259866
62774,12214.46210582481
43059,8791.082206404353
42308,12978.292913837267
31825,8180.76784205388
85191,8275.451116834749
65141,5917.334645144347
44071,9576.383472362844
64717,16101.608623085529
38932,10482.743807285027
47006,12743.672881950315
85463,7942.4303132567165
22454,6389.575430769593
40669,17200.94889170608
47728,14884.280069339928
87466,26414.836116168473
29084,9121.168761914249
96655,29407.631322197994
51315,11037.67455007807
81732,27706.168636398244
65728,39240.97943044077
21708,15753.017214702762
69933,15327.22274906337
99891,14635.838753167407
88219,16330.294910937477
56608,10262.677679111144
39870,22517.852894955486
72962,11216.28559448538
10281,18300.7618748753
59351,7716.924678221805
82500,17126.150080742635
84580,12138.119265710458
48158,11629.857793101688
96112,14033.803894421351
35755,18565.458032042297
38264,25941.551061235128
71972,10590.17017404618
45650,10327.653890552674
67137,10440.453410928694
76717,7771.321119068309
33243,12080.484142437512
42421,49614.3970803036
91981,45221.341942035724
66525,10084.657690364791
63191,10742.258940414169
94631,8941.44939567228
29016,13371.553811076597
81800,16293.792724031713
47402,27916.64611765559
47847,9764.84103573361
12451,11407.751610975316
50246,9746.392718097457
16368,16414.552507437595
69091,31210.82600262019
81500,8924.510664861882
12555,16446.22064030921
55599,8129.708685378269
53990,12324.820126260713
48924,6039.07080007177
32087,12261.432406703676
83361,13232.102038958017
87333,18418.095610978773
94390,11308.331786328996
25949,11519.777177359227
81080,23460.563700579653
10621,24910.235185281083
12023,3552.0425079786255
38469,24115.7159272362
39473,25905.03644468535
72348,6489.468024614565
55293,6758.974265865163
88764,20688.899101751496
24776,24499.235264859915
65020,13691.582394736577
24451,31371.819770679627
25530,22933.28857345555
85886,33823.222376094884
52354,29195.395753504672
64384,10475.248718781015
41548,9964.543898148077
92725,17606.507056926046
17242,26170.822536557094
19763,19924.15042495449
35909,27136.03632431527
79110,11943.23402144116
27286,7984.843007659107
95416,12416.435777504488
68552,16514.74273929065
41379,8877.624080803456
76355,14868.179640991702
14070,9150.055627407977
44341,29988.537897361777
98929,7306.742393598432
98072,23893.725413102824
98998,23422.32489136149
45097,9182.474552305248
64181,21647.026233943965
57843,30221.58655415367
36009,10637.360713339767
22761,12636.275831627887
49577,12572.738695878405
91185,16509.19914947366
26689,25314.661303209774
67351,5830.60964959971
28090,8360.869590551067
43389,17914.768157004233
45809,25887.282074142422
80162,43937.43325535377
47679,15790.91928735085
50731,15578.851326545944
49445,14900.050240213259
60475,14323.614543134505
18666,27674.03313293441
65301,6439.485645403147
10910,17136.62593221494
44991,17643.47803272588
54097,13213.676863491048
79268,15935.304344960623
25540,9825.154289789603
42269,26794.907563520625
18412,47021.144593431745
31605,11256.494809773805
21359,13000.725188610922
98407,17055.375568277526
41869,30130.57054509126
80892,9951.42725751487
49041,16433.056792200143
44789,18382.081409178303
31281,13713.728712925214
33087,17749.55165980828
43869,25876.708621851096
65917,18651.577457341547
68636,11838.413418286265
79842,15391.957002794496
78423,15871.643666002876
52118,8929.519772310483
58233,23594.35013235108
11485,7377.607920371485
67946,17713.569930648337
35746,19273.48295919945
48306,8780.852073868158
16699,13851.354866779486
70761,15729.453581852107
32185,18098.931075989687
68932,21884.458937660736
54344,20480.818579221836
62060,22591.74261458241
27217,9713.93617729488
56336,9336.261847787264
84368,30958.195648568097
84829,6863.210113654233
70925,17434.500426324405
66383,7271.891113109132
94649,34862.40022900724
17955,12152.741175022686
50779,6995.020888545563
75220,22533.762445533885
57778,9512.230085766409
17085,13439.77014179275
21564,11550.83320075278
13029,12914.971508086202
38614,11193.208073363325
92401,10896.361021786164
63119,15611.702454570977
88375,12006.015052127954
72241,17075.583006740653
47579,21192.178490905597
11784,17561.61580177126
75181,17501.739266079632
19502,6415.6035702345325
84145,7282.546691645439
86434,10173.50013337235
49931,8270.0970283317
78444,11373.1807195204
66203,6656.285869293582
91040,18913.259195741175
95155,30001.980528172848
57686,36240.885198105
58970,9160.106440474548
89097,15357.334831499145
42718,24297.490393159413
12741,9180.922636570525
84329,12035.515404087457
67545,14827.778929657614
23804,9946.02226483016
47046,16659.218069252594
10316,3936.638057023363
69217,8648.145502642441
37214,16876.965010905067
95705,10559.912124843071
74907,19339.608877577994
18871,22335.729334462067
37460,9362.820421245424
53531,9018.119213248425
50966,19923.44611885578
96192,10274.631294726556
20247,17043.25155280123
48764,18919.938378787796
97850,11235.483027095834
23725,28043.06761121728
79185,14423.808495032867
20903,21353.099078249266
76500,11224.750944684652
80381,19285.445712294542
44643,26863.408796827556
93744,20061.173939880384
74457,25684.10367442789
27622,32812.830695174234
76496,16585.070180239178
12862,18205.76843883159
90085,15249.401231196527
19912,27576.31332296809
50966,25470.577617309995
18888,5860.283259345873
74578,23376.33392236106
36093,23954.33608696483
42996,8337.623202326435
91580,21552.10692511904
16437,14218.159550863536
98809,19027.962174979508
63078,27322.010128268492
10458,22514.97784524966
74799,9967.5208253704
62622,7438.584386953378
65853,15241.466337811436
41555,8323.673448854986
34943,11154.576071810632
74766,17131.00856408137
10377,25701.394361047183
77104,13271.589190338907
23391,6679.037939111819
37565,12764.969334399893
89037,10369.12084748035
54424,10467.247831112029
51820,14900.825864280549
34504,29367.02162519957
36063,6747.854569987117
30293,36326.83014576291
70529,13620.624071990598
70082,28806.372406638937
79551,12466.775775874306
20739,22488.519345625748
88574,8877.533989242718
26975,19174.648520274917
24675,16063.826684813357
49173,8513.624608916862
27498,30421.531466295077
40437,29965.16216754706
10328,17459.292619524982
92853,9271.528160219448
41227,9846.543718481527
99586,17223.6145195048
90587,5278.4135650949065
22782,10859.458689307387
93463,7559.754694080382
99341,20720.886315946125
64748,7535.010999350554
41697,6937.305550897525
29629,4928.937145250069
92813,11348.488852359347
13081,19386.5525915118
45751,12118.338098936145
64122,28900.151713763218
53754,9418.202722024254
16402,8800.707887968301
19830,53339.91918051028
49815,34731.66614232419
36755,10066.15996557838
73979,8089.587181412757
28942,19123.541138774097
45917,13725.068106724657
61038,14693.022732393263
64443,16142.10531373855
25160,5508.348201120629
54504,44533.85594046116
94406,20354.85283937081
32638,22557.39252441635
10544,15087.37690539734
87907,10790.711205581127
72272,18381.0502911967
66463,13157.559918169609
98450,19789.175092779973
51920,14990.616198256037
71202,9413.70751158899
74979,10041.976772975679
28424,16874.009425167842
82298,11291.752575992286
89965,2640.6782119494
73910,12130.759979849096
69286,6294.795204067283
83137,9736.589852622013
63965,9489.83999222255
73730,19588.237058004906
41661,12433.4884703079
52906,14477.413734827576
18787,18434.729061205235
84779,15587.603475896247
76621,14161.719547699664
19254,15455.655794604996
22323,25828.252542441132
30144,4152.196291182905
85523,19843.03602120569
39039,23362.654254186622
87971,7890.957740053735
93564,23211.20522751777
48567,23694.50601207474
93477,30316.659468820515
70742,7535.381354943243
39540,8347.577978666966
91608,22457.134553972748
83149,15046.324431897207
28854,14095.135358888958
75437,21833.03067818824
98210,8946.78754800094
20305,12518.924210533336
15318,10479.845841829047
47157,16773.990171251517
88905,17328.92235533111
55481,19904.882254020347
98935,46536.137953848505
15588,7899.841907417489
41475,11119.966926640085
41270,15683.43126539963
13441,8200.813415236866
28349,19123.541138774097
91204,27630.636715569024
16686,11118.21674731803
74619,32185.823883272715
82328,18968.453239860326
14980,9625.882268361907
35028,12222.029771478035
37811,15629.973380585787
63935,33114.03204577873
18126,9836.585425956218
94716,19029.929190436837
61290,8891.305200261462
39411,14354.56989199767
71046,17988.79653303334
77766,9182.807088740072
36494,23594.327104050535
53951,23660.235093300147
79337,10587.185030213706
58426,7880.12675755214
58318,25444.098689735838
38001,9488.10089058077
56547,24427.650772440065
58954,12277.6257990932
76241,24618.64597399192
11634,12412.65765695203
66694,10214.756767256382
14557,6950.462835962473
57663,5065.412631075977
53490,12748.709595177592
32958,11348.059368317434
27701,6089.486811561557
98159,24131.749019434566
99283,18888.768045944245
51051,16921.013868080892
19196,16832.851593198116
78264,11010.985894434423
27603,8142.800915035325
24914,8932.738794159854
50665,10135.787867304201
50230,8056.12888828788
49270,31823.81643645332
69370,16843.81494586285
23435,14363.222008102595
77248,10436.555793739302
37120,49897.32526703645
87819,25483.203210181164
17251,42823.612014481696
28085,19719.00239768556
83297,20175.929473683253
18315,10356.76928039432
95962,9353.485942423675
88632,18577.53972117923
87993,20356.52551078876
97197,12298.107223858135
77972,5604.351511080657
98279,15535.77587292129
99623,11953.609449137937
20714,7513.809485778842
72217,23303.65065324148
80639,10002.188415966793
47030,21810.752950621325
51683,15338.090464377034
57776,19674.268571964225
24858,5333.82675008092
75739,26528.935397585494
28049,13939.719278686378
94827,5132.884443413546
87987,7574.020265024887
95370,23065.869308089088
50902,12683.264704779758
14389,15356.961277710758
74367,13866.530262431588
84758,32521.668409493635
22306,11615.86521411765
65847,9013.322071825729
81361,7042.581765456809
83058,12905.59632206892
13483,13308.165080038707
84747,17357.41381628782
35071,9621.300187335044
72046,34457.4859875675
61341,9223.770889284813
97088,16955.68494320285
66247,17149.5061736366
76081,8400.143355827458
15062,10686.731196804918
66921,10870.00667244743
76208,53708.44310745021
56250,46057.714007273506
50487,45353.068453283515
42534,10536.142650889338
26621,10134.19238460886
58222,26706.011304248783
52699,11461.38511265782
38008,15466.785306236958
28941,10785.505424526831
77564,12797.948812641898
45669,4672.370694261299
24674,14021.486592232686
51906,15805.18457256281
31820,11591.618342512731
58982,10861.725904640996
50839,15199.117267559615
18010,19896.375163727185
12504,6118.643049782728
17035,11727.567337486049
55841,14923.04178122828
44981,10293.652605272815
52006,7626.013887218087
94386,32495.99696007273
19661,14501.574702979471
63566,10244.104488117751
79359,13841.57683262588
18325,40299.62794255288
67879,15452.557315749142
97085,7201.142542522455
14296,8049.207923306516
70572,20356.494809689506
26432,8676.806434585791
14414,7850.065774120059
48614,14870.428491205517
59441,24418.688919540462
43876,7481.891129559999
29316,21630.102613125473
99919,17967.975266322446
24854,27934.077059183554
46422,14481.041635423519
55168,15713.255264554138
71594,48438.90966141917
64127,21556.512574486966
88016,13969.907812097437
18070,19518.872502216742
47208,12693.151935161517
42967,7058.972899701379
28857,5416.865504255127
82200,12060.66034301624
85043,12160.559281216596
12506,17331.18987044784
38795,22351.626432747536
17724,10028.513164973752
11464,10425.817943858707
75747,15643.768167408978
22567,20770.033226118976
35951,8648.274466370214
31724,13860.410849369677
13715,14231.157649861409
18044,5728.974147218625
71136,25796.80723041387
26340,12768.511125938785
85964,8202.00007051848
35144,16380.016228433406
77898,8094.374233185694
29363,10715.925820463586
96837,16073.258248843276
87602,14336.75225970833
78308,6996.957253941244
90316,6821.535585064492
99140,13186.391994212114
17704,6512.476746179174
28921,21176.731723390643
96441,20639.32457644451
86256,16320.76044874954
47624,28267.3046553244
15748,11744.737040006452
51447,8089.962836405955
21599,32179.277057593437
72774,22296.92335370912
67251,13558.248466033585
28507,20564.902554020337
93657,23278.029390915162
58274,12963.174808308055
77405,11748.377403455492
78967,13243.469841761129
37927,28565.19524193149
43836,10349.255290585135
97762,9996.086270700998
97554,36519.844913650624
73888,19450.41760215043
57843,24310.4823707568
25997,12949.579980655544
21043,3607.184552586805
15301,28418.084889513957
96650,5386.154149253918
96822,34900.310294604365
66305,13980.96881240568
53447,8600.401927799136
83525,10400.651472238862
69067,10409.026225822305
30494,12117.14157807146
78944,23550.588718884777
38125,15226.986314887718
96348,18705.947775547447
90563,11214.599369774809
22547,15139.472204398635
68497,20843.739448313467
42524,9593.26357598542
92894,21475.056051270207
21741,23827.615113165095
87804,12025.161477001622
97394,18339.019287507574
22055,4669.0940241509
82726,11039.812352526826
17387,22985.72847125036
42165,11692.285656773007
86912,8780.60809567588
92112,18644.045046298434
52943,24280.009877339013
89848,9342.455125033954
13979,13448.649313550806
50689,8948.291363335036
44109,10135.531323870719
67130,8801.488435017123
35619,24313.00634653326
46452,5928.39379800703
32746,6097.805337248783
21832,24922.68271786685
86324,14675.239352182653
61173,20557.131757195744
71089,20852.36578917777
49483,24599.692414873894
96753,7682.083006284773
10927,9818.699088039699
32966,8926.92710955488
95776,14451.576684995733
35767,6371.871212653816
26318,9288.68698665256
27890,49013.485169578096
84641,11103.780106371776
89410,10176.018038127808
54843,9835.080932065039
54486,11538.523352786506
51694,10245.860512408179
38558,7939.825147680807
80445,12059.424387521056
72874,24422.14287632469
41127,19506.904444327723
72942,8665.527282399802
71007,22227.411049850216
32773,12698.908127547711
99728,14583.697189588476
43926,19924.836911612867
95060,10429.438676096062
41455,9305.935617293362
11601,11987.684013755093
22204,32860.21056443577
43303,10961.278758221117
73902,11123.152106795678
86252,18512.56460312368
70471,26541.84913432849
48176,12520.651314666935
85632,11599.641909600006
42518,5869.917341399212
36003,6153.795851709243
68685,8589.056146644574
84280,10155.326254919091
21529,28863.750048076545
29284,20571.843047160393
94448,28084.004717497228
96469,20566.46687459573
92806,7510.059825448878
99122,10555.642514003663
65957,14367.88052496353
91154,35249.55041424106
93930,48059.8071541363
87211,46250.22436998226
75320,8591.899086684689
29589,7929.662901929652
56988,21716.778694944558
87285,8869.728946227622
13950,14368.655106378386
76589,14702.39880205755
41546,16732.063892199676
69941,28080.68643869881
94284,12081.672014622625
11426,10961.566793321857
31610,13617.849842915395
98057,7410.725959355819
52372,10190.629762362178
26333,8840.801941817885
25638,10856.468760736905
54827,10393.365594838557
99502,18517.394076567372
72399,12737.997169902519
70944,20765.93316349919
45433,9047.358038403028
33615,8846.933424528095
38864,22549.78202201405
38878,7651.899282915598
53974,9121.912242279326
77333,42071.82960446714
86322,21411.805264731396
42436,13298.121042132942
89415,25659.993616425047
26844,14138.268012545392
84146,8361.597120126024
16351,12720.442920233612
47423,28117.72376363407
31147,16100.886073992348
18174,13463.46468224465
61634,12040.141998414361
75279,20514.386141639134
97597,20903.850813859208
59073,14610.833895919739
50579,13868.11094286721
50557,9975.729957266114
88571,16754.509375500562
54178,8345.000387135698
22481,11902.405286186826
44647,21320.355660083427
62086,25255.06561689468
30487,10473.470134181953
69817,31869.921367946547
26944,48576.054778531616
96092,7789.5115188541695
47342,10485.588443305118
41062,7361.790500404877
39770,47302.594813941694
39232,15123.4856673163
27510,28509.285709826494
72785,10713.63547064733
99716,22899.167783521953
83621,12848.927702327755
76059,31070.101918894485
20889,9627.935371230858
13150,35105.33355879464
76198,15067.261877623814
81049,7189.599417677615
82287,10576.94482628689
42567,18872.2924532985
23443,5936.121245563238
11157,10995.153176472617
63155,8675.173544963549
72108,9515.5930936838
50322,20720.88888161995
40804,26848.928940594837
67883,11172.83283143545
90069,42152.82376010894
32289,8505.02530887785
52595,31114.27584563425
94812,8329.749373149327
56532,9938.806340993026
22519,8234.262508514956
83102,17700.876447072507
79965,19050.964938421646
80409,14562.18713258263
32244,29200.399720455018
65587,14989.371747780706
24824,17415.0750161017
96040,6459.751060900004
18877,9777.041965174216
64882,30974.483600541433
20155,9100.735770227242
87347,13191.86824571281
46994,22453.93373963378
21545,10537.186030178415
89546,10488.758358714365
93750,10925.625139610313
34592,8683.600045625197
99796,12201.34587549102
27842,15393.90805239819
10396,3829.068751126135
32106,12012.599097694034
45882,33426.642439479605
73598,31982.552986069837
84886,9130.969873091522
35731,10317.356549972148
23019,20558.000422950605
93682,12636.236079655046
43394,25234.414564036306
42582,17500.306477752834
26468,10401.039082566866
10784,7705.400213429288
38717,9927.996642565475
54897,19531.613267617984
83187,14095.070772735184
33777,16404.736795225574
74524,9971.393132837657
37464,25041.923705909638
39163,23117.728009649363
46214,28020.75394931734
53261,15919.654649197877
44758,18332.51628319293
42769,31826.890972109148
45798,15164.699247046636
53816,39509.16555068728
69247,25279.985141871613
48280,11187.326252289466
89237,20189.123889602713
28459,20431.6129163191
92203,12715.747523000977
85938,11692.285656773007
18208,7202.046050524987
65375,15068.891786819495
84697,11932.061389799392
87381,20092.834992347125
16110,28423.22062426224
71529,28015.19124929037
49190,15412.73893347409
63632,15886.554335366052
28823,20339.509978901093
36625,17091.96010257698
38753,11380.671937173265
92344,12092.842653861664
12202,25125.972939055486
89555,9588.092407974797
92777,19004.61038328498
76054,11558.858742092185
89001,19407.72465535544
22391,7868.377827871755
38125,13842.722908500462
19979,13501.434976673881
61425,12703.041891933843
93398,11469.955026527283
95406,7511.922479374367
73656,27417.695509767043
69145,15684.402066430295
33583,15216.295562859064
94723,18354.865283382234
22385,7096.555744753965
51523,34648.20145596968
91668,22589.246072019865
70787,34775.43290950208
79923,25409.896584820148
60952,11769.2934018522
68399,26491.693736879097
69485,8481.588524995932
86011,14275.21334102056
99174,54639.037932752224
81979,27594.06246886817
58594,9467.5819376176
73772,10181.809773636294
31430,29266.890993364388
95567,15293.226866840727
40776,8118.423424527562
69052,16718.19940778863
17786,13916.217964178408
36220,10589.984144257804
61560,20021.61052178604
99491,7927.988018537482
43023,19564.954929458247
47029,11193.55769456742
48679,29127.578784674177
33418,16898.138490325353
85500,27455.601561067986
60254,15755.154389013203
22847,2750.0278090727734
50236,8101.782036232353
17167,8804.435286682165
92476,22251.291578717
10775,33234.61154409476
41829,15272.798958292842
53055,18008.214209773112
60410,27271.318100568405
66163,9945.951181940283
58769,23239.6662303825
64041,19506.854044351538
48478,22791.49200751008
18079,5543.744460153066
64701,9456.030361548137
20670,8979.312103283773
64115,9407.856961649071
70721,26962.148524178134
29280,17235.913401453894
94069,8561.92196381663
80317,16157.916811123356
32256,21047.613308230342
27204,25585.407201050024
49651,13735.189944860002
52824,8990.14174035487
83095,12491.357607475682
56301,13307.97983737867
37749,12671.377069655422
67234,48727.31027859571
79935,10677.665691297681
58944,11676.044777140909
47283,19401.23333674483
79117,20951.108780743223
14880,21590.44487297873
47941,10394.948621438129
35433,5581.4587237671
27523,19571.76256759751
89261,10470.45180879366
41229,14355.905216912957
71569,17305.599664423535
44410,16682.28653596985
69903,61898.596661812684
61145,9504.321422087563
82556,45617.34120660089
60701,9649.494247660798
30606,7769.947364670767
23456,7869.0374749811745
50447,22180.693764869215
68579,15311.33605551979
38034,44197.07593553535
14253,6191.219030584281
64441,9846.409771981282
30055,16236.871175381315
12162,22179.993267199163
98336,21784.224793000074
82305,16932.656264456575
25290,7161.833014671976
12433,19332.128977511933
45094,9211.082612198132
96794,22287.202317745374
60120,27160.404610429367
63593,23461.571789502475
15209,14005.85231658224
55786,13584.01268362551
45960,13675.615684104407
30737,71626.13218927616
67251,9385.690852853038
49482,26495.397460257685
51745,15779.475498579663
71482,17127.48194082561
72277,22071.723638667732
19293,21996.523771362004
23834,25924.588644230455
56412,37322.80943319704
86912,18473.260198047934
43248,8643.976388769817
60360,11349.904541169242
34010,6969.954166041303
38102,30836.416965051707
15419,9718.886456036675
99126,18963.431762174874
60675,11014.087722605032
62248,49913.93539323722
88102,15890.253831635864
42182,14486.032579571673
25061,14862.681335264224
15565,10237.063028048946
14690,10552.714301258133
53505,11621.680514432144
55280,14086.183343344193
16375,8893.083619740515
98971,26664.20735334706
49886,22758.754314016027
45397,8800.937826945217
64905,46761.39221589557
32532,10104.069661925587
36943,11109.232012637023
50723,15341.769312496319
70429,33482.15866841645
71320,38798.561516880174
53687,21746.074479373412
21879,24940.807096888602
29337,26806.380670930936
93552,8926.92710955488
75978,18698.728254079942
89918,36379.13003642291
10272,13670.700989672645
19159,19821.970527335678
53179,27056.73211798766
13534,11308.89829459339
51537,15291.430913223467
19035,21797.586663784525
61810,8374.563151219101
70545,15110.164127518448
55308,9681.637286409139
14167,8373.147066408384
38500,22464.172035502837
14729,9765.979711328378
90891,9483.355693424608
73038,8973.581359218766
93864,12571.709103427413
78263,18876.73737624001
87103,13689.017916882432
10520,27765.194212428083
99311,6771.583945573386
70998,17087.6167759525
75920,12542.697440568303
38725,9530.01503977047
45009,22687.070120112778
94648,26907.57172875873
76698,20087.82224310562
82377,14230.916546381275
87169,12257.192334243737
51272,14930.467907413995
18598,23518.1252740083
79053,11968.899201247228
27260,16343.560294018274
35451,9263.592021780132
22057,11707.422600233585
18178,80227.08476900493
14335,13917.692382970614
20351,30879.37495578014
52928,20868.49241214671
80432,7841.823815670525
77434,9539.040535469418
36538,14997.587065508767
94909,21448.677528114385
42041,17186.747383469916
93173,7632.94468645019
32595,4415.928372576267
24085,25925.23835587387
28039,9809.96838120755
88417,42282.423977994134
19727,10860.135958192353
24501,7355.678995342812
15348,3715.4103723388907
64877,7318.591400412504
39292,10343.25598907367
58924,18850.22290782562
77802,20635.669507931212
65728,9526.896417135606
16526,24340.788212484476
75054,5502.084890432587
89495,15191.44915987118
56953,27835.16527773267
66810,22646.80055900378
40059,8012.29354517667
68656,19497.597641440098
97085,15642.066635428413
17080,7024.323325967178
14295,7799.572931118069
98677,8512.06280545362
31296,24915.31330218541
32069,17824.472101161922
42653,16772.217148577532
64433,16319.322894702647
71309,46122.73071852882
95717,24321.50528669548
75265,1283.0045897646596
52088,13606.219466730043
67348,10896.797858153659
27556,11239.41929863274
59661,4893.968912949742
23834,42190.082759148696
86884,6592.374432655939
95472,15985.085728078406
45449,14404.660266303981
98722,8102.871395831009
21433,20787.744607627894
60896,23280.07354124267
25334,17839.112028005155
48797,23648.757869202975
77543,6883.404538232169
15597,15286.843639753588
66460,32998.232718508516
57540,10466.912279645676
74450,15878.445836944295
42987,23559.24759463176
51098,9360.278032958784
89968,12597.324047248941
62151,14557.513701957647
67793,18523.51960255646
74309,16529.824666264696
63090,9035.67671381585
93300,15230.524082879785
32870,29155.884809269686
64844,25416.901738828754
30354,6998.369453458956
30729,13177.803700913364
25182,21779.022778898485
96069,22749.302817180418
61238,13419.487313956153
75885,22445.37558122915
31790,15481.234234487327
92204,19665.28122651062
46130,6982.054804008096
80454,6332.39823324353
86523,11566.143664889481
79511,8836.887346185209
28768,16547.921310541155
39537,14633.793999604626
35230,15548.089773970925
46263,17266.519382790862
88310,11637.346380854695
22314,25288.422528746865
25951,8160.95233033994
31350,21740.738677363028
81836,21364.95444305383
84274,29687.897333283392
44689,4332.757888572985
39755,15308.40151504131
60847,33576.76293743192
46233,9987.51678933531
74820,32543.50729591799
23598,9647.537995430524
40990,6224.9809876527015
69158,12413.987224104987
68571,12699.184861138892
75329,22433.297634828723
50989,18588.610779403978
86162,16161.837716230755
85506,9235.325803487362
51623,9887.743616333235
26191,13546.313614726825
94279,25725.705677306105
95430,14800.053288525767
43989,9093.075779450151
41467,17365.28574283906
57864,15742.345657122716
25851,28779.677009366824
29700,24241.655328006716
26979,9555.396772337912
65011,12217.561694600336
13487,13806.332331994588
20707,2330.223764314933
86795,9664.571229554938
31354,9274.849929098296
76610,103633.06243955255
89017,10315.409467551226
20755,6187.022107468485
42134,8086.983714403923
17053,6532.219153167598
77956,15980.840643956237
17243,14526.626750205458
91801,13528.277581831317
52434,4972.786425995166
75592,23563.944048912337
34383,10529.890919758516
55475,13974.223988254536
36343,9055.945733259225
39400,2221.122969541033
23864,30717.093584537004
88119,25395.51029130519
63446,3867.1603781391277
69612,11376.270936478593
36160,13212.917251031378
49302,27473.751072414714
85913,9213.246408359328
96202,19313.09125452875
55017,4612.830896118792
21194,30673.97405948583
16981,6744.653724087873
78284,57115.01811544415
27094,26394.96436958624
40387,12089.0061637986
34268,12768.015030418512
32328,7184.413994544133
13627,27694.288890038173
78469,11490.38845197098
72702,6817.831699164732
39817,3931.014343067065
20174,7440.277533906919
47710,28622.557963948457
32020,7531.308615095641
97254,20452.770413597
35456,10824.203183761529
90835,10501.136004156855
29853,18382.365429986476
72726,17724.229235823394
68244,12304.34050670909
13935,19556.768604434234
10839,13739.368335174186
88713,17181.370956974508
67850,15563.58015399642
10950,14190.695701388848
48114,16977.278703377848
40944,7930.6215467096845
65720,14074.13814862747
84245,18519.831926752395
74683,10088.091970249401
42278,19466.696878763985
21184,116528.84540191745
94232,9138.600035077503
50707,7818.118397485368
88889,13746.843366060599
75505,14704.170195822016
34325,20006.916116331187
61942,9654.193214369308
66028,17337.004490551193
52732,8189.449646400246
94644,36845.24381512852
21879,61320.24239793393
89944,28182.076859355853
66273,15716.15910270669
43927,10084.207200201454
29482,10125.960473359031
19502,20606.06801489224
85172,17802.693463118707
12201,16527.878266289765
99786,21669.523151797308
31967,14731.91900452159
14586,9947.322825897669
81072,10443.704802924043
80349,9112.609102829834
27543,17852.650198136165
89960,7708.79260880467
77968,9878.590637906778
66609,12315.640671185938
39525,17482.925062793536
88461,4616.315023007421
96294,15487.438326919684
67844,33915.44425287726
91133,11179.123566422719
50602,13863.846602450927
36653,9747.564585127984
66827,7941.5836553307545
20390,21174.836986802533
38510,23891.166131989023
63296,10094.408445155195
21015,11416.236058324306
56911,33901.60418310295
18840,13714.386918256136
58417,24406.055441961806
41476,24812.376509450434
81515,6731.9178053468495
53281,21379.442142014625
13673,12812.126829342858
11212,19065.103282418044
19336,12739.423073412092
72308,11692.860276937296
39550,47191.76032164686
71343,6097.805337248783
13719,38109.1786515835
74687,11533.908889940503
25319,10976.344315884178
67178,12816.260806295042
78602,17539.03979636452
20300,12723.627629894805
78920,5461.192386846984
15484,7886.961196572651
42579,27787.398778939314
28815,20780.47826910698
65906,24391.924694516405
58023,15846.77903759988
74751,11034.24074348058
16421,7693.244702956215
71467,19804.95722567183
90758,20358.243806694303
13441,25843.933652934273
36043,13941.551246641837
35520,29972.1543806595
68217,35808.05473409171
84270,14000.806240014119
90681,17633.88176078982
62156,46438.714334613964
85640,13212.128242330173
22641,11674.403087501236
47672,12823.025588133074
61880,27128.6869064543
14621,49461.707117784856
41963,13960.924090243736
57051,10678.84036353523
74978,24154.59120214014
69623,12551.461588416238
77589,18980.89218755004
89221,16327.730557881112
70254,8506.851196147612
29988,9264.322223248993
57641,10810.909966682615
10528,7082.423852756438
12011,26872.435135612122
53948,29755.440027315006
54308,17473.636547241862
80437,10980.719546076514
59475,13133.269740432865
11015,13516.936619259473
42000,9853.00324229281
25337,10250.429678020731
83985,13687.775504321402
69525,22859.585719234703
26827,13655.687681673302
99045,3768.8780989334373
48673,20474.82234294968
45734,30041.733287832954
96256,29308.180686103464
25843,22724.63315810053
32450,7070.630532446545
76035,11583.007774691876
93672,8570.376150881064
72616,22689.012617489032
94306,11000.583439132071
25366,23099.329547668276
41307,52523.27001331832
37944,25804.246958685806
90918,19301.658900707174
29060,29824.725093563462
17969,12699.454017486089
86470,19109.938949108124
13144,17317.555414837327
23100,24936.33187968935
71723,23893.465752764332
35191,13310.615047532432
95443,14525.25372711295
33813,15115.94112599105
62007,20868.595595428244
28219,14481.136033735835
57049,8828.821566618846
59923,11345.299194718646
84144,10913.639544939564
68303,30780.682313896883
80297,9113.092348361868
81068,13388.629756358963
27830,10125.960473359031
19117,15168.456951204676
36797,26731.527574694726
74565,17861.719708217493
90820,9877.922267863714
71058,11145.24162939629
16556,9704.083163481966
93053,19038.368937404462
32480,14434.485904980353
82785,13281.972084894893
98281,15774.264265470656
55076,7493.187939593268
42898,12145.6082811114
89548,14727.156082125714
48203,18196.69750565775
29540,19080.66029256107
14956,20474.476891996113
43099,9755.676531283865
81485,13771.700402867671
86372,25870.684735473144
92324,24915.31330218541
32957,29887.988113832547
57200,25489.880025937804
29245,7242.027191649091
10593,20224.100290277405
90951,9859.86556800194
77889,16055.27295702642
30160,41698.71712293867
99047,10184.184306803045
99260,67849.17775677552
55672,25177.32835723845
28616,25483.391713160105
18623,5085.316480925983
29942,7704.56182684691
45955,14060.437875487289
49131,10208.720666033221
53264,13334.270358081883
28664,21919.72947011492
66675,14149.048863238688
13743,29881.563942526867
68222,9164.746280168749
85094,23038.31511560463
86538,14339.755129426854
99962,8249.723903037377
88115,19896.710993222834
54175,7870.766426933889
62414,10860.643276866173
84530,15897.026236502008
57226,13913.975439365548
10180,10646.279332299575
59830,11637.178349591053
41811,10892.40186386922
38479,8770.704374460267
97483,9881.907431412295
55024,5111.514124496793
57086,27575.039006654915
28495,14649.052645052405
44224,9455.925291772153
64324,17044.918260040813
96502,5059.027056164561
43112,20531.30373022783
41166,30126.55641082207
61233,25801.460298308324
43910,7872.477249297359
82669,20501.50588029208
66942,9963.523595418268
60802,6970.427360314414
56046,16060.44688177471
47888,8932.05835665864
45599,26945.406509411212
95194,8951.785418931031
13652,8412.213442099366
20622,12037.782353444913
96538,7251.821795661432
46794,16557.95558303932
88363,16442.299550406868
45401,15387.641656961057
46310,28654.790932060976
14704,7039.273500680058
74636,11469.955026527283
14161,26957.35029835866
80299,8807.396200581694
77307,19155.851270902123
13704,25937.7123176533
60778,19530.190490319583
82929,12261.955743514554
38881,17314.762908833214
40466,15680.41625829483
61031,27173.99584922583
58475,40472.91330415252
34354,12282.693768933477
16503,13611.420937964243
50626,19789.47065291567
47364,15788.077616213954
89001,9548.858047112735
92615,8676.304821719386
97630,14373.585088328302
53961,5842.5298857851285
23776,9411.125925634191
57972,8222.787345870272
37311,32721.01564113929
52838,7619.331190707779
82602,12386.705777441784
15093,33893.23803172108
60345,33051.06743400937
52240,10582.715251059253
40140,16628.330477430503
70087,10047.179116711632
99096,21386.237224833632
29206,9241.344967179764
87106,37780.51072543408
53821,30067.367872586517
35767,19757.2028208045
69044,22588.64053843712
46896,19868.840324291286
87171,21716.778694944558
58107,26598.56417836614
55928,9006.64982087359
30581,7820.631968956126
85166,25418.46518070644
77774,39225.49603517358
72009,16956.215295956146
82242,14664.180344461867
70808,55048.78549917529
68969,12322.57568967537
30144,12899.365889815796
81350,23190.253172694574
78109,7903.53339292545
44144,10426.869373404035
59899,10107.33184869495
48063,8372.586186180259
73728,20050.944399768618
27230,35951.22525885735
38579,10571.33859949584
42082,31271.81330396601
91821,25002.559466882623
58566,13800.1569315269
58906,4804.543383484695
72954,12447.004366491577
10838,8602.441772051432
99193,35471.43492219041
90333,12811.383380805722
54329,6159.1440611783655
39436,21248.191566795686
79434,48410.14379332408
90308,15329.224057475296
50904,11187.638646586196
49177,12094.942563456312
35626,8474.360067334947
91264,49406.67433681826
91284,12930.373186127825
15953,29620.736332261888
49815,20007.399315866183
24761,6140.451602588029
23854,11984.236993324303
15421,33797.32769480416
80405,22905.800962096117
15013,18474.945173897788
57043,11000.907071916701
71169,32119.115699700553
93708,13447.672951065924
34756,29586.157370840843
46450,9498.921326940463
40324,23377.45241364451
83541,6711.58828724203
38500,13551.356611978488
74232,13706.252103695148
15829,20084.579696220448
56859,19572.844178322357
87234,19889.624249015396
81435,33299.445125540864
99874,9990.169835174878
67510,25713.905522298122
32625,10724.859522391513
48007,11547.12147012792
55407,20730.674224134564
47837,17607.00644094525
74165,10995.412994740935
31562,26570.744525837013
86930,25353.734203537148
71550,21803.055690609086
40835,6774.8960437012265
33647,11226.773344468
39193,49112.58953239504
37593,8201.031658331342
48077,13276.994640370654
49283,14006.618985154939
94553,10784.14543142866
57030,7991.9879985565785
36395,22010.31057017872
63610,14414.110507101377
13031,14485.484081027187
19111,6583.3828531813015
21110,11526.80632189753
49328,13329.648525417637
12062,12589.166997533499
95582,28987.12042574254
82179,11952.260852165637
18307,8146.036852779427
13387,7482.7226016033255
43824,10240.718988400866
80030,5947.697511935832
99707,16931.828075747413
26151,32609.370195841042
49700,37453.96864997984
29768,31337.97015445871
36074,23767.543492047582
48793,7967.5318805113875
81851,15797.489117111703
62484,14672.37622680005
35867,9107.559857461838
16747,9628.052751401283
44726,17461.33229165208
97395,19181.084085031325
55766,33002.84435437892
14719,11969.972914793823
88182,6769.898939203802
43359,9860.6952398133
32496,6460.322972477332
96445,31112.238332048513
98679,7564.9637900481175
60559,67614.02333193882
99639,16756.517394788247
93027,13957.276098310334
29836,8297.584293060434
74749,10682.440445807653
99115,20420.37902658174
22338,15397.33579469493
98591,8967.878614760933
58867,13010.984159195234
49105,61826.01617393922
33034,11004.400491025684
37130,13990.140602363263
91139,11446.182527456862
45555,10834.838672246875
73552,15670.359132412706
22300,32463.228315375585
29797,7586.732081584005
38530,9263.520507890662
42711,22464.298365378552
41992,29954.606141187025
86451,10191.08931750225
50670,11836.418554138156
83870,21483.400733523948
63578,20225.358084280317
77364,9593.03523963609
88675,9353.097467427257
97177,19543.649411263432
92109,21345.503971486913
67625,18946.273758040046
10250,15966.941859894123
38097,17805.847389195485
51948,11844.925135610354
87444,22934.01158355696
39415,16327.873463543985
87156,44985.22919048706
67749,16958.72859805977
15848,26320.924025424316
94556,6725.781765804117
28529,16852.462036812798
24218,12196.43294427581
60815,8413.610488269158
38381,17472.78338139795
38987,10842.97381370135
62013,33868.19604957139
80099,19305.438634015245
95002,10491.898436972706
29110,9600.104031286173
28319,24641.901777426017
49957,9346.840753278737
56910,11352.231218609693
93415,14162.293129355805
73186,25789.393202752646
39123,11595.742605185189
10405,26656.087051257586
28418,11277.784034350312
21205,23059.317587456608
93166,18682.353904443116
64951,10825.773133490176
12186,15567.544303277853
42460,12857.097857206481
46251,21902.06781108983
48872,23288.40655139197
28640,14411.320863222842
78908,8108.849900972909
75735,18444.638688396288
84851,10313.809927327344
84696,14862.092726816885
83203,13376.124527723501
16392,14930.16108619927
10617,8599.127640629948
14175,15028.53523143741
19905,13708.005149117085
40728,24801.208062270107
34864,19681.216058667625
39452,14943.847946705802
42905,20751.371894063526
57069,12230.02333163471
23214,17859.734432187477
33662,48162.56236885679
73892,14693.419137796125
95939,17587.23793457764
36520,17864.904084671085
93693,9470.928643062718
27806,5953.485049914187
81088,12639.62748233133
26702,13156.821417520128
63252,13503.96813463662
21794,13407.546761047864
37972,11513.858847486643
57640,17608.86816393901
70868,22781.327329783267
20779,27629.834784009752
71919,8204.8627991142
44498,20394.403199258057
12921,5448.015559921936
92357,6607.314679439438
57386,9976.09114797585
80469,15781.326842977247
68598,31349.641966260446
93439,9427.601021659324
67154,6209.310832482241
98459,10147.145170404696
45854,30096.04560826174
87676,17777.122313391326
61629,21737.361904023954
38556,15077.887292596008
34898,9107.433452219455
28568,25912.580466537533
36214,23381.25629872346
74211,12276.018479582786
95550,31957.9667039735
74463,21401.630514435623
42761,9379.368539234754
25890,5025.220171927209
24030,8298.106469168262
62352,14265.134866460226
64273,14568.413859278568
83717,11412.771829595767
91003,21082.950107258017
49007,19298.703315077233
89703,11965.994907270688
84861,7916.493383206489
54748,17721.22562658668
28886,12318.543127408871
51151,19033.428030357354
11623,10191.08931750225
13955,11321.641277117154
42978,30018.970492792574
11627,19828.12880785164
82735,4613.463020554189
50983,9779.88470126304
84891,9097.509169848638
56824,18677.111063032156
30365,10715.297590201157
77037,11831.165739329057
63279,15816.643271524095
17242,15876.910118920483
54290,14606.473152664414
45106,18848.36160661061
64661,10220.884295315518
94039,13220.60883608825
88362,28058.87474671044
47532,21318.29724661225
42007,18688.542835515513
96772,13570.043887334461
34364,24530.239489611413
71276,12164.935668059621
84478,7901.365194126118
33416,8114.189931248322
56482,32810.79491458147
55378,29848.69613288118
17865,12628.365105028286
12199,12480.84652241734
60522,5157.86625402453
47523,18593.289580747634
21480,39111.019290649885
33643,22114.14428619904
80973,20987.45473777725
15731,10447.181418377524
14830,18120.678062330153
32166,16363.913317133807
28145,20723.842144125912
22061,11393.074818972824
67089,16760.85846447682
37301,11465.909283674986
35134,8268.240974429995
78852,11349.629435539005
75988,15562.842709566592
75445,13479.916366979294
31478,12084.01665087526
41054,12737.711835376344
37838,21142.834519807442
34236,32596.51692949188
84271,11177.697110135263
67058,14803.115158044
73954,14363.750673496472
54542,8049.184738756405
20973,9942.570364121717
26195,25872.47178640605
15497,4790.55681176486
13348,5397.87323054238
69076,11309.431234728798
27881,12475.51571631967
42697,19267.673511064582
98454,27916.175192178023
82435,18422.058786712776
84286,12054.465307939168
60490,17285.03352052366
42804,52566.28577274697
34855,10229.826219196046
90369,11253.642895400542
41779,8150.711110764154
73794,28969.759088684983
15456,11022.349910846227
45657,37533.19799730416
28855,12131.64117048296
79793,15311.71339557822
11306,6011.054274386728
88529,6677.9341075024095
86038,27497.941798631262
98282,42484.29446412683
78161,22909.29412105683
30582,21457.90690006606
53954,10331.657796444873
99543,16490.250988015297
48137,14995.681707128804
99113,13742.16476313536
48965,15188.593057441889
32546,10675.419838258613
46790,25054.25827040863
38045,11418.014970680037
75816,27313.723885131352
21713,12787.915741396992
32903,13321.919317472299
30304,26840.826362239823
66024,18866.314891114875
40569,6377.000464425506
58114,21522.420506535036
29524,9263.371719809084
38463,12314.95271688002
77447,11817.866830909536
57320,19914.3944874763
44150,12156.54650907815
44780,9996.601648347754
67209,10734.800662848378
77770,12259.613059074123
75138,49883.63456364366
75497,17040.298784973576
42100,12503.82031788824
14134,24841.95472809518
95977,18427.994791142708
51877,12414.068996163584
80162,11714.80395273061
88251,20704.752076426234
61869,18368.202626969436
98733,38842.812014115945
67204,18752.695186083383
77187,24543.378168247313
27507,34873.85080718642
52770,9740.295738808734
11558,17407.74207831886
13064,10294.739198758249
81994,8274.09593028719
33320,5906.109661358949
71909,11976.893022157337
89538,16310.493376772047
25265,18395.78403096008
23900,11012.90231547489
34311,38372.293749233126
79541,24893.46742612189
28014,8853.682035369253
39916,13389.641968980757
86093,10084.207200201454
59747,29759.689908541317
68884,7000.1534625567765
91100,11127.509814125175
86602,9906.719047576937
89006,30414.7194053457
71433,5100.434355342622
30745,9929.564768490323
74938,31030.0653241018
63219,26032.185209499912
32235,17201.625676982523
86463,23194.47984810041
68585,13239.084176444523
71647,18049.980201345108
62067,21073.787868731437
49230,17774.312055366117
59788,14324.166169694956
40420,10305.330490237415
25032,14840.056997651507
49143,11368.811471782257
39178,10779.149450108947
22070,11013.410422257075
96512,40193.686778951014
35838,31830.758487230174
28002,10771.89264597301
41370,10248.635995841534
70954,11843.390252050362
47486,20988.874966049367
25377,10990.270649051232
74800,7883.541066499454
57803,24622.066745291686
16627,23436.943430994914
70225,26491.47532957855
86364,10452.71209643281
25048,15383.875384566454
23573,2723.683119753514
17130,13172.679255990064
20286,19471.42647835845
18677,29567.468828074187
55085,7120.316110768283
89867,37834.44851387697
48109,10927.539812774827
92301,25555.397594315327
27298,15514.355704667158
17575,22264.95240170178
14357,4397.721516880543
36914,13821.27201299163
79775,7823.103583895092
11879,19200.810965106102
89069,7941.787995222092
96120,9108.116456286323
44669,14204.533606492809
19111,41946.805865886825
48774,8492.125970761988
28754,11362.830222734392
99615,16733.26661032398
31823,7314.676088177655
84092,6492.748235862815
82899,18850.488730732854
47468,7067.232822079726
65714,21193.872949071076
80959,27735.72642059619
55104,10952.661754223494
32133,10060.760706199588
51623,10555.983230814196
87836,11145.307991869395
31579,9137.897444432641
15486,8671.55012234591
89759,15336.86436342219
52008,12209.564129159538
72969,10129.01028847928
17213,19644.645879355277
10838,34320.069788011504
62320,20370.41405436653
86663,11666.228048534678
58354,8685.09511171485
57617,25006.60499527482
47038,30558.653006911918
15660,14185.860583652939
37793,13905.399076773361
35744,10147.203590486715
27034,15181.233198311962
50294,2379.093437589845
44492,17843.370122915796
51813,12744.378537650126
63185,26051.076648448347
35070,11429.100654887665
43302,21882.630567222815
94639,17744.01306710259
99507,17649.021303211106
48762,39975.51500427695
25958,7657.8638828071635
64281,10994.765389211372
91572,10427.546688684652
66886,12468.162316564525
22574,6459.751060900004
27026,22684.373262100467
36757,19354.60321561571
98554,25650.07416521695
48205,9586.40643837702
33641,6200.245179260584
83341,6767.104688868996
94295,20821.247562914978
69261,18104.861913558463
94923,8733.945855866474
53081,15322.836494448979
40032,11867.281675976705
14273,6737.075527822979
86832,4126.633331706247
82981,9882.349352013345
60086,10564.107568732343
41278,21571.866634438673
98339,15907.087755750492
38960,15064.667001172242
50113,31202.718263681905
16313,7430.022048191926
25478,20584.230626922363
72549,6094.853450611048
50161,29461.35877839109
43069,28645.32897464418
90260,12338.936205683944
50803,7421.303740969981
51612,10240.028010194961
33867,13053.17860130404
99257,16036.013502993897
24601,14485.41713010637
49349,15728.16322325645
63599,45090.65275430129
49565,15458.4808630876
76129,31143.033119280455
72451,12672.063509428706
47680,16244.565530524405
66665,42541.05791207678
45562,20049.541046206854
82522,13118.569241603194
54709,7873.905104881054
21708,13030.708704936793
38092,6551.107798825891
84810,13508.715111190533
27952,14310.013421652759
62279,13219.799438978385
57566,7905.880088249705
61859,12091.489633132656
57594,2096.7546069465443
53910,12902.507834215645
76880,17740.24685692306
84773,8856.406562194072
44776,17400.76463250447
90495,17790.750419923126
61738,18311.74000569243
24164,34476.09123302586
43279,7639.693613168127
92498,6977.656250543927
81419,6904.457624957729
97330,10261.361778986786
43040,17753.708729192163
88060,7789.5115188541695
65261,11713.650144962437
53519,7813.90964151853
15533,50050.06735652794
96516,14600.741900635594
39041,17226.548693283934
11713,7039.638661562385
11884,17816.895300894786
43433,11112.605463898411
41763,20594.765872531225
90897,14531.927039909795
67225,8496.78402172263
81115,16327.730557881112
53377,19549.083251395725
28047,28263.972769338514
99381,21582.510957148475
52336,7455.952783337934
90756,5493.334285221488
48381,18559.02778464367
93063,19123.541138774097
93436,33723.04729031307
89347,9717.050186581058
63679,9692.246031683866
80250,13739.549247727193
39129,14865.999462032223
10045,21168.539311399873
51267,8122.083673735864
55487,8963.293041737259
48962,16297.406889332702
81703,29911.047581282393
89986,6552.201511021796
21021,16321.353663210995
85815,48329.04862262438
33598,20616.940352097678
33392,16052.117743778717
42610,15128.855857987352
85636,11515.182101220576
33446,10118.843665896577
27044,8442.00063312218
30613,17145.531749459788
87852,22957.323765700814
61337,22075.173112343913
99330,20494.944944070023
17829,10776.741941623637
95919,13862.7754733721
37911,12677.858066077835
29108,17209.345661124502
37023,26173.412732041477
26515,8801.7675664782
86670,14142.11168030669
14885,21576.302762040374
29923,15590.167139330997
96030,7951.453668864398
39748,23490.931947485755
65475,15270.532841518152
10648,45013.648085952256
92288,10003.215720971939
36579,9522.18331962637
55779,22354.768178010065
85005,18674.585476030297
54772,23664.29319886288
17167,27655.52111644602
40002,6018.638688592579
41443,10351.358778652444
69993,12164.829378947525
88549,13820.638229243486
85210,18203.230659958826
97643,10809.132728771656
72507,25184.705985282337
27762,9596.93380243169
18842,14776.79112399824
81507,28718.924515592113
67885,48509.106055558485
89113,15150.894303395064
35188,20585.766025955614
32301,8097.684552938288
84683,22464.298365378552
46934,25937.149024234262
71621,14757.55048008401
83326,18405.316196020704
88401,21769.880212422257
14368,6348.408406949653
98441,29942.600798088715
95406,16622.73951654294
53912,16210.968980566193
35046,18569.121207990822
44660,8220.348479837272
30831,23239.694561466917
16920,11012.90231547489
43787,10740.362939476043
84220,6686.293379979425
97288,5568.995039303516
76603,8706.12401530879
92539,17183.225839778803
87738,11862.209837121152
22321,8772.272999293413
62517,17382.345944222463
28150,12553.980987725994
22604,26448.870525986888
97449,13822.67049726959
91691,5856.291183322797
12104,20095.571591627533
23053,5916.166783622371
64005,14045.876107359618
27948,30619.750850768767
53886,11516.64089661677
14057,21106.15208104113
58191,16906.760243606357
86953,27347.969221147294
71980,6908.162881288743
65073,6337.388371397077
36667,38507.46091032788
94729,13562.448225368478
74392,6351.332007203404
27104,16792.281533368718
13540,11833.82494670806
87015,17793.686650277137
28628,6666.939891746157
88990,18931.232839050193
94541,10008.78858753966
57615,10336.358850521001
12435,21264.722019296245
17928,18546.336401578323
90468,14384.246984289652
53985,10458.252521046232
18164,21916.94156958329
56700,6029.240311300169
96400,13927.001841077512
76338,17397.561573369916
31912,6435.489143088782
86355,10744.099633003287
22469,59204.73027920347
92705,9269.823139918353
57350,6223.956570545492
79351,29221.734614488363
50220,8479.362623861032
76911,16488.74108626062
88544,12953.555846654619
16019,17721.470521926778
39645,15696.303948356443
40504,29273.102625510728
68194,25746.39952317677
29591,11383.641280828684
77677,11383.757840840737
15431,47123.71930075418
50529,24801.616540500465
86729,7737.684041039718
69363,11096.3091610103
95634,8840.963285723188
28638,26861.919548237838
64618,7457.377146754465
11965,15889.4137735794
65682,20799.118405049467
53903,41260.2853749089
45034,9155.8788556677
93122,8820.91344776049
48807,16343.498826606465
30845,12225.927137126326
29818,9642.463092672326
17387,12517.469883247202
63641,23027.784026769987
55349,23966.27016206838
72903,12723.69734767359
66348,6251.29271409644
47156,6393.841611648035
12494,15780.644795429422
67265,7870.766426933889
78902,23216.699074011045
52221,10988.089272145706
87446,17902.48747575051
70731,10892.387574971683
73448,7342.028484975877
82429,10278.181471230258
29475,10303.165947376663
78070,20042.856652516006
85563,5465.483304493087
23844,19574.910455195433
10317,18164.317193943523
89532,15258.535996688988
95722,18772.353399267497
75639,13278.880560395519
68572,18734.28569566776
52833,12973.166949558756
76538,21189.316989778887
37430,10128.546950318632
19640,13004.346976511191
69345,10029.525055996935
34942,8872.174181369677
55602,13867.473108529786
42905,26265.900824660566
96954,9936.53487697013
23105,12573.667658621067
14874,11191.857453287004
78940,20117.036201062994
90554,13738.765623696017
42283,15460.399704324287
71145,8358.772243236323
52136,8358.949662515655
51141,15924.184222109356
26348,9709.31453995822
65775,20855.829627771574
42787,22227.411049850216
77369,14814.863338455252
69045,20604.050636022042
71047,13883.269921699557
37389,19412.035015272384
73716,16589.76314074956
86523,16668.82431018189
27810,14628.45741318379
73158,11013.449412004717
93814,13233.159290431213
57641,16129.04276198161
54546,25679.20417701659
63013,14077.459480050788
38022,10982.630984858653
84395,22226.538105944477
79372,12474.436265867298
64960,10563.84045391316
90977,20203.74388958592
40000,18430.235363730826
34164,8829.500369167508
12615,5837.500267343063
24767,15328.0107336971
31164,21780.853168034846
61803,25366.06274632631
18934,9004.82750732977
45346,19043.021646658508
95347,12779.50161834893
25920,14619.75383827473
82169,11302.181336865284
66445,21049.218323202753
85797,14430.560756035205
59316,6823.632853179019
11085,16630.42764369797
82407,9837.64909799593
42626,11905.392659059404
78725,12033.967736219896
22698,38808.26999230063
86508,10373.91710711848
33884,23285.854810732195
16366,13508.135808373147
80438,11668.149600167071
43366,28510.725081336124
11988,7506.611586132454
98552,8068.9264847510985
80070,5665.7183272683105
60592,16341.847609501456
26775,16477.08448037928
10472,10002.66874202885
33790,10543.719177633779
20977,20878.875034260243
80021,14631.836768501731
27978,10640.286656796892
49062,19775.006808223214
58104,9470.83921293759
35517,6336.83431052147
86871,8408.000876398975
98121,10814.55949153779
12722,18504.36234042974
17942,7091.748665880086
81089,13647.156012137579
43408,10713.436581711263
60444,16007.799110032176
40587,13102.758688876565
26328,11998.048360327493
37383,11311.237607508232
46635,24799.412624301818
56650,25374.56363135273
72843,10620.342658323378
50752,2711.579065940934
87408,21212.612363192962
26778,10079.032012896041
39092,13841.854313076801
22807,15493.91059908051
71427,20948.15944305102
88400,7361.829639188185
35703,23697.52318112473
25185,14696.543136665163
10810,39935.942416503574
51402,15026.31893058804
96690,4906.64211211094
64987,24048.332031112426
95323,7237.800334539597
99045,17048.122997246002
95137,14388.776702100458
20227,58429.57628764259
84673,30837.654898064677
85471,14962.173293732068
28400,18071.103270841562
73009,9750.105598057115
97225,11178.215384350162
60139,15529.964185833696
73850,33910.94310876257
52384,8418.841434254717
77325,9053.73351050228
92824,9138.726440319888
42631,28585.229652119975
88910,7117.6653725474025
28975,8183.12959568503
99555,8022.677812694637
93644,12223.312804959265
87173,11889.385960071912
71847,15248.670931452232
83328,11553.042480008098
66856,26270.817681273664
23262,6870.3317991214935
82037,8121.099642402669
73031,7745.40016764814
37416,8461.391886354764
37979,15332.452964842603
36290,10183.967477813894
69950,11133.395730419452
89098,7844.4823267180145
72515,26578.12747068897
94508,26942.771628701492
53030,6669.74014760416
68138,38558.038225074386
32208,18776.067387251285
99011,16664.1238371343
35617,45773.07794538283
53024,17394.829307085212
51006,6986.8272712981125
70505,19880.03077753917
64002,10444.736038686697
75349,14423.021836651325
82272,17981.929674157906
44564,20132.963418472922
48110,33314.62576708135
38407,27950.29671815187
36128,6499.650059270729
91947,21283.882925556944
33410,44831.31779445372
86192,13047.187700826018
34139,12715.244547934053
91308,29412.64466580524
37018,14009.68200877443
73621,29695.088367411252
94902,14414.037696773228
29328,9504.653661202188
76650,32203.7777481378
11773,9169.965254207946
98006,18509.620257551618
90218,10878.14261529594
68384,14144.824128846467
97902,9615.52076300819
98026,26122.2726085887
35859,10673.50397275418
31980,59849.58206529618
21268,10430.509353149184
27207,21943.251405243507
55625,8204.888663884556
98592,13598.76008588639
53281,8932.738794159854
19188,20669.480060249458
19103,15105.482879731468
71098,13555.118022609098
52983,20851.01872400786
81388,24395.270678678076
16656,14062.777455217323
28694,9345.77051795707
76002,17060.23680384362
55860,12019.586514178682
78431,9402.805950836686
48049,25268.64865774248
73281,27287.982032842447
12424,14883.219721328318
91686,17274.09748753758
89030,7797.1001463592365
15518,14226.655380877402
21081,7243.546329174173
15263,10743.083592018174
45953,24882.561107973735
92045,23005.572787090234
21665,12191.937057842151
34856,21268.082055656952
24036,17952.739283128343
39603,14662.842071870225
10727,11733.594518583715
40640,18268.412933113268
68568,9236.036701052873
18758,14512.115516926764
89202,12153.933189023846
13543,27088.739674188975
77559,11442.940600614467
70037,9523.291631580334
34390,36724.72700428258
43915,14707.71337615257
90823,14469.84737033625
11069,28580.16070900794
17937,21602.598946809827
90154,8101.0710689371845
83807,16558.14584410771
85915,31582.902697372083
83801,5579.003496216737
65343,28246.546990847015
38068,28729.096411931314
24136,16759.02654847228
38344,10974.895676422482
54519,13268.273260029177
99457,8547.508798817113
44064,12768.900533420408
30032,30910.60207525916
85788,8184.596839656455
78056,8813.406853233977
57420,17189.12436443447
14106,32045.69316134565
91506,11219.262757668046
52930,19306.01846680727
13948,19945.23799780792
77459,12456.93271663746
49198,3251.4728241137145
80023,32722.22706650655
97698,20779.32473829118
57026,7378.48556578472
45399,17566.83691043218
58889,27407.519043564593
28226,14613.249033390912
10085,7236.517792183891
13084,7722.949733498048
54130,16693.938800277076
89336,10810.2393934838
30493,16101.07384656965
69267,30529.348426197423
38354,24574.47936489876
40506,10755.051440921728
72848,5841.571220756539
16622,17985.97289567624
57657,9265.833743649295
47219,26406.57186261197
87068,19805.43782533789
87282,9382.853001270629
83482,15296.211911954108
32860,10733.545667864695
58698,9472.821717589271
14026,12459.16657168053
11783,22158.420144260745
51410,19755.204894199072
76670,31722.693770209113
76814,12187.68669841567
98201,16687.21512793953
48704,14264.662406827389
42916,10357.11569758846
35979,11609.976354923743
37137,9995.034540793848
64147,13776.596387133317
88937,26124.743747593864
52443,10374.810375050925
17829,14575.373754344033
50836,10130.81075548346
37398,10673.50397275418
83811,71690.87485341175
16661,21418.120675257305
14622,19330.37863040626
85034,15402.93474391346
45334,25133.893836914976
21844,14566.369805047394
48181,30634.785485861128
47667,16817.696305321282
32328,24851.248829937827
59536,10842.209487025943
62513,9576.383472362844
25656,13485.09229358062
45578,6731.8048678875075
85056,20673.731775559525
30401,30505.855023993397
57707,14934.981256554149
63607,43913.629536902044
29280,25751.682953152624
78642,16402.279827527494
47890,8118.521811254168
39523,11610.659826554107
25448,14398.43083880918
74690,10363.409291018399
89559,7722.949733498048
45131,7572.335649801174
15241,12803.437018863502
94120,5767.267257727899
93663,11475.694042961646
90727,17167.40634292335
37493,3799.943042156752
32011,20126.44993001462
95160,17791.177225870084
35086,22879.27119499359
29940,11272.847405327017
97160,24563.29211570559
51685,8200.813415236866
86549,9015.777569873251
47382,15131.666564472924
46929,15069.617793459838
59993,10314.30787878347
80857,9946.398507424801
43930,9385.690852853038
35833,32391.388173667016
16192,10640.85135594965
68968,10344.762089329679
73878,40956.03190015098
36880,13478.992814571819
43806,14136.727835078913
57093,5909.533616821529
35618,20137.58948655921
66116,22377.602604295545
96087,16307.107860750566
12617,3340.4872312210537
20509,12571.391119415788
48103,16844.85363787151
64957,19518.881088862494
51125,8574.987319570384
23336,11484.074014766324
28250,14372.380834445708
38068,25294.369217940235
81148,25068.906432342115
66794,9227.536226663626
25134,14113.887828451072
68210,24611.30157913146
90998,19867.26932939869
23190,7299.252174044601
45189,11572.346104424965
22507,9722.89682754343
95180,11661.99917036454
43687,15964.658125464084
40239,16271.251733559482
52137,12554.789354836801
68844,23012.19674418524
75622,15277.33371114072
84246,39067.29487805569
50829,21147.887970749485
26151,28560.891147842874
15181,9722.90085916105
45413,6576.8705646467115
57461,18652.922922725276
85131,10455.934518947957
55923,19523.73456342811
40083,13078.030848695473
11254,6815.846195796805
43596,13926.800247405296
88680,13310.872333043782
22817,11465.623709864372
79008,10518.20977402249
10004,7110.806268648501
15457,9692.90630867512
15836,6241.332374055113
65949,7309.190230900551
40869,9278.071585600044
34770,13936.237692905652
31022,15936.605089350489
51126,8519.323755108995
20513,22157.048302262017
27338,19400.653784503917
97520,13066.457546460975
89270,10141.582885681513
18392,30885.978414815516
67778,54067.47560460825
12284,22960.714429842334
93355,16127.424345358735
25543,18150.979117032453
18528,14517.009549970086
43707,8876.71905966986
95341,7551.207621479243
86112,7085.824849020466
32687,10121.77191937743
88008,22824.5070836383
89447,9168.541081935386
39373,13466.116776052508
11562,15978.515666105055
98377,15271.155561706517
82508,2097.0601923246504
85038,46301.11292327266
72502,22453.402908912543
46102,9940.226956812348
60983,12729.15413645889
82831,7647.90376537193
10643,18181.002811488615
82794,38137.513935925504
78568,8664.89236627422
25991,15002.113105265202
55903,8281.22377908091
61363,9050.611697760669
47161,7799.9271052588865
33448,11858.274869229768
35960,11683.00947129818
18664,14086.213724547473
57033,16893.7830162663
21142,14747.517872685066
50098,6204.06823027095
12898,27892.19974517446
70172,7426.225370919779
62423,18380.0668723163
51381,13660.31931036156
61178,15375.607019340012
27493,23316.946961375976
87093,16584.21284526302
30656,11216.33265668813
89906,15183.356404236369
12536,14725.964493766736
11852,13767.640667652087
94803,21877.781697142153
39057,21239.42867469832
79797,9559.920670735493
58212,15312.575058359102
40633,12975.416908604484
59355,11643.651427579169
86230,16103.949674411748
53146,8762.850949509659
45754,45787.978575920424
11367,14702.117329032237
72290,25909.384415887253
12969,7790.79889047783
65967,20772.617728917583
86159,22299.447847301104
61405,7943.936807300401
40713,10071.199754350788
57974,15677.658577276123
80854,16041.23515865522
45262,10770.113078361042
42706,13171.037597445003
80048,22399.093799540344
11652,51477.25251817482
44182,6479.228224228516
97582,45306.511383032775
53050,7691.510808489438
84284,12350.614780720773
22770,8646.2036313004
57078,25025.6303625011
95826,10752.978237574
59095,42473.21198407586
32037,26764.010328404867
48867,14613.574380854505
32328,15961.794108886852
76349,25170.149693568623
93890,9991.908364093211
12448,12561.806578847198
93482,14398.81342121215
16022,11763.778543732584
88261,14456.294366469723
39868,10255.158258558953
57945,10907.659221546968
52781,7314.676088177655
77679,15153.878754261143
92538,15005.434584540233
69129,8289.985366885003
33950,10125.960473359031
78315,17329.42389014624
28178,8386.487014464525
45364,29674.601540821765
55698,9517.670185404892
17275,12665.856189847269
97838,8968.55871244401
98743,16586.689388753697
80375,9920.884200154833
58906,11956.099197155385
86588,12258.72284538665
56725,9861.883064292659
74872,9502.203259687321
11795,38207.97769771064
39037,16604.04045756781
77801,21175.024220814725
54086,72939.31217683679
88733,21694.544289680158
20734,8963.242123882097
45259,12667.013823407051
66013,36156.424415675276
26737,29745.671553128348
18290,18713.570147406528
15027,12513.648252077055
39360,20666.838161790707
46751,10761.811471671066
76832,9633.921334297269
18339,7502.276076502243
31712,9625.060565270867
51419,14146.109096142016
19454,11035.961594143124
82523,13742.048793394188
99278,11733.16883217763
79088,5860.02784869475
40554,18278.47928309372
34600,7477.1531571219875
92547,10094.632708011392
50639,49971.916024976505
85642,24334.98586012172
71261,17915.063198936157
95412,46718.69862795565
18636,18037.817856307633
67312,6112.139698438696
56779,8347.952273773433
26203,19560.62422426898
56370,15609.774832610206
47249,7792.448374965534
33383,19273.77800145305
66263,18501.19281138054
80758,8077.237554911029
48382,8260.738627407693
75862,14175.987911625725
23431,24298.52357758772
61121,8280.13750678763
97186,7907.95298324416
12645,34327.73640728242
65561,18707.529323242306
11346,16379.164720485354
12510,4274.4481135519345
53248,15280.771268082468
72079,4749.187786191505
40838,3746.590807550854
97856,13060.29321145278
13753,25041.221806382317
51234,6916.119189045889
20809,18534.31778139793
55203,10785.2010332765
31168,11368.811471782257
55426,7107.168051021707
45559,11708.408899084834
13113,17612.98738295123
39534,10869.710442954076
52730,12853.790665401664
12991,9044.814513358062
95071,11276.034091716898
17343,30254.229537237814
46090,23484.391648212106
86875,22952.34455821478
84847,23571.786720831675
68814,9311.449102367864
29586,8370.435375127649
28769,8139.047223373791
52298,16390.1483672126
77138,7145.834649957589
66368,32189.113230270537
73176,33782.83600024958
86326,34708.06211602996
75361,8080.103429611343
10001,11099.791221248859
17879,8813.412283333444
64331,22277.306385024123
57874,13654.933434568833
25649,15898.913358767557
37237,30526.53352980195
76346,9158.346327689247
71167,11305.243057588632
83279,29301.122059215777
81758,25695.347964596076
27455,2285.9228386749837
16407,3608.218329641768
76149,6113.291419258072
39161,14140.476150326474
98609,31634.27857340104
23119,15223.213271640909
32941,19025.627945346965
15252,35208.523431620815
81048,29075.982774828775
23112,22962.31978622778
83124,27252.44288236372
19626,18170.161661768594
43859,8189.273306209656
54574,5611.114438618106
95101,12926.990310495135
66424,8794.04702535302
63399,5568.148114394693
27590,16849.097957288242
68423,13231.529520612536
46661,31264.62483692065
79391,8545.538482443304
12383,24638.158289729156
41065,13360.211445518613
11926,24719.11430921321
28424,15438.730617580344
30222,14855.099732757764
39326,18883.4607111779
41798,8520.565436841562
83560,7748.9552226774285
78946,10395.673979273895
16214,15290.517877862207
84605,12845.618469423402
63270,7792.054948113018
45509,31845.76340203364
10525,13971.877670872369
38460,26144.645138950844
31928,24847.494998858387
55860,10129.515649364661
62448,6817.175196012602
78093,15877.890830408089
31384,19136.07107869818
87499,10509.759102338176
59969,16417.47566997127
34830,14352.232988376923
58354,17233.616431632836
43109,28790.343954788364
19340,19613.230414328544
89246,14592.440125930158
76821,45690.298221268546
74394,17757.428158683786
32721,26364.437530143237
36154,30891.346589884837
62807,13104.303406964282
58438,5017.59788310192
32782,16220.509716318891
17636,20184.875944206557
25666,5742.762878814785
66165,20927.899751085853
38489,14166.05457358817
28610,22606.222486079387
51872,9359.160072038316
44038,33369.181106392396
36726,11569.284704978862
53124,14517.971816564333
70810,38733.74210104298
12061,20800.941646662697
51814,16170.18229774365
54620,13410.749868487805
65664,17286.932424432263
87910,22079.05782378209
73014,10019.20900429229
59879,29314.941018579128
68381,14438.237254058222
47817,30649.54022748293
16615,11534.717253429637
22848,24633.83021977368
48276,18540.38001621376
78234,16102.985809969849
45707,10066.790816920755
40766,31983.70591157372
77596,5672.0061801622505
35824,18542.0170075702
22643,20460.430472106178
19842,12602.558247850144
87013,10721.421149895305
12226,7313.5277923791455
48631,51846.00071407363
15146,13101.586608801399
67028,24447.76894432426
18780,14129.606825996127
13833,12911.338558865955
53430,9742.679732453737
26209,13022.936889292898
50138,16388.215105953725
74488,13970.878854005408
29714,11083.54143869042
40922,7834.0102207571745
41041,15199.00399401135
26210,11746.83355554915
11840,9483.722009495808
41682,14364.649674707756
94851,6536.29438427768
51210,17630.961453200332
61736,12910.398639207178
97779,12880.870469845719
32265,11625.402837763933
11402,15733.83752120167
80614,18619.031971453667
69795,10365.089198875015
31548,15074.580737976994
42576,16201.594680666254
64086,8055.570167430664
58120,47243.9384296534
91570,13340.699657641286
73439,20461.2850568617
83283,18100.74390779661
84551,16180.96996634524
16994,6698.878573222921
46461,3291.744237900808
80533,9637.992623547187
86135,16115.54479391764
19123,10365.64564153918
35420,3817.122644540137
92658,12528.981698437903
52659,21277.324213015723
44174,17842.66223585779
17169,26089.595613015765
51625,24632.540475317062
16551,15611.562925760383
44070,11651.135834903755
53174,10599.73834923229
27550,9407.856961649071
72502,12384.860993642045
42303,17371.623116849376
87889,12675.716287904997
79305,8625.184969296191
86663,18173.543708273213
68736,10321.065947658071
28897,9247.558293238097
88416,25144.020054536417
49490,10051.781350127494
54907,11163.84539382599
89194,13515.551527656833
17241,16281.261597569257
63272,18679.724767554584
90894,14648.641374927574
47198,10861.425599026019
42029,8418.168029513758
29192,11629.16553239385
19104,12557.321147819619
96530,7741.425954020389
27981,15849.749201972223
74046,12705.223782352705
66532,5736.832783530124
52516,45365.6141219947
25571,13048.62756855621
98128,10091.032680856333
37579,8205.801217251512
11832,31315.532497148255
83234,10138.446335885565
89500,27573.870477645774
62680,13236.208714715633
87206,37605.6681786476
60828,15739.849199380762
70219,11155.7865873816
86575,12133.255042771634
34375,14063.602955060289
54917,19769.461318275266
18059,3310.4966070088867
89467,14201.114410777494
97922,53832.45191461878
18326,8678.390465824794
91120,22191.649929811247
88489,12347.42181385225
88997,11629.180469552877
33573,13507.558891952887
71027,15260.447674698851
81175,22597.11522298136
81442,24656.104031958625
78220,41189.78738020616
59219,22815.229700383283
20157,16004.649660318331
71619,16251.90032072879
59024,13562.259897188447
16918,14153.31204987253
33210,32207.069656133597
11282,6401.246485773363
87335,9120.259105783749
35477,33686.24195779417
18655,13744.22135679377
89022,29567.468828074187
54078,6455.761070879238
50587,20113.96539624298
68120,10792.729028633263
10805,38351.44724247695
37275,14622.827431376249
99319,11898.209581505998
82326,7447.3545355535825
12551,18088.822438470597
37337,7207.616867353034
30186,5517.343633361628
80703,15693.519201426452
57607,13316.015014925968
33106,17939.008815153356
83902,9832.70070612174
26707,8983.108398418442
28411,10607.82009249034
68070,10711.900596512107
31955,19391.08540609941
11699,28275.8831386421
31317,21898.74754475463
67885,30086.783066037096
11473,34178.70437354276
86909,19834.288598478106
11762,30306.476151092596
81736,20420.655592990515
99690,30315.028395853715
71686,13703.582999035596
34127,15849.094123899507
83656,13231.489678879945
73479,14248.314496123974
90895,7437.697083859683
22480,9946.839580365635
24229,6422.554404522378
34976,20444.288860508306
81772,18501.23324333346
75192,8416.316783508177
53451,10118.561749535518
25252,15551.156207692662
82503,28102.763917867465
29477,9246.847561082282
77309,27759.060392081337
83062,23775.431176945734
77825,11135.809526712163
19583,10502.757652542716
20969,25265.659098916807
10037,11580.089847867035
42544,13389.621289984269
55273,30141.078396303117
35610,9907.501793866855
39258,20320.623986566618
50195,28165.89854356902
94658,25640.56909423256
19108,8639.554123448877
56688,19972.121802902668
73136,12878.540814931153
93245,17298.81298798334
36877,7944.690033347815
50302,16479.62956699877
74610,24177.084204063092
39572,18039.270452350906
13566,4370.0431449961125
14425,9252.702749308306
48741,28614.87252604275
91333,9399.893978943745
18908,29940.90118696664
42307,18567.404940564727
73166,32330.60746845139
32150,14164.683013018468
40525,12298.501014757687
96792,30134.633523012624
83338,10123.074151819623
88319,18791.398130102934
91545,9664.571229554938
60499,15813.804569021506
53706,14531.866079305995
47668,21103.719290511126
48144,13972.414050522704
94361,17652.425653919807
53291,26295.289059236216
41605,12569.490544085322
39332,14623.46028841808
27060,32602.951128224013
66300,13046.959182544606
80637,13539.924036999526
71486,17940.454028451466
92792,26610.10623140879
32975,11655.121213091887
84445,4133.555217904575
79698,12989.32301644226
59059,20895.78061152673
69359,6894.82329489065
62673,14170.2757914777
65232,9634.346761851397
57723,7114.196506138642
57831,13635.414193060453
52977,11420.225551805914
10638,20863.09971373351
73541,9257.945644491181
31018,38733.74210104298
53368,15076.332768521772
39917,17807.534449067633
83848,19665.685770994314
13454,10918.906010248633
79955,30408.368594682783
25995,8539.244494077378
49875,13941.476650202114
17634,8899.140548512103
91620,12523.482707506468
96575,10417.676675151004
24427,11657.181139058319
68785,27437.323279611977
55827,6154.07784090821
82257,11490.61548269284
99327,20114.380138184726
94774,29760.105472315154
52445,10033.049559668787
94781,20948.71120600646
52577,17132.392305837504
42690,6399.7795750482655
46675,9834.715519189112
19691,12975.7350129761
12781,24650.993647834795
64791,9950.404828982893
72468,6181.014362719981
95513,9645.04588993137
20770,31172.53230752173
46481,4717.295489970542
88837,19858.23874783235
45275,110286.90965021036
70368,39589.99939241006
63142,7911.556127251311
36937,31339.190939889697
54649,11421.737979907273
77011,12017.666027734434
26810,12083.739405645934
37342,19340.868256009577
76487,14308.310652472452
41620,27967.314737553956
49485,17292.36103410403
56576,14110.996617185538
46719,29868.3473245231
89809,31007.017854460755
74384,10199.243183355718
18436,14447.003907436829
65058,10494.38240480607
52332,11620.001013488825
13731,20322.62308129976
51833,18658.11518006359
98968,9302.221927858624
14439,33756.94895301375
40468,23278.36128796587
84834,16008.655189032379
13940,27556.94490381651
92859,14368.905883258822
47830,6477.698820232212
56222,8516.25011602092
16539,20821.72748729908
55595,10071.16633786921
97380,32982.38840413182
43083,10740.516330303803
95740,9463.082670240103
66495,16543.411207098212
77826,18133.66341900905
73239,9164.992829701818
79076,1280.4535733846933
57648,18368.875804321488
95678,8419.205724743579
39060,31276.883595044375
73010,21853.25797753813
39033,17075.24124728466
38644,18451.220510312352
59430,34773.34521185982
29631,7514.332053138611
91137,18607.383410160757
16581,10923.017997012787
22286,17750.157581837546
41756,36543.03164423423
88109,16123.016630397302
32503,8349.068517394397
12326,9716.080838062055
40114,12368.622232296157
19307,20252.86266583229
26240,739.1703137873083
86075,9318.005127474687
73196,10775.968960288074
26985,10778.390385579281
69959,9322.03030002024
97713,16675.400238461076
23835,23282.13810978928
73776,8565.34421340008
16255,11077.295983733322
73972,21503.707418226448
29043,8487.780518318865
37568,9045.101456216005
25734,27014.919239430557
26651,40835.372219702476
52710,11785.995577014477
96160,50551.172530709104
99452,10717.941111697844
51751,21388.95115695599
63913,4247.58949445812
25358,27272.087612135736
87716,6853.1408409478645
18715,41138.5852939959
70993,9250.507269566751
48577,17492.45296119585
88315,20643.048117224207
50700,19499.59711576927
33740,12926.990310495135
62390,16734.277571287912
65758,104627.98967737786
98028,19504.53608016323
97769,27222.144226212367
73103,17624.32497353552
93776,9942.678222177343
89537,8860.250717867462
50263,12033.811375075302
22801,10613.224094019632
14273,19552.88389638391
17361,35707.52284916049
45896,8439.562063715623
83974,7766.042706744076
11342,14636.52128670792
50051,17113.995211122026
75662,10074.857420889275
15602,10600.091825039639
71140,32293.20655474895
34338,14305.745161540104
73754,27582.852209676406
30498,9461.589928213025
76451,13010.762071440711
67683,8199.460245503727
11289,22604.286074529624
60559,41413.73929920948
15375,23819.653512651556
43778,7417.4655418508755
73006,17454.70522010212
45645,11164.02951438316
74590,10777.698256076148
46600,26378.01915920113
10581,12125.139815260203
80708,5858.221374173663
57144,12908.413826643586
58002,42931.59104075154
12365,12678.240327731019
95187,11843.185309711658
20958,8726.22269553274
26652,14302.144502384355
72738,7345.593733593134
73609,18023.682124205592
20405,17022.35461248715
89620,10344.762089329679
35177,10001.258870003327
34046,30714.66738840007
57023,3405.1637575917066
20957,12845.04178975534
53658,11645.002555953128
28249,20068.097202120396
41162,11852.470502953427
31018,9271.528160219448
41112,9050.611697760669
21637,19596.042719432764
66542,14173.11312596962
81225,9932.451462716424
21484,13038.060908640939
45938,9594.173880734907
97268,12466.760953617595
94508,13624.836624777605
56048,7824.911424130287
59662,4826.964640856408
21215,11673.241095991474
54970,21424.141454230525
69121,14492.47548742071
37824,12465.410334121549
83821,19910.204187700638
92848,32978.952705180396
27377,28898.978774804425
46455,14273.766327459281
89280,10086.733304014826
50008,8137.744827833527
17502,7554.50047837019
85306,10982.630984858653
86130,12676.052675451929
12709,43888.588601392934
18417,10875.398083644439
25333,14876.966029010495
96517,10837.78682701103
30341,22052.72846254181
53206,10000.54793892944
32576,41237.35419139224
93658,8668.268729057574
21607,9586.155144703778
92959,338.2798008958234
84120,15769.120080819494
47662,19208.98897968667
18829,23053.213433900957
37047,16830.557419887078
48108,25823.4175649214
48237,28834.48699735742
61890,19384.89826803707
76321,7737.684041039718
63005,18222.083705945108
29170,13104.509768394899
43440,11967.733956662785
80909,16489.16031183827
87816,11031.989941699398
56493,12494.738108982965
40061,15353.381970691842
90593,25733.59151579631
21771,20081.421785473576
22192,15869.268923591604
20613,7142.168523870994
98771,19016.249623655884
73815,6400.18983008627
61666,13583.65135912557
63247,18989.760834634602
87951,16356.298277408856
55096,25495.547886265464
54185,21673.258699577244
65703,13705.967724638605
35867,13286.060674091259
50059,10967.68372754574
57823,32367.474727754245
67947,31236.358566756266
94295,11865.99870045411
45384,6458.337888274855
62210,11262.539900459164
72606,12575.440642299407
70349,10537.927993489302
95264,10253.294218804422
68608,22837.5537938906
58283,15854.23876368557
11339,29760.54275081858
46286,8684.003808425166
74081,10845.640931748167
73933,11655.121213091887
65022,121433.98188961628
54157,12248.523095627535
94210,12002.459217249787
29995,29262.249928228204
14396,13199.724097476068
18028,9340.844043829755
33895,17394.829307085212
15329,21642.06645278289
53859,16877.61418630209
35888,6187.022107468485
10170,12126.293752585996
32803,7054.367202654961
69080,7612.540582298208
62000,19136.838752674576
67805,16026.730976614
46607,7949.138521376777
28997,10262.961142815675
68891,11558.858742092185
61035,5507.317684125712
62346,12477.774844599408
76138,14821.190989779572
26674,25897.90912438862
43124,20166.723136247223
71376,13971.726088789555
74330,24146.594738350093
85141,9747.530423666836
13792,24234.23648995287
65266,10832.526654055679
25916,6391.13792536791
49037,19132.988122670853
52164,20457.42922889699
35653,18326.58398849846
39502,23974.0255233762
85315,23378.444198568577
27901,12093.002446904042
98212,7054.367202654961
78532,20607.76622857667
26700,18441.99415901332
23214,10592.401885977806
79364,32187.28112619876
60702,9306.461069117675
31013,9352.425410752665
27092,12944.941496053954
19458,25617.975133885764
44068,11446.073556302006
61815,14719.164591822271
61063,8263.815188257115
27959,23741.58174884507
21272,38861.70707150121
34235,12083.37586072809
36961,7728.488296497962
22537,10088.091970249401
27459,10416.367934793314
80491,17016.911268233594
81086,21489.720526434576
39044,25623.47049413025
54191,22132.120404938094
96182,13286.917485944537
66171,21343.9386779669
35183,18089.703171803256
34441,9080.357011763379
86865,18897.49340679028
42573,7422.094330707068
17786,10295.206406250894
88159,20285.999101498386
64795,15717.029185938982
99418,14484.682523165258
15581,22820.17406683903
76656,13163.982992738509
56680,25813.39781762842
43596,7148.524914370726
12599,12111.650394614928
66287,11465.817429828
78724,17507.46926067971
58774,27836.292936414502
37998,17538.340679929217
64854,13273.615916064711
27277,21009.336508292276
51753,20608.63696698311
28580,17633.42667519395
98882,7610.170499702273
11183,22118.559352185046
48307,31865.15879843541
40991,8846.25853146469
26001,10707.213799665624
37908,36396.98191294339
18619,9554.931527756942
69590,25035.762289240978
61486,9119.295434944515
59130,37122.178839479246
80271,12840.325986552967
71736,33181.995243006255
97604,22494.660793958254
76988,29793.94919138872
73351,21818.94533238238
66419,17517.742966986552
39437,19621.33949136975
41136,16761.53789368085
34314,32716.794445028372
68158,18276.636257912374
34887,6901.4533423917
65795,10825.277131050389
94841,19826.331469033274
96772,13375.256810723076
62789,41618.13746559073
37945,14883.467418594351
86405,15641.531526251138
11029,7675.961143261415
73485,15777.867553976737
67787,35581.52588253831
77161,7573.712906982602
56795,18781.337421478216
60685,14799.313649674254
41976,52808.15553953654
94907,31758.996518033753
77356,7156.909643388495
72300,10792.030522253222
75542,49475.825212608936
18880,14208.694349306557
74347,12199.178757711543
84141,23773.48024081956
91165,24566.66229093242
86089,31354.733997724696
54669,20036.118683848017
57855,17428.277207534506
31763,7323.175995244304
47308,16502.95428163901
47018,10216.888660757424
44629,10248.767086585642
34639,5563.273849114819
12637,27103.601562693842
46147,48714.75831711767
10310,15603.530244655105
80925,15024.354644278093
78355,27946.627003923102
99166,38995.27265282271
27970,17773.075797243768
15561,15241.005682822935
52911,20643.23132934201
50513,22300.975857482885
59010,16833.15917237047
34328,8366.448848804152
14228,6476.852843790517
69963,17741.469258518133
97746,18428.02253568494
71354,24482.16453301524
29631,7043.367044205561
72925,6863.092181620226
13491,10463.550302144471
43364,9445.577072333701
38597,15161.901332546706
86374,24701.5374736963
46778,9103.691516737526
55255,24993.630771262946
99861,7262.458122642798
88373,16846.179655836113
48669,17749.756238271442
32869,24504.060080033305
66588,10845.89933179476
89692,18489.55293196818
85199,30551.916745739574
20416,9713.766214574192
53185,9413.567790984012
86561,8285.544498835217
78146,11735.848868029894
72650,14865.262120032385
67651,15566.85938635396
38448,7634.059914731464
23677,11756.510916558536
79107,25958.568283810655
51184,5571.313980517818
27915,16161.903717966581
68147,16918.44779992573
55606,19866.394291094846
56032,14916.419737113209
82542,8980.024671725703
87639,10932.177991174329
75586,21223.665024092646
42295,28681.392801446258
16112,13620.657898735566
13677,7611.907271921687
25925,4408.8021717104475
25951,18530.829383784097
11432,19322.883137845383
36402,39153.99967583305
56711,25946.693597487734
86838,7802.393041317857
71478,17642.648672100157
14750,16332.700792464613
61747,8849.718830879538
49943,11279.211535553248
68071,11160.036060017837
65760,16468.92524176779
93203,23826.447762029165
24099,15837.380509615861
51161,11720.565520197993
10064,6284.59861468977
76776,8619.398911220222
88362,10636.456525387264
35144,10118.966220019833
82043,11473.196377107626
89463,21987.056752285753
24812,27129.439697781367
39363,24121.981690374676
24615,13346.010799480993
80815,14153.833690765898
97222,9440.783971962752
10957,16626.727207392818
19528,5820.420897419288
32135,9130.476377084296
17415,14725.360769711398
53488,9485.240188131498
45147,10795.528971486063
86633,46397.655048766595
31578,12132.072430025015
73843,18129.42049423024
88872,24028.131481185366
45243,9576.184947263318
34833,10267.385783704407
65749,26509.41556122787
24023,6718.321588382092
92293,10111.364794618185
89547,11025.518708514963
16601,12411.588955787782
73306,7302.332842019043
60524,11475.694042961646
83147,21994.75838047719
55389,17365.76775552127
86200,15844.283467124136
50145,18434.337831489785
18646,8088.418956364256
59359,45578.416197162725
74264,8103.971269831476
50859,18489.55293196818
51596,13301.157778169143
25740,12124.303658937039
89854,31847.877162125907
94360,13474.678821305344
91181,7543.906953122532
36152,25080.33987466251
41143,10700.262408585873
62691,13170.299897214356
80397,6736.837601559022
68875,17009.98963488391
85386,23597.185869316327
93350,13051.289346688127
44985,16218.353158355534
64591,9150.96535600828
66210,28286.74956152599
18913,13256.090836554366
32613,9665.568181095014
59771,28880.32191574853
73814,11013.853196885375
25403,11224.455753024107
52435,25243.685768126394
68989,50854.77516496604
64494,17821.834941666835
95822,16533.318621138398
77096,6131.952447719681
99962,30022.83414114086
44729,20955.69675664603
20786,7415.535453812336
33089,29193.40148100978
26586,21228.93652366053
62904,19745.232210577236
62488,23704.947828285523
65920,18929.610984663064
12775,20282.75937586433
88784,15075.125493838827
57437,15846.168827400734
35070,11299.028281059744
73993,8344.231342580524
44790,12068.361487992477
12424,4342.703137500792
68914,11126.066747123954
34216,8200.813415236866
60057,10302.70168329051
76857,9196.956394804607
87148,14523.012568343876
95777,23926.081606583037
88274,19171.367243649012
29053,13645.201189815798
38164,11214.456459908246
17007,26799.232484198976
18877,20404.750126722043
53929,15331.361425318713
85792,16894.03357658085
30255,14882.13879141704
75208,24614.154240225722
48581,31715.11981153449
86097,27047.811241846877
93068,7998.970911781551
11617,18562.342484235396
41322,13226.077256411541
67372,28422.85161716999
90762,32238.434126157295
74500,7198.481180680179
40440,15393.468012690015
65790,13426.299928444276
77787,9569.744069938188
49531,30751.09096184103
37274,9649.488853828418
44939,11914.34304594595
56342,7682.93731470455
87960,13491.177204428393
51857,16331.665905409396
19577,9592.315478607235
42862,28450.39001742162
34199,29083.350532738354
17781,9692.768258214433
89184,9167.580277541996
12799,18810.99679741355
65937,6710.0487919629995
93953,9825.302607729476
44834,6961.941996114714
41778,31034.18026705827
26989,7838.152241254713
54092,9466.22316932536
93540,30731.079352565197
50693,8655.725943853675
60940,9701.136665410322
89163,36535.217792823794
66543,38386.162917670285
64890,24505.973896928434
57960,31062.96746787785
34753,7095.625101972237
97110,11797.534363377283
70068,46702.518036862166
59568,12488.447947818988
76441,31304.09705024243
98796,14651.62410513844
72629,11631.462444923069
12315,32797.04668822684
16679,12831.479814313132
20952,11211.806536177573
46682,10202.707251385958
90230,11211.683982054317
20382,9467.5819376176
10745,16622.304560398657
88101,31637.661734479145
32256,14663.290748902818
51383,13779.95443917089
72305,11609.221660213017
27444,15149.96863599117
28725,11659.00637348662
83372,35347.631426058004
75253,10212.764888138165
33902,32994.49297538639
20235,5839.4244841816635
86955,9049.435130124119
62400,27824.081384278325
76410,10057.078942713226
52524,8493.396329673698
19509,13455.834832936369
27205,26692.898819235626
70862,16779.50140224564
55934,10591.271968523772
65311,43127.91367361865
14469,19914.874919716312
38061,15308.569667168273
39804,20604.620588531507
26082,11818.766247449188
83356,15197.109652179004
24467,9950.943521899724
57750,11898.209581505998
70030,11548.723970441752
60874,22418.903257084505
58548,8250.359218732941
47164,9655.858901022886
50997,23265.84065386306
16209,9918.10828149335
95171,7442.969328654628
62837,12005.729364624847
54560,27440.995377690357
27938,11364.96764050657
36258,22611.525191172354
87469,14033.843448657271
44946,25924.774117768633
94645,12270.72237325153
27028,7723.032404084854
21392,9593.459608990674
34629,25292.216072405365
54774,23747.826694723648
14996,7312.775482245017
29559,5228.051009986077
76048,53033.33724373037
19916,12590.246839712563
52738,6642.633122751922
84682,29228.457991751467
38000,12139.237666762725
10560,7484.285044437707
71221,8227.3460902872
97623,12072.650145951196
42728,26421.3543319117
35807,18435.567058209755
18274,5841.571220756539
80393,14589.002981265856
37580,18252.824430811033
99941,10264.067421886202
47810,9099.599077644263
52881,8633.573157529154
38463,10258.220828217774
15494,22634.357451145846
45353,8548.059657420345
14255,8381.531228997534
22001,12695.396296774165
83332,14990.732703192953
93544,7632.158831197179
87012,23805.207582591225
96121,28994.33891745632
26483,24450.16951612458
10569,9980.335927039203
62669,29364.86850158799
70554,13261.474963497874
40356,32825.977026105036
42680,6824.2694780443235
12953,11918.180037561708
11929,21561.491565074117
41386,9950.519680055351
64294,11968.23398234943
65556,12543.934789999374
59201,10095.643459425288
31029,7422.267807150498
84845,24709.165885673712
85601,15600.2602182136
87055,15894.196113028069
75096,12646.882849173828
88481,12890.081624801925
21560,10696.079751754778
29939,15864.947650979922
75006,11316.172177702923
12069,6494.110202487056
96317,7969.5476501075555
73636,33991.00120032366
32344,9546.02412121866
16155,18197.527434958647
27070,6819.212357150698
57046,15483.322860303995
90823,32862.81211941696
29837,17700.308213815457
35841,16534.035152076485
64002,10350.270191742264
64820,7319.24811995973
44785,3890.6951569523353
31127,17281.772106173215
71608,8392.50108045139
18023,15857.986379620763
65575,8449.894941439596
97317,18269.01374414256
62907,35862.94798069622
19465,10048.673516180243
39652,20209.671563584176
96256,30384.99962550869
18743,13492.46460218909
72310,13341.781340002444
68015,10060.604709334779
59274,14682.58635352272
26214,10677.022275835934
48510,8577.821223330773
11840,9808.380699112047
60369,3127.7507952982996
85147,12417.906197080032
13609,12971.264854201952
22762,26833.67991350611
63269,26458.941501168738
42907,20354.425128912386
69686,9555.807587534935
12666,31342.664522347164
61497,11138.820556044866
85038,10089.401702546873
65968,9540.245398829953
47503,30106.717164538168
95583,21489.633563839234
80246,26705.939064197933
98829,7344.518722613657
39877,14133.814855271085
81275,29921.91575321768
34570,33673.187337494615
86885,21665.510149972426
44490,14857.799773448023
89862,27469.07836069174
93892,27396.63926338301
69473,7505.001630988421
95808,9496.433089762762
13414,22541.066534611098
38514,24618.64597399192
38175,17959.170056045445
98685,8926.92710955488
27186,14388.898821625964
99184,6542.243256167758
53585,8852.031353865543
44927,22369.76547802395
25748,7499.584956119166
90752,8358.994445402697
26775,8338.70297529861
85357,22788.875870139425
42709,17431.480363729217
27055,50459.6523985104
95894,6408.2629498763545
63961,16178.985332988006
17899,7098.535378485551
88248,19110.80568061886
81696,23600.48688384617
41896,10726.828692146992
20346,16189.4744257686
64353,16193.76482109909
97835,37652.369916657764
99374,23880.863885267347
36675,11803.932750675638
72408,14179.319872570759
75612,14522.511857040517
16481,12224.627398653873
79548,23582.16964771898
83979,11801.227784347551
87080,9896.242680303993
74428,13588.14253824563
95164,3715.0803391211102
43374,9880.942069170924
57700,11872.95352419466
54890,14525.25372711295
27529,15570.215032786777
39039,7563.036087368717
21541,10094.123316154168
62414,19531.448559337583
27325,65604.6172550636
98606,9332.200754759553
47581,8800.121534512416
68423,6808.571864755502
44449,9983.957371915072
12538,18407.536007261664
35051,39030.325130156496
84793,7353.3206874933385
85660,14016.891854879668
40238,15885.786927312643
83468,14790.997407640116
12091,14062.17973581446
87642,48525.700052193424
99560,14418.314152333242
45015,13056.059784596837
93533,19736.863066132435
84941,18625.169235924626
99518,26066.24076957609
64270,11524.986321823377
14109,14566.197557212658
59833,61261.821508450346
34314,10180.119239050497
72723,11258.372174868506
42631,7546.668724943478
80171,18031.330341657416
44688,22658.24237183492
92813,7535.607709341139
53060,12852.780593892185
68736,40509.613988719684
88475,53481.69301940346
59887,9927.688026402324
69956,16849.519600956686
21550,18249.553985690334
14013,9282.216779478811
93293,13127.286140132139
84172,11513.667988046243
72874,12014.651422762247
39993,7174.598431419652
76565,8667.374090310834
14239,23512.662577080293
57884,20676.518685375413
46551,13936.73965344301
87855,28869.227961159322
96923,11677.546418603848
24872,32715.953406651035
49386,20539.690797639887
19631,18516.378598340525
17196,15405.06148420523
41918,25863.273386495937
23468,25574.705730698923
76708,23643.9732614821
36263,23110.585003202996
88247,18208.586072303264
19656,10776.024414530028
16492,6553.517612971138
55132,20822.398956979305
49453,11546.380688291281
52019,6266.734897365539
54943,9018.688584068446
77013,11739.411812101858
22637,16714.765996846676
37539,7595.696979025133
22880,7543.138101439454
39516,31314.839297748855
95021,26441.699431750094
95855,13750.550295770645
81870,14563.400209283604
94504,14721.32350793252
30681,19400.060402781637
15998,11007.581788990165
61188,13875.539152217209
31860,7975.694977771809
33548,30535.073998324166
66421,16157.392608427637
60616,25305.98636646414
39457,10292.799307168068
59650,12547.271580689341
97035,21892.803384294573
68771,25890.766539647404
88451,18683.215358630903
26582,8882.232483978893
12299,15725.530866523366
21627,20158.038867277068
41493,8900.383669287905
59018,12561.806578847198
86528,16735.50253609903
60838,9137.73744034117
93694,8363.052107048055
25290,15865.073215675653
71767,8213.403127810314
80696,12974.624705606904
45748,7447.560948115572
56615,22154.438354053826
58375,54996.831370079584
16833,11601.938709326576
22657,11741.179398582753
99382,10826.928159027058
66526,10633.369128067337
40522,15656.843586404724
57478,12858.841360687622
84063,11473.39896552964
55125,19767.142795405776
26775,9960.681232203886
29242,10058.765603187014
21672,20463.042019776305
87618,42858.59606454247
50336,9606.637411763446
55138,18446.789867767344
29629,14368.344528213638
97938,11540.736001528829
63506,13584.01268362551
35255,12125.641177251233
20485,7349.578151795007
82156,23478.237513363398
97283,23363.802572626773
35343,12678.240327731019
25417,11072.885151040371
30336,16875.58976517074
67005,6950.621192483017
93384,23702.398387715784
66575,8467.90921200408
64653,41686.513273316086
60784,11970.249838971406
67041,7080.2987675904515
10608,3515.7524341333155
17218,30412.906248981417
77673,18508.38887412943
44342,9331.585498462759
71570,33564.049740665905
67711,29412.580232084707
61296,10148.133180825334
27858,20706.852524390222
18307,7554.50047837019
18187,13990.904086997285
77047,54970.2323236874
59202,10316.900611737428
83604,16393.036049594895
54347,5745.310034892316
33259,27751.031795010138
74646,19332.069579241626
41745,15077.938516150522
50455,32659.86270550694
27341,7192.803337962803
20394,24453.370167155714
66710,24127.798226287814
30953,21954.996050498914
67815,22961.18410210775
81610,21141.686384344677
80647,15507.946334016156
18662,12694.911352073545
32411,10395.163082276646
43870,17063.596876143845
29094,34397.17730131056
22135,18720.780411053576
28045,24416.5204707175
91353,11507.50815950909
59613,25271.929444695408
93405,7247.062592943577
21481,9795.113082614864
58237,19528.08044081044
86335,14404.855448343775
13452,14125.681543437193
82526,35391.12678938158
52370,10995.476020338368
18498,14223.165498179964
72296,22518.65265195731
18521,11372.701585979517
52216,7841.539660144148
34900,18270.440283709373
32876,15288.362150163091
80822,21255.910901433057
63760,13587.843778001317
72317,22812.57623107981
97219,15335.375674685416
60172,21594.488395580316
37305,12631.864393752843
12001,5089.960885492419
15660,13716.283882236034
69958,16120.755858930965
85221,5986.019296911591
35812,14792.44109795503
16834,43347.102350111105
19693,20617.87990260873
95808,15754.404205061077
53245,15948.836526996069
78483,11491.04942935452
22170,24183.186341186934
79224,20012.626563967307
37290,14775.728178914682
73622,48437.45849699495
52088,11120.662119134893
39853,18296.926665132378
86974,7504.56793286687
39139,11267.730936075399
39022,30944.57641775319
12060,13102.693434136734
81812,15134.323848701597
33523,16736.813673519875
71572,15510.28901105303
46379,32615.63938925325
29664,20938.355285002264
97672,16883.94840206316
57444,14166.42528669108
90192,12231.358904163286
81280,15322.297955646252
28221,9514.04597536954
62338,25740.801449689683
26282,12291.086878159233
92235,17388.79625272178
18568,22823.48701481802
25939,6748.981747467336
53032,19813.611780382857
52475,18893.991747432272
72960,6326.522362829648
65042,27361.728245683542
25269,49196.03596222747
78429,44059.708432349464
40135,21202.901843308056
59681,21612.039537370256
68660,10723.729634222467
57535,17791.584309989743
25137,15313.22384672968
81280,32129.534854857848
24393,9350.661330484309
26025,12857.318526187944
50162,11862.033189819183
36686,32646.627429853303
78674,62484.58915442959
40257,12986.32838498443
95051,7064.9720265030555
72862,14736.013595419648
23666,11287.103434602677
97664,17443.81287199915
36094,21098.801888409515
87378,10280.624076417096
67281,17494.532425679736
10195,16891.67057036527
52901,7391.180437070347
89789,13756.387855925776
18245,11650.916891433877
75496,20015.92490336554
66690,13855.251877569659
28825,13695.051330041824
54237,6883.411845919467
12696,12624.525782202527
25198,10737.98648060846
19003,6872.485788405847
51247,24754.57692581001
86647,35932.933199927036
97881,9271.500673817289
89527,11754.018621862713
62529,29930.08252708555
65781,12288.006978104539
51102,8373.665586633697
45759,23147.09511369677
45129,18979.050779582874
44266,17268.831816627728
26776,13427.70115506733
60983,15022.86191353432
45222,13233.159290431213
47063,27079.914706908137
74196,19336.70202100974
58352,24927.45420870825
10119,7160.906513333104
74343,20495.78413574839
79679,12035.771371749366
85485,19081.692963844802
51953,47408.734494129894
10633,15309.101665573126
83137,16405.054187760066
26939,7799.724793646654
77756,42656.18334891599
97363,8611.263423677417
78152,7419.205055352202
88140,10224.35183762557
76079,20577.58954518922
10586,9527.391046289267
34603,25446.085283596774
25965,14832.21235415827
90983,22533.77714430705
57859,9861.36999105876
71770,14067.543807094515
80615,29430.96042445032
95142,9730.682464972379
38612,11196.942993461711
43498,27430.796156077744
58094,12530.110039808025
26020,12423.903257852347
30152,15545.529111421001
78536,21977.497480300153
20667,66723.84226427399
61878,8297.621022425545
33763,17604.460653365502
56778,16030.561206777693
98169,13745.395164408848
89020,36044.34483906349
38504,11637.690938789274
93284,13145.900628331989
79982,27259.052101003053
43267,7871.019879288337
38315,10207.561945353562
88818,4932.321219215022
96454,28046.71223192887
98772,9482.947615222249
44166,29480.31014178
50527,28295.379021454693
86520,13620.607089310644
25721,13159.573665675161
72350,9385.671762036469
29709,10399.550020407225
53941,8598.36756900519
34246,40583.85092441004
92837,19060.805883472603
20869,10004.731873505018
30733,10248.954844263968
27149,18870.595081446467
95635,32056.561376240512
97439,11451.409355177355
39214,11181.106950467532
95697,19790.868914270737
60717,21594.841547867978
81901,32252.44742326025
56933,8527.39386039353
69174,29295.22236977646
39042,14021.486592232686
94887,12689.273179883445
73220,11333.126905241032
37045,10387.651089584317
44304,13560.667111753499
24740,24721.21649054771
48252,8977.351543302066
19933,16782.41898900571
42779,16734.91089182891
93765,15706.864919706517
28314,16518.433532949093
32323,16896.020839443
54021,12879.831104356912
11514,7638.475585120421
54742,17070.192918140823
30318,18163.532557406812
38225,7840.313313095645
87370,30940.51292677798
86376,11864.424873505905
24353,7687.9093598485415
64000,18273.03396814713
93200,11743.400231848213
35460,21775.973832621115
40369,18021.284506076463
34151,14459.804526599066
16583,13213.264660758046
68902,12699.986175397935
73390,17830.608310484735
40302,14359.969347097756
69193,18160.31551156943
64960,9057.988603931803
98221,52563.47587495469
69236,8879.119254272211
80119,46284.62538468363
15676,7702.585973651192
21848,12856.992809038904
35911,17793.269350552204
83485,9945.363151462423
86416,43084.89906098755
81490,19613.76834442753
21113,4110.952701255221
93442,18267.66230286318
19059,9038.276121850391
61969,11195.40337986025
81430,9625.840628479047
35604,11539.760442793366
29102,10091.833120686575
85801,54519.719482199645
18766,5720.443990016409
65123,14391.1362284134
34896,17415.702101707026
97594,11768.719629611642
70357,17317.37641953855
31231,21484.944755594483
49381,5716.103836298029
18111,30904.210888592257
88944,7959.43716552954
40868,29372.877477539245
70858,10760.018426182753
13563,20588.16982997454
27324,17638.56767818798
24563,14536.772630276871
54374,13554.271557866665
97211,19580.358751646778
33602,16774.339827295076
38252,6240.205321102607
88732,10892.220607622381
12439,24206.93543284885
55752,9638.35963822656
29344,21501.536291579094
48913,10055.112826494571
21667,15599.026478664993
25163,12621.43355571711
43897,14431.950727925823
13809,12847.211856596037
99489,10909.278144286558
51324,82284.68065094616
72286,10737.790184161186
70403,11862.984633016971
99367,28463.528057035
16065,11842.10841133647
34380,7487.288283679085
86170,13760.195630742877
32799,19665.174710869564
42400,13969.817213962539
14721,6373.182680196645
35818,14191.687491640703
67601,14068.051600973433
53902,17959.873904174907
34765,6375.495806645862
63673,13853.252593260939
21270,12185.134553331773
86545,38456.298111411365
57627,7626.013887218087
70142,13981.400956833244
63087,22105.23148178241
65788,27204.123693986243
15035,12488.113040838965
60021,10592.944357189604
81300,46143.98308786194
19734,13218.320909198179
35220,5936.121245563238
91819,33049.380630894084
87831,11887.451840293928
85794,18183.774911077577
13502,12482.855759892973
13307,6969.215679861452
98862,18218.792253944557
33080,11915.39056805992
88957,20048.174103749356
35468,10298.942709749905
53410,20005.283607139085
90535,20131.853113353838
70238,19647.76290075982
86250,7617.398066324884
27035,20611.514607492336
14135,49109.97799867387
42106,29329.28269674415
71377,17099.04996409705
64577,23650.7926976059
73109,14143.29042530206
89203,17436.811074163754
65008,14459.835532213367
20747,19529.52568610636
76007,11765.627540040829
39790,19680.266026619225
79364,17082.635476609794
57724,12667.470982951862
14467,19386.01506355621
23282,8982.352689237803
12395,14180.550291727472
66873,21707.89210584385
17857,14644.958879936607
14030,19417.28304742568
52364,14087.057270222493
25392,12916.858294585354
60455,10756.788262525719
13314,9700.07589287202
32581,7695.431881152943
60065,12902.15865692919
55877,22065.22594698456
10248,6325.7207519880285
95151,24646.46592130856
26620,8711.160835014842
59905,6619.214544642002
59245,23241.438883139625
44160,3288.7526010771944
63868,17887.372432161756
40706,15021.387780698225
82853,13901.84976537771
54063,17136.977917176748
68456,15412.61312396251
70357,50861.621198229586
29485,10584.73510563582
89318,17509.455661994678
53170,15695.774675408313
31956,16474.178081433638
27159,25210.361553084673
24306,17395.810616324576
67096,26808.448575910355
16815,8867.959648145086
96479,8445.015281760743
57936,26607.55651536727
65257,28210.514850259613
18067,14834.438087879289
55646,16244.565530524405
17679,9301.150314430346
87167,19412.035015272384
59768,26837.42691345406
17579,8351.371222844378
76845,29464.170045664345
47828,8014.432611947161
13690,7914.602887260455
27290,37602.44444862635
12418,6391.13792536791
77215,47169.22002950286
27888,13032.559680133883
51244,12739.423073412092
71836,7660.692834827949
88059,7639.086840432046
16818,6356.952361976339
76887,11662.014014334973
46738,7522.608016390475
34742,28617.56760308316
37271,9991.809881691715
42087,21115.361154209277
64702,23568.80929861514
63438,14999.198484102362
92190,20535.228304948643
26753,15707.254462011073
76029,28657.263342339313
52139,20421.603409068306
50041,11607.752325256963
46948,15933.15430204425
96248,11577.712842881876
79086,22452.47058841517
90135,5982.276259771046
18792,42014.10817019888
26508,15345.27673420903
13992,16501.26566861836
35434,18705.264152101816
66180,28798.56573564101
91451,7420.400121413033
99588,29869.058785857145
91093,17019.113779851665
99858,16370.915530951888
56520,28014.528172557882
89304,11266.704400273738
53025,9736.428677199625
50552,10094.659473949287
81688,17042.17224027283
13674,11601.613434101102
13884,28862.192912422295
59099,9485.848989170154
59636,17468.58759144807
47888,12514.852908073253
29284,11920.338712844778
28990,11175.86922097914
82473,6412.757167945967
54490,18158.346308472606
20695,21264.837596369664
74153,8569.038667808067
18227,9913.362984574887
23330,6875.898096469382
28292,10361.649402800496
30328,8063.00415176199
29273,15876.395306019811
99037,20018.63057303497
99077,12714.526585409692
95722,10190.489046202212
77614,11811.270022070748
74902,20737.460449140264
66886,20812.303360426136
80114,11709.446948470744
42606,14733.8394136092
79438,21513.76273370181
91874,15493.445444537041
25782,28280.95597823298
95454,19694.35853565128
23447,7863.636869289874
77708,6557.745845553121
28299,16404.345673895812
71199,15863.623296995373
75003,12544.862906281138
93685,20221.826343684246
70446,11882.007559235677
48052,12962.260989437302
84716,19010.031597988793
73007,35147.62421421021
65364,24240.531461532213
30243,7741.425954020389
82878,18974.34929367365
76560,17138.636671810906
81168,42234.01849355147
29222,8151.395001310155
73090,18628.781288752634
46691,31652.30989980633
33592,10874.266806445528
97928,6638.831955604384
58884,28446.83994176396
57285,19913.599810438092
68206,52788.69917961219
31564,8767.004358236882
59939,11824.965006091803
83597,14062.777455217323
83552,11276.622018881735
46972,9871.040983196688
39725,13101.586608801399
10947,20022.93089936599
21742,11500.815196897533
31478,14283.462854251735
70461,24633.333308057285
98697,27474.448219608857
38672,12303.48429701772
90714,9485.830518645496
86477,34306.45730757768
85598,27045.041095841043
95484,18406.207079681448
95841,13680.943104805234
38100,9337.28417383392
46735,23046.113070751766
67201,14922.491686727537
52864,20375.63536781122
20343,18695.038695528667
30789,124377.56898714777
87113,6333.265472713343
61450,16244.565530524405
25456,21576.95469545105
11494,16985.37151145303
39886,19524.2211372242
40861,20083.84486787847
76057,8341.884108302263
22606,22374.385027252236
15118,11151.271918270657
61599,16067.457265510937
78399,9527.85526221844
62021,32574.0484387578
44794,9824.481281090459
42236,14506.951320160419
65408,36858.8773318807
45167,34900.78814693018
12870,24396.211294463872
54349,14538.540121302289
87492,11681.045184988234
20040,11248.046132934327
38693,11238.263712965367
25701,25571.97279403692
91789,11446.261912224067
47157,14481.284531871943
54798,10909.882809087836
39076,20411.107756627694
77796,19587.03173735146
70238,54197.75735454156
87496,19949.66064166566
16451,9336.707918462838
52050,27209.969052255597
53040,33721.499331946616
65211,18057.086487870707
29851,11206.65159414828
83465,17395.885856379326
78020,8715.352890669645
65998,24123.195124888025
93770,36697.48975603847
41227,35809.98699336956
14258,13168.591731536588
51380,22047.889985678088
40516,23343.90761423431
72773,18677.35305224525
21188,10703.950030069504
66889,10556.34065036207
90920,6495.936788325949
35350,4294.217641046125
52644,15706.52139347321
22270,9238.995202091179
95378,28344.250892578206
61847,10556.062666281407
78476,9557.26717245175
57679,20612.71463339109
48519,11950.975338799852
73766,14670.723274416752
32459,17047.019646966473
74511,9873.738970820777
94454,11277.18521550094
54184,14473.450819975034
88568,16284.43149124196
95212,7554.6082991998555
82748,25704.985808933678
84195,21477.539827830446
15711,21293.155233229787
54920,12194.343084690496
30262,28287.126896785703
84728,23745.246316135373
56960,10759.540260383026
85238,28642.60216583322
96435,9672.336563989496
18294,10539.217098121217
34514,16222.485664330234
33237,15768.510392989021
44752,30546.61977612013
57054,13478.943852769487
75214,7599.230628439562
51148,10837.909381134286
88306,8106.471178206326
80773,13466.677838355427
87606,7191.369111684786
55908,30300.829992722458
77342,12244.568227690863
54473,30125.522750589065
30431,15730.47192884959
52315,13465.261253761455
63755,15976.647587879703
94745,11616.990031477433
14487,21219.953076657257
83622,11066.406772562093
47362,12501.716247790866
30734,9787.177205918682
56999,9591.640274252468
22661,10502.241433099469
59578,22464.172035502837
68841,18731.70252781162
81045,16631.029819407788
82777,13468.932683777437
17800,3552.0425079786255
45701,24651.456257309954
16908,7269.187028250817
35368,10473.372367211636
39350,17427.494217200412
38392,15906.886114834433
93090,18895.01274885337
76531,11476.570677450143
88737,8981.14895137533
52357,20872.307893260295
80423,17640.856039053553
70862,14889.574054590821
91397,14415.994687527866
45906,16461.157817436164
16539,9508.806676364627
16770,9662.12239903416
87907,13676.206080984746
25009,52286.74437864943
40216,11481.542358695066
73281,21778.519560271598
69875,21876.57712857563
78537,11919.150500440877
83531,19108.77417526761
86236,15081.290699771967
37886,20776.194233722694
65343,55097.85533531022
75289,20272.181363434436
22248,16890.40333523826
53505,7738.5351985919515
43314,23691.428418090123
72285,46859.819500696096
84949,12699.582991520336
60654,15758.654163029005
28516,29818.703489747135
76969,5816.373758637243
37267,16546.91460451504
13748,8012.707022271268
92652,28256.071345571523
43058,17199.99124795212
17438,72854.42398098798
47991,10402.793296514288
52517,11201.279262705419
94431,26864.32430735463
69474,12846.389956944091
93982,13822.558206861737
37850,17849.755404314317
44451,10479.671224369014
36045,27382.58836967551
36129,13335.597535138113
38692,26154.290333877972
31120,25715.61485411282
25963,14666.582086420914
31678,9087.069206026803
64541,22395.00054457831
48986,55314.07505811761
69565,6898.251865194819
78397,12056.44869756859
26391,10591.537661893984
34282,15619.189288752708
16058,12826.979008941467
43610,21346.325192121196
63303,24322.023361368047
74388,11368.307070981777
60438,8853.663863202273
28537,8565.598204489823
40907,9838.403372760811
24886,57615.259552163545
57510,13064.84594594706
47767,10733.981911738158
65328,13782.221078264101
41913,13833.80195291571
27679,12265.632329983684
76000,2501.097963571523
26302,3831.40345478605
13685,5984.6207882697945
69575,11413.87213322752
59982,13012.257296280193
44815,26982.918539301805
65862,14266.885718457514
52854,11912.707674115321
89295,18802.469416631753
88772,8229.143648902189
72302,9578.282198563926
36408,21077.864353479865
49930,7636.353286511472
98264,8343.54415005034
84196,44014.29741582711
84931,18536.621348293127
52137,42427.01701893197
53438,102.90284131925728
39525,6211.178641420574
52579,26636.916229061622
29726,28435.535125945033
86365,8317.075803397409
96827,5689.437759248325
94723,8449.094840395612
18584,17006.550656015377
72270,24649.301550369222
49689,28605.831826366208
67633,7057.631572519955
29924,30403.456955073227
76088,45216.99776915067
24564,10161.631061904449
78719,22148.776297784654
65815,10964.387743842693
86944,8264.867067623436
29662,12699.260880285443
59903,10045.788492826861
38244,23705.442484482403
86796,17525.110534950352
81590,22006.16487298289
17791,12447.54196062954
67203,16287.19130530688
21103,9097.205879159921
82662,14359.368479486599
72437,7876.129887607531
60237,30262.810401827082
74676,23026.075311301065
77010,15631.497965077773
47226,12190.844853753046
13288,8403.79351512147
55306,8284.722788806155
50026,34639.563799177224
19414,21345.54943369938
52768,10048.358987877149
57687,11473.582110874064
56264,24627.85782200114
45035,12520.351263447079
28273,62431.52351912596
20474,22874.785421520195
22609,14866.72398416308
42334,14283.008519591573
72280,16993.535733120796
84768,18188.455723283423
78509,8776.67414833263
42100,32162.674034429234
71527,18694.655461856633
93609,10964.387743842693
79016,19856.8961529446
72054,14666.221840071366
95008,43408.184201002034
45311,20033.263000349947
24731,11443.348887806493
68199,14095.094324622014
30414,14294.679435479802
31479,5839.17416299127
98465,15733.509439597328
33961,20661.792533518987
68929,40183.163491400555
43936,22410.6177308919
24914,19420.418869090703
30079,10879.082619025901
67347,12178.799033761923
62856,17663.271276422704
34345,18562.342484235396
55119,14276.944850045917
26239,17873.30206030356
43327,35474.991713020245
73793,21390.6396728525
46816,9661.545921425544
33435,19140.303143061188
38496,10068.658729874816
74306,9260.95143375912
58988,16766.919822774747
78072,12972.835385164515
86732,13404.262558249502
68552,11315.271775620598
62298,10017.606923592388
43270,26846.124249474782
20901,10124.395716201263
95640,23234.1359711387
85954,14030.457689380193
72975,12972.884386341606
91260,34256.71169537761
26981,7044.695709307214
29842,25979.95564550188
14068,6883.411845919467
43154,57009.94981591676
90507,9528.64057984119
21125,6478.297004479829
20069,8686.131849317851
60550,17470.59661610455
62414,6540.794889190594
59468,10865.471483838359
75960,6018.638688592579
48318,22319.976773182752
59462,21569.899082870917
84123,4003.6006405874505
27449,28793.49828487759
49535,9798.68514151942
61397,10694.438915890745
59185,31819.44564592257
97555,29076.57010632161
45433,38816.38178861364
49160,13082.327154411054
50634,11681.811171520552
21094,6633.177222055152
13504,13157.079700224922
14299,25349.395943367075
80684,13541.770469431276
25906,21972.68418325268
84542,10280.40749875388
19444,10343.052739521947
91912,10229.44188810568
11160,16984.24977105931
58651,31146.87649328754
30310,7106.584647026943
88760,10424.023089898095
39761,7404.328944790897
67067,12484.112822776395
28932,14924.97758818104
34352,26704.74396931396
30148,9008.941622834609
17968,16301.038182270993
11983,12883.144219135109
30937,27688.404358999454
14698,10350.856585492009
55951,19409.91021616239
19937,25469.482035607543
15939,13007.295389843948
72294,23650.278912982874
56539,9011.881279806934
28203,30623.237562310773
44990,19231.047579228234
60350,58726.36282876684
66219,10627.786732433302
53965,11113.792413949901
27224,19949.325714619925
15345,21696.448856546052
83174,10560.137033383216
90013,44130.33750029067
96080,9801.838203184328
42404,9726.024032203419
64475,13417.844057992696
58809,6527.064910559404
99594,10066.093019464854
43187,12479.850592767749
98377,11825.748863795552
51035,7606.730931537515
69684,7898.2433129991805
74757,20828.75978185181
19944,16766.823436399965
35029,11072.384245320722
86346,7912.584064570998
15108,16244.543131388104
15435,7826.2055769145245
36105,19743.399027233936
87584,7369.162423862448
85492,2922.086963870257
73468,34132.64084803019
55077,28430.34916128427
13605,28613.10729663312
89359,9667.247845425718
59576,9741.478966583612
23659,12337.265745372453
31043,21451.648894489605
70012,19322.742551924
57759,32782.76420485269
52952,18477.6507461239
39702,14971.731995063177
46649,25722.240209061576
18524,6505.717564363784
50510,22459.88951174603
64906,6869.476928422722
62183,20426.441988224396
20430,9776.521861088735
58330,6278.987478969993
61146,28645.895341965283
43135,12294.240748457203
34071,12181.987217758482
69226,27700.32496126181
95456,27803.74634836692
55610,10165.943444239841
16472,20773.80319723743
49596,20880.894790877835
54279,8876.71905966986
97828,11193.447995926927
68972,16515.403226735427
27457,11265.443236209474
76113,6820.853413456027
84033,8937.42585329111
48311,12464.40016278384
43940,11657.675308224825
33732,13137.271386611976
37997,20208.71554672126
38035,10118.843665896577
76266,10492.651743391443
81013,23242.77199353569
78153,7472.260597703345
29485,29322.831043618804
60212,18934.70624138003
82272,20423.58270773692
85393,28074.112429595618
36824,11917.161004900232
79616,18632.03634575297
37788,12346.366759698154
24523,8416.316783508177
94209,15561.752760439196
82029,16317.180564366183
44054,10870.464067744888
86776,13009.210498023418
62683,18526.891605843448
79992,13609.811430060476
97476,29696.431527399414
78916,8031.213159763334
38234,27967.597561147377
73431,10008.523932409362
12884,11218.686298645258
66906,14731.223605288014
66377,9399.02419649724
28321,30273.652214000846
85487,19188.891800946847
79161,11299.216005670905
99672,12629.962097396936
22053,8548.908977006327
73363,16042.220419736263
49891,10137.802462819473
34281,8199.098006299564
69297,26647.11839767688
15621,13707.395838939443
32241,16834.60907252507
42002,18174.104841716304
19036,19363.7781984682
98429,8221.565394796262
67219,5805.775107165806
47621,17154.824046378588
41524,11172.070063767966
84458,21871.03447026262
31211,27710.57794970316
50391,8234.625290312739
32013,12926.522365861008
12145,35335.67521895903
80886,18856.468570582296
91124,14154.687344988173
37016,26438.46614405075
52585,15194.198003712889
74180,13665.986934226452
85856,9483.94409725033
85198,22296.81786761473
84882,9726.329803169148
50560,7511.922479374367
73542,11416.743179877012
10857,25733.484083075622
82027,20122.2658461888
53938,11803.026126628054
69584,20906.486460156408
62391,26648.789968217934
56615,20859.100827451315
56444,7786.968813869784
86759,21965.796673682133
87554,11802.75101867487
43671,20863.827390877283
22219,18428.298672383826
81205,9709.058553623418
18123,9166.014698383882
25363,17929.403160078124
86316,11672.842247358683
41308,44505.39891281259
92575,22793.94281633432
38584,17120.33836109703
16858,12449.250504387397
28623,14052.42538469329
64425,38967.96042678258
86770,13571.555311533384
16778,39319.13014877996
20582,7583.0354313083535
76137,13437.688295856291
92672,9022.501777401158
53092,12456.275257343146
71812,20844.57669550336
47978,13164.595117142053
14571,6140.267747721335
55266,12719.85689416661
53106,30272.043754900005
67946,21525.882223421453
68410,7937.326282987053
92250,50584.89114306621
68330,13385.945580355892
96304,11746.133577827473
44163,14345.792905912876
13588,8194.453150466376
32801,20316.1875585429
59725,6091.643367510096
58773,14082.714468684364
31671,26128.94865199255
81169,13192.111171268194
82888,16273.009515065009
72255,15715.493155881506
53544,12403.761586445366
94112,26269.24661079024
76161,35463.42799838331
84232,15521.93727912426
54170,7354.855951470023
21240,25957.48462796006
39626,33131.960674986956
50591,24380.007652104094
29002,13393.439824902089
51343,23038.76509229127
92720,16445.352587280213
27282,36625.963339069436
62746,9624.677565884202
93148,35571.58434636129
78155,18445.91701634403
53436,14747.367806009013
75210,25168.372651291727
60080,17357.029941805908
19836,21547.56029383712
58133,24557.423141662257
83324,11552.20057469314
84623,10087.21411418125
17982,20030.338713113844
67154,42672.05286956974
16433,31911.406657913445
69226,23436.896516395558
64660,16931.828075747413
61193,8751.357388832907
11284,24553.93160857608
44128,16685.224647373423
35676,6704.8212516728
31088,8440.405609397541
21210,16343.065399628891
34942,6311.184754369895
21546,15170.049790893529
20499,22466.97049833026
78131,23833.325692370396
43821,20423.407736936497
66035,20141.95300361328
94744,8542.35243585426
16491,10653.588158612216
82409,15929.088379899373
15400,13000.42642836661
72910,9170.314524480835
94720,27581.918956315385
16711,21637.661337619473
90474,16444.667079744624
84099,28009.15260552679
74624,13697.203204258181
73497,11281.602168538995
73387,15382.916984855274
60702,12826.490023421598
55741,10063.10253410674
36473,24380.938634183436
21453,7520.174445204073
44261,14264.088666047328
22387,7878.44122089705
28171,15706.44207355216
99139,6497.648700778591
56389,5114.442210627496
60557,11912.014071109992
32846,12389.336259741045
21276,20560.31409404409
20201,9352.60248422327
42273,19649.876111638703
43049,12690.405851252504
51523,26355.413981605045
53415,22850.24880261691
65412,15687.160811133977
37071,18470.000501519084
90937,6823.778842576703
97926,9459.568889203321
26887,10866.729579769122
95202,10464.837101978894
91038,13360.781271527268
43726,21964.321685971638
19316,10783.025900961486
94960,28241.92703373168
87345,16906.135739012137
77017,9104.013815153892
27596,10767.767102510788
55538,13296.292242386422
57244,6284.59861468977
91918,23296.750355694297
94146,34894.49381281736
45254,11485.233433172536
97614,6958.1253302124405
33546,11989.023526698842
95297,19154.660661050686
12618,22433.952299935918
61541,19016.509555867844
18356,11060.691495550185
86719,25737.88854052461
21727,12794.23795023401
32478,29779.30362251615
55365,14607.605027759126
49334,17565.757181586658
92683,10932.887299678838
60868,10150.562475281396
56761,12235.923310806607
99233,10230.12497944036
81882,9340.93505437175
96027,18621.10745117107
66882,11382.539730205946
64481,15015.572833739187
81963,24490.56025425513
82844,19959.89516887228
54797,17779.626567031737
72227,7328.904023645779
72163,9947.802327249123
90371,6395.030526816106
43120,28479.59346336157
11997,14192.027315290816
45287,9595.547224212136
90605,8191.445976305975
40130,16282.739496486756
74777,29587.615061860415
11800,10407.519394756702
98198,16980.053059610735
81065,28034.09080848205
59863,17690.787690085086
36197,10992.226134676246
76253,27297.089822132897
50364,8955.861539868538
82101,30582.866480516626
86648,8070.413335321658
16229,33137.422828733645
89672,21647.20623575292
71276,37499.7492558726
74683,4465.025412273268
46271,11028.657669987426
59019,9223.770889284813
39659,10483.417888365766
34326,29504.93704927159
85037,11697.584574982007
17570,19740.0918108805
39463,32200.251793605312
49215,21074.813887457985
10897,13060.3498789221
80316,14766.722163236109
22631,14981.200225994095
19360,37474.82104740584
99620,16158.34102323102
31268,41405.89098094997
23453,13696.672599716834
50446,21568.327419055204
79902,16777.013938824137
76209,22990.3200501522
63017,12435.709334742312
81562,23765.97824702815
82815,6119.249750367791
61823,24529.729002101674
92612,7704.512123832161
30685,20821.72748729908
26488,26285.298207902815
42815,18432.74201294093
28070,12669.268987701314
65465,8217.618771651272
75740,4248.584649527187
70608,18952.50077773387
45967,25912.756749927707
86975,13083.898420732172
62825,10296.123516639596
59910,12320.037990436216
50919,9741.596385349327
47099,12590.309588364627
67091,9227.989041050969
36847,6575.660237779841
55079,23335.81060782701
57603,20110.528350150467
14694,20317.01463089321
84204,30509.01990623626
13398,19876.788585384635
56268,11998.550350635152
58157,15509.417626199669
47088,17972.98786204761
91002,13982.541196432974
52619,37603.96505948513
63643,11625.144132558606
22066,14253.309270375037
12511,4794.9526279186575
89624,10400.424945291794
82031,11066.370396052414
57880,4199.854363139497
33660,15966.041496957094
57631,10259.72590791058
82031,14749.998944567265
70981,9743.152240274447
63367,11114.447786517323
25744,8466.276139984164
22397,27748.005466949846
39237,21297.76462225508
90192,10357.11569758846
47492,52980.268707785224
91504,8971.070355847492
68519,6620.322263476359
64227,31361.669413036216
29716,14740.913490497984
54234,15998.720010357392
94069,11280.457995414668
15287,20356.220389775324
73794,5839.4244841816635
34622,12017.131895571729
29080,11115.931708118833
19528,16330.172216955218
40640,25214.38227140548
68678,46042.56663823783
67738,16166.237062330165
49546,13449.09802065187
71614,11995.338168015116
56418,30619.001103886818
78193,10001.980507028766
51916,8839.535919766891
13528,29614.952164317627
36644,14708.29828024671
66204,9555.051324239568
68222,17453.83238567438
67624,9602.105925892558
77171,9980.760566433706
92104,16910.2235699967
74353,13456.13251304676
72217,19450.77041707404
75883,13947.377586316035
47362,8145.195588856674
40316,8500.62773580647
43775,15204.915685057696
36964,19320.20783499759
73010,9591.045407117035
52489,18140.874453361434
90847,20307.508794611338
33634,27276.777808948045
44497,18236.901100320574
81048,29437.416146869124
15579,13737.212521941532
42708,15229.50963652243
50620,17765.03985420212
32010,9681.323096069815
26635,38978.29384796333
61748,10701.395820901023
10149,18536.749881803622
40465,17581.99520095266
84053,14771.766657463044
91886,11893.194902991507
77010,29111.846172135076
37524,16096.311862379083
66876,17971.08097775591
16705,12614.94259682848
58024,16343.065399628891
95192,35473.12793342308
32384,30272.556173590674
57597,15575.777733444425
52765,16498.007872662976
41753,22934.91731837638
59183,9892.564226412955
93933,9638.38582874051
40808,14300.885622730046
20846,24801.74287037618
39350,16019.5101291155
21044,7664.819050263946
37321,16047.375879128565
53728,25938.96193983333
91727,12250.444651136988
32879,19225.11713833203
93115,19188.71533767517
94587,18099.25394005797
64925,8589.511267233822
85930,11308.02909100437
22999,11833.046538697912
69733,26659.787399293276
63492,12798.620589012819
45458,9774.16774181735
93736,15727.950009085112
74186,8344.48720654778
43200,9684.71583314423
32617,14928.73567953745
39465,12450.64154713669
74487,6204.865143941452
71907,11417.085377910287
73600,11233.0005539135
38451,8919.330098549874
79261,6767.104688868996
93954,6504.518469751514
67387,5475.73794774634
37916,30961.36432327705
43962,14103.218565520949
69711,19803.005190657692
19521,11279.211535553248
43064,7974.127801280098
97697,45163.423704914254
62660,13956.579923367624
63349,18181.02684336785
77430,8793.526912125713
74519,23921.84311020374
44591,9888.920777437772
60567,13091.839911721594
71258,21577.017627883808
84279,12590.652573918505
86316,9641.814964290712
16387,21144.122838180952
37484,16721.155407668473
30123,11437.31097874217
42086,9436.681532074697
66291,25805.88118881763
46603,4827.131777752902
37507,7206.487915850557
23575,11354.968985734282
67321,10830.651568999165
57121,20921.11085988523
23962,9494.554142626737
94106,9300.418877973561
57872,12387.375142256447
98397,39297.91038269359
53917,14217.00403543158
29834,24080.9976497858
92024,55044.71356107364
34840,13991.134554915916
25080,24816.523752542864
67268,22941.797488011485
34234,16294.552808320132
36398,8740.79118497509
46632,49013.485169578096
66717,17537.65041896892
13497,12564.232617878417
68851,11716.29903085564
24564,9942.570364121717
26252,14858.189788852224
76686,14283.538608838346
19546,24816.523752542864
24618,19702.01923643909
64185,7841.539660144148
64529,21949.1234087116
69309,22848.162201537023
18063,9631.339314176352
95056,9845.594603558233
72478,24556.330931961085
25717,15597.822090350657
14985,20736.33462017144
24728,24982.801345057742
22174,11584.786034655393
76822,15206.347986446312
80816,8003.5713355984135
78820,10962.876233673443
12404,29285.714977468408
19264,7421.2362502259
35649,7384.063235655331
41745,25723.03523148031
13933,17377.254829737754
29586,8303.634445689011
63605,17194.075348846753
35135,26635.128177477513
19429,17123.868285008102
63055,9590.357201156257
44977,15199.443248104759
46212,7394.887569559271
89957,33750.54208165046
94832,22279.12826947459
41045,11039.812352526826
53024,10999.033980108488
79187,14445.593437707563
47862,24713.457704459146
87506,14877.686779866537
90657,30282.735379398957
53424,26959.099877549845
61070,41775.997161049134
19777,18130.844000036166
55521,30484.681133823404
74131,14145.331591613403
98162,11275.262262582852
88998,22277.92617728917
25342,25959.497193810195
73205,9613.297936843352
82989,5195.910454459679
87367,14031.466584274287
62347,17768.568203123
54620,10982.630984858653
21573,16392.1715308235
56161,17942.04167277108
51320,17524.468886515016
28939,13148.932487014827
53734,10509.425185535496
28374,11657.854907390267
79432,13698.241900198802
82701,21415.984040934432
49798,5645.925986959903
93748,18665.650216977065
22277,11485.615333180154
19262,16256.776666894928
57313,12831.472149029303
68346,10779.404781912994
76135,6725.791190730539
11970,15886.554335366052
80455,19041.780318298835
24664,12022.212854800802
47579,12870.913111708707
31964,9627.52750488002
73630,15599.321463263024
10766,10182.857989778493
48583,17805.643279798638
13482,9574.111186640908
52829,15679.699551795646
87843,10761.665154579507
34122,9087.902862383493
97318,15341.488230427643
97922,13985.36010697079
70065,12211.282044997719
49705,18378.97084888688
50598,7474.2803607995975
39165,9333.323896480431
22349,6926.656378810823
82384,9041.759374957768
56432,13852.279102580113
16104,47783.752610804964
82267,13205.48755747031
34317,9918.10828149335
78632,16937.874611417756
50768,7620.615438195558
62345,19538.947414459686
12793,21810.822193761996
11504,14022.246417156966
24966,8024.179034615727
33371,16091.098467558417
77031,10091.836822033176
43553,16774.717836202475
23930,8928.519089374324
40839,2800.1568689785036
45965,25280.57438226582
28618,12362.056599050833
11947,55600.239380220926
30050,15475.354213992941
63773,20472.53307148538
45114,11287.993481322828
46552,31289.4226253557
83493,45546.91051849902
56669,15267.045111301546
17247,6604.793235312094
29698,16051.935755335191
33620,7959.315475556101
82371,7058.407029334883
59958,20694.11243224892
72518,8889.267619161626
68308,7299.1979018907605
17050,19369.10711020719
63995,9572.267947518465
22145,26211.265164387685
36104,16817.696305321282
70494,8419.485049586103
56811,11877.836211053844
69675,40295.77819941568
61191,21586.352848854924
59810,28262.49126710929
44137,9457.04494320729
32054,21218.296978222115
85594,9947.912371082104
95049,7105.2103360985675
95813,10891.78485075229
62561,11588.290592495845
17141,6716.174462489656
34224,9616.937855311775
76565,15515.597156246624
73015,17603.55782865718
89190,11144.385709110942
44151,19538.789396824057
83974,31129.459923110306
67322,21214.28623419449
87775,17552.407453206633
79501,20399.311788345705
69181,16213.042666389922
99154,20557.131757195744
44459,29525.163916397352
11269,17163.538375918353
20379,9971.393132837657
60234,13643.008120241635
51165,25494.43691977761
25407,14952.025311335816
68515,6563.505491260255
15793,24452.748905649692
16318,11611.97799941568
78549,13587.843778001317
12418,17727.460086079165
62878,5989.51884326913
19545,6981.823029664569
77178,18274.933388922524
33101,16105.396230088427
25295,11017.219569881527
61444,9809.96838120755
19248,15928.22443117556
14818,20024.78998284947
33334,10365.339417645066
38295,20637.166132210386
18472,23209.46999289836
21415,19338.849907494347
28253,20875.94355525934
60874,10814.752079783791
47936,10590.445052024545
50541,34915.68752484907
70103,14074.425336018376
65711,12795.321416788935
57708,13942.180207095766
95152,13086.312273546308
60147,22619.946530778994
84456,12561.751931729345
48050,13930.664645228962
64967,12981.547668941583
80213,11316.818471130826
88518,8706.658742663009
39300,14922.197821052516
94984,13467.160902140327
87675,16109.113451256218
67998,9739.452283526516
62751,19205.383728079407
71721,22479.539425137053
37645,9825.86827452227
12262,34414.84782557716
92361,10269.14679704055
41394,17558.877946100132
25916,15372.647008524329
88859,10847.508357438532
84076,8761.286286416964
13768,34454.06586961378
75148,7696.061821701971
72300,13526.867873864128
60847,21696.652783404777
19119,11268.126244540323
11381,8496.78402172263
34523,10438.701852733557
80305,14373.585088328302
56042,13236.495485044376
53510,24882.12659762456
20557,12662.39579345458
43626,7091.372668125843
23573,16694.91323933558
95024,10599.377519519448
63403,9206.62564073881
72264,18845.150633339454
73868,15099.471214894722
57008,21586.402029556728
29739,28819.842011068322
96390,8003.5713355984135
72031,15481.820970566998
95360,17133.789198802442
56059,14599.029279393753
41190,17503.299234720027
49244,8803.073421150151
61084,13160.433382646843
28876,18120.77066973686
49668,8553.973351297765
38578,7562.268795699161
28670,8637.869521716111
56011,19797.902788745065
64600,6299.628970586969
14797,19398.27117807442
30232,9440.766174712386
27094,17586.521844901956
17708,11638.990662707918
92440,12454.525454539344
97217,12061.291360904292
70917,16710.08639414456
96456,10114.407863744662
87217,26084.147879746055
62215,12347.798056446889
55609,18811.11631400229
55444,8234.913110586545
81117,12626.11836805818
80337,8260.561599450164
20474,17522.666713983323
79122,42085.99870400423
22526,15786.061584117693
17766,27119.923431251224
44750,8165.476463470604
76235,30315.499859310257
34604,16153.396564864152
12014,7120.763832441775
65032,8538.014741296467
94762,10871.271758470284
79622,41405.23689356737
43048,11504.823181845471
72120,12339.604988999563
43532,14616.802776255434
55681,22881.391373976137
58158,11307.857948864683
80953,36949.17080650016
28771,27797.801247848416
31358,24218.91666800949
31318,26592.112690953163
20514,17284.277624961593
27907,15844.765250360208
47556,12579.648804951586
81294,25689.152976484394
35252,4937.973090837424
25096,15096.524175767345
22632,5844.481719879594
58951,13847.794674777233
34690,16101.504838414206
52827,6104.234440047756
19735,19101.36542833526
37603,18456.228206578886
45631,9089.078940806681
97254,25808.871746436795
41001,48417.9367325737
77478,7219.402348886892
69987,7411.970378568934
72548,15698.207539878204
79778,7193.362202015642
40925,9861.651067703075
45502,14312.208159267684
50308,9444.454409414604
85507,21655.590537257354
96835,10400.643765570969
28738,7798.037586038494
46855,15053.189557963697
20582,6887.101789710774
74527,16419.77659108873
18099,10736.4053074519
50191,15287.77945217662
92363,9042.704398450735
49966,15630.891562824027
73112,11794.459836213227
62095,15168.287905547193
95683,9752.663214036962
73827,18526.083721860592
81951,16544.945564843587
95801,5655.667232952106
95370,14894.703952820237
11303,18359.41841879893
92269,11798.333724681206
52879,11634.303071932649
46070,30997.498202117113
32301,27153.06511816888
62682,11891.849042075086
91707,24045.43799409599
28045,13800.896462672652
31955,8642.901386627489
34772,12654.069168309816
60470,10607.866225413843
43698,9087.347075877231
68242,10016.731206725386
38096,10007.800664865317
63445,16242.410028998056
20228,15673.83254590211
36393,29583.61019968743
90767,27069.453299244196
75101,12556.423758288494
14643,15839.077890158233
53230,12869.349130079683
67785,8279.309132114833
91733,25243.685768126394
48723,15849.120031389448
65307,6533.139189730484
11429,13855.251877569659
33830,18743.145238324814
52728,29091.615809742063
64247,54297.44485903583
87970,15590.419656637736
31553,10137.723283645992
59556,7981.091698269556
31328,7710.462230657247
18429,20620.35495434989
35513,10666.69197822587
57860,29924.74634997845
89748,21166.589932636576
20455,26751.686559260306
64893,21690.15004776443
13180,11939.059032836347
93050,11631.895309876183
74237,27091.19466578648
67981,17937.80968281122
34657,7224.628510452514
60056,43929.68686425255
32647,10062.723288663432
27034,15565.334417844299
83305,8881.662223323401
77206,14279.852289356684
44022,43260.72989551502
30127,12018.206849857332
66083,7425.192121480715
97490,21642.828348913332
10605,11412.685701686243
24502,31234.700788450995
31552,1303.2471922222467
75688,6157.602730109367
62176,17348.50906426338
11270,33676.40717764885
89637,15057.988739000351
79058,9841.731750067063
37496,11257.49815664374
47556,14050.603841004602
96739,17638.747133445388
86879,9155.58965145912
10310,24461.125108599335
77941,42905.85685167505
40054,10472.799488620654
70608,13950.224926997507
18491,40371.557647625974
26096,20607.700898519433
24313,9413.70751158899
97297,26739.69759316488
21027,25462.61544412258
59279,17076.0113021275
98167,6236.261550355748
68160,8846.06698318608
52058,14138.143962505985
32397,20911.63312873495
70919,13360.814229217827
36120,6874.680388014873
14218,48523.13134029761
11643,20636.121171110855
95986,1343.6025136492826
15227,9906.719047576937
40682,11714.80395273061
75480,5013.353045968022
29992,1644.1717463070781
71803,49845.77706388168
59112,13676.771431787072
46845,15531.184446735722
33384,14455.415611095117
39970,6799.59809752685
65655,34796.72068128157
20380,14786.452178574433
40853,15448.564809326512
16004,15059.789872165109
42387,50225.09136037533
99263,12169.522382819232
30340,23343.07095690362
50866,12059.83726409588
70344,14609.305412556203
61566,17318.6810099043
23969,20189.375693617934
19421,11132.366729362375
83900,4981.97733611211
59476,10213.694569847841
59452,17178.274249376103
68714,7509.958193064422
37316,28540.51639899153
71948,5421.941098208585
65338,12109.180119680703
27192,16309.698952099625
62599,10990.663776843508
21402,25137.48425911489
22829,29875.799437469177
42129,11193.27132518155
93465,20881.249101427147
26736,15842.108750677873
80914,7309.977330477304
58573,11285.956055056307
20314,13401.577029536991
24407,22000.837643266757
26250,28594.1771742212
14832,7683.1833787932555
10651,31346.85755916062
66535,58247.46475093671
90048,8728.183907781915
11770,26935.27715299072
92798,16333.93397622393
66692,9911.890431478612
13234,9937.312256671583
33337,9568.49517545733
84551,30973.64986068134
26706,9964.415603063702
15124,22077.168949167746
30187,16436.75545801444
39896,17432.07645134385
95102,3608.4479230752404
13304,5519.911371806684
11958,14428.135374480069
74669,14506.588683498372
44564,7115.481075802423
66769,11979.09921957031
53461,27213.54823967623
70978,14203.902938021372
11291,28313.817661834997
38496,14611.58356983059
52933,21666.014755466917
90007,11307.563926580631
12253,10454.367407078404
27687,3603.008126834453
93640,15240.833835140722
72615,16480.845286365235
27416,5315.0001556545685
25218,14650.783766002525
63413,10467.401538257192
86403,26415.060102688374
60893,11315.271775620598
72908,22115.600943897294
84394,17787.635898759716
61563,14158.644081061517
67138,21766.293569549656
22629,28148.267656887863
65508,9435.920470430516
84864,11896.270589797634
92277,11525.914885854429
44501,18449.096966155554
70395,18573.040115206783
30312,9112.609102829834
51130,30482.43378859418
12651,9377.811755761126
37135,25744.58348105255
31620,8248.24998737247
56208,17964.24880481237
23227,10516.13342492948
64082,10669.122113914349
28483,11264.943858027866
28026,11989.186675549936
49076,10528.84332403057
12187,6723.655117085962
62343,7905.408340181566
89653,10081.639012106336
52149,27818.836170451974
83351,15370.485693848457
68276,27959.966848282696
43519,11356.981701097196
78253,33592.397332619395
32970,10636.787372436067
77042,13598.652363635112
25346,21567.626869375687
94538,26473.921967301
34876,10029.525055996935
34451,7204.91138997991
34281,21108.551479588936
62475,20688.708550492036
13355,26727.47500032011
10789,17292.357298472674
91420,32780.207604487085
34218,15735.504610373597
72912,14591.522418521854
56217,15879.597941548189
98225,10369.939492548874
40863,46409.82123216998
89831,13248.348450851558
17146,31543.26178615343
57042,13014.982641365104
62016,10431.952191404713
12867,12497.128999016864
63459,6742.704041880541
87465,19213.804991617537
22387,13072.322656095306
26538,17173.03632749714
71145,14820.88391314751
15271,18912.968010351877
98967,34711.55082904246
95107,25171.376038543054
80480,16370.359478458227
74080,23797.44009881736
89065,49132.414615356916
15049,7847.3353852309665
77430,22737.068343337178
45650,12524.2434125357
38658,8125.564524059639
71682,5006.746598120468
62808,12105.887336732412
55717,21281.725596558983
99994,23654.199879568096
33769,11429.776507052979
47715,34920.12452018955
25191,6534.942295893734
73991,29521.59082861148
55313,11129.428393934479
21052,8561.47776635516
17296,8570.648154989489
63563,31509.778923153055
97604,7697.9478946199615
31294,18628.202156775227
71239,28112.63218553605
93995,22700.333316356613
25631,19221.757938621366
80921,29681.52983235811
95787,17284.268000966276
75565,17621.05992477682
62305,18042.968312514895
40812,8706.950060585727
59412,10845.640931748167
80812,27396.98497401049
58160,16222.485664330234
54406,30269.420425871598
89035,11111.073105853771
13427,7113.841897218108
90274,19936.037068771577
17478,9460.432712620834
69712,10608.255052835997
65181,31028.07857794466
48640,22780.23529097226
83246,24268.0110102693
28139,16006.265683476478
46376,9342.643258749024
12999,13775.699974619729
76727,26616.711672885
49204,10432.116689848579
11165,24780.830748142896
82942,12148.233807760813
43701,14840.483929708562
40156,18128.989873191047
94721,9699.377207813995
33670,10082.80552251661
81020,11758.244049115594
61687,7443.208633833838
28047,18889.41488480246
35327,15835.102780892787
59278,6726.30727464855
98968,9495.52250835436
38042,14603.721979938142
28776,16567.66059475834
79059,18974.07782421646
11009,9612.02203210352
74696,9868.239532433006
31245,16525.828493822522
26979,12077.797072218213
81717,19552.88389638391
72514,22147.050137337996
55732,21816.094490822758
35994,20828.18952119632
95676,19392.44440799513
73161,8602.332722762118
71124,12454.462257896255
68933,16317.175272562647
75169,10364.992716148685
82077,26930.977252835168
27401,7674.103178907873
92192,8784.149922396928
23388,27312.03478089549
44402,6354.365850885533
51779,5439.068252242496
75668,24302.55654755663
34953,13549.699220130464
79646,12795.321416788935
80852,21514.78037035123
63901,12794.033317392736
83406,11281.602168538995
89537,15020.028440795866
48680,17278.34750731055
69779,16500.70416093912
33249,7210.070757070538
96676,14626.661521618384
47706,21512.33005813252
37546,20409.63211727948
62824,22019.709015547454
26207,10561.282406345144
54537,16033.694281408632
97025,16298.194749464059
96628,20197.394174529836
18591,12690.73109263491
81152,27959.966848282696
44652,11634.11553059892
13675,9661.900311279638
57385,11418.46051126828
64942,14641.28100633852
60564,7115.932132263088
55809,15309.909140547947
20749,8362.103496885216
57565,9314.78669411542
49459,14788.613415836535
38081,27875.967370315295
63871,21838.445355661497
95823,40244.47494644216
90170,21610.556926933405
38139,16178.197472309623
50062,15312.575058359102
84518,20636.542843748393
95540,21283.307460244236
52266,17297.73735217639
91961,4974.140197811439
81246,16099.696945884885
26078,8024.156920354351
63779,7307.134553203654
63918,7660.063526829599
93289,23115.6285054021
40792,11525.09082482542
62235,17439.528490207835
45881,15545.86080734835
90560,9627.330459740777
75695,9552.804241826929
30190,14731.575237076177
66757,16822.147031243585
38389,11740.249233384098
68557,7052.772397750799
62416,13453.300748162117
35044,10568.045492795849
44989,16789.58234389937
39618,13117.144963314357
92675,22065.58690027538
66123,18867.590787172594
24677,14808.74708222713
96022,41939.31031961439
98745,13667.158527520252
19537,19493.785464499815
69131,19588.60690778307
85552,15559.602613697618
54393,14452.043398149513
92432,15820.333383984605
32332,15857.883248961754
23428,14524.360854841674
88949,41566.10425120618
40163,10117.891119077289
90733,14020.753287851438
45971,16868.379025832022
94183,45906.21684271512
79085,8640.113618665717
12756,20076.880770287567
56979,17393.0840410472
66922,8919.587348642377
50608,10580.416151349142
60143,7329.85678229945
37290,13429.567489775789
69494,23595.667534405522
27008,10921.699940848195
74688,11044.490751402354
51847,14614.861223504668
38400,27457.45257099812
97666,15400.048512760839
69101,12693.688934885358
39586,36203.1533475266
64577,17135.931529320373
47246,12428.056417970616
62255,12858.841360687622
67469,15094.441229577604
48350,34245.79803545796
27877,21456.203429299796
49551,10291.987696554163
36209,18613.377455885155
53750,14272.27694677012
95446,14078.394000275192
55703,19411.841724802223
59870,24059.27045273952
31344,7585.046550832902
77754,32234.762568659986
92629,10685.767461557225
19125,26424.2968102408
85258,15677.149348400731
12065,17343.69073622768
23045,19454.546932350637
38097,11154.186246845784
11107,7981.722201877816
65233,9566.645114267114
87435,43087.61523882934
14653,11338.42548834334
92062,29012.79217175511
73909,16847.94403791796
88603,14485.399948280503
74365,6181.24850890334
40080,7613.4390916185
36944,16441.39600827658
77910,8794.462228219623
59833,22113.14013728683
26129,9623.882703551371
62364,14137.201544239339
93609,12051.272039566731
44886,12010.020317547294
84605,10415.689888842695
70775,19295.241100542695
92807,19340.42869516477
57971,9960.902224981714
15428,11059.873742583397
36845,29862.33861021037
78172,18551.52574722418
88252,9156.215485323115
79160,7141.30817155228
42064,13815.516081495574
79828,11969.270526823972
93452,3483.40081703286
39170,57934.25195643189
60527,7161.23578021349
69417,9372.792442637696
53076,34841.993115501435
39676,18623.970180020195
47047,11865.045659839605
73417,17129.148886276245
56519,11489.873170450124
25386,11818.994120212534
92320,3611.7677971216453
49586,12111.396010037355
11697,9608.56680669999
92206,14900.736400491776
59629,30635.54235662756
30680,18055.145977690074
65356,36424.204855644806
16648,9988.645104028623
94712,10235.362177780262
94178,12303.918650148884
12211,11664.917892611396
54072,23798.564095532947
81285,10805.246756188368
91459,24660.40894428466
44107,17531.11696724813
66918,12042.404062596586
24835,46191.899653005836
93179,28259.573131627112
70167,16473.50511066963
20323,8134.3907860063155
18739,20138.27033612245
31708,13786.797228643425
31184,11108.17470953301
84404,14857.49598711012
43443,12712.889143328839
70134,17089.29643274393
43491,8581.268880772652
48228,7235.392503133407
93580,24418.47985283344
89727,13359.391024902861
72187,16664.1238371343
51227,7329.07736191997
72696,19135.935614088252
63418,6180.20118675386
49556,70245.92236743507
70592,235.2683211819858
92230,15108.271856595104
56605,9088.401340145603
26858,11129.789823936153
60018,18366.324368146303
53704,16995.21946648552
45906,7086.436594572615
64905,13535.774585576524
27592,12657.361248376794
96127,8994.714224708836
39475,10305.235512862699
83098,10066.79742245085
74709,10317.680940262446
17250,7071.845622825598
90614,10488.597742800672
18089,21204.042376244077
67726,9719.85399759384
22352,21306.37398750044
72133,7146.282313503943
81144,13579.22518711096
77229,8850.817116095752
92551,14159.877970237281
10398,19880.03077753917
83212,7382.715696957597
12435,9758.828249057733
14207,11928.540599255819
91427,15827.73093040959
89214,25294.428496277258
83331,7414.258720451946
54257,9040.259158720593
14801,11283.438923729958
48484,18200.274755818817
69214,25149.297411866348
48950,9765.979711328378
52716,29621.69150792575
65356,6674.087934538109
76488,7437.697083859683
45898,21827.321600778763
27138,33710.24816545435
78179,18770.254442485555
64528,7441.424885763901
58464,24516.7053169383
27348,15119.167317460338
30415,28181.282542768146
60728,9194.558664336242
50331,20181.03788062817
14631,11368.811471782257
40219,8661.438090318356
27380,19343.702185700215
56225,21907.300242794692
97839,11692.804639195887
71716,18881.694803191083
82371,21156.263850533258
23008,22877.372531592526
10193,11456.33223511791
70308,11374.22804789122
18330,11782.004921776392
95641,5971.360211643128
92278,8003.560368815459
46464,16800.42878260732
43758,19164.139930105684
36521,9015.820752854332
29775,11319.685154658353
36735,11668.149600167071
39642,16755.19206587091
35738,8742.903385682286
67374,12531.136810278069
25258,24469.03089550703
79063,11993.947196219931
95481,14210.44244422762
28132,10158.114499567098
92052,64281.150569603094
99694,8248.552572995002
10880,23300.414875666153
51001,24254.711637094995
79643,7475.010544232608
11317,33493.300205135994
22598,16865.84449383009
62674,16905.444084207607
46015,28328.25902191794
38417,19235.06241365114
22816,9527.427159567074
22452,12056.194247626465
97774,4546.85675136475
88377,17876.345366390975
57295,20972.557316155748
62607,18543.16538481792
57673,29357.776875168238
98641,19400.753290058943
83705,15385.375216478507
84973,16115.457281406729
78155,16849.519600956686
56651,47483.964684722334
84120,11618.635250201414
87619,20725.346052582394
50386,14836.309887943558
27994,54508.25747105648
60721,15134.476385445465
49037,10313.320342777177
91992,7363.655338881645
58609,10063.604523564834
63250,8441.885035057028
10140,20909.30782113004
43336,11400.872299182243
47635,12010.090569042113
49013,27215.177236506708
14311,9588.516541216766
75252,12672.717232202489
38614,10560.137033383216
68331,7638.025398310709
10965,24194.344346945734
35837,7080.2987675904515
30974,67180.17319230741
66706,19194.53050143298
74711,8150.649996360573
29574,29394.22526266594
38725,13302.48413736153
75438,22320.254756209128
91439,16486.720116157543
20392,14929.352726168068
44232,11797.314594160522
35507,21810.734100213172
99517,10438.701852733557
88874,7135.221251656209
56282,16560.726602541712
25938,24618.772303867634
71851,11558.858742092185
89218,20972.444244078724
67720,10455.971031301637
71755,65776.37596577071
64804,8817.319941224092
38170,13118.569241603194
39869,20678.613925813774
32098,22219.032142001965
93677,16964.037869705284
40610,18848.038559201934
56189,19294.660450069518
87791,8889.824783746295
91588,17797.427180758714
85798,23266.774917642128
91104,7533.853243215228
12455,17855.088544272727
92114,19847.87175952318
15172,10180.905305496275
97351,18596.72867954838
88962,25512.17153968707
16001,17810.120724991662
55360,2175.6650724143474
95266,18129.94330590882
19817,9936.768621233281
31660,18955.518626427598
46929,11859.328665988873
54455,18755.28452867596
38630,50784.867446016186
29249,44732.34891059682
40803,26135.191313135878
99264,10644.130706111573
81922,8493.003005103763
45643,10734.923857206806
17490,12972.946498723073
50427,12699.986175397935
87547,10986.959296770863
82863,15237.527519732397
33047,18827.705606597723
87778,26915.521931199248
20971,18150.801808020144
67036,11582.281953206671
11511,7673.30776681118
19892,8996.09691588159
81276,11177.275279409434
64791,18619.09614453822
37466,3401.0010447197037
39231,8124.026661440312
13668,59924.914018104704
45753,25620.68802515039
76290,19833.281638029304
82938,17064.787716113442
74509,19347.510606643533
48490,20840.71910332163
21590,21320.355660083427
50555,21977.303948907924
30872,16017.51595776916
88754,7258.823800848699
27302,11394.38988284755
31556,11266.427483830117
43201,10209.160707664421
77128,23439.529835994894
63878,12906.104747997255
58033,13230.488686640243
92448,128301.68559297085
76049,22501.882898567685
72255,26741.135689956078
21020,20255.86183073111
33162,18767.77890055065
45090,8286.672036211123
81479,11740.540765816633
28615,10631.327043897258
19616,5297.7431955539905
76207,23316.946961375976
30552,9327.942446601535
19546,26005.91603956296
25771,12834.826548165196
61401,7663.459519107246
39046,15472.545838015605
43057,22620.0379663573
52777,10293.79821469662
76099,33604.40428637687
18415,24016.199081152005
99271,27310.713408181473
47895,8934.588489632306
40330,6990.36842719004
10781,14166.05457358817
50750,21721.54676367013
37581,21743.475938122454
37167,11879.068292973732
93278,8815.530226844672
64287,14604.127949451677
18752,6965.808272576491
81057,8508.638181928469
29778,10042.323794366417
71914,8455.486587671785
13768,27466.274765923343
63725,17990.910769008296
33354,9560.819087316158
16705,11416.236058324306
46619,24074.327571290713
33526,15674.490529578328
27744,9333.326495654048
94688,9987.51678933531
41762,12782.515350505968
25856,5902.207353103611
14796,28270.047390310614
48769,19223.212763831685
91682,20370.225793318154
99233,6477.126246714075
78104,15445.547542425347
52751,16041.110494954475
85052,14372.251100109404
73000,9140.733073199543
24116,6817.258113720374
33948,6846.555742884642
96807,24838.102072493813
88375,31131.040419474208
31526,8824.315837943133
66850,32736.938650371823
64815,17610.439815237085
45954,9165.79261062936
48321,10757.699416864285
13384,8980.140285275076
92610,9547.578657823626
67427,26500.40184417674
61875,27771.9546605048
24593,21855.10898374377
19680,9015.080843977517
62701,17077.26606875525
91437,664.9631034154609
78300,26913.91553050335
21449,25218.038174661713
88492,20800.941646662697
61344,20051.130737496867
69217,11797.314594160522
57887,8858.662301841054
42680,15410.639913044412
95537,8849.216583602902
36069,19545.416064742793
72421,9230.481105075927
92916,10505.264179190359
67220,12137.929841220179
29033,11100.36228448018
15709,47123.71930075418
16622,14613.574380854505
23615,33018.1217770605
61425,13619.929961382511
92960,19077.57208496223
28919,20507.64209378653
79469,18637.43298817178
88830,6394.068625800912
68334,17745.684730140765
30003,30612.906943041027
88758,13638.273365996269
38974,22857.130510079638
49743,25034.910138504278
99588,15895.67911886107
61258,16007.167996634966
46092,11097.798409600015
57400,10605.990216148166
92783,16798.962375135583
17365,19031.411647613186
65234,8926.49523472472
86077,13422.426470959392
32594,11367.682222334912
92603,15462.443229503919
20180,19985.82435129601
66214,18480.652818681407
85800,15689.013052497532
16753,9550.978854651592
52340,27973.89094628547
19060,24181.678277800478
23455,15689.284787736586
99556,9961.955739262787
55848,17457.508283950552
46337,4126.633331706247
49044,8241.72038079244
52224,10642.45673879149
52333,13330.731980581317
53231,6264.686734973924
94289,8171.619709991821
79181,16837.675962714253
85008,10487.343126301232
79128,30480.671930797696
62792,8208.028456017402
50534,21631.024957176825
82867,27771.61497345037
68039,26103.259209288914
64474,39296.193001075044
16043,8225.189561116002
20058,6741.130307037154
23015,11625.871100321847
77430,21637.70288891649
70897,10868.11272676988
72445,27437.18581664659
17160,10369.939492548874
62501,14388.72216953331
61896,19037.445643551102
69264,12529.954694436037
44532,11455.348537890604
73805,7872.268846682729
62049,7518.777507955185
63254,8522.642528562654
97660,14735.539430904024
52887,11190.937355596736
71768,10834.373630412736
10001,17638.56767818798
62623,13393.56760893698
41695,7337.8489560826965
82794,19815.96226614802
25071,13959.832225331113
71146,15551.288514768636
28444,9042.272991795
97163,25046.60059647465
48098,15009.397355404626
54756,39515.181841992555
39911,12633.629248766
90954,7400.314401784186
87380,7263.442353351264
32166,12695.405914237706
21596,24619.22844344318
19913,6807.444131623306
24285,9901.305895791982
23668,38196.35151751384
45590,19474.904006189332
97992,16410.964388289965
45876,11737.805922433872
40589,42035.17044607393
16116,13436.35663067833
84871,20241.98212057965
26175,7813.889674247099
49381,13819.882017261853
13759,7355.678995342812
80312,7808.895887710396
11524,14026.638392006098
63395,17100.78834535234
71334,8468.680205002716
13506,17158.02002110496
37383,7611.384205312419
98416,9963.531229198848
46730,23214.74285820648
85054,23606.03944578719
57186,11604.709578336786
82329,9186.191591977517
31688,7983.7849578712885
31031,13257.183614948259
99814,24801.616540500465
40509,10047.396240332324
47546,30039.542451399226
69333,21703.32157416335
97523,8359.359246011196
54296,6495.042809338678
73696,15405.849549789351
47698,28552.764653043705
70268,31113.19238657068
82282,8394.608051146399
27296,22681.58562167302
33116,11663.274370816172
50838,30759.909861972636
86065,11131.039523014433
60928,11986.806315298976
22525,30784.887241402834
95313,15159.968731790865
98587,9627.935371230858
66402,10503.933396185008
97627,7595.696979025133
93332,16351.387057718186
50803,6761.012313692912
58983,19338.500276926734
17582,11864.009597683073
36970,8428.682121403739
67229,23956.19174830131
37348,18619.48401423011
41935,24163.719186562226
82245,23761.926283296227
27125,14298.047502227637
19495,19470.290442996306
13328,8630.909127983658
57073,8283.336538213682
63496,9391.63729334847
59951,17173.03632749714
46492,11932.378420702611
19944,17085.353878788632
36406,18185.330552558815
48750,13454.886231200453
96921,20121.811489856158
31167,24697.900866951913
44644,20843.42017881549
53734,29904.94000837671
79217,12861.141504988884
80526,9728.229259534688
79112,19475.412951308193
33494,15124.885798392901
67890,6402.066737914471
81489,8143.173735524622
56271,13388.91543073402
53846,21054.299279980612
52002,11434.639911484188
45044,12531.47931017186
98373,20159.044008795267
28076,13634.894290573948
31526,12873.69153904795
98118,9744.40453865
53306,11690.683198305924
36437,19937.907654681603
82836,6414.656595830471
97428,18305.19033681094
19585,7296.18003660823
75055,31205.63616642511
42035,26826.382308157987
25284,9575.346559069985
85969,28345.789584694547
77457,10707.506368519968
22155,3728.994373579466
15839,10550.739407249283
11663,15026.158181267341
30098,16298.316745198488
93480,5853.609463469
46752,49562.68765623527
72455,19719.727304940927
93839,7842.455302631612
60635,36975.11635264137
69179,26477.196586421174
33289,15744.803574904203
90578,9402.111037372688
15744,5410.040374939024
73511,14308.310652472452
95536,14309.343187503115
16336,27561.749435742142
23489,19954.893173430544
83255,13849.876999930824
20130,28347.616320671255
58200,2933.563216642153
41751,14347.343885508068
90876,15985.85884728453
73993,15335.167533767053
54229,23624.434749999185
36002,14535.33188277674
77577,9112.609102829834
47683,26868.547396467853
92344,15239.518592456538
47785,17391.936036904564
22504,30534.902165006497
94896,29573.991234518522
93864,16837.153918779753
45055,9305.548319288782
20535,23899.555085344913
81815,14225.353747260124
94903,27515.63104762158
43561,6415.071132824209
25941,8935.158750287796
42321,25897.21552050181
94170,23255.794797194547
77564,17256.07720043409
87776,14236.674779976187
67974,18217.21027159573
82657,12126.202975931883
23079,35127.541919200354
95577,52048.57306812251
26436,8003.907634859646
21087,26407.1837966553
37466,28768.09241325651
90948,7144.298222493855
78315,6812.322434553496
65922,18108.858783503074
29470,11799.35135625576
68077,6545.54371549508
59967,15208.038208863238
42747,43155.92960853435
25402,15418.056135474828
80803,46525.08909289648
11698,28920.968015312887
10564,9227.67159759598
78707,24957.569413408884
14511,29176.267378378918
84359,7363.655338881645
71873,9911.575490607032
95960,15723.820582393633
21581,18633.96621717435
13740,33873.98083877396
40234,9551.94583672798
25001,32612.704368623425
17247,17575.911469979845
15780,12635.266130969858
72761,9634.346761851397
16105,8920.986142525466
33927,21155.57779779954
37170,31169.769538547014
75087,8391.712199484333
67548,10445.683526157309
13225,16609.786336029796
11033,12091.027055556584
47134,16983.77486334917
27228,8234.880545908218
93613,8492.843097926658
45166,11479.883966161342
64925,20559.632084654422
76410,22511.89668992979
27446,20600.33023777776
25418,34156.26725420232
52761,15422.785064896108
62054,11201.21622519115
24518,11031.23034326094
15921,21340.76611971479
61017,7735.03808079961
59626,9760.683286625692
43229,5295.335412135089
26878,13118.685744377355
41107,15893.259300036605
45266,6460.734946040124
90785,27018.934996358286
36401,11246.148019672579
81300,33893.23803172108
80083,12715.244547934053
45384,10203.318096688257
46312,33725.769525730255
70363,16031.938598435929
90103,11533.532375576087
18883,24062.728341229737
29609,5281.843132983524
69563,7096.064312244478
44099,6832.999311970747
67956,6505.031432301361
80887,9638.494128136954
32780,11999.671977458445
22450,14936.29092063057
11668,10895.012398620247
24654,12283.448428275971
34738,4835.819319804325
35668,12364.178455174067
18735,28115.682607689632
90686,16708.255498544888
33507,15919.532095074619
42353,10303.999232077938
51926,9386.750571869012
90356,14413.97711215395
58084,25351.84904703369
91377,61900.53636692375
97832,9748.394570572967
26415,7528.476200249423
88318,12453.498383954877
82719,10490.620078642114
76816,8451.493563485548
39655,26534.815947965188
94569,23669.994756673434
96123,21247.215914423254
88912,22670.589035830737
79092,10467.688529502173
56310,22133.90464304229
19523,35455.91709182777
36876,12819.945544480366
58682,6559.955573953637
34320,15652.914594912289
93972,9940.278260833351
80006,24402.257282705647
75036,7928.635347614892
98988,30528.604652412636
23613,13616.918682551372
26510,17149.973905927163
18562,9483.349086504037
47307,10656.022351310356
92257,9833.774981009934
49027,56492.51577306739
43298,11749.425407424651
87811,12066.638696968454
20541,10717.856010070453
81045,12484.07526992049
39639,14000.810963703352
96205,15723.96843388194
82019,13164.674965710967
37551,18112.614669263487
84821,8625.184969296191
47334,8660.667487353225
88609,5666.209182069637
35784,12459.452703644896
97798,21758.671821251864
44159,20990.67040235527
51506,11256.84282760882
63396,15075.328448561537
91213,5663.296188070362
30362,11389.959654210725
53575,20774.734216526722
80600,11219.101338758133
32721,17761.199286142444
80637,17946.83336155859
65314,25399.573499305057
98891,7611.170503486503
39265,34567.34021306393
15145,24857.20096769013
14103,8021.98337893948
93907,8042.190005673687
55215,9936.440866699842
79254,21563.997580043688
10480,13202.498002563312
14954,23651.83747567793
47110,19115.028566412304
63921,28134.803565897062
41799,28085.533579159208
29497,7741.1341894465695
25418,11759.982942332708
16972,12893.19825651237
80182,9169.856380751651
19147,12822.266402015022
17377,19849.11517101482
75330,23720.412758695642
15116,25862.398792712855
26347,20375.63536781122
10210,22805.193073200426
85578,21017.784156452442
17153,11812.423575018645
19963,16710.553445362817
21170,11490.640890558177
85338,10909.308522237228
64188,22461.673637942375
76360,11834.256216241898
39805,11056.591540303565
16202,13184.78501019697
59063,10356.876588646417
73136,6886.600512551118
13117,6171.888939721579
26013,13782.709094756356
60789,26399.2280085147
40515,14069.267900555133
61791,20836.91659856191
66628,18942.641189711612
87355,10257.203647069273
59234,6467.041309515556
92234,16159.330894962479
78795,8711.48376074484
54509,12331.104798297478
54493,33673.81195509006
58161,29019.639564810506
19607,12275.109110861085
41406,12148.233807760813
27472,21669.232765965004
80496,10898.457284516573
33498,21574.061364221598
49844,12376.000052088722
79629,10060.80813319975
96175,4767.829268574662
69352,10235.251325652367
69481,5044.530579210599
97341,25452.184168130356
64994,30113.847095136778
48551,27773.86447079565
82541,19697.097298054126
32082,10717.023208439228
49071,10422.055140848197
22582,16169.395216883682
64168,28303.769316823473
57719,10058.476170252547
18233,6327.169123245516
33915,9261.854767114708
57681,11255.333746876551
25529,24177.17548947848
97108,3527.715635587385
77915,13654.053822209868
87358,11241.784971776244
13980,7249.139684664669
14354,14152.163484973618
82296,16800.693639280937
11803,14867.631512730508
89348,8815.067049753687
62119,15561.47186730949
88627,8262.612868938126
20979,5808.268825681091
16578,11077.183106366112
52980,9637.908717475002
35994,24978.75515179106
53180,12111.650394614928
39925,16925.031056061132
26719,24801.74287037618
12060,20581.053723385874
59663,16711.676197034158
35084,12275.453707791241
37312,17819.65276198119
80390,20037.644236673066
27127,7647.16492751148
27419,8496.371234251239
75130,13728.534561557388
34788,5555.178279494885
42175,13488.714640298625
15090,15881.795859932357
75702,20833.205738781653
27331,7722.399658194154
69606,15929.088379899373
87932,33362.98092090103
14398,10464.327669115719
74587,46066.503550570385
51736,5857.7321745536265
30291,13564.939721384024
86814,27984.186429168167
87522,21530.73588354422
11308,25489.880025937804
81959,10315.409467551226
32669,9859.584835957192
84508,15779.687821364156
42661,23427.28452388246
92195,16500.581606815864
88888,13659.923863727252
15387,29198.97842860034
57172,10095.820100898336
68150,10819.314571060986
59364,11873.332912711476
67497,25404.966928387
20530,17067.34016960663
76051,9069.63179140212
56700,20105.79797631699
50813,26946.84415015024
56577,16585.10944616348
95408,27312.58590344728
68081,6596.069687708679
69116,22790.499602573203
14606,26291.88506755437
16945,14569.348166152136
61987,9987.670717243589
64979,21228.791965165212
60480,16042.834278484015
22675,9673.628571336205
35301,10926.166089406146
79847,8800.496523277012
28183,9967.491439292211
74193,8353.358066475424
69943,7337.214308358976
55675,9494.248317497702
92986,15322.796024833091
94103,7443.00917888129
45558,21642.558481115455
24598,7482.7226016033255
96688,16600.504879316006
18363,22957.27382166272
89371,12895.692619974428
83815,15987.381410097822
46555,8147.483480175377
55954,13878.61208058499
15747,4824.729475346905
82689,3535.778788711832
65870,9942.233390949648
23684,8490.338962134269
81715,26135.21134511098
17836,12728.822427336358
24534,18497.683350366722
71605,31802.167549832222
24786,10472.0076436989
16018,29029.54787030272
87051,8626.726449166095
47299,10278.138910621881
32044,9943.167457964377
68699,11925.546754325871
88605,15809.196971268157
29665,14268.509306855765
94455,8908.455855910965
66736,14570.396674645963
57757,18932.59901176459
41186,12779.284443963212
87772,13723.239093571505
69191,24049.69883862323
74154,10462.192128878549
54952,34572.03762455581
33028,13322.670288134921
92094,17092.6772832135
51436,32147.791491126023
41012,30881.126140559718
89586,13292.4889663476
56769,13685.125256204912
64969,11480.883034203442
41076,20753.553741945474
23315,14089.722381088866
40558,14234.99925611512
33582,10793.407937461816
41987,17772.9117988103
16004,11890.650636201985
29709,40047.41624642776
27872,11648.807142646609
31513,24072.401776262614
71877,5368.540964332156
87877,21075.878883998063
19575,23791.140180428876
79862,9391.65209867807
18432,4953.733389160892
14878,8446.960302576226
97707,17725.988581620306
48367,14647.214840335953
66184,7876.707490111743
75713,6986.8272712981125
97696,18239.636339969606
77710,64253.20759689238
95446,16720.681109051395
72832,10766.478951756073
17644,9165.125076191769
92024,44028.086830440516
99674,29988.37048019677
80386,11812.554177422235
18833,18779.910343075007
33332,14969.633553083197
46025,10922.380712970811
64714,21437.832715984063
17555,16135.361378230602
68470,22290.20522157089
42746,15860.023231497822
52937,18804.63302043248
27730,17890.662321017368
10721,6950.178945049935
72080,15154.46768761398
50979,22031.202234198907
24048,10669.01037077758
40596,12518.58293911206
93099,11812.376770751918
36093,6744.540924783627
29009,33388.68736799195
49493,14121.208449115822
32427,17578.54077064685
65626,20465.56627717524
70305,10669.853473347885
17876,8606.25277752115
15013,34011.48167572847
76662,21530.213163379427
97258,28355.22725692529
87922,34297.87148509935
27706,19222.458981250144
70745,7269.31901714259
39281,26161.048927552794
36232,14913.292554789754
14965,20900.153175687785
94999,14308.346271847186
43676,39321.72468842007
33320,11284.074271099678
63082,11627.150109113694
58417,27981.031690420365
63458,19549.50855451805
11311,31065.041079410163
45843,14273.589505562833
68716,15812.980392624182
52298,8282.639046821225
45498,16664.1238371343
26999,11299.083211755831
78568,18532.510102117172
17631,7108.1035559304255
93489,13257.656746540702
73435,10498.484405229432
22011,6333.246952804222
67389,10065.340134543243
48125,18015.50433589734
63350,22124.054831331112
98919,13201.066652893738
87998,8395.176155497484
67192,11653.433660967476
68433,11900.992001509378
17437,13736.770154746016
83270,22616.45702085258
98736,28097.68307582757
29241,27513.449859096738
15852,15709.876744509234
73981,48917.1081017168
20074,16850.650245008605
14891,17471.48649471159
89235,9876.558915567719
52911,11541.955071235921
89532,8186.8806307668365
57292,25170.238396742825
48841,19256.952828414025
31659,6926.955255454412
43037,13979.314683302622
17447,19174.364548339934
98115,3364.514596043924
26989,18141.41716440765
73187,10901.524359376923
36867,18225.45502558021
26703,14401.977858606224
88270,6393.841611648035
37694,4724.368464969733
34487,14334.020227363326
29253,20988.874966049367
11753,16353.287762801046
51761,10599.377519519448
67247,12093.994460737023
72291,16944.42249444054
39210,18290.057869140892
63008,11156.96192979595
51985,10175.215002242701
53844,9318.900113108768
88552,9701.153656816052
84604,9702.521089800497
23786,14089.278504683474
67660,7159.931991241179
57101,14245.255104936185
27706,20967.50919638363
21364,20749.151419700884
61607,19875.030738202786
12354,10769.631539157828
46662,7359.941098673502
59619,11119.937390005878
31074,20927.382390232826
86955,43906.92158732987
41911,25239.44530222103
86450,10536.064495160534
27533,7842.375576447108
37079,6461.62611759494
89129,11395.26670803349
19819,14234.219502290382
19904,10462.464049101876
93590,18585.260127758014
98321,11777.521163166388
44956,25912.756749927707
92232,14803.58216311655
43740,16766.337121083394
46454,25077.481674857674
28905,13051.56883150281
29015,27285.913749385654
42816,30395.28032721897
85203,11973.835544527368
18629,10139.930448544063
15242,18676.133819711205
14287,10799.426714826124
57271,14831.142572830551
38391,8273.237437459902
82240,22709.584743456744
47730,22788.61631990285
82062,26059.158926394546
10161,7662.358043358579
42328,4678.883074601001
54715,663.4951047217473
44441,15255.543841143524
51316,18144.33863769668
95101,11569.397994996762
29346,24130.656874880297
95458,43030.080380578365
33938,13281.60164271163
62804,13265.70972892417
87167,14952.009268363434
27787,11773.350922193134
47078,20937.744833345212
22020,3440.1745555277794
36514,5490.4989356819315
20395,12129.800661707777
41264,12266.6461997211
44429,15602.887804662261
65176,7107.32129185377
63481,11972.903779186887
33770,19936.83609890091
15421,21970.326534523057
69032,23565.328623133883
12552,10681.188635312621
77512,9823.81932577254
76838,20001.01877507958
79732,12485.959688429943
61248,20726.726655858893
18776,13456.784121820696
87798,11161.336621085346
69880,7754.251129036005
57896,3465.9749053915784
87461,19843.146909802424
24959,21350.257582054393
63114,16771.951394182794
77774,34044.88646603357
26092,10090.784349904494
43425,19767.600727982805
55411,12899.148806926612
88888,12837.772677704204
62593,11349.441992963568
65914,10263.737995744852
47884,10188.412481612479
97811,17255.833604066553
64004,13855.137304991074
68879,22575.735524153704
69676,7229.491537485439
37317,18665.5185973918
48247,13948.674246801296
19856,10771.29284232421
67928,9333.326495654048
69919,2507.505782708351
39673,10606.802745668203
42501,9754.564443518822
30132,20982.624683142465
65293,9912.769481632298
71209,6814.738351071335
85157,13476.452967655416
78760,14599.46887733888
53838,15997.849618692737
21206,9385.386084051868
68261,17958.757563459927
18897,37383.312937328825
68616,6166.52172382173
54015,15000.119975438243
81390,9092.034359028847
15480,15876.395306019811
61436,12161.800664454804
24844,5149.678178159655
33750,12069.130700895728
81537,9275.504784536508
18386,24483.80720403381
73952,15338.090464377034
17829,26606.692097914347
21287,22781.4797716481
89536,19901.732514318435
67885,6958.165932612939
88702,25839.250604472756
27228,12954.937458413693
12549,9031.275410409457
32410,28117.81915891126
50753,13801.939183306375
93920,8129.708685378269
80252,11675.871426240978
61942,15375.746609114398
12167,27387.37963242586
88865,9188.563716996496
33777,14951.307229145405
61368,12262.180091561244
36201,13513.011663877409
96555,19404.490275142463
34535,7411.7693394741145
26311,16962.160900623767
90582,7277.824005582133
75175,12714.086114718435
32649,21452.3069523082
34634,8010.368989223287
72651,15395.588619120266
95664,22010.808402045775
77760,17768.803760989886
81191,9859.860779675562
20229,9625.840628479047
10611,14473.371792275362
33215,13044.17445359095
53260,27651.927174684803
77788,45306.511383032775
79293,9464.709753487514
53843,6601.407480695865
61168,3231.474738275032
66415,15153.150154541232
54692,14378.121466629513
25309,5263.369797786721
90782,13462.993951265273
80730,11950.379871330111
46525,8307.810232094324
44124,16651.227328346395
36039,11108.98812583004
57137,16525.823020924032
58211,10094.123316154168
76290,31732.584005651566
61123,12902.139858083257
91378,16884.629649934897
38602,15052.917917078616
47144,8698.01835426526
69099,19114.174966290982
27321,22493.06153869359
80315,20059.52045781846
73067,15182.383126150577
60489,12828.110720428193
31868,14806.344409327672
50459,9478.356227000237
68640,10648.99711067865
15532,12113.368196702906
25955,15842.143819649122
89944,7492.108404142025
18688,19961.05943726981
29888,15863.145358085114
79827,19453.384591864502
62764,10238.770840531208
28456,11492.335533499026
36272,33281.13189607925
25868,26438.344720072066
96973,8080.132983807469
57479,11712.89180282528
15912,6654.8064310966965
99606,13137.051594354154
54972,15059.379824601856
68866,11997.040074832275
47183,20525.78386829433
11750,16567.62660350386
94785,13451.116964644385
42391,10855.72402442797
69629,23553.8026390783
67961,10091.836822033176
69029,6950.485772635366
64719,21811.029615100415
50033,9902.611727583255
87477,32568.555752144064
94681,18388.797195334864
83280,16203.590951654909
42352,13393.678269103508
86960,10159.681950652948
62388,6925.171093764249
45757,12743.777605750667
26866,11756.51779127865
12003,11697.39436082014
65456,4759.93620850904
92833,45703.803505875185
90466,14697.996081927191
42138,35969.76711547409
69347,30081.146789978084
30075,8323.380147249967
39125,15429.053112448337
68296,19213.455116485493
84277,6750.3139040013975
71981,21263.308275964573
63738,12998.402196210307
71916,13537.966149662096
63464,8810.338679775361
18273,9621.862171752298
10744,7741.326373449268
31901,38704.161475292785
83188,18096.186630659584
59490,2014.5525228997776
79538,11179.921544660327
97897,42596.77690557022
66293,17144.638521055014
17992,12468.006932140604
42313,20411.07433415852
16562,11371.144523315936
24373,11632.138507843914
46197,12019.870070182578
38244,18354.026820285082
52653,15946.668919352576
45132,12836.64658760862
71929,10330.626764441578
68845,12250.71698022641
90510,9923.972964617704
56481,11988.5814068435
91571,7015.33344151199
15766,10775.191846304046
57419,19313.153964766654
85868,6518.889743849664
94629,6266.734897365539
56741,6590.845622960527
87241,11405.277859999333
85155,21976.15394460247
22149,15226.547621916518
52633,12874.085582082815
22656,22594.640879602495
59988,24729.799108008625
59757,17367.68560610804
70625,7655.9972351511315
90609,30595.675604214794
34287,21282.86453711674
69838,13697.605194098021
76736,35249.55041424106
33123,19954.483900460124
43401,22487.069392428046
92748,12693.151935161517
73253,18940.386266412912
76521,15602.765824088765
10113,12247.244402518269
60238,9528.64057984119
85964,14173.11312596962
86918,12723.452767825263
60535,23103.31501146254
75649,23253.593228354246
63770,22071.751864901067
43048,12923.597773888887
69539,17077.90182689629
98049,13331.291690537584
63328,16424.30418023443
36671,12735.42359795485
42502,10944.618303344956
42212,12357.965282271474
22215,15691.764255040376
25882,16210.463795584117
53367,16574.458512167777
42389,11890.650636201985
55915,21047.44176928351
68495,11044.83717665176
29845,21651.992633567595
88720,9365.3223085549
86857,11629.131739878041
82744,13863.777991545569
44961,10568.67617048012
39293,15611.953821389987
71793,9429.999877794056
54128,13861.119616275624
65844,24413.783656381307
82194,17842.00860367627
11650,10749.15578581586
66698,8253.727125269172
79288,15137.52540511137
85057,21364.706879105783
41434,17680.515844014084
45331,39132.323325583275
44860,8528.121284537143
83248,17932.99273885495
27170,19691.962627792695
77020,7379.975188759376
90917,13357.609557454467
96487,23202.27481041265
67362,10811.08363695171
13939,15842.515474177551
53819,8999.055314974476
48058,5488.869617063343
77309,19425.664641449453
69028,41194.84897336706
96214,9950.501499659966
52088,27749.381790303192
57089,30426.234669181336
46934,12007.349406151763
38199,23235.889067626664
52725,22279.463945882602
32381,8072.861652634712
98454,17479.20831608808
12725,10182.451215498484
37680,12722.428941479462
72980,33721.7194806431
58979,24754.57692581001
64889,31783.886897827546
49373,23212.062595806667
10883,2757.692589077693
93647,27696.900799548443
53651,10180.905305496275
11322,24938.965392315782
30422,20457.007020577872
88658,5692.670107794425
94023,24698.43994745768
18558,8302.224877630431
69677,13257.919692670892
93217,16319.738204975978
42318,23658.38333145238
91125,17854.526395629407
40340,8216.201441230169
50086,14333.44913239024
76902,27604.95681299546
80902,11535.399558774394
92162,16863.33233955502
84498,20539.49090463369
55695,16998.584314237352
93390,49141.15777015822
97403,15095.512046329066
45565,9542.320741885127
59267,10295.815356661176
91765,21917.204657061746
58666,12105.392074084772
94964,6273.470129945783
60333,10242.244585732093
82829,12436.554219756457
27248,27694.701869138327
73151,17573.513402618857
36447,19182.84822702555
20750,21333.382887431628
66090,17614.120782136662
19797,3343.8425068557717
28396,12790.991940604028
15824,18261.514596213587
31152,10899.16968460902
73805,12123.868247687857
47466,13912.654581588446
83396,23104.625273183825
63829,14823.51250633975
10079,2592.840468533941
82194,10613.224094019632
17299,7014.423391932942
82889,7751.978161897076
91329,8859.87896116158
34341,7156.909643388495
99816,6453.938906090685
17266,9950.404828982893
80769,13683.169837604002
79930,25769.15587885471
22081,20293.354631006398
99269,38171.507562362975
71503,20548.309426253334
97453,5920.387981161512
20530,7432.746662712107
55403,22642.04381518332
94501,8754.5419754995
93185,11677.122576759475
29877,25724.583293213513
13373,10129.978113762225
87827,12541.883801453343
94156,17647.877763021126
10624,13370.912052935577
19527,11659.105622974734
98142,7868.377827871755
62215,28025.961427447193
10805,21348.413805346863
54776,35840.72964640903
77347,11327.128903997145
62871,19348.912447325412
45379,18574.448520213053
68916,11412.907653532271
18958,20614.26058868879
44458,27213.341009622978
82339,17649.657522195896
24128,7789.5115188541695
10753,26370.01679666476
76264,20855.5726907008
79287,17278.780369551037
16733,22823.614854843792
78719,12753.470158595424
11066,6511.480026036617
20101,11444.012623035165
80884,9838.403372760811
55078,17670.57702156566
51494,26516.405457661414
52320,6395.776690877608
81260,17981.596311694877
70645,8197.636933421178
36253,13860.688881888957
83280,20254.05918923895
73210,9705.830339262304
22835,13390.51938055415
23553,27263.387401257918
35243,35569.04759208212
85960,12422.392413655758
98417,9833.40457056456
83347,26715.57923432922
24421,19681.420764797982
19626,17733.647299439763
11428,7770.032327751855
60478,35325.64702915665
62721,6395.995408534674
14016,10087.76083002816
81621,8701.927753660402
59017,23263.46696423529
93784,10444.100896779288
41154,1914.9342303136054
55124,10880.73499629166
87502,8006.819286352511
75805,20090.511297298613
23005,18371.488657742306
15668,7247.062592943577
32037,30308.30149624208
72662,26718.216383774874
42684,50123.0235086922
82535,13536.54249365514
87186,12073.168010293968
10273,21297.76462225508
64197,12913.058519667087
32967,13404.977170418999
33801,27399.1965359595
21476,20702.88034438541
46178,12901.243572486675
37032,8631.298532218747
83632,10919.012681027514
76858,16127.878379755115
47337,8530.216100827593
67335,30657.019044340697
91020,27288.55438026735
38593,11913.256101155497
13839,14821.514059852863
88194,16582.99077630505
10125,20869.823840017903
26078,33304.70798452414
17135,18970.139122298668
46193,34367.76489137709
36608,26339.2454120055
50373,17641.05283917777
40609,24187.934272406626
95165,10778.819202375955
43466,21734.694686091058
15377,9064.323221365154
80544,10112.100962370925
33767,14803.652042829945
51823,24911.570427232306
15223,8816.531327309029
84838,19444.672914182454
44524,11811.270022070748
75270,29188.909529648667
93959,6874.680388014873
90864,10081.6888735872
45807,18277.657491409183
12527,8339.6641144291
87044,17991.39889406578
96212,8306.464828602819
66906,13506.472047931207
88705,8541.661944659756
21741,8248.24998737247
25724,14269.056921993528
58012,20319.448469588337
19437,9538.818630897073
68158,18165.88080265899
51191,6434.276470150209
32981,10712.553848783198
10257,12152.021533187828
82656,15108.008489170943
21930,9365.883006954773
84538,7974.453766709716
98050,23482.41891944158
39126,14989.497476824665
78652,14081.081489244929
46819,11264.858949593105
14004,20076.848453471634
45767,16735.383275664102
32681,15042.002596391396
53706,12848.798245491347
43441,20967.960279864026
54909,5061.375640825336
68865,11959.52738773376
94606,10589.448061176252
19549,24706.33449870858
61709,7337.8395170256645
57147,28417.61100491377
30608,24961.576821200615
95334,9470.83921293759
14826,16034.721162782515
19796,15744.911175936917
95331,5527.554620814351
14476,13238.83548614949
47176,6499.650059270729
33568,24044.334100503103
91604,12206.30812929761
49262,9939.706185464453
45064,10409.026225822305
74500,17136.464490013102
19180,11976.622526639236
69769,16479.95400444326
54590,19829.06541296472
98378,10620.342658323378
17089,10838.762201847083
70026,26797.907979887732
17087,8932.781158310961
53463,14577.52849708369
46100,11141.864999380916
91978,14986.789186905535
89677,19500.399923934983
84393,34281.22708763409
91061,4348.8485722142195
66585,9767.014268839357
62819,16637.579947954982
18976,14979.030093700956
38154,9432.145134394435
66007,7937.326282987053
66769,8849.216583602902
52219,11333.847720159634
90706,11078.232980689218
68627,30227.995095902705
21017,29693.10583330463
45396,24246.872583883534
89349,7953.468840389225
59845,24094.22195280713
98084,8661.321688501323
33911,25845.958849745348
30855,14210.566333939212
97549,17407.189922508263
29079,6813.829265619097
66835,10572.929214084721
24524,20937.14792168
55295,21629.849145967673
13094,44780.575366982215
95995,14699.396243100407
62995,17896.218091895764
42347,9200.87686987454
98829,23560.717557095617
45306,9828.136176965349
76797,20830.41170847166
58733,14046.098379329953
63988,14361.253351525642
84673,12054.650332046924
75223,8527.395546471223
25419,6097.805337248783
37267,12227.703596831521
32463,20846.302688819764
94755,19951.981713674013
10114,13350.071966976511
52737,10597.41962346926
43203,10190.607348408488
92743,10582.177465215655
89942,12559.805229370686
69171,11486.089427432722
30920,9787.81427122264
23695,12739.994705483448
23250,9274.996856076667
12516,14746.779613779512
61279,20633.63323009537
99828,23320.520645373683
61838,17496.448541891736
34452,9521.352989468494
64519,28564.321215810924
87572,17355.12254570932
61847,13055.264853485118
74886,4527.834429504555
81412,11815.321899423929
39023,16010.28999558547
55890,10579.784976491079
38954,16956.51405620046
49535,36029.13080806853
41434,18369.025276501598
52715,17826.22928956212
77274,28283.50770059201
97465,13510.665178649308
66657,20076.8932618333
94476,16257.888293069158
87338,54967.794857415895
46373,14833.776953357858
69293,10899.049154218905
21081,10562.597737008562
48603,7707.860167441811
29442,22111.848398538183
51984,7445.0502443082205
72572,10976.92842524487
22136,23333.223966850346
60739,55599.41242707848
43900,8567.546443941454
37191,11213.42532615047
41478,10418.870911301492
57153,19025.627945346965
54412,12874.995641754162
33331,36203.22568189863
57151,20465.53060604789
27954,13111.346230873434
84602,54712.1077040105
61517,28817.41814571659
81256,30786.234564323015
41951,7410.938097514447
44458,14977.148955090348
82589,11354.968985734282
85337,7547.797838908631
46953,3248.5194707980663
82922,15383.875384566454
89086,26379.514196163735
24281,19291.501645705066
30461,16347.00819178301
42089,8257.336748506896
41012,6281.713614934779
93937,16863.753600526583
86624,9173.780713738153
44879,13398.585920032701
71462,11844.925135610354
94208,16632.476348591692
87593,27024.752986665124
39136,8062.784665682968
90246,13231.06207175989
37898,21272.323346209017
63359,36854.877860511304
74237,13719.418414866575
22506,2781.385458423052
46176,14091.946192498624
19334,4584.088595274328
71125,22353.283072250902
70983,9412.725841347154
80580,21482.38001473668
42978,7479.555473623905
70251,11465.817429828
16005,15847.684375945302
15518,7745.40016764814
87111,11526.168363019557
20081,28320.954213427736
81953,20095.164666248922
63450,14100.204823762087
43751,17830.246175112195
62557,16386.75031598609
26854,15322.401356183225
76467,7148.123690083219
78536,9909.056112705126
54214,22651.30038828354
87299,52663.72929243912
50780,20210.908556219372
32404,30759.28396203443
79780,36746.35567496739
40772,20042.693012989745
13667,17182.27909003397
46222,11904.63072527232
13763,17242.914087059213
89634,17327.07014086229
30889,12832.585138261047
35805,11462.85325866106
46249,26978.631413373252
11619,18916.376077125155
94126,21716.78514482231
10641,9050.389610006147
30512,17681.104377927168
81414,21941.841796706376
54791,10591.4223219326
56381,18918.347254379893
34800,10873.544068456264
98794,10561.30866777567
23314,8561.107816263677
97124,18262.265896698027
72561,30133.74752901457
68418,3674.7428638217298
44246,15573.272480034448
67471,10490.71161264597
88628,11547.708008352933
42345,20887.837678910502
15925,6882.731124861355
42844,16946.868490460336
25577,8214.435168353652
76185,38693.75483152624
37174,16035.971362537823
41587,2706.398317179457
54495,12642.880145306523
32858,31981.19271767604
35154,27949.71310893191
38845,10696.130222601492
99646,9870.021704809631
51950,26779.567941664187
25201,15338.090464377034
11256,27894.661242072816
56518,12475.51571631967
97103,10172.445996270071
62813,7413.256680495051
91249,31610.009376458453
12889,14874.176898258555
77417,23508.44620098412
15941,11536.79201587949
42386,16692.96552024333
15632,8821.620557443275
46833,18045.212635677286
75319,9230.717713534852
69288,15446.375848137899
94665,19211.416784224475
46155,21987.889686600465
15743,18992.896785208744
35053,8827.240362234717
47362,16337.504933869413
21760,27309.87271288331
43801,7097.597034329538
31246,16195.680320504547
27975,11179.509336295083
66536,21610.052532375717
85206,5091.345032968673
16384,10526.443647761076
93073,7144.202903592084
94266,16667.743961507014
48307,24858.53739907779
15861,7226.303901755498
67507,11618.794182453174
16374,26916.262310175305
40861,27549.59967817233
91108,14839.383180339526
86096,11943.356575564416
96823,28689.70663047063
56116,21923.426293736164
85838,20143.16204939616
98129,13269.23082105335
43494,14594.15023659043
59935,31711.715846337356
12493,13104.465663490886
82724,16334.674108524267
37629,27705.598317228287
56674,7296.927583602259
64195,24591.396089701135
78257,12001.032229964294
75198,13066.252783958178
45877,40391.56401596272
67652,8909.045171228201
47476,17396.997929180372
62092,6461.62611759494
67327,13512.959953378713
99299,6121.179244504017
17170,7661.840394057617
16756,22633.047705065634
93083,13204.114767720013
52836,14862.092726816885
12556,16669.057156091218
79696,22312.432480831645
99152,11262.4700730545
95690,34902.803765506
38564,8929.66455958732
85167,23263.303346153116
98482,7483.265109186814
17656,7651.74163862473
61976,12056.599840168084
70221,13474.881583288361
20249,6277.907277067086
58131,4880.393435507694
35214,6410.84618205259
49401,42880.87648396632
88165,11756.755934467932
57356,17276.927436966645
37180,8988.817911773262
72405,10633.843419590994
83237,18534.288727733252
33824,6601.116135825103
45852,4893.936632272427
47609,8989.978738018595
16754,11198.42911033854
76816,19575.40285862819
80377,14125.257701592822
46652,17695.79049379447
99595,6990.3461014664645
23874,9881.727240483302
44837,16017.51595776916
41831,14414.037696773228
45223,47606.66430668245
52499,8592.224207802517
33072,23536.28316058199
84379,5865.567739405347
95628,13492.635689627543
45559,19519.584836861337
40140,5627.544614016582
43091,6693.603255416048
13641,11932.822390265406
83307,27308.818546048744
13141,9674.893527878967
33943,13142.349236061802
93734,21620.96451472525
64763,10212.56375106248
92032,20498.574158973002
34027,5396.170915919598
90546,11942.868669056395
95507,14934.19403977555
15180,12960.484916460628
96176,10809.132728771656
89359,26112.831764587696
50852,10735.46092473443
85996,28207.191518230982
85148,11433.758669173414
71653,19007.366116092493
32975,12561.806578847198
36465,6296.749725783759
27340,10021.198060570827
53516,10175.850023056882
62848,19032.989067119095
76129,12117.343293488582
92828,15640.036582992201
21284,6218.99476533704
16521,13528.893036457326
19441,15857.67926556666
44616,11464.249014624798
70356,25140.760358665233
75491,11378.641349917974
26554,18821.87405505163
83464,16152.002380301323
26283,11192.600988042352
50150,11920.882471991375
16362,11871.35631688648
64174,25379.62752257103
26506,9674.111868554835
18241,13874.664571561303
18748,28056.120737328565
27830,6986.8272712981125
52961,31968.443789231333
60340,16724.550864105855
90267,18940.799256201302
27476,29014.445903468426
53693,31773.079620880766
35224,15162.719784983326
50134,6926.656378810823
83934,16020.043815478617
45257,10280.98945479681
50690,21179.079168928674
96165,6931.217762119346
83118,7385.692369468919
98121,16484.4214045196
15753,22322.5308754456
62356,7107.32129185377
54881,10259.743859059661
66514,11398.50537693358
31419,4914.1872924249365
97578,23976.557360317718
88545,19039.784013018674
71676,10112.776315772859
27038,10726.275277015435
53075,7415.332073900965
95140,19246.347938121206
70393,33800.41657125458
83872,15704.992138887768
35611,9342.758099348326
56814,14124.590334369945
30420,21722.96868555768
57028,23739.037180072733
59990,35735.23125692543
48477,15479.443679734259
84424,8038.697309611129
12853,11187.28744881913
82038,10391.8645425141
71455,10117.504043378887
32787,11425.5565510638
20908,12073.943844053414
88783,13127.393254292707
10712,13385.141593000202
79236,17075.831350357697
57426,11217.05977424441
92829,16396.86426347579
26788,26694.564533409586
47300,11542.303215255124
66698,25544.31010815905
62712,14042.903586594639
43725,15457.46678484205
25035,10849.245344221436
13696,28619.0102825453
17352,19618.648351278975
40706,9327.933244283851
37176,20951.216127789587
38923,15384.056247927976
13988,26603.931314152585
97802,6878.575246426273
29230,29960.467494974153
81208,14717.770482348142
95000,10622.776306701307
32467,29692.614731883834
65986,12690.733753544202
81533,47432.32179051451
73424,13871.230837695603
76906,6568.537598496654
40732,19659.483928329108
82704,20486.192189584322
61472,20432.830430005986
14816,18756.652948493887
88802,11389.990043441401
68372,24252.751729052616
22750,30825.715697319785
96195,28271.866298560384
87568,8676.811896754567
42265,26941.13707386722
95642,12976.220852530612
37357,10703.838533386152
62299,12666.172517444042
51435,2767.7788666873384
96934,26175.616393416512
26369,14078.207590997907
82696,20086.38108779554
26435,13672.394140877866
59083,11694.697181568665
79981,51870.322948542824
11965,11052.49956701268
12657,20837.98597006304
59506,10285.062844670956
62955,9096.843241531524
45707,28824.86739098875
76136,10754.214386929869
49321,15468.356016265001
30197,10229.61860946595
22769,10044.822860818778
40597,17519.71726605883
54818,28930.99369265239
39750,6354.694218609948
80440,12199.900810139701
13322,14645.113467483483
36632,9588.450765351754
65516,10343.338685614744
42483,10541.260752879516
64188,23524.93643405752
19964,14167.30146173728
32723,19539.891273367786
87134,10276.558018156013
63850,13363.806449665886
75119,7501.098812141587
79648,29463.868385768394
19260,8430.405869257449
29256,10769.490377444226
56381,14884.246464702464
74967,35638.36034656117
42121,15843.295057218538
80995,16664.056787954156
54661,10957.981548130814
26854,8272.738444577608
81164,14585.033190444468
22808,28362.81723744808
44089,7124.425785141133
73658,25388.096488455132
34663,13624.264412545737
32720,18440.009578252422
42175,22515.687571434813
97806,14077.459480050788
17500,11938.573558385055
12631,28008.043903546757
15324,16194.494833467426
39645,16145.372207734565
79640,10690.872662431804
94851,12294.132656667427
11865,20980.01327252523
59198,15151.483521593262
59527,6668.201747720088
41701,13499.707845883628
96886,4687.123347929506
27964,18868.05902439513
11240,7868.6346739607325
77244,12706.173067426218
19846,23307.515324124677
76383,9720.881291558571
25549,10374.660696613293
30839,18710.15034685476
65983,27682.80539690802
72064,11503.496919793944
66880,12113.109388831603
90290,14280.815984055887
95867,17242.843489765582
43591,24519.15678283095
14486,16337.669276530361
49113,11302.666176280058
31579,25078.08774282795
14743,5441.048634226629
33999,8968.55871244401
81951,27986.724338731463
25485,12498.617399913586
83720,17057.77563198164
98897,10197.55882625061
77587,13422.34889582
82954,15812.058857730784
47979,23222.34828422927
42950,7300.546161371465
54504,8452.92590440455
21774,37112.63538559219
62416,13407.446776707862
84195,16454.325716250147
86408,23120.348817885453
22156,21819.035721779204
67767,17530.25143236596
59139,8366.448848804152
87315,38456.36618525167
30224,13994.846883112752
83453,13251.705883070772
56327,14018.680274818065
93849,26858.603819309035
91863,10613.159134652444
37952,7329.15303190287
39955,23430.921398307677
91469,8359.755464626394
72692,29697.546043471633
74144,37064.445009323535
46068,24151.51069025586
25078,9875.728938050377
99808,30725.312068257455
90325,15391.750927560803
32353,8101.134563234054
29560,24331.985306283023
99224,27176.011274311924
52709,13636.223316504756
46596,14487.90533464686
18949,21726.937875690346
20304,6438.660244333989
96714,11154.186246845784
97430,14996.853434434099
35966,6007.47928442091
85902,6832.434202073193
44696,7156.662508984473
68346,9928.877809388196
48284,13617.849842915395
95277,12246.897887004263
50205,5420.84738601268
55432,24128.636218709406
18722,23506.913283740243
46885,7844.339862757053
95345,20928.21352850488
65269,8356.965346208854
29472,16140.535479274406
43072,16229.64388276455
95314,13405.715536632024
31776,13583.146574733726
67497,13105.150318096805
10946,25814.765825209157
94577,22368.901853710388
36551,22128.71628224267
62169,15493.135143499974
16309,8046.885777336542
23891,17641.4577850145
88984,13817.641778951875
15883,27955.60397784901
12032,12564.837491221675
58353,9950.404828982893
26718,21267.07232635682
15422,8954.111344295072
46441,10465.671011614806
47272,12658.335824032893
92565,13053.629554828163
37283,20143.004499778523
29041,9594.384939091353
96692,13669.057425271425
21853,7431.758401982723
94772,19327.649638813433
73376,20036.349873873
39931,15284.682825817255
92382,23316.946961375976
29576,20129.341983228784
22660,16146.10535986308
42034,18568.665068415274
16627,9071.921639375772
11228,11950.028074555259
83160,7256.555212716701
91066,32149.655645969764
20268,31685.629901156757
42500,22920.354474760818
28236,15842.189407954187
50750,15975.702127496521
59924,25200.239110975588
74446,15131.06512158399
10377,9300.722355780017
16235,24954.137706524714
98201,9513.0245821563
38440,11918.671913329898
18318,15763.592983179657
46684,22341.60776005128
39821,21308.399785866946
33464,14978.024454647339
60321,10414.042272936891
16657,28916.11197581801
60659,14119.704215919222
76230,19783.417923582205
30996,17089.31159192148
34310,21350.87102498085
69019,8176.6911519989535
20036,11613.310405026281
31325,16205.800563923403
74875,10443.206774192495
83750,15696.328796220934
89294,15474.333411951191
91523,17629.233024917092
48260,33686.82576071817
39007,14401.213337501287
92964,7877.630036496537
75077,5961.826118468529
76977,13682.69391204773
15136,16123.724757924005
53314,7040.001296549493
14209,12886.571819242632
28483,11370.097281518421
65393,19990.771459921147
98433,24064.84788130851
91894,8625.184969296191
49181,30219.384188649616
53467,37858.22863044108
94669,24246.14266829125
67399,15777.26285872214
23573,13456.421230333412
19364,14511.522280656081
49729,11851.919362021014
43346,13588.14253824563
49181,5243.691844798446
74546,13595.731195475635
15332,9533.07553550528
71474,9166.014698383882
17681,20051.967087081935
38291,6703.547319675721
79756,11539.760442793366
89369,15320.512073297254
38772,16632.380537551606
51603,5072.7305871633525
35295,27502.04377460743
65430,9389.845530846134
74481,7842.681230224682
34473,26253.096020824414
95318,11644.624169713232
87898,3907.838309891771
18953,24668.653776418058
85688,47856.72456823847
20892,45424.74331056322
10233,5577.587347222154
26711,21027.704950227064
55587,18678.537630730043
46437,5551.565239632753
72624,11328.618270126974
84913,26307.14223587194
16782,18532.21607342809
72856,8100.452169395005
91929,17007.893708182863
88397,18804.147633264234
99601,10708.82563422225
66172,21699.573821925762
82249,17948.617486229046
54928,7661.297379672324
41856,23160.077508300263
35338,45656.91252195941
45951,9892.866773891768
14649,24420.20338533872
28854,11476.570677450143
63354,16686.349478192315
84122,6061.597366601285
52409,10718.460119396
54543,7099.164856095158
81148,17984.8370398125
35229,27646.62638773639
13484,28134.863662069052
26439,16829.50772852786
54603,15178.373055395252
97629,12857.369051633545
55723,7868.377827871755
12310,6415.972697779813
72510,19196.062587040797
58470,9399.691027279314
43886,14013.804387635359
21034,25063.951251440132
44539,11562.39955510402
85518,65078.04799213876
62935,47952.75734772658
32147,12678.021377337658
91752,12844.330327312906
11408,23168.268042733445
55192,14291.985473038114
30478,9134.093465514343
94202,19477.83678966149
48949,14512.82268124949
21244,15797.689375653204
42987,17711.62683978084
27920,8624.705273015077
87470,13797.49988006259
36666,10866.749366607692
63204,8936.119630984553
40468,9550.444321201821
99126,48008.044748079024
23445,21478.18249878838
69530,5797.343309275155
96557,22099.392477090867
83086,19812.000466451904
85527,17931.139651555783
37625,38553.009925838254
39397,10152.130689593336
31907,9227.016838492196
12646,19760.202245893168
22675,13431.61015022446
19144,8629.770626433401
34957,10614.781456682136
33151,13446.654566013824
34412,5213.156365933308
79381,20188.828171045054
72972,8676.304821719386
35356,6659.912035743491
91415,9119.363528458642
64302,15897.779511722892
68699,17912.781794723447
11908,14415.315145391394
47377,9309.569287929564
51720,12329.579878852599
11986,13196.543866995304
15414,11390.181741965247
54447,10049.949966405666
50071,14425.648942537626
77094,26072.162272060294
13879,9592.922629488963
25274,14250.201182821274
97825,15779.95173704312
72350,19896.5915953576
82216,10721.071901022902
84533,5245.833372629386
16205,18772.13834587387
80805,11720.279397330405
17250,25678.851443294247
70417,12243.458130284762
64251,11573.703374157034
79908,30735.460613002248
91255,7208.601098061499
62888,10523.523742169564
13951,21230.282851270127
58978,15995.347927216477
85745,7986.025322919144
28115,18018.41595262099
91976,4462.5944410173215
90352,18088.822438470597
50953,10928.809049144274
83896,18314.490429289104
13504,7543.903175963611
38941,22277.137311195478
75764,45097.52144149907
97325,6036.226216400146
21466,16266.043978036092
25409,14311.265331250317
77898,16001.92284895431
19142,7620.046934108555
37073,18445.292404009346
62021,9580.20220780382
19018,31940.26500823557
52989,11322.035693349037
82845,8752.60419654741
46016,10023.9385828661
44633,29220.324677605553
64605,10119.427593439983
55017,32398.73800692195
74229,15778.382114153672
35056,11449.678502813673
12864,15540.59964954126
45734,8126.079003535655
44480,6559.955573953637
49746,11039.342281947731
18609,2847.8500152297693
68970,15924.156974389878
53874,30733.921610119018
11879,26522.502540100224
12277,28050.677977031773
60445,13569.957901427359
76664,12763.9353527387
48073,19636.62151633842
55901,31913.725345876526
79120,7602.23492993961
51973,9852.307830981637
76485,24392.889257820847
43611,17752.3827896239
56352,18345.57680587471
74876,16672.572992670543
93106,22017.29436087032
13507,12172.040216749965
33633,4003.2055812597664
26710,13270.370951222216
89362,53877.41589331262
51674,20510.40934406873
47728,9697.931224438034
72193,27888.41726624129
67035,16321.353663210995
36479,31622.914989330984
18439,20746.07606406522
93569,7898.477022799636
69000,33916.26447469096
25091,22548.80682351963
20621,11267.521152603038
98360,25052.671302227773
72793,25631.096303982187
54311,20454.502698167977
25770,17433.397407401066
70587,6401.174060794736
94993,51596.42128771783
99039,8665.968991320427
49918,10586.79823009983
45234,33027.9133125761
47752,8991.497841304337
44914,8486.998475914324
81292,20056.88826974393
42895,16833.521693273335
99319,10036.369620741854
40941,22774.18286359857
54046,18988.12622092289
55573,21052.058202037475
15380,24007.967193925182
71649,11553.418409092126
12300,11072.889622353276
87668,29248.644553340324
81093,22890.52099612971
64089,11169.929819821526
73433,14780.35387583285
15438,11830.051981649009
19392,30531.339797812696
48662,7001.444021903379
34913,27942.421713093012
73494,20217.04625697303
62614,14327.108139436345
86290,20854.52299803444
90970,11046.740583798673
29982,10097.540195897876
58649,29516.77399967822
43982,40272.48691954241
12410,24299.679623280284
99315,9584.88264498107
80930,14138.54831880473
97869,1857.9647091325296
93773,7237.160247730853
84652,19944.164320940166
40804,13041.56409188503
91293,20808.7688114903
16068,6494.14834447192
72471,12212.813734645519
23212,7434.242741360384
90798,15404.940764852005
92449,12048.258834043812
84861,12380.325036213579
62881,12775.603386762163
19486,7156.909643388495
22214,6117.837114195105
34912,20532.228267465718
33300,28999.273247577905
53253,11654.352101110628
13415,16677.077926858467
67778,20454.502698167977
37575,13854.914630483287
17778,1433.2858263056442
30692,31358.938534284305
70837,12739.994705483448
48211,14231.765400518547
58637,8859.87896116158
74990,25394.587243155278
85207,7909.343346925483
34556,18541.75534670678
49570,26516.405457661414
29494,8079.330292347229
47007,31329.170958039278
81743,7868.366304789644
65791,8098.307749502972
91249,10016.680970146448
61960,11175.430414224482
90966,28352.150497875948
68006,22799.761378260202
77801,10019.261363469433
75138,7662.276512843828
80738,22059.68981181803
38711,23937.493310360198
64150,12008.917277962675
39008,14143.976807363626
93175,25978.89292501643
80352,12905.593271360707
23254,15793.756804118751
48686,40728.017623821564
21220,15472.69059759334
10626,7361.390267636567
61097,19604.00847102066
56289,14826.493107899276
49873,26811.147824410305
17731,14289.030815955095
23474,14096.229361210882
37671,10749.70734399298
64217,25163.106643680036
91981,59085.99985376746
82473,21204.19211360801
10598,24598.286840726334
37447,15550.360816826264
57449,10060.875377397515
79010,10203.030289177452
96708,9774.020437113479
92697,18618.881821046045
50000,9554.679010450203
41952,14472.335271320402
61945,26133.19813358331
51129,10754.475708271742
82202,10863.245758689769
90592,10649.287080828208
26585,12799.327856996559
92827,8241.72038079244
33941,20827.03791874249
28230,17582.55200313633
39617,35171.03466082885
44857,18135.283709504896
46223,8766.515776223938
67661,8411.549029638545
79839,29636.9034922066
88281,15396.185066860402
84553,14250.28911309343
50913,5283.040555099136
35706,26882.886662224868
81604,27125.71949081768
24376,19755.432133121452
31601,51634.2553679993
13250,18553.39982053643
28054,27297.291531057985
45693,16897.899139460125
30284,25574.03340094711
85750,11622.659207106553
79576,19158.270581923272
70022,16137.62607116261
54686,27024.752986665124
69954,4668.018336868705
55933,11683.40162915362
29526,34718.97251715392
50072,31228.410079802394
55957,15111.201625492744
50366,29778.77554011557
64545,13518.640075437987
50646,13656.152606475342
59502,18739.92386212976
84990,22464.298365378552
89364,18958.391014190558
43863,10639.360155458022
57514,35808.05473409171
10988,19286.26041062668
43115,58816.6628990109
78239,10335.57579030336
25218,17317.993376329738
95433,9799.195535193217
86393,18819.422968849598
86590,4470.373894729193
11778,7651.000294509264
87601,11526.168363019557
49397,22941.015698235406
59652,17539.411035595364
44217,34427.94876897769
46995,9411.523769682239
32174,14964.930649003763
52206,16940.016107239153
55036,9793.468682544357
19133,14164.391358181645
61044,12414.29156000261
15595,13547.51900736857
31751,12727.116521183267
87838,27070.919882457252
14781,30868.908090574972
38916,29254.715446198385
22238,18685.503404467658
45268,9946.839580365635
80010,16508.19211981209
24320,24486.699728545795
82656,28397.6905454645
70121,18459.832354063696
70541,17190.942616407337
14165,21190.93651349967
95338,10018.748208397883
95677,33618.38907676972
66010,25080.224939168373
79955,12486.88691660863
97668,25930.557997325835
38837,13061.088982774068
81947,12572.241868907957
82763,11134.386237147037
23986,8431.941700524363
87183,9169.18788231313
93147,25144.01625772126
71707,15183.790140722494
90668,8320.656336350183
52620,23528.57125853224
19794,8441.95541633364
92868,18705.020279951746
18052,17945.876401885685
51577,23149.451624880476
19597,11214.1736392057
42155,22407.469443488433
14454,16008.539004322618
87933,31046.037583963043
94773,10573.211276502747
26490,20849.71998814961
88595,11196.491084260615
60959,56932.35398653601
43643,28812.61006195066
85010,12807.141839099997
63457,7128.20646799192
71199,23350.26991748293
62576,12773.76562151422
66310,9341.116751816897
32787,4185.77844897073
46664,25129.761022891442
56458,7123.291501203988
30042,15162.674637657978
82018,10675.419838258613
52971,11179.921544660327
48513,15865.00302540698
29439,21385.06007149331
42837,18977.54832976042
12858,18550.621948469037
21451,12910.06739806072
38757,8353.717555562072
42767,10894.62090694315
54976,17595.6617651531
96159,9186.9699257842
53351,19225.837295798236
67067,15248.979507637467
69640,22225.457942569712
89470,26680.929845764265
68112,18158.855682141388
22954,12361.82957157222
15467,13778.550917586432
44293,23324.80141927502
60360,14858.262393782235
61664,12377.156476479504
18206,11800.928442390717
15757,16136.99136711919
40943,22059.557396150743
66424,12931.704168824022
34025,20162.997498062752
76850,8858.219345016249
68117,16830.093823793202
37913,7078.36041252822
50796,12247.614554830676
82744,14851.410875096833
38116,21479.896647541234
90367,8640.113618665717
22891,10513.285319180835
25967,9857.236051091557
39681,18706.898042746765
32697,8911.307467117183
71136,13239.641129777661
98621,11459.862935890465
98301,7752.953859523177
35085,11309.256862500537
64354,7816.25738175376
88305,7392.436915353021
37648,8886.231598025368
71348,17460.646245367392
40768,21102.11878264525
31504,7876.129887607531
17268,9918.10828149335
41481,12998.168970714662
12531,20249.74047260788
32932,26610.10008733573
30156,9253.765921727469
15742,33264.53406265846
39470,21644.658196982273
26051,26324.335913073053
66882,10218.120699316245
99668,21418.539555628897
76590,11632.645512740084
36899,11131.495961577097
73630,18790.390193265088
42462,4920.141466049499
95184,20217.236429383946
61781,18652.076252058163
80653,16352.895688729748
51211,31934.885618428205
85749,7160.906513333104
90337,21597.58788104856
41736,19304.173867800608
90673,13989.068902119008
58756,7113.841897218108
13510,24039.420265553723
14824,31864.906670432843
71784,30854.93749003883
77723,11119.966926640085
68649,20626.461060137623
43380,9892.866773891768
74515,11097.026514706104
46075,30912.820680519122
45967,6557.745845553121
39786,28794.650673914934
63981,7602.093798987144
61227,15874.813488699187
87716,22402.132596167794
10761,10452.498602693973
79222,13824.404101281503
11606,7694.7603239935215
27484,31088.061315845818
13029,61085.88054481814
74248,22547.871069765773
24341,12413.75441617822
54967,13423.106329036813
31685,7582.581610629637
19121,20407.847119919254
17380,13383.476293780088
20352,8131.402247465136
39165,8894.221893634152
49785,12313.337337579738
93851,7228.996174167947
88630,10944.618303344956
17601,22836.08115933348
88554,17391.202833219348
98598,25924.588644230455
61124,8684.059856291115
40408,9335.479139582045
18665,9094.941801282164
67389,12253.923318390101
17460,21848.425526401923
17253,16817.696305321282
33459,17617.051163898166
53088,32400.17142630746
89193,23298.227460309135
85907,8516.034423062109
71258,11575.180178598315
93096,9245.125207350357
59038,14592.492003746534
46806,20868.565131505584
79468,45647.43366463255
87628,7237.4442935227635
74230,10672.464369524212
81160,6990.52889858052
46813,6946.8975517616
10487,20789.734569955584
37285,13878.907238016789
71649,11185.661270885126
36949,22998.055057398575
35322,10084.207200201454
37441,8990.627178253653
83930,27527.14970377589
43230,16349.832734689733
68539,9410.098288901947
78734,8609.23988187398
48375,14739.274326717308
58161,14525.327170518642
46087,9926.248854495714
49250,24376.494366009974
31778,8894.149975876313
57399,21554.335993422697
20063,9334.865026351428
31534,14075.461891202984
58923,20561.59205363783
36503,14344.392779712223
83771,8546.548913192257
50442,12256.128570242734
78029,23280.07354124267
85630,6764.675233238255
63649,1385.5669996753477
23045,12769.193858469376
15884,26190.202619635456
77272,23248.00992792498
44547,11458.312709646038
17392,27057.09370485641
34082,15766.003711265776
88805,15268.798706138916
56774,9150.292492007571
77255,3821.8039099689868
44621,9015.492944178843
46791,9332.096741300667
53244,29364.6344591284
63783,12632.006850959717
96042,7571.870898615673
51244,12542.697440568303
90071,11080.572352229538
70548,10286.067760072074
88624,16284.703603878352
35286,11350.776000975024
99412,8432.123939184843
85167,18847.650084113735
11478,17996.173298933754
53493,12716.15176965385
33833,8981.158416814069
35415,6869.476928422722
99036,14084.291020713434
77826,14854.611910873344
90498,9455.906302673171
90523,28500.639242534424
51401,12982.762162143787
69485,9415.248835971845
15452,13935.134334059901
54950,19570.178463575445
10962,22425.93721650132
93754,9400.954956436442
14147,14360.451120046586
64231,30241.960967780735
75003,9671.967391604008
86167,10238.593028036035
52859,28559.981838332533
68876,14381.905816490691
80397,9550.898799678185
62159,12689.716009635575
61976,29319.122053614126
33549,27018.934996358286
61423,28003.433488983603
39090,14146.109096142016
84228,12247.06706360491
10494,22054.851124645695
34609,11840.977346725329
44054,11093.745758121855
71965,29198.636795729704
34580,11673.190960347787
48229,11730.0666357695
57546,10201.635658785231
32105,13351.34885682786
32608,27441.271470261006
31861,15165.216635941588
97763,9564.398009241806
18010,22713.34537980384
79744,7738.991338167498
97227,17890.662321017368
47388,9795.290198062885
97334,12283.802852345982
91908,9960.902224981714
69260,13334.116503946632
92277,8207.214389876663
79727,10340.287645294316
36434,8978.101200478151
44629,9703.052152561504
64495,15424.247179918379
28208,12930.549095964034
47867,8457.529735953807
68852,20397.542606232215
79021,14389.075877264697
24454,27088.67432108452
14466,27966.30636081362
80709,13391.182890225338
57507,26681.154964664536
76816,10775.477133188599
40241,24979.241071704666
96073,5452.240969612549
45694,14040.17684860653
89718,7625.545726409258
85912,21183.18683162745
33007,21757.246532052617
99262,10273.250734637848
81199,14215.197627379777
34239,24277.250538553875
90454,8120.816583948548
85893,19758.163495570094
20116,8004.880147643929
25737,8813.406853233977
30970,15928.816114762127
79775,18710.901744940496
81125,19265.62536830564
80676,26121.638950563298
82628,9078.085982487444
24619,5825.272166509576
47826,5576.624443530844
29198,15775.959745854096
39250,22847.334902033304
51658,8834.266639093275
16136,13260.44170545278
95582,25794.39415453404
39704,18145.89733104607
99010,23880.261233269597
64475,8525.110947983405
59621,18365.26329664293
40642,10160.451360430397
76489,21242.406613910454
57820,14797.004895142161
91046,20336.206244486613
56093,14031.466584274287
91880,9628.634863277945
59309,14308.076449309247
82652,24960.33985432521
77680,26979.92409926802
67151,13288.100001854473
93223,20604.83898342575
73250,10678.292507952614
72607,14194.587954797467
21954,15028.272953716401
38054,7825.880773803674
27196,7017.2837747440335
27522,14242.702305716688
92293,13004.615216904424
97105,12046.242298920097
55396,14269.954536463756
72064,14827.778929657614
29612,29085.924786574753
97599,22715.375566618117
31030,32138.525226195838
61436,17407.74207831886
70447,18832.30053456695
18941,15654.910639750198
98097,19381.64430615169
29980,9643.142284352363
40465,31744.944313881435
84831,27697.25625789225
75056,13072.813306475455
45284,46500.542646756294
79751,8829.688734656604
30051,7792.054948113018
60504,19142.25741714611
22623,50555.61400177845
97178,18750.541217326318
52682,13123.526869424079
92513,16571.611082215255
33823,21850.39001301649
11159,8105.70427713006
12413,45489.39610394325
21632,37192.52152522359
73580,23844.757044068967
18276,14416.206786111477
99310,11160.296671711993
14773,14990.900827437605
52206,20214.708503866532
23148,11641.624242214584
97006,22067.617118609076
55179,12747.863292852922
89606,11133.563690615727
53054,37402.81160474328
32363,14480.59014910673
81032,5619.054646763336
87416,7598.3058627785595
30701,17945.445715593283
11846,23890.37730515823
71922,21436.90890961784
27268,25797.575816218152
88713,19441.474506911454
24211,18530.959844173853
13491,10024.580425154418
51013,26743.078528365255
41737,17890.180897326707
72530,31761.274530951745
30014,27231.478562052864
12618,15142.511751749817
41768,9323.175415444744
76395,11783.943592783717
38791,11515.167543079053
32076,65824.7378215269
73669,10573.08494662703
44269,18124.693908526908
96594,8503.329769282233
62109,15666.530833404258
41289,29287.471799727347
65837,7754.461548880752
94858,21591.04800546557
38771,9504.433401220835
53583,9553.4158619935
38943,19210.23295559519
84721,7743.998278622928
41242,19798.97318081521
70191,10770.059006774136
19920,14521.05209559687
84672,10914.064601669754
32707,35318.58628060891
47172,26843.574508711223
95050,8634.427045781134
69632,11657.918727542117
44766,16901.717807846853
59717,11544.867761690395
26464,12931.579504590813
48780,16069.92114752585
70850,9758.66812966386
31638,15171.055281730718
51336,56982.29717613276
26931,38343.83860562543
67817,16183.589614863016
36570,8910.35966139833
73573,5123.495948034506
19948,5290.0308221547075
19863,9395.759514584695
59791,13933.480401146919
39827,12125.182906062448
19391,7850.993794043694
12099,10674.394334109096
30147,23711.035983960923
70805,8021.109720945782
26554,19510.919924826412
20554,10235.992420702205
54389,11046.164340898922
23179,7049.1503241467835
83737,12763.501505108368
20105,9230.931019716903
69636,8794.462228219623
92378,2530.37442628375
55228,34342.72745926818
58930,19091.118844739474
26529,15325.40095667641
61767,22183.659842768044
79760,34447.59807570621
82955,16471.108310095038
79737,16972.584744098272
73719,41900.3902971769
93884,22464.7545049541
24684,9664.571229554938
81949,23742.92429021979
97201,25712.193597312413
96128,13748.513567144215
66356,23238.36970390264
46330,16580.6261431112
69930,18227.324944384814
96648,13824.315312253642
86887,7037.579568296491
22456,9509.76178097223
61601,11626.541120408827
91755,9611.328114974762
81647,26561.306903270306
42841,7666.899059477853
15217,19770.242144916418
69500,7490.247236712294
99152,21559.45606176003
17064,14631.515146121392
60302,9015.313907107202
76412,16284.21729026886
57440,13614.685266844332
91790,12176.484606990689
40153,20009.4906375346
73618,13623.657430574342
36429,34049.019349279115
61599,2120.747526907742
67548,15545.02233784937
12246,9902.639175782828
15474,8978.948052585438
14002,16054.00157191351
46151,18410.1880285489
55973,6925.171093764249
51235,21099.02390139226
76647,13551.135437808141
76433,16506.104178305526
80157,6896.357217332847
51238,19920.9815737869
31223,13728.43901087167
14645,20056.800889365884
41027,18287.814659021533
75491,8274.913634605015
92806,11503.233797432602
40400,18514.356575523758
69913,7839.87535875492
57204,24397.189393323668
45269,10107.121120240254
88515,10361.640125837981
25159,28889.60658659921
64331,11765.935534340539
69955,20066.645450342297
25288,25374.550502414997
67322,30995.5341683089
20438,6690.657069150297
76959,13404.262558249502
57963,10560.035464940418
31586,11616.965110793764
51676,11073.182988943476
82383,13599.891489796508
59686,14810.342568571044
51579,40057.009395340836
91953,16756.34289827792
45869,11267.521152603038
47337,13880.080923483989
75879,7176.354211472089
41864,8099.203776482744
55736,34657.38450580371
48654,14657.041176333283
11672,9961.941801513078
45717,6157.84700276462
49467,16044.66142423171
86883,7511.252749869025
69964,6926.656378810823
13337,9820.88051320534
36071,14096.244977343136
78681,33671.781547091865
51645,18047.825994713174
74944,30327.605567224393
21653,25523.914023334353
96434,7060.927248844571
56365,15815.147764761246
55106,17015.788272456208
45946,19086.508013850776
14692,11184.820019539355
47963,9997.12402003979
70239,5984.070159404984
77779,24018.820046821813
39101,23270.391698131345
43128,15854.23876368557
36485,16657.723713274252
41496,29674.04940896925
20490,15613.666099090105
95921,9607.179635550681
13006,11880.143626549961
39208,8194.4150885498
24091,21455.27367567505
69981,17193.45318687995
65030,22498.350793926777
56301,17185.509834338704
82202,8984.806125717409
88383,4296.896770663556
57073,13273.988726469566
60695,11479.515521135683
89941,9706.52925816585
29558,3617.7973528014027
76822,18923.948842196754
70698,18315.657103292106
66892,13304.826975970745
72430,22743.68237777255
27010,20159.463786044562
13240,20256.567850791587
21275,6512.476746179174
22494,15747.250297690949
53458,33350.627036581514
51311,7107.719211927359
14238,20128.636624558545
54873,18589.328756022947
43446,11715.438257348105
98361,8614.80865078403
74406,21622.104878976148
44477,23237.454983664076
50267,8788.92028703002
49416,8665.194404169391
30301,7981.328401379755
70181,14100.92504500867
23160,14033.936756665833
16859,17289.94633597377
43043,5323.4113456777595
91608,28512.622244585218
30455,15130.21485942838
85876,41366.71562541937
22412,6531.6019858066265
52146,13494.557998906845
90706,17006.00820560028
98119,20350.1017723513
43639,17762.919573317806
63752,6786.3573234097275
56277,21564.522294297574
78400,13632.251857203053
11117,11748.905308442856
87686,22264.89422588134
77051,29317.67126943668
28351,17008.838117375737
14803,12125.733054497981
64664,19603.740442453167
25785,13849.770025729345
75701,25634.832604349445
28264,24106.496627134453
15099,22120.965809333367
22256,27796.937265773595
14691,6638.425679811386
11941,12321.717130664867
16521,6523.761080786468
72905,6950.462835962473
50227,11267.714249465675
78111,19358.16786798163
10335,10915.164020711483
64266,20132.885337054046
67824,18990.248270418775
70083,12795.321416788935
14335,33014.28249718917
93542,21559.920045326646
61265,12776.086388312691
11907,19362.376724336325
68293,12031.505427169777
62532,19017.20212177015
51331,21891.170587078013
92150,10649.84120412971
25870,8546.548913192257
37855,15251.995535552429
91859,11553.026071848031
30012,29108.609581357337
45638,27597.91545921841
27094,16349.958626441936
20738,20522.125724196223
53791,7979.15610403788
89205,24520.37574110737
97343,34327.73640728242
66633,32274.53552994806
85090,10938.437511800961
13877,9962.346530932762
99061,11846.381537106874
13085,9080.358178624534
36966,10092.731719688793
82575,10203.318096688257
49853,18523.831660754862
79950,8221.543821922063
57795,8437.370159615499
71799,10233.093589648264
20975,12010.641912836407
97889,9283.665505860192
45375,29707.351114531615
50231,33588.099691467854
35123,13866.984937563633
99534,19604.00847102066
25980,30239.519744652225
17591,21934.043719202888
63962,10496.819510742927
83350,26489.39563436302
55826,16008.965183425778
91641,22663.25830241204
25564,14725.187518123486
49324,12561.104635453881
13719,11271.365616386227
89574,8244.70236432705
29046,9567.187945897012
85102,10732.671659349358
64170,41352.0117427972
25556,29224.27052774134
40545,14687.51766434802
16579,9905.56088607953
86192,28562.41363761085
11995,8832.896889685566
66457,38049.348541820626
65384,19367.527781618406
22539,23506.448501958235
27010,9730.682464972379
87230,14529.502433065247
62738,33307.17945159406
66123,7235.440402856779
98795,17599.970225821045
74330,24435.84476692802
58615,9310.149261167131
32813,16586.560553764903
75777,8204.872046862121
71855,9032.138365351166
15429,19257.83312057299
48623,22403.957391763965
83903,17097.401842017778
56808,15393.715691699244
24405,14371.149188768974
41121,14555.004485727648
11209,15609.039891024182
59961,9359.134702759111
43411,26616.86978629927
90881,22731.644803959574
26987,11833.828391999725
33695,9194.182421741603
43205,6119.857333361699
15562,16745.07838564841
31894,15799.169302157114
63772,13508.072587051276
84305,21083.454006353797
26859,11597.338774568736
15240,12377.773967102548
72394,14361.511037360915
81987,15816.622601466843
99841,20726.20160055042
71873,8357.522739678558
37324,12975.097040758965
39791,18438.302094623734
91142,27839.529507952073
88499,17559.1677329461
79870,22348.228095769533
65827,9522.796399223276
42589,14328.03055734656
82251,28374.077150701196
75250,9232.5962753365
80447,12448.510403652203
74515,15639.55886953275
90852,11833.026484992813
31865,11725.495581918804
93755,24159.949827639077
74416,20887.69998399557
23536,14335.072363865498
44195,19754.9627034225
40856,9089.98109466934
29340,11246.12568983312
71730,19354.497086323536
32865,24028.312141634546
28514,8401.0620195699
74802,19254.7929593234
16132,5291.099344063872
84911,21315.84774891722
73372,29195.395753504672
25941,9695.985545638641
70766,28527.773538477963
21542,12059.210234442071
59790,12378.35369062407
52913,9533.245593459862
50980,16810.192368468117
26083,9505.374905846664
94343,15661.22535045813
84899,18090.311742189868
28363,24482.69640544246
95317,11407.420894981338
43622,8012.06161536101
94782,5999.7880553373925
94269,15786.84309708364
24776,7816.25738175376
13223,15944.68760056064
59380,5659.083919652099
42257,11213.692798415472
59827,34274.35978645978
46460,18424.552344623437
65973,13812.873548197424
14794,16377.683791855346
67087,14387.08478861447
71981,22276.03017028398
38590,13654.229946352281
71913,14283.008519591573
54149,21704.571909564387
16195,5641.480413140776
36903,20457.522716888307
85268,12158.552210851623
80851,14257.918857670495
35752,19338.18058222962
63296,20679.5045449218
37747,26809.917781673772
77408,14718.983433630192
46672,21514.604040144823
15818,6690.243028498402
80266,7766.042706744076
40184,27595.41651088808
70040,8625.401511780503
70717,10159.063072922681
17097,20375.40177732197
43962,29867.449851008496
72370,20829.447093190756
27577,20949.88012773681
13622,10790.694731092328
55142,11752.56405870384
53693,20059.210159824273
21113,8058.298577009153
66598,9640.996440976614
77669,17387.342800507944
50675,11450.731664222101
40380,15457.879785923787
72697,8750.918435320904
53675,5492.121228064425
62000,12335.462732591608
18702,16447.853997081515
64815,16318.812691201349
17597,19957.01503763353
12657,19680.266026619225
26393,8807.709155089855
41606,44226.922221453264
97520,20708.386691059986
71939,30018.693885458844
44569,15418.697653206582
55476,14874.65449846388
57215,14964.860610547092
65599,14539.344950584386
15959,17164.128492374562
91024,12718.989844183638
20786,18665.02886688095
13746,12139.237666762725
75098,4619.978307083189
64179,11143.100252167103
14309,6086.909232092987
15101,27181.48491010251
11853,11024.87027793397
98760,13184.556996937776
91309,11768.861053645902
64302,7692.36857255617
50092,9587.457638483073
56338,10459.340142503874
91490,10152.531180759288
88892,21077.266585312693
50708,20161.77731521531
14527,23330.569993358837
85907,9749.131007706223
25274,9880.962390382958
25880,15129.373587802116
28418,13181.869769144347
21517,9171.974967068645
85077,18187.6715336005
21826,6309.146936148658
48600,21785.737445926054
60982,23735.77835499983
34827,58116.462008964714
40630,26881.199563111084
65173,10084.789790535615
69398,21649.714047277397
58566,34087.6417614382
97185,16769.33936277002
25407,17554.738012789458
97051,19369.289028723804
38712,13096.99938104369
94041,9209.88793878705
83766,24868.287994182323
86622,17911.847163889728
54455,10679.64268019991
56123,15748.0131626829
26456,29343.26599533164
17364,11561.961332841474
86440,6576.221902983398
73057,35817.653799188745
43577,24269.48127807315
54742,9927.962531095542
28356,8578.75831206868
47707,8581.704549793365
95488,17971.55209273615
12630,9775.269404507868
97035,8967.878614760933
44478,18035.474635730523
17386,13611.917771160633
79607,16825.557062985925
32614,22056.76171123765
29084,21241.130526643425
36283,9521.465164234602
84328,10965.304507269102
79233,8172.877302675055
23123,19436.819576224712
27667,8083.898673531778
93341,32280.99301567382
33832,12350.215580806676
98589,10359.243371945311
19984,33696.68959241855
17023,9973.760547073498
38463,9897.223484572161
83368,9613.672949895768
87445,8603.264335986338
54813,19121.40600281585
96197,8667.05346080198
31615,18371.512988236587
75574,5190.6619770376055
61934,8843.089537781641
22939,11023.227434913577
66098,14625.422194086828
63767,17355.6953018775
10634,13098.121156289408
85131,29063.71504659605
38529,26579.002451355496
43150,13712.292629457233
35893,29806.43027671388
40574,14392.311100627525
46254,9218.623567151217
11700,12812.126829342858
68827,8718.154303412064
88251,14937.141998682295
80367,12458.121441971489
44457,12219.06588907747
81306,30089.224309424404
24821,13582.183258147363
27711,4956.916539172629
31932,20921.878997336247
26953,10567.433502772368
48591,4791.404289164899
81186,17791.353292860178
21049,7638.924593460111
44520,6966.259317084736
77257,16036.530559873072
89907,14392.311100627525
62258,17353.923595611755
55784,26132.895814537744
13614,18503.484983469283
27190,6089.486811561557
58147,7865.133737047123
54062,15619.222245925548
50912,8805.044955652405
54055,10889.447973121793
23906,19104.00213038043
28731,11440.869201463418
39142,13925.267997165907
30098,11540.045046316996
65656,20343.800759774655
93835,39257.8363897984
45928,15202.140177873787
61240,20056.800889365884
67666,17357.417538967144
88824,18632.37064387216
11462,14482.264424107589
87186,10191.10771210229
97765,12790.792581575432
96909,12959.981341660989
39345,20086.38434770738
63225,8021.109720945782
11177,17053.19632707138
37520,19348.41740389407
73834,10440.921981565336
60221,16896.031404018373
60640,21070.516451014504
87072,11296.271307248202
39717,17427.600485445004
25948,11308.4929238691
84689,9133.310497499897
35455,21662.16555836842
69036,16326.527450987933
70018,8484.999601101004
73557,41012.96049641914
91078,12116.57942610504
30604,20285.92675349187
45882,27950.56497932731
36860,10833.614478612959
94419,16645.193953614424
41532,13919.633958599174
59596,18522.649831089555
51991,7691.510808489438
84309,9243.347718212524
16427,10068.46088473038
44094,11724.541123717328
12194,26226.305108633656
15504,9980.335927039203
55743,30093.960071480375
84014,13119.966159567623
24345,15792.836502559376
18210,7751.819770864671
99694,18063.712384870356
19383,14916.379884236521
65427,16300.811134457059
23215,9092.351939257687
59916,8358.51843018207
31515,16010.907095960662
92844,8321.014693727137
31799,14792.964239170273
39987,19231.216211183677
69698,20987.07785369128
63385,16218.353158355534
48080,23538.806084304644
44164,5317.06011654633
86917,28426.891912351577
81202,10147.191821910736
15610,8107.059771739438
83634,20504.90638879353
37916,9231.20961124478
45497,11025.255894808277
39849,28418.084889513957
32033,23960.38442177864
33355,10744.76354535134
87464,13692.113589059227
41357,3828.614593524788
39494,29986.981537056636
76960,28186.088713805562
37062,41357.530188350785
38539,4490.618009133876
14623,9147.962053076442
26190,8604.624558081226
70035,20538.980626382774
35490,5426.328790405525
12405,30240.16537895627
18192,8310.221942019833
35767,28359.63515738372
25876,52427.06109804251
17943,8858.662301841054
62068,38018.22916577259
44724,9966.66392354551
50609,8390.111649233742
63046,16883.895841339945
52720,22649.69100588928
29435,15658.975012348219
98165,19072.17416917167
15265,28753.98260559318
55540,18006.542720960493
25530,29198.098125576438
44088,25447.395998703374
52509,9666.505419325451
68902,10902.236371004698
44276,6578.8127863857935
80600,11822.098354693064
10729,29334.83806874534
89433,28034.654162845363
17123,20521.00167911435
37856,11960.61633981832
59144,7662.633236231635
75172,19982.747656235715
21376,14932.947514800473
10057,9462.020012694573
11424,11043.503879324866
32234,25789.9911866767
78631,12255.682312452216
25214,10078.396233195357
50792,29062.69088673207
43578,15062.593934207787
26850,30218.133251849707
96982,22594.488957787373
13448,18776.970534951684
39095,11664.917892611396
98055,9221.458456941851
66818,17078.53317357965
89695,9263.634077253118
18670,13499.93696269745
23463,11217.9669137753
26413,6850.254981199425
23759,7016.080201157154
17540,14283.008519591573
29139,7704.512123832161
39204,17304.560983459134
43141,19417.94585336517
19509,19049.0903316922
67074,6192.268742086921
10739,19263.28436412495
81857,8882.680089466896
10675,24838.94706870983
53008,10534.593942945055
74144,35348.10212102347
52198,10832.17007556474
36704,31796.108267290045
69408,6084.899907759787
12641,4207.590700543502
50388,8197.393175583733
66605,22766.421802263136
20197,19390.497160562314
40545,11504.071694114162
34533,12742.441264813648
10945,6503.563147260844
80195,20646.467033080447
23519,5611.366955924845
28198,27811.007210864347
13232,13566.352375613596
74372,13002.099913300965
78093,17099.923181676768
54047,16442.299550406868
40608,12806.163963631629
71213,9517.670185404892
23409,8745.358702678383
32057,27056.819663834634
16380,8766.350362447665
69844,20222.931852560407
73087,12024.582636171803
68422,16480.316505978284
96080,7831.6347547818
72730,9822.679737926022
49351,19348.49015114043
13982,17254.742730655256
19314,9742.600912320586
95857,12551.288648497492
16927,17009.976044977404
89023,6733.589401301548
24826,8720.88726417355
17120,11262.615303862436
79245,52080.4017823974
58271,14016.62318067122
10402,8227.3460902872
21401,24470.62525259742
76342,25493.13616911212
83684,12171.137410875559
25900,23324.983804395186
63844,14034.851126516744
36741,30005.302958427237
63545,31859.145443817102
57439,22042.68941495048
96555,12722.284737417784
49786,20388.928472027
77179,6990.5072077420755
23624,6990.36842719004
22329,23808.263250695116
88605,11179.941694325624
40209,16625.608267886833
28205,20227.85921255333
60652,5186.726981875101
51137,16155.794005941965
28739,5194.812006901431
92187,18216.60524806058
61845,11380.992245049321
46443,7176.087680009368
86457,42236.250221630224
54263,20400.16452622134
89911,11430.483402153688
46709,6104.020028205774
81736,25194.689515060498
97666,9480.526632214649
10761,30958.195648568097
26784,23129.37183973266
16608,9964.415603063702
42898,8692.461565565645
44818,25374.56363135273
43801,11991.015279565883
83429,13929.416841398295
89465,33838.18829946827
15963,13093.874090145186
91358,9995.405028502399
94054,24821.400760535547
81043,16152.837516785277
50039,13332.32079839001
85942,9088.666984046591
53526,11592.475189553648
57762,7588.197180783065
22105,5031.489506367137
39846,8163.0282800292225
29953,12987.196080322325
57159,14154.709197909793
68339,8596.295245568135
23153,12745.26545221561
80759,21266.297271588213
35696,7602.474499491858
93190,10351.74852648893
51831,7426.903944369438
90238,14196.666038777053
69553,10184.904923782095
67388,20280.393202053372
75836,21208.7440784472
58919,6549.548484472054
22604,8408.30488461639
10046,8896.743516520168
82341,19092.284962848655
69371,8694.875592164783
48866,13302.805241218162
16454,11904.63072527232
30914,15445.272421041434
10305,10539.224653974561
83307,12361.82957157222
59533,21418.503512853506
10360,13006.655792581369
57893,8352.44809650624
17263,15163.935126274246
50735,13662.861443974098
36673,8685.682151332585
39125,20238.69362853492
63705,9484.516509092398
59274,14438.030186608046
34893,11128.806188815459
71773,10150.784563035919
27901,15610.9741206878
64752,24733.098142248433
15971,19791.417172335514
87381,6524.389223874008
39834,18922.518443571425
44038,12234.597620970013
33182,6995.020888545563
25299,8867.766724134202
62161,33603.417124213716
38737,19746.488942189997
73517,10313.601254899677
91763,9636.378411995554
35646,25841.05743022103
40694,27163.372604197873
61778,26893.249929745976
76993,16848.269128314714
95636,10660.504447725536
87911,9663.274569069677
59289,24134.51359362608
99762,6388.968214449746
27647,27402.761163160656
45631,37417.2075325594
53717,12998.56329141865
90882,19452.78815940121
20995,14644.966922072546
26321,10432.116689848579
37620,3290.7694269142958
31530,13679.17507391587
92067,28824.0260928829
88193,22564.234411837744
33412,14023.34452387282
82874,11296.26079029025
88648,9329.123059096166
19109,14669.592493588636
61145,23689.05659148217
74938,19766.87488185724
73320,6345.8427389031385
84977,33414.58834294008
30958,21770.6642242544
45888,26692.63328733456
52128,12277.6257990932
72662,24415.092662978495
72516,15182.029847697599
18498,25720.302977804626
63905,26242.978135356752
95618,8821.620557443275
49073,17012.720663961314
23824,13808.173401620505
14795,20905.825802030326
20436,18876.715772792064
93100,26058.786193434426
18230,17821.834941666835
70307,24365.76660071206
69263,7613.207029098548
60327,55929.210938416756
73307,9000.901886746666
16983,14900.895159096937
85151,10986.504553084796
43661,6810.454535973022
93995,20369.813562367606
49072,6198.114056646387
92241,24684.441544884692
68847,15377.881692734567
92117,11537.429019756768
63749,12501.716247790866
17187,12464.25023220019
92262,4227.899022013726
96628,12920.773223272161
54526,7181.795838462833
31375,14625.97409485388
47108,15211.978958125175
20702,16756.321968072167
35262,19388.98654529388
55294,1218.076801646128
72140,13552.398320160682
13645,14112.284599241551
86689,15824.199639957462
40880,24623.037016846858
82891,13245.81446480631
70670,13347.907247508363
86647,14571.430939151538
84835,29440.04696029688
59729,20154.96527417555
86454,3077.3870730624785
69059,22591.39955528362
97414,11175.430414224482
60271,12350.98024931965
72749,4391.005267441233
22836,15074.825959865222
85780,13202.819380150777
69072,11874.609738009129
90561,9828.117633207146
80305,20450.727498957902
95857,14292.277899230721
98982,23216.87050452414
47250,10237.466913609493
41805,16652.357732029894
54760,25484.677024493474
48500,11787.857132963603
41536,8340.184043903786
44680,21327.809442901904
37993,10845.625553072601
14252,15914.947603605433
77891,15702.601929094752
87829,38179.12132528832
91246,4857.761627334672
13825,15355.09334768267
23885,5996.011511756702
94980,18866.87788390148
14101,12311.13389877377
29584,12130.976481371477
77983,13069.957282728432
77695,21663.92833830872
75839,16737.08809464463
66788,27835.307072568656
29681,56576.841342947446
82854,7851.275826425141
54435,14436.063426816883
26542,19030.26385460713
15573,13636.223316504756
51376,29936.097463678147
94512,34902.082873366315
27558,9543.249448827031
52134,10616.412517455463
21568,33155.15151906949
23128,8350.551061450296
77926,23348.438504841706
62273,17945.713570273238
39111,10065.922059032244
22716,11767.351041634061
56176,22191.94316837537
30415,10382.965544455696
38218,10861.561039709002
10163,10585.354088642394
29149,9260.533617720826
21138,31858.581399665945
93643,19499.194334665906
87539,26225.973914223185
46055,24130.696206995977
60517,17466.46941166896
76977,10645.06308973628
55516,6575.660237779841
42199,18189.64887522335
15137,10891.53600880324
13856,11308.84531990339
51005,11055.21692396267
89897,19651.069785721626
40105,10887.312681329982
33006,16121.912342279671
98738,11017.17570228649
14535,32122.984076927027
64100,15748.995909126787
43486,20709.264227019
98555,13307.97983737867
66617,19199.674306303925
51020,11972.478123680492
95997,18585.20414859621
83166,2907.3525964979726
45353,28699.8772785205
52763,18732.81951283731
28957,9120.156303764657
21206,13228.884434571204
51299,16688.55114679136
92592,28805.286450574473
50388,11151.003343093991
75915,16731.909360631264
87134,8999.055314974476
56687,10792.729028633263
89826,11804.262527982133
68259,28789.397776663893
97034,48737.408544561644
93270,6977.537465204652
79059,10157.849703327709
18370,8512.99206871452
53050,20935.144940718445
84065,11041.785001359473
78930,19230.09541453103
28130,9134.093465514343
26254,14751.590142410516
42163,21616.87815335731
20172,16856.66008675449
52347,35980.459490002446
34165,33381.805921056424
73462,7519.918186016763
93249,14604.47050160878
94007,9971.393132837657
44495,19295.25321982892
81091,7701.293758546257
66007,18697.27330199963
97984,16762.714443838737
70986,13760.900599292898
91377,10382.102279096034
42774,7409.892201517916
55511,6485.038710383966
95710,12039.516465097771
22952,9826.342146898292
39500,6592.374432655939
92934,34001.4171511616
50056,10455.558276353317
63869,46613.14349890896
25052,11558.769978346245
22511,41843.77869826451
11070,9841.819713779452
83956,13526.624448325329
13414,10056.807212368803
42713,22611.505633913104
18806,20838.17126613354
87728,29403.984010115502
52391,19296.722108783542
23422,13436.301631624161
85305,9278.071585600044
97130,21185.294114603617
30823,4541.094289691917
46911,13961.886686349715
46649,21611.51404137805
21694,15921.255943767965
21070,17539.411035595364
32925,7362.166090291928
29208,25430.03924215016
88298,7971.673204257229
15445,14630.130993043123
97773,10094.123316154168
36268,5906.56936862283
21547,19966.126727025883
86297,9736.374146287366
82648,22464.172035502837
81075,10290.961361751619
68043,21496.147224585482
72550,15366.390180745952
98956,12720.432704450357
35518,37999.39164683562
87934,31908.21271789359
73941,9962.484647558627
85713,9846.604744136486
19489,13553.091921812582
50119,9418.922008798769
55968,9318.344937044643
17119,20559.323251751677
85310,10892.202743832393
32531,31817.700262268063
68133,14854.562779507278
60512,8683.577682476116
12302,12388.984297174262
96336,11232.500762183725
38518,48291.487340343534
67171,35562.48597977222
79157,15609.774832610206
17478,14466.34808554978
44456,13403.804483859942
91051,15936.325103230647
15421,10391.582701268177
27860,14973.954872571885
15670,5824.090293985881
78187,17153.901982285413
20178,10279.273989821932
55673,11949.529319029454
40728,13912.654581588446
82648,8921.242154460142
33747,11879.627584691556
21095,8275.678187285273
12525,14544.058483511386
18623,12795.321416788935
42743,13549.26994123904
43317,17579.151156384163
42069,10809.889499764784
87527,25138.113855238196
63913,22866.456154516145
38136,13116.891298606995
71430,11030.621956297373
60592,32717.65871722663
28464,9842.158412020424
81822,10630.25659986031
93519,15498.755291691368
73077,15674.973323654027
76486,8875.150036395424
78388,11774.015720583619
62317,32266.825132389356
44388,13791.750191831909
33988,17334.62421310584
56111,9832.70070612174
34283,16837.853591611252
74054,16470.037584105376
37251,30774.842385427957
77189,45013.49209060596
73217,11068.522590824257
65618,12215.395583792204
63836,8055.631231564033
32405,10154.835388096257
49001,16900.73240991386
83485,26674.246186736054
12193,31169.701400966176
61540,27897.750907199355
19162,10877.159548836926
77429,19386.49023437057
16434,10429.848101716583
22133,11281.239746688327
84723,12816.260806295042
78669,8169.3924490050285
67647,10352.820871801956
58627,10124.290747521743
41911,13495.682950674269
44914,8991.620963707295
24127,15670.400793766412
78447,9654.581082204586
29894,14509.705443357278
32691,32019.598680118033
80591,15184.825092474528
26884,22131.88612673398
33190,15135.525041396475
48985,13213.356223704497
58912,8369.46303402514
80406,12798.608525379885
85382,11360.873441146643
17453,12305.498841809274
82681,18325.040252671268
50469,9500.923463976364
95564,4711.300650351412
95446,11639.537605611004
47365,8917.192950013028
96774,15572.080450480484
60240,11211.787558040549
47787,17521.980793775314
50393,27717.289605474954
89325,10039.806669884067
71362,51538.628307286956
58892,7438.819314310391
13528,11469.955026527283
33873,8022.915594448896
30456,10471.134128697719
25664,47369.19914217727
62105,14355.964803431745
83946,28240.45533288305
10323,12140.655103828733
54965,12125.613304759874
75658,9180.84173776671
70681,10889.958690933829
30356,7588.632961293304
80223,5891.0249810942605
34637,32064.186197577194
82858,12015.958833127283
75284,14771.550065683916
11090,11554.269402513895
10640,16315.252919406368
12857,16999.094960212635
96340,9601.381902360778
90215,18441.823778567625
36067,18543.87370414672
36495,37446.90127462557
92327,10381.194892238502
17680,12651.314206533816
69248,27090.752139302458
85378,7856.434198521105
33965,9914.474124656412
81996,8015.934175585595
84413,9991.571737502658
65539,16203.04605096517
87416,22834.15736851745
75628,6512.698833933699
47625,15733.514449371212
32635,9830.084994586947
88918,19869.2825447505
57762,23258.37626286893
87301,16979.73103232742
80582,32695.21113401954
31560,26498.373461469673
77647,9662.71971323338
80466,7528.6058573272385
96446,8419.67872441155
34612,9493.971254498865
23558,7875.686300929745
79301,13640.45147087999
29255,12455.37136457277
71111,21707.89210584385
57409,48666.2546891176
36429,20910.94357830112
40326,20044.92280499677
15677,15814.562323276748
35956,10803.017397875228
63807,11424.589661354297
64332,9119.017266827364
31720,18828.521760835487
57152,11278.202066458369
85225,8817.403723178584
33350,10287.246768407367
58080,20114.404089107826
22109,15592.677004382193
85314,23247.39550744028
81253,12489.818491774706
92517,30849.088819240853
46254,31480.897363830045
68510,18440.262508021482
77561,6622.965535584508
22258,19839.97711642524
23803,5255.095308248037
54304,12159.164609287414
13665,6963.15682824758
94607,7754.989137888961
36345,9269.455774122715
48241,20839.4380720477
20698,7117.204986762552
88656,15903.91291556088
75447,9353.414107978855
90524,15686.695750763962
49943,21830.432290395842
26882,19462.453477469775
94898,9097.719646346384
34750,6966.259317084736
73802,33420.630365526915
68587,10928.562951431813
53965,11763.778543732584
18176,13891.428524084951
53926,11346.084728292182
33715,16455.241775668786
51534,16496.333585793247
15686,18060.3944953129
97580,20222.250959174235
27626,11949.498493532366
90807,10725.29111231635
89732,9269.430485543424
81635,7609.212459713564
90649,6582.131709365072
38769,5359.780017144631
51339,20807.266189819504
19229,20699.51115873215
93470,15331.307708261058
33336,18410.399020860124
72510,6790.625289809081
73771,17351.86595204151
32072,16836.162384000232
42176,28744.605249403598
96195,12811.460695019967
53215,10679.076038510182
16868,14556.675128587442
50036,30512.340240630696
34903,9156.841370847429
33538,9882.08707672155
54817,20917.88161664171
73872,17490.324031660683
39135,19147.404742938623
23892,13164.275952983358
68592,11615.31557237397
97691,9009.559506317702
46778,25773.993096823488
14555,24807.391128320472
26418,9533.699205463807
17123,11346.196895858651
56120,10552.714301258133
44583,16350.420501237402
10590,19044.709070459267
58242,14557.849729402877
72189,6507.022140364601
16381,12686.707875138742
73871,24172.20189686747
95489,13675.690795960323
57537,34813.82143392094
30298,5588.196250640987
51309,4718.078264963227
60777,9151.265969164486
28277,32940.42188372649
59153,10084.207200201454
32399,10528.12525996533
80378,14573.337438081802
10723,16429.78124321552
23821,27629.274811813622
15459,8347.952273773433
65319,6207.8118181577465
79766,10495.97527773534
30937,19191.25014158408
39577,14427.448514933603
13966,17999.58008388332
35431,9677.590707754312
42917,11752.079694797785
30771,10368.659407436222
27921,16310.559533149975
10810,18918.214275985192
93710,9643.472102793268
97394,12252.557806267232
33566,6113.291419258072
19229,8355.968094323669
38232,12868.106852942215
11717,12281.008336935178
28637,24263.411994884238
95440,49060.57116049713
50545,6439.963075767984
76385,9954.972697772799
19468,15763.798482624963
56883,16197.717003581256
72049,8907.47222154535
48317,26453.663071443105
33335,18740.613431043173
98848,7478.16225913659
20012,6718.177317403295
21874,8330.617664831445
67228,14540.460020640658
71485,15463.136750420002
83573,16060.44688177471
71538,15940.24237087874
77365,18858.995250772798
34796,14473.249238152106
83622,11679.923991737027
24184,13033.474222611389
94060,10350.086315754284
68903,7533.408050286756
27581,17147.718839086076
92508,24457.460271663098
96904,20504.656427072576
46590,10975.056065821656
69882,10025.929258693312
93747,15831.038336035019
54376,8165.476463470604
15516,12837.06541573958
41032,17284.58421424394
75608,8634.591948315596
66242,7190.314709880209
85655,16731.441840020587
35037,11968.99104200929
38228,26110.639236437655
18409,17125.283527101954
91880,39539.38447199625
65832,6456.102852216212
49357,12455.99519653158
26226,6872.612193648232
49634,43433.369896599965
95231,8406.232959405845
85398,18563.2720945813
46067,10534.716616400601
62723,11292.431665876951
18704,7808.141435183496
12025,10596.626393000419
32617,9372.041664592893
55053,15058.415391991643
26728,28910.54502564533
77677,18484.782552882232
42142,25560.460711080897
94184,8541.315994547485
87467,71025.63405458242
11774,28130.941485409392
94888,18615.01596619837
99039,6908.440283454071
63090,8410.009174203007
31681,7373.477236400477
25482,16028.694097315087
17917,24754.57692581001
66643,11296.846296939708
54482,19801.706568154947
87951,21535.286551670637
83345,12252.261338670098
14940,8887.612029801605
68304,17086.190354213624
26429,9553.978297204956
35177,8347.952273773433
21993,10604.424031863655
32585,22876.91291320377
85940,19896.178951194037
92765,14792.066738525225
80457,22292.83385175011
33816,12108.375697590585
16715,27873.611441283334
29698,52511.25517771884
50146,21027.016871434662
31918,30972.277837603477
60187,37091.791268810586
69155,11929.698715431403
87240,9666.490427043515
62467,15089.6636002275
34938,18241.47668327005
12899,11549.406436158937
88559,20289.527218800544
23827,31843.1293949369
31329,5951.921750833475
59133,12965.464572907784
86534,11451.773493095825
40880,24697.66837270109
57910,8848.93249862708
99390,11264.556550333971
45943,17962.553127873565
91166,8307.884006468237
16873,7265.92700610043
61385,7689.420130272769
95681,7731.647822567291
54815,29259.04421815311
80547,13714.310068845827
98786,27674.477307772584
90182,56811.79756080015
25448,6647.797705600173
90731,12817.570445144014
80189,10576.94482628689
47883,14710.192161402138
10837,12923.412312929646
18342,14296.021041153972
29400,22000.528958358795
39059,29421.991182098893
25389,46314.40210043063
58349,20435.983648209127
90623,5740.763414890012
51915,12815.60601277716
78285,19503.065505215924
13297,47858.62721930053
13016,9622.129381262232
78426,53232.735809690625
61703,9247.025929515981
90397,13075.789215091185
31916,10732.671659349358
31184,10140.676051636961
80454,36177.006400382954
21580,28737.499301609372
20564,6400.854309581022
66254,6792.9450918393795
60653,9176.549750801612
61844,45316.35253862366
34834,19087.382236953203
73900,6097.805337248783
87902,13397.66121437703
18816,8759.333436072375
95228,14679.703874671612
62411,44829.80038645518
33398,42110.01748842905
63309,54619.06558019157
84544,6534.267850105001
49998,8035.070291876438
82358,17642.445164030913
49230,6554.322172310547
33528,11200.463208286694
62471,10059.877140254228
98830,16304.080437215263
60456,19625.157340912767
49188,15052.315528701161
16249,12334.94998113233
92595,13949.213918019588
98782,13791.802731673735
59542,21847.68920925456
17428,41543.74440398612
82937,13555.846417389877
69556,19219.20759087372
88386,15713.891932695366
65177,19318.392303935605
87834,8845.033544074025
20860,8951.865959172652
34940,10255.028215188286
46650,25611.86033712286
68410,18859.27598680662
93250,7197.62119131038
16815,8445.142272232855
97797,31756.571613660213
19326,27561.43206249863
37812,7729.6564418569815
44553,15295.359015205473
55826,26907.108288129144
99973,13819.39655468568
21272,13709.543984901313
48706,13233.159290431213
39968,9621.843758534438
39090,10062.248053264919
10330,20397.81856956361
39819,19523.045969076265
28480,14139.46938496517
49642,26586.853116358416
67411,17435.64701947884
90370,24500.30181259363
88258,9596.862599258971
74311,14412.709834702371
61189,6116.235301804232
89271,8407.07087959758
62577,34749.9564155692
50755,7972.821298842622
26400,16688.756209133757
65587,9995.595073659519
61038,10249.58334548279
46110,18448.735076618865
79186,13363.806449665886
25954,15939.28951547326
41461,16826.66639411511
13138,20847.72899350069
65233,10427.753654827715
65521,22320.065387767863
82875,7649.946761058638
55002,26225.7740652246
28742,11811.021870929768
27830,21656.303865927584
23883,57306.57459259295
49352,10126.473803904522
64404,7014.608115022522
88310,30487.548409744137
30286,21527.397525370245
88231,12548.723072603001
29635,23118.633478646152
51373,32377.07584493644
89474,18926.64729790661
27690,29131.55003579757
50363,7636.353286511472
51943,35238.76519676769
31250,21751.094742936635
54760,15595.817032973338
91043,18153.841167983992
93523,9869.432696054562
39318,10886.013894153108
67337,7326.114114144668
11808,6195.369808035326
37647,28722.651886300824
58921,15006.26278841902
93557,14425.570531819052
50036,8106.413869818263
90001,9590.40793632987
36533,12989.32301644226
75165,26619.311309878176
51239,13751.554700925975
72939,7006.93710901066
65686,20634.722562590723
17328,20920.496924526917
67395,9818.567263739036
28772,11416.858840517003
14070,11339.85841264061
87097,50784.867446016186
68724,13503.273187822882
25953,26411.316749552614
63070,10654.632424198386
19078,6878.635770147159
31975,6479.77683143851
34097,20964.090912813215
72154,16036.530559873072
82572,6132.865245869591
62841,5411.685952329328
73364,10091.833120686575
24274,6400.560969857639
93223,25710.19603045275
79528,13064.744311197464
64766,8580.417867622691
73561,22078.348283301606
92726,23090.899796647154
83721,13005.364023799937
92406,19658.83047410565
17975,11339.823241845694
65949,9944.284167516835
14108,9877.816744165197
67207,11582.531782224305
53604,7100.762578259231
66857,6262.574539103274
85500,15774.264265470656
10973,54743.40345352983
76102,15676.268264361843
49462,26368.325290832283
85490,12108.390116606999
75947,8985.302327355961
39188,11388.601528546567
78070,11661.87948978609
10836,5833.970020196277
60567,21664.084763348772
46036,9707.538034547411
30851,14471.122647900802
10852,16463.00859461981
29739,9264.62256883101
73868,13989.43159081238
30093,27172.724886817923
65138,16528.229786280608
32475,20464.665322403805
86579,7509.958193064422
80454,17667.898727945503
86268,20786.253981340207
16324,12417.802386275303
82011,13512.007596706764
51450,37881.28277595677
58048,11970.768748566252
67175,32626.190034722495
73371,18415.966150920787
52627,18765.978443697168
44432,16167.363758215646
66168,17392.592586779527
90295,16970.32621086301
69036,10539.387909283476
49466,9891.489568055247
54941,11044.490751402354
42905,4588.07798745979
86735,30256.799427173195
61779,9960.666004155803
50921,14561.147944338933
10908,15760.416649673218
26847,29901.932936548146
67200,16793.46201674982
18598,28808.396851735655
76277,31440.533326724653
17179,26005.004795105015
83073,15212.757743948625
40548,8161.287317300319
36298,17019.641478911202
24581,9427.959580587005
26950,28681.2425383469
90124,56494.5895390673
70405,9619.4140534361
27485,23179.909218727447
97853,7327.43340751084
38043,11160.412302612476
82429,76527.98482164231
65491,16693.41648201867
77855,14897.634992125726
43965,24062.458463730727
14369,11182.077372900634
45598,84103.50358563292
48275,8467.71808670244
73836,20689.222983107848
91427,21167.536601839434
21206,14485.610394142072
77949,21234.780228464842
50112,11678.371916677681
96698,9580.947673283237
68431,9770.134147727975
17910,4941.730790736261
62703,9473.232014452813
98657,10255.158258558953
41910,30868.424701475782
85206,14265.976812668881
84082,46628.29964794224
17247,25800.322782767806
47389,14918.503328385188
24747,15814.495250887643
14072,8654.685654670684
38519,15408.234996387426
39973,17640.72385107743
76683,22680.765446350077
53709,19209.221826444245
70836,19390.37911701163
87601,41851.62805815332
39372,20134.048570335213
59066,9276.07849004407
31925,13739.155012267984
30585,16670.604182766474
74762,9147.293613555663
69762,10591.537661893984
99301,13871.18844548223
81274,10504.878586562818
81158,16150.618470245772
92423,21443.825692180908
13818,17461.008321907968
45488,8007.528892550052
96056,8741.719497712857
34853,22185.809903934092
74727,13978.293524720453
30916,15267.288627493443
13001,28224.480879138995
48903,8039.336878659033
12079,19236.135222817153
73814,49357.591207774676
99027,7786.5745548915
84762,15383.849965768697
43732,12489.067616930359
19155,13850.626254502728
22163,9832.84650525095
47808,21307.96785558299
84170,20893.769631961113
34551,14683.734212067171
21789,8268.916889201522
39371,25105.898297143016
75145,10278.59547628727
34111,35073.06219326879
88531,17380.639005530313
14007,11761.66112201009
23225,18964.749157508744
53248,8662.378509358372
23521,16430.398092349205
23773,869.7605640513775
16873,17982.989800450003
55637,10386.312480915054
38532,9460.530764104858
27447,9953.471101090538
82213,9596.382826634712
34258,7533.428199952052
76317,15384.133133315921
75513,25720.515441955984
51039,32559.90854264557
45257,18960.40973828719
16928,31965.574476302703
46001,21243.416300291676
36510,21729.66907540998
91032,19943.99999252098
44310,18423.602900757745
74655,14406.70501986676
25334,9921.767649192934
55461,24334.147211924497
67808,10738.026155272557
35091,27006.915731177935
15335,25537.75174922536
70074,32785.96451231961
61506,28365.841732038894
52958,9898.224126113246
99146,13971.667482260571
21539,14771.030650553384
88250,17738.268019297175
63230,13822.558206861737
91365,9449.17170917234
19971,12691.671969163073
31520,19892.10824004452
13161,11472.117540027557
21038,9299.5312599764
73460,12431.093631532722
86901,14016.891854879668
30649,21823.83698681372
83419,57315.37618203193
23647,18671.683097012923
29760,5647.8284818806205
60965,33022.95011497046
79698,14368.954778861244
77716,13969.140241605892
61256,33502.940758382116
48140,11840.924373462025
35782,9918.334242489493
79065,20139.10367820248
24292,27800.129456713992
50543,20600.816318316036
80646,13794.30471728147
85066,9387.455918023004
67533,5960.5641182358395
26594,32638.073560978242
88288,11489.766510549442
73798,16403.769954827938
43840,50603.09653339094
27761,12704.429194751718
78818,34419.17830189345
68512,17099.740792932786
92485,12902.15865692919
74967,11818.766247449188
95649,10595.177322656866
21946,18342.018150127897
18848,11613.999314334522
23840,9946.839580365635
54983,20248.760788228235
15640,23075.487682022722
33454,16015.891414080732
71404,17603.70014613073
50617,15734.654771246825
99381,17766.792834179672
83612,16937.548352584527
58730,3908.6868799027634
50257,8615.09644211732
41342,21049.51653976563
65573,26012.64623991881
64333,14005.554512076069
26346,18446.88083332802
70795,36110.785816700576
67491,10640.333198696011
30397,12355.014135301513
64546,26891.397406739998
95841,10782.868787422032
23438,33251.61977953249
57161,27946.863860039724
26446,22192.555787909194
39798,11696.054327821072
73942,9173.975730016204
96514,12184.258369762141
54917,20501.11267465695
56856,5978.646321256772
20429,20958.097901456757
37811,24209.775632317294
45307,8206.767588861429
58456,15707.937531227457
82419,6926.001965568859
90256,14701.735426215559
33325,25440.29889199257
53789,18467.62220000026
40864,43078.92420768342
58391,47904.52715777035
65887,8633.948147666208
76541,2747.872440705718
12668,12206.210378812022
54180,7995.277117754062
93944,10444.221082656124
92572,15494.266926361805
51511,21882.535480356317
10306,8056.47998857631
35328,11453.100813157478
11186,15583.805302238921
53945,19777.99162883473
86042,13167.010859270762
90344,3753.491384778723
25561,15982.885397519016
10532,6590.845622960527
88733,14815.964362191096
41537,7723.9044863017225
81665,16600.61350331668
66331,15517.179163266032
86734,10227.969440850882
32512,8892.468941839503
23055,10200.408360305248
63002,24675.724561487867
38262,24225.647924375262
72672,13337.477993457673
19752,8915.579756619942
97877,16113.385487206442
60804,5371.762671940145
84638,17677.053192279855
62068,15284.548884661568
21234,5823.088396706806
20912,22067.294531045918
92725,10953.40096896145
29950,11484.39983819478
57121,20109.254644326447
42823,13702.844426692776
76687,7696.149524131266
65526,12269.406651397388
85379,11157.851137275477
74606,11749.764679313741
83950,7692.3134568848745
19852,13314.978625502601
97214,11208.77829038665
48556,7058.39106995072
12645,16883.761686414324
35398,17803.202325887934
58341,33564.52086479834
21486,8356.274943485074
74646,5821.775125230612
79383,9853.811681519266
38254,12805.188103428824
40621,27565.4675849594
18678,12875.518439550146
13323,10213.115852513201
93750,52465.56298901361
67804,7846.183275098996
72663,17912.17247882149
46849,31857.637213888374
39909,29369.028715942233
65124,43855.59401371531
17037,27173.526146167565
98451,18850.22290782562
62173,13527.338568829595
15221,13606.735543341443
91884,14537.604432096585
57342,9775.269404507868
25577,15248.954744649696
75533,15510.713411819239
82331,11563.097522237746
39995,11869.317965412589
52325,33247.968961001345
92448,16110.05080001619
15246,19020.556416571064
38683,15940.24237087874
14110,9420.365796334663
29880,21815.954985112414
94041,55698.42995151642
22573,12057.561971919753
65145,10915.265980461143
15708,5528.281335780983
81469,14500.073268109109
22479,13760.900599292898
37882,21027.704950227064
49959,5921.420337163108
27076,10579.80879983932
78361,13637.156765000738
15663,18416.249268331718
75212,13230.963844483063
93222,23378.363465847855
27408,18323.359987940352
43030,8208.73378101388
24805,26961.0444225884
41043,7682.432714268654
96326,26957.09523017409
13488,15503.054141707898
61159,17154.71851253447
54582,27249.820103284015
34911,11943.23402144116
67333,11327.191005959052
94180,20245.8471539418
25126,8424.480170134198
93572,7071.524946054826
94844,29508.990352155968
50366,10140.21869806563
11703,33037.24868518768
90811,9459.45188804734
60960,14409.691606303553
22406,31363.292168935423
78517,19402.919387788712
30231,13213.676863491048
46117,6411.600575084702
99778,8377.135936690347
29100,18740.222109390725
36985,18637.798753263603
38387,22115.505833684063
42851,15175.04483192776
24270,14635.403501647448
29536,17250.23535584119
67784,9502.835085210418
53345,10484.665905017551
64518,9504.653661202188
50819,29265.374632833482
66593,28206.066657031883
18930,11677.546418603848
86113,8314.973059521388
23175,8009.621625746893
80190,8527.806286682346
26265,19669.38665751539
97996,19925.477307846086
66598,48332.28090004809
21779,9370.762517378855
55239,14947.95611231912
65312,9415.77797677648
39002,13265.70972892417
26844,9048.422915274747
79840,29039.102388218555
11399,10732.909093060338
83576,12910.498642207926
30626,13753.767894580928
90188,7485.426484593483
19926,16940.409043398595
87193,5655.714457979213
49032,14432.564543040182
30636,28033.440740156184
43165,31046.714026869846
82364,12349.060601824596
85319,9978.638444358246
98367,19758.190823818764
48787,29027.777129628736
16940,30275.19402786962
44298,14981.72404569446
82455,15482.908424457477
56316,2477.5503108776447
93302,8234.633576347303
94537,8549.253266282742
52451,20519.93066503145
18544,5793.587364492903
59096,14239.051677317082
72303,26345.71536798298
41971,6364.9421531461885
22315,26397.248127999435
80509,1039.7364578907236
48927,46696.20919805317
44547,13289.988842662631
94422,9834.547204070492
88709,11166.931297493462
97966,9328.340927922065
16279,14886.673588565738
43670,9494.90166967392
66522,8102.545796461278
33092,18526.083600972048
81877,9884.838991001978
91952,15128.42128248463
55834,17827.494794643862
23156,20098.75772267592
62539,16230.919931517028
77429,20967.664072596795
76427,8531.054408587624
66639,22338.071428084193
34658,25990.501644529468
24509,20187.207095904327
13605,12157.199969095967
87309,16697.368399363968
22144,12251.989114154332
62203,11702.3409941036
90929,19722.19910397046
17314,6874.680388014873
87325,9544.490147577259
67240,21077.378100315036
26206,11685.879020173072
46979,20628.011445631048
55801,16531.31703964511
45726,11322.96491526336
36648,20092.716590454504
62018,40518.054898216375
71414,19113.893788109486
22244,28185.173232525267
60341,9638.065380759326
72977,19093.45110819005
98877,18530.02052696442
44339,12697.977088336564
75359,9560.69220172013
12321,4734.276289289348
98975,30328.997611426443
21089,11668.149600167071
72712,10225.038265133173
65774,7786.968813869784
69542,10669.433086035118
99499,10736.40975531309
60057,19252.839558226813
25519,13302.06761675563
38387,16288.821977221556
37924,14026.456856979145
70514,15589.73458311486
52304,7717.384473317477
89017,22848.30155115357
23385,16102.137869201557
16286,35016.724819635376
43953,27459.21290978169
33870,6021.146093779376
54157,14636.808301612418
17425,9869.535215139862
32682,12077.797072218213
83416,22161.26310278617
57048,25268.952149349643
32651,9415.540639753246
53015,13738.575060201605
18454,17981.032521966
84867,13987.607321795891
77211,22366.982655435902
47153,18730.696116539137
57523,7288.313270077828
67737,30573.091481070463
18702,21791.191831865643
85752,17006.36996883074
11536,14802.888551263599
97422,28725.341715315626
97105,11238.284071213893
20596,12101.51677740673
19327,17645.004564034705
28586,16001.847005111431
68926,26560.889814349644
18374,22258.425682837
49327,14475.764721412857
77271,7495.95226964953
71255,7414.258720451946
53658,9070.435572292105
46239,18574.97804253912
61702,15710.362309620421
63727,21372.22881035158
17640,17294.1773123313
46525,14143.010023367813
83704,13170.838252101586
66029,23381.9722003088
75801,21505.516011808468
19190,13623.221564635838
48863,13201.625030426345
28291,9633.00543842382
83513,31010.149009139546
13584,10452.7335644185
29227,21302.32669970001
13874,9118.108541217605
69078,23809.9022193153
43968,9052.092239613125
74146,24754.57692581001
76531,10507.856089142268
87404,11980.251346836092
20165,18386.896707051084
84016,13615.328989226431
82439,4868.79226334261
92021,15349.807662711539
73527,8807.154022892137
94472,17149.639525234044
88818,8590.159029333345
28611,25240.60244830305
73452,21083.928614249202
24540,12576.865448847428
14102,14193.25281158193
33464,9819.747548750991
65016,27573.187483827827
67471,22698.54712600599
72051,9979.460953815658
24360,9988.645104028623
56473,14472.14183646696
85526,11085.204808615106
61489,11130.115204541566
73843,7337.8395170256645
51613,10958.816356150339
62157,13582.93055685124
41393,17290.633304157956
61107,29505.851057511158
86211,10698.80949103662
80530,24972.23257097595
36032,23658.47080025353
69347,28469.264726925256
25975,13713.814571201037
29690,18576.72895579741
74915,16781.11824339761
20564,23219.248678251904
78225,51310.00417248549
23818,7257.954545055407
45359,23295.38604539597
63346,18354.0089781172
83826,8743.944255046194
72655,8394.690959851137
73121,12853.152463515431
13555,15585.235354353226
30199,9352.679497657704
80315,27730.527201170466
31376,8430.205375170337
26374,25990.457638001262
58609,19481.24124567554
20142,19821.80403925899
31677,12699.978379635579
57155,8484.266775417824
86816,11485.496504028299
45047,4666.15127151126
31149,25505.435916210856
52263,31996.230202508545
88807,12057.298631676345
38460,17393.388280511354
12776,11273.78498285868
23189,36189.93323765826
37755,25196.24318168391
53502,13537.966149662096
23831,14644.12324939266
61676,17047.94358218471
61525,21533.167309526238
65956,22511.976616796455
30312,13824.87104942946
99476,11024.378221036994
68625,15223.90203602047
68163,7942.567061560265
11393,14632.360856976551
62166,11222.85548912239
30685,24036.672099842996
24418,2749.248491994391
57893,10447.811732944076
51588,27802.23719238052
66155,17656.106705078768
12561,16066.612426929938
80588,20369.48861924573
44510,15713.339046508632
35882,16430.861269971836
85284,20388.305143804926
85482,21108.551479588936
23809,9450.325732467907
22339,9140.407164790238
33835,8872.174181369677
87798,10319.733262834088
94956,15538.01105083245
81609,12016.035981931656
76040,16698.049099306074
19048,17414.28253945542
17768,5902.207353103611
63293,11047.41360882745
82044,27423.077658482427
14112,11578.740012676917
14198,13573.856265325237
45873,10705.714710339653
22101,8813.992557976086
36737,17984.01916366034
87821,11546.380688291281
29328,8224.894555105731
14346,29061.19718504775
71612,16081.016012606446
83475,29113.665235346936
60762,13572.261474015591
55968,12102.880884716866
41532,54148.53157140358
18989,10721.421149895305
44800,11152.20527722286
54074,16904.518653099978
80962,10645.405635461433
12049,22453.93373963378
29169,28775.144976586416
51370,6902.004439539496
49161,17568.177466081022
74930,10908.102180898473
57798,25085.642948199406
15588,14076.693519441607
59736,8937.63947122779
24327,14570.988697170049
99463,9575.076792540967
33580,50815.623759225586
74767,17635.0814735225
85251,19925.477307846086
19094,52151.703927562885
10484,14499.24080289109
54045,12853.539637064441
95538,25416.158985062226
24409,13324.553033530936
33464,14835.093156209346
38423,33266.053681673046
19042,19010.89459891838
77245,11176.524086617543
84367,27531.32848452145
71540,49521.06470130515
36609,17346.88776968892
87479,23054.031125774378
60879,5205.100035217067
45224,7161.730984981041
12427,9779.218033062125
22335,36890.179019379284
27004,9630.275228083741
56622,13335.142985362829
19300,13912.754200974303
59302,17122.861904968195
28946,8846.552837031479
29516,18803.357246395277
24048,8103.614141066435
56090,8804.109969916148
20844,8211.371212936338
87028,11042.874843906531
13130,8807.396200581694
26592,23275.07020388887
64998,8742.812251644853
10714,11670.945523506694
70014,6630.067758667556
67028,19922.32414871876
20959,19652.72232502977
31495,7769.885430862843
96194,11121.147287186395
49046,13709.296535166402
22126,48405.90504966694
68267,10176.476946202576
47889,11421.286384875428
39348,41576.26383107814
51233,9201.328730668421
37359,14577.775406934757
46399,11064.720616798386
49014,8593.552919109761
55261,9528.782642754642
19990,14520.748618961203
38883,19054.27114051844
61632,16994.087220304456
45839,19916.953465648014
76887,32904.36901411429
61787,27538.308289940247
74084,9949.108168497633
51576,14650.41453036811
14160,30844.102041245904
62601,19327.649638813433
49239,5589.382891841622
23009,14744.994386868926
18543,31199.24741794829
19471,20636.315438616402
57817,739.2819940146492
84174,19219.377337703427
12414,12206.475294223828
97787,21079.118518066323
28819,32538.85041840659
21168,29122.238317081697
32312,21791.340499456113
33648,11167.518117730931
51763,3943.5738531036313
99444,16649.445319646646
20668,22739.17574752103
83788,16338.689616072328
53445,19847.343215208286
43330,22296.11167952919
55496,31255.4123417089
62565,92161.94928798694
45621,18144.853618523197
42502,21244.672176675384
56169,8279.599307786933
79462,10118.561749535518
79789,15797.064661193695
23884,16211.34190252347
75233,30635.73880315743
46190,12806.163963631629
84701,16284.903394862211
24362,22729.71943260997
45772,12040.07404554179
59622,7752.953859523177
59634,17167.567252708413
95212,19551.378927049154
85501,16482.19301334902
96874,12965.814938725041
62814,7995.76766031475
83222,13178.256979474681
53002,29990.824148272273
47202,10783.563735937685
50601,14140.086390950644
54847,21232.11786531927
76459,25975.751790702365
96066,23101.55761109248
62647,11718.196414647822
30181,32040.392320243132
22843,10240.028010194961
34610,9195.931673880033
97277,8800.776979632086
73508,14463.867236741746
47913,24062.368338279353
72749,8214.49671713378
33219,20883.09210434601
14536,19571.92602326253
44105,24311.99180216124
40277,30858.4647179641
11455,12119.67383062153
78490,9592.575416980466
28391,27835.16527773267
61076,28470.48864950348
76959,12996.92085598762
12442,21832.51007086191
21248,8554.37230740443
29333,33806.04361140868
84694,16229.300200816799
44922,13637.266835688171
62483,27602.74481680554
20042,8571.211327635774
89018,9067.685263094725
74568,16431.537808758592
78824,34327.73640728242
45982,10747.99887856389
71643,15508.585205702582
12017,8524.798279168586
10114,9950.404828982893
28704,26148.553614203407
89864,12212.030095712711
83262,30083.054821768004
84494,16631.777215262635
79317,23611.359134125156
17098,16600.201147387623
62321,14485.838856665034
93247,21327.374867601924
27508,5619.769660835353
65746,29279.65614002444
44357,12543.363295966345
13501,10402.24490217834
93771,11122.244433243945
54671,7076.668441510867
73288,43706.534711639884
76393,15407.459607686022
13301,11868.479942454036
29126,12426.219452309768
32503,11652.413036948907
20007,26023.77171765207
94933,40542.86973242791
91614,7494.819944527995
46828,46632.77976458377
66114,14622.071923992744
74833,23297.14517198457
35024,16945.590241188936
36370,7861.789233355979
64066,39238.65007093354
94329,13631.026138398884
25816,8366.305786845567
12188,16292.422586930657
76425,13942.180207095766
53859,14989.29057627583
43016,26084.05444313898
99861,11333.847720159634
23335,9529.468457060524
51831,15621.941052203709
59663,14985.455570696151
70173,5378.760621671188
96651,12624.570311008769
38418,8003.6551175529075
25517,19242.800569619274
15207,6850.397010720651
33035,22697.87502918351
12632,20277.73302099691
99622,54999.62183113291
50592,17243.563691847834
25628,17853.58587578481
89396,6551.46056797378
70525,7618.632740905536
65328,13191.162839827804
43982,5935.668696323468
48843,9065.870163859994
97565,15596.807017891017
95138,13378.668689669168
53253,20878.338825062634
45335,10171.197680240812
49747,12739.423073412092
21808,9261.228702832741
93025,17457.782160404924
34638,10436.480878628716
30635,20470.996642132857
84358,13504.135837440503
12233,21252.145063151933
80762,6052.718108188919
62716,8831.655775135574
41894,9553.248302983955
40217,16034.959441450248
98478,14798.325275597204
97880,14754.713854721524
15590,11265.930020468048
12571,9073.769708796888
58050,18251.060931202315
56057,18165.595413549596
38537,16849.754389056987
30336,8721.604316614312
70291,31176.239668699185
81075,13623.657430574342
45366,27522.855846475024
95791,10365.57903379578
54172,9582.711391367995
42302,11271.928672993465
14966,27365.21904428844
85577,15639.341264460154
30595,9156.841370847429
92101,22495.861448749794
40805,7394.4425845564
77303,18618.98653854832
28009,7846.097502016328
95750,9361.113056696826
63160,15209.015315920722
20972,10361.640125837981
30361,11846.888149650742
35944,15706.893222015795
38565,20186.928552795263
50203,30792.57329680272
51495,21446.69484043906
23882,14546.184652214692
56063,13568.486406423883
29360,7489.694897804358
35725,32284.204783112902
21333,15349.04524279186
19057,21236.67182804938
10637,12046.242298920097
83215,12723.93274146666
22715,9484.55427839583
14739,19411.848182427868
25027,16572.09630285253
79479,10854.844700874615
77959,16793.521921385294
64117,29946.240445349536
97339,6020.311794806374
70792,18420.843048152627
43486,9543.92364909236
59836,10078.655708707356
48580,11538.50797605393
43872,7344.435245128092
19617,51009.55694429557
78803,6578.544066067423
84828,11327.128903997145
63459,48629.196960748275
28367,32438.42493190204
21878,21710.3045591171
93717,5597.796383571975
65532,19373.664155927327
18443,19121.542271343522
57355,8899.140548512103
98097,16536.696144036687
69649,9558.339276485489
44356,6944.269795909062
88070,10155.05852090044
81854,23133.073886568003
82859,8408.000876398975
59023,54385.847647686496
37906,38452.78960784759
45368,7555.284815945077
45613,8173.786723984938
95433,21304.166435420666
38922,14592.413413986971
59468,10466.850211287212
87038,24698.469536751334
14096,55765.409179700786
54428,18377.92662692777
85009,21498.8578278219
72940,15384.056247927976
23754,18182.746926169122
13942,7226.9257510051975
39931,32803.26816417067
28957,11244.837574588477
81470,18913.248775833516
50461,13218.82098990057
74736,15136.494160346063
61510,26446.056571519497
84767,10150.922175997775
88897,20751.999178573198
58964,46967.94771397179
25919,17214.40140237911
35262,20909.337335397297
59651,20165.584482617196
60401,12148.615114486794
89436,16186.077614167742
58360,9225.585909630161
98770,11668.627379097547
79043,6084.73869446181
65208,8033.773225953491
22840,10382.88179905522
30956,69174.96790589773
40577,5248.831943696565
82667,19834.05234990904
73837,20213.552399065902
67396,16995.68239915826
19508,36558.15752236925
51989,4787.4514341866325
41596,8352.30022602303
21052,13072.322656095306
65097,18875.58365111954
32760,26721.312725680393
50654,10988.062328322596
28969,14049.717782177155
10489,14757.653193054488
42338,17086.20709390474
90653,11693.733144524813
68190,19302.87690783904
96676,9894.963436151327
29853,30877.452300839606
16013,15438.889144676778
20603,9150.833531707618
49692,21164.088750493116
67277,6096.695048991884
42756,22150.328497253544
91365,19551.91248934834
69426,9428.177961084073
30753,13087.294190173701
83751,3869.461165737328
39598,21509.92561167956
18496,12407.859498496393
64703,13477.803168317017
31145,20210.239174721934
24314,11924.520050039733
79055,19586.709987882332
23387,13262.462655026538
58161,10589.581679612897
81104,16081.21096027964
18240,36029.13080806853
31725,18777.53042355846
80907,8993.634219401285
32778,19305.821023460954
13156,14174.428860542224
91869,5503.727376191362
49560,14721.997284484265
16351,33426.33350520086
38414,26189.126989633784
94751,10620.019320929354
41082,9252.702749308306
83959,11672.419262307081
50460,15069.617793459838
31062,7800.905839081359
52781,7504.705850101271
36550,13777.886186484862
23557,11513.514029438182
19017,12330.012414028117
50009,4381.307101529148
36968,15059.77396886764
35575,11105.89690420969
52018,15269.72833973351
36513,12191.205670619049
22999,21113.505481407818
35780,8691.557571525082
59686,19904.299273428092
97495,27049.87580765153
72094,10259.743859059661
84829,22360.456006242028
78684,12966.807958291934
39227,17283.070424616533
37537,29856.26820662953
74214,13695.46310127628
70192,9928.00861821962
78380,14928.711007301707
89124,18796.200435359384
64603,31766.705310797992
35738,6669.74014760416
58553,18099.48500323364
83567,11839.353631881126
84699,18220.331517123355
82359,9301.280496474817
96151,16333.631885285837
11714,16292.863694486095
41927,18929.182370117596
41107,18243.995575660036
15753,31264.890034174772
12109,6823.632853179019
29428,2943.0507895892515
11345,15089.935356226779
77350,21687.765381501235
20863,18826.98241465277
40967,13341.553894442095
31601,10512.710608134646
84090,10709.759627590352
40069,6301.909588868353
57153,9256.397227154033
23748,8996.548768228078
32961,9085.737721531092
82060,11945.371960664806
36780,8736.940196600926
79687,8506.203855001506
38088,16917.403224374943
96163,9750.940174930582
93964,11334.14235610958
32408,7426.0726275643265
61476,8528.89999887825
90087,41046.39967350097
73460,11363.626447772946
15769,9333.75290257256
16768,81540.0847828352
10944,18921.335157589878
65075,10670.826536350112
29506,11689.298401728693
22759,10700.306341935488
23395,13587.843778001317
24742,8954.567532071474
53101,9140.867665374153
73914,18870.632442266593
67039,24857.20096769013
36427,19837.046106264705
78139,26069.085612654282
87435,10035.955129402117
14280,26075.714429497515
14063,19797.902788745065
93658,7635.314949023506
27823,25462.21212950792
17700,5298.4642528902805
19267,16863.177533215025
28075,14393.557141715897
14311,10542.967204936169
27523,45027.58923330729
25914,43855.48075373248
43049,22258.19268643782
10490,13188.779185949239
30757,21724.397978047928
35595,27608.247339456546
87429,2572.7346919969805
64595,6434.238279224101
83223,6301.892647875169
74177,12848.52562140728
63106,22312.139716223268
60669,31505.693273836383
65422,14364.262629130644
50618,7742.803019704255
69474,13801.89265390491
19399,8574.651465793235
31338,9685.497486863207
58471,9693.807739288775
83236,20553.364559832986
10298,11325.675878018099
73383,7815.429398142793
34014,16155.081062959089
49264,31271.15907174644
25451,16630.268543260827
69279,22165.3168812486
39358,19225.32976152873
19664,26234.794209322972
66898,23493.412655829547
79307,17058.795525856884
63081,24857.20096769013
22611,20281.722356432096
35070,8151.146401850825
48104,9166.283420541136
78445,14719.308947829824
12497,9981.798006931702
71536,26484.411382394494
46058,5946.004750588423
80665,6495.576653667615
55896,36708.49348254601
54420,10017.717556974038
33509,20375.03879564695
41203,17816.269606872527
14943,12180.864577774435
70592,16026.668018454344
82758,15732.40579622242
51268,10728.195565778886
72439,16964.290736455234
27632,8484.426756412315
18575,8014.432611947161
77584,6950.048445954693
80447,14918.425255685264
36738,25893.562020414338
37142,9725.04605356506
22008,21375.586114312842
71187,7518.5286118123495
22049,28852.752048352606
22301,22159.01572481562
66455,3619.298706555366
15194,29716.12326800364
25751,17856.749441966742
29554,16621.195775852924
76566,12892.002916275236
88697,39085.053643543215
85643,43941.83180794424
48519,25859.507882480306
37884,9806.654960537624
35184,7713.518871615746
79557,13335.657538354648
44761,12026.143548762093
27901,9401.090809212736
71875,21789.076940408035
73828,7078.175272576467
24494,23628.07436978376
46996,30275.659382658843
76914,7915.29587412625
14463,18401.876952162595
77069,10864.65057619476
10500,10275.349067416002
65174,23350.0855597509
73218,18032.722766639527
38189,38093.5517093044
91938,11376.807499168026
49811,20510.727435949106
30253,11117.754715208983
98254,5787.214399608938
98368,18725.454276030676
15671,23938.54672977286
66581,19925.87577470152
36466,13258.031891307533
43613,15739.329052132702
30662,30259.56106161294
73488,19504.156991184485
61814,7560.568982524688
13035,13480.11592693886
92855,12241.77516414251
96555,9372.792442637696
24761,16118.782272275586
94015,7343.2611821084865
11034,5129.908923549496
11999,10314.45009000667
25151,5936.609177189741
80929,8219.633932158376
71749,16475.29354575702
26030,10760.555249992998
33755,19672.54523380054
11511,16385.49471140033
55759,38568.216076349476
13571,6552.201511021796
10813,13751.273335111537
97397,16109.977017806388
81532,13541.990986610115
29046,43457.01073252905
21602,21965.189584674798
93044,17745.318741846262
11171,28814.746410242533
30792,14454.335350727764
41135,11004.400491025684
80745,9454.965064212005
82261,15011.157663797923
27282,20105.80868475073
53239,12177.164883683712
95202,21486.011401598153
67583,14023.615401438254
37970,6651.9892406693325
21134,10242.841049058654
54816,18903.22207792585
18309,17604.578888710133
65376,8595.21059057202
52054,7129.950332291903
61788,9952.699968147528
84247,9642.391841373572
24635,45914.76801317872
84116,32477.938675080717
67663,9419.730413623365
86699,8339.6641144291
82321,10126.475126113124
52511,9123.036043845212
71821,16063.109226885297
89764,17047.28191380652
19573,6174.440933126565
90017,10379.717531006487
61612,19218.417097561087
43862,17245.38009338285
69003,22018.756328730473
31113,16802.443900869508
34908,2244.513946910065
28425,6719.745710727129
19539,19317.045037045125
69206,11148.258301651524
29722,21840.033032374544
93293,8635.320508979623
38795,7589.153553644539
64064,10705.952841175153
84586,14408.07204237788
54045,7792.049933420278
49548,13260.195989455882
18356,13385.300242917188
26576,9879.337815765857
84990,25880.636880915466
80604,19391.325447659725
48906,6027.781557655557
12492,18871.844139805256
85505,15418.558993239976
87973,14863.640482455257
10781,14560.996739571714
22650,9002.019944860325
89326,16002.789617531696
76289,22615.518775405675
48054,11658.526460224426
61859,16923.53370676558
75878,55486.32055333024
61320,10255.158258558953
39631,9131.818796007861
17179,19220.252299769876
43687,9666.505419325451
59746,13095.454528750783
30669,26206.96534541666
41298,28480.101220852863
91165,10244.436435366
14337,19218.328692628056
55519,11027.704813096705
32742,15453.632982726094
39616,20488.63523372962
66675,11697.659511260481
67126,32580.88232902246
46931,18326.257817801594
76082,9521.77558622726
11937,13086.15109474995
68052,14933.089464924713
91926,7626.013887218087
91783,5283.025094303559
96578,11364.986711177276
50125,14354.406913184104
80485,25083.6168771768
28357,7321.500658897021
19700,21204.19211360801
31373,10575.83846197954
20317,71750.02733187168
48971,13791.972173924112
77509,6916.483234866282
70149,10411.955078101231
75206,14039.647564928655
63783,11471.003650559105
62721,3224.7260077246738
98430,14533.408046449931
29418,7707.3807328171915
21084,28040.06842547407
32264,13413.844281580035
79951,17666.47976972605
12917,8348.282473318299
23592,19700.760559524744
65461,17356.191396424896
74172,12214.46210582481
88983,19614.380153513543
62167,17795.359523055893
34642,14272.621599805045
89854,12137.629312064393
95649,8937.42585329111
51271,11762.451606629851
96240,19412.390398149728
52083,8631.149498041032
44865,30525.58237776539
65788,15002.405696736185
81882,21557.369808809184
92258,21449.655614635965
39285,11567.820410320259
82345,12364.236097317036
74028,60562.545963039134
23796,8052.370964934489
18357,21328.119541954395
55701,6943.935168303346
91283,8470.090987009207
21736,9229.808417059769
56996,8717.796477620665
64421,14731.251400790823
59458,22503.89176785873
20410,30277.086744496813
63630,10008.53881063672
14030,18154.136171559145
18213,12992.49951101329
35307,10457.885987546337
92651,33643.2326438544
65167,11764.237015052458
22325,12265.330064088905
48958,28471.121024338536
47801,9347.456402680245
13070,9574.404247902643
57571,9892.06100894598
56178,12057.315774501627
87848,17152.444387870586
36372,11271.307897905877
30919,26896.076357894948
55327,27773.5566354041
25754,7582.749594657884
60519,13836.85153190328
73962,15133.849612190328
69177,18648.44690765158
53675,13236.106490382494
48491,12893.458924458391
94665,25395.51029130519
33555,16962.831574682936
78295,9962.346530932762
50275,35234.04462485285
25225,7670.138688710711
41202,15399.897442283132
95861,7556.441127978833
29323,29229.233743634286
18407,25006.153426615554
41941,11510.948865562617
46745,3627.268188635244
38812,12621.344272882001
65765,15717.256528033264
50636,6241.764657774609
62638,7241.594944534747
69312,8345.000387135698
13101,26204.745593274918
48150,16671.104465731343
66236,23324.80141927502
79427,20664.241597153654
28319,25613.55128111348
98070,11623.179846248659
70866,16222.444074453513
61859,32838.92487244454
20499,8612.61532477906
22976,53338.11770886522
93483,9394.760885400541
64765,11451.727765052794
30752,22637.889740170176
99507,14858.046390476096
79581,6097.805337248783
37650,16997.959162966432
88375,41614.16257793025
56644,12466.73149946026
12429,14651.618821090398
12488,14740.431663228053
46423,20878.153306285007
72862,23545.82925066512
38606,25524.306492660824
77722,20273.17706913265
85265,11168.392577880291
82818,13149.1320302977
70756,10633.304565269498
73624,7049.758578943705
44584,8203.253607546012
30137,5647.061584094588
16499,11301.572276625608
28458,21471.553957772867
62539,12241.266213766761
70835,9744.633301888472
22096,10180.470618196458
39248,26971.971547164525
66175,18518.217140531466
24885,13375.42186288106
74439,21490.675860645562
90208,19629.645349093335
66512,15933.572289817108
52294,17105.96521121365
93473,13537.812309352277
41222,82221.90267646259
84270,18407.959849106035
76735,20102.676474631644
92432,2825.528124950066
92242,7344.891384703638
30167,2151.395084471358
82789,31304.09705024243
20813,10296.389060180925
87075,21419.98785999103
29930,15152.703237395728
61645,7052.8603715893605
62731,5457.835228892574
23738,16676.18924640096
78249,21400.710572011136
47659,7115.867060565304
35218,14697.268046983685
55038,25204.90846164808
40263,17902.778485713865
69916,6777.408998298186
73351,29979.140861409258
46696,18077.97940939607
19474,13617.849842915395
67519,11789.656769973513
34666,8993.657005946414
51155,10126.03857248462
57350,10522.06581384589
93818,11200.463208286694
11838,13049.320604648852
18717,13426.326345356332
12689,4420.618809227415
28041,9179.88913053245
51857,18368.202626969436
68182,20825.81556006241
28200,9873.738970820777
61526,6214.043718008688
38166,10679.64268019991
31360,12101.652377600793
21970,10052.631754688886
36615,16623.3936865215
13344,13485.636985289506
92763,12261.498033306345
94050,12487.964694657387
13646,8528.89999887825
11922,10236.629884103875
80419,7400.373847119159
58792,13146.812306052294
10211,30709.534199491645
17297,36411.08102389567
12415,14607.057849462752
43474,8525.940904473577
91451,57624.64298204927
69981,7893.541713976678
44203,7005.303356008693
59570,19905.09832337648
91270,12940.946824624385
61001,10340.505491790873
75962,8573.868177069788
52848,37040.91275741505
55857,18083.262801935012
42911,11634.139227719395
76687,63106.47311823698
71191,27600.349436389315
19897,17273.839956417065
84463,29325.276455497627
70013,13905.50254927311
33773,13954.6081289781
60329,15072.3765619238
19994,5771.42679966445
29201,21220.741788951345
51079,9729.355144910725
51879,29390.76859994983
54723,15131.439811185814
38861,4224.27959417009
75429,2158.5827863982104
67103,8300.674425705052
78977,10528.12525996533
14156,10211.59713110101
95607,31645.774564318548
38052,11464.548061726255
79920,50050.06735652794
31081,10694.90407165405
85130,24895.525219885152
32641,19800.68038790414
80186,14260.91013622473
86035,15786.76424181366
18220,8544.322290526306
92830,10690.771674498888
59321,22104.58966911769
26641,2235.0886908175744
80593,24958.79035556522
85546,21283.882925556944
93456,9192.78370664899
88400,10979.318146542551
75345,9388.245637910872
93531,19053.380201398522
57383,11677.122576759475
12144,16904.43742155414
48373,23475.83894480613
79529,19644.410234085706
92756,9360.650161494788
77029,9183.490690140832
86156,24868.494772168247
80500,14013.854986040704
12373,16707.231740200055
84129,8542.604541918787
65761,9977.234569310156
48145,4202.202061363647
32830,16392.995082112076
72667,28613.022577907665
80582,25449.312608129345
54263,19211.494128501115
62346,13454.042251936366
58324,12525.644600979158
38005,12005.732192464686
89378,9388.34667528308
22615,6950.178945049935
41062,23677.706919456185
17080,15793.948285847897
96696,4461.977436523501
86637,16697.846841746636
26128,38238.32302352873
13152,14552.707221874833
51925,20458.83293206409
58806,11501.48050161546
57414,11821.210276070902
30873,12346.446870990487
17134,23144.71330606055
21995,22446.464754583238
87693,19948.737004853923
81932,13744.24094028207
21879,19794.68463744656
70117,8115.4454252340165
26946,25929.632451312464
56658,4687.673194759398
92343,13805.618016437798
47451,18525.689640353135
97123,15085.58052857728
15063,69303.51585489085
96270,22900.392822811547
12370,22505.03269818867
20134,23485.4418174589
70896,20277.73302099691
26268,10176.708225682749
87641,24445.179196867368
49345,16471.039159320586
35444,21851.327565998712
21882,8131.387923691644
98503,9011.52379262765
63157,24845.828423034473
22274,16444.667079744624
45687,12615.101545165438
76917,18087.242405733323
51275,7952.75620256601
96795,12056.03264128442
32579,12181.76716236844
42508,9272.351806128438
44712,6883.317346920954
89919,13302.06761675563
71167,9312.973112950915
69240,33558.04974743418
33553,14040.23888532036
30057,13009.667916004484
86754,16179.124113827549
80579,16964.643826995816
51915,22646.735597894713
52139,10447.811732944076
30748,18665.5185973918
49596,25347.701074821834
52906,18996.859092919727
28420,11922.334706979122
22823,12972.928386406487
76269,10547.862408689914
89375,10396.393373993906
68971,15817.684928923667
92097,12146.998898324942
92280,11955.224643976457
70402,25145.216799390102
73685,8834.82490990207
52108,16809.090595863385
48163,11406.595239657669
48639,23975.791539257585
73882,17706.638907475273
71716,17364.93410522062
16236,18533.44679735852
82468,19473.501657239878
85432,5192.580599138393
20410,18053.513591273568
80282,25865.896165575636
23699,15460.694414687056
59050,6921.152570576292
52982,12223.376915489878
57153,20782.525857971024
42841,14145.4537133696
68598,2354.1811937409802
89577,22599.758792096683
58410,15008.199730869976
54024,19210.10123294797
95442,39918.264747387686
42097,23079.99242468842
21845,7761.527061083267
41064,12632.645236875684
68193,45876.65776373234
73994,7742.889012195621
35273,20128.284426887247
38025,19146.725897801163
95369,9297.648683341164
80120,16608.057568602264
96555,2204.605141567912
40731,21624.807654631026
29406,10921.735945527678
13618,19623.78380242108
61752,10295.797666631233
87741,8485.919975821786
48937,10023.480171434316
81235,17775.006085085355
35663,15033.242194117644
99876,37333.35132181701
61006,21204.97426038225
64985,7147.310360468284
29537,22676.05814357891
79023,9695.856285612099
81170,11517.90617657677
44119,19487.012444430922
32286,19360.66944790644
13118,17205.900808156992
84007,21747.732311018673
41556,14498.874095263607
85069,10247.351914058285
26395,3430.267922363939
82774,12906.602423839444
32790,9938.672565792791
16505,19190.735934527132
48692,9580.93280756071
30661,8126.446864611031
69416,11026.56790605645
21633,16514.879798968283
20485,11731.034543780963
34294,10405.1448032622
67250,14169.629284362461
37876,17700.92409234821
54662,22203.503937549613
75108,16314.765776684959
33187,8729.46987714207
18906,8865.69586448474
81750,16902.6191851177
52712,10805.246756188368
28208,9599.345060789245
13959,11911.224920356408
38842,6400.431549976825
41235,15881.795859932357
13933,30594.33802221983
90537,32236.603780063007
93348,5001.387407609864
10508,30706.812142695977
82709,7522.31189651786
88773,11440.320794227797
24170,14231.157649861409
46839,17651.136507307714
63546,9144.850602592514
61493,8805.25153586686
81953,9327.985995845193
56233,28537.679017144743
26832,6607.314679439438
78740,10443.704802924043
66398,7252.313510736492
70734,8578.786127218456
76800,7372.253349033061
78018,17642.77491307091
55289,8150.407427925302
80219,17528.580954215402
65122,16706.751319420404
98977,14722.373658532282
79365,12388.468278798875
59567,3119.0896235827877
66946,15674.040138578013
76242,11355.448500180133
75487,19641.899487214552
97457,34954.877918106744
95989,9567.383357637742
92027,21292.08539548007
19904,6978.739215064967
28135,13363.522241882534
48841,15501.983434744898
21629,14149.619128357568
71664,24309.090541853955
72366,17598.986070416227
20091,15869.380745991284
99817,25193.356457465172
11112,25418.878297227428
31165,15193.528894307283
54115,11277.18521550094
60409,12116.970784237103
49160,10221.520030903494
41353,12633.629248766
69016,12849.65105138157
82917,14208.427697954512
26141,19766.677761039675
36793,12416.852549049627
75175,8168.972684494698
98459,22581.083349367193
33328,8831.024635855367
28506,10804.609306105574
54153,20577.0381786384
42579,29583.38345485294
36324,27267.49482443629
28298,10290.961361751619
52041,24035.10998777755
69365,21385.060240329956
65136,20026.582075467417
44093,22038.31616101129
18267,14039.961204695905
72314,27768.722387413283
77987,46429.0173165622
47121,11612.397010111677
55772,21802.31992472725
41119,20882.743905827585
44178,11760.04647499407
71906,3652.1564682589506
90467,25082.73794930801
14373,8072.685139305642
92775,19140.256418008375
91263,11164.418624170568
48604,11451.773493095825
96342,11661.87948978609
41548,9911.7344625221
17756,32532.729173144784
57010,6767.104688868996
80975,8711.996115245198
75767,29507.596536529803
50842,35280.793243729335
46645,15091.829453423043
14171,10497.300135526402
58775,4907.153880176995
15029,15285.370660268774
86484,24694.629313824957
71357,18084.98083789599
43545,33876.88061482621
19381,50993.5228634298
22392,16483.80471085239
48515,14596.985633320131
51218,9457.459873804559
21513,23088.07820109385
50549,21572.552010453255
40202,22236.54583775655
55358,8640.113618665717
85598,9064.461849427797
85551,15661.629584734224
75903,31375.025687935755
59595,19654.989433205305
47544,17223.952114195745
18541,28760.933005486768
87753,16321.202587013731
11604,14238.802543298865
43210,25020.828697552664
81446,20504.09749862944
43056,10369.009456189286
21118,14952.478941133731
55500,21562.148411491162
94697,9557.505256611228
33717,8205.801217251512
98291,19759.550263083496
51402,7859.0157771894155
54408,8297.584293060434
63096,20316.1875585429
15246,11777.606050460134
63228,12586.253684211022
35753,9539.586475267883
80377,19689.865922851863
57081,8739.20731816562
56475,11655.393722495517
26736,5320.030511523522
42327,17103.26182465052
81133,14771.514946646857
74055,9870.132685313656
55916,17057.97348323157
31647,10602.045365968439
30953,9835.82343025444
31285,8712.769684945735
34820,8172.521847728787
10926,32359.46973483298
21051,28111.164890694203
42857,45101.214696210576
52076,9076.38677942301
32713,20918.720281330552
25230,9699.154262774799
65606,15732.64058401858
78808,13132.29348249502
71608,12082.819518978438
92959,14552.355977624644
24482,15412.91832688664
78163,11118.575330174712
68607,34832.54578337587
83635,7716.480807581431
62506,20542.00888943972
30899,7920.734491160225
63529,11390.747586670586
30967,18825.63986898917
34950,22657.639267392566
94293,19989.200296506555
95039,9280.114549836075
37392,21341.302601019423
84817,17659.56256893342
27222,10341.530544547113
77457,8955.677247719932
22990,29936.551369739922
32443,12961.57760897888
60205,26758.80578237373
97739,16075.392950654394
30856,16514.95367894944
20848,41397.04813929736
20046,12703.538759335079
97728,9825.00929453399
95962,27865.81434893915
93873,7850.122192147426
76532,14579.296910881738
80432,12603.325678832549
31837,27249.993893481827
54885,9541.18244547693
70232,13919.644683695062
72371,19304.042697947927
23414,24994.746322523817
94629,7568.018485452805
11686,29516.63277898891
58519,31013.858221807168
96009,16273.701801411915
26736,9380.681243212388
79289,26519.27213393554
81311,10510.383157964778
88222,15692.983402397025
90075,9515.50298345476
51993,11622.467270614216
12028,14169.550912865516
12434,18941.43694681519
66350,19251.395671558665
43478,12238.975561718813
20688,7481.779652065168
98195,5638.924764540676
47463,12748.709595177592
28515,18204.314863348227
35846,14295.179526104002
81140,9493.782133723817
73899,13939.252894667261
99803,7859.185866500398
35956,16037.474643082158
62465,16245.786817714838
57778,8609.23988187398
37273,11282.594050280068
14770,14618.142616793002
93063,8189.209986084363
81412,9039.13838450289
95074,11118.091905877518
11662,9307.239282444352
14529,15026.419333107293
97520,13089.374525010822
35105,9765.455350587974
81761,30524.893930742764
44746,25318.377881407578
11649,21983.890012874355
60280,26591.27266865578
30084,12983.828483374225
15193,21695.773373236036
90895,18042.06884118216
10207,5111.39233358626
55854,11527.657036696397
42842,12723.93274146666
59334,23813.761902382816
14674,6946.176692241905
42733,12407.190957202623
63919,11631.569928114925
98529,21752.059415049025
58779,11249.725011567269
57704,3272.723683642562
99102,14191.603218504331
43959,10456.108887576982
82128,20545.55015798974
78940,43610.54669379955
22469,7185.580152781586
23120,23668.064760505295
49437,10383.774736747615
32543,17721.42501893723
10944,10827.655743353393
31553,15587.603475896247
62345,50052.374334519
94371,15771.266345162101
94588,27321.296485819243
97018,24841.781382545214
21225,10819.25590438061
11912,6573.97265708128
41630,13725.04088441278
53517,10404.03389728034
80437,4843.983955491227
20323,18652.944806387794
79971,12951.459135651185
95098,30081.30975701418
49369,7764.265846483195
15828,9010.476996121717
83622,9996.887678263936
52994,20107.080066369144
74383,16008.539004322618
43436,8682.46759217553
72528,4994.343000100047
20577,10757.699416864285
29731,28536.004490997155
94585,32493.732977710788
16994,32903.22767714674
68783,13499.93696269745
73441,10689.831662926148
48949,23021.711011666714
10657,23635.72965339983
53157,21149.309934617104
74763,13726.806931986726
55416,16569.995981017775
21026,23279.64038499171
82651,28995.13701448239
94286,11375.368148253317
92073,11046.164340898922
57443,33459.03488634077
54677,7071.10475471521
12321,19164.594202671233
60222,29575.022883363636
53714,17499.9805856753
92025,7805.952356466238
69932,16210.463795584117
20506,12652.579919720101
51914,9292.332909381988
52854,11538.884152274064
58710,11869.384912508656
44257,84050.84220693399
39119,15023.190962878678
67454,16805.25363694507
20745,6595.946542804444
50417,16677.555358227368
12138,10455.997662973848
66419,8659.988995664058
78411,14937.141998682295
80984,22076.725447790785
62475,12790.27795062965
74149,7445.1915070505875
44809,10906.812693424228
30931,16931.828075747413
62082,14615.203102850608
19743,18378.42915193821
72785,35161.51645554064
52569,7927.67943405153
45590,26570.744525837013
68367,15676.964156088254
74683,37169.0544088023
60206,11755.272976601875
80957,16022.026502156421
85518,6531.695051711371
83914,13513.22536135132
42778,9701.727467129585
93420,9876.558915567719
44253,22533.762445533885
36154,24814.93837492816
73767,11683.961803466216
67313,6356.986843157321
67548,16204.262994357601
73698,12890.228074202618
48754,7180.05662948118
41766,27341.387622659306
24476,29026.16714778885
99014,9312.184880258732
21712,17991.134151517766
39757,18436.71484002864
74654,6460.734946040124
68890,19426.33942670576
26519,8493.003005103763
97134,6664.0271942923155
10188,40452.719595483
36910,52675.19919165594
40732,7408.664945963199
40843,18104.861913558463
66915,11545.652167665703
50507,23825.071832188012
97193,14890.80119379966
88024,8659.927517214037
89322,9960.106138205665
83372,41425.71993808293
51844,18496.441123834065
20244,49029.979779687324
39644,13466.504682854773
59563,34261.681074299806
11557,32255.410011418087
42645,10871.004994791141
69320,19760.21627430043
77105,16886.603313644475
89662,20871.47071677964
93569,12477.19820095988
76465,13513.887764652867
23466,22440.17653251772
11417,13876.342020784201
20107,10855.821509325833
53330,15102.072771496698
29811,9988.139639167595
97833,8951.094070206167
56399,9692.736260422827
87010,9754.718939619415
66561,14149.593055350808
30283,13398.43670928244
81496,54557.69516235777
59492,11041.735839256376
95348,8137.310316252313
56232,31826.683013830407
70197,7265.431643338754
76025,22464.298365378552
72404,29966.231048049434
38484,18476.498230325906
24096,19762.12841282933
62649,13630.388142038886
22971,11704.964090395333
97241,21939.17253474109
83177,7776.865339750901
11900,11353.634979505568
54715,29603.241215130052
63249,19460.062179436332
85196,14380.928848645122
97666,15284.629314626642
10317,17105.544387783084
49779,7901.365194126118
30168,15336.519883497502
12285,11030.865023718685
21634,23702.79384766986
85989,32978.3522024533
33940,8448.91844787363
54437,18570.458117800514
15798,15793.447224681111
36397,14906.348874122788
24168,25942.186085195095
33318,44733.976268587976
38461,12512.983041148107
81099,9577.24908163071
13838,7678.453752237754
83758,37345.05900850655
89279,14879.07216316409
81932,17089.19815148169
49028,14827.623407029898
27583,19960.153868148707
29451,7955.13360730255
18106,13039.723439191575
43397,18154.136171559145
49071,18755.16513959831
46857,17556.729960605175
46661,19861.253262188973
78443,12609.419997299341
68562,11372.660745553461
72800,9299.129237052071
85694,18730.210418881044
39640,10522.823498905294
21103,17040.298784973576
38793,10482.259506135342
40878,12416.762077716925
58596,13583.464664297793
58944,26084.147879746055
50602,22524.033734467936
86314,11497.301992362427
96381,31268.753453323705
72985,8985.302327355961
71596,18625.98609906616
10767,14913.374834301894
95640,15466.89412645501
51520,27415.040982459068
39831,17866.690164727755
69423,11160.036060017837
14357,20851.38257536069
36035,8877.009268591257
55855,49200.369221430316
36855,8069.200175558239
31653,6562.061287612369
45257,12254.834556849873
32919,8377.415181005144
83750,8318.228170121229
48370,14477.087583091652
12718,14699.74359733743
98256,13226.662962863647
95549,12508.102742419209
15738,10744.507879487297
65479,13290.188437955007
24764,21670.838149903986
88473,14330.280032525843
45814,8920.986142525466
28661,26821.03263965009
51113,24766.48759417041
36356,13397.498576014113
67981,10902.406069688124
92254,7496.486683004849
18738,12791.465962266986
47550,12177.8556717113
72291,21185.607105101462
52800,13305.216217241346
72681,9374.307177840372
61804,11889.710936382373
75721,12855.425521736886
28199,47118.615430718426
66543,7896.28588475986
56378,14124.056243041316
48046,18409.101831356576
84611,13860.468580602239
25236,11269.031497142907
26515,46897.090038360286
92668,22594.488957787373
91704,24996.91608658206
81959,26881.482169878058
42851,17966.37361535274
18451,14016.855463161788
78527,7971.553086974136
28532,7407.9245921214115
30521,12179.557835666574
12932,19457.19044338705
85817,19761.932785500212
76181,25436.12125102093
17824,14800.114290859223
20594,14728.125192426149
96888,7649.946761058638
83250,8314.372912412995
58077,45357.571359317575
11908,9552.383730727253
65642,19436.5187635295
13966,23662.755004082417
13364,7783.842869524855
92054,10966.352231548699
12458,18843.866759712877
21393,30940.51292677798
77424,25687.91691108069
67018,9246.019413463158
52247,11000.388081756608
52825,21863.243382999404
47509,11396.577633624445
29924,10854.844700874615
36074,31338.020615211233
54945,14264.947030046373
41685,10765.178304569865
34326,9343.354681542653
78209,15849.247694562368
84515,27416.592288136177
18846,23145.05411997863
29670,26713.6910838947
71497,9432.022844701107
34333,14409.070258139007
72243,22767.31143946039
52367,7185.403674005673
64391,9535.456831998385
56922,12901.633186532305
85024,11805.152220608055
10464,8735.168915395214
86158,26698.15879770666
49763,8403.40998340654
20707,7361.829639188185
77538,11956.13616519922
41649,21520.209369533186
76744,9052.38077738285
95990,15011.727563507262
40958,14831.091119846833
52318,28455.33927622708
92757,20732.201946715497
59898,21888.087485341668
68106,13936.73965344301
28817,11238.754352077434
77236,9944.835081771453
93471,17151.7102157341
78003,15759.170452827851
34147,2034.793991756882
36664,9926.971579913508
33285,53991.49136702144
63406,9137.443865168
65558,12518.382799565654
59803,7054.367202654961
34699,14154.927254473401
42568,17980.320449250787
89413,12047.588680372166
37160,11617.780418077677
52446,15739.91944355225
17817,8876.869967000832
92231,16071.17241134542
10199,7609.810268101071
84659,8416.301091009858
86420,13666.671735986052
29569,18814.5487964313
82333,9341.517583618623
39913,10262.961142815675
73794,19655.01119338402
50051,19031.32563990267
40083,6672.748062075567
74866,7175.232226885835
72287,16333.91082204784
38360,17340.990749250675
64317,19582.46319302071
77795,19816.83155326911
38847,16157.71346221858
57830,7521.387768982271
20145,10423.617118272789
68019,7107.32129185377
84380,17775.610145618168
51484,11550.040505786548
73604,25367.992924500453
94320,7467.684809230219
76144,38739.00129540885
15864,8718.905452337243
64508,27167.77889828027
78513,10044.328617323064
10772,14651.434625847149
96993,5010.09707367752
60204,7415.085609652537
64892,7067.216686872878
61221,7566.8862465141265
66825,34205.957451309965
40906,26707.718055646503
89950,21324.25745389419
10608,17369.548522765137
81670,5679.081307724249
44635,17939.598749342094
27415,13978.538484769266
13329,12976.753330716409
57456,10008.113555226302
74562,6447.640937235663
23104,16785.634744666433
91437,15072.069321543533
27640,16161.49103230034
15956,11265.761934758893
32415,17486.51793828813
19447,15373.124127579818
88187,9388.045657123883
41933,55563.44136819103
75961,14647.302934365287
73932,11137.813831984688
51352,17726.146293018905
96680,8855.58742770577
21921,12246.975300593658
41707,11534.717253429637
44149,11531.550949819757
16024,12354.632496348357
47115,8337.680830665999
50558,13421.864197069637
27850,24598.4364505633
40295,6761.012313692912
10907,9099.944389019782
98272,68958.83950090423
55235,24599.689716447363
83561,20996.24198737587
46775,10899.335581857475
17294,14341.112380024486
44324,10697.737320768698
94368,11534.03197542401
66628,25834.358971196147
93898,11681.789664469852
64425,25747.9957360157
53426,13471.26930864736
97659,9088.75296574051
77725,10389.644157509198
38184,32297.66866433686
41253,27771.67324355938
67369,8454.286942906108
78834,28810.34345990634
82291,10108.610368829968
66207,12374.946503698235
62814,14821.880407404478
81017,27800.807679671172
11951,9304.679813088327
91730,8295.916732129219
59909,16664.1238371343
58319,9748.540220742096
70231,16617.282289829633
27538,11578.071700761162
70642,20991.10393204603
58735,23844.887966059327
38096,12674.3158630209
25622,6503.646929215338
92343,11558.091038518402
64226,10560.36826441862
92554,6366.911158630572
10281,8724.009187378786
68580,9177.720978903972
61875,9826.623197958674
60734,17379.56627341368
26691,9072.986443316993
57010,11416.743179877012
83068,20633.950143373724
59116,20006.02556977995
98979,20366.529703220105
86346,27027.757772728182
11318,30134.463120380075
43203,24675.724561487867
80857,27181.724447743487
13573,8887.425047205223
71513,17927.14022948693
45324,9964.415603063702
67654,21792.81770109452
54725,9369.414257898152
46130,21803.54879567141
67448,15596.557424052802
57736,9960.902224981714
44133,9970.04052584364
12198,55668.613054408925
10321,19801.025903373844
91202,14733.978725253222
96921,6056.101433248512
40024,9823.14352525298
72272,8337.277943557108
25636,11299.154116049449
25855,14300.362726064948
66680,8230.643664629288
80102,24141.702325326656
66819,16026.074381035145
13014,15516.238501489152
82903,9219.1490047326
27399,9773.597481161858
44822,28894.27352035475
73303,33875.848245775036
91836,17122.505783347035
30726,6291.806427520913
32486,21989.383582056475
99400,27326.063765530696
57623,23110.691583662207
24281,19537.75943381731
42353,13911.993629077864
55249,13301.487886169898
11287,10684.383804033527
43336,7249.795044530361
67060,28853.687471529403
11026,7682.761778911683
96767,24588.142768132653
27198,15367.561188636913
63755,8335.113388789705
45030,14918.270500808256
53058,14611.607320637213
11297,16241.806616282369
54339,16422.707308557932
70535,50252.103170485
69624,31874.183338420196
76503,26303.88838121153
85139,17808.80506006228
70183,8370.144027538285
52018,10422.61094117822
90437,16048.64024399828
75074,12399.417923274246
82112,10229.421672127151
93169,23629.33903963238
86760,20036.59106433221
82762,10698.897843432056
92834,11948.485903535258
25763,16821.20071598905
28832,12368.861623176075
27353,17057.19601538408
51672,8574.361150406552
38237,9933.202628380768
35179,14643.020883777492
43775,8341.046026518132
63845,13125.854178303374
96563,29905.06086547696
54962,31042.176461963885
19938,14624.75516562173
92120,20381.632755918767
61823,10511.964729830182
63736,8708.088325657744
16051,9155.504821674684
79971,50273.17788024426
85037,11570.404887049599
74156,10436.555793739302
34291,10553.642436469061
57901,11120.013121140262
53157,9748.10305214245
13079,9654.757490449985
61494,8479.85950572271
37743,15114.99348944025
17974,20905.17862568974
92541,52461.03684458495
89606,25964.946770778697
13269,15605.904439427875
19164,22642.116723646544
24936,7467.430248027287
59759,19048.362140766916
39808,28565.29424128471
80421,67732.4523407355
19577,5830.60964959971
30623,45688.33539188655
44196,21635.22001291604
32304,7175.660293022331
61101,8994.428624584023
67909,26733.46433793743
93168,21499.250106200685
69010,9121.76888301002
67837,9904.558274776544
76521,7319.021168930256
55240,19872.455802416556
18022,6826.3691966305505
95888,10901.381720766147
40125,7236.783882011921
81568,11921.864428195106
76355,16180.244539136254
59631,12487.441434121098
96341,11363.626447772946
85586,9934.612258974055
73313,9238.977248865314
26765,47885.9466015996
16435,14346.31941675342
52124,10975.552279084975
81243,20809.934282291157
32644,4105.908633861245
54138,24143.32692750376
73851,10169.139821328765
83471,7971.944707872824
61762,9871.489513340215
71998,9625.429059549342
42593,6430.159306682892
25426,13587.843778001317
68791,24467.666750764038
78760,13237.733888885297
89861,4709.367382739207
64596,20252.125638992475
89716,8365.112217669886
27232,20138.084035667816
39942,11978.80682416822
63984,16559.353825777147
43779,22990.3200501522
49281,8798.13650506615
25009,10054.973644224545
25011,9312.304186779926
46791,24844.912114473635
38554,14246.041135969908
33587,12143.55379593049
12916,9974.169625242333
52829,13627.697202528845
54399,22868.430586486633
83919,17364.89306664728
33920,21437.34491130169
50033,19868.717010776643
59281,14364.174380253071
60871,9603.459731697998
31161,17725.988581620306
75457,16727.58494867835
61908,25085.843569177487
23938,25796.96499354557
54876,19482.84831862464
72708,22263.415218811228
32924,10045.553560559987
98799,16321.613831324546
27263,15345.970072731818
87017,8449.415296341182
83419,11732.67909841423
19520,22372.165300244465
45173,22121.35803604363
21153,12469.314480637982
90281,16246.62437723179
15340,18472.48289739916
75005,11217.963776216235
45423,35615.143605871956
51259,21074.639513628812
35817,25155.279453878677
84365,7138.758818556516
82663,52913.83100368842
15609,21667.048282903597
84146,15201.549812045021
24444,8783.470106221142
88761,17403.80300486797
21734,8131.387923691644
55887,26993.28444698246
93338,14230.916546381275
74741,10206.141926469656
55062,21917.947035813075
31696,21935.97046414641
42761,14353.089672638167
55590,32392.708520185875
86313,26183.56813249804
93741,9890.874626254794
32012,9909.829468382019
91842,14414.576990617814
16519,11533.64808928793
26929,18315.548443278836
86593,29674.66159688741
31331,5507.03314253029
12798,17914.602355539126
58453,42791.85833789676
95971,23063.147979277892
59636,43243.15710291135
87383,16533.055516520468
14442,28748.135281618306
31205,12428.825043400724
62884,18946.722451824702
52207,25332.283446963174
48181,7626.522699272749
17447,16837.853591611252
39672,30149.43536155967
48782,17740.60358546022
63164,30664.487035637692
42252,25747.017886464782
21187,19221.710093048452
29499,8966.47888498984
67590,22188.943447739115
18524,7810.025361729557
34749,15990.606712530376
39802,16040.122743461316
58253,17456.687804074347
87657,10615.96738251768
49054,36399.157817734864
36829,17273.707467981912
54369,12720.066677638972
96555,13095.864614427248
83130,16705.31439059313
49187,12908.407834709267
18396,7668.350254067162
10039,12467.187639035808
27768,30054.135249513078
62759,20878.087123080873
76768,7810.1122562999135
16966,60405.05457306395
29822,33149.975007544635
29972,11315.314579512476
28100,20507.179053889977
64278,12826.979008941467
28494,11489.85474259825
16833,20183.695870196007
29738,22508.319055590437
56077,11997.389949160031
21196,12358.898142053815
59677,30102.738088646212
48975,18986.62059141763
17255,13818.36826229441
93498,22012.416460112832
27730,12009.45216633416
35990,16086.767986551044
36676,14344.59427340293
35381,14302.144502384355
20833,17717.15784214154
11630,13389.621289984269
15657,17915.318166359535
83701,5861.866620828985
27262,20010.62904282074
78102,11803.068893583491
71894,12598.531814905393
24768,23128.95574748208
63607,18487.45211280082
35427,20829.052516553234
17360,13805.433842549013
48122,12581.666270001417
59604,13453.54307317232
60442,8071.9151172884685
88908,8980.024671725703
81446,8853.52485804584
29067,31262.73878255875
65109,25417.847144161286
70010,14261.32152057953
96004,11466.366937706207
24869,11168.839213512194
93229,21152.95166336493
72121,7751.2700521337065
72114,9781.988416162843
63457,25955.920519161093
68073,13302.824786925903
73801,20959.137011070387
55742,28808.396851735655
76715,10517.085988471616
62532,12276.522249760854
90035,9654.077358856452
38336,52531.7720026019
94735,21133.100948066585
51763,23068.72905564714
53217,20243.633519695595
55645,19495.89197521869
35755,15792.846488568726
28287,32496.43609741352
38952,9113.412378051082
12281,11747.885481910424
14007,9166.014698383882
31489,28748.694792779028
26658,8653.712161671907
78078,9112.438826971473
20266,17312.91893091522
19192,11498.63719214647
28073,26929.46487422868
48819,22514.97784524966
13999,10479.671224369014
46340,47332.73323906414
88201,12657.90407516959
18860,17897.254849681343
89338,22267.898995807565
35518,9838.829467172429
31461,15701.60982057138
88508,46541.370933408696
23755,10445.34695199466
72473,15004.484969919544
70545,12248.752693916464
37053,7413.256680495051
91720,10883.458599850263
19252,28774.027114836004
51762,58405.41411485393
20502,3456.8868569846127
67594,44937.4925152417
22984,10034.576268543782
39950,16402.593887430245
63769,12570.183444036655
70445,14198.62872428767
41843,22047.856064526175
95589,14788.618458713298
16665,13466.460737891013
40200,43550.36172813887
60994,10795.382022452523
32221,12894.076826529408
79111,13485.824550990106
70570,13354.20251457229
47030,16183.030687033403
92282,30101.57244073963
90350,12146.22492660766
93959,9528.782642754642
12795,47882.906237990566
90327,15776.187112523428
36843,21213.564016472188
21848,9500.225414091336
49295,9218.73862739243
41588,9118.289453153793
38451,18330.05438947751
77460,7153.259843277898
72085,17219.946936594697
79114,20789.306961566486
77694,17334.488820763367
22423,10363.30974153088
91603,9679.817538706913
87221,25286.29296021755
96610,26134.51451156159
11230,14568.413859278568
55103,27654.446119875738
31395,13856.290666198422
15354,15084.062088798775
28317,14924.870768108167
53687,9283.587250080793
61474,32167.28662863936
62689,11457.694698556945
69231,8500.535980518585
74442,20779.906223116915
68046,17439.555515206983
90144,11804.239591660025
37838,16288.070149243496
16365,12124.745211578978
58421,23771.62977040142
84302,10230.414687754308
45969,7459.6938128398615
67397,7898.2433129991805
88606,9507.831969116542
58251,12496.687211991817
34101,18271.280316189783
56404,9192.101379997832
38689,10735.075804545753
94327,21173.331406321955
74086,14918.474132449284
70843,12490.974540970405
57532,37437.964922964726
26476,17275.551789826317
27824,17974.020798952715
81548,25621.499617973386
34130,28877.42466072135
89555,16933.300333300456
93413,16961.89346227443
14914,20859.60167353498
75558,16393.247693760728
21819,21913.49248286797
44408,8606.854097086234
81003,10539.843247332108
54305,5875.137828821737
89865,35245.4849527444
39146,16191.71333289606
10178,18992.003204317843
55534,29739.615592723698
99725,10440.176061953716
23217,9166.014698383882
81787,9532.930170566155
69091,15978.050431699001
80632,18033.213838104733
41135,10401.817915736647
22950,9610.062945445561
62492,11222.203242995398
26678,8073.65853263007
63937,11912.707674115321
64562,5961.826118468529
84249,17241.990123262338
31670,8135.6939741045735
33499,38579.44520456766
66662,11406.57198704865
72621,16718.129776391674
26546,18498.31605225091
80191,9420.401975741395
10148,20192.74578485028
19741,17968.93830029627
43213,11590.981323095719
91729,10360.178256554165
72274,10865.141819723365
96964,26225.142528876044
77962,25451.467164887654
85772,12057.315774501627
36848,16996.95666503027
73732,14920.296674489939
85295,5456.316139868972
14213,10284.130590692963
87921,15387.048448391834
99659,13450.204266350072
88254,8488.619064823544
67729,10126.03857248462
28438,23558.09346761766
20363,17222.35888699633
12150,10447.027557492962
39791,27919.91688318236
56455,9184.334716957259
79955,26204.420545524197
48605,38306.274603645375
94079,30646.064316460885
64407,18740.729308885577
73432,11030.621956297373
62555,9405.543795388643
92534,7321.866498344814
56200,13958.71900380565
46476,8618.296309100002
74961,9413.259537678956
49704,6569.675347519875
44740,10169.596241730414
73744,20064.508939447664
44317,16835.15402514872
64687,7664.0614887598695
54407,21140.210723014803
42777,9811.655521058328
59290,7673.316441853969
22298,26324.20579845194
37938,7487.288283679085
74851,11118.65936148159
23305,17682.29126188491
82049,21418.95132533754
64351,12494.618422742398
44770,11195.423796544748
83294,13723.812490835813
10723,15787.853113253508
59813,8712.4376556281
44452,8509.844986245
24391,29953.78730791366
32127,10913.656604297685
68611,10750.43380701638
78457,10599.377519519448
25762,20998.251574312242
19785,9195.931673880033
44125,28577.78090565806
79504,13791.04593761111
72270,10979.681717991816
49283,26919.207319963607
65953,12317.128378070014
76068,48501.662355172295
98507,5890.809907247303
42358,10941.851455031414
91404,13908.32245840875
10259,10342.534524371422
10384,18252.400789573276
35264,16499.02594838615
56302,20159.70598819928
97511,12246.626309147508
16338,29395.21942505837
44568,11704.338175265477
31041,18624.61383556619
88586,25574.286420921926
12741,12349.59019236526
60833,12213.687963170814
62370,5138.032310011684
51196,15967.80570698129
46976,12820.775720782049
89241,10094.123316154168
89955,27299.161040194245
39833,26868.84479367402
24072,9610.920677708724
36646,16327.438207580915
71158,22413.82976434551
61346,9631.54364729585
35393,6038.044641502984
70590,11436.879700640839
55689,10125.960473359031
81332,18207.44994337629
38404,20675.133099729614
60031,25351.84904703369
49553,10638.778298109035
25158,13011.575504000397
10185,10532.266963795508
33806,11188.46536516962
48285,10957.954820067094
98269,25629.948484468892
51756,14562.462243621298
46805,7241.594944534747
27859,26870.611025010516
20678,10553.679766707166
26274,10083.74523794162
79009,10564.685972180487
18609,11470.051688078325
25419,14581.3379603351
51187,10429.727701768092
41161,23029.515912604187
44109,5078.627823168066
65183,25927.804567861906
44963,12727.10301620813
11347,16604.524640941294
42950,10755.005590033443
91877,17691.43521705883
17921,8193.21206638339
50662,16334.587975826533
34165,20803.961710317824
15362,21310.622296366353
52975,7994.122859642344
14097,15433.470532343395
53051,13457.387605869813
55394,6287.590272520212
33682,14146.289642549831
92621,11061.58790723202
54387,24550.695282953606
83881,8860.301505061441
96728,14280.519753222175
55340,4932.321219215022
24776,18014.625958805453
94924,15102.664441532046
71560,2653.468916109887
10977,11381.026099700608
86933,14829.581112162803
52174,23812.06210166891
83844,13233.159290431213
96953,9154.403941945468
34606,11437.31097874217
83547,29018.421829389088
52718,9292.332909381988
33415,10158.97914024043
91292,17028.10824923222
97126,11844.925135610354
71882,12788.341071690309
64493,11525.960245497237
23901,12486.163040851941
70222,8776.152898110515
24366,12970.231333882379
87058,21574.473557011446
40255,10748.514323224597
73535,15002.156045348938
33217,18405.982411974932
35549,19909.720428885194
19282,19867.632314404025
41257,5907.896508311778
80169,11020.914097144247
86334,9524.028576209474
15896,32976.6032684232
86963,26823.02867370478
32167,18915.848302156002
99862,20802.356478695212
71357,16432.455207363557
67217,15220.367257538588
38430,43534.93267230409
14588,18018.51055047539
82419,21147.345142952916
74531,28435.096805548754
72902,10102.65570433349
65192,20167.948233083254
28188,11453.17298191853
27631,8144.200715573339
87113,14056.44989143722
91079,18949.27227575236
70964,11788.461988368115
74253,12926.398235114282
30387,20845.92848380152
39889,13590.640384544655
10782,12597.485208382948
45190,2162.8403150149898
53742,19078.806865241895
56166,8952.523621876739
90813,15332.121111281656
57806,9597.668395594166
85414,6901.658368820272
94324,33477.38598452667
86309,22215.899774429377
97267,13729.708029030213
97145,26395.708824895184
75950,14477.087583091652
62639,10397.397399611216
97822,16582.798971765576
80962,24392.889257820847
72940,24937.02967359023
31157,28392.79482327645
39475,12980.606166721747
90763,18143.50799520192
74412,29140.103947265226
97356,17704.55457095809
98703,15695.853768340834
31513,16837.780209928602
44864,21501.51229386075
63925,4182.224568060625
41684,10942.087687913589
20924,8243.810427487446
77894,14383.130989484422
32453,10668.718536603814
88560,9894.890024823871
60104,8720.88726417355
46925,12587.116414307384
59670,25021.896729559463
67425,29650.487670405797
42767,8541.885016966366
22015,59465.36997714027
43095,10944.408381967467
63524,16782.842882161203
44319,11501.540343992903
78516,19777.763028269714
94507,9406.773910542022
93809,22093.24947716948
80317,12975.011847610229
93556,6325.7207519880285
23845,15235.912765089408
48534,11379.362322312742
84232,13141.225007049496
47396,21112.63739202139
59746,9535.394030418236
67948,9034.315439226615
17424,9519.680733617635
59779,22922.58426501662
77417,12061.069522267557
99866,10947.220795044372
31940,11261.399273083645
25628,22616.833563300235
45625,23129.687979855582
86803,28999.353095596605
96672,21509.70923105626
66088,11646.92442061359
76074,13664.749245628636
80052,8684.612627225895
66977,17755.1249672667
19536,9667.448055455307
98195,41338.21897927858
96873,6091.414590603052
69909,38143.30750659461
17876,11616.8091567156
16255,48414.73407429723
78613,7072.63169840334
29448,10540.769748670979
78790,7750.950556698948
61133,13404.03848248256
30963,14449.023715468013
39076,6043.45115097875
23384,10240.718988400866
66757,7123.004601950046
19585,33901.76954847503
87531,8875.027482272166
53129,21179.514039253532
49762,28359.973860643353
66317,13484.343304234293
89026,13360.456645732611
63702,27674.477307772584
77369,15865.988675276163
19710,9964.433076518624
96631,7698.924206022179
16790,9585.08503845556
80793,11291.885723434661
72209,11304.095821131632
39947,10170.257772785273
82711,21722.12062834789
64241,9535.026597222437
45922,14822.605397693493
75501,16150.645229222708
45925,27074.239167169006
90387,11196.942993461711
30100,19453.10227632253
92993,28060.182236150813
50970,10736.023415478385
77247,14416.612911768349
26541,9096.212645459138
79551,14092.381427291486
89187,20291.99954311848
49415,13717.908858230367
89419,19500.637778168864
41255,34966.06251032403
79420,19529.838065570053
40749,11211.683982054317
86017,5750.892256195011
45884,22720.26155247737
75351,14538.77328350555
97930,15596.882830402088
48870,22960.505325042846
84761,9940.226956812348
38571,17587.50674973077
15305,9470.015770400594
83670,14414.028758721675
79066,16275.349769238468
11016,7253.076326071496
72641,5414.402269755728
54383,20159.05858286771
37644,18515.002082186194
47044,15285.676097290525
53188,12726.877610508462
11424,17469.3234132693
95076,28032.81403478822
64251,40554.992872465744
21751,17519.135114368673
41036,12658.277179237415
18903,30623.48058343474
82377,6473.963618135429
44875,13566.39109093642
43585,35020.978155595716
88458,12917.718438125064
94784,11539.139000972133
68225,11896.54086567042
64959,9111.189917729505
44846,14288.363905616729
11113,7904.546060334937
99292,8845.046988008165
56468,31347.12337035861
14437,18257.27840927279
38547,4717.708980189245
33347,14333.3991989066
21237,14824.867997420068
60785,10843.365943133009
49875,18520.173277778467
82937,8312.782949978799
14502,17393.472245367666
74282,10381.373536974941
56801,25980.531643668422
30143,12091.836067702458
28694,18390.44645527737
32697,26533.206659480937
10921,18368.203070029405
79062,18285.87417070824
56485,6491.674865173738
77141,20267.13869866877
84299,22408.529930935412
47467,19034.48382115569
20911,8823.87194231035
95574,6609.9653797828
32053,7135.760548338223
25635,60982.82707605358
66811,5501.0902997424655
53321,10501.422151205883
28425,9713.94455519201
91573,10082.67555170828
28968,11862.32241359695
87718,17417.454602607762
35255,15880.605589293145
22117,16788.887082182326
64901,12545.110104491676
70202,7711.739641649301
23930,10679.292144836756
49334,25152.96410195219
30157,16021.903948033165
96948,29213.07757326015
46935,28838.159876995654
69021,9253.863609176973
73586,9026.804886338392
13563,15524.021577376301
64130,16822.25021347737
86773,31302.464696664036
48837,10405.1448032622
98756,10594.829246891972
28005,24921.07272099467
81786,13205.48755747031
93475,11152.548130848296
34966,16798.52772357496
40096,10108.858266138861
40374,14979.766876003467
12824,36360.20776897667
81430,18192.1037144924
61134,9196.642699974233
56143,9762.225755918436
18740,6696.497579131017
59696,9289.15215538524
54534,15126.119190010362
86187,20046.533178456684
82885,31468.94993847275
65100,12238.909710409695
14284,34565.466578699066
96205,7961.728307233929
85226,20271.947564573926
46883,5861.432662934334
30821,56018.28820051834
19888,5678.936771911403
22720,9367.246440570794
67515,17192.447493718217
51493,14458.275557489525
31101,26222.50516988443
56716,13686.874275119595
73604,23846.126155293263
42502,7054.824549007226
55136,19649.452615788872
62388,10741.964223869378
60659,47192.52965899766
84197,12173.166996986936
90664,13684.203038640277
98409,14049.717782177155
37385,18007.729491288796
93873,24685.962331085157
64437,8546.933798801874
16603,18511.026806069378
77825,37278.1675267658
17729,8984.806125717409
12111,17239.04779321204
78955,10295.815356661176
37331,20051.5966123384
45444,8524.798279168586
14173,10229.826219196046
37808,18201.389962002613
38304,24115.984279504464
34776,27953.11509124261
96533,26901.14118574115
58386,19028.035287849456
16390,3808.638688667299
55510,11696.874213452353
20611,9770.245687619474
93659,12228.809653250462
28397,7941.5836553307545
71891,9612.480259922464
63065,9285.289844752982
14474,16729.418585593172
32379,35271.19302670883
51809,5473.249621858025
65135,19615.90653271745
51127,12201.35631555929
13799,14329.672996586016
37701,9590.108750017353
75104,10653.166179019503
29059,10150.173650807741
64581,41366.71562541937
92212,12572.241868907957
66204,30326.624143319983
46481,25694.86913068231
81173,26337.648912892364
61841,16845.177784478696
34747,13505.951405318761
31282,9386.491880762293
34896,22701.729670718283
25064,13855.251877569659
92797,5942.97530218549
68324,6438.348042908994
51270,14467.572240237238
87633,27615.153626822666
12713,13474.678821305344
29958,9762.225755918436
89556,21866.324017686333
69905,14406.69598789702
38125,27961.012557233338
25142,9688.67522714776
93034,6958.165932612939
19193,24974.18275279431
12379,22887.800938528864
21185,10895.872003651919
28136,11102.822891279306
69895,54881.465885897764
54895,38353.23357476678
72911,28168.35336549805
91403,9012.530322867187
98904,12218.387067543246
33166,10332.606324385419
54033,7550.254843723558
13092,21419.32019445022
71426,14646.60702528452
47192,23345.371758721834
89943,23174.602903085586
63509,23804.98439009463
49691,8034.469655053925
14175,9933.709204540733
54756,9434.35447824321
65461,7250.806679670892
38186,15025.63923263279
98835,15296.444398197957
18821,10428.868191856673
70629,5773.577013822305
97880,16176.429791936249
66696,9918.924102276083
55326,7377.607920371485
37022,20259.34121921256
81573,27522.07668526504
73585,8471.031504754064
92942,6598.436456156123
65912,15766.072697739723
42275,23819.96038697322
63856,7709.223027172395
18872,10940.069752698906
26107,7498.171797099714
76830,18502.141386273226
17775,9175.084559587158
96622,12820.842742667228
74932,13727.050718309529
74590,11199.701116525725
38836,6601.859801324237
24417,26101.187104706085
14665,18825.878582043733
67303,54371.591636029865
70387,10052.45856079618
95066,25381.688707302907
50223,26259.161357227676
28099,53940.40041691062
18532,26860.31161164136
89072,10895.012398620247
88669,13665.80983219196
64212,14869.959339468025
12101,17692.531268874813
61189,14087.275037110232
25734,11296.660072438612
36563,17844.744564102446
69359,33655.6036830623
23412,14672.14132991926
87766,11269.376457269751
57509,5676.02441024369
64527,20839.839383528877
55903,23388.159887923477
71450,7255.9794020554145
38885,14854.394282558384
59218,14821.880407404478
11102,21258.70133591773
62280,19697.061282189763
38258,8740.55851096367
74309,13684.203038640277
71897,8194.349145349706
15741,7410.170714020031
74175,10351.278008023994
40733,24862.218759244395
62097,12241.645201735297
59626,8121.601710644556
77355,12952.353669260574
96688,16949.618247270122
16218,8124.740693392378
38092,16861.502142993282
28900,24981.028617577867
50994,14727.829793320412
31394,10017.793678899683
54720,8554.94261125618
28224,13247.9625791496
87883,16192.936649510477
52181,28634.504300897883
98186,10256.236667457393
62333,12742.876072523666
96453,11180.091910213736
68793,14682.251480901166
24594,25034.661508405617
43889,13425.28574150836
65536,14947.430810876329
59000,21020.111937520203
77375,19987.828778624662
88153,19110.11122955612
66629,21831.622836664843
59970,18422.240540790517
63069,20837.198716428415
30241,7485.8303760279905
33279,8800.937826945217
85214,7772.439464450488
25215,7601.941794210978
17849,24864.958417655773
58727,23097.787763326563
67608,23619.701480823886
38104,15120.671185632178
90265,23072.20758611202
20559,11881.662775167464
71502,26913.91553050335
49287,44101.542106562534
15342,13044.703994609608
49484,15965.884662689265
15789,28808.222245539695
58949,13563.11984060152
13588,19339.2207747973
37762,15343.127786486262
10575,16624.23925637207
26671,18969.50356428267
59625,18818.216109056295
82306,10551.979471603438
36362,16346.074869385875
63231,20393.778420544826
29100,44408.59814993787
95277,13441.275970850118
80593,11968.899201247228
18386,2142.0985076325996
14885,34491.60848918439
17794,25890.766539647404
21012,19124.11498381865
61686,15740.736074084061
24051,13211.788212264684
25950,21442.58309455021
71827,8882.680089466896
77683,11844.184183719022
13956,15897.62212451018
28157,21773.19895414388
79046,10649.84120412971
26209,13107.247215404617
10443,18130.512837896465
29990,7184.304979028562
43241,10775.756470676379
24967,21327.42435445381
55049,11012.90231547489
96426,10006.23209505141
49617,15538.863622876557
32705,2907.3525964979726
79132,31626.754864605602
87303,15258.301316861378
96871,26363.78899077407
35952,12462.961270383747
55635,14577.775406934757
39419,14926.633915580616
84161,10380.717354971574
67745,9656.89457940372
48505,27826.57404017236
94557,11407.614281647022
38038,20120.424983877187
44203,21578.487890624667
99565,13776.062097735427
15783,12311.61603282637
24542,7212.777512556795
40308,9227.989041050969
50663,9625.404013022171
49855,30871.977551019805
67482,18368.33683291747
59693,18152.681767649734
42995,22500.149988573554
95530,24739.330239002615
61444,16097.182556741174
24386,15750.007860083322
14866,9504.653661202188
47917,9957.20527733861
45087,17113.92108779842
99364,11400.756012874006
96510,20361.719857248623
92751,15810.73981683603
99102,20375.126507508583
82278,10909.278144286558
46538,13360.95581659234
62440,50052.374334519
47287,25652.74953620694
49606,17258.68741841705
51695,19224.757055599464
32282,13814.370305047616
46275,7664.0614887598695
18452,19548.07609411958
39043,8879.748389072505
48197,6767.628449590755
81137,10773.574631732612
42768,18413.61507159518
64947,15940.510419621842
22371,15193.87171098799
63110,6190.354494532197
99227,17392.358453158766
20017,10421.64249595563
88134,8956.51604695446
81337,23975.792267130877
15671,13621.581075311758
77231,4787.161136893588
58605,53940.40041691062
40278,18673.801611981267
71800,16304.59533004922
79688,15446.375848137899
37929,14636.694190553855
86837,12677.322538858378
67557,10131.374298611514
91133,22393.558952280175
15066,19635.549058397806
59344,9273.006441874115
99335,6306.960801415198
64251,26823.685234935754
59447,14847.841890836531
36118,8964.158965168232
59786,21733.670274986696
44328,8176.187413719163
73938,9005.09811722768
80496,18890.331548064994
98987,20467.369733487347
59812,9199.706174034603
63408,7472.542268556528
86554,10256.369731594732
78496,18971.35632872084
80493,9381.573126960406
81919,17144.90589916316
38672,6075.0769133494305
89695,20833.668728075747
63173,8248.552572995002
77184,10209.214532485963
72315,14795.008630019707
84872,10742.160664956988
58010,28522.97478819247
59303,4063.747290573705
64310,15766.395747640034
22289,33490.24626190966
13897,29988.37048019677
27938,20058.150221205695
31530,7349.603384072228
57358,14795.349675885282
37706,24509.584794083286
30466,19234.864315001843
89973,13233.159290431213
79440,20344.76444177096
92153,19548.596172553844
30649,7812.125130194898
16839,8796.51593500649
68164,10668.37850736668
88534,7156.662508984473
67263,10111.364794618185
96140,12578.929043922732
97471,8523.682515426026
98851,4582.326654087266
16392,32274.87367165635
91596,10163.594170895278
49338,20884.78330430417
14706,11406.57198704865
33144,14897.531137582828
53367,17153.6526671355
14382,11027.704813096705
78926,10457.04109829243
30941,13035.181852454114
34160,16676.65377705838
71649,7989.69477172217
52382,9470.126451378523
10407,9544.001617569294
18873,9740.021721255696
64738,13555.118022609098
69176,28934.77289336308
25543,37548.04480329188
98674,24865.212300535022
55412,12614.94259682848
76546,7216.25635661144
56661,58764.2388958621
42885,22342.473207505427
78026,38648.78450072926
26425,17346.296739757672
53262,7564.211866882766
28327,19909.720428885194
50988,25899.588262613768
43991,15384.133133315921
81677,8902.35212409504
19953,10311.691390550775
67815,14881.359354104567
16693,10766.274242545394
20822,18780.242918705655
25073,12134.491314668461
19071,7301.368350598001
38083,51599.94756252674
61418,12618.322443242612
99298,12723.245632911568
75190,19075.522693414892
61464,20252.037182258446
97676,7554.6082991998555
43421,29198.098125576438
87351,8705.327372508193
51300,13403.804483859942
80752,14701.092462971807
38530,21288.615009387202
20070,54248.28271323801
15365,14784.712178914364
70224,24707.76619277953
74600,17088.51748225788
77575,8186.907632492446
33904,20829.0163977474
76931,13568.43854120024
70946,22455.74096465819
55898,11667.730983585812
88927,34479.12312486497
22712,19256.12027488088
31625,18813.634254326855
19851,28194.094222572556
94311,15324.103102889894
45628,25174.727175821783
98596,14411.601762980874
53433,27809.739378966624
58557,10244.973989061185
25988,10409.580971762443
40032,8278.118628513264
58654,8979.877548162669
87814,25190.158101153032
40595,8238.703480028598
47192,6863.454603470895
65885,13953.633310554178
53628,14710.400205379217
25010,12387.679826011012
96591,10137.802462819473
66114,10625.68258514159
77172,24754.342697985263
98308,11608.458890149239
86801,11631.896954285847
22696,12879.069878609647
23564,5934.428018067621
94438,13384.530510480185
26371,17567.23767413372
44169,16620.99238915312
29429,7620.379869058523
73269,30437.64101647699
13884,17025.463929417132
94564,30326.100736210836
23683,9443.451247856974
91889,24028.89637701027
25069,33047.778296567645
97314,9226.851866014924
81444,11144.678580302352
91132,17600.174093744172
20340,27306.024318069023
92398,12129.559087399288
13038,62621.631303254995
66778,23285.617042300648
61670,19578.41816634854
64370,16534.679076104192
53172,26223.97463431423
57299,7279.238438323946
20118,8891.375603009896
86221,14196.868789527947
96240,26417.893931265105
70562,19265.044799020758
62188,9895.58446412455
68301,21129.87013230197
85800,9963.523595418268
59638,10458.947742282462
28031,15166.284677943684
98728,10735.32930443343
67408,8770.639557526054
77830,9652.639470313483
54724,15560.16545556258
18096,14134.551934540637
70139,29194.826923889188
60279,7249.139684664669
51145,23530.199602364773
66571,20880.9991406848
21200,2203.6009535716203
27007,15980.882028167358
98702,25572.478837880182
89841,18465.986048141232
63276,25656.460493985825
96026,9517.614843894491
93151,10082.80552251661
37918,22685.805532861195
13649,19107.76664049022
59881,13079.688253838867
69434,14581.707384023908
76507,16630.2483881957
47965,12313.591108800201
83266,13359.530144393739
72720,19491.105071491573
31662,13196.075188115588
87347,24735.109598756466
96569,17809.524999548754
57873,13385.819616130291
56176,28231.51566192288
63574,7818.118397485368
11197,17688.12401846357
62489,8094.1987425216885
32217,8670.49315690741
95396,9943.99261976809
10079,36819.893827414504
41586,35756.306103610346
80367,29912.244197005457
49035,4994.343000100047
50738,12555.54539077661
98428,9803.502485375186
97621,9308.428062116349
19001,38842.812014115945
21171,10400.031395968952
58596,7144.537638657252
88976,19448.135589268117
11592,21810.734100213172
42209,29612.63622771044
59688,11699.237613389623
78158,19585.34897389831
33426,10900.410197569632
22536,12081.248313852677
72235,24925.965547725064
57212,15506.104542447816
58925,11664.917892611396
29878,32269.081386313184
98491,1843.2393167596256
31237,8871.584309395057
19378,17705.1299366192
80187,66094.3587055628
79638,24319.286650774575
96453,11793.235524146035
21991,18382.000420164568
66647,15158.561931858349
22841,26040.285065996497
78066,18306.4153692133
85865,23107.994764239073
67834,25309.74016742176
44001,10712.260177474509
77115,12364.005285341453
37812,23637.67281779262
33299,14824.098561174686
44480,3036.53975815368
89258,10306.762641979425
55199,10984.762702358112
66283,16133.177549517222
73527,15187.168447367856
89456,11547.340614744651
81679,15122.183222022573
42570,16831.005756474144
21264,24818.316987270162
72877,13094.759208319707
52441,12136.082172326576
55163,18284.24712427702
25651,44948.87209019117
58697,9765.979711328378
31663,6584.816132929887
13995,16849.09393409515
82027,20998.166454550403
37790,8243.967858237696
94828,9779.414502784672
51805,15765.91054835688
34349,26666.382192512792
81897,12529.368890244294
70901,10455.834789021123
13322,18307.056227769
62849,25848.760575777647
34869,20138.69650991823
56131,12618.672721345334
99309,14959.249508123185
31623,20579.51205783661
55352,39051.379500183924
89621,30553.560035194132
58319,15230.982061637467
17147,11619.97699801184
31340,11125.422020083619
29138,11971.733434994187
34620,18124.546120404695
11107,29806.978332296872
39770,12844.574007575586
80217,46578.244865180066
61396,15127.972700060523
30904,19071.000847049385
10279,14168.715575116601
73345,17500.13552428743
38756,10240.718988400866
35873,7530.031058052473
73982,22589.955386065634
80486,15358.1256335363
26504,49556.4776163972
82466,9686.475703852422
42275,38915.04384961953
71342,6761.674275966192
53653,22179.802097214324
96468,10969.80849431339
52499,12682.461334693116
26044,8808.896256228934
64777,13925.40941530557
18689,28798.703310003315
14251,15762.621557178385
19458,34960.72804157954
74059,19145.031557610506
57247,6926.85671285752
24129,13251.820515010699
16312,18422.48584385724
40701,12174.425606066401
79547,24633.83021977368
72086,13960.924090243736
29779,3716.4443436252022
53751,18954.72761119783
76557,16894.658510518908
99393,9507.803948017578
19952,19723.90472829558
24991,7673.640902329105
87173,30369.364753032984
74482,22752.084090799457
95465,12534.197692583943
67964,20154.953884752802
59745,36499.334080799395
24166,17613.3294218232
83616,7425.299477053588
36343,13084.765368204778
28949,27956.26607124725
70272,43588.4054363909
78756,7450.03462223801
12012,28684.31655574723
46835,9466.440533031142
24825,21711.00251139291
81936,15666.530833404258
24684,9052.908877543461
29071,24277.4957228109
22465,19225.32976152873
98094,36196.32263801314
21553,20902.00151841493
71045,27648.014559320105
46687,10170.944156809954
30099,26090.198218043115
76663,14578.785824251167
29934,5391.849039972454
20788,46274.05242013109
82192,12564.305761797521
55289,27921.19498417875
31378,15163.413141335192
38995,23209.07440095541
44142,18102.85694864193
38571,46903.611645373596
65971,16405.13175012634
84647,15369.778078906695
41567,23092.33841263349
77696,7701.528616047852
98728,23316.27530529911
73339,11127.725462297243
26241,16496.430956567743
92037,8539.838251932279
12012,16556.612921083124
92914,19382.568313400232
52775,17436.45966047626
14149,17984.416724846207
37505,21130.266695518505
63696,25633.179800946786
90202,20916.94365545897
44096,20903.271370087612
76600,9773.363799295144
55786,15346.34041659271
97531,14647.214840335953
20035,7680.258606092031
66213,9474.901127501133
17743,14688.556679172416
55422,18276.19755686458
87382,54205.23610811956
63276,33350.28071386494
22312,7252.313510736492
53380,19915.897171982804
64856,15798.482155050291
39680,20640.9591515689
85157,14752.961603152133
50114,11105.89690420969
81576,10874.266806445528
70934,14776.47229393965
91330,11043.891646818509
23915,15399.897442283132
15865,13282.007819019567
16685,29390.76859994983
16059,16207.487052657198
86012,28418.824518386413
17196,6803.856018289267
95711,25437.997553794143
27773,14677.377306703842
70757,17996.69169214957
85167,24790.191288233134
16667,8126.686751563366
79821,26835.131105780158
25863,9714.790575938547
94602,18278.68614784387
96040,19510.788962943905
61047,11202.092022981595
24356,17921.235769093728
22424,19663.222797451872
68109,20835.99262175864
14178,26823.865634345035
98091,5624.007366336871
88183,19028.762337146974
45858,25226.334948092423
42604,16183.030687033403
23986,18464.21301139999
89899,8911.115471355315
19524,27346.719148055276
39356,10042.76061416191
11358,15831.243043931445
40900,42036.67599403119
27683,4264.895887322
17695,7522.1020721215955
66337,21193.260833039007
56170,6666.452961222627
60209,15105.559317704727
17315,29591.811442510465
10164,7720.150659672834
71299,6614.042007719538
76567,10103.885855298373
70574,21619.918425444637
46808,11164.739738043332
28578,9599.68869618724
70180,27410.99386428648
12736,20177.21524732859
39943,4432.037995798997
99637,10062.941146143628
34680,10836.338548029998
20400,11108.182152850433
68091,17080.788510828712
79003,20647.14749291203
99228,17000.410562166642
39123,13319.25818999324
46485,28624.916817011992
20265,8864.822845125063
50683,7501.987933268256
98069,23078.22733858379
80029,18101.952371129253
96670,23180.863684393837
70562,14139.595969705366
12991,18067.805261616464
92388,12199.021234155378
29890,11940.831640157638
81210,19441.601488209126
62489,16688.756209133757
61042,19982.297699368657
93759,7630.984776878719
47096,5811.773345948852
83239,21436.699143165955
17001,10528.12525996533
65578,23348.438504841706
45321,57267.89934654021
98796,22465.664666345383
78175,15609.774832610206
40345,9285.577342195513
12980,23556.002040663814
53300,49529.75931724215
80835,9987.0601179082
26388,11861.554882909764
65585,12607.24706851666
88802,5905.630805588942
54768,10899.8602004187
97679,15249.910083670195
25351,30626.8452549773
37717,15759.534339226197
29422,11324.063902005193
34038,20216.17287998197
55941,14916.828271837669
63470,25912.756749927707
60077,8868.32367534445
37429,11473.398652920107
46783,26966.03234574338
63732,39438.19226996119
73308,9397.371831275706
16903,26126.18915504791
93566,9410.117587761175
55825,27292.642164885416
66291,20452.35148863074
66870,27413.62290251672
26022,15345.006509494084
44144,18790.311085774454
47994,11331.546688056409
94276,34961.94336284447
52632,12388.163569813765
74840,10682.455622969852
10386,12590.652573918505
68625,15882.180821647564
46490,9278.526147856872
88392,32380.265923107636
52253,25938.569673999835
73804,28350.395917568792
50931,19874.79659635834
15223,16220.151975587181
99682,9945.377983941675
47567,8445.891721980812
96011,21986.528514863698
85147,18427.69129953555
68591,21604.738937767816
10427,19849.0597175262
60815,7444.653236787792
58386,16962.143076548353
15273,20516.550943245344
20919,57899.556124765215
20123,8971.762520291008
66671,9278.071585600044
94263,10290.495726859019
93425,5385.704491170854
90520,7143.877873706211
75916,9151.760033046488
72799,21465.419389512677
55738,23156.585109899024
12697,15333.714320760066
90656,12206.319420100248
82372,17193.456487614167
39065,10687.176150007192
39035,13495.652274574753
79605,16116.064562405125
89550,19284.10471847084
84651,13803.2602374537
63829,13944.34756058827
47957,16213.84410010302
45479,21373.249163689532
45394,12260.984384979281
99263,11294.254343040637
11369,10916.091578055886
33108,13256.873871957156
64425,10490.564360817367
45904,19349.351949886757
34210,21783.19060674506
95337,7003.690296708914
59966,19010.827584175575
77871,13463.702102518564
16140,17014.214467899317
36906,22251.03641146051
92129,16788.37285077214
43293,23916.174150372906
23629,15581.719778810244
18526,12209.070787707953
42945,19676.430601861313
20875,14614.381907404037
21999,6901.4533423917
91408,45063.968337642254
93704,27536.20540538131
13770,9950.404828982893
94613,21949.1234087116
26348,13486.256257760591
98270,6991.70765447377
12089,15183.200395089418
30550,15795.945540272069
40361,13910.331676120328
12859,21977.58183035285
13194,18373.206541318963
50082,23308.67739963313
19998,14651.408406275455
30210,9289.755689735612
91259,6768.579181334349
85600,14009.103868030861
49257,17830.965374488424
53070,9659.475390030166
61848,12598.831480462446
53888,28452.393021061387
46066,29643.164156881445
70928,7983.7849578712885
66781,8953.632494157151
69023,14570.087080566998
56798,9676.599893923085
63345,21715.954902600595
82205,20530.40309774783
48184,11908.883986536983
75574,7825.574639389035
62634,11109.00959030789
99876,11324.61734024552
92707,31456.71431847793
88524,25959.27509723205
69933,27804.067326748653
13900,19247.442729478753
98503,20550.194459205948
72950,13775.722792649894
34882,21858.080885716667
28353,24969.82064623933
84931,38415.18803336371
50164,26805.12797325635
57936,54186.1478443887
51302,23303.775619958455
58612,12998.402196210307
24537,14065.163709749773
30028,9137.855629414322
51519,16087.272730144108
48761,16101.332093981586
96903,14892.849288946789
42463,13385.537292736024
96164,37135.12502100809
75193,50953.569992565135
29940,15130.77707644801
72047,6199.985915635518
92013,11914.021673903822
47799,18907.218970399223
81332,22747.58556997576
92233,20383.433002218124
41180,13678.488892736634
22880,24934.335854504243
11913,13434.72655611987
71978,16060.751344235152
70271,15776.286611687006
21339,10414.657630699057
66538,12215.544713351981
12014,14281.362809079867
39129,17518.320052047635
78906,24537.70887389036
61688,22382.357523711216
93771,12844.046417547757
84284,29923.523353407756
44863,10116.063043253755
77133,14125.549627460752
58031,10671.944591311545
61915,21620.241531076714
41615,29024.67367381871
84968,26631.379026525847
19394,3434.383465318646
32922,8703.008690076444
62803,10307.049839584079
41007,18320.945600892992
57285,5830.60964959971
57821,8470.313049951932
67146,23262.735014911254
13366,30375.87898492827
52409,9074.656201275127
86047,6143.149273558576
33844,10713.997991867935
18491,8718.606692092932
31661,11794.698379021764
38418,13508.109008601783
61214,17297.054466416776
29698,9479.366587692859
93880,17967.01636776369
32224,16597.097555858225
54694,12487.626192775191
58909,22316.73508791138
91914,14052.763476537457
98522,14863.567235180959
47634,13144.972579086201
25435,15526.820181295878
53403,16550.65404125677
86143,16446.22064030921
12658,16550.65404125677
28935,8654.374481942323
20232,22277.488696887372
94189,12750.721974727583
43805,14374.25004376124
25265,6577.270572197927
76064,10180.905305496275
38753,10089.729111376104
44296,8346.145873190451
49752,14660.750678793316
87947,28709.655869827307
35617,11783.424193170793
69919,21771.43024627158
88405,20758.25170913725
30683,9165.694408448446
94015,27249.44559114641
63491,11434.136031560352
95492,25423.771500967567
79478,7756.0447941913135
51366,17032.883133728406
18898,25595.703627770916
37629,12694.566009357295
47674,20354.889572838933
74310,11630.585511527364
22177,7767.252888028863
14704,10109.594599538434
55590,22894.707185656145
85671,16409.845661613723
81551,6778.024301964211
37113,8787.858757744594
38853,13036.570025479672
53751,10303.483995737537
68401,2760.687102899479
28438,12170.726399385767
55259,10409.026225822305
76440,9627.356761269199
10276,22080.538198313487
55821,12990.168287123994
20992,6932.712594899373
12907,28770.759069169108
75101,18407.536007261664
84649,7415.97604743951
61289,22388.03858836806
86020,8876.71905966986
93487,21340.669710798415
49444,19889.178098188895
82655,7415.535453812336
22769,12248.688288509358
56729,22083.691564190172
56597,14911.568109317923
50511,54734.174375772716
49471,10324.080503753456
32213,5743.366824739689
12635,7798.576085799197
81899,12729.15397624241
35314,26385.44027999415
95778,11594.30519709332
85349,11110.914902329168
10928,10701.91296388065
22110,11532.019407476146
77555,9145.693606091489
96604,11673.27774116934
53261,19616.600867489436
65594,29442.92354888378
98831,10752.611325065467
81691,25576.64119494571
16706,15017.612407562783
42179,12971.283257097286
78477,18585.707659103115
41599,6074.19505647402
37776,7910.843495789153
94606,22448.487667209916
43614,14943.232031956955
37312,7345.254424829964
37757,8473.06970497581
39284,14364.649674707756
86923,8708.680694661623
85890,17095.27546527791
32415,11931.175502461498
81623,5330.3462083378745
11882,14502.202961919049
30902,20147.1241791915
32486,15701.951531639548
32194,14292.304975416915
13639,8865.69586448474
88621,11391.505987273755
87971,29807.990385462665
81125,13769.093298586526
85936,15637.609935119475
23527,10845.166910157235
72408,9960.057189582363
15671,21146.497403285655
48647,7354.603434163284
89442,10233.55710587935
20035,18732.09675139052
81055,30250.770944537577
95040,9075.396943677255
84189,21331.802400644967
67964,12254.13636492564
30285,20032.837667582775
64210,25006.670059806755
32970,6146.335648390437
84352,14024.540690005586
70281,14372.128545986146
38144,26378.237632498047
50434,12216.957645159171
54501,8131.97625690645
57180,26290.927028523485
16742,20639.17268447853
70019,10898.28215584482
66332,8503.07273506944
19068,8784.250172245847
88988,11818.766247449188
42528,19190.6167687821
94596,8231.511404553696
65118,8256.699085299546
67824,21999.693513387167
59047,12139.43112244532
20382,19644.358014934573
89144,54020.707015583
34002,5920.387981161512
43225,8081.646123691638
51053,10496.656379434826
45378,25847.05905116851
22898,7015.479483082492
54579,30980.359470478943
76382,24971.765455723413
32631,27039.407205982323
96094,15077.887292596008
53465,8345.781639273546
50013,20645.49876023981
27881,27060.445054515956
84125,9687.47386820874
72040,14477.98197519582
56134,31578.31521105358
55684,8506.448643333926
39765,8120.950302313853
19744,37399.034472308034
54938,12651.705790778286
84642,5445.230843237861
55225,13881.764201272921
59145,12001.940666166662
67591,14495.030514288563
58751,19229.543965316185
20307,14571.635773947057
77380,12025.723846193616
59557,48843.55592331183
75356,18424.528155140182
89011,21028.20979783083
88971,26986.36634931728
56945,10527.134975217272
24037,7104.92476849012
43668,15973.165826698289
17683,8131.570990509703
69576,9827.676710120755
30322,19428.70306538679
40679,26892.067154733188
70962,25447.072697165182
74745,14180.956654828196
71971,12459.276589819916
63510,11157.07248118924
27171,21023.898867990618
74102,2334.9634721398015
25720,14547.561371537755
77254,18280.87528434063
68681,10697.018716202994
70853,25927.767086401684
36937,19597.14862974921
66139,11476.570677450143
69920,12559.3659013824
64321,14634.409129700989
65640,14032.418690462724
62545,16532.870812613244
10856,14771.550065683916
34846,14348.356434802132
90919,15289.0711570403
87337,13867.147771535056
94359,11347.270549887187
68043,12212.95667721935
21969,26102.955077929662
25484,11132.65618677658
67131,18636.106478908398
99278,7822.660542710704
81704,11203.752508011337
23118,10653.588158612216
40788,6750.493834393228
79926,14402.124442162201
63698,12567.531918434754
11809,12814.767219965357
50379,8858.081591005674
79950,13257.733843393944
78781,11459.742595493324
63241,18476.470576908803
67619,22436.532254963095
62934,21057.80008185419
92763,14415.730642804281
83190,21646.913278750264
12120,5344.046255983534
16665,22581.751968099587
53803,8259.301034816843
89032,14658.29340602464
95987,11720.19297557996
66003,9979.742622593873
42484,17735.097028375294
31192,9888.920777437772
47717,10697.007026480533
51946,30339.651218367006
96033,9845.311765900628
98294,11722.918275804392
26829,28371.596102049007
52605,8543.606020695564
92695,10443.65946583732
32228,31560.286753670895
64570,10837.981495675547
79163,14424.402849403054
66486,29806.43027671388
24342,9238.894700495079
97640,10364.066214809813
23438,26588.102648580265
32839,9856.786974049242
60029,13072.998375414596
21024,9424.149625687092
33847,10964.99619936291
10370,33862.732200458486
67073,14315.092281709842
89744,19695.497617354253
59088,15136.494160346063
44027,10284.737014245246
42786,20021.610235580018
50484,24073.514134105182
57048,9869.820364071431
55617,8535.015762511463
55831,13529.137669062162
26030,7372.343848144845
23192,19549.885095743382
25503,12128.550285737183
91230,11916.210749241236
72652,19842.485098490375
42805,23345.371758721834
15761,14297.721828455953
25113,9975.729957266114
32609,21591.076712420323
89420,11327.191005959052
92163,24235.66383179616
40940,4760.510227538467
91916,9322.03030002024
22699,37812.128519935184
72880,22025.152521035372
84804,15236.452089455472
55089,18465.85514607525
65407,30647.746953193084
18728,15951.716313736435
99394,21574.473557011446
40434,13110.626173202283
30266,29191.344657885737
27365,9950.519680055351
66622,15402.905222015828
95823,13798.77617553886
46782,57502.033504709056
14314,8012.707022271268
69789,21771.21338297403
90163,19662.269548224755
40804,8849.438620080186
67712,13628.82777130592
20407,9944.348882198305
35883,10282.43524777571
60887,40076.511489556025
32920,8624.932451989453
36762,11199.434034550264
63763,23091.088112796235
92115,19908.318367608303
20983,14833.561582565562
55399,7397.711765357739
86940,55753.34615568377
85808,14063.925332657887
73996,6104.020028205774
67339,10499.671753001141
77733,13716.545543467939
21952,20303.860134870687
38138,12340.867321310383
96776,16379.164720485354
62086,9385.671762036469
14393,46859.5931079804
89576,50143.11039914749
99645,9911.890431478612
49817,16640.51490430144
76470,17515.68208926343
43650,14427.771980053774
23128,26382.89810958598
32244,7259.7792623403875
42715,22303.310427232376
77570,8255.498508220124
83072,10909.189613344388
89666,18844.498630240945
27779,38806.22179615704
70910,16861.839167459177
33956,12990.168287123994
93663,8925.728400785956
74540,21341.253019688025
73382,7613.4390916185
99487,66467.3687154477
19543,16913.49044458238
11317,8877.186146024169
86535,9929.014926357686
59135,20041.24753911572
41925,9871.040983196688
76774,23520.048505662337
15161,15141.997694381549
32904,10155.53081655257
15824,11657.20182905389
39967,17979.21587490758
97146,19956.892797528897
69179,46433.1406321123
94375,6328.653206263014
10503,8181.318442486085
99904,30750.792992047845
89871,9030.420335149225
14590,22789.765395768794
59325,35234.04462485285
63968,21383.29843370973
21012,14080.264704874291
64373,10135.603396359656
45129,29881.781416447455
96170,3543.013824755468
60085,29893.706966938676
27005,2907.655149194643
11843,11877.238990945316
12614,30313.858045178706
42632,9736.681655708851
18113,9512.481739310904
59766,40508.58951578439
50556,27123.24385860349
40796,11336.57916901624
53244,9604.506920559912
51359,11543.863602011623
16224,15281.605829537191
47615,16777.645360922244
45633,20948.11879292805
20597,27839.88585887633
89597,6801.504485697182
67389,9009.559506317702
81936,7626.013887218087
82814,15461.678645395521
76858,6069.412238927578
41459,13091.443964121521
94079,10670.716030086476
86219,10415.155637397456
57404,13972.99757841026
78695,28862.32773594246
35706,13328.374958849185
47177,7646.715910802866
80297,10286.91848836659
56447,28538.329271938404
22330,27243.090545885458
33049,9975.729957266114
16377,8781.245310920554
19940,20538.962062388244
26511,9561.229308293314
94064,8870.793727620869
52026,6869.201421363625
41951,10395.830057285679
68997,10476.944485066308
40203,22049.74100564924
65692,14133.798793898455
49327,22764.19333390303
59997,11630.695403402173
84027,4003.9473743514245
51911,9936.768621233281
68674,33547.310639233074
54036,15694.093864469316
74390,10862.91186499817
66835,6986.8272712981125
48698,15692.266585862548
46866,19319.67606168785
73866,12065.161833576713
68155,19613.941635013438
55027,8430.205375170337
71736,12566.341594904741
57446,16551.859717862655
84495,20991.376590897908
21424,21304.35053609293
38273,7841.823815670525
86688,17610.701529534108
74121,12640.731891511932
24895,17262.365105787198
97190,6676.117847520296
58638,24309.141147460236
28869,14796.139875589033
26599,20862.33313719795
60580,22045.211932666956
97924,19383.01457346311
65408,6828.443319816684
41286,19876.536068077894
35155,45165.69653777995
99906,11425.5565510638
79413,15644.74257045401
91567,10669.01037077758
55283,62292.041865998544
10460,18202.711050800513
11261,17685.72303823679
67905,14972.512002825866
89504,9838.5734164688
64745,7676.413009757938
59897,21741.672725937126
25716,19169.14359645055
85491,25103.558584213028
60591,22820.741419530717
69691,22373.504790777013
47784,12826.043636120552
48613,10241.892234306746
62754,13256.148611859828
36567,8298.590988565647
86848,6669.74014760416
90246,8801.227142017915
21100,17870.411568121497
41822,41121.74002172535
81963,8296.995930802146
67458,37128.62096525177
45280,18429.888273522465
54775,7158.023649895402
42672,7185.166205811489
32081,9388.490851829589
78396,10477.653998376532
86723,14028.367182237425
76939,26766.154416272166
61779,14717.06482298523
65219,21609.019608452596
67750,15323.680091989929
91532,9107.8744287031
61696,13820.638229243486
50085,6427.440986497228
86012,4591.855246361885
36275,19057.24010194648
96086,8981.317556809297
98304,7707.3807328171915
29250,22453.93373963378
50395,8386.837480908025
33012,6879.213126597209
68834,10864.730247144595
68518,10374.026008346238
23900,10748.536740668225
32021,13794.509521381071
30807,48676.81574669294
51114,9803.524005383159
66464,14886.357373527078
99682,22557.39252441635
28973,17239.04779321204
55072,11039.812352526826
48683,16182.00213793671
84571,24593.20976895919
51472,20664.31373254375
74362,10017.16567278477
32152,8935.177004147168
91740,9952.339018753406
22333,9049.824771762957
87374,5101.361517906105
14655,7846.183275098996
10317,6755.408461727155
77444,17111.630525748173
60967,8842.43084164791
88130,10134.550432001812
93527,12236.592870256476
69241,13408.46248524087
19784,15378.703779486863
13540,26290.37931992804
11029,20211.692908275596
35213,8562.722377338416
60938,18554.81656195858
90450,17707.57448551577
46874,13993.313420306225
43228,10585.177194865562
49134,16903.35373729336
52064,10020.884350457232
66759,38601.74268959427
54114,7125.457287324514
10283,8249.449842061202
36239,5563.273849114819
30234,10608.732285192254
69348,21882.778916644875
83236,15681.74960579412
91878,7163.282804993514
88429,7732.171405607554
23037,17822.715387994343
93210,9943.814588613373
70077,21522.065016946653
72158,19675.794217454415
72266,10183.708271182048
29026,25516.681946237615
41790,27667.57156325868
17604,17354.82058056128
73903,23069.923537071027
77443,20351.644791741674
34952,22627.46036821975
79691,14758.940760651169
43052,18560.55215776564
82652,17150.82187587251
59587,15503.13142536884
67028,11224.750944684652
73051,31718.443588085385
15129,23722.6602539393
82901,9414.587150286054
50473,14438.318055169057
28585,21168.698122128095
21784,25849.370418993938
74166,28453.554802989554
50897,18791.239213136803
95979,12097.22412087608
19909,9843.84541299997
92488,15316.884866506136
37764,9086.97636104462
28091,11652.413036948907
39612,11645.270597930406
89124,17693.45278872183
55013,10218.120699316245
31300,14617.073606775104
46287,16409.631889607685
93148,11656.843204474888
80707,8359.819795860692
48921,43954.44772555834
78834,29527.179353421234
99318,11321.442688154664
28188,9200.750941967373
14265,10423.681751373368
41816,9126.92929074308
98060,16816.112081380477
31479,18634.627337720063
79091,26415.392134748727
41195,25145.095631990444
13883,5971.314688386328
19208,44810.65339232562
66690,25639.619595700315
98883,29018.129411740752
46000,2064.278799908343
57135,26732.828264367137
77834,11882.757043499842
26493,6060.867709057102
29601,9575.312859876238
46563,9907.501793866855
30971,7036.963279762927
60814,46446.31063894631
41832,9629.540515635435
64712,11535.952867784137
27238,15459.883065163935
10375,12243.917605954794
25927,9604.432107093455
67509,34570.71001547617
42789,37759.11732446181
14407,23068.068918318615
63818,14990.51553365309
29652,7214.837844377793
32819,11139.586355167752
22950,9492.766946647034
45455,20114.718648834893
40591,11012.90231547489
78964,14324.061298461897
67719,37865.50185190642
20509,9863.369835861442
34043,16650.360629166455
66744,7249.139684664669
51312,21758.232739937044
47187,18508.1433946976
45581,30877.452300839606
62604,11015.184386796023
11468,13896.033978007723
43008,22556.622045990192
69408,14425.648942537626
71604,15475.165706997253
58594,6650.20751974542
79409,10791.356183227732
38653,16688.036448104904
89618,10024.161360474105
42882,10175.258042197642
53450,27219.220532644234
64576,13664.749245628636
19316,18079.30939121895
73448,11386.731423128273
69404,7498.0408523924125
94915,13581.903726017712
12673,9480.51109805802
90906,12363.195692791145
81361,15526.539370229417
50227,17522.69632996639
88660,7613.4390916185
30774,23677.71487683832
41313,25830.403962848395
35912,17482.764394161175
63902,21492.75771089359
22915,9278.642691821708
35827,16298.028421332387
39948,11635.34741289795
28149,11529.719871614117
85538,10443.46520331442
18992,14500.073268109109
88249,10154.90732664155
47000,26732.516241578945
76110,14501.279363379905
44100,10711.93621435005
81447,20125.27453778373
17093,17492.883293274477
95843,27571.805920980238
92575,12700.69919407563
23612,18484.594027210678
35241,12056.869560065075
58803,8708.088325657744
88839,26737.813544231904
49579,12371.873088907263
50165,15930.518419375252
20156,18877.4754339178
41722,19144.38271638978
75429,6932.157427196189
30735,22102.47339990883
49122,10204.884208747706
46474,7204.196537844638
77085,7101.039589377822
64479,9840.685044450742
45072,6978.377339169518
10779,21918.600488109903
21338,11642.804542086327
71105,13094.846809015047
17591,28405.702782645978
25721,26396.721959912244
47993,15795.78195454433
32712,10585.480202641087
32333,6417.679872919665
15345,22231.492842061078
95137,12291.086878159233
64418,7426.421787853171
97116,1443.413943248881
49887,28697.151533842396
81920,18222.37515842124
99632,10706.80523895302
23192,10125.960473359031
55922,33868.089196796995
71792,23763.322767266534
38082,7351.256891882009
45828,11149.595237545098
32250,15091.630312442549
65038,29322.688883778155
59177,19477.505168967517
91047,16699.785513642357
84627,34802.59450942899
23143,12122.254852223683
44378,24891.58981008391
26353,17705.889459862836
16140,26154.290333877972
50663,20147.6570014465
25680,22694.20726218215
11367,12195.300348178327
78297,13091.508738461625
46349,11433.006927107734
92366,8919.567651445834
57264,18626.62977680543
67909,15581.054665193742
53694,21737.648620457112
10198,19854.90806123596
31416,7009.52895394858
79745,13846.17254291556
90141,18605.477441514406
76140,19680.144032288146
34763,13407.684009798768
57583,12570.419122101515
56959,14380.700447127207
72266,7483.265109186814
15053,27777.373714308073
16285,10493.47499961497
93712,21744.829245908615
46099,18881.89193078376
66360,12203.596889417555
17322,9948.60241176968
93682,30692.472675778903
98009,7719.00740638418
20076,8709.979521839123
67845,13172.679255990064
59553,15260.447674698851
90212,8250.359218732941
51249,26821.629410808935
31024,29446.589542657028
46490,14016.235726762421
64010,11668.332256215743
76700,12609.098708986705
81681,11605.396588382653
37883,44849.44066927594
15074,12625.739995593967
28109,8326.610509974746
60359,15563.189093789222
98179,7973.753966477518
19252,11017.219569881527
49380,14659.524518206415
47227,1172.7622522928214
47630,20709.70364303558
33037,30462.6182319175
39598,20733.012083601214
87053,8379.795335341487
79333,13193.938144312571
19458,21663.326043868215
61774,13513.854119791404
76145,12837.647885190843
34318,9269.475712099696
56012,13908.920659001107
42286,10197.694566134625
66302,51998.4090760225
23578,7752.568820579592
53550,10429.057371761446
33471,21228.801348304594
93292,28590.742046275715
77253,7310.31941373307
56712,13574.947504007545
73611,14923.171287143894
99954,26500.907954664843
17685,11998.559178481522
43606,11193.27132518155
19317,19605.634414770095
56361,3518.9149076440426
64074,9854.638686327944
13892,12656.506234739114
60908,9145.831755532523
84544,54618.28317156748
35200,12892.295831286006
86193,7249.795044530361
14277,16077.406751881459
26478,13223.494807502262
55914,6399.862486011727
81525,16975.86274165578
46119,16927.172173638333
63818,11428.097549873262
39207,9154.64676728567
85403,14580.137481384167
60999,28024.350399497784
20245,23235.65655233993
60759,16461.157817436164
91782,13279.273788086892
67560,15961.01930006624
91024,11765.214728076215
85551,20507.585553112185
50217,20587.00600016369
25177,11506.751461141923
23362,14393.557141715897
60160,11110.914902329168
97532,9782.783387237498
21132,10664.825860604322
40168,39823.97008747034
64808,11367.682222334912
75434,24630.59058203673
79878,7293.652195969924
98647,20276.78387402481
51923,7616.184076871854
93261,11906.150313325443
28753,17920.09663994228
50210,16386.54375129606
78511,15514.485903214743
73568,17693.928753371172
82182,9843.84541299997
17039,22229.46958075839
77306,34645.88224502347
39204,13391.580490587297
40514,18535.33807351687
74737,14405.00015870741
82096,25093.613433069157
29325,15746.48400232
45821,13282.847859770562
81413,15721.949675073529
76961,14157.44113114249
30326,12046.4029027478
78393,10278.381484132206
23268,11470.208886150487
80046,2920.114283208928
85259,16664.1238371343
55893,11687.45238108092
41016,19357.650866175318
22056,14670.452221664771
84022,4722.784342910509
78203,9474.083850517512
76472,12999.390968160254
63365,26698.15879770666
78823,10936.43125759349
16109,8813.91941622226
44401,16764.545900430698
98743,6767.695718827734
80070,8142.8060025236555
82175,20979.29508594786
17645,22559.175151438125
32493,9158.346327689247
98790,26225.7740652246
42787,13089.96558407072
76717,9529.247707986855
91343,24513.71676255262
57030,8483.55994140944
25774,30610.722253767806
89274,13403.487921829284
50895,8814.991580052243
86750,14541.320415655266
77184,7392.266642548846
16505,7426.225370919779
41157,17250.28071139832
99642,14808.237643330653
42321,14556.574220770877
24849,16397.776752456328
58835,6294.195384667522
40833,10831.961702364408
88664,13574.677831666115
71529,11517.75165642102
38549,25183.80275438898
86828,23843.23186874492
65298,8451.716811400915
86134,4994.343000100047
40388,9868.632184164848
92517,13625.207552539252
37584,5951.1026486152405
96361,26413.592204262735
32367,7453.4941130716525
37364,13950.726656287618
44199,28869.982275903152
23279,22368.665607702438
63160,21022.35328086442
12574,20780.55857476413
74435,16150.408680458177
94516,4546.0517246472045
42297,21471.237547354605
76776,13635.784578577814
10472,17582.3422629969
48140,11120.807817833334
39012,9546.77671636179
24572,27597.91545921841
71736,21363.996110564392
60027,11902.449481235366
56031,17032.949125226467
75642,12590.652573918505
17397,12027.957300534254
55456,7988.374348640549
52052,17100.020719143155
71097,22599.286682300215
90477,14077.33327710273
64677,9947.912371082104
32002,18089.891041153824
16136,8359.819795860692
86383,8708.973012866643
66784,31936.482697480355
16662,11122.921125975823
96869,10955.217794654276
21670,2429.889819318596
79200,11028.657669987426
25927,12753.050612800991
82196,8719.286712759318
68736,10269.898564702842
51056,16846.971907702777
20811,19706.09835848354
53590,10118.966220019833
62028,9822.02121444114
24694,12770.55538016594
94625,6538.855054723232
83627,10761.469133735754
17599,8755.456062976247
15355,18408.46956848046
58531,17137.11416181707
51425,8719.457299314388
20075,17633.032042969462
96992,11134.126983907638
63459,15542.384447442217
30438,25157.555031214994
46431,32703.60669937302
87670,7855.808915047035
86931,18746.045779615397
47581,17286.24290713476
59181,30240.630103051117
81001,11851.437016567084
61546,9824.452100879276
30524,29688.76941218832
60938,21788.246998481776
81683,9425.955039845352
33320,7193.241535382958
16720,11618.553198617397
72520,10672.845236700117
67734,12589.590077195942
11495,11848.886349449702
47058,14179.238138786479
21234,8852.480532859761
48695,1308.019958655048
96503,10836.076917266502
82884,25979.811060715925
48378,15379.52888275895
71662,12271.927718872616
84964,8216.201441230169
44540,7094.067909980236
76230,7520.174445204073
53030,11388.145510296097
51486,17285.615199040203
97218,47159.61913729771
97240,13924.516047934769
70707,13588.166990135665
35160,5927.268548416441
80135,8859.78012842511
58842,6715.897002156156
62087,13456.626122676036
16231,15749.966612840377
35848,16411.16344562519
55083,11629.819009999543
52140,9767.51381048046
97475,15645.201518059352
19035,21115.631315344945
50014,12624.071551669938
45189,9333.326495654048
28889,6569.649817932901
54433,18214.389002933243
23017,11616.908985118485
58279,28239.967421440688
68652,21091.92499469614
43446,15432.433258201394
27734,28902.52728476367
16211,23532.132207014285
16975,10296.893642229832
51889,24151.822183560405
38511,5875.231701818302
29659,11016.836058855957
54704,28790.03037702178
74701,20087.613759744196
83423,11246.264162429812
68765,29513.71208658768
46084,8839.535919766891
75383,13463.417023368353
48982,12536.80092505504
24916,13307.873549418364
30952,16685.64060976657
29212,13787.37342931738
45363,14490.145597629697
10038,16848.339583758592
84765,12150.104885282519
38853,12906.546970824233
17227,12047.087906600364
32209,9856.471664644745
29689,16945.917714622698
13296,8578.92081242789
51593,37862.444307038444
24400,29532.407262422366
13707,7636.27492771709
17747,18364.48221142692
29691,11941.962170583767
17052,16293.994223794429
23245,10639.39649800944
21404,17908.7451638216
74029,12003.06660517283
84924,13660.792599736189
53144,24729.609563099773
59503,42261.68355840311
25160,7348.275174538454
67532,18976.81426859891
60902,21921.12069753284
40511,8936.939475275087
16774,10458.766227042135
71394,7566.53008010892
36766,14573.007276927776
17054,27091.19466578648
93871,22247.52449774678
21695,36845.24381512852
21536,11384.636293044576
50586,11571.08681552665
61122,19016.126310749438
94950,14417.4697526865
26034,16021.903948033165
37231,18776.502213479773
86058,5011.682407367172
70413,33873.42962247472
31487,5486.8030292550175
67955,12988.12411321899
29748,13951.273396927725
81298,21377.945053435928
43176,8379.608660746384
98794,13976.348542621647
61523,12879.831104356912
98020,7464.780705667516
13114,19875.55504275226
51446,9106.105808211592
48757,9593.03523963609
47986,10144.23054734589
35140,24793.306759789906
94174,15599.598709338923
55455,8595.05937394915
18230,6351.201363860344
47811,6487.704617658263
44232,25241.9851137882
50946,9030.73343878031
71261,21744.14110441606
87548,13871.734987430395
78370,14353.496843555648
37899,23056.014312404375
17642,20031.69224523707
22175,16401.828034262275
26476,24160.85066448922
11644,6306.99555037961
81715,9605.394793476848
61200,72989.2638830586
54343,6299.363864289531
66987,12154.224462301088
77407,8972.950607771098
39416,25913.56330255673
18755,14887.107288072879
12350,12199.471320766188
89556,7876.129887607531
98459,29954.439558692637
91584,15311.767471695663
47702,12994.513320497228
28960,9667.48822452073
20584,13894.087734257404
67017,8984.806125717409
49858,20067.95959814315
92801,13709.193670742885
77255,7825.210184374599
78404,17635.463173125114
49508,31946.229648380096
29597,12352.50422817207
61459,22559.145933703454
61719,17872.310054960453
87333,12690.474171121325
10824,14226.866133010075
93837,17895.677201110964
63741,9682.9437319839
84815,5824.404498656148
47573,15374.976936382856
83141,25413.295901321027
33173,4050.393024343808
46043,22288.894038391743
18445,29304.866233007295
56375,10462.974990434719
53035,14223.0744528414
94543,9573.08647619585
57371,13112.629128440256
91378,18170.643314701465
57503,17087.60091583092
89974,19688.400301364607
15816,3449.4997184373697
90077,28300.51551064156
38299,7408.32890159055
36458,24934.412282050038
22087,14000.133216272929
68654,7483.265109186814
57255,14848.787736687338
70419,32234.762568659986
96955,13588.14253824563
25574,106494.6244658933
92329,8926.49523472472
50599,13872.850512967514
45441,13839.650942959704
57775,12190.375971945154
95280,46978.13598046634
99382,26981.782835077094
46998,8121.601710644556
60103,19477.313026434313
17123,18006.694553338555
40162,18345.927267580868
62842,13410.32846805756
84780,17868.584371482575
38208,8297.419229265292
94066,5392.486084800559
87239,28621.00717580156
14125,10160.998052602292
63429,11912.916450692854
86279,10377.254141018855
23038,10155.497651731856
25971,32152.10563073038
23036,9972.523148353157
60327,27106.186994482843
54084,12156.830776079505
99528,12902.15865692919
95448,28823.88611944546
96230,11292.819901893905
53785,14843.599368944611
89593,12051.526180788318
78014,9499.975830161406
34336,15668.919130289587
37344,9791.52692612681
38922,16969.745773699156
36119,37884.20313716172
21136,9354.532196193974
98635,20559.12692640055
95561,15356.437763488433
65552,48331.85705820372
82957,18048.941910870046
87670,8747.83836341518
46944,13857.723192124145
71241,15894.410466542051
97504,6767.104688868996
38821,7734.341664293128
50956,17178.642899095168
47687,7350.92641127571
33641,9978.598700399358
89892,13626.812163648523
22938,12843.111308611316
70443,31278.14799917511
86319,20163.377330082025
52400,18014.39971571957
57632,12893.458924458391
63200,16515.403226735427
25568,21331.914595098995
94079,10745.410572671102
42985,11765.696596657388
36374,6666.330281910308
23678,35032.7283549001
84984,22488.6550861518
41584,19015.68252884284
81762,25982.827471946177
34720,11117.754715208983
25762,19475.872503351544
30815,10113.301908320387
30090,17042.830419907397
62917,23020.591946282704
50625,19390.82578580213
29405,16546.940121567794
45797,25757.86823857826
33302,11669.649116899986
61419,13202.424008854963
78652,14852.874942804956
74889,10662.898174816371
32532,13085.389446930254
83967,8744.360176905866
94234,9407.856961649071
14983,13063.479454097667
11941,18368.32021109615
49874,18984.189988839018
72372,26205.138186486052
28944,5167.719703107963
27731,17584.229937448115
44093,14018.825720654228
69848,29194.826923889188
40780,7426.421787853171
94705,8230.166479462343
53796,6648.633880708649
32425,11973.650091509746
73735,12678.924278794591
45879,6407.431477706776
65155,21515.227385268867
72051,11754.348282929783
14247,6781.9069767576075
31298,12365.690163718486
45766,15864.188337214291
30936,21604.599813729532
10998,11305.599853946427
87314,8266.65486363301
31548,24078.807606738006
20349,30398.78443770612
78138,9147.413672886321
92033,28716.877205419092
57337,13479.52261950528
85675,9939.326841656402
45217,9707.163367532263
86163,15385.038895741118
81807,11160.069579379558
77657,46232.643743711065
66351,21400.228843259923
61691,7292.114567678138
73435,16152.002380301323
22384,11452.589516091892
66645,12836.304014992522
30760,25637.865663490185
79338,13933.689576120314
50848,10737.71620284676
49340,12472.39892827058
44781,24439.90238277598
54246,13894.312557832918
19504,5276.858784515476
89089,10111.613444474668
51770,10797.548917122198
38699,9944.291380012404
12554,9774.737970056573
15137,5593.535199842861
62631,17979.47293579155
58289,9676.599893923085
82289,18367.7702040386
87378,15009.397355404626
99253,21537.39378543455
10990,12318.406854816578
32134,12427.18317131473
31516,8787.176683457852
94865,10752.89812344234
44756,15428.331041896712
71064,29640.63408050555
46939,24872.025260324925
19616,62617.88038321331
29321,9490.58309845663
18237,13449.041806427733
31463,9133.412901957858
37177,24780.539660049948
25357,18587.307701845944
83933,29005.045163359704
16506,18648.44690765158
17052,12897.616754895804
49482,12284.226694190354
48742,17514.446471918476
54237,20721.74298571849
45427,33736.01575343107
47996,38743.095216614725
11726,8785.232482231237
81496,22805.178993869686
95070,9108.807522625228
16743,22305.51300493681
88011,21962.003015708764
17975,20507.640647981807
84892,5114.566518433139
56079,42051.31586402675
63880,21524.4370658204
40166,16369.647789901916
33566,12130.168600718938
55607,9374.232475103328
99761,11521.277759831826
46551,13639.7323499977
54844,10539.217098121217
34685,21236.419927474784
46769,21469.00186118881
81551,20057.26086832978
45277,7334.990544766721
32120,18133.61600951271
45351,14705.565046959233
74776,34537.060970713486
64801,21446.94727984382
92435,11476.180551504061
37228,19153.833432621723
94273,16734.87180310131
38546,12885.206443966143
19967,21890.913459123905
81979,10449.979012496551
24657,30441.933290229543
36501,8911.959985287916
83157,15159.333454190759
38673,12778.656487968072
98316,9250.784654215175
22150,90532.59969193426
39018,13175.457397532458
28363,14600.981899418535
46229,18790.460653481725
53643,13582.086716200474
90047,12733.328816726222
79156,17156.784630212052
66515,10280.624076417096
98885,8875.376849434888
89782,11681.045184988234
69063,7583.186741010042
29163,15397.119305708025
68968,29054.951246837572
58001,15724.731671948006
32314,6055.239437060487
38407,16866.726404140245
91209,20815.752636618174
52466,19305.455841945997
83847,7724.043935472397
92596,7643.20086916163
55209,20533.167289787303
80208,10549.124816820295
66816,18207.44994337629
67429,13444.002516658184
83340,17029.944063936247
33390,12346.60053378949
97317,18370.031291261002
72764,15182.515591294181
51213,20168.764826776645
39165,11810.424751389015
58398,20503.75602210579
69985,7129.002664316158
48496,14801.617070204604
90487,11614.917380157154
83243,10277.148775852696
86864,13051.007667550994
11015,30936.28886087857
26008,6996.880300129003
33705,127233.20467610918
67820,15435.033826423281
16728,17811.66443715764
65377,17120.752318598858
89531,14438.693450533414
77366,20881.6671306509
34087,11488.747469051948
48442,21970.85226312662
95742,15776.286611687006
32612,10005.049849990148
39005,8306.24427556152
48831,18214.389002933243
21556,26414.485512967636
58865,11774.54556951055
56303,16861.125447735954
91575,11264.942225530967
86449,25055.377506708497
74423,24137.65983730141
85283,13641.409945943513
86236,7620.169488231812
86726,10164.898185006063
44302,32077.872140980937
88031,12144.19707835346
43640,26836.59737984899
69196,15814.01377705928
55455,12257.243057837979
81120,13315.564544995375
80310,29803.94612355592
26577,27894.543766862633
87534,17332.218459293803
78354,50071.03052471149
98103,8113.871569530105
47597,25568.609982708447
93770,12416.195476819968
37007,12021.320928345654
76708,10166.939104869063
96600,9048.622973133595
64307,54964.22951966402
63105,15515.828932832643
21369,18423.18316468164
50461,13347.803378844514
17403,27651.927174684803
15226,11148.258301651524
90697,5686.065732147994
72113,18679.62275575392
65701,17543.11732319436
81234,22840.3162367397
10151,29886.06955662755
34037,22148.776297784654
16993,15045.362889183936
59469,9960.744846167598
87262,11646.239630869692
93315,15835.102780892787
70015,11951.646913846518
79446,11119.978463012696
61363,8730.868885434253
99340,24144.062447576787
48239,24013.421515789436
72115,7599.230628439562
60629,15903.9468598946
83944,28097.23602605013
44193,23327.831182810805
40886,11914.853788650982
18226,13142.628209377466
90658,43924.66277423618
67240,19836.673756350545
93741,11630.058241216913
38311,7134.454771508112
29792,13956.852162494746
88595,9912.204840538183
64714,14500.937053492227
24282,17151.648851883852
88896,20767.906253158522
68460,11350.205747677872
52811,12161.022983787485
31783,10111.364794618185
13519,22195.163120102938
60390,14144.741513568813
30670,25890.51194195867
83963,9997.414082781095
75327,21032.720365839665
89353,16851.428304579633
83575,4193.171045776646
12194,13562.281478679079
18255,18155.27072632653
22067,21511.961918751487
24498,17762.80485757211
97725,27156.934775470305
87338,18647.315082193472
49008,24213.390139948948
57271,27560.18487925877
55169,7273.881189851247
57289,10677.288968563218
41865,10153.934776702348
29844,7039.5077860889905
51201,8148.958959360718
93902,8334.94566564155
15832,26285.382157457796
75262,19527.210699843097
15780,18764.999942021364
31837,11202.485495133245
94289,26893.512257301845
43861,18810.203218508457
68091,7313.5277923791455
44615,29975.112362291155
93638,18913.02581235853
41173,11349.629435539005
51425,31273.861443818205
79042,64851.391983451314
14968,38143.34983003282
45040,19715.449613240628
96815,10624.346544982858
79114,12453.498383954877
40958,44585.42289553943
28826,6500.839792172086
50576,22040.11477520332
76975,14847.473468348282
42682,18762.674299940776
87635,24047.90374156837
14476,9195.321231093627
19383,42598.59228626355
49423,6738.683992565941
82328,17571.158181837192
36724,29935.44275554058
37120,8305.820773058618
90122,15602.538779192393
26797,31272.122841588774
44015,12827.896843018696
47184,18768.535679958193
49711,17354.326378976784
59262,11723.79630937483
73940,6804.384063574915
49301,21549.82328972114
30508,12932.283423891098
75820,19764.839798061465
27435,12075.34604932007
78479,8942.083846321031
65834,13718.310747172774
80763,11486.9620838706
32343,15499.472213504192
76179,37413.19574826128
35733,15408.06872855661
60945,19510.345832037758
83747,9127.197115137766
13646,15268.438506415794
27094,22263.415218811228
13265,12673.696606855527
89396,7054.367202654961
80634,11157.705689828894
73607,10559.680460464067
25733,6600.147037061024
69155,9434.634082492606
47696,20829.052516553234
26480,10524.936468043608
19097,11124.997164363263
32996,15421.503792614823
94042,35171.03466082885
26112,11967.733956662785
52470,22562.071615928795
77919,21600.91752801097
51799,18412.06739932702
48510,7610.483657618997
84852,20966.520488529837
17955,22668.681407411696
23640,26877.6901706847
11298,34433.18627013391
38017,13784.285641721457
68431,14135.74597924999
77188,49556.4776163972
57033,9165.694408448446
52241,16862.202315637755
43183,42108.770853533075
10224,8743.188242740362
14950,5929.365449754041
86924,16623.50343971049
19235,13936.629932618582
68794,11105.89690420969
32575,26282.34964042878
28402,21552.452743286114
51482,21188.84641431981
60898,8225.153475128558
42431,14246.038453821706
57493,6395.335594397078
80329,24101.435929472835
50720,15020.882692455702
50633,19516.592368981706
83212,11800.317191498054
61889,3524.8056581276433
37743,23753.071996052997
18828,9251.32035098191
42682,7149.159410243481
28149,17005.553072080635
95313,18442.24333919527
23615,12573.353357260388
56940,7713.7870520181405
18885,10597.888270929734
53901,18478.747553861172
80338,9365.362477620325
16742,28300.223184788563
45463,19649.178430309203
88474,16669.801776296124
81993,13750.42893152512
84076,5767.1536842557925
44842,29158.469228102826
44325,9647.537995430524
84072,15677.428474556871
44415,13393.678269103508
88856,8852.480532859761
31063,8851.143553575861
11159,29885.146749182142
27327,13741.941399169054
45386,39481.34495543333
98325,5796.021739839196
41278,18942.163221225957
84857,9746.392718097457
79287,17246.74069529715
95776,13172.399750976281
86433,10526.485593742193
68201,10461.18816573876
68865,34779.95076919597
62894,12117.343293488582
12893,9437.717496238296
50766,55514.718565134564
95824,7151.565206701851
73399,18360.25032753845
42383,6686.293379979425
93207,22232.429423452006
67620,10192.472428357294
41721,25252.37913239686
23403,23695.177568712585
17072,27308.26864380428
69600,29647.6191736283
17527,11824.341737813727
71674,19925.477307846086
92943,20285.259765159484
54306,26816.92900403224
19558,12979.77855465579
60025,24570.354181528444
37062,9334.349511518925
43853,40447.6827259697
25976,8878.85688310173
76658,10968.364276672171
39371,14101.76794231499
10459,19795.1584038238
64016,10452.24948030326
17369,3652.1564682589506
24096,25197.45148410972
27700,12539.572102546523
11382,9668.396459074273
43532,12926.434193663954
85416,14973.680606319027
58518,13204.00630961544
16377,11642.94855176322
97316,13024.044269576192
40960,14817.114938163775
61445,12157.342673918683
39139,31762.69867557304
72147,12173.891945087282
58677,14621.51294824454
19066,14699.020955408032
81657,9611.840562167918
74639,15852.29684967437
52793,14874.342894708125
52755,11795.620539771073
59903,11538.199915663361
89473,4934.467690596999
77029,14475.239995682487
33394,29163.054468784816
83183,7806.158916830245
62369,21318.068412361055
65470,13774.963179955656
55195,18951.935541190363
88923,9352.995671408156
58794,9834.538389957557
99783,23200.884713135634
44714,17991.39889406578
78337,10000.988094644332
16041,14607.605027759126
47309,15662.835592224128
55483,11180.029466264583
65678,58636.36598980586
60411,16878.888358476597
39685,32972.282019168575
77288,7789.505093820324
72971,13703.00211596778
89879,20052.34152504918
88718,11089.627825575633
82494,10440.293903653375
67166,8323.673448854986
87302,12902.131488008034
43455,8418.249451858514
59111,22728.848377808885
92843,16651.68153231069
15972,12083.16809147718
71311,10291.575943131484
73494,28060.556337364964
51215,15846.058545092412
64267,25151.067657225743
90026,13333.870655821018
61808,26207.503987882803
75584,41154.8378775545
92589,15868.008794382653
12201,36345.31308586978
24980,7396.979071264161
53877,9850.673566150965
20422,28763.749603834272
47020,6304.3306900792995
80611,24790.191288233134
41838,9748.266370324254
46593,12536.582054208338
67659,10792.935222443879
65373,13068.702181538241
58939,22165.3168812486
10608,26963.776179288227
71755,28941.734497208105
41151,10776.741941623637
89532,10295.02024767727
40260,29508.965966166477
41242,26655.179325362395
38005,27336.56786622545
91792,19842.87930097194
78270,12266.517264090771
50090,10194.714113250227
34902,11595.15427831497
86477,22737.39852907736
25850,16055.023105788403
43340,12176.484986116706
45867,7795.273980527001
67330,12856.992809038904
66888,23308.07412865418
64830,12008.374817403805
43719,13395.560479631113
83972,7789.550648455761
33978,16277.39787417163
84477,12868.483853074895
25347,24083.059655052828
99484,15159.689886556433
10990,20603.975948332692
46560,32780.109698421606
39886,5221.338114393602
10239,14383.000286376762
17095,17163.43441415533
37991,20003.82358778893
99950,12892.792475079457
44790,20043.026392443193
23989,7530.031058052473
96128,9205.220135711112
30665,6992.223253643224
59827,7806.907777258801
16439,26221.50728256398
16581,1237.8346190646553
50726,13108.385931257715
86302,14029.3012094292
99454,8095.596298549985
69563,12622.193658577073
44628,13802.817723217739
68044,45644.96605657031
16367,28772.061801115313
37164,41519.690225395534
22795,32017.811882981885
35201,5578.293834640335
29537,13518.514263499887
78479,19585.867745631505
47090,19090.90898013496
76079,2507.3593964782867
93516,14060.678059451082
18341,25041.923705909638
95477,7618.632740905536
42100,19393.39031609689
19027,4283.92669736889
77649,28352.952064752542
71681,17375.834476786327
57163,10485.524025094364
72982,20647.318857828646
27672,10736.72915757688
71382,22061.881359695923
38183,22740.84316977651
66526,9425.955039845352
94904,4857.354790070203
15740,31900.82846265651
79090,15156.815953098652
78760,18041.595036198272
26853,11151.936135541928
63382,20673.084520393695
34498,8817.319941224092
69047,30390.762522323384
51212,15021.002536491516
62324,46294.93043040158
79054,8375.834220604294
67421,20763.30643413223
12198,12821.103260339918
66786,28262.481743637214
43076,17903.953865008683
90814,18801.066898871803
67692,5856.682737606618
16766,9357.808262283488
80479,12380.6640175625
43537,19849.405679905194
14720,9555.605511789076
30051,10615.96738251768
68339,16458.5217738444
33747,21724.34230906088
32778,26781.891026936377
90477,23634.77287267264
37254,15568.178370545907
33667,13693.954623267471
19146,13283.583536183405
20850,30660.615056358565
20754,11961.193869799652
78502,12791.252245027234
85847,19839.19386484057
40791,11799.123368870229
50043,11146.698789583585
63273,27515.63104762158
93510,11932.828684991546
96133,22502.69777379044
56914,6813.829265619097
96631,4180.998432237322
18831,14403.821730005613
29288,9477.144575303311
64194,28553.420049448243
91187,17513.449977133885
97329,10966.761769482382
68217,28704.066383827936
88803,8275.451116834749
54991,1463.8813813748802
74521,25470.03827656762
66502,24967.872839232674
43284,9052.699094071102
88204,9381.142617738922
37572,21585.550222148104
67536,17142.14641128364
32816,24211.82729204459
77267,9938.798395757636
22422,11533.001707159488
93034,7873.372744203694
88685,11534.717253429637
66551,9940.226956812348
16754,5535.891871360385
68518,7550.941689591064
48802,29388.938046330608
30380,17887.953647710474
30975,14995.51797991094
86440,23845.54149555755
41198,14817.22246901326
31526,25822.411166720518
48164,16297.838702993882
32896,11192.129052861394
49152,12778.274551725506
87490,13659.501579903663
82679,13117.275715644253
42382,33943.04587035306
34947,9114.743112773009
54388,32706.872629037003
93336,2919.5653645998427
71220,22541.772456311694
71204,19332.58263775475
81802,11664.917892611396
15200,16356.298277408856
66989,23304.719112500603
98321,22036.931728317664
30283,12782.131541265775
87762,10415.524131459584
33798,55169.47450052368
74154,17556.978051235947
41934,18263.647355355966
80358,16461.160852427714
79548,28392.45873619322
45948,3745.5985805072796
17925,30991.673507157153
29830,11093.39149906794
26780,22418.687635130136
17855,18754.528188069617
82757,30153.179516962475
17466,25613.55128111348
80916,12419.299269175513
72900,8984.647168047779
79478,34325.01774679596
36277,33482.12869703137
59704,8570.538521357787
64705,8160.3702317307325
72193,33355.717033954454
64549,44010.97427446912
54057,17747.43270159377
13662,12067.121321705094
61668,24073.44742310863
89681,30750.033314936598
87516,9623.127635526384
28413,22292.83385175011
49958,16161.036278863605
54977,12869.458302733266
16016,15113.40008893703
48168,9864.621108284951
63039,18010.931036593967
76313,34406.41060532998
31152,10052.126193550961
52397,20660.452867271513
13824,11807.274441374862
74261,21656.10907750795
22381,18784.381429518184
32610,15504.500723200139
87933,20447.74294762981
62657,12156.278024133266
26966,32081.795708591548
16396,12611.556540538952
37310,15256.1624610084
41450,16978.11204851131
15044,19706.252004554583
41275,17012.005454606326
48281,42368.394537248896
94890,13874.756018457449
73655,17972.43417227376
84115,9174.908278857538
29906,7961.931334234037
90950,7632.94468645019
23761,12414.706228230254
24329,17587.23793457764
72878,9933.662424510141
77284,22356.16729715421
28907,8912.213160035575
10116,12545.983277321533
74165,29724.14986776767
55062,16379.178375975813
99467,17335.368579834478
74798,15654.723100036366
42019,7313.9547287503465
91411,29202.264325982822
41990,17050.703227634964
18489,15849.796862050973
23853,13614.423485479565
23329,10350.270191742264
89398,16653.18549138292
50640,15055.010486863503
97173,21433.764775042957
54705,24526.37175705441
52499,31200.92054788927
53040,9142.308424096922
15902,44754.67826646453
85535,8107.549302572872
52932,12810.587382049274
80397,20079.73738402156
19887,41369.67431742531
11988,7678.302379829485
62663,25227.2664094502
49983,27603.884812313787
27370,13755.697670741403
69091,3229.666583512995
62500,21950.16952441379
33163,12801.633493205736
94087,12796.168461194595
18738,21923.179107916192
42701,26157.001710037453
95059,14292.180334862252
75633,13695.419983155096
74899,35171.03466082885
38688,7335.311495426673
52300,24182.575996599797
29960,13543.23879562872
42511,7983.7849578712885
79024,7526.800207796701
63817,20802.411036642086
84147,9451.28754346244
18124,10612.429562306992
39473,13553.234177794111
63975,21326.352357635507
78385,20782.0549136651
21575,19471.1359979108
52232,7561.060871905944
34160,18182.338341229126
57492,11977.536703564454
46415,15408.272300619086
73559,7971.944707872824
19923,12699.290586591764
63035,11476.570677450143
50015,38466.96251076773
97634,8317.559734781566
34363,11729.64674739791
57159,3766.9933751751414
41118,10333.32069467332
59745,11714.534758259284
98297,11426.890570307849
32169,15024.700906406286
81732,49161.63550589982
96379,14567.337082055958
54869,20685.311508993647
54101,12498.617399913586
78524,9712.475319784531
25202,5617.123554075406
84446,30684.566714328357
66823,16263.776439444608
38921,13775.872715530786
30038,19898.94759493964
69406,20365.351905436626
31816,32407.8288825981
93546,13307.97983737867
21558,32922.51044379945
65276,6030.546845268749
71425,7448.025511884534
13624,13424.098069080213
83713,15002.133254930497
84348,18493.562896013507
98678,33035.13676492179
71949,20707.9600347246
27516,30431.353481136663
63599,12776.086388312691
21272,17158.693181136492
70652,15915.310575481568
96375,21758.404045822997
68849,12747.741085393638
50576,16134.794106155803
32672,8339.21827095
84238,15168.712280501646
98440,11381.522932091555
21424,10927.143563798923
33823,12950.697846728037
88339,9232.156157626376
42519,28493.993016907112
72291,16708.36874774223
91036,23682.205930006567
45022,7851.277443075658
34085,19488.71017671595
22674,52006.55626826712
48948,18612.34869659001
20672,13789.325500626019
11924,9500.923463976364
93547,12998.302374507351
10933,26154.290333877972
68183,30004.901737128737
43540,11287.54217741947
90833,7533.618924806899
65342,8646.659910133068
94911,6290.611128367806
90503,7100.762578259231
74610,7971.553086974136
11188,20367.25540866976
84935,9847.183384476964
49553,14733.07280970671
24580,18834.66198787221
39278,27653.160524633087
45506,9970.04052584364
27037,9137.897444432641
11219,9108.946694095115
36794,19234.400062514484
42134,8587.911211367707
80761,14276.936679184242
44199,12375.405505637864
36763,10064.19649832881
32962,12011.439947985988
92818,23674.623431624706
37515,44943.76873778364
28895,10444.221082656124
74840,18601.885623913695
26230,20293.92702650663
61207,17401.783228275825
15679,4640.475085615488
69218,6097.805337248783
29680,11170.393101464668
41054,24833.776252921638
99966,13398.125221414663
62942,24304.318813563128
66180,23780.384076221966
68825,14981.610794361848
16226,33263.33306475532
59681,17392.358453158766
83985,34409.436635628575
83054,15637.02890925549
50203,7907.18512908308
71181,12680.582816462473
39012,17239.023378091904
31218,27293.186029930446
63269,9964.796369561678
97074,25795.11160160914
56316,8886.916643939487
25428,14974.35173125258
83320,6770.832944298174
24548,11006.131290223897
97971,5204.554049026005
34391,11489.873170450124
52768,30497.21070563869
97180,11181.540310740256
74298,12893.88276833523
74087,10069.260658194533
10353,67683.32951624648
62630,8938.613099609713
24572,25544.31010815905
38525,11813.237781899477
32065,24979.5859013114
99990,26591.27266865578
64429,7643.707478821943
10548,28990.846293787894
45264,17397.346795327394
65232,13589.24949710258
67148,19374.814906035394
73413,17509.03224957713
62364,12212.924570391724
83004,10564.913818852954
72557,14886.55103444248
28780,8938.196419613345
32118,15984.431439783899
35516,8442.012718358885
45047,41025.50554067453
57857,16846.438508089
91544,12906.602423839444
42583,10725.66482150448
71074,10043.727048916422
42222,12641.860307070063
48030,9624.856980442597
11704,14465.846177690382
76864,24973.20259018508
16007,21891.784465710592
62405,11700.177372945278
98575,26772.150280765265
26753,23434.72886762404
63931,12745.52179451815
84359,32145.857016436974
25480,8322.50254415968
97204,10939.957318898441
81089,12973.000598758503
89865,15821.252266647733
38194,25489.281009250073
23597,23457.466769076455
96396,11523.964177172511
58299,10594.097975786459
59838,16853.378333761004
85245,28685.844663981392
97111,39430.6947662755
66557,24724.752454730387
86018,8189.449646400246
59088,8851.034932828881
68560,9154.64676728567
93627,25335.361834398896
70151,7859.540650846135
13629,32813.19310468249
72337,23465.653539164887
82933,27474.0901205914
11270,25890.766539647404
87139,11138.820556044866
93336,19387.883261149287
11175,11443.075677456942
46433,14606.754316188133
44113,19976.583356936957
35233,15983.97991920907
11818,12769.079136809178
15768,13456.693578199593
68325,54695.06909327837
69598,12441.553099351962
61248,23637.850120650342
65851,12590.652573918505
13180,25268.73004983332
21937,20030.952813898566
71129,10965.77320599273
26541,8754.339555904231
17706,10613.438325659194
62652,15158.94411631042
51706,14681.032302983758
94897,10456.12311450018
24238,29667.205057594867
71266,6460.734946040124
50620,9582.409568432413
31862,11224.455753024107
65932,10328.624547448333
42603,25538.260760202473
44873,12260.984384979281
13385,20807.110517988123
95882,27677.892343077838
43073,52788.69917961219
62882,9827.184000755875
88201,33051.06743400937
21401,7140.730417501554
35181,10552.737919689229
40419,22262.910646680808
23824,8131.879982730739
62530,28642.134057818403
32827,13290.188437955007
81740,21172.831091537082
42123,21067.30201953135
92198,28112.958964538215
84070,14894.870622109565
24979,10306.24975814852
66120,20138.480534672402
80665,22183.979225844294
83362,12846.52965735935
14487,16883.56432112738
77351,24941.507109660124
82624,9120.642107441685
57754,10422.242468284994
66194,9145.6155069659
91955,23335.5474567916
78619,20275.451128923167
54415,7789.35755619611
16657,6871.63651883453
53144,9468.762930574067
31296,30526.170015740958
34415,15782.674199912724
17115,23103.7425000309
23597,18387.00227770919
75813,13113.211597891519
17157,9519.028178748162
61148,32621.426626037224
18017,12250.11110774213
93567,9408.01674574808
76087,11465.357578313691
74092,27676.735887891606
72979,19260.865072548222
21252,21304.9087089005
31567,9286.206030125051
21167,8944.492926803443
16273,26190.59456655637
89112,5712.801264448961
85366,18533.320748474907
60296,12572.241868907957
41167,12962.260989437302
53155,32292.11049217327
14135,41071.89923165457
20957,8348.001309312247
17337,10888.188994917728
63722,14445.419727045231
36284,6200.245179260584
87378,7727.834863763854
38724,18726.85413531478
44186,9425.547264128429
47412,9928.89607975967
45403,17777.86368139881
55843,36381.81922279099
13068,9145.783609124961
79149,9869.413527778606
68606,5120.607678489847
91819,22926.627437212708
81440,23428.534708695046
86490,14150.065781114054
50875,28462.365277388184
94171,18462.283433805223
38856,36591.740014104565
46074,9960.666004155803
16327,15685.480246089483
81541,14468.29681803668
16657,11580.937563789012
96565,21509.64391643333
51744,40403.60482864924
98734,18705.701077284903
47078,15524.026020477364
59585,19619.43457679166
84073,36959.588550049535
87822,13033.071899975974
75178,10101.030305564753
45196,23075.256973359395
10314,32493.91379451147
83915,11878.57901790748
50456,10722.683228015809
47924,16508.392991203968
99452,25597.261190112717
18645,25155.114562756127
91769,12782.880975439546
76220,26414.485512967636
36529,23749.28210905713
51663,12646.882849173828
43114,12361.82957157222
17149,23274.553884801426
17138,24551.32281637838
15118,2557.997404327747
57054,13014.957541489683
92577,14460.575565355059
83835,6917.5827813960295
52049,10517.022544320473
72162,7790.070779798505
31011,25179.223598475153
28567,8598.314016832517
21091,14261.79000222177
11241,6702.794241484613
98278,17568.7662960244
44993,23280.162075587614
40482,27820.970238179398
62709,23231.565056757558
51556,13487.371529272536
87495,22404.85237608741
64119,21896.02603893202
58443,12376.689584037587
97406,33574.79984605708
61344,14772.468039937918
23724,22351.377512336676
84020,12781.797039441872
75451,4863.110473605659
37095,11296.893002518214
38797,17038.592330475298
26107,25839.768124922193
42841,9786.37465544177
36738,8598.631551754312
75271,31780.469704113224
48456,10919.0309735035
15819,13290.983885971136
82997,25175.26885786187
63291,27013.858952096612
66283,20143.16204939616
29026,30773.146937725793
74098,36905.5021104648
43033,6771.881611458173
79289,35404.44671523613
39303,7119.367307990629
70758,8988.581985633875
57931,6077.5833988152735
33629,16444.240505204503
15540,46854.928388562825
86544,8715.174375824896
11081,20658.86894012199
37841,4074.5800270857017
59094,10745.861471819127
77129,11894.426563806363
28266,21993.18302503837
45084,12125.308936705285
11517,15755.90441505176
89259,9123.498847310342
85068,22958.50198844039
82047,12279.243945230122
69441,17534.44752694733
99897,30085.899286086733
12206,12689.843023050144
65027,16818.233982114205
25933,12655.939788859643
97040,17092.90744945215
44389,8617.936828316344
78510,9194.678975725954
10740,8944.13843097223
25305,12664.709552608845
85038,30568.630967356763
65864,12021.214648064084
31800,9101.624971650883
53016,7709.6017778759015
82568,13736.695070604123
35603,21817.626276163912
90984,24676.086983338537
58190,19135.823786684297
48135,51836.68439291844
12550,10879.565050617024
50292,5764.636109818404
20809,12939.628857948219
39861,18131.453920574826
11042,9341.82465140384
18384,32288.21620660751
16980,9914.821126807154
89135,40081.16092121484
89101,10027.705189168882
10139,8867.463450458847
83835,20510.956396809353
71334,21831.51707545867
50047,11661.99917036454
14025,14792.37848861209
59072,20221.87385788489
99175,8926.92710955488
63501,14451.388409045545
26193,21141.14675083143
92907,10925.760633355349
16471,20972.109602186796
68871,15030.222757142667
77921,24469.651222575245
65935,13949.332220892473
80072,46717.982196324534
91326,22355.116157996297
27781,13676.206080984746
70862,9747.24586286752
31399,9403.978101834971
52647,19842.77227303296
56848,21398.063756767995
76886,15080.633777246192
52628,22980.320839229473
78050,16888.08938565651
45248,23355.407021377112
24840,8074.709147378222
84346,18699.458929783417
50197,9074.663667528735
15816,39080.59957114137
36690,16225.466640894509
10917,1501.8072701018282
44168,18433.002000119068
28927,20618.613902759356
21656,17953.928146398288
87516,24272.337013970464
66876,7983.025529500728
72024,8705.327372508193
49655,25132.402885481668
96520,13188.486841713835
33834,11012.90231547489
95188,23450.799552540255
28110,18070.003419079832
34777,14120.009169686631
44293,17917.331976733716
48172,3311.818188433148
96422,5638.924764540676
56114,6251.29271409644
50738,16197.104881671288
85967,20612.025742288344
79089,9987.670717243589
29175,7046.822462525039
68296,14789.733242592198
91760,31619.81292966479
74740,8995.96732443888
28772,10697.432554613297
35720,15406.054483962973
49825,12396.087665402822
30568,11090.37061180354
49699,6430.992683305329
17321,8993.634219401285
30285,22639.22208831442
84096,8996.251897799495
69740,26160.80028176157
15905,12475.416242928946
66359,4441.207066690322
22501,5077.395849842209
45326,10757.763685039981
54424,25976.79939427093
99067,14098.926695868737
76356,28143.02700755803
80781,9866.939621602869
60523,13964.185054580837
99754,19628.912905344558
82353,13677.602137992058
91312,10113.301908320387
59643,20073.258813739358
48591,8680.464319267827
28909,17968.236520881484
79514,15499.946284979656
59283,23650.429212897652
43646,12725.08525190101
58306,26676.783411549768
86806,20239.539483842433
54311,33835.352223865135
79073,12248.136589147434
41423,8854.068790710095
18131,19420.089513984913
59797,11614.079813398508
20437,34989.340376081345
32125,17311.408401035747
67705,47355.24722653939
76189,6262.574539103274
46785,5259.226554230436
41439,40923.121021488594
28443,11374.187498351705
41662,4511.120925224297
46727,30472.01048604621
94563,14261.444877569398
10555,11923.730954348674
18561,22631.13419527978
45549,13635.77680432468
22837,14611.58356983059
15803,16097.239622542713
20250,31409.840336019704
89770,36746.35567496739
73747,8326.134799250569
26875,11407.420894981338
60392,10854.314788356143
89089,15050.738317357898
86499,10344.762089329679
77167,11415.174191164688
58755,27075.07806581717
34263,11651.406256186703
60557,18493.016802677805
14251,57638.95128161818
20843,9452.171753301058
61677,16083.812847488252
18130,11592.97702745055
95141,18015.225720619914
92401,21679.594412840182
57198,25689.760762550708
49408,16323.547919626528
20964,26559.640365778898
98882,30955.65803764687
96007,117152.961559464
20905,10167.508534418237
91938,11249.134767790001
64707,20445.43528080856
82975,15885.350768744138
84526,14788.628593668547
63708,19201.4510590983
49079,25558.55331974214
74675,6970.658801481313
44546,21944.62551957807
46541,18783.510325421146
36419,8913.958000937211
64337,45306.511383032775
98675,24178.61727897921
64852,27180.999353761756
54701,25045.49008945153
89995,10973.878476161482
37887,7809.245747616207
27634,13307.97983737867
79841,12738.692149409122
53091,10875.133234984864
47351,4541.654317775061
22511,28172.96874965538
89355,15565.334417844299
52170,18802.58270044554
79914,17477.943428123726
75885,13211.270106139951
86169,21972.497007720365
12328,55750.12508235919
41533,6572.509495711345
34508,10211.028529476396
69414,19008.368788926968
40217,19345.265291777767
60537,23348.438504841706
13794,17990.41720116091
10233,30814.725633608763
37467,14714.49804734559
45086,12113.362550650738
66892,25937.149024234262
75525,19417.564782886166
20326,6333.289347101905
21662,11512.16953477425
93417,10400.347985364926
50773,21133.820382708414
99901,11094.61096873771
36042,8871.437930884891
49156,9488.962930965214
37124,15530.351544477291
49373,7007.658021812667
55709,9335.344605441984
97312,18411.383387557376
74255,26179.110741927114
84269,15969.726632392354
78022,22426.267695867395
92784,19664.192934251005
78610,7284.278824250458
11280,14240.354839218855
84952,9100.288766396645
34601,10342.096180850374
36712,9150.39023726648
34033,10961.278758221117
66332,14596.339177795042
75466,27500.896912294174
35905,13097.271907549915
37216,21932.15085689971
84487,11491.24152533272
86523,21230.57321562478
59908,21592.209121667005
57170,4236.438087641904
97289,13156.821417520128
80043,8825.180689870234
79689,41128.9039264039
28360,22206.32614318922
64452,8024.01989075683
64809,21490.675860645562
93915,28275.465301849683
77638,26722.938453297436
24926,10540.267201908826
86352,14613.201128873192
52792,15623.53869993598
21270,20628.077573704417
36806,9882.731692107904
55406,14117.161616263818
88529,9570.415614704754
71691,19160.561397219306
38338,11227.74815944365
35213,16552.33210637538
39883,19283.7471375101
57052,27983.170477651285
11599,11231.318357467331
75633,7971.944707872824
41324,6019.439440951219
71525,7984.345954297147
58168,8461.525657873202
54660,12358.997916242988
23302,9649.014157020518
88281,5296.8046175728305
32073,9601.243745202544
49826,33377.834834134555
88978,22735.755561942045
57575,9082.979491100014
59797,11938.680817392626
21782,18944.176214721698
69812,10278.323960181231
27080,19323.487875617495
86049,22424.5559385987
93069,19280.994528335832
72170,7734.031456892875
85417,10956.894699544
17272,16501.733254373157
93281,11652.16825799477
48481,14400.16239747943
92069,31546.97108439656
24387,7088.62007084739
39477,9566.149664838631
56027,11593.166132164983
92485,7607.417441617166
94353,31839.06893481552
14900,21893.098969484232
34759,7769.947364670767
49670,17195.0355845946
77709,9328.775340844026
23874,10246.02498436916
63185,39277.34176823108
13199,18777.88659266729
21891,13677.726672868723
56091,13642.077961828913
67514,8630.40038815055
52386,6544.161157650189
32688,21564.493037150416
41041,12266.179332334123
37258,9700.30649792686
64858,8080.132983807469
46446,9586.03353514328
58843,16152.471717194703
80626,9736.93839210908
23454,12305.664615731748
81454,5527.554620814351
95018,23569.370503545288
84551,13586.613553150482
74350,10755.478430117284
75199,5999.7880553373925
32175,48375.27463238912
42742,9764.376413664791
81610,11066.370396052414
47675,8232.778074711123
36276,17472.271141358797
46720,11946.376256215728
34236,17536.907261281205
68663,41718.17635630428
99237,20883.037573440237
18261,15494.876975694318
20897,13533.887651493253
40528,14231.157649861409
96460,8326.954842143321
23172,10654.367192126778
80989,14337.018791090934
95307,9021.453113773598
53532,15545.748837772922
76511,16087.993188688151
57112,10885.209808705338
64202,45662.10791255423
13825,10405.52578796386
56227,18556.85812079227
21544,15075.125493838827
91661,14386.270536676544
55116,26106.953230810577
22085,26847.60436474937
45559,8974.94515443976
63629,15758.378207016664
66253,8996.463783333362
30426,14289.967177288372
81664,54603.42052039735
85645,19203.137147881072
29174,19261.85016675148
53576,32942.52334928585
43574,12339.98984369815
39890,14221.266471152552
91406,23827.68359903375
28163,10473.193194175896
15796,20579.717318808438
13973,9625.840628479047
93762,7738.702847585702
12566,12477.19820095988
38822,10470.9712334555
60512,19148.858691498954
12649,11419.166073560933
36480,5006.548417964721
76222,16458.45184865307
27793,48511.31993854358
19204,22724.497118969754
94692,7608.02665280407
83791,31381.118576337605
39033,9950.404828982893
22940,18353.223899093853
86995,9721.183530324994
68674,11835.639171531639
74898,10212.67455320156
86449,3871.5764252040044
61610,11296.663266673515
51907,14011.360539996984
35073,10320.898456085544
27102,19554.988288447155
78911,5038.592832678538
79968,15755.553382377228
17607,7619.400370416799
92760,22194.16451430834
58611,14018.857384082197
50203,10083.74523794162
25717,20020.295435254655
65509,10685.835649351862
10086,27042.02173151586
65921,27050.720850638492
88757,11688.416536421151
41057,25374.56363135273
99143,14096.505954065507
21484,30393.415939693972
39603,21584.733106855165
39963,5208.833995248158
28855,23648.757869202975
92319,7246.847653709769
88854,11214.210916909651
91401,16059.467538054292
18595,21391.560261585415
87187,14306.161171394506
43505,20693.547025891647
54667,21351.514265301175
15114,8060.632525333056
43915,9867.407237588306
16795,18475.032699271957
25805,15245.067118347099
13574,10825.19915954817
39027,7397.307897313345
19348,15043.245196833343
64479,10017.54128243375
65154,8080.047757581289
31851,19329.070823387276
96373,33957.58927211036
27484,14292.243978830922
99781,34216.909609236856
10135,7611.968039671863
76291,19527.804865691545
13653,17786.312974471573
63511,14688.229884064374
71915,10585.354088642394
68553,20329.72581463924
50863,11769.81513028764
74338,13502.183902343068
76556,13169.908515538105
36540,9841.976533426787
26706,17383.628422304926
78136,10349.465236916283
65320,8456.02475020755
68369,16103.949674411748
68629,18787.429395595456
48306,11510.522539688642
55336,9618.680263367729
37328,9360.278032958784
84526,13670.213268571539
24933,8411.566125016232
90940,9972.122400573538
68061,20873.33516904214
77957,17673.741552508032
84598,10400.347985364926
40213,14847.473750211977
76930,27382.511204103714
19457,24937.02967359023
49779,4511.100062411304
85625,5771.42679966445
12220,30385.957050683683
15490,10459.018821474081
46114,30675.05702861417
91425,24699.111006038765
62420,20113.536935536693
47750,18898.79936147583
35007,5664.804757377715
58841,9107.930247833967
30999,14756.58323809904
95820,11543.052638632715
20209,10007.330378037532
88863,12909.053870144375
58917,17611.610696712534
35450,23617.14713531042
16548,25796.448380067195
42201,6718.177317403295
33684,10200.319720300227
60661,6330.1069908116715
76580,16386.078493906956
63870,9940.5837383576
84994,11150.315693573655
33391,30027.87513553269
87117,8162.609730635868
20196,19808.096275067233
60639,8493.003005103763
97325,19399.7401113225
77305,20501.102871999654
29813,26088.796402038006
24880,7900.906013894779
73331,25649.638494474988
41144,6756.915292792755
85063,8731.99568418031
70587,15261.165305366712
55524,37357.93500004385
13525,7122.7336736541565
90369,27489.378882078257
27686,17063.320075687876
47974,4880.754288231068
40290,13191.904700846153
31780,17990.478400679574
20522,16873.09658297271
69177,11936.908145057925
44355,11576.725880541599
60954,16170.431412376756
75881,13263.325615702835
91052,22254.454421271228
63116,10880.754385058171
84577,45479.60527740518
16482,24021.41089541049
61418,6823.632853179019
94640,19183.68290579732
79692,46165.63159817338
48411,28128.787345583172
59545,15523.873425937736
46311,10155.17803732254
52870,17543.159561908422
79162,30080.874811384656
73589,16990.9662281859
79741,16005.30821756542
80165,12838.349588173987
83549,10561.586253915
59090,23385.81599931293
47260,10601.199856367819
26638,18137.26695483798
32847,48194.995515710594
52622,22200.120629359015
12230,19947.881623024314
52692,17742.738863654824
71744,18118.28133081905
12209,12128.211796473202
19298,15287.16995515622
63745,9546.02412121866
62487,7359.941098673502
43700,18171.31624009742
70450,9510.07399742799
76614,13810.381275256652
96268,18222.083705945108
94365,8221.167327612315
68190,18082.04995566563
14214,5902.112016113624
76181,18400.94064378326
71077,23505.441748535963
21102,11794.459836213227
70143,17283.939238291674
13583,10211.900643851352
20595,17011.412650632188
73841,10919.274824133157
56073,27476.971016566837
32531,22423.490464488357
69981,22557.00783961071
37806,9228.24155835771
71894,29651.626733172598
61199,5678.060387490417
23838,26809.917781673772
68610,13319.871565758873
64797,10423.727620177262
55368,11076.189465276559
14870,27028.678520111964
86847,9330.501326196907
68127,14689.817057094777
44331,7611.939868263356
80743,12343.981883063692
78942,28957.980411126075
22396,31509.25991978284
49297,12222.40002908849
48788,8404.857906447141
10233,33208.402402728294
70395,13806.426438686318
53760,26410.068754747706
99657,13643.442979757841
77805,10631.809645356992
12867,14249.265865860669
89244,17959.873904174907
21014,11887.557425697447
65736,10843.98085276861
42071,18263.93265466486
49784,54172.297855926954
26547,19816.528565603523
63780,11218.309203100467
32984,34006.62236540682
21829,9263.371719809084
85549,7325.497540867407
95371,8972.892310236559
71118,16175.676398313524
61983,12826.077606028402
35454,18729.979063479204
13809,9673.378585403014
41214,8745.879612724464
24429,23735.694327042474
71621,12967.87400452214
24849,54501.89036192642
82470,7716.924678221805
74927,26479.6418643347
59455,16998.007797783866
22601,6534.942295893734
95100,21268.554865961676
14089,12186.671388349372
47724,12861.375373191637
46766,16053.17663170786
34463,14238.041890623348
68568,29782.555802421302
78374,18948.07036654754
30672,6926.656378810823
65596,5852.256994567128
42379,21220.18015906854
82687,14214.367235173877
44069,13168.591731536588
51604,16019.23290747508
97310,16113.893809678579
74385,6555.343910538764
92103,10539.843247332108
11334,11438.713836128747
15783,18506.015038207093
65582,19310.389747927013
72089,25090.136166735545
25360,24504.818247764237
97860,8112.86675853385
29859,11747.47739425725
41136,28188.028087875362
42432,5373.078107124193
51696,13344.163005783288
60995,18495.18043858007
18098,23324.639435699508
65292,6680.601995787261
40214,16277.332565665836
63028,11357.521884856165
42246,13300.443296568115
37564,20460.33903011735
26804,7354.389589095152
78555,15718.262558315773
42491,14242.09080788061
29966,24261.69983531505
70378,10616.54956186163
96453,10094.840860568289
51371,12068.652616967833
52081,13059.318012382553
47797,19563.863396096385
98556,10787.40489083262
85069,41625.32000760941
63182,11216.28559448538
34074,24877.98042052159
38616,18403.058927536087
10426,9628.777195738689
30189,25776.56210065588
35864,8950.17914121897
39543,16641.84125641689
88425,14182.79561479422
12752,8021.221268717614
24874,41312.25424939883
34388,9361.113056696826
34408,10228.703157831555
62805,10263.45033199016
85854,16188.404824239155
28886,13403.402069188282
54355,9290.493674710817
81355,24608.407678122854
40609,8768.64978133785
22015,38069.225518099316
13499,10134.856373193143
36117,6926.656378810823
63821,12774.151126434692
86022,25648.65416518077
27822,7165.6813511257005
13682,13791.04567258524
92082,14008.086747602014
54759,12531.952210873904
12821,9931.687163634631
95543,11684.19260075214
84917,8678.356262588455
90905,15656.86569071953
39607,7720.665969637199
91495,23702.445164951907
49229,16564.228035308974
98842,16389.339725397615
77232,13265.090029065415
60053,14994.967474894214
34979,25786.310112227104
55317,8358.466188882454
13226,50901.61623482046
21959,18935.849268044138
76840,41033.24185600062
79033,16024.306844749632
30839,9820.918722632396
12380,18625.489210689553
12814,21563.997580043688
55886,11459.990612302554
95740,8964.545130827537
17730,10866.729579769122
52345,10706.905813141648
84124,10709.110439016575
58637,11962.155935984705
61645,35826.19806010208
54161,16608.400104486274
55292,9390.539577824791
34055,19486.941844340836
91665,16871.2357232119
29847,23772.20461410523
72006,7617.145858568918
12081,22378.257861067465
93728,28664.54699914914
23667,9670.468942719708
77583,19668.99957111808
10809,22855.077044630623
82453,28640.966902596883
54850,27610.213631120107
59616,9150.833531707618
52070,8231.232839990593
19236,22730.12370776109
81565,16392.84948008806
10688,8603.264335986338
11851,14427.606640834947
36670,14149.879855693825
51641,11381.835845681975
72696,26704.96663246096
43099,9962.395810212878
45163,16862.701124838888
96220,19092.82883908588
34632,7745.0509722894985
47283,10005.127762323664
52799,10901.629995426709
93908,13824.322635963841
51769,15441.699215782504
94992,10605.059236783098
99139,21971.850875806136
34086,9890.365987566638
89572,11048.776841876423
60687,29254.715446198385
25482,20882.49377800015
78349,13233.159290431213
12815,9950.404828982893
52126,1144.37678774722
93927,17249.207111468626
49162,14015.79348174443
38148,15620.35129581954
26487,7869.11699028779
91096,15886.779421652534
82262,22011.274205895334
63025,14476.702103779699
54779,10252.986016567334
82442,14361.211929890269
79729,22361.159247840424
18784,17982.644567748473
54773,18525.810197928964
50277,16109.485460048365
22022,8347.865790674465
57209,39401.67807366088
98581,21193.725190155074
88564,9919.49394407116
90945,12593.68275144431
52649,25581.945566629613
36272,12171.9842422472
84795,26084.147879746055
96062,4487.507717618002
12205,53654.8623660627
49707,9615.130622544857
97063,27603.530597021472
58248,31096.28629242409
64567,48555.03245748939
46518,12235.998059139365
52660,10197.348576654535
72917,7160.906513333104
99412,30212.401696393077
28136,7241.400467208037
96519,14638.730225773508
57209,21419.090656404056
16735,26324.282232726327
70411,15407.373296689319
64780,12304.578009213625
39980,23409.378115573785
99159,9768.87009527872
92500,9951.533032278347
97215,35431.517817124695
72303,19088.59244451538
66151,13116.891298606995
48179,29163.166689503123
34721,18432.576921820153
26917,9018.9365287839
48285,10757.570433816549
47879,24784.306371902552
17977,29868.05427967554
70687,28558.183762397082
46281,7635.602601013326
77028,8919.55726086489
19871,8641.64112169933
68101,21268.68870540973
68958,28041.69723908251
46418,9400.266119801781
52247,13946.42226845459
83325,14903.707675952042
59308,31288.601510540466
26732,41669.23852267518
24403,15478.983757278185
61596,43498.70491093375
14367,13882.463261936151
83640,14817.558100038124
11982,2200.3637104344525
34350,14571.979953389076
22360,28392.966628553975
21480,11619.97699801184
54963,30722.954318742006
45857,32852.05219171263
90581,32286.85938981996
46839,34521.07279377029
15687,11333.178307866705
55972,21638.593697793433
87733,18790.311085774454
48418,7521.387768982271
36399,9071.978677385858
99506,28635.461340849237
45328,7625.545726409258
81699,16789.183907904255
73801,7292.943065429881
86249,16347.297082298379
23991,6964.800235995253
31461,16479.377825934705
34108,11119.937390005878
13739,11878.539116303804
71018,15121.020594872825
17205,16034.193150667119
68059,1673.6933615277758
92606,10641.646524992342
35035,9883.676556489627
46214,15755.571227687962
82303,4884.573338593038
43293,25754.451133477705
38745,12738.494106507049
46640,9009.390618530793
37619,8731.241311808993
78463,5395.8051339453705
62588,20605.01243084414
65474,9457.228178934714
42873,17778.414348659073
57230,5928.813837103364
97216,25058.442810714136
26806,19915.184863035334
94693,15371.76311969776
89078,24359.154931463734
67280,11338.965363109384
20075,9088.75296574051
75831,11673.190960347787
15432,26598.56417836614
76430,35347.75276854642
90416,12834.281995338308
65796,13695.284489562624
62688,16391.350356055787
52616,14815.969395412689
32935,17262.416222615746
13791,21206.569252441783
62350,31101.57653511557
99817,6284.59861468977
69265,13536.779857824888
41608,10237.781516254294
15805,15918.450370360597
63744,17475.845566259162
26855,24086.487828797108
10130,19272.643792413684
70579,49177.95879930978
38423,13647.463859371881
72417,12154.754527210358
39556,11401.270566518255
91716,5105.364878461522
29990,3808.2153177739747
53443,22922.075250902675
29782,5962.531866910513
80986,31877.74968282999
13458,11729.260458716388
96993,24685.38481604352
43124,25426.26814925969
36905,18167.66805968599
61777,22230.09121189318
