id,price
69940,22382.52224017555
44315,15009.25660322308
41540,10994.134845395065
18443,16713.365852014387
52142,19935.18015057424
65709,5070.483379008827
62910,11432.494867881369
99776,10343.724352930942
40708,22564.915875402483
96765,27484.685661034855
52928,8767.636627945034
40021,14504.847158984845
98392,17955.394146810184
86830,14600.340611967475
94536,16702.053053463154
93193,10371.04619172241
87617,19866.246361996462
14801,23337.57120558949
15013,18186.933926798134
52883,27580.37608751086
31734,4719.365539209302
65314,22519.408055239037
71105,8447.30868367821
59591,12540.89155535915
89037,16274.28784747542
56374,19307.987856071097
13524,16351.651204495818
84388,11496.7002652929
79884,16865.19763312006
72954,29749.55066943183
75216,7666.8795173879535
33383,13935.305272522366
29832,9732.229097070167
33110,13061.201840932024
70848,10759.373134599204
40932,12323.194784011866
87246,7895.030909628085
61012,20536.98248682546
37025,8158.414153658039
12342,21206.09930577907
85804,42761.31787281377
48587,7517.278082129897
99950,15750.139153613534
42232,8549.119042156248
12686,11506.627330523683
63871,12424.22337033976
81844,17006.159853094807
88383,15009.25660322308
89574,10246.61531164483
97473,11642.201827084671
11330,14539.498872698878
74308,23911.77332579315
83311,12401.559854174231
36292,8405.564023007084
31986,7223.693789224288
69741,14709.025633522977
22310,19970.969884469363
21914,16550.88563357458
14486,12242.216261188521
75307,25394.637081029527
10168,8216.543167416068
37138,9111.603350860823
57002,26219.14994709088
85835,2510.7661442314147
10668,6040.816095948534
90081,24200.4443936339
65847,9911.878441796016
22979,16458.495615536176
69310,9961.602267755334
41517,17981.87714921672
69132,49399.21475594505
47563,10451.40786718056
86660,29376.436422740393
64128,26135.912580910448
67422,28102.825755785838
98124,14904.787809883346
18716,8738.313413880122
76451,29659.77527874891
88649,15030.578745829902
18356,18404.58908834902
73489,9743.44503709429
29677,10441.66708815087
44876,6941.182624959045
39387,9990.87095174674
38073,16930.624333858057
16652,9827.831322373113
14345,19287.576170447053
70100,10559.41469660361
56901,7590.291545784543
20308,11785.469016779125
12175,13821.272556122152
78409,17727.528627410586
57549,13458.242041110576
83980,22706.674408049646
96598,9328.18625976158
93646,23916.316007944173
46784,8065.943474022564
88737,20916.3644572384
86329,15503.291969166934
97535,24220.949385329906
74164,11891.915183593585
65037,11571.043232946104
52209,8880.882407038618
90068,11042.247533204543
42009,21634.9525977829
70225,27840.062299883033
67116,16550.27012494831
71383,22134.12354678368
13156,14517.343861709034
57482,29851.888821796987
18641,13312.171232261107
30157,14999.592120294132
97855,10527.583908471985
55725,10553.288812019517
51606,10593.132071876062
17807,10717.927457696976
59471,13473.604045164355
39498,21329.38419287392
74952,9159.86674891147
18020,18602.390507679065
13002,31276.075286823456
82584,10035.391817370539
33723,7454.339756206586
60037,18567.094880362496
59808,21021.27289613594
71923,20727.58502473593
13700,17250.530079313725
81982,13075.967960037313
26604,15820.033892320007
44791,9872.75593847119
59947,14268.915846108335
98567,13108.53378268363
13654,45847.445729781444
79635,14767.358496078632
24896,13865.047975291127
75023,14940.313048838761
73525,13990.552513753802
41802,10737.421340247462
49119,18522.722805965208
90004,8814.415129200435
58374,32367.09187624107
32982,11579.785329402173
85362,30787.80973265691
36714,9831.078688706002
47488,15898.321906757457
13391,9548.229973130523
62562,9773.029111976757
71354,8541.71400511533
33838,7540.0156642020775
37113,35319.41403896014
60685,25278.16424964496
90305,29365.70443987598
57840,9614.059839854424
12533,11744.051090356901
87220,10482.009236588085
85707,18003.3587843893
67188,6651.433180563017
67526,29818.400942743356
82173,11412.248982379751
10028,27503.250522370858
29227,25097.642220253096
71559,49292.866426760476
75351,11303.424087215208
35024,7929.664710398349
39671,18482.456768881613
29011,22661.767632887884
80147,27949.247224147723
77822,34457.253398349625
54226,14439.146542155595
89363,9190.798369697008
71874,13438.108139716433
49545,6763.95094389037
36573,11309.37453099026
37027,19282.505078247552
91881,32140.779837788228
43573,9439.433263940664
48741,22362.79635946941
71831,10596.302928350407
81312,21746.619991741536
27547,22597.571457706435
88427,44019.12850996727
64335,16786.829219908253
79054,19884.799207795066
50871,19276.132731003432
15182,7831.405750590531
47192,39529.20693681385
25758,11887.932952837951
48511,14708.081653374771
57461,14964.310964246073
73725,18908.396423431
50606,26477.890956723568
25775,18309.345842850587
26012,47451.790772177235
22477,8488.8478805372
70020,18309.529595985005
33259,12332.893224438361
79174,12510.564219554142
81929,27198.30022055497
62233,17507.84692184806
44238,9869.27610787397
45847,34046.32928433205
95500,13045.571993538273
96022,9381.3940590132
57832,6389.004212759617
65914,20874.75463641328
11411,38325.076362219086
50662,11536.891006331778
29286,9522.248259159314
60058,17802.26615205381
98901,15116.285017902632
25919,16080.153367481922
53646,16303.347271291594
89713,14400.295513037832
80385,8781.26002819141
90811,10305.741260204597
29937,12742.041894284026
67575,10004.528339875207
20241,35289.25952407192
93242,60766.895039379386
77743,16694.650881972855
95982,7416.605487404322
13869,10328.923504278418
34720,14083.16103447167
81331,19169.244852196643
72543,15975.44380615808
46183,10940.667216779053
20715,10171.840914939528
16461,7210.797710385503
77698,9583.767089696823
18448,11357.444230596975
58364,14360.764006999008
20578,14634.252846492369
94094,24494.627550644123
99948,7099.160357789209
89282,17220.877634641696
86237,21711.57775573417
85402,13845.152296173543
19564,25963.562731133745
49203,9504.083519732958
48850,20542.936809405364
98654,11965.78106404165
27873,11947.722140517366
20134,13602.047851466727
23656,38511.6417619521
91926,20946.822086718377
54462,6177.070206770668
41117,10381.204036299252
50736,6902.841971603328
81768,10185.20763406219
89839,11043.72161112026
63930,11708.332841681386
33616,17100.951774016892
57073,15453.577969014714
17133,26603.82556104322
34064,12373.636770923145
89184,32564.56061815394
24862,14821.411232572194
46350,9635.46874723688
46627,28956.699270202058
66117,22496.01334916086
55256,11833.420354472439
64494,10611.386169259706
92553,33161.86022515186
54552,13345.708784120654
22491,7288.135595455107
77198,16511.256709926427
51564,43254.285232792216
53053,17610.756974325388
46709,9855.656305803934
79606,7538.9221853569
14870,9126.546874628157
24715,10416.839428089383
73402,14461.044821915253
13691,21030.020681103644
75970,10490.801828811353
74793,14140.502543016957
16372,37342.76941900033
34479,27632.384627854473
87225,15448.273441686973
19843,13484.759631413634
90996,9977.655438556358
48805,16923.80929556975
43365,14655.593889887768
62917,14679.094952472622
37081,23302.92320897078
60913,25103.03666179085
25748,9907.44581978181
59143,23014.086610834387
70647,28616.554717766896
91234,18445.04766611955
17287,13811.572907001952
66682,18611.47519738813
86204,20548.406967969
90052,8810.799976928442
79376,23992.179637916335
55167,9683.310903964943
99018,5768.680885228729
84513,14740.395093764218
99514,9715.40512476628
94202,8834.196395202725
24990,13425.52022031874
72968,11055.261709293154
68910,23135.231065534932
68051,9973.450014442786
55410,6134.062349806576
72869,12435.640414297948
41420,12167.981319392857
31232,13865.465068261943
74172,10503.556681295453
52728,12646.390240335331
49583,18457.214284853595
28445,7869.697057192419
46437,12643.795513411826
15708,9913.158865148278
94086,26968.54430474361
68573,22000.888401834185
49124,10375.68465342877
13202,18121.05652152058
68694,28011.778010897964
80695,11144.929942543404
55560,11745.680100166977
84885,11858.470868927396
63064,23130.568170794068
53294,21242.172804260616
18134,17614.38191976216
54401,5276.818685142311
92045,22900.69163601803
62754,12782.315615404443
90605,29159.815699733343
40201,16091.735743492383
63127,6794.69125523513
66369,20450.168493122615
53553,9209.88460240751
97912,25094.762801999364
25720,8934.357295067653
54997,13566.69786711056
71633,11423.405897117676
19423,30342.722639382122
58286,35958.021346468966
33230,12686.011890502643
29493,18849.146627853275
60688,28185.896550914447
76567,7924.469593710819
69619,8443.194264231091
17887,17462.744482639577
57519,16280.171310223197
29747,6216.178813608718
13252,15207.79428147685
12577,6471.788274405462
35708,35560.35050025364
97240,5097.186900146831
42203,10852.820273046931
96265,15254.0959560767
89879,15712.556237641333
42421,12778.546071358891
15183,28986.006178660624
25095,22329.301201593655
13007,20600.506836188004
82862,15531.164065569876
72457,15270.500854829868
15331,9482.666236432227
76766,26050.81375558631
62881,30131.20535384553
11978,34522.20936638277
48345,8447.000377878583
26072,11355.177085530766
46315,7160.434293342274
17733,25266.24178286381
47176,16922.963854609494
50753,19419.64624574008
78438,12902.993691359656
95090,14494.299035281252
12058,13469.943086264762
70723,21949.887540073934
89022,9309.432876157565
44333,12192.583265209178
55967,11688.377049701052
65125,24437.203982345065
68975,16024.977530358916
52199,6597.134289669266
51032,14049.55419610063
92212,30722.98787888978
97887,9954.009353596113
70580,11507.31840793936
22936,10859.583131478132
95296,7191.424145503113
47899,14736.855306581414
18441,57739.91623718938
22585,23930.179667618366
20392,6736.66849996899
90775,30960.8745723105
50896,53237.53435074261
60044,18042.09883725558
84935,17700.560795378686
78641,12621.169968052232
77261,4498.004545232825
39800,27096.794563006457
40129,20412.24268420796
88929,21841.788159819836
80046,20525.303980619905
80919,27079.52705143555
94888,10559.880688114536
88007,8448.288580276114
83274,24744.932018876578
49434,26544.578280202404
77163,13785.029501997866
15890,24340.8705106
30859,23280.3269095101
70789,8304.644036648247
77125,19304.102389808417
23659,18927.269604151348
80082,6576.111500876816
62110,27318.57504337767
25363,10245.104781734088
52159,14156.93600065892
18896,28251.109385025396
24553,21330.57019069955
45104,12400.75100367772
25303,4482.022053879387
29558,21399.29031172018
92473,14656.845246246468
37928,9628.684653789885
23735,25896.0542003272
97888,11546.621813088834
87143,26927.62727435703
54564,27848.013997744296
33888,14340.875570279655
53563,6249.140474047104
53908,12084.871612236318
92267,13687.651967714757
68305,21731.08805988029
29046,17976.023523360665
10968,13043.320784474916
14949,8616.003964180216
46196,13776.676047016874
59677,7989.1882922374825
91751,13188.132775243768
96127,6053.953248699663
86202,17557.578834398504
62365,21052.257642852157
98433,11747.924013863612
63777,27258.059659260158
77004,6370.8258944605295
58998,26382.704516928003
36749,20340.8409554731
73866,7087.177065454285
42087,6771.109067122625
64753,9428.515176786754
41518,11723.615211908545
87161,9976.198248076029
74276,6067.537291623932
84189,10499.3106135782
41159,14893.085774738644
26544,28107.864727972352
75614,30988.263994987836
63483,7884.609562571426
23312,29646.840260014455
30316,21317.82666352359
14218,15849.901541005513
97278,18961.73029467108
57582,45814.351733160875
45302,18934.43399846012
10393,12621.602758192705
64953,9847.835814466494
83566,15897.382862049502
23933,24195.353512936796
50614,8973.127075809285
40468,9024.465375314929
73865,28205.422160009173
99318,18883.805878672625
61043,10086.90474493317
32189,16869.51300169402
90045,17410.127822537055
18576,8666.341417517808
91000,11758.61773435496
34168,17273.41223047551
60545,12761.665315176928
60278,24986.130298854303
45185,21311.03778824119
73472,45754.9708811027
36328,10371.797160324899
16809,8873.94483385437
14188,9860.48291285294
40401,10643.623544598513
24444,13302.095912180008
38995,16996.956649437976
97585,10557.835977373445
89040,20148.65284728187
99398,14709.988249412809
81882,23155.21008210088
34509,9204.698716325529
54482,2507.7934019651893
17298,10941.317134366778
39845,11650.615306302647
24760,11922.604727001763
22624,16470.15535674915
83822,16988.150225183454
88935,12872.684352528859
95520,8643.80762468565
65289,16259.766601310197
34936,10744.678971343325
81412,15818.277841656176
53092,21427.539428745466
91725,5853.62164638021
95533,8827.354878363443
66575,12018.195408470536
58002,9329.332584696178
63834,24842.257069540803
31477,13043.320784474916
98572,8300.432216640998
77073,33099.75432737916
35583,17257.39807492646
55938,8136.070662282156
53949,7636.546285868721
76332,29409.78513710714
48743,10061.575686852742
67252,14310.63647537981
39802,32778.62078376254
36730,11178.281994708674
85019,11990.002437339526
85572,14759.963565354672
38872,17427.094632985973
16773,15701.936846870587
85889,10629.1461572614
62004,16298.95047490805
68732,15083.317486055044
80633,10703.730750460953
77593,9661.2744171038
19513,13069.128624657787
29964,20568.382407160163
21065,5144.04060724115
56655,13982.091253413058
20374,23253.544024514966
22039,26080.59941649124
32180,11377.354759758533
11725,33091.24866684196
58293,30534.534551919038
77697,9583.455408551255
16786,27490.607174991157
34460,22740.276884910174
39026,9917.266119562233
14472,18539.854993012574
82748,12908.552884839602
26879,11779.514834145346
42889,16225.553682111291
35896,10556.049637100992
99462,26353.020993580278
93680,42293.28105420566
99447,13989.273488164137
68768,31017.953810533712
48933,20876.33902615651
45390,17894.08864840604
11117,12059.259204427417
16002,9616.02807366286
54673,7685.351172274592
37551,7553.12494679197
33713,10064.566541724329
98363,12487.096770580498
77895,13496.231934357551
59707,13233.465008663265
69585,28613.51276428329
53564,20087.736641368054
76322,9902.071393255472
24325,15732.454719545029
17464,14209.792102548514
81056,32512.54514334115
18939,33420.13320300504
27258,18945.006142652626
73984,7967.383900833247
52272,38691.519916594785
13628,16550.24977769008
43329,30742.00943770867
11185,17661.66131260244
88690,7502.0423413980825
32880,17046.201612465902
69017,26969.050528005755
39802,11680.849091111944
99429,31459.871624447776
11188,9588.173078389076
24580,50084.13511431973
74473,19867.803511522357
70169,4611.939870440428
85930,12442.443154653214
51378,22884.6413741683
81433,10268.840132405345
33030,19169.804680664594
96518,9657.344415746255
94413,5175.630756735596
18188,40764.51637978121
54639,49525.14034950675
18560,14925.247385329481
81117,15988.840904512843
52311,21352.860162604713
64501,10873.604407929008
15629,16483.102616684828
16067,9956.805115320298
18912,16106.310163158636
79277,12206.17322720282
15218,22385.70374388666
24717,14599.408989643194
90022,20788.831635277464
87275,9106.709290501647
88100,15905.238596855237
19895,21149.61367244613
48678,18073.305533392442
53307,10481.29511073188
94176,13967.96317246349
60094,28084.233111833117
76042,6358.276802932256
40717,19823.948388066987
48533,14740.151944109526
12757,22609.901451935144
75678,5193.8555237529035
99276,9608.89709197633
58820,12701.571488259971
77788,11042.895095074982
70016,37523.661318911705
89609,7688.466032290311
40424,25340.884302208655
93641,17040.6530758746
69756,12115.344925131352
18811,7238.607880480895
82294,14298.003458835628
24177,8488.974332684485
29507,15029.53699664286
24730,9532.456954603782
89257,19589.19812245962
16642,31665.091850789173
67113,12386.671891416674
77911,23784.497807507574
33449,21953.838031028885
16150,10861.207628869506
24907,4686.946294126172
93896,19473.55577539686
97071,7786.3976764666495
79324,27642.127455158676
15022,19953.559815731653
31778,13675.758169837596
23426,11303.974222459547
48049,16722.549141544838
15337,33133.53508473333
37932,21180.420307222157
52558,14123.416752246952
99385,8852.312180390605
35026,22810.853174842847
95649,18234.198123885508
88577,29343.054259845037
40169,26733.34371986702
51302,16921.692713421715
40422,22642.95679446483
99225,19569.057006940096
38257,6935.472293055416
50161,10406.552227967615
69918,10762.648350573516
82294,17967.35854581233
91748,27483.57271879538
28372,21101.112107210145
52610,6403.514881849569
93324,16631.880523908574
64894,26828.70523021955
30053,25136.23762308514
53484,6427.605126995983
63142,5769.912613219458
66244,4054.502595449754
97121,12770.177239989795
21053,10801.215139308388
17067,8562.390252302237
37211,15786.138891270943
56722,11602.848084427646
60472,9662.593539192203
64564,20633.73182953549
55635,12842.108080686772
37055,18061.044027466884
22865,9489.705661538615
84303,14583.599377132898
73671,13428.639336653934
82156,29129.814928077212
26702,13326.757514099274
72235,16067.426160784118
16071,12633.402646285758
73911,30988.943518727116
94973,9299.548745173546
25166,21064.58651294277
78113,19650.700577813463
69388,21704.48282332816
98166,15746.938514402122
30170,6660.465720218221
35767,13124.857619065704
63559,8772.303709378164
21799,18545.570791765647
32792,28087.7135338752
15424,18958.049797670483
68443,12671.019165381193
24829,11825.077157223008
95105,50067.268499938924
36281,8509.051818472917
82165,19862.02635644361
43191,4330.392859587149
67311,15201.858230352676
84580,30772.218787610356
19526,11857.451434394792
53288,20554.16046410552
55282,21614.083603249164
35460,30092.682454008813
20283,15789.636104356588
37894,10409.130901359387
57886,13025.154527937926
18690,12035.71051599477
38120,17491.024906453615
90379,14572.506491494549
55535,17293.202182883248
17065,11671.909388966293
24873,5474.44169191398
32636,15648.472400935454
99416,12149.064824893043
82586,15753.52647861287
54720,39120.92539101683
20238,29293.137306963403
16475,13282.96024460332
92600,9141.41854192585
49781,15266.842227980294
73051,12387.499611186966
84418,9571.934688181344
68691,14577.537324355626
64180,17952.61316446545
23095,9140.082056610283
10791,18296.298044103445
14961,47953.32276039582
67136,17418.17479495692
39561,7383.5939526554685
49463,8747.8087746428
25508,22480.819606074525
43826,28902.068960425597
52159,12042.797402389951
92248,17613.455062200086
28028,56846.223049169836
32093,7119.397850001938
75032,15341.915859357754
20897,9841.902201330784
45420,11031.639047343939
74140,30113.644228713565
29907,18468.551290706208
20760,30988.767203450618
63577,19831.491174777064
97727,9472.798989681982
69527,10845.225985439269
36671,11652.703533673963
57227,14081.557123327633
20596,12557.510762913433
67066,15870.837076429825
33304,9526.470730352812
75035,13120.992010565597
77334,11822.689734231906
99887,16060.157637619544
10630,12653.59010205092
22541,16363.688420743678
84983,8790.025860878815
26300,15278.655736828408
44248,10702.038018037594
60899,25164.72775096866
57351,25945.632413392195
89097,9153.874039239676
13671,13216.904078547323
18517,14262.061428097833
21774,4085.1936858882327
55678,14193.511574990862
31953,12833.472670148607
79309,5876.926787668564
64187,48408.795605784835
71859,23287.21710824892
87093,10881.333585337314
81071,22390.21742502111
20680,31022.692116557224
97514,7921.182806757128
53477,23830.497438665538
11239,20693.52467571374
31127,10047.632533044642
23570,15759.195125309498
85586,19620.29583724694
65869,15322.837125788372
83115,8636.732984656577
82869,9306.944799034713
71837,7443.604031267068
68700,10112.365612755719
89489,5789.380907254328
81464,6790.357473519425
77737,11050.501782794385
35832,33793.40616935013
76185,16631.326789460254
55950,38716.90280975336
64455,16407.60152753904
51646,4891.663265448557
39063,6751.283647641274
57821,8342.264309554437
51543,15515.004889558877
98492,9098.359932251735
79095,30577.715398908374
98679,30304.04482815283
33620,23849.135654032983
60643,6601.2564087457795
76785,21363.64858413006
69079,8616.988812555428
14250,7862.020637906995
21545,11494.422984420431
84893,9014.458639291734
89092,12978.471736247859
93484,13029.509648683565
61632,20789.243702720025
43465,16870.179352363262
95520,14626.70360771817
74810,7972.408932177206
90012,25839.013033311985
21394,16262.871115940616
50088,12084.871612236318
93551,14616.879836802507
27779,23354.47090782714
76682,12780.578001248821
26211,12406.848857046687
99956,5848.023020701923
65388,24694.25949057348
21464,10499.216426431529
24439,10380.117392288503
71732,30783.17130100639
96812,106776.49304145343
12098,20394.627807140634
89880,34810.013608346286
94275,11056.774264489635
32326,11848.813080349319
58187,10556.049637100992
90300,31265.163449874828
48431,21525.05773611764
55336,10931.65115725252
70963,20436.62389486599
25058,9995.911740932806
61855,22696.21783370442
78895,35289.25952407192
80129,12049.939032026441
75058,21454.553361991533
21078,16059.861522672296
90081,5042.6879276768905
86856,23262.780886909954
85195,9572.159979446356
96303,19218.053810091256
64126,4958.035900583825
95999,24267.00810217734
93807,19016.160344164247
45523,15437.585354014784
65360,12857.078616966603
75308,10669.260659457766
93970,6397.549235319719
72326,41299.85150541175
78759,12256.204842343868
40927,19573.8706527309
58751,7997.485498468372
55650,8460.816531282728
79140,20217.31320385796
79554,12035.172680525438
33104,16811.564558751918
52136,27202.097021003225
95736,1593.260713136504
37536,9842.857854413705
79087,12862.801869780737
20891,14194.662610254265
14083,7797.312015057392
46212,24082.606493885956
54532,14869.681661744413
33914,16339.13231493257
45903,4314.972671923268
80569,26972.44804706204
82575,10923.0954680652
80934,24166.587750063598
94751,6992.998946294738
10341,41150.500849491
65431,21765.19214877603
94808,8635.205481622961
76550,9555.561566816523
83408,9896.621053936113
14875,2521.9549089527663
41609,10847.086364633906
91411,6867.367211184266
32099,20183.347051366087
82135,11261.858892191018
44948,9943.550602734449
50866,10733.327319276115
83926,14601.95032578473
32243,14940.275895147162
46377,20041.634368040963
35054,20028.563332133326
62168,15252.336446360992
91698,16210.306401494132
55210,19367.13332535984
43344,16258.513840035663
67641,11705.99296683399
60808,10670.576053695971
20268,6338.134280950473
15757,79107.92975872665
58448,21862.59169369902
13318,24692.51979918894
49970,51582.24676197865
93732,12540.89155535915
36973,50025.556094629625
94420,17626.066165335167
23243,10561.643885570618
95991,7611.224451847444
89758,10352.016560922333
68523,10885.098288881214
80874,10774.3194140584
29630,25247.593428708387
80023,12252.626798622234
29542,41992.585770977006
36294,6625.53183721588
86214,6017.269274481638
23315,19408.501640021652
59091,27398.442231455312
94439,12979.501437231547
98769,17951.607918534777
53064,9222.088019882613
52351,31458.17951379188
83135,25825.050777888813
78989,47040.34099766902
40211,16676.431328538318
39681,11845.785261534791
63887,17671.580831548188
71145,8817.395847399412
56140,8997.720288919565
75087,13608.967611684866
20243,9650.232718474956
58891,35630.00391497594
73120,26956.157266872204
94110,8126.11461674802
47017,23569.523534251515
66329,6965.212385251958
77762,15599.633487079871
40551,10303.785855877639
89954,15378.798527867162
30031,34029.298442458385
93095,15053.960625858184
22388,9843.672171023032
26341,31319.746615581353
42785,5980.176240956413
43053,15940.831424974764
31203,28613.51276428329
74172,12778.95136271944
80598,5091.270165154818
97461,7188.509405417968
54284,13141.488814188095
97200,14318.435801706748
11689,14586.520715381574
94917,16697.103520868888
24854,11286.536809050545
40991,14024.821236138785
93103,10774.771889117632
33885,13670.170935333736
34212,29508.677556611743
20440,17753.74781865242
44119,18708.89591822239
49367,13796.331911928097
41954,7945.696728515679
90255,6068.096753080532
90073,32481.687395743967
25513,11076.892062831052
87857,10920.62359149157
81910,14949.715130169234
36278,12017.508356265418
11924,11090.63514375121
21252,36788.85179190243
71113,7540.681845648593
33969,6224.83174581098
58375,10009.48723291394
76197,27528.185152301034
23593,31033.89244065591
18791,9579.190187277905
19433,10689.84473040835
69095,9614.636271098494
10000,11185.695361093885
94389,11138.610541701952
13066,15827.872007719185
78654,17111.234384310195
50735,10363.980645412812
43455,31837.93132788012
16097,19979.637046020067
80480,15654.833459268582
45083,7685.342811109069
49038,10613.814070504199
88366,38854.967608029634
45433,14990.80220286556
29638,9603.951808306829
37167,4588.496490232852
16283,6974.252328531833
18547,16286.513069168937
78888,10779.809094475591
46697,13352.518060641645
90607,26512.192703791603
85905,13403.243156189812
45726,10413.928224880743
64128,14701.250040962921
57312,57003.04654621776
63051,7940.317083811424
20087,20337.92022116931
13440,19214.987760278906
11416,30537.6476172166
70954,11428.0331704165
77390,18120.250242662987
52466,7414.447939156835
79645,16019.218337371336
17910,10174.865705928962
89104,12034.452084963945
80999,23311.017685791758
71022,8165.541834038728
85297,21705.278357836552
66145,15624.586837558429
93796,13105.358023903009
90693,18487.76525256224
98278,27707.954074461282
83634,13217.89946081213
39770,25349.019189612434
61855,30795.44428193222
52502,9982.075989008428
30717,21510.343247243363
94593,19500.954513043394
62695,24780.427962092836
13979,26776.337099881443
90626,13269.725873140913
36860,11176.232788542955
73869,13439.42983186193
31009,22758.430923523116
53637,7175.404769273302
42082,69614.21399025782
55952,7756.738286791102
88620,13561.000377175818
85401,29050.061831263556
29982,27010.795245331967
67620,25798.054765540433
20168,11362.231407495437
45196,7379.740400976689
60902,10362.009892054113
58227,8710.847337005038
67330,13334.451453854617
78402,10003.797045612566
62717,28075.38834728978
26584,14035.600027195156
84111,14026.3814271072
84513,28623.761891951748
80174,11529.657690208045
60488,11023.080120313716
72613,16113.383342883906
16481,10664.359437504389
48809,5090.1007087668895
30961,22981.519060621547
45699,18898.75991877602
72482,8149.208451705721
17761,7131.817694877247
30530,10416.155768493327
47505,9733.210543312069
50522,4976.353642016542
15744,22122.592487018257
21945,16407.071513161896
76623,9972.109476060548
45430,32748.775518309885
25713,29448.93054656319
31840,12176.56700225181
42910,25403.087440198484
78553,25081.44294125719
84837,41231.9538282328
21820,8601.860704967317
13882,7004.2893753681765
90158,25126.41722262501
99292,25867.29389025083
94672,17644.236100669703
76130,6672.5064645981165
91047,12098.673799017535
57978,9028.571292425622
62817,10080.48358852617
24255,12947.064994288947
23811,16250.401869993479
21096,13213.700476548429
33178,17493.4739489568
33792,10668.102442355867
65912,14813.23074894591
75376,12491.376937342562
67955,9262.087633000287
66126,19699.34908911344
78059,23459.846247794074
65707,13432.311876180025
66666,8997.547706777823
44055,64851.985110412796
53235,30000.432565331263
10239,7028.3416035642185
15702,9395.117862171359
75181,11075.026410216737
89733,23328.433800795552
83886,26108.49131402089
90127,10427.042479358013
95267,12909.236878746266
63481,15784.415279312196
83383,10795.3560765455
24491,53550.88744942966
89726,17127.719469378808
79245,30994.86353601607
57284,18384.234529495152
32425,27597.861260343245
30412,8137.049345533374
67750,23719.29288553825
72131,8640.401144982661
63698,17617.32260043697
67427,7942.554276636607
15049,14595.360765137124
85818,8649.850965355012
60746,40226.8100506168
18501,7706.451620118856
91572,9305.481623635764
76775,20273.884843448603
43350,22511.041513585704
18254,11556.935816284818
81431,7818.543887251462
14319,30122.144591554817
14028,65232.444486305045
94743,43494.6012484774
48063,24684.3538356624
75579,9198.482099597284
55013,12220.298056435833
87091,12577.338343973906
25682,21745.65382353861
76496,9647.636548144
44981,14896.004792487518
95716,10903.66243484478
35384,19744.123946075953
36528,16167.484964655465
53054,18974.540329541345
30460,12852.400691471803
12691,15534.059566869602
76575,14292.542908528661
85612,11164.783086339985
96214,25813.03647260897
47057,10576.310574173282
89939,22507.33992051729
73847,11868.036655262047
22426,10681.187723684148
53049,10243.999108950266
72313,11552.97128524714
21431,32805.94742502634
27351,14208.360639849832
74265,8410.058909436657
62444,21637.49667882608
29194,18979.480440817682
85041,13841.090449758172
40318,14258.262658458327
31256,32181.18411890423
30509,7962.489530753286
36181,31314.721928335457
54268,11165.786514760686
89423,21735.47249835903
81500,7247.230166127047
86454,17113.531678624775
46816,23570.84796551167
47021,7751.846127481234
89863,20428.48160063814
63588,22268.13508029164
37269,38056.094536325254
90705,14314.208297249776
59271,16646.88639907227
35176,8567.948188595416
63648,15006.172928328473
91772,22962.21874033015
78314,15001.92163169366
91915,10510.920787505827
68780,16968.511654981125
27404,12458.43174731838
59776,24545.307137041884
13518,16270.42271143797
81864,16409.14818910168
82793,30127.54107820063
88304,19633.774737843047
92823,12036.19643766941
93431,11460.36042957935
10159,9935.832037155342
42444,22915.86970504737
55383,7232.125195844519
67010,24988.1054183121
51522,12628.850713701548
55625,33424.1513597435
53164,6630.304582877756
42497,16813.79686748935
99043,11765.770234651569
81785,10977.407748283753
73609,20805.818321868188
38017,17495.81952110052
16942,23246.547251713735
32296,13217.050271111391
80995,20940.358834069586
48541,16652.269242625676
90418,15119.812737182645
85822,15713.086235655743
12540,7098.199677328121
21628,6974.434310990659
20581,16383.319438448783
82650,15493.618262113807
37232,38214.3056419263
90770,10199.448338812386
74036,26883.20599961507
35161,10947.136417667516
31974,12883.501573499045
89077,8480.990802934064
80947,11577.073888541632
42278,49107.11438026445
67831,12078.252176101378
33443,44384.61221264381
75649,17412.243224526268
96558,14523.636212764059
85193,17720.398575637206
88150,18555.571207852758
29604,6631.862940478235
72165,30830.194467605834
91596,5653.687916469444
77499,26088.1018893413
19530,7942.910624203045
21156,17918.116043098184
98373,18290.515743924734
90604,65910.91076323253
70183,16764.031857391845
29092,20251.44822812604
45139,27808.568836977127
86079,20818.769414606617
89460,14471.17879182513
24306,11572.07585436315
15934,32799.38341218582
21701,7681.52681336692
69905,20016.55824884587
99725,124453.14206166062
23054,11384.200719713217
82972,10160.003949414619
87974,7588.55436293751
57496,17468.337515373783
14502,17187.771581190555
59340,17473.150769241853
38146,9635.46874723688
66083,8633.53141451786
43901,11199.657707582883
15200,10412.627251888978
73585,21257.10063449468
14963,12761.140760138347
71118,26598.524302295475
31117,14803.645632938138
80762,14217.812584147638
72321,10982.699582237423
45496,13590.66358847255
55712,12701.571488259971
90823,8234.06278585216
96582,18317.107866257924
27128,26296.635682533328
23176,10732.353200652338
29887,18615.534919720907
33091,14839.6071386375
90706,16625.091324717963
51247,5196.927610751329
89822,9372.89650588715
55211,43219.62532238958
86417,10959.222144153355
34771,10943.735692357488
75816,22511.041513585704
33365,18577.85294379623
26184,10280.00468557691
68299,50290.60109157186
78752,13568.644162307497
67925,13256.051409895135
57145,15635.512793984362
55956,13018.810476826884
90567,10418.912723700236
40303,12979.09355855374
50393,12750.239621655193
85431,14052.974512111397
92925,36048.72072191388
95537,12678.788590273387
87386,20370.242031749145
16084,5724.8658865279085
36210,23055.8217797627
69730,4953.33080557822
73036,23199.88823953261
62145,12503.695603093462
49532,35296.60302266071
69583,12543.708565717045
96918,10873.629914068446
93653,13668.418084115096
83571,23889.729641690756
31360,19059.847280181733
32356,10447.885801901379
21358,13851.409809414326
42525,8578.099538587501
40582,17131.00684196508
22652,8593.27953795077
18385,3903.164174896063
58740,9442.975240617212
70865,16912.00521820361
74537,55771.21201813404
49965,25282.75195562098
63601,20195.280461249316
80264,8516.52853413348
94136,33046.56363289144
31280,14234.780884969412
43501,18956.61624181587
90591,14316.967333923561
60471,18790.704110744024
10136,9913.00901583457
56442,19164.612825450753
27226,21118.721312897054
36800,15851.706815141888
24480,10726.00569588823
64943,27771.97835779081
10460,14800.088161988559
72781,10086.174657200805
24420,16203.95027495389
35560,20722.220972102063
28115,9023.257560446598
75034,11001.644329715476
46870,25460.942224678343
21517,20793.130119055502
49195,25534.847742465914
71238,12519.787231330181
14538,30578.096557841294
17645,9008.812892935493
46492,9197.961096436438
59132,12501.029812364428
29400,11106.556673400222
64954,17430.307296869287
50612,5520.786198309614
19904,31312.83770793442
68635,5414.575766361146
70451,9396.670271506955
30867,19637.812355642687
13686,29703.272145361836
72117,11216.532219118028
47719,18010.221090412248
63190,14450.365474564125
18071,10389.32938921225
98251,18408.49359674371
43372,12823.07192001272
56373,7750.090420662087
30883,15624.586837558429
59023,8021.268024179273
47676,11401.59334285754
92395,12823.220243851247
65738,13876.347602116897
28790,16719.088008014445
48357,30372.603289355036
81527,38719.16894225174
35730,26296.635682533328
87665,10938.210156983945
92379,6899.618538234168
19382,11960.141513139997
15631,12114.32000397733
26443,19633.381565108502
68679,40628.23646321299
41865,23256.66778165851
96210,16704.855532838676
26829,22120.451657507303
59254,20359.522779977837
48340,7296.623765142145
35745,11252.743407398835
72574,34947.7216950361
30602,63133.40332474556
11815,16175.593545659796
92201,6320.240912411313
64346,9965.70710184544
74757,10017.655688568415
74836,10690.18372008251
40920,7002.054526551994
53033,14902.842423862527
22169,19322.51852692025
43074,9856.888576907822
65407,17176.500341346913
48539,25791.359227572295
18322,14907.75848402705
69588,12671.445203704916
81890,12257.744326460945
71138,9803.554562236553
75895,12908.302167513368
42358,24434.23402821569
14804,20808.95841645619
64996,2550.1375736845766
82990,9302.676120923426
45641,14517.343861709034
88465,13416.461568271116
46727,14388.600299876824
35740,31052.95671113536
13856,16270.42271143797
88678,17118.034740564475
41282,15917.68236183459
28312,64514.87492971063
94569,50663.04823796902
20634,19078.83348972308
37913,27182.361537269222
95952,22881.67183872797
93615,12819.960488145172
59817,34606.37337974071
82703,20190.098099046496
19091,16482.13958498659
37921,15928.852385892087
51756,13676.335619611145
74091,25109.44320347583
72380,15894.12937880283
16667,12458.737175565679
48984,12759.92139646612
15387,13112.642228485089
77822,39337.97231138004
86438,17640.405919089488
36150,19627.556354127475
54258,9414.402522800929
87028,13348.710630132298
95224,6768.856670174939
68244,11216.51206945273
12230,15959.953468688245
48014,20297.728296944708
94981,15469.91777322445
15652,20364.49860462368
58433,9953.574265064524
18304,19624.93236188184
39039,24484.375211103856
10366,30038.006366254296
61986,13387.98156895784
96627,27453.517334818178
68726,10074.590094236453
63190,7814.979448706657
15862,20771.751344843375
94872,8313.506029169163
27633,32601.719892636356
39335,7632.71147018728
41375,23858.447428939617
95664,30954.87285454815
36125,11426.818528403866
69917,30252.04887260514
30752,11344.465824852938
73601,8409.741627873396
23922,19904.06302425391
66252,28335.703129136178
15668,20148.745534564398
43923,14351.471019239707
60779,10563.406767417502
96387,27199.35081323727
43644,19356.734683083418
93672,9274.920648184747
36806,8672.445899628434
30139,31288.406010591258
97499,6182.8852648243865
28083,18935.3131778564
55472,7280.529895417798
71799,7801.669467773445
48269,29747.08999674746
90179,17521.611205332796
15377,16204.52878899058
99417,8847.99518901153
94708,60575.189822078886
97600,25377.18687444513
88475,14601.03720279397
79680,19747.902312429178
94638,37843.01142863564
38050,14136.97946266655
73307,29592.808212649226
43151,20463.883638770996
17405,10477.148982645285
58330,31783.756823529973
16403,16226.807224348944
35970,13138.131848484296
73771,15840.397152008018
33605,7512.7445345794185
98776,28740.71859709057
68426,6964.559731247018
25289,13724.548569573246
19654,8793.035060244432
14364,14281.866633458672
48222,23380.875588178358
55316,5426.943429174567
54611,9865.351370426153
42890,24960.488590808847
61851,12459.809521034524
95011,8411.950877031146
26562,14677.459558783696
39519,10526.648469480882
13827,7576.987127299966
25724,11198.74532517163
11688,17562.586612704497
66758,41117.89474213998
88449,20217.70210426847
63499,15900.802870657039
88810,12865.95432899911
20951,10529.016959430097
29362,25705.46266180823
15224,13171.991194286285
46492,14813.746330279238
17182,10489.154755360865
64337,9435.447033369659
70019,16409.636963779238
35683,13397.810581997524
13011,16846.954996571916
70439,9259.495858359012
26001,11767.13854572762
91259,10231.664611236825
36165,42112.80962376086
56078,35573.838887115446
83921,16668.481431078846
74033,15088.145390113612
30084,26879.34472226065
69438,34502.34615671034
33479,7719.418365246249
75497,27026.013749057907
73207,8238.032540952487
45440,14344.302520773339
55688,20594.99623188666
21612,26603.82556104322
75234,15795.18433771822
38257,13270.152069335112
84459,11763.909266457802
30984,31952.478115074875
13277,28368.934399188423
37483,7356.817109612748
17729,20214.498853111923
74139,10598.637535201247
85888,22984.32041900942
48516,16111.294577019004
56018,27225.322534982042
74866,14487.60642456411
31665,8506.657958016898
74974,31443.972133431907
68083,17887.524776772734
66423,30284.366065827708
72095,12965.439379336145
85549,11758.806450008062
43404,12748.54722720338
51955,17989.992763794922
32873,16973.416189071002
19898,20834.00018347822
76154,11336.005585927991
98549,9971.986921937292
47794,17971.91353049632
36102,21025.16978783976
78014,20334.87028295875
47777,9256.09141658769
78763,14677.141653452463
22188,8999.698414505561
92857,24264.56656754589
63098,11597.43379328529
93491,21710.649491263863
12230,19588.392103704216
49629,31226.15944509402
38543,11825.359114871524
11250,12787.553976961384
18271,21577.167728953453
67802,5331.365738737202
48738,18653.61928941674
76611,15631.933108063482
24928,17677.78749467771
49341,17631.746167756253
62422,13566.198076390265
69456,27328.896417406882
90034,16960.94002015475
74190,13580.05937374102
42360,20253.93632733755
74217,13137.590965810694
41884,10476.046250813895
92638,15043.025519862957
77380,10440.665166701563
48200,53907.51700918246
68068,17733.742352720317
44773,51823.0961263576
67253,8828.759766716716
25911,18598.335422460033
89703,16017.704232359476
22086,20568.480949757057
89898,27267.411530296937
74241,11945.219984439324
76402,8760.029543661989
54074,16549.165333542758
71303,13712.423097211758
10383,9405.520044828765
85420,6531.101144808028
16144,10264.931407514701
90815,22197.052247681455
27677,12709.585665610153
40112,25151.849874166983
36597,17984.487111480903
84058,18290.093658067395
55009,17373.325316943618
68145,14563.874700241686
41399,26281.87473228317
56506,26834.53854084827
52889,23121.51794101545
20463,6904.923237296622
46359,29671.658977053365
31735,11489.093219499155
35196,16102.259056128152
27617,27729.316454849017
53096,25802.252572285055
63836,5202.344874198794
95259,28884.54586513058
16526,12777.554102638882
21304,7440.724936389217
46130,24492.701435212617
57163,11470.214408810281
63742,18752.38072903294
72404,19039.652586733282
80661,21732.187789016196
69734,11983.371239768312
87008,27045.790383998603
64553,27023.938535150726
68994,12947.868727314213
56516,7062.7042609278815
21662,10000.966850539888
39659,54236.301768335165
30741,22364.30644262539
92657,28190.230712174605
58502,15923.911058045016
27341,26763.526037055242
54797,13106.201646784424
35989,10483.163539978272
81451,20232.760975116802
98454,11500.337739160703
44582,16696.726289936632
49092,11476.450898455274
61689,7203.983138282943
99517,9514.901647091301
13803,16097.34951331783
11880,18524.365263780415
66735,20899.251139639622
98454,14160.009593760438
41793,16373.430745679001
40647,12368.302569444157
11055,17386.07704849117
41876,14418.580469341834
13402,12202.841812079221
39937,21876.189708979804
97064,9053.799852835557
35815,16238.401501961142
79007,14996.340576789109
70998,8176.3959461050745
75040,30966.719166034993
53623,25280.595989536752
82854,16480.037208690865
91694,8515.622553801368
69476,16834.923660493154
68896,19515.4225486217
21679,24403.449930919334
81991,5194.959662768008
79903,11217.674547948332
30125,23296.55228221409
38744,41061.9263348829
31066,13687.282321407987
94891,12549.059818303296
77075,11928.536349735845
56736,11657.32729550423
66048,5024.909808581488
59385,18309.30231497112
50016,12327.695367971395
85518,8174.197268043743
23909,10777.298074335256
36737,9754.875704106396
35742,10011.630124024941
50579,4859.771392548708
60650,9850.079698971618
87805,13321.47875224909
55752,7359.620525922448
65608,9868.48516813234
88023,10611.433201936865
18134,21578.65434510112
83171,6111.855447787928
79133,19326.289041611006
19927,15125.581605089568
28775,13570.15687014522
66439,4961.723202057217
13561,14360.764006999008
31514,12482.385900764253
94630,39717.87734316364
91693,5837.890167186786
76219,25181.42575884833
18844,14929.325295653713
11660,13783.717194690831
74374,8089.656634227842
24234,7726.034994207195
74859,8070.293831031924
16963,7416.834091495746
48412,14486.447622483282
70485,9016.863579804052
95918,13079.56036579501
50913,30505.52347650638
15074,29360.690749768477
84335,19425.088427518007
85521,6562.515681273477
43868,8364.28515045116
18263,11687.218400720669
88733,6496.1432225784465
97970,31203.65854471746
32580,17955.055365015156
67642,15869.457879255953
22710,4967.520571771043
14423,23599.79264521212
11569,45397.91306516375
16131,26206.763566076843
13598,19073.55735125149
97858,11535.763488240333
57765,43113.20575598873
32837,45258.055354289274
65003,19821.216163508743
35154,42297.46350842556
44414,11066.234028043624
82014,12997.173625015264
18262,16053.060487443461
93600,8351.689288547981
67746,13006.075803814056
13507,16999.19783943654
54173,7506.745141225256
69119,27814.584604192256
63827,54704.24746764678
59776,20572.918567596953
63378,62483.189129126244
33866,13529.690387953919
71514,33356.6090384023
97710,26531.98612854945
20885,14795.571546827694
36548,14264.381222047909
61955,6200.075547116505
89615,30607.681741489923
27581,9054.37229181292
67312,20992.960108640676
43088,11603.283499710404
35819,18573.762328889297
81397,19682.8177702674
85715,25661.948524171697
86101,23931.358848001328
46476,29622.04895602278
45576,16884.01814035154
10265,18784.308166862153
61579,18959.225760151872
64080,14626.538782260648
10631,18644.017708247753
88004,8867.066168896283
86139,16373.566594960586
67140,11873.518358221387
50532,22679.82876364478
68862,11227.289111308311
36319,21154.601709661656
20539,13046.966298170544
94626,44264.633880339
68922,12820.516225066618
99638,14377.206185767242
55345,19858.89137375717
57905,8870.544861456196
22224,17254.847197352497
35094,14160.675390592663
71633,23731.756822505562
26368,13247.05220026124
22801,9159.010004193597
77903,15147.26202887185
11671,9494.228576273428
62916,14805.573303798259
40941,7675.570652515884
53368,22165.902623709542
32443,20093.6311877603
55012,14883.680684539619
87215,12443.292965781167
31717,8472.156728770415
19932,23104.95639162071
38080,25410.94790437302
13815,34509.01411486369
38790,9634.482638879042
74732,30305.696034312266
37648,11030.723090170897
29573,6147.038199172099
90110,14839.466048245728
33441,10388.709265886508
96597,8192.508796556041
48945,15857.956698888713
82708,26578.431549031648
67487,25497.28614870845
92209,14990.456659091085
34268,5886.635424425933
75338,29174.354813918093
37399,9844.508044746606
63079,15063.17712770565
35757,14482.065246789083
12591,12271.232451993374
72375,32892.86153152844
52624,11333.148103601467
39140,23750.11157244549
25747,11685.586791867734
27882,10528.656369338718
54769,11873.518358221387
10677,5684.208676453456
64292,10368.360529354224
31618,24527.902133775904
90298,38692.07648494728
79498,11303.529281288927
19505,17792.360487015634
50247,8597.694878545019
33538,8931.224408581911
88914,22282.108275160666
24507,16064.279905108297
38225,18345.085824557485
30310,16470.449602575325
40918,28778.685693076695
79185,13855.739095052519
15897,14403.008132962314
59501,15341.403594835494
39112,17829.881454346614
27798,24238.730584630444
66598,13858.103655583684
28638,12335.12562946275
68273,17583.950241528015
91273,10625.142681596817
42243,21925.98760494442
77156,27665.47435432624
43359,5034.409717615023
49769,10832.697142654019
37976,20375.42951408089
86309,29519.89953974318
14882,29541.938273623015
92811,21027.141463343014
13193,9732.533897902
66324,7352.502923472655
29842,11156.718064742847
66584,8269.727075345181
25720,14202.367771199853
34958,15204.087726224703
72881,13566.77837615761
26390,12633.077261401242
73214,11526.715228247658
80279,25117.29826828171
57100,10163.890339822607
80864,13918.71478595549
57682,9453.41274305492
84214,25841.181297056333
18155,24117.1545937657
27746,18286.974234404905
43107,18981.380709682304
47429,11086.427868598752
65092,10829.024692971561
78336,10662.810190592489
79464,11021.744796756111
67960,27205.976728362057
54213,6672.839801856744
42636,5037.319386818532
26499,15018.57133474555
69979,14207.953758999685
52221,26651.237077827576
90981,7033.456821126558
77714,28928.964414239646
25061,34726.74523607874
49385,15197.40008117893
20545,22388.064598080025
31342,15013.25759889326
32864,14824.799352907121
80241,30968.414782676788
98271,27848.013997744296
67465,22308.312803616882
46174,55914.71780150338
33672,9545.478205918247
31080,10147.07114026894
66141,13626.09999594883
89188,18724.077094506367
35641,20533.413181010983
18735,19359.831998938647
34452,16436.162228412813
55840,15199.122097590829
54227,9339.155767696731
59525,10318.178132890225
54146,14614.07471034555
98202,16990.798004426753
77797,12954.858474025023
55873,11562.277766632851
66320,23326.215652653857
30345,14699.565206973719
61006,9896.621053936113
86805,16610.822727338025
82942,12298.676887534673
31652,24724.258054070542
75316,8141.562480180639
61119,10928.893176651556
95219,8356.401613982545
88471,8425.02243229814
63160,27516.9148609975
56397,18463.817999639297
39406,9438.845720242442
17733,9816.89703376711
60929,13913.455438550118
29740,14684.677233717408
77914,18663.00793958248
94290,15247.031541839982
84377,22736.91740225404
76396,8996.700183310022
48296,11017.007250942468
86961,19410.84109100861
31440,14670.595404798185
48473,7953.621593724196
31152,19904.049574856308
16014,15034.513412557952
37636,15202.262695921236
40232,51495.83294517465
94335,18060.628123404123
26399,29748.753930885585
13175,21672.2920373606
10736,7618.338057681218
80056,5095.923318306359
53890,6546.540727046522
65357,22388.40617267942
22602,47804.28129926379
14103,20071.445313763506
61793,21520.480886963483
73337,20278.255498443443
79852,9882.945838989785
88556,35704.92041659496
65002,4755.839033586482
95278,15287.681129747278
19217,9228.031103134472
38333,9903.161982061749
44051,7804.218666074468
82349,33130.010217693016
50265,12399.883006764918
16875,10484.636480078378
83469,16222.506484555961
67359,33285.28922556128
96118,13851.445976808489
12190,23387.934828110192
83000,25196.67689403423
95734,10655.8801281968
65915,22077.49316639724
77360,28369.58956777864
75913,9924.564584013464
53761,14398.141051566325
49639,19861.26087129013
55246,7136.916428036682
78667,27665.47435432624
84492,6568.056095107297
82680,48165.980152467804
91191,27470.608460094612
45041,28676.631324155554
93303,12063.307266997152
48794,18148.271651519804
28409,10439.681889088304
63521,6414.7918960074
97211,19840.853994074183
94402,21976.297592375304
27815,7351.051052764053
90906,9326.068263154271
10325,9659.625636575183
96254,10067.42516122551
25558,6878.000831561347
99609,8580.094616685765
35334,19310.828709487563
39470,20959.533034326152
30673,36184.38899954433
54080,18187.49499468052
64948,11685.493298959753
36681,12073.454575255972
93289,16886.502292537843
65339,11313.556961961098
35833,22893.780146866695
72691,11987.877233376861
26380,20255.679179497456
54588,24316.063599676647
35457,10391.232852638579
54191,5907.7968747573195
55064,22955.673521407487
97779,19930.834289411458
83534,10614.416156890991
33445,12079.718063330818
54099,13665.353330295382
61403,9205.616173692966
37829,12317.12298833842
65646,16860.309449541353
36716,25926.922802341403
26646,23075.449048822054
98974,24768.420240374242
92805,13595.236917179296
89041,17785.012735466593
28191,15359.801250447294
30527,8074.393665675741
99404,10302.219343314771
28846,10534.07546371796
71954,15259.990714886117
45304,22895.476711849136
72905,20326.425162420903
33898,7866.24233950411
69760,20516.341085373704
86069,4371.463995313212
47717,13781.764203089775
66501,49699.5364500508
84617,10923.37600186831
16198,8000.946736121039
28036,18562.822390717734
32299,11493.680643271888
88731,19597.537637080874
24226,17036.83324496323
27996,16410.15135858754
32416,10676.610445669858
83916,19568.988757038354
52588,17467.82006930137
59482,8205.120588127851
88137,15966.866342447896
26679,11135.175037670539
69987,20552.520502485113
68834,9764.79754192063
65780,11509.79106958232
69766,11020.88228549696
20465,16981.35626633376
92129,5413.323786710711
54925,19935.00858540481
16671,11684.404956527203
62974,8861.78291330918
44006,16537.798188391982
51019,11360.975277844456
15073,5143.714250294797
20669,14075.600940467259
65280,17404.25527121631
98590,29266.906382514044
75620,5417.826446805075
15584,63909.29917458963
27922,16117.748337381347
61578,26578.03183798839
53873,12197.280909700323
69415,13886.043608014623
95522,31489.236340615644
97850,11352.993824295041
95551,29687.47142259065
31784,19135.947514790307
43561,25950.671718032052
56175,10223.054597572966
78003,14028.566018050977
71957,19180.895526179705
39571,28761.245295660978
92924,7929.324374341233
78333,13193.396337103703
83769,13862.711381037947
78006,15602.459009263857
93686,20610.361390060625
10004,14609.278448874471
57437,46065.39334074739
34357,17114.658489183184
63420,20811.053726701346
77055,13556.678875246134
55187,10787.344513003845
23710,7256.5224042857935
93420,14014.559498856395
44691,22696.09866187383
12433,18143.030118101873
36269,8298.271356740954
53990,51712.243960781794
50841,9919.435580174264
31806,10298.652338637949
63309,13421.855207791503
92760,12045.815269997463
15930,17134.722631802386
29403,15857.99990454089
82221,7994.115637512223
50476,9087.904991123316
80251,20394.51615068863
94397,17722.21097668706
63129,16583.046423886364
50098,28196.140484558382
74091,15755.74355934194
49150,9755.26014070319
42812,9303.170538964903
32471,27239.63462495416
86239,18761.139954932463
96547,11256.032501952192
12247,18231.680983062193
30407,27484.40767767708
14980,21624.17144503803
50228,13574.05100673632
11844,16336.55701003062
66469,9056.557717471942
46950,21984.212171417952
37247,12875.004748948722
77282,15018.59847639166
11261,8949.834960910674
20616,12034.522503234944
81276,7990.060366627982
54691,48137.4520127274
40359,16045.05374415411
69626,33154.28923633193
69898,14525.95959538796
51026,9502.863685603299
38064,10066.01764548441
58273,13266.208538375522
36278,12609.152077977009
69437,15228.485600635559
25324,19262.282687497936
91257,21019.736300793622
11594,33387.33662556846
72359,14294.10272902423
32064,15272.338239300907
67981,11243.627968373265
26274,19144.226451807055
99447,15812.114375496347
40032,13013.93249362856
41289,17038.493397376817
30444,28449.525711687565
29091,12655.502585478489
77836,17466.376503259446
10272,21592.92921045224
64347,12556.307280358113
61136,10352.213622218002
82242,16912.5125119463
70644,11648.124561667735
85061,11483.052714485872
45982,19584.499178107042
54142,8933.2541936419
41010,14984.928315985197
81483,23095.632887844593
99645,13650.473781946435
28959,20733.09015152096
22323,13133.835090443792
27032,14757.612299166349
89146,9432.01705724825
10609,29934.82341293354
14176,7303.102805363644
48568,26635.55174564135
85214,36017.20209765783
99199,21608.12293016034
60157,19191.191217787607
43289,12985.14220745804
38448,15283.440118539167
12664,15178.767635577618
14839,9949.7025724294
70069,14519.698308623221
83019,18303.74224718797
92404,10057.572941131617
55281,7471.237461974202
82243,27163.220293549923
85086,10652.87965279174
64812,20577.631452199268
66130,14540.55005540364
60063,4311.118823503048
47755,14543.193632632752
46052,37239.96428847464
13967,16786.073241707025
38198,20456.948870622346
79438,16106.310163158636
89197,9235.687817293478
21458,48150.27658365524
76740,13345.867152776074
75323,11031.639047343939
21477,21274.329035324125
79674,11787.681499786431
57918,22655.45525033114
87082,8522.337741115467
51999,13480.439752985561
98704,7795.210851354663
83086,43504.529936362036
38124,14142.693571126914
28511,16854.369835898484
81887,27752.688584248463
14802,11926.055922238578
90468,12135.400240633131
32045,27919.2579516627
50460,7529.395306312619
58938,11583.840732851158
74118,14412.296505664352
70644,19061.34135484601
83647,22516.035235883057
21886,28454.395374215503
50524,18880.53049721507
73732,30048.763477816745
30061,12079.404115388163
47761,10370.536077323912
73515,13092.621791403337
62169,12966.733772576681
62705,28643.02025409121
37544,15907.730604907158
39250,13204.492334189783
48495,24688.675279735227
99971,9438.402176107442
44707,28716.400455045055
57746,9837.670846892692
87856,12643.002933490989
61986,28832.285722832494
75860,9449.923842428263
98677,23080.676829435746
40396,25597.823182575274
86386,11196.238914844223
84376,15202.26558943161
81567,10014.973804675057
16957,15085.495725483652
80805,9864.494048754503
31161,16124.266623254509
50848,19147.96546982182
86838,13226.729528556001
79324,12252.354968102885
72088,12138.918668106715
43048,32435.639989304855
17006,8681.079009935063
80823,25509.0072897882
10735,40396.04831619277
29686,29097.484376525448
84334,20180.86129816067
89850,10887.090386011412
31536,7669.564028380095
50432,19664.43116062685
83373,12041.764711341952
13717,11273.032402398127
80063,17281.93022576075
95435,30640.878142245012
87608,10436.10860804727
34445,24515.57357316895
15483,17534.254412642356
31223,17975.871478897796
31325,56908.54558889835
45838,16626.969355839843
34304,9756.287475825622
43585,23382.051421568347
54159,7007.056005203209
71490,6132.1557850658155
78789,24587.5801768494
76505,10235.145980979416
58459,9867.039136896674
17443,17354.669163216233
72982,11818.22367882128
18063,7185.524686654622
10624,16370.518478297787
55332,17203.742640139262
47494,30916.75205039828
14129,19719.098037533015
78338,10676.172920866165
13715,22870.385305416992
77205,21561.804628043017
17123,31999.191768761757
33954,14035.621646516767
66594,11075.42247537097
59539,9035.462524155659
95717,5713.784462499158
77018,9598.573746492753
28282,28282.442185432526
21370,7374.017005820839
43968,13183.246198062006
59563,18378.500145039965
63996,10441.691335512882
64141,12108.331235857842
74655,28546.976370986144
12764,8186.776751422887
14216,17113.140315377776
81817,15278.82406831866
89981,27497.778728295198
17256,29208.599086749127
37984,26674.111796496865
35526,21523.77836710846
57157,12969.209239598538
32552,16292.254946649433
90191,10990.27805502282
93105,15513.319329532997
96980,7632.71147018728
75136,12434.8196540083
29555,25129.5672435224
93183,7862.020637906995
31708,11692.981336594246
52310,18548.994262589258
69001,18331.235557527598
57600,23320.06629362861
45980,30638.12710935709
50326,49030.60698038738
23304,8216.378145401362
41483,27799.14034467671
97306,15627.384272056264
35539,19145.78267286938
14967,16870.179352363262
57804,12744.941651492205
93576,22415.206193617872
41859,6992.285023436707
11582,8961.557044229401
11154,9449.923842428263
49628,17892.74799998785
25133,11838.894491057717
13943,7894.047854242992
52044,8327.817567351687
24963,33099.9807604755
81024,21333.38422857895
41848,10787.583829565563
86213,19699.06192967315
26483,20612.719272053477
76715,49020.134745054835
69509,14815.259939351185
19995,11994.012372050598
88896,16789.633227159306
18751,17263.97050933465
92303,8068.585201452575
41756,34589.1161707935
77527,33461.69056133799
74584,20269.03334879858
43927,9951.837677005904
53947,21013.614644923553
84824,31591.017903671054
97565,11870.881245116558
28826,11792.933370885396
10986,29184.94319426369
59712,10553.738400184338
57852,10151.046822465534
56419,9149.430903082372
19603,9821.911930245764
43207,8479.141134832085
49999,15233.020621474428
29068,6309.568058637307
83290,11008.276590244432
15002,9375.454621552492
28336,13191.159319545635
69667,12819.347877332368
39427,23308.394944805943
82837,12923.75796586619
61502,10928.893176651556
45768,21026.183023966594
93035,16182.320034851477
34329,18314.120428849543
81977,31235.278508155996
90684,26950.056475367037
57399,10309.402085776048
25590,18485.019740609234
47072,11184.267754765093
14042,12326.533431197277
25841,25014.337759843118
76809,20575.720997800414
30821,30048.94117542435
76556,9603.32527433366
82015,29008.472808805578
22676,26134.342937494734
92423,10209.631143841107
50455,9707.84941059434
35943,18970.956081504013
62575,20775.772311784818
69693,34187.43400860806
50281,7739.899647983928
71047,12760.363164170898
88215,8640.195371860045
69311,9001.370728794685
57952,18092.924128123086
87611,15786.100302262405
74688,20401.661481699615
83250,14053.242169617246
75782,10451.484564977134
68114,11776.928909741986
53458,12482.43665917588
44784,11191.126128681557
77084,12788.762804794998
65821,16322.537564198214
15804,11113.10737121279
28884,12071.391544720753
24439,23171.937460181718
11664,17557.185181669134
81328,12337.102192151662
98972,20847.405411333802
72681,15376.527152686125
11639,25222.450381437222
23006,9666.49859613742
28665,17429.529746725348
81153,11104.021112497092
90679,7153.008939707121
76500,7676.1200057798105
82486,13347.059534139426
44881,9014.288293712407
15417,17174.53255330658
61090,27469.392330988776
18430,12193.563385092677
75055,20061.88559048268
54745,15036.35655211279
37880,13715.61951275539
21059,9864.494048754503
10571,11855.555179900908
29316,9109.4843527132
62193,7967.477332767934
78291,21515.568718170314
95603,26852.85092571532
98039,19316.242203083413
61590,12833.090945277161
38279,30154.537422911097
61864,6474.950707977667
82927,15495.140979366737
72148,20124.848566696277
12434,11258.173975218677
72962,12610.232194077595
28408,15452.02373534747
41976,8017.036213213592
88904,12231.36673497927
81003,9800.602160800558
86866,10327.34212621526
83157,13240.616311183036
33256,9680.402624456605
36086,12566.651378701932
87124,9347.083101005237
67674,5818.098320085615
50164,9872.026519018516
25930,14285.65540017814
75958,28349.123133364887
22966,11076.487198279367
53623,13534.698595228729
41795,9645.899207579128
79581,15947.01754865054
34007,11169.895515551521
35981,14814.804842800484
20196,46746.602914778465
37417,7766.838191695906
35153,12980.213653960516
59732,8187.286089341009
27547,9862.36225239162
45599,13941.125793501707
96039,10193.01406752135
44374,46256.2269996344
95777,26743.172631998485
55710,18363.061474826995
43687,10878.190225990029
44634,12454.998293622768
39660,13107.124017010909
66162,11473.051542150664
52043,6586.013228147303
30183,9745.733474496838
32136,14123.598025136851
38116,17595.101246431324
29036,3804.802067711218
24015,33435.00982765635
38061,16163.369508141062
74566,14614.489405820008
10980,7813.394364557573
47439,20842.653494831036
13799,13712.482061150386
62502,7941.274188462234
50088,13482.304761111202
61616,19516.02810774207
89674,4778.72568868312
77055,65844.24551333161
66898,11640.132415043783
88235,24594.89315307179
58842,21207.842174532332
97794,16625.391411583743
85350,13327.432417301978
96263,13259.764174124115
41733,26399.986356664882
93027,16106.106182215954
38572,19274.865257281737
78135,9004.566674993224
13891,9526.062762751038
39356,10289.460572745204
26475,13259.076444696186
80460,40147.47963782674
70893,15523.782307160016
66889,21312.737348566647
91546,18960.280225532577
95717,16324.662301701112
87288,14216.806382427954
67239,6759.2811046718525
43927,8964.149586552096
97824,7612.316155370725
20034,23428.43631386828
13177,23390.60366050042
35075,21034.241480427547
98762,22804.360124917006
81071,19866.906191674196
39333,28954.00103808394
89418,24518.84033269349
81196,34721.36980388849
21324,12560.393637158864
96232,11657.094094371576
14347,12616.365576910315
98014,23191.240672600805
16059,26382.275213347755
36870,11590.649708094563
89721,12042.278188291439
22080,13122.495105400698
94448,18870.471313213417
64033,30909.416306398427
35121,6840.5406472131035
69735,16950.604344222073
67098,15860.403033828728
41671,9274.132903763613
94270,16557.173860706887
92983,7863.920834522014
64086,11896.473382388249
91722,19816.777361911954
44277,16777.56823313731
39521,15218.171908833283
92787,15362.196158564902
59697,14364.957903364604
53598,25669.269730116317
13813,26206.836225236046
95294,13923.450935528583
43453,8018.982431027962
74020,12703.838805143969
24425,7357.219494987194
98622,19676.196274763763
17453,8074.785107221158
48849,7261.977163355854
69919,17726.661764244313
68708,24434.432227019843
93446,6335.835044190937
39422,8426.269630936482
11370,23161.021133740727
97482,7509.975991481027
70568,32668.426296628895
69991,11295.284666512072
75209,11275.432495177454
37747,34987.12473071389
57202,17193.247985068898
11171,9252.006069989577
69647,15029.53699664286
62074,11637.87167031076
65808,10020.203294252133
39598,6754.154151480647
16079,28306.496113594767
93461,6988.673831043136
19769,17644.998885589666
63720,16940.08731118769
99995,35113.43051667733
78882,34042.61501114727
82115,17141.2429868802
65677,32054.577264084826
80088,5526.528844700777
74253,21699.832790012388
71918,15979.421845922265
80371,14667.358495079243
36978,18829.734072371262
43441,13464.92070236256
45871,15125.96991954762
76236,12486.043810577019
78679,24926.20313658712
77154,10035.048182034401
10158,17628.672574654734
26672,14061.417497360922
80945,26917.07426995897
48973,16580.037434044225
30054,11512.639073687247
21394,23766.688177349934
19953,2466.985529479716
54381,29702.60314289205
45839,10000.634827490268
51367,10178.808352470207
54400,44924.20809647508
86502,27830.0965303366
39190,9688.303684899332
33502,5716.831333018101
77017,19966.6328365339
75771,10833.431837532697
69335,25435.613227942544
14983,15572.73296848182
61797,66986.35000473168
74647,13151.291469721318
36778,27103.189286137647
26434,15762.262204911514
65160,7784.428104650127
70823,17125.609990309924
80003,14674.26959953558
28682,11669.682197386677
80091,29873.324684557378
99857,12985.5247757644
43827,12702.772798422327
31014,12538.36831894171
42494,23977.577067369275
85334,11587.47642555973
91184,8324.073076874824
77307,11629.652847999572
84252,15330.321505598647
72493,10645.971963214983
82754,24123.071222355284
84209,31345.231366414195
84052,10639.704827799334
61017,21420.091903267275
77368,10096.557902350547
78921,70300.99459151756
28341,11183.613402834912
92883,10110.727445909291
13688,27606.99526746865
26671,13446.657680052998
46381,9106.800735689052
97987,434.24119937282194
44741,16833.06479369306
25931,9955.519729532323
93206,10194.22851259794
70116,9519.704314616443
98906,22111.154996254252
35627,16090.545149547856
32921,11278.215031860425
33525,19943.148154930885
94558,11258.246741986102
43223,6327.9677547068295
93527,9864.012876799932
49666,17981.06302789569
48469,14664.86676773809
82090,20081.916577874974
13150,11895.237457542797
87862,33882.36696732564
25403,7443.826119021593
48292,22621.558655667
87260,14319.8613071541
20588,14761.794717999392
38822,22784.3172863682
92100,12765.32944487219
38975,11894.275573585866
75932,19242.87325528205
31710,8718.307865354767
68006,7681.29920954963
28926,9996.920159446057
46217,57253.22047981418
63789,15360.334852801727
23368,40596.894097782075
84655,31042.66232579964
45519,11518.09467894477
38786,16501.174462836047
71082,27515.471758874774
97790,14508.574292336823
83763,17230.675806631698
66872,24551.99550945121
46174,19905.053038886086
58375,26006.002861952147
64087,20764.798449159676
57834,12618.78706913794
78765,26204.026008589623
13304,15178.273697732535
86050,13204.60976391166
88477,11980.241260907042
64214,26774.61216124365
35111,18857.64257373651
78949,9819.66993767815
33743,12208.840883990382
46710,1670.3884808187959
66931,15557.060365900623
45617,16096.596216420698
89238,11517.08536433464
18917,16911.791451524707
42777,9882.530975002412
26661,22794.596059200583
77340,11004.399898961472
73075,13920.724096940081
36828,7359.6534117726005
79499,10758.95681827769
68471,17620.86555309654
32629,10637.301302364753
21809,5326.745327794952
24677,15107.151425684751
25605,48088.415067469796
70527,10753.02701456098
83992,29710.21937666322
47087,8935.3588673811
41017,25056.473331248257
72306,13419.836014783421
73287,12084.871612236318
84057,15308.449135936775
84461,14699.577859247278
14683,24521.69111199159
23514,13817.995952217938
39478,6631.750747713726
42110,7370.441971304528
53621,11396.153631586532
52470,21639.251881199936
86153,11169.17483111696
39971,12542.632148102675
35992,14815.924662696116
60645,24499.45331220409
63412,8096.160404211827
44564,15291.083888935487
77835,13730.112105265142
97771,26897.036816262473
98254,10822.718279608465
64614,45640.91303975211
79357,27832.675238510885
77692,30701.50037123116
78114,5408.141572206225
90024,7674.839137091387
52831,12197.437327996624
12807,8495.603942680602
23396,18187.104290370764
48040,32879.65216313001
72404,16843.826592648325
25845,18034.49673750231
27795,12516.283916803448
50682,13990.763074250124
14947,11695.871354951312
30128,5727.846374293833
26869,17779.898367667087
93226,11587.017909304743
30928,22373.19968957287
70992,12900.702982483837
85227,10651.435694111065
92718,12100.599318006927
82640,4588.496490232852
84084,7970.811708863133
68389,11151.984131019883
77950,28139.023516156234
55783,10529.870732652304
53854,9089.030378311345
33592,17996.159805611926
16774,8169.070650733411
53680,20213.509770045886
93427,21980.715905956942
96264,22382.52224017555
83229,13950.659786677772
36068,46549.61129566039
92217,10888.532172412113
22092,13461.969673372445
94461,10229.087374613795
27977,21871.30377573338
73493,12634.362452785139
90430,20365.655852501957
31169,7798.927520745343
25240,22072.089273295984
88062,12820.3731682756
20299,12705.67004467702
55975,16228.000635112787
31153,10694.153803626323
34878,10463.637638755132
84143,31719.581465185667
90782,17815.135058089665
63898,9879.660736712178
12199,17910.870134599136
59916,12815.481756799873
82505,12087.16681037717
89843,16287.137090878325
21110,14981.160070556969
21742,10752.556116580563
90223,10963.072510325323
54675,34532.96267137337
89371,26036.77772810633
53321,16938.54274852835
73379,16388.745379390795
93445,40261.06189200199
29593,8509.051818472917
95183,78071.82769992936
99318,14427.512157925288
72583,5901.849995260769
12397,16546.050743850326
48039,26446.728637337117
51498,29759.863517912432
84217,18260.885885760115
46659,12342.521054334155
65004,13341.876944694071
48054,12706.390980769776
66469,12669.265213354058
27616,12505.160274868162
90229,18129.223079654985
39747,28813.311132876668
69900,11237.320952066875
50962,27300.032393638634
13225,11157.243616631344
71891,15701.142320887739
63788,9600.837356434396
31643,27690.67347186643
23414,72142.96355479295
34510,23795.474973122742
75522,12741.580529430086
81004,9465.96099868011
47108,11807.233039196766
77305,13631.308004526096
97537,20588.019777563
64627,13611.169142291215
62619,14812.003944839349
20069,24388.18848639576
68013,13862.422040143621
78423,6969.5112232319625
15843,9546.579236053909
57242,24034.08605937424
41531,15885.942620179356
74869,11794.340982876944
18343,17756.576780761658
38876,6947.91195599901
94173,6396.102922825432
89763,32071.677962256617
76855,81841.02687684385
93785,11254.327720450063
55656,24710.835422122913
90549,34564.80132769143
73838,14883.134623405955
24382,2087.267516845817
32939,43953.944519252545
80443,11314.466417066398
75314,13197.999282424862
93721,12035.537082998351
80490,16748.19468901534
90152,8717.757068329822
55456,14012.011052158467
56142,51151.658517436634
95013,30676.387706405425
35617,17712.10853885887
34382,33486.01761756461
40820,12096.817013651926
14343,14466.126416664545
85358,26701.563977585203
57513,20065.065772385537
21774,2972.271749230924
33736,5060.442465659105
92079,14464.5206305455
43095,21361.3525089852
45852,14130.364007383876
14121,8120.914725032295
36902,3554.8377559466735
40395,15680.73702383183
79245,9936.58026401652
82704,10770.033975403017
74630,31870.534472612322
63094,24351.855930551428
45374,40431.23985079712
23088,34420.022669798964
73368,8971.612931748736
16261,10556.979198547879
91772,17424.11131199146
16747,14108.823555253182
49076,13484.748977015564
56690,8690.022916935803
59416,3078.8039312177607
18709,13106.038399485316
57246,11497.53203590295
23807,9233.9716100154
16539,9389.302806463937
46496,21329.57417105329
47953,11575.632225880705
69614,15635.21403374005
50534,14576.107719123804
13486,14635.56514027602
76440,10819.709571320338
63912,26137.14843244812
14386,20797.987973426672
45107,3823.323408563876
54358,8634.795745966003
80311,22264.36683536329
33902,17370.847076123086
87906,6984.972053102276
56027,11984.938066045554
44535,6019.189885425592
89205,13030.658081702317
26863,19277.102834537556
46778,18651.248985503942
13663,7072.929796748753
49431,22715.393381337493
11106,12620.070011381176
87615,7872.160804593759
29800,58794.88654164194
65449,21243.503926278827
85470,8216.378145401362
61813,14491.34264070311
15148,11726.052017605989
75386,19434.06813235445
40493,11849.363349332954
40016,30588.107433924608
17718,12222.471590308534
30223,13478.253211589848
74408,31337.587327281944
95304,13664.456260305531
24684,12076.839438074485
57041,16112.673836594486
76783,5096.109858201122
74830,47321.29229697259
51051,18738.72144985373
60424,18612.52811920933
42870,19094.5501224837
32909,8891.095198702747
66628,9159.010004193597
63125,8019.045013227405
36395,16638.8247920927
27920,9373.373768549078
68784,19861.26087129013
14992,9825.822520009879
77793,25304.372334001637
19861,13399.4864931751
37160,11633.96172621056
12321,13128.287794248552
44513,13938.895793254485
77118,14192.739263943267
89264,17894.234198434864
79044,10078.095546703054
19457,7617.603535575341
58434,21435.641512356277
87152,7249.126166988577
67231,15378.06546976439
91610,26006.85895664004
23474,27670.2877822227
74742,51744.489759743126
19481,19006.46956754588
40595,13697.418915947346
81717,33119.99510494489
59989,4245.86219452433
51896,27230.201822825195
21404,16859.40990388247
34545,11433.4683131164
52910,9944.53618001756
63572,16223.133474543676
95031,9907.44581978181
95726,17999.94450029737
24599,8995.515461933039
86870,9081.139491381913
37009,25511.155826608338
51629,8095.358806777345
44016,28821.652739699086
26710,8483.800587440228
41953,12725.021572971287
49937,22591.706620471377
64222,13257.054287771985
69443,29956.103819347394
53739,15645.030232923153
65565,7650.033480032358
68727,11988.400020304105
60633,14204.504944115135
94440,10798.122229601708
32291,15789.791641179343
85753,29959.957136569486
79300,22739.760696211582
94635,35305.5632257775
27247,20805.59881010239
60052,18092.45909564742
92747,34410.29854313635
66512,6054.912507234123
72393,13536.308953201667
88177,15887.205683418475
20989,15473.308778570572
59160,10206.646773760534
77068,7564.171626733923
41982,21458.198958673267
35560,24235.199116942404
25584,46749.466890676325
35198,30970.212741865726
97773,22838.250166130325
70737,26533.399790813055
37563,16081.208199402565
95646,14189.081584021515
19567,19935.97464073846
47788,9089.088466836021
71158,8649.850965355012
64701,20464.422674693695
53114,12983.31673479727
43999,10752.556116580563
98933,11010.84659248497
21897,13120.327102336467
62685,14668.963234941692
55739,11470.70532083297
80136,30456.98546045249
22944,74550.65522174315
50677,9939.355934706255
50954,6556.252316722004
77751,14365.502132737536
86370,9503.479669545353
35064,16113.383342883906
37279,26373.695873627905
65252,16129.107598979073
42168,12825.15605248674
69669,8752.039783094402
93124,18473.90562061909
67744,12525.097529109153
96665,10498.263188452947
51343,10033.700825434333
73774,7305.5345280815345
49686,21296.489147688568
88234,15518.553767644578
70614,7260.710002520662
90908,12434.06624823658
40409,8902.009509931653
72601,10991.386820666918
53181,17557.578834398504
59177,56878.538448196254
23474,10270.880351071475
79189,23100.14134867533
50107,11418.661740507127
33709,14551.872294367207
30174,52946.751879934476
66151,18643.992145114018
46196,5355.382272955141
79068,19861.27118445835
45541,10349.697333782759
74366,8882.90694782832
70851,23790.91518204686
65623,9887.08394700775
40672,10296.359560838973
96354,9476.720501752188
92917,13060.64037489625
48037,11908.77403508153
67904,16501.174462836047
52957,52512.46395441047
65722,23215.165646944268
38637,12604.49011361691
54545,9763.326916724822
41833,11861.233564823775
60622,10440.261167882652
31014,11602.627620460567
25535,31411.911608594302
26259,14765.928530328618
58526,12342.772874503282
70240,21188.010073456164
29809,10876.373316868137
56351,19802.467212793832
53289,13223.05496571796
20241,8425.848090184722
68325,16825.0904781353
43973,10551.854650838657
26273,7246.410633538997
21337,6831.706732508885
27114,8685.602190202895
16618,27499.37100375224
13757,25434.830233019504
96786,10223.20511876522
45665,9405.790506883044
89160,6951.559344857402
15407,16616.164227335612
91413,9757.340569365297
40038,25366.289082182542
41723,18165.505091380703
67149,21265.594436240364
29675,21719.173035680997
33198,10210.321687738146
54690,20308.939942220062
57839,31179.499380680652
31259,13040.658459818953
70668,6855.554352866322
72742,25066.440293935826
37884,13582.815302469664
64238,17007.940322222916
29339,5624.797401621348
65895,53161.22799005125
77385,17289.619438128113
79989,20093.638085960225
80101,17488.706332585247
51363,10728.78858231661
32582,23405.435857759898
15898,18666.853271074604
73160,20982.53969624926
75351,11272.132789966854
43068,10060.04829238903
95874,17056.43413389655
54482,10969.803020590765
65144,12752.326451652632
47588,25888.57175828096
64172,20093.3937649823
47265,10607.098994633168
50624,24927.568502279813
33929,7464.57852910445
51219,18333.375635608434
79992,9962.909430579912
39018,14693.304368796436
31245,6498.051763157999
92799,10953.901896761801
58532,18020.540014020757
26836,16269.270072712445
22581,15508.293637452354
26223,14241.436938774823
70763,38727.4696183147
95744,29340.23499566415
30710,16302.369427600444
43720,30523.170005174146
22912,12481.605075041982
51996,14067.103787496284
16587,20504.876136647064
32514,26507.849968644772
38458,15982.540822602155
12261,31454.450140966168
60306,15036.91343658368
93037,21527.319305285066
87100,21357.102226313673
24586,26681.122908321
84383,13480.279682809234
54625,30031.879427770215
77578,12397.237885787677
44559,36931.46776259705
75476,12577.937135412343
43718,13592.87983258382
98203,18472.845794195775
18347,13998.081643812044
43328,9358.9341287549
68642,5968.852035346785
34264,18113.430022056327
47996,16483.997965895454
58769,10524.877658779573
43705,5628.028008931735
50955,33871.31149544123
94988,21072.64291801556
48513,50189.8482011351
67239,14445.024124040454
63557,14473.54118729214
76021,26822.659586931746
82075,8663.02150199278
78865,9310.705310004872
34771,8317.14763351038
80108,17289.91676088258
70811,15067.898864981775
76560,15506.288722769814
57833,10798.997095514507
14204,10450.507580109206
17837,44937.5242049208
57108,10836.854776863645
82235,12622.040625072996
67016,47680.736532767885
29521,27938.659379162913
13570,13767.64778323293
40297,19843.839318582824
54346,10004.576419469151
86311,16395.858660451493
51400,14009.409456902751
77086,30041.635592443006
88637,9294.632301383193
29738,6273.983607245713
27026,10334.292577462333
35996,16310.619473228364
80406,1258.1102885868004
97884,8126.3266300505675
66439,10718.401618034934
57428,11458.658897671572
66181,21963.391531361674
60349,7653.12158954987
39804,19151.23349858834
71019,21244.128717189124
30467,15543.776608443264
83652,10593.814033675553
53524,9675.300118454514
71993,25224.793424124713
10462,11282.688510643933
51764,15968.549899187294
79268,18808.327163762155
19823,13086.927528552476
36814,12228.1706519439
97005,20436.351511924495
22189,6732.643885002693
78748,11264.152607175547
86950,12018.601207728054
61875,1993.9178314606197
94524,20561.281628055738
90464,13071.650567424565
50982,27993.153706854217
59479,30534.534551919038
39832,13935.305272522366
41124,28250.65028456616
65152,21134.262519522475
17563,30551.29281254651
20925,9763.824687895132
43040,9964.342360019924
73250,55307.274369471656
43815,10650.261889102316
13079,17283.92705274656
34143,20642.28171891793
79365,13388.286278835576
69501,13271.206589954827
40300,9510.451111466524
12920,48620.82841091186
88523,10066.01764548441
90930,25345.498617479818
65608,19530.294447933255
53013,20161.379531235154
70604,12412.834898744573
71930,18061.37212530048
23189,10847.862843639523
90538,17561.402744610114
62294,18747.960154953947
41476,14296.478045584787
16018,13350.387285178114
19693,20827.91164300222
41915,20361.278804078163
75338,31997.39274343005
98953,3000.0098558165555
88932,8359.091646055023
82946,33468.899509790426
46081,16210.306401494132
14091,9108.780215579143
29254,10151.9577643683
56813,54605.960466413635
18542,29166.29594917267
32167,15579.876855335893
85408,9447.981071548333
22936,47269.96220572811
38327,21448.025062567183
41658,15909.010534951918
21313,6988.249933820871
39334,10822.213276170372
13975,27042.54722820669
58857,13340.782687185812
24244,13573.321441399206
25111,13876.392649970338
55672,11813.940192629665
35291,21100.142653753166
16666,21419.480752502583
89597,21232.11087411875
26805,21199.528217409257
41925,29170.729147968945
10549,22551.90400926933
71830,13173.64158594263
83865,16239.905315800506
27205,25594.150636787082
21832,9238.943108484662
23913,39584.00526683943
43159,5877.965833413915
63687,13040.495032532783
12495,22912.16626455666
81984,22461.65080325983
93144,11687.393175142002
22466,16243.999914762477
34847,21402.915699273894
30819,10792.785539646326
30587,9902.371710544337
11318,25619.56094599433
62523,10727.964977275002
61390,12571.55069238182
90290,7269.78314473176
40499,5439.474007253963
58607,8990.383419352896
43646,14275.301192342617
49341,23975.373011279597
83715,12962.026010081885
78553,1959.3844826042405
50851,24064.86926476439
44623,19558.671305072396
70251,14242.058032786847
49580,10481.930575073542
51458,10921.725936383966
98031,31652.789322674624
59794,19585.601827239498
87531,11520.924316990222
49601,19813.290458756903
36457,22353.966348691072
50847,8775.716476301008
46141,20716.50280999543
32010,34420.37732903237
71599,8136.009945340149
10835,25060.90991595904
38798,9918.838311254232
48446,6802.826409019368
25586,9399.458193778999
31475,8751.0601730267
74112,11152.558517701145
15894,9825.829788903728
94614,21247.06529629675
83110,35602.81398825768
89187,16723.242856519755
43262,16281.62646991925
73962,24355.163101580623
68478,5968.852035346785
15243,14456.021238086718
68941,16848.279749575493
66982,8004.272162285595
45241,23982.353205260995
11941,8989.819818487274
96922,20171.48447763505
32899,13226.124955730378
54353,49945.10495659177
32728,12050.441509102033
12562,21462.920724154126
32307,11877.530851183466
65301,10381.252665959184
33715,23334.858531291276
64844,17472.878812430077
70960,11498.505056154598
72321,12271.003514958382
17745,12163.96551690959
27067,21059.184002788654
87685,30578.385666705053
56810,6882.387196709782
78460,9659.972939299721
80374,8983.680966479384
81158,11365.35654853128
89738,8454.792981470018
67130,8952.186711343227
72798,7079.304258426788
86208,11756.831224986065
71049,9910.229415974374
13572,9781.709392461575
59185,26327.469713884486
63293,18377.17380873434
40532,10015.607164174604
88199,26465.676831161807
18427,13307.584622391849
48940,22746.488482428194
55238,54907.2383787075
77488,9927.62481598609
18131,16751.679233165076
83319,17286.122676962557
28945,11858.544326862386
36676,22444.861845471172
53551,10979.458983500685
36503,15098.817148647417
94006,16264.01991978355
99188,8224.923970974482
84136,6988.259308278068
14860,7056.725312936656
35700,11322.12256014908
81645,7832.560936872374
94113,18950.218404631323
40728,7643.72523890646
31864,14076.254655500079
58168,30937.34958649762
57752,28708.038505229983
28785,12852.057422504555
65263,23930.2631566173
13667,22378.754968788628
15159,24242.939269324306
68982,20833.253744382913
66046,14082.219919617379
95007,25156.849753819504
24637,16035.592963471972
90721,6514.661849796998
34841,12287.42389472562
46621,12488.694721463264
34266,24641.150387103742
53856,23161.684068266906
33126,20989.427329401664
85452,9126.592934787648
59979,19910.9146209191
73396,19993.601949170996
86000,11888.754793111919
31823,17399.289869839256
44801,17405.114184261118
57570,21200.382718834036
58805,10112.78403930923
59321,18404.490545752127
63549,13802.115788971267
57386,9373.141906512265
68510,6263.453024401559
54098,20185.242279806364
10884,14383.24385525383
28144,9468.490979655853
33032,16631.915343807752
25503,6989.488033820757
69249,11962.970829009104
19875,19979.111038476327
42020,7752.846017112657
13777,19154.135362513643
12123,12216.989899356846
14044,11422.56316639562
45941,6168.850861389781
70450,26553.08275528341
46067,50266.77638608003
54509,17469.31394801553
53274,12970.853861945066
23984,10228.959163740335
37968,14281.94341259585
24247,19560.97570895741
47375,7267.01007848376
28592,11455.452867735492
80077,9748.02616957845
37650,17255.190184170508
37814,12565.377203364822
43202,5667.761539326104
78670,16571.839572657776
42686,30081.812715174874
48605,12278.237947067864
92108,9918.838311254232
13646,8671.493067027657
10318,15933.946097305383
89281,14176.301357252734
48241,16307.695924111596
42654,8873.427706239861
15081,13952.931507505436
57567,25066.440293935826
60645,26109.335886129255
49358,26113.23299391587
53681,15722.854358208937
61631,11360.975277844456
26860,20772.888321935392
32013,19600.300540978747
51973,30930.275493449677
77810,10610.120110317892
27307,26400.787891575892
28271,12298.208526862665
55633,7216.125627687403
36335,11376.08324870645
45613,16171.531017590318
53823,9910.741125498389
13274,14354.9642175849
84402,7050.884353520765
63794,31497.416542074727
65268,22518.632725611653
95649,5001.525595879966
73347,4074.2310059273987
91054,14590.866118707367
11109,8407.848576806102
89280,23234.338645185162
47217,21286.654505995946
38001,14048.545202637566
78586,33992.81790488342
26126,4616.698223391319
11655,16015.89617092103
24229,8767.35927942274
52008,22857.911172678527
24178,9631.139581372456
34796,16709.22207646505
56085,9319.44902297269
19372,11388.030194920217
71383,22959.92947482411
64398,10895.05143904731
33741,16751.184699981055
94087,5646.430539512547
22575,14074.70704182451
14212,5996.898580450394
11730,10905.066108517618
61384,9482.666236432227
42539,16695.57938876802
45491,18746.524317684558
18829,8075.073929190543
41352,3581.0249252296126
64918,13202.287578475014
54444,24951.795979722447
35159,6329.23825338491
60718,19406.74495481781
75797,6231.930422940177
34498,11060.824980600073
68875,15544.074529367117
40574,2545.39156681679
12766,38279.348529292445
73160,34297.918006891705
45691,19093.93520041077
89162,11319.314766982594
45237,10391.408049434076
76621,14687.687974564595
44519,10404.44154980948
44544,16108.66044324487
65541,9385.189779848764
86883,46519.248393131085
45929,24410.20969248484
39366,22808.191015204764
57379,13618.468514815735
52539,17183.836101638655
25264,17539.44529771463
72812,14717.079415348584
73701,7443.314685167405
61418,24412.584853366796
72855,17082.329419868645
88326,26382.954104466626
81742,16022.440957162253
57966,13119.613954395107
14031,12220.618873444258
40928,8820.588526216347
39800,38196.41377213219
33052,23429.74347897028
67181,8172.04612536547
88416,13184.62358732625
20239,17358.045668798044
18825,16117.186826065765
99327,9949.299200131092
24152,22828.328346223025
94687,10843.404913125794
55379,27393.539354344684
69174,11243.592445125083
10848,13174.678780092223
68695,16683.04944884394
18965,12367.652814471869
10226,10255.987493999426
47007,7831.405750590531
86897,18362.905966272
55045,13026.849768223656
87762,17725.162214820575
86241,10251.30149601722
32377,14015.570381856132
38463,4810.713971559619
98055,24476.118861470997
77172,13651.903322561266
47332,9281.669843098796
22413,19863.912063035248
15254,10126.164849709005
14592,5024.909808581488
37265,7583.168873157794
57052,34090.34380390908
26131,14275.643883126353
54631,10622.992197006082
24654,20381.335815529776
54067,8468.105631466695
66442,17512.279897388948
82977,6928.265860644246
60712,15600.061487063524
59345,19425.95667846183
44189,12889.18125628894
25465,2038.0196506456796
46026,14546.93997903505
55473,76292.77495663168
34752,10289.215138667205
35787,19063.087678534914
78994,7401.04386082332
84631,15860.147388399917
41093,8013.652974906878
70538,9342.073168721014
87419,10611.65689875119
59569,5655.174911458591
86638,15710.80593584329
61210,31825.456128219957
20548,9381.699731098131
92377,8802.264168202813
21547,29895.382033962196
44950,25809.129595522565
18426,8512.906248752874
33967,23376.6895251776
15045,6802.620388582049
61422,16068.884370954298
87514,29630.69522382372
77122,11860.951708219774
40239,10117.717007115665
91084,15396.827547757113
46316,9411.594081334963
63756,11335.031533179019
30129,11883.467366252395
94118,14491.571819393346
63309,8120.423532569797
69035,11721.538988342547
79777,25921.662563609192
80817,31076.443321941137
13306,16926.918375886056
21095,14899.641888689577
49802,20505.18250433548
23164,23927.478042340474
20366,13097.430322012668
84453,19282.643461390388
17546,20194.00316187502
89033,18332.288670451515
39943,19054.348237348047
32753,21223.88289790926
64394,8258.692850811292
85935,15776.25681739697
70819,14605.432080326065
78323,23341.529234030404
74546,12844.004473239353
64512,12902.398694562173
35118,20562.729873863747
90758,16449.09454437785
45056,8301.818563906761
85106,29092.41168479082
19850,9645.012101037279
12909,9600.422763634873
49341,10449.009445651274
52219,8451.063111448408
28523,23609.305910468276
98631,18380.366445532793
82991,24862.578286394204
82668,25753.87828953147
98046,15982.095131241542
70356,10562.772357594291
23955,18097.95758832684
70164,21089.84980645246
32982,31711.92205375866
87537,7384.009263804555
48174,10055.307741916331
53860,17892.89309522875
96951,4388.843562574235
53747,12816.222353147556
71419,17752.61041247373
74106,9661.263998551207
50847,10258.40736631985
26223,7667.941428052318
90076,23400.867414940378
98280,15155.538010543934
68909,35348.90473537269
43511,8520.481973896132
82301,19696.302530741326
68937,20141.11969251377
28570,13076.796048026416
83705,13926.511491272764
64313,32554.050038087968
67495,10580.309713077508
66250,9690.357831796367
21487,14648.348838476344
48226,21805.019195376975
14788,15385.237842418943
15961,10759.985154643633
58079,14449.064694365705
90157,38012.688955230115
69703,8949.264700255182
99797,9328.17456846684
84639,25138.294241604824
80705,13670.068818704067
99374,9025.496864745463
69186,22296.725102459088
99710,16304.920319857894
85120,10544.07053449763
35335,24409.46440227762
13897,16503.20756137198
29027,15331.554831330883
60763,26147.877253969098
41718,16652.813791344444
81975,13743.085992057655
62949,22480.738389441238
33019,23502.327008517022
94642,31324.739237340065
84768,8071.804773752492
15413,19474.86224317764
43806,9206.748753837668
99663,14661.014068183998
37983,5012.702441331854
51335,35109.650028316784
28405,13457.42952899211
36734,10369.625937318957
29606,17356.597996953566
43707,12986.98030850994
45311,12997.414614789057
77361,1903.6443180859678
10120,9044.517606257385
20537,10136.97581388469
87321,6901.992979216395
41939,8694.012571546045
53649,9352.75992403035
91559,12147.20545671598
19164,14086.752203043432
61830,7282.0367264833985
29318,19391.468337990304
94881,7730.142342208268
38069,17000.22077353552
91162,17994.060541285202
76788,8045.277455011952
19962,8907.299586884683
61972,4250.008346625524
93194,11847.080996826502
63642,19520.90744783591
44143,25957.066820977852
95124,9548.32272189615
33081,16689.53364657498
69411,20582.894069814807
11249,6957.282158340893
55997,7924.867447274852
97817,4241.494008891963
64579,24539.116548837235
95454,13386.237667540705
90436,7640.015076275164
81039,21230.765753689124
15597,25025.49265105768
37353,7107.902030093161
69817,21709.613347692546
40309,8131.7073416364165
68289,8830.839615562316
82391,12233.0603331172
63876,18195.483484020275
36653,9841.902201330784
70362,15889.902140472635
46718,13226.729528556001
48361,6410.33512056303
67953,9984.055828334313
68167,20468.79338850068
16374,10069.51640111639
84485,10286.3296008842
30750,26763.670038751225
89283,10984.39302584704
81020,20151.7501038323
62731,31707.23149852743
41015,9004.45727801694
50656,28365.17290443933
46370,18743.513475136067
23892,17890.249127430958
86399,25580.351880695343
62102,7308.912772272202
39419,67890.72794530509
11559,23587.892807854878
92865,11709.200340923053
66127,13614.63492312605
60062,4790.165299190561
23754,17647.91693157626
57897,8079.9549136568385
25894,28242.9976947924
50865,32916.19180744464
19345,9295.056375611382
91518,13840.25214741977
13187,11858.304803833089
41939,16716.217648289312
38635,16226.807224348944
92223,8526.304311763959
16671,11165.570011017717
61666,18809.97671694042
47222,8987.425628844358
85196,9311.024775420701
37001,10304.185694456803
62040,10570.831017788838
83950,23391.038472921853
83831,26396.494103331974
19295,18588.65553410241
91411,27115.350350079272
35035,15629.853698151623
81574,16643.18358879726
19596,15067.747563066681
71023,7118.582169199783
48184,16599.41707099812
47064,3374.5171566122244
77312,10487.84114433175
89204,11174.971721585684
64966,6243.990858514939
31344,12451.68778089168
64982,15814.004999670768
55427,12871.822352355164
49246,9304.928127367195
39114,24352.758673989556
16980,18802.612811305564
25801,15320.401677316242
34481,17041.938620342833
87167,35292.55778599906
50324,44299.76494602364
93458,20360.79556752325
17689,15001.314835587324
41353,22778.590986102274
74762,25215.36617147877
97882,50640.06428185831
43470,9946.0566814029
91158,4873.046319038547
81126,28289.180188932096
17611,13566.198076390265
33759,12589.549954968035
82978,19026.688520242453
95423,6320.990224932875
27901,9900.991763184142
75494,32080.362487532533
84651,19065.91076831583
15361,9164.47424212965
47966,10602.64686784871
96372,18615.471477056395
25567,18420.28442965594
22765,19360.74874810945
39450,8169.61169229623
29816,6371.608861744762
31146,17703.067500538637
70717,7000.325864630386
31671,10091.887703418455
58882,2842.609878239504
16596,20547.673247081533
46349,21353.197690544548
94317,9212.872441350068
80038,6780.724371282733
28344,11700.294788920974
49453,21847.901485594928
20198,5793.320690122922
54613,10060.88470008895
32822,10999.222491328741
49182,14947.185386679064
35315,20522.80982626112
74773,3115.6469044040914
22079,23129.82661037844
92571,10134.063893968065
58404,21702.18266992012
73355,10929.292643903807
39115,11168.19442148264
98952,21340.65624540775
96131,16344.459411822096
19010,22747.81219623112
39301,11941.770501662275
53700,7092.435274021394
59827,9885.739812813848
12465,11524.963269423813
65326,5622.47464568975
12745,14286.782051782668
95319,20633.310629863463
81130,10297.986686721117
87836,12458.94765327352
14360,7949.299223039046
31532,10484.636480078378
26696,21843.6137116753
59107,11163.813967833823
49782,34468.64333508644
35904,19375.06460816783
67550,6925.890465263099
75794,53633.72924913086
39211,23036.00563065507
83329,21618.47798845992
74815,14464.510809704014
88752,11129.37031570653
48984,14654.829244804938
89646,12571.55069238182
41598,17957.03962052114
48924,18056.622337621426
13369,15836.798930160274
95874,7350.02739651909
19651,13426.500502490078
73368,26508.45039102502
36449,14182.365343908537
58239,15155.439873998508
11482,18680.024043312776
21554,8745.099736706594
35003,27534.17414053333
24769,13048.330405556677
60382,29991.478819911514
29634,20732.114330685323
13422,9360.720065720381
36359,10534.489066669179
29132,13803.59369030118
99625,14675.208080875836
30181,17741.611215233374
72443,5770.011254937399
61683,20984.258303749833
52164,20579.5624119676
40204,11313.133698186793
49479,15308.214143538386
84908,43249.30572935765
84724,9679.040653074917
75651,19028.415054164452
42929,30097.700627382343
75976,2413.020931464782
99882,18596.572075943033
50388,17273.695588624956
97763,11972.973506499653
83431,12095.342520744634
63421,10324.452112986706
48390,25908.83621036102
63367,28184.45707477136
84028,41227.801202716815
40996,7435.462489294667
39819,9623.738190045253
38977,20484.561018475444
74437,12521.270357030484
72273,14131.168668561273
66981,10982.462474462889
20672,14371.760153276799
34025,5810.53449048455
30458,10118.939264522513
60099,29686.29399549749
12345,18663.00793958248
14198,14174.898313913254
55596,12410.740629891
44230,8061.478418306506
45523,25164.007989939804
28944,29000.21158612092
92893,21451.89392938167
19927,40744.74533274244
60774,6492.528329483872
67336,48715.562768785676
12600,10164.604557458606
69277,9960.46149786967
35162,20464.928909475275
76248,17768.993289201964
12658,14277.440285192057
72717,13465.550276924396
23539,18163.329584984724
22010,13338.261975635123
13846,14413.307500258663
40820,29598.461488702393
77251,12108.27873943342
72821,10600.306042974094
77495,9383.102421916996
84109,34908.77538319632
41165,12643.002933490989
52314,5680.322175345562
94766,6800.250796013765
77064,6420.810382530972
37727,17114.508977390502
76799,27954.60247968891
39836,10747.011599244315
86503,13931.276703118512
13057,6019.189885425592
22415,23047.2918132909
14651,58343.41793509736
42105,38570.514658401196
22873,15592.809647118484
48943,6318.073596085991
30180,23691.363032032583
41452,27693.712569323077
18862,6120.506155534929
81786,25043.91064873358
36833,8184.458676726714
46861,7115.401965976542
87094,12689.054266325107
26221,14387.73984188127
60324,15493.775637586932
31811,13365.232752260901
54194,18717.59984367849
82474,23483.326433769085
49000,30700.588269491724
79063,21178.123112052148
55315,18766.681383160445
45579,29520.49724645219
72376,11028.654441640134
55429,11130.461309904094
62830,17778.39836379776
54059,13210.180342770873
34253,24302.10196335897
73837,8796.4985667545
30749,26145.118188166438
30818,10152.017390202276
70878,14765.718509174434
33903,16435.831132575146
36469,29754.66564349694
48073,21829.577272139337
49982,10328.721065987273
23864,19292.61172205303
14796,8008.938267090498
84231,15696.997550248161
90092,19442.35641193997
55100,10368.011778121405
20244,16484.99030159353
23830,12076.29348651262
73031,34494.99121612629
60987,13185.564612817576
69981,26775.847866321783
29217,7245.626620631037
41216,9085.248708370676
25613,19294.813905828305
92677,43073.76619871704
23969,5515.522499982457
32536,7648.403067328472
68098,18542.557463422778
34481,16018.499158309896
58037,16651.78767777741
46901,20879.513858190694
20239,11576.56854336396
57177,1996.3595691924766
96659,6960.6618052787
92806,18067.90738363121
38938,14513.605536041385
28376,23721.44833653046
47782,22267.87275922552
11760,6342.0339754501365
19257,25760.708501735946
43479,10027.701815457978
87042,10847.90999671313
89757,6935.472293055416
98474,15495.608704827451
78944,36489.070559864485
59269,12790.351513260111
81447,10270.496378062788
69973,21928.534843140114
77433,7725.1530991498
42697,14032.324653069172
25586,28521.83800491537
99010,12124.951521118845
23224,30534.973445530744
67249,39935.01746414012
93693,17949.090016017155
51838,60888.32174366765
57948,19979.264110059536
84482,16249.566320418906
29251,11492.168527030391
45667,6068.601084136075
30700,12987.102862633195
12001,18531.115668832746
36022,30630.71098101675
37620,23906.701585493363
30078,7310.960184654976
59226,17077.64259875069
74982,10635.952409084613
98223,9566.88837235315
31266,12521.587413855155
14402,14701.359485164823
31760,27392.42604085697
71570,34744.841990037305
89918,19198.612609510023
41045,12218.273940557221
27805,18002.641148651903
37294,35725.497833007554
40175,19556.113547838617
30218,27644.43801912007
65420,21510.990597694847
18276,9244.824103035235
16287,29087.41590730489
98872,16448.019125246166
36561,8423.73890979725
66666,13805.638499093597
87106,24585.228670142842
81142,8921.082455206239
60235,25683.776585842133
70929,10450.507580109206
77526,6880.609419311208
40475,21325.723244812263
95604,9945.074812619185
59914,6203.940144575985
81437,5612.9295812518085
62333,30882.52604055382
86867,24570.004462189027
64625,37164.30846189556
54235,21275.511455321677
27614,15274.615691882771
44334,9186.719513734217
11720,21030.020681103644
87832,52577.7237280058
34522,29653.13240093385
72914,42036.56251667619
25733,32864.33177717923
69431,13848.459756379892
66101,18004.174087871743
74793,17634.91569919327
69268,32837.92145793987
58581,6950.112079069517
34270,23296.751658497804
46734,6079.057398753892
89932,21772.15998327521
27149,13249.411533084447
47324,4795.854787145459
26579,24163.451308243955
79650,31081.85522839999
73843,11979.918945876234
69569,11942.255912384684
39342,20861.41112577443
79767,14650.464428987689
41975,6274.202633679468
49479,8831.406131678095
82314,21797.07517564644
91604,1416.2052619685292
37584,13572.606632845416
88927,20989.83661109135
93640,27766.775874756677
64721,15937.60815784235
54896,7235.802141079652
14217,11336.005585927991
23115,29870.098850479884
91962,22336.137674201917
11511,15561.613193522184
54968,21564.205222619523
28427,7730.465138629184
63126,9164.63598901383
15892,35427.65037566722
81035,13277.168132679075
40154,19555.487520509945
72290,24412.865620966455
18828,14677.328127329976
17441,37460.92357659457
16341,7977.335683386989
60336,22687.618150848688
84411,22617.640517101278
70102,12401.907388679017
73550,18330.365730038266
16580,54606.4871020132
84322,13570.15687014522
98031,13110.394965428228
49780,18653.06106540642
23155,15616.206273895634
26633,10212.98388427699
50452,10157.719524472453
12822,15263.601919366763
75069,13905.797178735967
66342,17672.303445768113
34540,26600.135469288456
34670,15834.449364852831
38406,30013.850587433997
51465,12890.312471090641
69196,13570.15687014522
82277,10013.229633958852
77373,10352.136370507302
92065,11758.11599739722
56112,6281.268561585168
81183,12065.86139761611
17875,14668.329608693824
17326,13343.318334037227
75810,9991.183687964098
88212,1910.5350098516374
17635,35162.690658186555
49869,14603.007248972626
76891,24768.420240374242
14880,8353.912822686672
56973,13189.021893047024
16070,16160.578585683874
87229,4387.339251578789
69204,26925.911358099722
99361,17284.451100639577
74071,13360.55763521911
33313,17965.793127059525
31492,10500.806351476542
46455,13244.022489179592
25241,14662.605930400652
96017,21808.61260156449
68786,14177.429732079721
63443,7855.074259929637
97783,15189.662765203862
97568,7528.923745080179
70397,14163.933230862758
73263,19163.339389493078
83647,36233.29830233009
40960,10834.049590443114
59471,20068.174040190715
27909,14201.49731272817
84728,12515.716968169841
26749,30581.68046059717
16863,7797.21910535349
42222,10549.271246804477
87179,7675.606488898928
75176,17719.198816380856
54053,10079.477296919738
77298,17015.90916767747
51432,7388.017773383352
64250,9692.600338179778
24069,15921.072543321216
96557,10321.264598975544
19509,9217.47278112861
69908,36309.89006400365
18569,13209.465068491012
21734,17482.24082910824
91406,27728.53001142985
85170,10166.25122941636
13340,13534.608472520267
83930,13867.761992590513
66181,12490.381924839672
91995,15877.289540437643
97638,12380.198470452586
84580,13198.931816623015
48687,31150.97479299599
50845,25010.01516499887
39780,28335.607930523798
50453,14937.991835040411
59875,15199.745172689767
83512,11769.611823596966
31244,10914.226986369278
47266,13398.856232109818
60685,27417.14516157881
77462,25861.119464009927
57546,26596.188335467537
21771,14080.760093572448
84856,58343.41793509736
71909,31628.03740702122
37776,18775.81359519034
15617,25156.864359285853
73042,11862.87722548221
98653,17318.06104494933
53884,16855.20646802243
21738,23837.74758175597
66083,7961.076810233371
56211,16750.558247262154
82560,16718.274133731516
74231,62591.351221675824
68082,11296.088640554724
56367,21248.031778500663
12319,27136.004452614834
30629,62412.59954580213
84094,25691.00272528435
98704,21743.229574251276
91845,14158.788820396278
71932,12414.068484397494
71240,32934.87595835241
85474,13226.93471486924
28583,11198.748216562502
81701,12737.599255966485
79697,21701.638544257232
82317,10823.15986264533
57241,21874.256873140897
99058,18874.34971837009
60932,11752.25579193312
98629,8548.68566968423
78315,11545.801969763477
14603,16294.428777297875
76079,14183.718669187761
64273,19863.430346592653
53659,17236.584564569162
12465,11173.266870889573
80678,6666.1615654360685
31018,12750.981044557533
76877,13827.131219088733
83086,7380.60319858537
97172,13899.766914905073
16868,10165.733971448117
34469,9769.450044289466
82407,13934.648856054657
86920,18112.553770625615
18208,10960.418562401292
93618,24730.9902112818
24846,24874.993212385016
11327,9504.655470044203
95248,8803.178688879936
37939,13784.294679857047
28222,9326.952384474273
17391,10130.119959467824
10716,20177.72117541695
37289,15019.276657601004
40697,17013.917994873413
59195,8214.394712314555
71322,18105.819974424172
33719,13466.821585110516
87859,12513.743086875655
73832,11812.372470153554
43246,11747.379277790533
24589,31842.11481944585
21290,20647.12096797717
62392,15848.916587255891
93020,20438.96295382794
54685,33445.39250292389
87131,18379.728271790962
34844,23808.80834960567
69818,18623.798427526563
89333,14203.623757589829
64799,8223.698320532383
82037,11587.914376177541
75640,14404.107663967527
86614,16140.928466087258
36423,8761.490175393536
70859,6109.216041293343
76126,10906.798213173935
51984,16892.82162974715
81147,20011.20885181079
77050,15946.184085755343
42161,10493.185831701658
43739,12533.201951541345
26288,36973.71461338989
60084,25157.85551567346
99709,15719.157775119074
88140,7665.606054586036
59879,32553.213145998066
10026,17026.598575941294
78495,21663.814140474016
22632,6392.910974934961
37529,20356.11685162585
86705,8860.972821578269
26931,10928.515705986165
82765,32008.274003615268
99477,13664.456260305531
41827,7798.348479934417
31321,32632.755701180125
98362,7455.159128032463
10294,13903.515541602512
10483,12265.580281630617
48458,25885.20550609026
98382,11461.739438689794
38290,26922.545203514972
81001,8764.93286329215
70799,9704.97555133086
18096,9504.523186059374
31814,25184.40251298723
42889,53222.84977658669
50163,7486.172550410989
11692,11694.055619831157
96109,23361.630755848535
60461,18711.98685584561
73145,20072.525028645905
61722,17049.85285771063
77099,8662.413123726481
24500,9436.379959515863
59390,20369.575357865542
74690,11972.69491744331
17237,10975.620499113902
36138,17787.878776038786
28447,17479.114565175263
31244,12819.200320532696
41969,21315.319695406448
33163,14673.38122479691
46594,23168.9337906394
14427,12005.626087386085
60334,31216.33678478432
26870,14047.169170759476
23143,12935.341016272268
45895,12467.009640625689
89352,19999.23231875317
11388,13544.659853032616
87618,21880.13926379914
60089,13809.626491381045
79110,10301.907118332078
14125,31579.18075994956
47765,21485.208542839577
18768,9269.716276045196
55093,7481.430474588104
12928,12260.701624055637
29243,33252.43187224671
70470,20471.488924950212
39932,13518.156057303744
21256,22191.36021034875
84567,37611.640360372636
21720,26783.52451088451
43926,14464.014811302648
23128,20640.199899529587
65672,8559.71774281134
34174,10540.692060467962
29020,13307.541332068735
86962,11386.420474427196
90054,27162.729183298005
85888,34166.64560595117
27773,10578.728141264888
24835,9123.213623949989
69776,9792.657732717293
43178,13715.754253668969
68921,22784.53281219347
42142,10266.302838915446
67903,13797.610012599158
85689,12815.059397063753
74542,10003.747971669349
23159,10663.112020818313
46412,15794.525861572287
41914,15034.626232721357
23050,16055.23416140653
72238,38220.8527933204
51553,35730.31752030625
80575,30421.708095832826
48881,25185.982201930947
18693,10351.575440324785
72634,22762.453237814294
23254,15815.429301461292
27560,32961.855312674976
77843,11023.31785144842
56059,11145.107033100885
19099,27583.124500332236
76475,10883.303977596861
80086,7371.618251616126
67793,16472.552336143457
29367,10626.403360563767
27695,19586.596733237224
14293,18015.96325025159
65360,9281.322997895815
11922,23470.80399045793
86249,20241.489610044
89598,5147.452318115496
65352,15376.095995717144
54313,22938.214934947715
33417,22607.817927564727
54268,9546.619750732621
48186,9888.155112376888
97567,7220.824411751237
43976,20766.83334527212
22158,10958.885510119919
47727,27588.40859201801
62854,7503.802718495519
71345,21060.67106623583
49726,11367.514464350774
92214,23453.612958179197
63700,29909.180952612332
23778,16290.122420941683
42384,23475.66575112056
73201,17704.611438985186
87775,5564.210345757259
57173,18567.907386900344
45695,8922.112675070442
87335,15906.092430085177
86196,6856.346104867809
12924,13480.439752985561
40961,10120.266584584166
22989,7092.473740394693
29931,9990.963350809467
85370,6092.711192285204
11150,31065.113194335703
43549,17044.750294657475
44556,12307.916785150459
78209,10066.01764548441
86747,6682.662942893625
69557,49819.15628899117
61669,20610.983886708742
21143,5234.971869856594
12998,10592.834133917208
50340,18206.838909204784
68375,20483.086469072325
68055,25883.85859489028
29397,8409.557883172358
94020,14429.453577584618
13229,17323.025498773994
43532,9587.718589486152
62489,17605.48895421219
18220,14134.790910103884
21377,16571.484412263195
46913,7375.9661422283625
86027,29889.275707273024
92553,50984.945902976535
61924,14737.762046234646
73685,14696.161605835347
73075,14105.461377682483
73340,7102.032339968106
59101,43268.88181454131
85709,10655.8801281968
74572,17385.64202364819
54923,19954.94970893652
46439,7312.05641598291
38913,9763.761150924216
92630,42967.76960906718
73297,10587.878967143344
93242,35474.51168530078
73591,103323.99286866133
80147,11558.111390485024
65351,11817.85537293444
41739,10454.361494684475
20500,11578.459699046305
39298,7601.69155332632
12588,27226.183611740555
94010,13323.166644212986
84802,46193.36658830217
79473,14478.156935620174
80512,12125.170422558016
28430,19965.728366145122
79152,14306.201592633537
25808,19308.503763337576
12037,21678.52756517318
44468,20542.078448592674
74303,8472.156728770415
19924,19763.038475821708
70674,9631.624123269026
41570,13404.325804497606
41843,10792.777504015028
76164,15560.349467157455
60779,14559.834167240602
54733,10604.614910030103
62120,4309.071460502206
35598,7012.758614145056
23097,18623.798427526563
11076,8940.062050085802
96196,20744.992509934345
17690,11768.75680378296
37298,15378.798527867162
55581,15691.051914015181
75200,22460.018304024605
91993,8963.066196257798
75200,34858.78918458578
80780,14729.436386441917
43928,20641.694118908395
65280,7875.503865837976
49560,20482.661674040886
12857,5382.9107166842405
26101,21171.01739611743
44935,9672.168526800016
10334,6877.801406695986
33602,16869.260448551602
28921,23758.89095783414
51090,11878.275926918974
27855,8524.310225039022
77866,22076.11242429162
22602,17648.00201981402
57641,19769.27940992869
46520,12628.63917700322
35043,7620.908427223665
25347,11385.412201281753
89875,7619.339114685383
89560,3327.287927616444
80015,9585.40598610403
61816,13598.179595249456
10052,20388.001947374858
50524,24585.228670142842
98727,24300.65750787867
48018,30070.51191506215
61385,9438.227659263317
37641,9358.796372004817
97430,6709.576162186293
42207,14986.344263085393
19620,8710.931537988054
60865,18400.707004334537
56513,9229.075636588655
21365,5636.387029618327
27117,7658.057078222013
33132,10478.658296357728
66299,19436.30478831264
48603,14948.022334573656
23097,18457.0314090813
97750,25483.65246172015
18910,25282.23927826435
46050,29079.79747235231
70698,11375.642175765617
95153,19757.495707211077
46256,12204.18995153048
60791,21205.321094744344
84632,5729.7121690571985
66973,19561.005178987216
30776,35578.6508771065
28832,19813.75978071529
36935,19855.50967728156
35507,9102.102418196366
39077,22970.65053669323
70218,19949.87635996058
21476,7737.814309927699
21222,8628.237415369214
93292,22081.403576613546
42375,35350.597764632985
67177,12661.256741424719
59486,9964.179264598359
16441,11366.71662763928
44069,15246.243455590502
48188,23821.456948779
14774,7795.17559936776
67550,9707.322083153837
61127,33265.2274522939
18503,17970.853394080274
95389,10323.022546605713
72458,21329.17042361678
87453,12189.277438360605
66563,6466.743098297153
87929,25005.862787040744
17827,5088.401724052077
95563,18398.381437632146
69423,17978.942734842287
24744,26215.44922578247
43668,24599.71237088035
31307,23954.503449770913
93515,23023.384638624953
91011,12726.97766278433
22103,12782.892390166182
37626,16772.95378572703
49877,11938.693240485947
46681,28044.49181526067
60211,30140.912696156356
70798,47103.46913234479
77047,11444.09842514218
97273,13240.316984325236
67291,20891.443149675437
13347,11445.8844595741
90073,14993.26005519087
49776,16813.971135776897
95234,15097.469668547921
86043,16060.831811679862
28160,17080.14301598623
65475,14229.68446526006
19448,16056.01609932384
76536,19178.70842255391
24181,16378.33157130317
84523,30154.138709101717
20141,8962.916386466697
51780,24094.45453051591
84806,15037.920148290135
67715,15797.51205653311
63176,13828.07781078767
39286,36677.84768868153
93713,12300.173704068937
59909,25210.284459476414
40556,12869.455770973249
82833,17013.05269837812
49628,12983.018694279672
73538,17202.63688446123
92770,8293.860197903448
38573,13980.08577800105
51417,9413.177986889588
43340,9954.009353596113
27860,14022.840865361854
33293,6964.071197213441
32938,11340.253432772743
12486,17459.55285754298
18543,16864.0073358755
68483,16103.833235469625
84740,10075.50793204149
70517,15974.433222367417
73358,11059.984594304693
11835,15760.966382812161
21744,9291.531838221254
50769,31786.83397417303
94676,22807.803673083246
10892,20933.55920429331
89416,9555.562192225148
74911,25686.62848113627
35124,17483.428092656533
55706,21282.267799895242
38683,16602.357029869203
33317,10412.634532358554
16801,7408.491544533246
80389,8400.322118595646
51447,33081.45634126669
39945,12446.9146574146
90729,15783.947502173976
79658,17232.582000080565
83131,18110.77927692874
29874,14996.340576789109
78725,10730.61481508255
77366,30635.837928887955
80650,23721.44833653046
51306,15683.26701700997
25885,9500.989281358863
41714,17980.372315881556
69633,25707.597995523865
78414,24614.400343502573
34499,9314.660068941215
50692,9158.418911112843
13348,18921.025688209804
82684,7873.382447327269
47746,9845.064949558975
49575,14414.391745886012
20107,20487.373519382174
42435,25120.365462891546
12774,25909.724588945384
16296,8331.724034892673
36389,21262.582001304854
77590,10966.835321802915
14822,7953.473266403016
50959,11980.298415222527
36594,23336.908087969416
56338,37593.96872136639
13835,16607.074169455092
97017,23435.033080461035
99884,11136.55729384082
56550,20472.04653325358
30340,19015.981134112997
33651,17570.579403728396
37293,10660.80047443453
75490,14326.753702492975
14277,6451.033508862096
76539,8900.975031237518
43872,21723.091071929237
11207,29395.729433323504
99026,16476.137031756887
59386,14237.476431950075
67466,8901.22876029997
74922,20540.43732196964
27657,6901.25316911283
67733,16664.553221451933
41126,12829.040558786932
99818,19295.13026227658
61643,17523.71274364592
17520,28095.091835564846
44502,12878.064603520035
72862,9691.62168943194
37831,13100.374439331306
49786,25679.542602900015
84973,11610.549314104577
26350,14670.021417253589
81357,37561.21608467746
65185,27980.394644803266
14846,16034.952342107203
16903,13207.329643698014
26691,11668.382522731914
43299,17454.05251202354
67576,12386.835216281395
88498,31098.250919234168
77918,12980.97394071689
86448,13233.13353357227
20781,12613.520614222274
17387,24650.88355329335
94990,13553.45167985473
15746,15063.514408032353
10414,26766.15722569656
79487,10019.826166974457
32783,28928.431561396133
54379,10787.537160346432
86043,11643.485357100506
39813,19424.009213763096
10120,44302.02787451718
36179,22805.30333292616
51294,22556.94183020122
57764,27319.966659035083
67274,19168.72691223195
64680,11826.113475417678
42473,11973.87713890927
32156,19414.784366392578
26859,9542.168880079847
22639,14439.027756637444
27798,21439.533493111416
68972,21516.97133853953
11408,22625.899942667962
56458,16248.459955355514
86957,43188.789366039746
17617,10913.63692741447
44296,22249.900309508837
12071,11165.925964317481
39431,21378.77520260093
43483,26285.299076995318
60097,6880.6072810096575
35277,8020.013155134442
65254,14514.337449359056
65667,20943.12237705949
50970,10700.812344247674
69368,14401.850835407957
15968,6447.540622483204
30108,13903.66691933565
32782,12589.549954968035
37361,22941.371949361037
66518,9075.094839522924
75747,12214.695621626608
13882,7875.597192664798
11201,9554.175423547078
41038,23466.841474336707
50203,7208.880185936559
86585,26850.1046115126
57961,15795.1117784719
71640,10895.435265512471
23148,10002.77459363723
57988,13987.628601093837
70134,20977.41134046278
43059,32021.26072196181
54869,9151.795582649744
13495,16865.18194059563
57384,24864.43454879861
20337,8088.175088780426
43096,12986.98030850994
92671,10017.208121390062
25844,6745.2147442478745
11489,11610.778901945008
53656,12135.400240633131
88199,21605.732778019246
61210,7983.628799879751
39474,13847.882393987566
51906,2082.770938530055
11173,15402.501987896714
53700,29342.12297833856
21827,34850.41055444874
28017,23636.08687439008
50479,9886.737558164743
30811,10088.606139383995
83433,6944.098812483531
19674,15664.949397601904
94276,4978.72638481236
63241,21800.565449463273
12694,9328.107410215875
60222,12345.006417279903
95577,27818.263923873987
99085,11590.150129578717
49084,21213.04693542317
37041,6309.676089553001
33671,19119.19510453053
38277,20517.364543942556
34961,25707.24203635259
85778,9600.498725985424
99776,9046.162820838614
13630,11374.935126550154
70042,15215.85493012472
52762,5458.396429309734
74047,16187.95450443395
71138,15748.769162322393
22154,7084.7358149998345
64822,21039.154717958598
88386,38190.564612791255
98931,8062.660877968989
36749,18889.865278091882
18498,13107.03243350835
20175,11393.684911682207
62221,20360.79556752325
51068,15984.696895072966
36751,11722.920794939178
36513,20000.98919168225
80331,6279.127036935701
36062,3698.3702339810407
51947,12779.6102400171
67315,34806.02794383782
95964,49555.366413774995
37533,11427.503330294761
64718,14326.346503674691
74677,26418.93571829568
83113,14841.49810662219
56997,10174.215086840897
90244,11097.548655342187
38129,6335.237435918989
47758,9501.40493347977
41682,52220.90111956332
47795,17378.129926998132
69252,12168.551619895788
53360,43845.238730124496
74392,16102.13252430325
58058,24829.09002826854
96193,16100.293764196975
47283,29703.848320867797
15220,14308.877319611272
55537,9893.519892626111
59921,12746.15218398039
37180,30179.183559222067
50155,30685.304324237
82350,8479.01108792889
53282,14534.416005798359
71804,17363.065620678477
96947,13823.514229784894
78350,6438.562246572896
34053,23197.021267716493
84390,26701.79396970106
52564,11520.34492037334
93300,9759.986554722971
26677,9126.546874628157
30664,13971.945500559184
12290,11372.461316456127
62165,10233.672975114503
99504,11590.489204591984
94061,22450.203745849052
64446,11447.146447568492
86325,13390.383595030462
46662,7828.763849701529
33712,10067.702859147746
46322,12502.296768423861
39619,9259.547618853772
70050,10208.514402153636
70964,8520.587526402353
19908,24996.834389772073
62853,13441.385325729138
65584,32650.15973559177
29625,21768.73745993695
93191,8717.757068329822
92688,20678.29117223179
93051,8554.341202662597
45410,29710.42450793142
45790,26396.494103331974
49539,7816.005946144511
19520,9049.30075083761
14164,9341.806938977425
67053,12910.884213786601
49193,8471.04606786132
67243,10432.61790434066
19291,8811.39659031736
62603,4700.918003392031
85960,16556.305361945506
53743,32568.87447652883
78413,11258.18242372125
78090,11289.391410850953
51108,9533.217253830366
30546,16147.337698577076
90711,9903.514617413623
12822,16698.05976055089
30297,11376.07108820413
97065,15256.31955789631
11517,13258.219794236511
44206,13620.61882525285
16292,49153.14280152113
71059,19702.83113518403
49186,10617.322228065663
86110,10114.364290823578
79278,44523.17406275796
21097,14869.75868164045
51600,10441.831554760396
36817,10232.900397746276
63879,12294.498440206964
94159,8809.26359430018
65158,47220.101925519266
71932,8988.766366030868
71165,24091.306492944914
47799,16698.05976055089
72145,11033.409974417631
32583,12654.674394713616
75105,27048.54427953835
21736,18927.313249428807
46837,13968.08178108622
74156,23083.552553403835
64903,15537.490682510559
98844,20661.566012115305
68078,11543.246093822327
64369,37298.001351933985
81763,13715.657138253631
23373,13300.823603295392
46979,12085.185363099336
99347,17110.715581988905
25538,10263.696276815743
42088,24759.059700284004
36340,14684.942125209382
40297,8419.517569616204
21389,11462.943942016931
32287,24876.179699708675
52141,14404.087334763988
38526,21991.974031823076
19640,15090.555065126511
12582,11216.51206945273
17793,17136.451726245323
75851,6946.496833972513
85031,11655.573156282528
93918,20361.849064733655
11145,49539.00174918336
31378,7507.829131541283
18703,6118.8797909984005
73535,29878.15355360033
20182,24530.325594177164
22658,17083.431994640985
69655,10843.170720324872
58805,16680.223160839214
46095,10572.732609398674
21484,13902.370258850391
19881,8061.199428445736
88119,17934.391470416635
98266,33118.56207385697
58182,10617.877128181059
52800,13812.78569193136
50210,17136.451726245323
83591,8405.564023007084
88567,17845.086086043775
67340,29836.914405218224
93648,9837.979006238094
68492,17576.27779624478
63504,12447.447035187679
91659,9276.050827018153
73654,12188.825923974442
76975,15170.589728733703
27945,16145.24683228466
24769,30941.26498541839
21159,8291.178389166933
32246,17725.162214820575
10368,8454.694438873126
44264,10157.071276398092
57841,6230.3560205907
99516,10102.038102272123
87373,22927.68358041198
60343,9039.650777002924
15640,37162.306679104004
58468,9928.741576397653
93377,49133.53366794151
52646,11216.51206945273
46954,26916.812818154736
99918,3891.633075411428
49566,14468.835017266807
53389,7836.6303812473
47438,15111.527076536964
54811,17560.49545730361
94264,26992.392202754505
64936,15779.090452304892
55460,14055.920419474616
87902,24463.91942572412
46214,9949.161376742066
91851,31289.18491436255
41207,28556.447470039595
62763,13234.794865803224
69563,6013.304103905155
78503,17488.900566974757
41490,18857.057731856647
43426,9587.020265450728
96677,14527.323861840125
26645,7261.0117204354265
87079,20507.275419894806
46505,19842.771181415836
90709,11424.950820141607
28175,16025.998624921935
67967,7097.215446619655
21180,16357.046763822622
98450,11725.388589020433
96872,17714.45331667732
27511,11396.674424522495
94980,20893.209698019557
65637,27861.394129336062
27111,23151.404381161505
40322,10377.588724956036
62514,9818.075322243563
27898,6123.464212382269
59268,27656.118212492853
76822,32632.92759742502
86400,12511.79195793865
38011,22353.181117918215
85526,11419.879379767188
17896,7891.246064186074
75040,8259.0465749273
87523,14414.00394677194
61875,14940.76830342578
39276,9678.577880566912
15009,16097.34951331783
83287,9550.274726693304
33321,10576.073558525899
63773,20654.42831923721
50228,20175.733615890887
50996,13473.324424093233
43146,11509.287743314539
10501,47640.84485037437
34554,9333.4809772271
31642,20373.64761280376
92177,15150.475747880115
44510,11789.119674616799
91893,8943.380601362333
97772,16052.05543589524
88594,11222.267726275084
52801,17778.073638096805
26256,13086.927528552476
47983,21037.16712983736
59281,8693.884248290547
13541,25108.891209232846
99634,27158.119348737717
63158,24845.379724686907
39236,10349.015520642719
71539,27137.78189454847
37814,13176.762190382537
42825,11480.394120024146
64694,15109.765327494231
12869,19550.896081521045
42751,27500.122122740846
84673,13403.280966392915
24948,3848.2074508206006
39285,24832.114649013165
96795,31090.43991005821
71039,6799.03315985207
13084,11855.864213976474
10506,22372.157614430776
55575,14414.631157489184
28423,17372.458972320877
75073,57370.1210457133
40807,10073.815057459564
57596,9272.000629702594
79203,9909.885148088333
99228,14224.585026614124
57706,15227.274553761305
28830,30484.26824904933
30308,10348.177753550553
47557,5817.343347449683
52597,15770.537317595174
22965,11924.83070533441
65188,8061.844220887604
93526,9776.63982363847
31400,7890.434982023169
81459,19294.960131457814
56589,32833.72326647745
38799,12560.832879810925
18150,20699.180189596478
45722,12354.81814193865
79909,28418.35123252259
99248,9077.137204290753
23433,20770.783935924293
76239,21404.19204506945
23857,10262.733145350583
97474,8515.090849309192
69418,21924.58114896766
26742,13055.99430392353
42181,9396.675010295436
47397,16521.108651223152
46775,8313.632499143261
66298,33686.470062967535
47781,9676.702239076221
97715,14573.977135823512
96812,7740.439184114612
21334,13182.608905548972
83340,9291.35732985205
38279,21372.217015248807
46715,20901.60472278794
44124,8012.441969891401
17406,21836.74468214721
17042,10290.45051600737
74679,7866.017507851604
69754,10100.665774838628
82364,20085.647269206747
22768,10610.333051669963
74239,24539.116548837235
51079,7798.802927173094
35053,15430.638765813836
82248,12541.270562961992
19074,17984.610507442994
89130,37946.51802509447
35601,14209.013355301899
60014,20987.492768250097
25245,7719.205834079417
41531,16097.435582129403
53525,20325.591896798534
63345,17547.235907709735
56917,36844.342208571215
99564,9709.710277860162
11056,10695.831525025484
88432,23637.569220567846
81604,9799.745976944376
75350,30030.67157604991
60859,30137.61389110131
70105,16242.837105774512
67149,13097.430322012668
73130,19264.222709905618
65107,8629.068313006133
16240,11573.36903759266
52526,6560.286826386577
88428,14690.869817632894
55919,15537.208181381771
62343,9340.88630207433
64236,12364.950068993976
44263,14937.702769115896
67934,35976.51649378852
60370,11474.08157601239
56607,17687.093722200872
11016,23134.14270713118
66772,11436.827746811723
85514,12048.27087266531
62891,12402.542887224827
72163,32478.485041399093
57330,15531.164065569876
37859,7680.682082056053
91751,6247.882988145961
19741,27788.638022339812
77286,20830.54474523171
14901,22824.432513943444
17837,25455.286898894876
12150,17682.023672153064
82339,18171.353843851575
23560,14026.768765129349
69101,16392.144402509806
64795,23638.57570170776
92761,13349.88332843162
16698,12407.040645621946
27121,23804.795169581725
76632,17110.715581988905
58933,17588.096382068325
59494,53209.00296640303
30681,16563.748328780748
97459,8280.281451914041
67316,19187.83631666554
88332,21347.45417325753
27078,19141.43579299758
53664,30605.2734757025
13420,9659.4707207908
84850,19667.142257702577
83733,21666.009038416007
15481,47360.7119761645
22692,11876.978039642014
67457,13228.524399274882
95963,10286.230871836218
36641,13832.063214300157
22750,19237.398108982885
23297,17455.892308974537
83842,18891.256624597234
90904,20212.43590072176
36382,13642.679278093017
34102,22601.06575201269
80114,11559.765532778485
45123,23153.493255185218
68642,4556.449823851755
71429,31094.707095891106
52615,18996.967184547277
36198,9530.044005121355
34960,10111.716808773179
71756,14668.83587922045
48911,11978.752625459669
11302,8618.380528221693
89206,13032.494582956884
81063,33031.74407589203
29675,11672.719373881155
81741,13965.677355183418
20641,21294.23078251464
11254,24919.487784003708
11833,11125.662298384283
22606,25515.988849611706
19811,11701.697905450754
69603,15583.750817747195
57768,9698.942037049572
25566,14909.541728554304
21211,11696.34214906688
54868,13083.39736653622
24236,19488.518877621238
47168,13737.931530103979
23924,23761.17768840472
17420,11032.200189180476
13097,16142.228579408345
38305,9149.449434856419
52697,14407.510940459291
28010,6556.252316722004
85849,11879.962069822177
98811,9188.642375617965
27131,7649.384676049816
72235,12835.216249335146
45700,10248.672999538998
55878,7340.336986106653
69041,22205.900445239986
53661,25379.456241417025
38143,8949.834960910674
34880,12047.22920648125
80984,8526.304311763959
38026,11126.269653812986
12861,7938.279395711144
92073,29661.343963397514
69719,17692.26335581188
22708,7588.076785890276
33557,68059.75592869379
62236,7941.224832416965
38991,15717.788660538237
60078,10106.68478915967
13306,19073.398329216638
37134,9521.209075672457
81865,6943.193505993031
56703,16689.492016108357
43274,6659.613881080861
17810,33446.82369259346
41847,10980.90402200833
20790,6889.93404588794
99650,15544.069886194415
66238,20683.284100858393
20118,25215.145634138447
23533,19911.610916015685
49083,19640.170231937078
80382,15938.741576221793
98475,11077.360039737214
39007,4675.157950917623
78237,14133.020976512436
98754,8233.450022200046
89960,35601.75018283933
78966,25795.613847086497
89505,9175.407154648889
52333,8436.119160897713
98148,9089.943768609515
96248,14584.810638857221
46256,10985.45141339233
93258,21068.039312863948
37879,10370.52425465762
94874,30925.760675968537
71538,15829.856584235058
75463,9884.44207038356
10810,9597.361961575927
23122,15740.43804450686
47681,12357.73073941274
40699,11153.910812424208
67142,16943.501465932215
36537,21584.282887358942
43351,7176.587061596585
25695,9635.46874723688
88993,11315.226932198831
63536,11347.695524281386
54490,21398.266268897278
34198,17344.853765681317
22138,9453.793953152872
63196,13225.70815294523
64707,31200.557336566017
59098,12801.370619320438
35780,11492.433839745003
10470,6657.499048381111
35484,8842.876775019999
91110,9568.71671680067
31015,21895.27426019099
70825,12598.011968847026
78575,35639.55198817182
21126,23592.05429516796
94711,17169.186359966563
39203,11473.8491134975
86022,14599.580737507811
62568,10438.626572115512
62363,16377.025394793816
81366,3311.5537802866675
56536,17839.60613772936
45666,10821.02546267428
41420,11876.978039642014
80164,29927.857251753507
71357,8472.777914167598
61219,15941.560874946279
90540,18165.505091380703
51942,11162.776349757874
26731,10871.870701730082
75218,8828.066010607712
78547,16794.778893400384
13502,29760.06307195347
91945,19161.229925213476
33360,15635.603099871696
90771,10544.536795407079
87018,9600.498725985424
63392,16160.578585683874
59476,22564.572637348385
56718,20973.78650172497
85385,16395.57261043505
34200,11181.165929276995
44831,18803.893587208393
12259,12769.008365056627
18047,32840.86177836159
30349,9989.555212883919
98714,21828.00001234235
65496,15178.643691259622
74171,8442.80364458209
97962,12380.939906267158
81821,18045.205977563804
18160,29994.573412228347
83119,10755.119895614953
42797,10131.338219460331
91453,32387.183735367696
27277,9858.654371567318
24897,7801.94947778869
10495,15358.225777135693
65983,41491.419187237465
95932,31990.63797780167
71242,12988.893423870493
50677,13722.183173775982
47705,10247.733449242303
43080,13952.263417027116
29423,16570.919330142864
62597,7786.625961143698
51796,13692.684250308985
99949,15907.868669308162
58191,13797.435798951756
22123,11052.884805079833
87921,14925.701747434314
28194,7878.153448349685
64666,20710.777207571395
94184,10893.414432814798
62004,11873.049707596989
74962,20101.941612447623
47233,5687.687339487637
73257,26595.180697680837
29821,4575.265946159374
44814,15007.343704451532
93135,10455.795349852353
14712,10436.75023125796
34326,24420.67145719262
27248,28642.737899641084
57211,7269.248308904289
50402,9990.763161172596
68696,21367.242596522
24590,9632.554715873024
47721,18215.863391753493
22648,13930.899998678111
58950,9863.274278705061
32348,13191.919320708099
45246,24922.302964192397
99487,13731.783540503397
93081,9423.866082740511
56953,26846.74436972094
73978,15429.226276112076
52687,14484.11656656237
63862,11074.228283713968
10703,11798.210978897125
19146,10330.207798474323
26627,23186.356245119932
61168,16566.49088348672
77218,15336.7281873487
65985,11949.243041472226
48927,7193.365379129536
20646,18913.26467458737
48193,14662.988438265587
54753,12092.05244002639
98897,13294.375877407889
15644,8502.236556550472
38753,12882.602619316138
53763,5008.820881121115
22657,20891.29039054121
30999,17434.56516555327
55077,26463.32527878649
74388,28710.073791458046
40007,8457.3745144481
81452,9530.915233223564
55358,22488.118780405384
87920,22681.040171224406
53003,9032.125123233589
73465,29807.297918976656
76046,21172.549077718217
51620,21062.150185174076
89559,39086.0788016702
82913,15270.145780927702
23126,7426.499768670719
73612,41296.63722167614
25283,16868.000293856298
53200,18261.974813158304
55038,21048.38288926335
38533,27428.44770921924
21724,1166.3881052817433
61769,14506.861387998053
38466,14602.595510222389
46098,10858.632199961614
73073,17595.74229530774
73134,7928.315229207017
29621,10853.605616373756
34597,8850.373707110117
33663,23880.186360775544
56902,16942.5948071502
15739,24482.970114377273
73541,28131.69229289971
62112,16683.22186146847
63332,28709.99672662987
55510,17342.700096207715
34011,10837.051708426101
95359,19460.247418211024
73957,28988.88473713994
62689,31450.306058309063
71073,14609.999140517686
25067,11531.948967025754
80887,27098.880088222806
55835,19028.1889647539
84050,11691.330225254937
15651,11030.669265249506
64503,12866.235448964277
46507,20956.2743064546
29140,28058.381827884376
88485,9455.868588840582
14288,11470.214408810281
19412,19465.46518399731
26240,30129.479381759204
16752,5510.626234122254
27320,25292.332893111707
62071,15204.104224294055
69008,13361.742866722121
92884,5224.453286145097
46659,24245.506782915007
54123,21905.060053504363
56567,88447.44503303025
19902,12616.152087915576
60124,10296.80935895181
19971,15369.15253761023
87735,69237.36781324983
27622,7830.805879978541
79913,13076.628209324872
16876,12468.69088676816
70082,20570.406407735285
84449,9863.274278705061
53263,14212.277171141779
20180,20315.68491275713
42695,15544.322403501152
35197,7312.154108334813
13461,8376.366108991928
74116,24095.03050146294
86662,8396.595118837831
46775,10111.056461629065
79669,16655.89431294268
44950,14314.935553077994
41657,11594.246824467391
26343,11480.54134077172
21797,29229.632311827885
68445,13499.00025758968
24269,10047.83667041492
22139,22363.31184680902
66069,25997.044237283833
48118,9258.024947058333
65274,32679.118676891303
47871,11102.49692390208
66235,46076.746326931476
69084,11633.377315662085
59887,23769.567273448327
72468,12294.609872325913
33811,7451.642728560504
67666,18171.20180705651
93825,14420.374202332596
71547,7373.712879231603
80396,18927.550444293054
66564,8748.618006685847
31029,18133.71055283143
28474,18385.00818620569
66313,2939.9922457471293
36165,10457.735752200042
84836,13213.218745182598
10330,11497.953337161456
77810,15438.823378846344
20250,18357.089525736475
19594,10838.355697545127
93092,17953.816271437012
32087,22053.842191574935
51033,7509.975991481027
60561,13729.35019727597
58595,14704.852602103003
72393,16138.822577982268
13913,16044.184852481776
84592,22547.152242612254
36457,13561.654492380507
84950,18360.12666179811
24246,13461.06627534897
89861,14792.978256521059
71882,16787.02298459264
48499,16815.260171473834
16629,16168.701800197954
74394,6329.932041016775
29972,4259.663930026538
86341,17574.591350455114
62795,7707.826791727894
43082,16281.713432617566
21628,13183.45172913378
81828,16194.996714695977
16171,27637.047372099118
83444,20199.94014718354
10783,8035.19210520088
76193,5543.583427749098
65938,11134.12568521456
83544,4875.496032140118
30786,14238.819241697864
37659,34765.13881393631
51023,8108.107781920631
52712,11570.10701336163
36887,12908.302167513368
88194,27174.703054715847
83317,5757.007292423908
48236,10008.510580217247
55925,11135.404967465045
54446,9516.44560450517
94866,13902.657930961344
48444,24652.603242710313
78934,24449.668792076733
98669,27332.87075126583
31448,25857.48797130987
21789,18124.095124808042
26642,7502.661740246129
60030,11434.284685777133
37328,8019.2963446878875
79797,14534.16522783768
64677,10738.863222736658
78813,22295.16270569464
99756,20876.83052646629
14721,22261.33030747277
59933,12511.322237615776
66815,18306.97801552249
71827,25447.750634912838
20487,7906.226777548605
26068,6683.391233759248
46031,45857.015729786086
16976,12723.362875890427
52733,19095.254483737295
17478,9285.519788785397
69032,10573.542629986547
57355,22408.63050536665
44224,30184.68335632774
42750,13396.807674459104
77741,9573.236653941274
34989,8713.7005010822
65199,7884.876859335009
87481,10319.501429679978
95756,12143.994306235021
72586,8378.870776260479
89049,11731.468593142497
68701,23576.333636630396
16160,12550.560976803215
96300,15373.164480011028
93874,8259.120285430334
40881,16518.04636951048
40412,19505.38326233686
36548,20853.049453696516
66010,30997.672801392917
30654,29783.447913019478
34309,43101.829558621146
45388,14726.79863138231
11790,7088.079759946801
20526,10768.276329725573
34653,8100.75857893851
72640,12434.658799062816
60048,16261.93528250806
46775,26851.870099069973
74686,16016.614443484785
13936,10026.791692861327
27412,10003.351717207966
35817,21164.003764323294
99562,7094.121257232322
46651,15805.261438175203
93359,38630.47291900893
22130,14668.329608693824
26916,9042.701659124948
24544,8160.730683261987
76968,9632.776422325316
19086,12070.513363644215
69892,13795.28801333291
97516,13093.773671621575
77089,6095.835038821819
98041,6712.226883960382
62802,7810.801487448636
82475,9819.532788326558
10401,13882.67071978905
48512,20876.89996710822
48144,15072.480326570729
96539,15781.305465532732
42414,31104.177753480148
88223,7117.908601412222
84220,19722.673562615626
45148,22363.904187340562
60272,41836.59649526425
73349,15114.201454477376
94617,19736.158173765885
28721,22072.089273295984
24752,21473.949409681343
37880,8471.043278341238
75872,9646.12129533365
58931,15703.834464904174
82212,28107.31227379966
26349,6349.513195357798
85597,29251.795247311726
53649,19144.212421048123
64285,32473.954923769576
73756,11931.931023135749
76653,8916.017470569035
72168,10903.784911114439
43939,18338.208343069844
61602,7208.022766092807
75364,15248.91373838209
36345,15455.072563028003
56506,8368.773045004302
35872,20365.64818355797
81771,11849.726801692439
45002,6756.252213622085
44815,18934.820296320548
10994,21713.630251693627
48650,10261.785745652604
13959,8680.735991669137
63378,7120.16833543885
34928,11127.24538882958
82257,14318.014183825526
87412,10140.935044041846
83611,11688.84692048707
70251,13440.075816529174
91394,7762.775262569987
84854,49991.70186144599
64961,2928.676559988038
28232,19424.347375106114
62826,15351.763293810918
91559,8705.787441356366
15044,10604.699851268848
26546,7234.856989334105
78021,10010.98114198664
99819,22083.043679524955
89631,24437.35633803322
98384,10518.766315876805
39102,22623.895470111307
25789,11147.108770184375
81740,8538.320804216628
92035,27567.200324970305
95297,11740.173288471928
49054,9164.774534674762
43975,21114.51389078624
99617,11968.936812656639
25215,41229.67450799806
34913,28692.02607306368
40414,6054.268878121056
40088,10273.840156747483
59444,8678.125230123514
84060,9970.450955945173
53418,9338.134876973843
67870,12788.612106473582
26592,6569.11371760216
50191,28517.000217483826
81312,5531.835926544667
77336,15113.965960168187
20502,11340.228853639434
45827,12542.632148102675
38302,15448.316675433472
32285,20484.0971537826
56053,19012.84697844089
14449,14972.581276999246
41369,12715.142587507858
68941,21449.207971792584
97540,7755.4518938246765
30108,44520.68543377724
10262,10499.3106135782
55852,6605.537939138085
57448,13742.788714606555
73438,30572.12177909795
22842,12784.433212440817
80608,30080.856325929184
82341,1923.5213167213533
71697,16071.013045072794
91167,21356.366710726255
76177,23407.13692680352
72277,12168.150157636293
24121,48970.69853315878
25344,9623.85879965632
51713,18860.07639414486
14125,8621.265610721664
89662,14243.7635501564
80433,17258.847881735037
88274,9915.86240313686
70268,7028.607519432944
27529,13313.512080782337
14124,5574.334407662513
92092,29040.070591002077
51606,13712.480798099787
12025,7502.397125224401
97485,5094.444109683434
48697,21664.892228402783
77548,22153.7103377843
82474,14039.355698319972
83452,33607.5083981153
79146,32762.163842249465
11461,75311.79514631096
42062,12689.054266325107
53159,20178.851904815725
40181,16591.50961590635
48866,3915.135251609492
46915,19653.69582573165
84946,20905.022121185313
73490,22935.625274193022
99665,40846.85958464937
40487,31545.433563454986
70303,15625.361952919995
82551,19711.433764223708
86741,13095.043552855344
13677,1193.695980512961
75970,18182.293782827914
87196,19764.179101200843
21941,23756.302252878824
82437,14077.050816571269
22479,28227.95044898149
70717,13187.912543559996
21838,25140.720331120974
59661,29480.85573215253
80228,11048.095209363812
23970,9699.739517683582
50090,14180.7749413197
89859,15457.717490035253
60568,20278.70108399488
37284,5139.10027857089
37816,16351.732344587997
47271,16888.059952131163
15999,7473.91368068864
50845,14427.30598301446
86580,9566.679289846881
82501,18991.616612133126
76696,11241.367089643838
98652,8388.632798034396
80046,11320.375604854453
69850,17726.155301601255
48592,20911.64448727283
38502,17797.003867298965
23764,7610.625635670887
93814,8730.667369865001
41477,14215.208011491028
40842,7357.219494987194
70077,7649.384676049816
11984,15852.41260589796
11009,9256.854541679439
82248,9481.051494470214
43826,11284.426022116548
70467,44119.852528883246
93453,7955.022274120836
22634,11910.258152741184
19015,12020.284446394462
34845,24030.535355527758
79764,6608.167579775005
94852,19399.46372084498
71970,13114.780510964223
25882,17686.065995393034
58321,16011.785444779698
84699,33059.21962142654
68934,17905.629715097646
27693,10483.024172635513
42835,21807.642605399404
43186,21027.60400959891
50853,10291.108889982297
27525,20318.480969061613
52086,12393.62073984301
81862,18590.055001935754
70357,20757.44711021348
64477,35082.537672595834
70306,14042.90104801448
35407,33713.61373245665
55540,16154.64968255405
85618,10760.817423884768
32380,28189.74308962519
28423,14599.580033270428
11916,11484.274301055531
89453,15339.78251013032
32429,4979.360508287084
52740,14477.888218606666
57788,25550.14758549202
65979,10153.08214411932
24200,10107.266673700462
49307,6729.2082110093015
15426,9968.127400893969
36660,24338.854496581756
52946,17883.715755583937
58170,15441.503784026965
46503,17918.183264541367
20139,12084.097614482045
47334,10098.097149636655
82115,13415.872194090938
79194,11947.928643930536
63759,13377.606900341323
41004,9892.181295148304
11294,28105.569685274644
12020,29291.566276708836
56057,16155.357565213299
15498,17496.162883737532
48647,26382.704516928003
65898,14431.565312070274
58815,24400.283461242943
62290,11163.63253233651
64525,8839.296609619774
35172,19231.632563666128
90557,18711.905110702428
47708,17214.544752198213
82588,16101.563932102925
67685,27749.999459833503
10581,23099.909456311372
72784,29791.85801954675
49170,10594.39925588734
21061,12133.994172116072
44103,8091.39443520711
90085,6724.229202075301
54443,10330.380528626985
25559,16124.524025836985
45598,10359.274066608956
22899,12760.58525192542
61008,72096.51726952876
57290,8722.451375704815
96844,13361.673821251192
87382,7825.656933691433
13327,8125.456301323025
45944,27642.127455158676
79003,16334.385839883738
47545,11534.308510138431
91370,13503.254962186451
21831,18223.820338741698
60342,17419.326501566014
28251,8368.559620467204
60685,5089.342443877165
15059,14048.257076469345
44330,9418.20225037873
63044,7044.620988969293
76212,7031.582615995343
32285,16795.280251630105
24116,15495.72902304267
73869,27199.271963070474
96910,26329.58811660097
18945,23875.40255766107
70325,14910.470116017315
63107,10621.107137442148
40698,20173.67772495859
41565,35860.65646360189
94944,5150.658242693726
54717,16778.851631643003
45371,9050.655354391392
17023,24933.54850397336
43001,12547.709937617667
88529,15733.776728933932
89747,22238.23346108662
47884,12246.0411676714
45159,33701.214114910705
96174,8621.724347945508
55019,10175.191040106356
93553,11479.973586621134
97781,15592.809647118484
12836,10905.066108517618
82646,7003.124068194482
71840,7220.5815752067265
68070,11681.746589673372
91553,12577.564782940222
64777,28573.584659220614
89533,7369.278164666528
36025,17681.588544738657
50827,14663.9690046579
94910,15492.386982210992
90316,29203.045202855137
92039,10484.109668601515
31086,15741.265919358244
89535,11443.038674228581
68879,20501.218415452033
64965,18294.89763902902
81255,20091.57146849455
84928,9342.203092722193
43487,7760.7714447896415
92459,13784.746407180772
14327,28654.703647655537
92451,41324.34181768847
83033,15246.850689306048
22042,12748.88222218619
15677,8189.370577161002
10158,20352.05428766244
89903,15002.234146348168
27691,20384.381408581965
25272,8834.706386829585
71355,21609.734137119238
44014,19608.536036369554
45023,13382.718408132263
38971,15669.659506976566
82648,25630.671392724496
14126,18808.903683579552
61059,3832.5232544930695
60397,18295.625835970895
67109,19294.40640478372
30900,11134.814466610003
53531,12615.315547810838
44217,4361.527067986706
68913,10402.524664533805
35735,10297.986686721117
53751,12637.00261035228
87184,8234.659754096132
39914,28613.124400658497
66599,34498.669744502404
65996,11949.830465217077
41561,10912.490261207338
78400,13375.619739434973
24731,8769.91370863127
84033,26245.38943960455
27599,10062.018409792803
31550,18928.644826343458
10778,50995.409901481806
76658,8544.752407527052
23546,6698.540039959917
93171,11569.25534656001
35579,20214.798337226395
87691,15570.443176273835
84866,15504.236473312681
77750,29803.368118475235
10874,9780.161979251461
64001,13425.166311228419
52357,27187.7200380426
71641,29359.1257241437
94289,15859.88247015496
68161,20731.644662762534
39291,33743.297290352435
24356,10555.767024977995
40271,10602.461006775417
15746,14692.986050389683
68537,11366.24979833317
33748,10761.832278835955
48817,5230.551200675331
48439,14016.882202684392
74564,33905.429182679276
95702,25783.74424038131
28914,10380.330925970364
98941,16268.86562066266
66817,20989.67349736121
58354,15533.855843197334
79353,11488.983109059904
19481,16167.438074042426
10868,48095.38715760656
43436,22267.95034437922
23370,26780.686317232175
34267,10125.775700621485
30050,9066.341759214925
11525,33113.99338880348
29903,12861.982530655674
44741,19085.255709203324
83310,11632.117972662772
49909,13349.657376039195
68698,30227.583907663004
42902,13390.769573898466
60633,15217.537548072774
87309,23130.942901806055
14429,12140.960458161408
40090,22461.65080325983
36401,12644.657743644286
17693,19433.60543990507
45812,7047.643047712532
67760,27822.43842486456
30390,17317.09642482006
34840,23486.825153168196
87512,6873.302475318629
66249,24125.512732938958
94120,4133.1539955596
16249,27844.434279786914
83885,11800.536840772322
42138,16927.948184868168
50206,19337.20278231984
28759,14162.05254602305
80917,26337.558946548626
23322,5445.751866251096
64694,12843.56470961867
64989,15283.829542726196
59585,12863.766534534596
57738,7334.983803012814
17508,9122.760453422536
89677,24691.897959358997
30483,21861.236948545804
84471,17727.0521065418
81762,5861.433624654939
74734,18604.951911570697
80275,18219.638524820195
12857,34845.92673673453
76524,18077.8612125026
36086,2367.0429030596715
26456,34212.650525654346
56848,6738.26256649525
95181,17333.179641973184
24309,12334.752675872718
42908,22437.72127549579
64232,16038.597073966817
50650,11388.796753751589
75509,10999.393826086503
28727,10478.878569988505
51420,23547.930311861244
30481,14166.598932038185
88317,15903.072874782254
78452,30299.720186577208
56296,68566.69343248167
42809,7807.661527434553
60568,18023.475142215164
45030,14895.041533047162
12388,21972.17262867435
21015,16982.349576434302
88312,15888.375562866402
64950,12593.187652867828
62765,14542.20794125457
29132,6929.257315106208
13237,15313.525617495336
50072,26803.2430739914
66876,24753.238433757248
66491,15884.318879033135
51057,15579.430904092067
30369,12108.509408366099
65315,19768.045572946136
24662,20023.69777713811
43750,10409.130901359387
69761,23102.670012426068
31307,16476.786800677586
50474,8815.993569954284
52411,9535.280937461808
18180,15182.599389608082
72049,13840.519973791972
97103,13077.086262978544
13818,7705.103693991059
30576,7956.596729834162
77929,16713.61352072596
24830,17830.46194903116
36159,12168.526345051949
49022,6306.209787130694
26911,7411.853812932659
25810,11637.236624403766
15821,13455.67069426689
86984,19768.045572946136
23850,5488.753959444442
55281,12722.676737982802
35828,17510.36947846139
40967,12101.94757748763
81925,9065.11342686342
69072,10949.122071465014
69424,6260.4543176450625
34018,16128.501756769803
42670,11303.811419314636
33720,16993.64590431356
92063,22520.17124875146
74505,44936.73486020477
94218,10645.563276221004
43656,13778.96373621969
22920,7926.3012981302145
89549,11701.697905450754
37623,10366.710370651374
18340,6567.031348443546
76682,10242.358439019574
19748,14901.510180433725
58938,14683.81832461758
88910,12569.040846657359
31470,10700.812344247674
49222,10629.1461572614
64120,17915.012494525366
10476,26161.034598540857
27731,1750.10605418653
33244,10665.312435589014
16315,18637.961735951827
21591,9400.323246895749
28341,18641.124870960542
44358,43477.92511118794
56239,34549.668921712466
67483,30950.274698188477
33479,26149.61308117795
35515,16902.510872936484
37529,14743.538327015709
35634,11545.512255125246
77219,2127.336255958404
85147,19478.972730678383
96749,20595.145007743846
65467,9384.206997540272
92304,20420.256376457775
67528,11866.908232481605
82887,7479.598696332185
60341,14356.31889458211
80325,27955.458412867156
67183,25695.11651165317
18291,7659.522309105701
13765,18300.99504127781
27247,15150.770682228267
90126,12857.251325877034
88440,9208.609073241783
37055,6249.245172995559
98025,14866.752463516197
20653,9944.602178741683
62362,16219.918226253429
97436,22999.03893653911
59037,19960.20463618176
57349,15499.233118968634
99220,2709.8505043780133
57398,17627.372219889665
49233,21551.330070666583
64835,16518.951779282175
53036,11763.139833299936
61956,15408.667431257745
54072,25703.717503899825
90909,22151.547296751112
25617,6705.900809392217
21169,6787.61043955835
66081,9022.250259277367
29211,26465.929231504535
73060,16449.518257596705
49227,13956.94990092861
96441,12703.34325593743
73883,21517.665901708388
91957,12900.06114566396
94173,16498.87226502706
95099,21339.256151927486
23806,47096.26494182108
77910,22787.621513170678
26278,7380.493986082389
61888,20915.2851440016
14085,13401.986271309532
78631,6994.968883549242
31674,10835.003844973407
43193,27274.10024081041
99926,11857.110013783753
15787,6806.78954393914
35858,7721.216376343349
78921,17688.73895010849
99285,7783.796868450649
15115,21085.979337897486
12052,23181.8514891799
16613,9082.061689263002
93972,11354.803237406446
32504,7117.50033388878
72532,10185.71400475834
66070,10378.040300567412
13240,19464.25278009439
65026,18583.430967837354
48795,12652.868394877376
59356,19428.29052977901
78032,25837.376105224484
64251,8011.922355491673
80037,18311.088618338043
16592,14020.439961994403
72687,7515.430470703945
91906,11201.330262835736
95880,4688.266567318062
77338,15012.355540205717
93856,11840.135155795266
56501,13794.185670952236
10993,8520.481973896132
34533,9628.813354678583
64241,6390.229667143178
79359,10897.551550896984
17458,15061.152978032562
54019,10777.830409573618
68067,31704.193311812953
12053,58425.666995524036
38576,33810.42752881668
41257,28744.11815297848
26734,3356.8925039938804
64248,11462.039314292257
96780,14504.003344590437
16216,33021.15403561613
75038,14329.854604201411
62244,20447.37148549239
59366,43935.94450299425
91641,17618.858439724092
70380,6649.824397062621
24284,7313.621810908739
29670,24768.420240374242
56397,20960.49518484232
47872,27097.032357722008
43738,17414.123779413574
23594,12426.210353110115
81944,29008.239869575642
77905,11952.414701350728
61236,9975.063446585558
16713,14273.182731192792
24931,17771.43754650314
62688,10074.426907839914
80007,11017.055363726067
25889,12265.715554816003
80644,36062.67552557796
75403,24884.753842474354
10186,10309.08811264615
72327,23741.6143437454
81567,15430.388963492005
45998,10993.31415349078
16257,9123.80737907812
91278,9849.408179592901
43667,16018.709492539589
82613,5496.529312030394
13890,16757.757459347584
79527,30222.107960460467
38067,10505.628530626796
27574,20813.768516347292
55471,20825.31459391
16511,21666.726797844207
57962,16770.348463042086
24148,7946.949632070164
60909,11097.366519636376
12921,17097.477484707168
45326,14904.09237130067
15400,3958.8970193128152
94612,9822.923592379164
75421,13560.713373703835
88605,28820.010296536635
18723,23786.182744614965
90842,10977.387150753737
64214,8193.0152026228
42953,12855.223807959695
23086,8288.849420724531
34570,9938.725476139416
68267,25362.485312832236
96314,18489.31465610666
86058,20780.982883377743
40437,11512.10247914274
12850,6316.1228269104795
23109,20679.052296437858
90755,14255.27242502043
38586,25532.75613521054
49132,19993.07838592011
57221,9766.961364818762
48974,20289.76200790187
18250,24630.467709651275
74709,15547.658217288612
85664,15997.99193379149
64799,13177.203648616387
82599,23116.707528719962
18838,15803.048064463967
65831,9273.35953365523
92323,18300.283187823843
43196,8933.791648038285
92640,16383.107480903305
22033,14356.31889458211
33701,25907.756099144197
82623,7555.1615518646995
26678,27159.182727016516
71873,13983.976845452256
90702,22115.89577861921
35950,17552.39857697594
12766,14718.28662207169
75670,34673.447106265055
27670,9649.39142330183
47205,12959.757421949887
83463,33475.25339338869
11868,20133.497263429967
45473,5815.6885059403685
81996,12145.076734813501
16718,11309.523957001242
93917,14669.611174089718
37956,8389.763509551603
47576,16250.415380825598
86078,8148.437452433285
71964,10728.149295581876
81408,18439.050015392306
96183,6982.734643608746
22639,19054.34919035901
29705,15090.836695714124
25101,6225.928758970862
46349,11879.410902421401
69477,13055.122937960381
50651,33107.08911758353
35952,7977.792544657681
83478,19921.037142183675
94556,6549.068839701145
95196,28085.73524962722
29353,12432.3181523321
11463,17673.58562198993
79848,11759.434453024742
77951,16966.870047216606
47392,13560.115253407692
10949,9263.535753783886
64232,28022.294171603156
47058,14191.930887776274
86908,41331.75178441279
12958,24691.897959358997
20885,18772.29466587653
46624,20451.170652090124
85347,10940.912314690546
94025,6796.280156456109
42469,9028.334215320974
99901,19422.298413147513
88153,7749.594670394525
83230,15295.18757978364
44615,14899.367764107168
17877,8933.48446832116
49896,64221.65536273497
97961,19082.246290670166
98326,21874.709884434502
81559,20452.09067701224
27077,43613.27762442302
30507,9097.661548291395
67951,5398.111371575707
91194,32071.21719491948
44751,18727.21921306142
62977,11925.61807549182
13638,15960.620836893371
39761,7818.699077984551
62631,12008.285015911166
20581,9504.083519732958
18726,9852.03111884866
17396,13058.814857440386
51850,11016.146466417693
66355,6333.83704087496
77572,9370.371634221709
91984,10423.374988042298
89500,7111.081197600424
81403,11904.764600684792
46196,10379.544677182348
88066,8865.686616630906
70518,28220.863660302803
81808,12361.739331973826
21118,7563.363091689707
86162,27096.794563006457
95357,72412.32134200328
85702,32713.07184582967
22598,8156.446330859237
31047,19306.862218735423
46830,24737.668755167422
20325,21172.979695356218
39752,19176.08049808059
77175,7559.094308208498
59675,31001.766556280847
32697,13020.586756577752
97921,19488.518877621238
19179,8653.927151329744
30348,22675.724419752733
18574,18134.187455585175
71581,9932.135364655669
69071,20014.583492204212
18909,26851.870099069973
99134,10792.777504015028
32669,6700.693675935499
72056,11267.384536602029
23255,17377.09737878627
21824,5858.601914508608
90282,15195.180700488434
70986,6854.9567572135875
28394,9480.157405173428
81217,26453.827399058653
89937,5369.9954105654615
31139,10759.422917963155
84581,6389.531971613193
18672,16746.259481718615
84343,11046.621033040083
52242,19147.821969080258
60410,22663.472556296303
29714,10593.832771095855
94099,10789.328190901855
96584,10745.503228258429
41185,26083.256691421313
42431,7397.362301829338
82102,8370.410471914633
84694,13180.226922588043
16464,11533.064933324458
66060,30829.95840997155
23050,16365.4081659077
14271,19748.46226983265
84840,31024.914035322334
92831,27169.05551179885
49544,8457.747256973584
76546,10885.486232969171
98798,6085.889968985617
38527,17029.167884110884
74465,27895.115799205138
98121,9060.082698533568
25888,10219.115680742772
73945,14029.079398742891
55755,13812.163915891992
43298,7004.0056212541
27098,30946.961741745687
60768,16109.605400660284
41051,42008.94279085273
75968,18387.592745781905
48042,9080.377218358433
11472,9256.830088194005
32220,12950.872249957367
52468,20161.193094416496
46134,9429.872121113582
36522,7509.028190104782
81523,13452.576549727757
20579,20699.180189596478
34606,19468.460275981448
21528,24695.142818104756
83862,11332.420276479646
67785,11146.747639415593
72569,10430.209419363815
50691,9765.794386613788
74184,11687.10264666394
87506,14053.691182891478
40046,18956.404562730022
72175,9942.694479933063
86138,10412.943994172278
48966,13503.052588495779
48899,32230.568530221444
29609,19676.214240159235
70761,11245.037096220429
70224,16366.45488372723
68093,10888.367982210922
82402,29982.454908322936
55184,48107.96568241868
58120,16678.48590127098
98422,25410.537420056706
11571,6826.960956105409
49205,29339.713208357105
56232,24920.01236194012
35191,41836.80706534678
45101,8005.927679779359
70311,14048.257076469345
83527,29305.018958289962
66173,28027.326761056396
37535,22843.046942502802
84548,26314.337561307002
15489,28118.781305781267
74639,23022.060876758816
20202,11137.19191723422
46544,14714.955111828753
57268,29226.794858176196
72646,47336.351110955555
76689,35213.27820959105
49982,11470.214408810281
87921,31175.84439808003
81524,8785.172618213539
92917,14347.3948983022
17994,19567.430210866733
94775,11857.913039980787
11345,16524.940380529515
32598,7812.8232083451785
14380,18701.97739169133
95227,27390.428334420398
49740,3003.3549085275426
99984,5088.682011397415
66315,25402.529752683673
27794,15175.595557059094
51002,34970.773618339255
71349,24833.376309844614
41257,12291.658302246968
95493,14051.051577721548
18692,12886.729224285378
51652,36142.79448182831
48227,7601.69155332632
81288,8250.2115556205
14039,9751.063008130724
48489,12552.36067425559
19032,3947.501529629868
59829,5018.421267169753
91060,12742.098970854537
10555,12058.579930945223
41597,14192.721865879475
51677,19581.156582336298
19427,43424.699490841405
53778,6016.7800712803455
76683,22553.22007833869
53334,10197.963025685036
79620,7780.207464644687
18097,10583.533580146393
98300,9139.441249185838
35728,22173.828149355493
50824,11210.312274890686
72792,7649.303532990203
80930,4572.752655162871
77486,7162.949631756812
68795,9638.394771381096
12157,17970.853394080274
59685,16441.525374602857
93146,19237.55702414999
38145,14067.921758870389
75492,27234.509367201652
12375,30447.787784305343
64739,21227.722436100048
89066,11650.510803151403
34294,11912.942208919967
12149,11624.503926545782
34005,19324.794090638563
97973,16539.939006350025
65882,13224.655905923166
96227,15417.83419865775
26129,25811.024466741514
60720,15240.57393456766
71445,21006.73473675912
45353,15044.05598007454
37050,10562.166961220028
64180,7799.570133945415
79114,24830.94151030652
10121,12997.12669888211
23204,27338.75608171402
88573,8115.276952065949
48576,18748.313707598714
69463,18454.190173468523
78445,14930.194272211927
30310,24778.764623022817
26737,16269.270072712445
58933,9678.215994819537
94165,29471.96431594045
57057,9617.619993181153
70286,11712.537218888163
89697,5795.4458046130185
58167,17240.61321156198
27380,9642.66723495409
58086,14000.916415401098
32726,9965.031369190492
91499,17865.450963089672
84725,18305.2231855065
24259,28599.29226622684
34739,13833.754132276103
77805,10949.888852327469
23301,43874.200062897085
55060,27003.97585987384
91594,17582.075881355995
36263,16471.48729542883
63361,8358.521385399532
50720,20383.080112927757
47385,9291.35732985205
15733,11476.598633278265
50608,32180.272141210065
55978,7235.370368521033
69969,12463.869976139718
17165,9407.813197493231
27697,4834.346713100513
25608,13044.711070186098
96596,14508.02733488964
72621,7556.357725637981
99467,4739.192091910654
69184,19346.480180240655
95697,27509.5541269541
54191,10258.506691857096
74418,3077.2742819255436
60038,7646.787457239074
78186,3945.7543631016706
46021,18402.650345644513
11351,10607.333500464974
86577,21925.518771236948
59411,7034.207951665665
67420,10242.286376788607
36033,30639.27461154543
85751,7521.879886527577
57886,12614.765857818824
36666,11969.64244650141
11386,26236.20591001417
70575,19018.229446916946
93882,12513.09325353388
21936,7379.538411109474
32406,11614.268086219887
89583,24315.187384972574
61282,8197.116157125127
47335,14791.30070953375
10639,9866.507709687041
20786,21708.690460404556
93261,10184.675626709746
75044,5396.654073261629
60465,12101.66546534379
62977,12806.689584091177
79302,14470.503527504326
32297,18908.35792848947
79159,23424.52848324021
13926,23485.44119904613
91611,9399.771790598445
11045,16985.778997022266
91118,17021.96396157971
76136,26014.239652628796
55699,17904.34734952872
54639,7870.3685765711325
27895,11998.56611265771
13100,15114.71644084639
83601,17011.095428100798
29088,30252.693360807534
62644,22819.154089045725
98087,12520.829804734314
13480,17983.8707777446
14743,8290.992258743574
21334,18653.61928941674
44747,12760.58525192542
18758,10223.20511876522
16066,8211.551233108788
18861,7326.070492936551
30278,13196.60816755368
49798,13363.402530874477
20846,12355.692756740167
55717,19870.05861972114
62086,18500.546184298568
62803,15755.422765487576
95747,12614.61081852041
99223,7363.110868015514
12439,20343.59667217605
91211,14597.699936053303
33572,7840.553740646032
46769,26050.40675279318
36798,10689.528481245607
53476,9468.325279821134
99505,34754.58212164909
37339,12626.8864273916
68591,22755.05297616411
23177,10949.754160501681
39913,8320.576900574424
68106,7942.89397261169
67052,12950.258578310724
72432,34169.02714753007
76903,15895.38262624466
27718,26287.381950646326
52661,27442.191595253535
55665,20497.7255348682
45055,8168.9104988908
55666,18589.152392092656
42223,11420.519863922564
20994,7633.961194583771
68263,11021.579640397957
64068,22382.978379751097
54406,10759.27983776147
78923,11553.052784234313
33057,29874.333039475794
83070,7871.233464580422
48570,18018.088316521375
23490,12498.0549967941
74229,13452.509549840253
65923,28186.340583373472
94825,6305.327621676679
98874,12025.89579893837
76834,11395.647110289678
50392,4813.288906622252
92173,35457.59426908792
55937,7750.469570153478
66432,9911.878441796016
54849,11094.892883959194
64869,22127.43225734027
38516,8777.973946484366
72951,23475.81275515562
72692,12722.63378235298
54320,24975.481755572793
89947,6072.724621770161
51069,27135.62685410519
26367,29194.5625483177
52128,21469.476601052087
10709,15838.284173862037
82127,46746.78304579263
63449,13361.116091384725
82451,6930.20037959617
37222,16726.364311558296
32687,9802.037095214617
55124,8400.623033254498
59376,20475.114785777554
32733,11333.148103601467
11338,11142.552343287742
37112,25569.847529971266
23605,8961.70274510657
86106,11201.752149333657
62913,19018.704757256848
14249,9415.170813343371
91305,27919.2579516627
29837,16564.549387157676
21367,20715.309916365448
70658,7111.408157653588
93944,12498.289562696591
60491,22913.14057145661
88979,11460.476825372509
56893,7632.792001568341
16728,8136.070662282156
44348,18575.91370145535
38344,7806.253831141292
79629,24222.00115635405
55251,4616.698223391319
95235,9678.911714698039
63735,21388.566163289528
90980,14130.049345329797
15531,15370.114726720716
55029,9508.052745482859
27838,34827.543190393
55168,9428.224424923792
92871,15275.040900594471
19459,21632.586510549583
73104,15402.902911264358
79534,13743.085992057655
87427,9274.832741684659
68898,46295.65348131574
62458,21002.94460063306
70760,16528.188574852757
58804,31531.28244131596
52024,14634.252846492369
61338,7629.647329879594
23810,16541.560235231056
57113,21442.051311159506
26947,13337.035385420437
22517,7886.950172151319
46134,24963.91644948128
12401,17193.724129926963
58861,99555.63292932032
31213,8092.568292631213
71019,10582.397536308887
53369,11356.095139099445
54226,23884.15101982928
65575,20333.071217497014
39617,21898.442664611925
90953,10525.991142221337
37037,26859.969072510226
56832,45036.04372772329
84480,13825.705671090942
41469,13449.376214701027
45427,18191.574477618247
58056,9924.32218233015
98265,14814.756187153935
37791,16225.224312457802
75097,7520.181098771614
87802,16135.505459945482
57798,21617.027616911055
27725,17707.25634911287
60408,19781.273666637237
52976,14533.664362390848
83227,14455.24365675714
11640,16063.179993574287
69409,11109.8838944171
23930,48754.220645848145
97556,30650.75216317884
51521,12162.797199421828
31800,19424.81807007158
26738,9724.324959588188
78405,30052.687155374304
35108,30934.644887104572
86220,7808.747473172361
31663,11638.73030504083
60555,27817.17782308018
92681,20254.959767854278
81652,7025.204769165175
59142,26114.316205933632
79528,19610.609485602195
98386,14405.483047909705
73030,19756.41715950725
54940,28748.50392412497
10594,17501.341286734034
70653,26599.92801345946
53706,9523.541532972029
70853,13304.957996082616
16903,8857.930734297577
85684,13509.594013761522
54415,22982.23015905355
25583,28859.046462357474
74390,19841.139792780436
85664,19762.930604150235
62676,12232.290889328704
53788,16892.990548408037
77792,8262.861112249326
22535,6965.212385251958
81110,9151.346523676437
29673,21621.879634659683
54571,24578.59916741944
14389,11647.149849438338
65164,8099.656062490805
80164,13746.021124101078
84817,13097.191367056805
33322,12329.852858149545
54701,22787.25748830072
95133,14260.93057701629
81927,26611.03210340296
42342,12981.522424957806
77460,22607.10425833408
15564,13206.727920990046
58477,14324.987539354264
56674,13015.864297082306
21102,25195.865948912535
41799,13353.747392026686
74677,8043.758639650296
24110,13254.281831052169
15958,11497.49968826912
39789,15062.957463030656
23227,13987.799061819518
13891,23395.063606976975
12500,11569.095595370256
80062,28557.60856008641
26704,11493.454982107458
58645,21057.179161214925
51947,10870.509345300357
62793,6988.259308278068
96489,13875.737000028948
70713,7808.8277961838885
66394,17807.755743085134
92089,12589.431417455227
17193,27012.86792545201
93295,26337.260777160158
14086,4012.497700278396
59515,8880.593371133768
53833,19116.7194097671
50471,22569.174128637344
62310,12845.620935528203
75272,19313.37044646433
50276,17658.029517398874
24139,13901.389893814663
27777,8253.733378611954
75389,26353.598959439314
91252,37259.16265618944
70023,7323.660678791304
35958,11769.06007918513
29548,5609.5282427071725
24743,10072.749533697239
59114,22549.44684697607
64229,13271.965619891258
56756,16316.336468495041
30165,9822.93924792244
18830,18936.989980329963
66416,12445.269981201403
57880,32525.023953066848
68961,10806.918443375238
82394,14482.202646451693
70994,30815.24164259144
36077,12568.403144511507
88652,13045.284146967444
51985,15699.871149142524
37780,39276.18299302691
69473,32272.066361362362
85778,11322.786154534806
68781,2987.4930443899266
72468,19423.014102106183
20153,26649.18965420995
60893,9189.631447159169
34291,12787.761264691877
41676,13119.09426522666
81582,5734.5522820757615
19214,12158.049640092526
27065,31218.01941474805
92486,19016.268874762285
94945,12237.848995258313
39113,10224.429748906241
61649,13868.385268261069
54728,35983.98351492562
83048,24759.059700284004
20341,12831.852287179812
62168,12926.436084477205
12945,10657.932138303075
94039,9228.086638096525
71366,33540.11028971964
85451,6601.557190936706
33543,11280.035397881104
15519,9007.948102663217
28899,33444.83974176126
11083,16519.464888304774
25452,13627.938294859045
79406,9850.079698971618
70851,8378.167961605728
75579,28107.969746222996
99161,5310.8706981452215
83895,11826.113475417678
96652,15520.719658392949
60807,17665.70066859209
51278,8792.888124236488
67223,22351.902786440565
43450,7262.560313350115
72003,10014.779842671338
17612,51344.010254744026
43039,19383.479078227872
70764,13350.8995097082
63346,15118.495547018338
50191,15287.50191050565
65207,14342.480832693029
73328,7414.095903344654
28185,32595.34654674882
51472,10781.506002441474
21903,8471.48484275855
52517,10545.22623243315
23970,22285.74923474867
64530,26515.47103450026
90076,15993.204565517282
13958,13267.172234735175
92509,26135.988197822444
41352,7916.776278203846
28086,30972.093488917668
74403,14992.509429106582
48024,11291.01119500041
62591,33561.73228512409
12929,29263.511210168996
25269,15076.398826333303
34215,27522.870816399234
80553,9332.34471488641
14067,36538.77399780258
33832,21916.341882419645
72543,12601.875532415484
27368,28689.104278989158
85534,12979.830353395684
81645,10016.035751861258
32960,12119.823325447116
65999,18401.758446560412
44200,13219.681829086285
92898,7656.829875051126
76537,22399.578022799076
39036,10320.03147864591
34099,15685.50246720107
44898,14464.363292923073
44123,26722.181274792434
36309,24663.479880290284
50559,14128.05112011374
52344,11511.760089564727
89782,11294.242045256186
86444,14732.696979008193
17429,20528.39803814492
42226,22382.978379751097
74590,16058.369280926878
28605,19586.10412912493
51012,24869.046445943262
33742,16174.720688501793
98822,11852.191645798488
68659,15638.392723707948
52482,9955.796072905046
73159,18769.063224955175
55307,7915.256239000293
60122,17345.98993780141
41230,6102.258584835105
34424,13449.661827218062
18098,8210.051620234683
35316,5901.849995260769
47006,1798.681418542541
79331,16879.591995297415
62723,14420.040126390311
43217,24071.68388330512
23585,13349.552951661892
32616,18512.00852921508
94143,10154.879977265286
64675,19089.37428004689
72232,14139.40321388893
40406,20585.77014349135
82760,3142.208864407663
16427,15850.787331551415
20767,25716.46612343609
93658,7701.692055760839
87505,17295.42276361887
74091,80558.76605997785
98824,13984.857385491401
24552,13560.805892015724
51985,41231.19185625852
26286,8931.502199868812
27502,23200.461396845552
69954,4239.318706406313
21632,28051.558898076488
51994,16670.876221297494
45480,2127.0215922474217
97163,7883.184482744495
23493,9553.597280506576
87849,12127.363227037753
86964,15752.624912222316
48581,9205.796290291739
27181,11492.361269911555
28517,27732.854882388765
52760,13561.3511251573
11808,18980.84848745511
44980,7603.385669141213
17648,26158.553680792924
44450,7450.8651300256715
87848,7350.02739651909
47335,13921.501903360808
54375,20064.069539706827
52356,9946.095418942841
69853,11602.415238530797
31962,12247.630818885104
66905,18219.28810836171
64700,8740.509847077006
61747,24474.38927842264
86657,14581.906289824852
11556,9182.25195619988
17928,11034.884319164687
88772,43112.5247085018
50054,20792.538650045655
19945,11881.963150359701
55311,8539.15058227221
77211,28781.52880695995
33528,8474.691517509375
38937,9400.030556575497
78089,9305.547213809412
84329,12365.437967812915
66562,36473.64822674098
56273,27597.981967471547
62342,22966.869406242404
50212,20215.320980391578
22555,14862.078243477026
79988,16681.99063325055
13366,23432.35499318289
42278,9326.221564201278
79520,37148.21116120198
70805,20991.394485718552
67475,7632.792001568341
28817,11691.429550262012
58087,13989.558736128516
64239,10722.77062964861
10415,24251.629122241688
67128,6641.232559764438
21354,25234.761066596973
97463,21174.85002878402
32318,20876.53756252123
68956,15039.684563831208
39685,19022.621051074188
12141,34792.22897858643
76569,10322.817514846367
47308,9406.783165065317
57769,23024.409888956863
36070,17698.580257572234
19090,8129.956230209045
65709,12271.682060433155
27192,13876.347602116897
80463,11665.529096411381
98207,12741.026794981768
19496,35747.627688904155
68692,12930.933762090415
44810,20016.758869823952
15299,14341.684500845375
30485,25641.198274703762
29551,21383.177478104597
10326,14159.33329988246
29446,12018.054747481547
51882,18408.25137877417
72260,11504.092240513497
77414,5824.307144390821
19918,18543.954513041834
16796,19205.48693817186
88530,19204.775931141572
45761,11336.99278522572
10315,7463.794647696055
11662,15169.150792329727
32104,24019.057791066225
37986,8957.8277042272
37959,13866.423733860069
65917,10621.839641842616
17977,10824.557682758603
41772,6556.252316722004
57497,13228.031141097084
23676,10449.43155163591
23224,28131.466869214666
23471,10705.158391590387
46607,11136.212591384425
13544,11364.96163814012
91932,13579.420461221784
18173,9275.908491041057
32128,11866.695665839434
79415,14996.91724350131
81565,13429.386914681807
55263,23095.632887844593
73021,15169.57546246317
10212,14958.819162265638
74176,24109.32290746914
98090,12873.333156511399
65560,9871.819024902026
10441,24724.258054070542
96939,19244.879349377366
96378,9585.750639278362
93030,20679.264228296324
58296,7133.017145685577
67372,12600.016391304158
16898,20400.277018503642
80415,45339.28829512083
44251,10046.943142684471
86546,14403.782363291248
41707,9233.580123326712
11904,12765.542165892777
93980,11463.999113205851
73464,16367.962453278542
49510,14640.976001494793
19873,32899.30721392947
31447,8459.969739984394
58962,8701.051076474443
81222,19517.916111867147
61467,14874.862573013572
26560,13868.326471695103
84874,10249.207784748025
78375,16507.66831885347
52693,18237.547065163653
21671,21206.00006041782
94066,15596.746597437665
50803,43950.77048364546
22339,13143.707485449238
76734,12939.214584135021
23870,15828.881670947634
62345,9042.701659124948
44088,9713.35218741933
57000,15903.072874782254
92292,19045.281407823437
52116,22130.433677840192
57006,26968.89938906182
45008,6812.147562208327
34798,23161.617265176686
61832,35738.33233370407
90366,7185.459533504863
54602,13656.4068261183
94754,12166.932283666662
21790,11665.71963488725
23939,14850.465499117232
95515,32915.78703360887
61880,14328.440202831585
73975,15588.798967331428
77462,16211.127567778078
73722,7881.496240250772
99252,26772.88794644163
59951,14523.467754976451
86618,27474.67769928364
67974,7686.008152252711
27370,11761.567211932172
88731,12699.056351663654
33661,8195.909187346411
89032,4930.0453788620325
28295,19885.7408228063
69790,17991.144585464746
24158,19791.068602368887
11116,22418.146204939076
33492,6267.748410721864
89017,14671.814296270079
65162,8708.431130277037
27499,10968.488745309289
75834,12559.225950664584
89379,13734.51651561134
88239,13094.651144766807
63288,18455.794592721668
50012,11308.90935621377
50400,22178.639840264437
20932,18883.97194093402
42731,9526.489356604041
90955,55542.23560632888
41511,18292.619230014436
91513,28086.84575405848
42126,27078.34800712129
72887,21165.835259419247
37483,15336.326626448077
27719,10554.09216102276
85352,22181.33667956166
54332,8833.204616764222
40569,21948.2680559051
86082,9903.657365557487
35868,11162.518183498189
82760,12087.782295045876
25113,4548.900871146465
10510,11328.060675361328
45078,4983.086746990171
89244,29071.749270022723
32188,21704.139251026398
92000,10208.896726864154
51671,16370.787367381536
37507,11378.566058212655
43284,26718.691671394816
43037,13237.447696560437
62392,9904.342771226142
50825,5864.472027066662
36409,16704.855532838676
52966,21458.198958673267
28511,16556.305361945506
43314,18982.53144172763
22843,18143.185619443095
36556,10305.780952672867
76395,10331.736608306048
70386,10474.046586996537
19885,11905.168228528135
97940,11730.898702185372
53524,16524.940380529515
99428,26065.528953700134
41284,17104.51597786023
91936,32161.14317840779
36613,9842.73530029045
71821,23021.610780479095
49409,13140.644512453799
44800,20496.002458723215
32341,16067.157911722452
21799,49862.773604393646
74155,26798.94030663633
46043,28799.24981212672
57590,64597.72585445179
77050,6213.702050855438
45238,35189.23181307838
21496,9434.444191395192
19990,8896.341833051856
73675,8007.551329238264
81994,6317.994143431888
27316,10223.61130404384
56100,9798.560144529278
74949,13850.694631450799
19346,17454.35018274582
59903,25971.83900444127
62603,10015.61938659398
34706,10441.691335512882
75837,18901.234168020634
20658,23653.114335765764
42949,11390.733866792156
51620,14727.063258582844
47794,18285.09631685757
47449,18728.028122875876
61770,28441.263696345828
16242,19462.671658607585
43446,22954.072138007534
15459,7999.845435325506
93765,8763.100379310039
12411,18838.484451113625
61949,23299.92408595112
35683,9861.97003721408
90554,7353.40127661905
64997,19080.92614655621
22851,19326.998593853932
53135,43223.324861873225
52669,12616.95360198896
19799,14478.50384907742
47634,30937.34958649762
14436,15235.014740946433
43284,15340.193287859463
30888,18719.068361428
28774,46541.506692761715
77156,7454.399063523109
71568,19688.198081713264
60836,9249.629070944908
58024,70638.83090012026
12504,8611.040524758138
81600,14611.828507287839
72583,17586.106795972733
73070,14274.979361356265
74185,16551.40760837489
96448,17371.317077550957
73350,15342.949924231018
28049,10945.566752858711
77564,11860.76202160827
31019,13299.420088149864
33983,20231.925833998077
89275,14481.301168315837
32997,13216.904078547323
33170,12189.74367228571
95470,8506.974726751825
88959,7763.460021807983
72516,9042.915873082062
92654,11265.785225431468
78898,12837.372274797664
70941,12303.976886529199
97015,10571.824496108937
48298,9222.653443947038
37779,13004.959999918778
70794,13060.479422973895
55163,10033.727450615686
29898,16926.74875242343
16468,22912.716158915537
14226,10731.01511809519
87356,9549.98660053009
67140,9779.638841435115
75367,7742.850004775086
25170,9924.479742450518
86485,4180.722923300871
85517,20033.22229318895
43094,31480.019771523912
66501,16618.670475222752
81460,25105.245765205447
18161,32976.062693671
67503,19856.32669438067
54420,19600.300540978747
55129,60926.20578457352
31272,12938.906274754934
24862,12532.756979071793
38710,32337.316337886397
37886,39941.43320039674
72168,7366.109197941971
22523,21124.535719298998
25445,7652.1885942163135
87639,15397.91716867414
30530,25480.855700944216
23070,6941.476788339598
93639,14294.265020499146
22808,54764.38662597937
28039,6478.176332393061
73941,35184.92357858458
49192,20203.12896036563
33982,21060.63402422655
38023,11733.862566411874
25206,30408.741936008482
63023,22901.47797764095
81007,10399.571420283248
87485,13750.578085354144
69776,16336.822595535066
62809,7011.607703893611
90953,11968.841536309441
20762,24941.441556393616
59545,37249.65416881954
97184,23204.763527897696
99106,14028.566018050977
96867,10560.414086438443
16940,9191.397777595937
89356,20757.006296037765
82338,21207.518211956736
95342,17647.734735345402
37802,10531.725520149565
29934,7062.7042609278815
70376,28575.68723859849
49766,18388.72453568696
72043,25444.717413353264
78662,15963.059184328431
15818,35289.25952407192
76193,5511.939010551312
17985,7045.377134061613
72664,14309.067833860201
86224,8854.071810808811
45268,14956.301562260007
23982,9982.582681162523
64747,17250.213469823415
49403,16607.194525376646
55200,8736.854825514274
82549,15887.946193120471
17309,63618.534796437496
82990,20304.925549934556
30121,12392.775558470334
45989,48600.44255845601
25142,13077.90916925006
64146,22527.389693947378
35854,11381.410240158108
46246,8694.85432175796
50869,11777.209225659717
55431,55469.11660422867
13487,18907.71310369663
63581,32883.14363751428
82288,24319.23740376753
85586,9536.085780710091
26992,12251.844976621538
52037,11261.858892191018
82413,24376.046321640235
56310,12347.171722625102
20930,6238.228396842105
36798,7161.710290498777
20537,16049.275605411463
68537,11154.975028499346
97454,13376.900456268677
53010,8264.811839767026
21253,8947.045732506687
13565,17585.57049275209
29643,5926.5799329429865
91706,30051.12866495386
98110,14915.284928265568
21412,21098.373341821585
81630,16833.91548713234
45636,14835.984328854818
38156,18700.367058657637
80076,7872.090003991103
97394,13923.450935528583
32059,18197.542268703728
16071,8208.693039968222
76283,10142.0158373427
36230,6976.346306626694
98332,33226.458489136065
56211,15859.82847756449
47148,9201.457567289683
47613,15640.30118409785
64629,6411.880141291573
43067,1831.8885971252093
58412,9587.378250615444
22891,9164.131573555205
56535,10239.679177194857
53144,8497.300845630267
79060,25373.71146614618
84298,4238.841752288312
58239,9083.45199973186
26522,12351.623628624127
51575,12562.09578492141
21234,13864.052833952936
34936,18408.577932053737
37201,19720.423808530464
97976,32894.096014527866
92820,19554.69742981169
55390,38281.56384293631
66435,26742.24253220887
27199,4600.081944848609
19621,20166.483744927864
82572,13531.013852873399
35988,13231.831044713927
14616,39412.61709421247
77991,27158.119348737717
27750,18382.418758199456
60471,23653.392255758627
46087,25205.62193372134
50607,24663.872965125025
94806,12851.930561101723
35770,9079.875640162598
19336,15730.321759006558
31620,19556.36684658358
18421,19940.19652459176
34989,18856.580323705257
72358,15550.555595289983
14600,14002.077572236223
93188,9971.986921937292
94182,9637.779053233819
24727,19281.686810789837
14639,4638.312806740394
49863,31358.080976880854
81590,6896.4707468031775
40316,9677.432077609763
89168,10980.597054040973
73095,30007.470305509538
75310,17724.691280060666
41679,14478.1147677456
50382,21021.422534281843
16823,11834.460502452255
34715,7756.8071051080915
32686,17308.55083752721
59449,13182.466233925392
52417,7797.312015057392
54776,20221.15918987692
78076,15913.758795512762
65243,21255.081809109528
45570,33356.88911796591
39552,3301.526013387098
28052,23299.049905179854
25700,6862.648407717399
71765,19076.790912433207
36057,33392.75867971114
40247,6153.222139174895
12639,27496.279687448798
16906,28302.433361118954
11417,14554.04310184431
11523,15514.899799940678
34706,20832.126061987943
66823,15517.95601708183
74346,9786.183964475695
26715,25932.68075041692
22881,14811.095361882226
26095,58384.19524930663
24479,8826.248875752339
18647,10789.97630908288
45242,7020.390135056958
64479,9248.249895939523
68805,9372.961648212047
99157,6607.931359141863
11503,6988.249933820871
25474,23587.70309031475
96802,34022.74894210067
98166,29965.42593071951
61791,33348.16615397467
53401,39611.83166270472
64981,6964.972596734993
33447,21453.020789389106
30519,15313.525617495336
75301,9863.84453936055
90453,19791.246544808244
46752,11198.099412579963
54393,13200.380039595802
31074,19840.95988167801
65493,27406.865635607333
40902,41012.10164839441
47493,10165.455144676307
43710,22312.59292128595
21403,17567.12605004009
15592,9535.280937461808
51303,7967.946229324138
16127,14162.97287831549
72102,8615.034712035545
36638,28265.44899918523
95400,19899.06018237196
59196,11331.41098757447
58919,28751.594300892328
50091,25161.19763457289
39130,14216.246697358822
94174,7733.591096096785
50921,30849.064498150234
43357,20212.607102929014
61155,19135.932749458232
13520,6428.110406433587
38346,30856.45531506763
70205,14819.264207735137
18483,13906.723485019706
46877,11039.376155375754
97118,11670.769911774822
64117,15081.084062607964
64424,9637.60791673083
93355,9539.37640962989
55690,13225.70815294523
77617,6316.719093891081
25522,10254.388931301692
16911,26061.50898267216
43960,24447.001633734595
93888,10231.854045895905
16398,20090.94327441336
47921,11822.97915829111
36095,8908.188198984399
89525,13578.098701042547
13325,4370.129333639696
24919,43675.76577855907
24276,10147.875644428059
80589,28326.093254091676
98120,9326.596517242873
69167,4899.58961519685
62092,18067.415383484535
83462,13469.116185496696
45884,8579.07363491087
88658,19025.402232384044
33271,18996.32846193578
48327,9629.654909933153
85313,14273.51357450438
94232,10670.96069813267
40496,23062.282352881404
99716,18093.757208967905
99582,9543.450450638928
43253,5864.472027066662
55645,20517.6867313815
82636,30716.55931437213
30144,19777.759413108557
95217,7049.507310815492
26255,13416.817882468304
26817,29774.843747729137
86193,15898.673077343203
30783,13429.018950656478
99670,9188.625040569332
82680,13924.610671423585
19362,14557.501294957572
65406,18022.00557139719
76934,8419.985101512095
30160,8777.134352331825
79829,43104.43087850002
24421,8474.26855483298
90617,27762.77267798019
20444,6076.018430813314
15236,4024.642391736188
24477,7876.480524343373
55905,55775.685340285534
39648,7349.356436979671
51158,48595.8399896687
18179,8489.71212242509
94835,27855.267810353165
90349,20454.080561055147
46563,14956.733786513176
84754,10104.10857084656
36186,23292.10181182413
92146,9592.618570024222
76328,10514.87701968582
14221,21810.644226284876
65498,32916.19180744464
55084,24663.479880290284
79528,25355.359825180065
28816,17251.708605985503
72144,21827.230496662505
98117,26678.795169533172
70918,28547.674597574543
39171,14502.134373590638
24162,20880.53251012424
43722,24035.84067212681
21827,10885.09095899643
87112,8161.14585264288
56576,24767.481710229054
40982,18189.52305104309
39930,13246.477512507718
83666,9362.339058811393
44272,7757.306271640338
54606,22261.039513690077
14647,14640.052373195238
49905,23546.554101783066
71067,15163.570738357146
89616,12508.117888039094
56835,13625.374763693806
78761,14897.195408163294
69961,15227.432882125639
45698,14422.688121052593
29259,24440.576301360685
41141,9616.967466176016
54616,8691.990262897994
75948,28131.466869214666
40203,10573.315078849937
27511,13721.50313605541
91147,8584.690018281102
59910,9379.45638048091
80311,14487.60642456411
30894,7634.30234610821
32854,19017.275253099622
20574,16316.194447139515
74351,17075.214801733116
95259,14545.54990006968
13118,35211.65103958546
64763,12836.241770720904
64581,11956.272453472146
24738,9967.20391167104
70059,30538.87792016306
74661,19747.839830792112
83794,32800.112192489214
26804,9833.566439882848
51609,9551.704095157853
81442,7066.995496118809
33150,7396.935023153663
99130,10531.653083822232
12311,13615.381847661753
25740,10338.13702204989
53209,16106.581750452398
86715,38127.103710388576
21975,7389.648039837224
24047,36106.00097628852
16201,3685.542218726736
20129,31677.446829203356
69066,21243.70329908425
73609,16889.12686937481
55776,13934.447319638946
21397,12727.249376998323
20119,19929.540963636093
19977,13763.801235699875
87925,13745.082993423668
24461,7604.290608842686
99481,9310.96980759168
92169,28168.76236337093
59506,8621.207024508167
59396,12883.73282617815
14293,20686.53181046346
62560,16612.142034173965
79142,8972.102657699135
96644,7400.559384182929
30936,16405.58485793738
29997,10965.481268994237
54811,10417.823342755753
89383,21411.84126723463
82789,1905.5403330015452
20641,17965.957892746355
79919,10788.073571206996
60369,30685.33154983029
33632,14282.548202880114
85368,8489.415844763726
79189,8458.071331156885
33213,9927.080594348552
20292,25569.33072549478
21406,14157.36150345001
52525,6892.2205362294335
65729,10187.767191213334
31644,7354.6000201804345
19876,8017.493182438246
90546,26841.569914823107
59770,8108.209313886837
94869,6292.7998576469945
85817,11631.302457319263
60765,14462.993148395019
91630,13047.73436989986
43745,13990.278720648377
92420,45373.21916707375
60703,9060.069472367133
89155,23308.078077402355
82394,18210.995915577765
52761,15373.974066009856
61068,41552.77391035049
87767,9635.46874723688
18265,7396.935023153663
36403,7653.84515628778
59085,18289.343581590634
99462,14443.807506863954
49453,15418.277647963441
84518,26323.78396829708
63864,29127.972137467106
14408,9510.952954412161
62171,8586.509463292065
17318,17364.10055359318
30447,8548.22960760997
74330,14376.155635058858
19530,9621.540662338983
90007,12776.201610571066
60386,16707.886344723727
30595,19639.918561941373
99325,9600.544065085007
37185,20927.746660284014
36277,9233.988823270405
36755,24651.56921192989
16309,14942.69238189934
72731,9580.8297926741
57748,30026.534699221847
35022,34793.72558464826
18030,20173.67772495859
14220,10247.106139980568
53917,12280.370725948973
61960,10629.1461572614
55605,12397.06026779781
73898,13796.674498590553
17161,22479.644536378666
61930,18684.935286412227
13752,9197.311692982708
39132,8718.350497405901
84015,10159.039427291418
26526,24040.28504201978
58418,23423.6713016446
86228,12527.626301205271
41170,7313.386643790949
78252,8252.569225211279
89419,19440.887292253632
74729,10224.615394902157
61459,15286.126910489249
12112,22405.486687104185
33803,6725.738943577717
78413,15646.154161321996
27032,17443.320186829616
76905,6491.841863528489
54381,21240.49021489281
97237,11315.226932198831
38285,25359.05878186066
55933,9700.171449532812
83931,33281.246136350084
28070,11322.490432787105
93798,9194.886674428899
34457,6288.845176928657
62697,24792.747013700995
14925,15622.454573168134
42757,30298.422824202622
28899,9949.591677750526
32989,10727.846209919699
61151,28519.981781040544
40811,16712.355497098062
11926,20258.319337803347
97177,29841.893955255873
92232,3668.0606292332996
59636,14752.429258286455
59009,19064.998243823553
75912,23154.115730996495
92959,9725.657720444979
17401,18241.051106663857
49584,11386.692194182699
91767,7584.816858096194
62113,4876.461583774382
65874,7161.710290498777
34845,8854.3480708329
74562,11096.082545107056
14702,20419.112578085944
68423,5741.662704209919
95080,12037.104855968937
25844,7865.298724934537
83824,8914.367615317764
57501,28021.060330326938
59667,10745.115862549083
97198,28614.672481655332
85783,18370.964862327655
79243,7995.91909324643
13550,8869.623184222375
47629,15100.917398149382
40258,19754.001501164123
18988,24830.111835767362
81510,32619.267267666295
51531,7435.827013021533
30112,18627.017113673086
11490,52793.28739465382
66274,12089.688823423798
71207,26336.0259320639
54185,10675.351535418897
65550,15523.10893025273
56976,14490.76334406393
39980,8502.876695038873
25397,15009.25660322308
32415,12562.09578492141
50147,19021.84890386746
62806,13618.236211955711
74025,11346.74932729793
61534,19215.48293140543
78351,8891.095198702747
88722,17273.073546706546
71984,22099.342600395576
82086,19359.459774956922
38819,11555.099127105746
37578,12840.603168215195
59675,34815.45652056235
44093,7999.845435325506
24565,23333.961698593976
52120,35496.77440870457
12737,26999.458081682456
41276,21252.760697407255
59499,14625.68102320892
33046,44827.99320615205
94170,20663.81093909426
21271,17844.6739991296
47249,21216.288990771653
37861,9519.069276879916
26304,7807.786403172488
68791,11335.40171846161
78337,19853.575660657618
54400,7804.218666074468
52758,25373.71146614618
54771,13961.5015152467
84898,28968.76541147579
11604,7579.230390853943
99919,29950.873208144876
66974,7337.932322783236
13689,14304.499036793713
70811,35289.25952407192
66350,21740.51801358714
79303,7802.0377303497935
95093,22635.786098387274
94736,10885.014062903307
16244,6212.653389642794
44458,8489.781657151942
17433,5398.434938639124
45890,16971.01735929659
99797,12596.184393406127
41435,10830.506167342392
70772,11713.464304927085
34350,7605.749725259127
68266,25298.29740612426
45575,18926.451065345515
47228,29196.01765092087
15212,11407.65567957038
68622,10643.856011284055
22804,15795.327823167288
61041,25430.669830701503
23041,13975.708329188577
80400,13233.152677396745
92359,10257.376813870562
90215,11846.56790361095
60230,15943.488579687659
52841,50417.26849684293
75681,44188.131694378535
90587,9576.457529479958
74789,15308.365715853946
93364,10032.676745785053
67319,6665.0678532401635
81532,8270.042652751037
83911,10059.50075142138
39711,38528.79889759194
59595,25348.731236663443
26634,18933.28614992862
66038,15687.582067829246
87201,29828.553266891373
53714,10794.87673767726
41677,21247.64540615296
52346,30640.266027322094
64849,23855.460829848973
54389,24559.203449730892
36804,22442.5104832446
98349,19440.706027064116
48764,15359.60247602959
54757,7963.589264704435
60196,8871.963499359623
39004,21581.88801555146
48680,10269.834750255612
73237,23012.997649228033
87390,34139.32591014865
75804,10296.872310659202
33718,12009.85432171023
95036,12927.73610714113
87037,16154.735508708747
11773,12253.797894909107
96412,32796.99421596541
72228,10800.377982238675
68580,24961.207055969116
45004,18603.839611700925
30830,8658.754508452155
79614,13127.079324912676
32683,9192.530172539377
82250,20107.63869426029
50282,16067.415509741466
31462,15228.019768930655
59967,20013.686018026463
24650,14910.470116017315
62192,6158.1184050351
21027,14186.17678478648
50285,16198.994745770811
83131,16314.254089024244
32031,38365.69503297904
15694,9198.671642732086
62367,15448.273441686973
45978,19441.855725636888
61358,21862.7724373397
23782,23309.56862453349
11788,11713.148113356034
15501,19681.59462039911
92090,9159.010004193597
19882,7001.759094230956
51153,20232.351246692844
67530,25012.854752626976
54329,16551.778432654573
35998,10528.872199081805
19015,19437.664037850875
82867,23423.13297643208
28540,26933.757180816043
18718,9102.094245520566
55319,11586.265536947498
94171,14052.439062710211
32747,10283.064295284592
63784,12966.057952662819
55039,6395.712348915506
89651,8272.208042267757
81615,12174.89654744605
86702,17300.262724819648
20750,13224.347088701677
83333,12046.811925192758
37698,18202.05442258411
49467,13771.888081327284
11315,15774.349448542305
10156,8339.868041189062
88168,11525.635815110993
95360,53266.32570671749
32164,19860.295336158553
77371,17293.022266691652
29166,9322.12035640606
17872,11891.249713867122
58409,12497.187581460268
74835,17488.346924160385
77969,9837.670846892692
69328,12514.729895893925
93347,11293.568826889601
51153,13086.98516824683
14531,21147.99729988071
30735,12142.440380504893
61816,28210.473272235362
65273,6905.401510221167
93374,17412.326150738576
77272,15846.139411839395
51524,10219.060284452531
86288,21056.047564422282
97132,19649.495140575367
39353,7719.912401871312
32520,8585.538259036604
81656,34796.519001091685
38164,12712.400262706844
13570,42588.466592597724
50179,15165.027101486665
63554,9392.906267075756
14070,24123.150911196877
54760,7355.926456569516
68784,20212.86014580278
19368,16472.096919604803
16630,12894.407318921229
33605,28759.09162492486
89033,14947.922559383438
83830,13452.246276419233
49471,18082.547741488695
47224,10973.09634053686
36287,32326.8469446438
71660,26854.60158045303
44319,12130.660425661034
74039,41327.36620493156
19827,31800.502013835052
90312,14437.207130890596
65646,6754.154151480647
94013,25632.253061784162
28384,17250.160027240676
13050,13677.519969477511
72272,6447.147007754202
50128,7763.84001244695
10239,6758.063259452549
93596,9879.967756756872
16471,9342.203092722193
31626,10683.348899940924
78663,10968.954720654529
29782,20048.8465606791
74901,29194.42406319357
20331,12202.876212387902
21039,7797.312015057392
30688,37977.64562624029
95630,16931.542946627073
57242,11433.4683131164
55989,12511.685144267656
91267,9394.357075018495
33876,14531.482010684933
63821,11859.612631377695
23389,22495.50090532784
11706,16376.326418114308
37609,14824.069233965167
82423,13941.125793501707
19391,16338.759536996251
79378,23763.935150656605
55257,17321.27905530542
38502,24620.2966227768
35585,7399.331616128586
82776,25190.043591040994
81748,19249.772861536676
54861,17239.53919712054
55904,13374.537674401945
46485,12223.964924771019
77947,7337.327089280812
58712,17804.42541434258
90311,16998.598902532514
16022,22609.04836952415
83892,12316.679243454098
65719,8332.194527681557
80639,14626.774187975927
57685,11766.948345051136
45200,6188.861965561115
18475,25497.28614870845
78116,9139.528322161967
85526,10163.471936335452
36749,18519.934412113565
24183,13888.615234182702
99696,12417.022813907643
30134,9838.442812988686
40796,24003.649792152435
18677,23775.528765867213
26241,9927.732419916712
77828,9361.89508948454
47503,17422.043420439128
12498,7821.510647886063
93015,9980.031577130427
82702,26244.074424882565
33045,10928.893176651556
99032,12648.777894445811
25256,52027.151443124596
89641,16884.54600066579
88448,6043.699881172728
20102,9853.839634291444
88816,15037.401750375593
63189,9845.920838865153
38018,4511.926220423771
63773,21508.187384213852
94091,15086.147680389877
35991,14367.868686958558
57529,22987.787883066158
12362,14810.208726804338
69495,5360.163476843076
10428,8789.758334039841
28120,5877.876940930815
39628,17218.604887665704
93226,84238.70626264247
97657,12120.190056023046
14714,13127.287748773708
90213,16057.761224617445
60933,30195.258174027513
48438,9594.798312675342
42868,22355.815158339843
17025,31387.563120200608
69122,13146.698974610705
98375,12236.654544964425
28416,32647.478560705513
32829,12859.412809396214
20894,6447.540622483204
60498,22592.910498015033
36415,22644.74251696608
70319,10556.049637100992
80983,17809.33028587639
58427,9910.991793480569
70968,7377.55108447129
46838,18193.951818847443
86726,14154.681233849715
11996,11254.943808046184
32867,7280.529895417798
20408,7404.582766318308
93543,8753.958385988815
12073,12971.995778555507
43942,10042.019025109706
83129,10507.162617274565
78532,10721.591150940221
90675,33871.31149544123
14735,24403.254122062415
22188,22484.015161004212
48938,12149.480635409222
80617,13532.189944211976
96525,9621.396080865561
23014,6655.481899901402
60482,8392.997640753492
97588,16101.62581582375
14103,9665.057685363641
85861,22172.950807471752
50516,11981.285135753222
29540,32120.82763659921
56770,18133.698021900193
10077,4991.616055880029
16880,6442.98226336822
94712,21450.62654193585
64698,12821.195780006074
24337,25856.79894663511
47994,17603.02041452302
63393,11110.199732704237
90155,8141.999639408805
89061,18748.05230997583
87355,9068.388060578105
73816,17937.729908402394
23637,12648.777894445811
70742,16765.819066509786
64363,13817.499640568603
46829,9593.551131731298
55667,7007.163097073022
49895,6477.756979676273
27136,12591.38627560485
48015,36770.591278500164
70523,11638.043111982337
63056,12664.171781449339
28988,9732.533897902
57190,15196.904551722604
82750,15333.10102929392
76006,7837.742380152293
97939,19890.32784112928
29183,14573.977135823512
92381,6935.472293055416
45642,20808.223353949757
26410,14018.124945231059
95942,19497.082559794744
61811,10387.073317948976
89626,25530.216679774276
18208,10658.183107386772
55302,12936.817223500286
15278,29929.299434751112
16293,11344.792016731968
64919,12857.934261884917
19123,14527.942955944774
95183,12789.529627915173
55708,4839.7738214071
56013,8554.292218076267
97429,15572.575509669254
59376,19650.700577813463
97857,9288.029747724868
38512,14138.993165679078
85078,11182.829145285634
20589,30496.888811457706
93192,8466.510201120953
11909,10743.882970249535
76315,16339.937256992045
95057,15493.118244005793
73119,12057.200946461173
96100,26109.335886129255
56887,9872.052082579554
54349,32736.729776059576
25270,15270.139415892048
36266,34295.28434931171
21088,13201.188239259005
76882,7146.410084125513
49531,21843.86419864691
18780,18241.21455459964
46135,28509.201233471693
97889,33748.789389461104
31138,18666.853271074604
66712,11428.893330073357
80599,16872.045573648313
28938,8353.98201534938
84478,11309.523957001242
44395,18286.15955409878
23994,10223.61130404384
76153,21973.82789546113
48337,31866.813050679826
88881,11215.909413251047
15414,20806.243472358736
48008,13159.303381486436
15189,20677.843579926142
16162,9798.81804208002
88647,21688.453940953586
60019,9584.687853516629
53358,19426.14067867556
89269,17404.764444201097
87540,15393.099735563812
52662,22258.273592805588
56097,11452.342358007254
40763,7910.316754929565
42854,13400.044120292892
69443,8017.52604309484
25660,18291.459414821922
11663,13956.94990092861
22624,9662.707639660406
14895,8106.936871363252
29414,11696.111709636536
50560,13184.127033541794
77067,33919.14461590625
93905,11499.90060916618
85028,49498.61991621755
36863,22518.171152490726
65086,29485.750641598308
92904,19357.308187562103
67473,22779.4932398149
82624,12872.321579160794
51805,12764.230237910144
57261,17785.627927833342
60693,10191.377132133424
37678,9972.984036673697
44747,16549.039995851155
92292,14927.057312576599
55430,32314.377209445473
35887,26944.579515519046
94514,9719.900251907904
29571,15116.441108974554
73701,14059.860644454453
64903,11323.587880210882
17778,21985.66138812367
91994,10980.939586733024
65568,19223.068671435238
75753,8130.487775159907
70373,33685.44479455706
86765,9428.99315898668
46266,11549.065193331358
98314,6001.209976529859
81011,20466.066454075775
12987,25444.717413353264
95156,42346.98760038418
90840,10386.445190522
41170,24900.45954714473
18614,33099.42956593682
71016,15856.623238402151
85034,26549.555801984952
41337,9525.425771550836
34626,23203.829261710707
97432,6920.513102484121
67075,14814.007326931842
28274,8963.176828378859
19435,8474.783327985377
67513,8053.523148131511
25156,17621.598909457447
23737,8205.546121487001
72952,13625.411384014516
25318,13442.944066962684
84158,6445.787084687236
65788,17501.475748761244
59166,7269.921422359195
73310,10204.84624453193
58239,15847.231751932903
95187,7530.904661024297
66549,16472.497268050225
95667,12753.551242671874
33516,6946.496833972513
57919,11041.092595662605
11804,16118.678487879211
51507,10231.664611236825
11738,12261.049853396982
45472,8909.523122430826
80093,29712.816122767545
93623,15774.349448542305
34691,9131.416681283357
27265,18483.189109670777
87379,8942.311488800207
37883,27518.99668762518
98540,35961.31863622209
44622,7456.824510519262
40037,28188.820940168775
48849,10856.319259443299
98127,2587.1912961474936
67700,13548.415310843446
89095,10081.907677807974
19223,44261.56528163624
80957,17410.127822537055
85692,7563.7405537767245
45451,15320.260351991768
48996,14677.900577495097
50054,22005.22237311899
26896,22301.13699792395
99082,9002.461945328097
24068,12298.676887534673
55840,7978.7798153477
33173,13232.061358745417
76126,19340.32549063896
43438,12729.479924449572
30669,9693.14240406182
98508,22112.55950664771
93123,19169.757112509
18271,33993.80914893626
50465,7670.863614598893
33602,9616.363495661404
34060,28948.981646983822
88371,31550.775588492128
78350,9815.853807022562
13612,14566.251309316798
73093,48200.94521460576
13730,18501.511595723554
38252,8450.39564230828
26034,13700.719188773153
11706,46474.69561688721
13489,13329.217053471577
55549,43692.10719813902
29256,11896.17032008259
46521,20469.078156253127
83398,8685.509895280284
26332,16143.461127268116
99815,6650.179406331512
78507,10767.01007395125
12946,22900.99053434041
38258,54623.05145660512
38858,15882.087440158992
28404,21990.815791549045
56745,30581.506106123652
72615,28098.26886298971
99554,11360.121058408668
38209,16174.887840000769
30200,7834.799656747444
85859,12155.229383520378
26052,14400.731082606735
48299,10320.495078679913
16905,37190.52637971957
64285,13462.047599656338
27258,10295.993221128982
21018,12869.986034883052
52329,50159.196405385635
21436,6267.859854262593
97970,22487.32889158366
73837,10783.102993800567
72176,11136.212591384425
76535,17069.49665936953
12964,14372.349196730253
72396,14121.03470669373
64174,13473.324424093233
97473,10282.226991480022
28015,16994.82546997205
69387,20820.858972143003
20337,24894.35082922689
26536,17971.197562466255
42538,15611.991925890476
88554,6447.147007754202
62375,14886.09314665122
57217,8779.247651733964
62238,30901.252601109394
15193,15549.007237479194
78860,5679.601032781089
75877,2906.2165264891355
93064,3690.2972962344174
42288,10115.05212376216
10922,17306.551801956208
43658,15122.761247951501
47895,18023.767456332444
82499,12775.175144440658
53665,9186.979447788934
55303,14832.544009292607
11236,11642.030822190805
74066,11505.87061054377
47703,10290.649154470955
58273,13480.387816219756
83813,16337.817749698732
21128,9965.321692434212
87772,17232.1497752742
24121,16256.207588856
86958,22066.93046849296
67588,21112.268480914267
31508,20365.05972001971
23914,12713.454365508387
70437,17370.925553815065
25837,13271.206035304716
80328,7990.060366627982
54580,20802.049629603895
26315,16124.590571617666
45769,18400.707004334537
43596,9918.012385400083
17671,9456.668643177763
10932,16205.084087631983
43392,9924.32218233015
53930,9668.197338014335
76246,12979.501437231547
65476,9289.683061039583
45503,19517.55987798715
84092,34472.90647854638
18839,9583.543461726344
31316,7896.993280384364
47278,27138.276701007613
18664,8543.86843562019
94116,30476.889194373736
20699,21429.288698326414
48776,23657.610191457632
92763,7269.424755135844
58861,14728.748762453499
83423,10374.79884552753
57477,13416.987121352911
12492,8768.811639297139
86970,15741.265919358244
63803,19692.527555468856
66779,6739.222654744524
36987,19002.757863416424
95293,31106.268012394226
99411,8844.812166164807
80428,10907.707696928735
73379,29417.98523081648
62433,27592.382701539205
28959,21465.775538009475
68546,26792.22491499029
37001,6802.31059325742
70759,16391.728448412345
72257,11745.496360220524
24158,6599.727530687946
38723,21206.691238239277
85734,7190.493639307766
84279,14175.836452748015
66183,14341.001078817186
31650,10417.823342755753
67732,28569.867509273725
43980,7455.681758477127
11656,12565.543015556883
25729,9656.834604724483
95300,16206.708237780489
99903,6385.295360474212
19949,12642.321020504536
37730,11557.2312222983
80484,10920.034357516824
46680,11523.848627360814
35623,16863.947712926565
50286,5209.247869918692
17419,22361.088881842064
32980,2269.0493379718664
45002,13496.96199926073
19307,11662.206267340563
56991,14127.414788452264
75625,7220.368952722554
37337,15083.170634821447
66266,48137.4520127274
29247,6729.646584701721
24566,8803.952982899455
14765,11531.840076931046
49261,19550.712175434124
49333,11122.734335815943
57608,9135.091936217314
98170,9461.989581716633
95066,22202.842121704423
14262,49150.84408222047
16873,29596.498891126823
22561,29011.06412475054
10549,7292.2601439717055
74570,19146.095155347743
60549,9900.29748911045
37985,14487.498592168655
70500,20638.18919296465
46341,26609.649403808307
42120,28758.476637136326
49894,13771.506598446784
87634,9865.820758449092
11961,8153.8977464719555
80804,17026.63355896864
31694,14900.118784181192
13801,22123.267748193815
87630,15787.198022131355
75728,9662.707639660406
38525,8087.07235706463
24095,10853.650304081899
35597,12197.982959423101
21329,4119.340785953023
23635,18200.261551938245
85696,9479.303326379566
11890,11711.400050165837
14416,50131.91690138528
86341,14443.935096178568
31540,6935.472293055416
56608,14116.242956225235
15443,13278.782574641664
71882,15789.895821743085
47899,13587.996186368935
50399,15763.414110959171
62470,8179.5948032415145
38740,12649.6942222041
80327,28280.143790090013
23612,7626.656091881847
94369,10457.598706487915
46956,10553.27756836257
18881,23202.523788868406
88705,8757.628666050734
78938,11697.35250744742
13445,23187.663081898176
55770,10258.73717627735
85485,8725.948208999343
83832,8959.166233701455
11303,20478.618477770186
82746,12172.229340415475
88244,9477.541780672746
64157,28596.480325876164
50803,16705.33224920695
57513,14661.677563509915
32772,15882.324850580006
51520,12251.67383954501
98865,9990.731330373386
42957,10974.501388109633
14998,5930.742205135941
77592,7601.69155332632
20664,2468.5522649520135
84091,29278.935144731666
54719,8065.908250908826
76457,7107.076002299669
10568,10850.988831693645
24683,18848.865089331557
49839,20749.565457980254
17946,8391.07050472356
17589,20588.242478951845
20408,8713.294810676383
13610,26709.515037497684
97675,8029.500102095817
50725,12910.202117130264
97927,25860.36212204535
85593,25318.84882761153
97134,24800.08180390538
11671,15646.476707563765
39942,21438.06965081875
52634,13406.893922238723
94496,9099.659925563577
84539,11542.104569230654
64884,24468.5011426824
89770,12106.029504184866
89237,6698.271531633032
21921,20190.098099046496
29596,10630.921096317823
90447,21088.743466094515
15531,30720.75920102629
54010,10188.623077122254
22334,6756.354812733385
42713,26887.30875016742
87726,11485.77313113133
48666,15656.370599045244
66770,22192.16550096546
19773,9144.223693299153
77476,20754.7064863507
78372,25490.494975772293
28712,31342.16766763842
53054,12725.252235840208
55846,8302.646107671142
88577,34690.63322902616
81340,17482.071071377883
72507,22908.298989162653
99187,11541.347616492261
50278,17256.96362952342
29097,40856.14949113571
21359,12954.396223892427
47327,5074.754562256938
84371,19349.526882901904
22672,10626.44548107106
39507,7855.7798053573515
19209,16538.961246491544
43149,23363.699539708807
34559,35831.054099396155
33464,15022.772728666047
52086,11707.78369481465
55451,22410.734568376436
69473,24332.890642331615
13651,11867.078654640107
46390,13184.399144715013
12497,50035.33069177543
17743,7851.303214925809
54348,14334.957604313313
59859,13871.767550645818
38049,10059.50075142138
52219,7802.825661358325
21565,7337.327089280812
23949,25630.671392724496
67739,24531.589979446973
60183,14400.731082606735
44410,10680.496424302804
76674,11813.227320546208
73061,21644.916847161734
14218,16239.43072514138
47389,18577.71939359526
66698,27484.536496309887
86631,13255.53194754761
21061,7775.31068049617
45193,16134.683055183226
12838,14745.076983872956
55582,12394.817182928484
34631,8181.356656396154
43460,29676.41047343192
51091,20468.22046001256
73255,15159.852871670337
67597,11077.728128884017
54840,23440.460117064526
17722,17339.218138596672
18351,9347.23558401547
37538,29102.397696562068
29095,23091.59008625841
22633,9507.517696140623
44657,8107.220713830238
87026,17109.04132898167
69387,11091.391568794854
19796,9031.280830661099
17072,8105.50656034243
41502,15871.5840559077
70524,14313.353597648536
57489,9915.317474635965
36987,13480.491974982157
55269,10700.16355911379
30237,17360.287090413938
51812,17524.347828467406
72874,28397.766127072282
97176,9605.046981408104
87516,9641.39316387581
69667,12744.010561324947
71720,11744.711528078817
29990,18384.380530669445
29660,8625.0177864517
21757,12870.66493654386
11643,35617.39277937796
59690,37195.22966601538
86450,7510.780248269473
13768,18998.010448731926
96681,16921.692713421715
64596,13587.898152488833
46402,21253.923863006275
21829,9946.360198407157
49579,19386.234874770475
52693,50373.703940781
54796,7392.339754071834
44829,17255.596861879978
18403,19603.233337921418
57973,9708.556851192376
13524,7465.312852924264
99076,8420.716014909205
57491,7220.882371546855
14643,9571.40848857128
29052,6659.613881080861
22645,16187.533849088044
40469,16455.236784259436
60083,15822.787804273275
31524,19299.75378263577
86553,11292.387661576638
47697,14269.139590306328
67131,11229.671910380062
48624,10021.751203622596
32859,9726.753955237198
37634,9132.212769940717
77839,17519.726417547863
83313,19513.903821414533
28201,73730.25782539256
10194,24462.330336963183
78921,13504.817974360247
54270,10017.352355688661
58876,10082.524854812955
96938,6418.33690323279
88450,23489.866510803797
20028,6767.713326693129
91911,29209.683093824562
17629,10761.178058444315
26637,21119.97609100752
94482,19282.024143105
21300,13776.215233895025
96855,13994.49574502217
47708,10352.777717471978
14588,20345.135440968377
66865,8060.879021255807
10525,14307.808867891681
70841,10417.512064312388
18000,16295.151821228881
86437,13369.470443920807
69539,8797.657368286655
34570,18696.984929415336
18109,8694.124420469176
91058,4305.3574654755375
16357,36468.67563209025
60182,27303.218815448865
45526,15303.285870639102
32419,26744.065734795746
76581,29853.54581448042
62070,15733.727454754693
55649,28365.79482467131
83885,9577.181484673862
36605,70898.52381719323
90498,15374.69382703871
84049,10028.833539086083
10548,11015.940677706276
22408,17427.094632985973
28953,9361.137323555948
93693,5976.588202754105
66183,7404.205352932935
87395,22859.411405608873
93835,9367.259990212746
11508,10216.242547069813
94206,4615.934440961075
87834,17956.59565502634
27343,9945.252165556805
83309,9084.53512336421
13323,26513.731541903868
22039,20069.64197646463
91574,18534.942573447326
79522,19889.985058428643
71667,25863.284609039598
44103,10233.672975114503
58302,15963.918246213565
74449,24397.305537859873
49893,20181.37171683225
93391,11637.834995499328
24911,4437.268416376448
70993,17885.552620747567
92788,8994.444356553708
78339,11198.099412579963
59795,21947.44576107889
68184,9764.711172469124
26622,28441.66902016645
89547,17471.81357223804
88783,27068.21748249685
14272,21107.73251498344
74441,16955.249428746883
89239,10123.85934818194
51872,9661.410979175147
31820,21670.626637297682
31599,8819.698269294502
69415,9723.242216970066
82705,13255.58927799281
81436,18656.07358787997
58849,13680.209387148663
70337,17870.89311604633
19655,20045.308193059376
98288,11399.24763975017
60462,46343.97506564195
10528,9842.780733164178
37729,17099.88267316561
34754,14515.70252845643
39485,28894.141507759105
78878,31700.77765823147
13883,11461.992472068134
24100,15110.222066384458
83791,11017.423312104494
87325,33379.84046917384
82851,11335.554626614527
15367,4590.934821402414
91041,7782.69441298856
81923,21388.10644844656
42399,6645.188160564445
59863,19322.099476169875
67743,6223.616994130189
38994,24399.848850296126
53696,17297.519542159014
14372,22484.99089758478
76533,32429.710448015703
10441,35811.00141718905
71203,14114.308132714808
12647,12482.93876615833
73277,9897.528226354865
87861,11749.833101072636
26299,8925.81601120763
48002,24619.999554243335
32314,16858.324896398717
13253,17201.566730657392
26002,16420.544503546258
11096,7344.192621761753
66570,10845.150613057194
98016,24344.874799762052
18485,19269.185399506645
24083,17986.3574121778
66413,15009.995277806707
37018,18395.509681013064
61655,14589.650030855613
67016,53238.63068333375
87113,25263.374215895157
32392,20762.342705282274
14245,6700.693675935499
53556,16698.81257798747
35026,10636.14509749278
76609,23243.153367475126
91221,17402.025136588545
68000,28269.020354206586
73591,34589.1161707935
62551,12597.276719375179
97226,30547.192724370077
82306,14430.692495686042
51907,10395.34797336358
46051,30901.214630598886
37377,11664.343393884546
84434,20218.304476310892
48269,16538.812853566622
94067,8575.277563933005
62641,11624.503926545782
56982,11817.10079602151
30749,8419.464056017381
23619,12097.506923724137
11611,11215.730431229507
39468,18019.732598685987
30612,25743.573565054376
65001,17067.5010582734
32733,8020.525105336885
48968,11276.30051432661
46070,7529.395306312619
92245,9428.99315898668
94539,11067.826840328868
11955,9931.518858428271
87972,8545.973745875575
43604,7926.3012981302145
89083,25054.625746192967
31080,25438.279025040803
89030,21126.11162596319
83370,12802.809841489077
47878,11644.429334397915
52619,14041.506325398605
48695,14190.606561273053
66384,35812.122328633326
80288,13296.094297855905
29113,13267.578465840255
37724,10098.408673550015
87287,20519.310390681734
11070,16272.45317512406
10705,14007.475283350996
44062,25506.292542552474
95498,47796.09433176413
26062,27910.787899422598
50904,10786.611101449016
15018,34843.98812604984
37494,11779.26222965764
34609,7522.418707493838
60057,19273.815520468295
48363,16952.12604944055
20072,12376.094030511398
13785,11257.780040414975
99420,22163.953719230733
55003,13931.400657184855
97836,9621.540662338983
48316,19990.09844147637
21640,15703.208444844182
85942,7831.405750590531
60158,15895.966717726973
23133,38751.015223914685
60512,7843.755670209415
23489,14412.140520938909
87091,18656.849482165097
71800,7793.416874522998
21316,25129.31053662302
36628,29593.64276515812
36211,19557.7518934626
41049,15643.58968030957
36071,25475.102499397974
13965,12565.995450789876
89158,32416.889291427444
78758,14051.689053319998
39916,16066.431979397435
75130,23552.76608321551
17044,21362.375694083814
58471,16556.305361945506
69307,17293.911932028015
60259,33720.09847483864
35164,9547.776067133304
34012,13824.949983992872
64945,7234.053056372315
72620,2761.0902964125235
60959,7121.4696136137845
18728,25112.02484289632
46778,6530.387101921469
29547,7660.876013140507
82720,5143.51032650776
36558,12662.811723059083
24622,13277.213029958328
91502,8045.0657371345515
37990,20214.359831804984
93159,7184.876746990905
10443,7583.964105968342
10194,9217.697286641203
64306,25640.337287282215
52391,22205.317269157105
45430,12217.045506737348
16219,25442.39799118907
69252,18035.93864453704
88564,7865.269094002719
73528,16128.303116088839
24270,15081.554161006858
97026,21673.13292619476
11874,17859.796695434827
66637,9639.10807590603
11351,13845.906841302325
50403,10450.40162764212
95002,15857.99990454089
53645,13421.258691025369
40490,22908.858071427883
52746,11391.748659156223
27983,28433.27282502134
51039,9847.82575126104
46000,9850.079698971618
80072,10229.087374613795
20536,35860.24741699983
49646,31165.02980469756
40680,8259.679947181286
85218,10474.118282301846
92280,25877.757959381117
61630,7972.408932177206
96497,32974.03582814674
89943,29207.632712045066
94807,28694.763928398526
64692,18898.344096937442
80027,9534.351898809826
78547,25339.364652129072
21769,20601.784240037636
43539,22255.751138661733
80692,43762.31460728865
16764,14639.480892540596
74811,8572.75982648138
69637,14893.71897417278
30194,20241.877722728233
29588,9400.445801019006
90985,14229.199452335088
35254,7393.588126778603
70588,18199.126451436052
68219,21683.651001175385
25776,23601.57058545251
75691,16504.158539450385
63724,30635.837928887955
20839,8960.448989239481
82329,30113.136078005584
46116,34130.61181597391
19783,28716.29593653541
67620,12852.58769373805
90306,35311.73244200187
60783,11463.381252991398
64927,13243.567914801686
53903,9991.380585585808
73326,11590.649708094563
69279,11121.524131966271
57092,8790.21657267072
10728,18643.422534589336
32130,13832.745189391364
52214,8301.018728307894
32413,17365.960985391674
11564,12258.02127670847
74384,14161.528286591569
32000,12845.766542335286
27384,22396.352871964566
32083,17634.386588440593
90210,16129.599631281522
66764,29257.9401251588
33514,7571.895439323467
30289,26135.21269228002
91927,27050.377286214454
98457,31986.589309032905
58342,4491.204856211723
21444,11832.683203272574
10568,11894.317024395601
96543,8592.734954652986
92759,42900.37478293362
85155,13497.454834379367
34372,11506.143963407729
36280,57424.389878175534
29933,5844.419250658746
83731,9763.581094266534
40927,12831.35261199185
52392,11740.3086886632
68349,17567.888620546488
52500,23573.709343896582
46490,9103.056633037671
52906,17473.136899875048
29874,14259.007874623794
37904,18893.730189292397
85169,11124.96715047212
81263,12501.571162041037
94320,12780.502488665386
12196,13791.83126112925
66748,9955.36560125471
44272,17493.517637318022
18391,16339.156371733256
99483,27304.013011306626
99112,19161.229925213476
46578,10224.108810941416
94172,5826.848909488073
48090,19900.900036169194
78701,26708.32497783175
24653,22599.57241702137
26916,18512.247107653573
67627,5604.096210318394
92562,10858.435028011405
32597,7473.43900547478
12294,9698.895996813284
19117,15066.332167573897
98772,10460.186557562718
61156,6697.414275510226
79012,17185.155205970736
14774,8313.894864842261
48108,8883.721162932412
93045,24753.238433757248
25352,27170.45893636751
78421,16858.90737442281
35953,11309.523957001242
87083,11977.234866556431
72429,15039.668558681931
81912,8030.756510893039
72643,51095.490517665894
69219,16270.172692324724
13074,48611.36181892379
77263,22165.902623709542
47009,16185.21206019041
82234,11849.70044934137
92721,13524.252563575472
82123,13402.144024012145
67047,11628.412820252383
23912,14787.871170359671
64648,40101.806113136205
96732,26051.357771812392
13402,22529.410165842244
57727,26717.289618998868
94611,24630.467709651275
87203,13299.420088149864
72357,7612.732235992962
59976,9858.654371567318
17873,25331.288147988973
64729,14070.069983965599
63016,32815.34113875032
23897,11094.892883959194
27964,23235.09539728695
33724,35587.95165980426
75551,9144.61245459012
23668,19192.199880515123
95547,13839.962034652583
49324,15085.495725483652
16143,20406.340296978065
86611,10255.129699622812
98157,12593.491700434173
96617,6935.472293055416
84486,18866.98886121252
80528,8617.08700126826
88288,19737.99000422391
54534,19781.127321272073
55847,8126.158904483831
35126,10522.446724623958
66145,21804.782995106583
45938,5683.855833314212
14898,34213.942910281155
84171,8935.607678524078
14656,12340.621849838046
46533,14642.501039829249
87466,13560.968096961455
26654,10560.069061612623
82235,29204.766907029174
31162,23002.63088157553
84434,13426.223053409129
20764,4006.2473111155323
52818,12677.758564789881
29418,17868.595863608713
92118,12805.545033135792
18157,13122.495105400698
47613,8367.635301994336
90428,23317.439945739592
76441,11369.701060380958
36329,15920.867618754806
22837,10017.655688568415
41312,12134.98951162017
98793,9515.673113096142
84753,8979.871910899583
79963,11698.2916381945
93889,22690.333843779485
51496,18312.231250032444
46022,22705.099224773126
95948,6844.576115639196
67821,19026.514910591755
28529,23751.610074460194
96699,11760.80895684871
62736,9842.780733164178
60154,43865.283542677265
99985,18291.52904486327
10864,21151.578980009035
63660,20209.115070060052
42101,10603.096419043997
73719,10691.234628028193
47071,20509.54532500438
31428,12993.930749617004
42343,8620.590847873238
60464,10426.934459419706
35218,10349.588745488925
39613,8996.700183310022
74822,20050.871372735066
70027,12837.572949669206
19861,25485.297752267612
92164,14237.443322711079
53770,12163.01928717635
83704,8856.354324822682
94503,30166.506093883112
39455,25688.244065424456
91874,17300.269612483604
76738,14776.050623642848
60719,6424.1909962761165
95507,7952.570864321762
55025,17828.01007430357
96233,23889.908780971367
21193,27871.554863950856
38898,9764.242908120306
94553,17622.314758172393
62351,22600.058694442923
20347,16984.7507446672
84293,6234.315413608179
64379,7982.646521483186
64372,16550.300890574505
82204,6640.837345709115
79227,13302.78283715036
59833,18577.26387943437
58784,11559.442150111692
65299,25386.703367271657
54548,18208.964775589622
28363,24189.682083478307
92058,12982.793560075159
56889,6880.311896904024
37310,14978.589504428195
16186,25976.52725128717
48311,13785.354945965817
86942,17254.522523174383
74777,11116.157803594295
78590,13052.899228665641
63119,7151.357764949351
20589,9764.135655566739
66127,11942.669355945785
12183,6638.554857689131
40619,12396.290253021829
29640,10644.830707145167
74481,11071.109454369678
67033,12219.899611185068
64998,14319.808994498595
26884,15351.173174703696
92392,10234.08606957377
18754,13175.00222875601
38376,10121.944242639642
52388,11417.791799375327
48485,18681.667419039968
91401,11647.512270852952
78137,15631.270773164157
70965,11811.525218846848
80983,17873.74593938182
51342,16887.796005545446
27353,17476.22017965087
47692,10598.140099243497
58379,9374.02301993639
68259,10142.0656815036
72570,12339.188811924345
57001,23468.35295868769
21480,2988.5170591334954
53919,25980.051361395228
36393,20317.200204950634
82852,11803.637433776461
89095,62210.79385776134
10348,16086.98752378547
48820,10697.850809620846
84578,11027.443604925313
10805,25646.313278130372
23256,13159.303381486436
40616,19653.69582573165
45340,21923.044249055794
90696,8307.561787834822
21082,10609.862233395354
62142,10637.335841861604
61179,15917.68236183459
78279,7606.970357981072
26049,22109.474928836768
68454,14822.4253609269
33468,10472.138372805357
24183,22936.93080410053
83192,33496.35342129011
92194,1646.807602119692
69811,61358.41384417179
87557,8865.207485861934
57258,10014.387778608056
19482,20383.188520603708
63378,16445.93338068163
90042,31413.73381633083
64341,12799.229689973636
92318,13562.014888494607
25324,9952.4377264471
43619,12339.269044325123
16989,15097.173498378641
27828,22407.02816464982
92151,10423.310618052325
54147,9658.619898409423
28112,14060.040391039349
64399,19508.361274597162
41029,27584.522369410908
82909,9764.420384805398
76209,18675.589765327466
89040,13897.17211529435
83046,48263.529679216685
96139,11551.999741696407
53297,15857.99990454089
77450,18467.895429231918
60533,9795.326955094813
94667,24812.978698519433
13843,10233.781384098322
54749,21564.556159737498
52588,8190.433156349571
93194,11020.534211724163
64768,26643.884597320284
22256,29895.065151973933
59226,21118.961116628096
14517,10438.45646844323
64905,10650.121218462227
38287,22257.80076365408
43354,58393.52467607501
35339,7640.476368102338
40262,30688.420833642904
81673,15879.199642311025
47523,20046.117108898652
26773,10021.819104774417
62022,10077.689553708124
32398,27503.023624136375
69380,30528.567772285016
58007,14415.542177437681
22910,7186.619762465951
42870,22073.472439337853
92908,10370.896253240648
98015,14938.37999835239
52671,24841.18189158964
15574,34033.54685550229
46156,17006.305512271443
63705,7603.401255724513
67564,10485.520304264874
32849,17226.472369017927
14535,22060.236901436314
55111,49174.481740986594
26138,13121.3632903207
68456,9105.98074662846
28894,12228.28173406163
72292,13280.238104339722
94538,15337.505564618357
89870,12890.307897442224
21637,15418.55488149437
63398,6184.948282243204
56607,3054.852765497002
27643,14030.779056275696
19686,23541.15868425494
11475,26871.986542422605
19766,21462.172835900063
49348,9663.99302544838
35442,10663.2703251926
62564,8589.024287355227
26910,33924.93165748434
34150,12696.608417307738
17117,12808.372081035479
72677,21609.934404145773
95176,24645.675078717813
54046,22588.916069174575
94146,19722.26707182159
23822,11753.565163845673
80081,10340.748239329754
31752,10584.020612289987
68521,15610.194851459275
67362,19970.756282659913
24202,16837.848762136633
20674,10157.071276398092
83835,22396.384498405838
14700,20112.949372187264
18892,17315.522479822746
13883,12572.334495711235
52074,43250.585305047774
23639,9553.643590428852
73638,8977.88693387738
50503,18888.514060523896
99592,14120.51963132065
95344,24908.856281699074
72442,14372.349196730253
94284,34529.341047007096
35755,36133.339702472396
28878,8558.103549898851
51151,14653.205118064021
39517,12038.33387857192
78919,13947.068307691821
35037,6428.188714575454
39732,5093.471534501361
29887,13168.026434771084
98156,19178.82267914481
85329,12003.72753406503
54962,20449.394626332254
55112,5213.134371026586
53185,31544.0474751867
58309,22054.299358859906
59179,23203.221264301297
96054,5591.495793137126
70901,22042.817880378017
27278,7062.7042609278815
79544,19184.114702602295
16732,20279.651466552772
56944,18005.944992099332
87393,28946.775472485486
10230,8672.024073288023
85401,25882.86472843634
95576,56480.358018438965
82493,12600.410978877308
45403,9307.088256249415
76062,13807.362887018926
72582,16519.554018743267
62537,13162.001002581648
53202,33047.053060871476
65111,28469.100127476377
86273,15772.199921939828
82981,26874.83163596869
18467,15701.512476856771
35346,15858.288395095546
45923,10592.667821788482
19685,10432.795093084307
23192,30520.63074563258
51495,28464.090966473424
53973,29343.26828406556
84084,14241.613190913087
30679,33557.30556687317
17241,25147.984809511003
29158,14548.732759269107
50411,21972.894446677798
69074,7120.16833543885
76334,12998.663019091857
90332,11212.292443198738
75732,19966.8842381711
32994,11695.78611136293
80516,8140.988089333887
93811,30323.66830859163
96218,28084.387013539497
83643,8952.512586613757
50022,18178.667620728378
53396,17784.872480478167
18139,12713.510129825348
64044,7958.1132488200565
92050,16801.726414219585
94253,25530.45962520283
43925,18708.86646431883
25827,9289.683061039583
31552,28136.88061075299
26249,13596.870411613385
48098,26449.471085508958
82719,11768.986611604061
87434,19124.629637360456
69245,13461.479995869138
74613,6623.66409252548
72265,8577.854068122273
60742,9807.707473971463
51521,27048.31094061018
43003,7790.4594618914
37149,20887.83031180619
50694,19445.54204480306
88404,9665.057685363641
92129,29408.411839515942
91593,8526.720039184269
42433,9265.05878463847
85602,34509.54370116252
85709,18758.029033055453
12950,6885.775627756602
47517,9955.519729532323
74143,12768.759746659893
65643,5479.641332613057
67972,22206.29526464691
28154,12413.80792969755
71457,13896.263425950183
78313,37661.55663343148
99944,20277.36039034754
11431,22332.875385334628
17035,20222.617513826157
86954,8881.46251023477
18305,13150.396395449183
28959,14613.768897822316
56561,13672.117655386277
41497,9814.934488746418
21842,7183.0512073564405
68055,20209.47537203526
21443,13405.904362234982
80087,26381.651431905593
51008,10162.983092744042
12512,7237.307090883782
13540,12752.727514702718
80069,12281.80579666462
23012,15790.99387628532
83962,28474.06757733644
11229,15192.312037018368
54744,8809.577353269473
65950,25463.96885295422
86536,24178.14509897879
72369,11005.772560366931
74307,15816.330776370902
86422,19677.062136574645
34096,18996.319103157733
18208,5881.605762251678
50919,34505.82388316651
83393,7479.118129909875
84427,31086.488590472843
72483,9162.197646937937
36958,42538.95787955517
61210,8119.2023551993025
24855,25436.30571101499
85646,18076.43916578544
14297,13133.835090443792
31556,10806.461222042659
66045,6890.133740341955
51480,8816.43269407161
96132,15312.51903217373
46285,55157.29035379514
88237,13204.329047351204
58695,7671.462431041304
52490,42044.137808728585
68525,23197.209343045106
92595,18785.12785133671
16760,22401.977201777412
54188,20215.11078875318
72391,7883.894520886608
21364,11881.453396862733
63652,9299.584956491562
78220,16798.12837039802
63737,14335.688490385977
51433,21500.572268418204
11389,38140.51724084742
23028,13510.579232167565
30140,22871.580322993694
11293,18596.763503989063
40445,8817.823676124794
56812,27794.65165861058
98582,10423.374350348782
29077,16705.896813657047
92690,12209.65850578688
28354,8519.120832867333
56293,26282.102505533516
80234,22051.99104564367
38063,18396.719833391213
67794,6884.901608687804
94723,14770.413053765149
61450,4684.677776334223
13124,9669.87217178037
73761,21368.689599807483
85968,24179.092771319978
24319,29676.103339222456
57742,12966.906594364722
65324,29275.984207324764
68945,17256.550136928592
44914,15571.52205729369
93758,14927.939521586877
26757,10658.362228887003
88645,26218.40220103284
18617,11258.248597833994
58137,6625.760458664268
78264,11286.536809050545
59879,11442.39619085109
25735,6840.5406472131035
20946,17538.137063328635
39577,26840.538092650662
66063,12816.331114967792
86243,8963.781877851763
62273,22490.24166002017
91861,1513.8866793397192
70714,12116.82792833441
89610,21701.531977727842
56985,10463.364786814247
31450,14685.573754829322
99635,16972.59870063381
65562,19143.319093523583
76001,25675.219374120203
53704,9789.134417025623
74253,26288.22965007057
98382,10708.442870773588
86602,8018.982431027962
31174,25997.52751823206
64747,55026.05025826459
57955,25135.392448424245
95856,12194.823286726936
54685,36881.26924878948
83341,14015.584475320924
46078,30096.19245372746
14633,14126.015419857215
78789,9102.924976648832
77738,12231.204418065456
96163,6334.690404345354
95953,13794.618241350285
31827,9215.761748785071
32127,7822.620649868482
16386,8728.594448218893
50323,13583.848153135305
57905,32779.98832716897
86687,14926.394382049208
33424,9128.07054326579
38425,19306.920332189722
55491,20337.056424545546
52080,13066.694214426898
56425,7938.40118509119
80816,23396.465156901017
28963,20100.376391566188
19350,10510.379903153444
56298,13209.738346357199
50646,15141.682044577796
92934,26035.15959848962
44320,11007.3818683822
71049,9404.430631877833
95338,24234.705592475035
40981,14585.068076461079
59433,12756.429238277857
90356,19857.42719288774
86148,32542.385317708737
76163,7004.476923977698
38079,17416.179669935056
60474,8971.43669562183
60247,14418.74832329039
70538,15192.874100205454
52004,7316.464845690703
37628,14442.181674879503
42035,13368.453571214122
18713,20518.902307811488
10949,14934.708379553853
34658,11198.748216562502
47697,10726.419656350872
42783,6526.989558481204
70714,22692.612478022616
78020,19079.628537143213
32611,12010.66871996722
92541,27203.794637024796
43655,22261.796168448247
33391,11193.170145717497
17488,11119.21081411884
90017,27715.47540940362
70606,39928.175239356875
90927,10987.041769400976
95866,15894.489481583498
57840,16511.71427214633
98426,9498.283248940532
38208,18516.367862180145
31798,10967.945475550316
91774,20005.64780505169
74037,3815.9678869309864
30979,31468.33283887703
64451,11925.292884940889
13631,26230.576042131273
30361,25413.08054526548
94107,9879.216345750901
37405,10156.435762614336
91698,25726.121100850585
36987,29740.61300908187
76074,11047.00102243026
12556,15088.307886630933
75658,16717.819564057598
63452,16095.721364828567
75274,10353.351318317043
96332,11303.407305174635
26578,4554.423339783429
83132,18077.17008888251
68287,17000.74094215246
27925,23410.31185802815
19086,9383.013348137883
35788,26293.87650980233
57346,9084.53512336421
72258,16477.158544893813
18703,19152.481849350206
64135,16608.70693837829
63760,9724.486229721919
97833,9246.279795193861
41643,49555.741234065674
69399,17296.624636955807
96603,30895.238689461523
29632,10603.217128504202
87340,17061.051073755963
58703,16880.321587327813
84705,10904.127364474101
77523,8076.72418077001
79974,11689.266153380056
28163,21371.185006026368
69590,19048.602266890095
74970,11339.545948147395
32373,18749.68276858815
90783,10723.23797163196
31874,10878.190225990029
75454,24252.409050318194
32875,12756.429238277857
31274,27232.59624934198
43826,24112.026809689807
41061,10004.528339875207
40140,21989.88767318271
93031,12010.37103479252
92366,15128.347712765359
19542,9533.217253830366
83231,16108.681135546949
48183,12742.34893164005
43913,8882.953477990906
25053,3654.1680645672386
83754,20882.526894747825
94018,26808.49677916486
96288,10882.007621624427
64336,15677.30922994313
31706,10994.974607843289
28622,6094.124936324888
61801,26222.87085967247
87037,62695.11074880671
98733,7180.173309871847
59300,19163.65258333115
71028,9375.454484499469
92772,25207.561845707714
92583,43247.64783546438
64924,28578.22773944722
66294,7940.356465501884
14424,21383.768722460485
23165,12823.753489829533
45790,11583.990542023916
68557,8379.664068609778
46759,13084.266726514701
69896,10901.347053113775
68846,22158.256692119518
10456,12083.686506079473
97693,17207.694912707786
50008,21054.200279397523
96900,30282.39605720232
95067,8245.283073389706
42500,20238.731005489626
63105,9462.682195735822
22901,22448.730562298577
66595,5306.33650228423
79303,26591.053145642454
43345,25436.409291070246
78640,19399.86571849082
70936,21380.005206374015
82953,10432.61790434066
10712,13240.686631715202
87228,15587.712031002942
10213,11134.019277255149
44188,21909.251399850316
99680,14348.921463485418
19153,11077.10983270271
18989,9723.506760145297
16643,11816.275526125828
93220,30575.3239914386
62208,8468.659407057065
74412,15182.29589800092
85374,12406.611526056447
30805,11138.971781049357
40036,4625.095424554154
31095,16769.30942237994
62207,13032.24567527044
85202,15402.872854026653
50770,9944.53618001756
23515,8745.175473619185
38049,20385.528124293247
99426,9542.713831748973
90163,11119.043825770714
16937,14328.286758777556
90146,24012.915270626992
59443,18372.798443876676
79209,14010.561790411382
49659,26207.014142708067
35485,14845.628092553918
22789,9557.689596357333
20876,10670.576053695971
93292,30831.50230400647
73583,19460.247418211024
19451,26844.361163531536
33056,16266.69542600607
86030,14401.800958142132
35737,8616.003964180216
76844,28993.431734967366
13135,29478.92598131651
95264,14225.55799410374
52037,12915.792809481953
36644,25511.52645978355
64820,23332.92186913233
68700,16481.371250487264
30009,37966.27696389985
86203,19130.2541401375
54244,20196.397414208957
20267,13014.397863705031
83078,12347.200785490924
29072,20120.39247434324
20643,7572.07244731888
48208,10931.50306781353
42187,9117.109184521785
67339,8913.936529820667
14287,21292.70069254207
28420,14234.306356426987
86232,15634.169467641048
85423,18549.018441561562
70552,15301.689906661095
39291,13340.782687185812
30241,3746.775638396475
85196,7149.498846543111
22986,19986.19599544032
20449,11467.10436888128
66840,9316.633491827655
40453,16585.80413186392
90547,12101.66546534379
40734,7279.59148537793
55150,24227.853011902553
15842,14424.04398829679
62613,24082.294244425848
83351,11088.634120702445
44677,23272.731038975475
40159,14792.09855865586
47504,15696.564057564403
67816,16875.92794228237
97174,9695.862403072075
25455,11405.114983899211
22769,17611.006930064523
22150,9431.315768986326
27681,7002.281843104478
76917,12969.227294682427
64693,29489.61510424824
49809,10991.917321624616
66387,21601.68439836464
35633,9994.920233802939
89497,13670.089901102034
75123,18556.779529031362
55914,9176.032471192828
77951,29420.16673031835
94609,24644.28386339766
72543,11086.427868598752
99188,6257.533457890966
11318,11869.514959938122
26829,21296.910186597008
86666,14164.154215588856
60965,9118.699449223495
37974,13598.828388593012
82994,12413.067423783516
17348,7143.37168171379
68062,8811.729923132852
67141,16476.72786101712
86397,22331.015722093092
79872,10003.36155817175
98722,11953.516083513074
53888,35004.667416450815
47633,11856.73624644423
14125,14876.297204303377
61591,15551.736576651034
12095,13676.389641366617
52068,32535.385179744757
34713,26117.113771421078
27608,14314.34103973147
90867,17028.32302356418
67062,8013.652974906878
91711,18265.078888665685
54654,7850.0669501080865
99477,12369.349148200015
41095,10157.226510757988
80901,18527.16706948986
35477,12575.022688040019
53998,19265.440703733253
23560,9432.220189803193
90258,28903.31935416432
47414,20740.225370065422
30822,7232.303940865417
96848,8999.612545646885
46548,22305.259540230494
18750,29881.04524311096
43899,7454.339756206586
19567,16920.92643956414
31212,16425.682925718767
29784,8797.336024761315
79105,31172.983043427506
31163,8465.630075903495
60322,4942.954843481153
96702,21742.422743430805
54914,19851.86061215388
64238,13212.979734552775
75996,18128.282365935876
88276,11412.564774884311
43095,10581.36856866454
79971,9846.663180013698
35202,24487.78334985074
52141,15798.954358340065
48293,38144.62897733711
31836,11386.116709302985
37608,15224.24941239842
51147,21799.307035366324
22548,29713.708128906022
43614,15411.604594888315
68958,16269.270072712445
54104,25826.108995496157
33620,9632.201308741998
82249,7046.734928590387
14463,12784.433212440817
25624,18522.597185686987
50216,11834.928313821998
66463,52396.86903633162
88268,10853.916900587774
60471,23816.609001037807
69373,12881.820824008832
82409,14481.733711883358
63134,9461.036960830148
93068,9346.089593830087
11203,5856.714543670196
39849,9720.189706339615
55954,14490.744771371199
10925,4113.170777912166
42340,41974.689478643806
34462,19410.439454620697
55876,22551.999648294703
95022,8994.444356553708
64827,14757.340220280177
16980,10825.34284134992
95425,6743.403299273468
91221,17718.873906569694
18060,13095.648042934023
24382,21253.923863006275
47802,6438.4415541105045
96487,28039.93352840961
92157,10132.459425179379
75169,24248.243691859327
92389,16760.740155380045
48327,11567.46012363011
10394,11230.32156686172
85503,21367.242596522
49189,31761.35582736721
95393,16408.858972754508
41025,7387.44804725062
59054,18889.338211074944
63306,1804.22335749155
96856,16823.208846583846
44018,22267.078095086832
78374,8401.986317247496
39014,15372.8783194271
50221,20030.99983192516
71546,8319.596235102968
16965,14613.908628893392
61917,23438.50854281994
11855,27393.229282872486
51269,33000.53721490709
93144,12771.651796058977
99673,9551.665911661246
25433,35110.00330197891
63062,29520.5875451187
95683,36390.441368904474
54288,14031.67830861266
16926,12774.452314005117
54552,48793.20164114979
88598,6951.8018286114475
81802,27723.239986289373
44988,11761.290400097889
43058,19490.544740604986
80557,11872.43527633134
15849,10365.254045707983
16230,12750.869869099843
26897,11745.718127170956
72346,21252.546287019846
94208,29100.881991277332
47851,18460.062403766668
63145,52631.23600407446
52804,10536.160201484156
81915,13158.092176154913
70306,11822.517932585346
79269,12963.82610171212
72171,6653.210410223484
69814,7720.227669478651
19597,16617.113957213347
11998,7465.056094189316
18364,8820.82162128721
91526,14562.75260717285
49821,20080.096450359757
49319,13253.40319092234
40421,9939.434164660674
40773,20401.343962511037
34193,7194.006191776343
98048,7118.70206371588
41416,8790.980674030667
44701,8348.867381117245
78819,14434.109601477381
43451,9214.892032888441
34274,11494.751862551415
46987,22770.015573570694
37552,10295.534150055584
65790,10919.110045235713
30603,7212.933057289358
24020,22020.83654431944
62225,8912.790491617752
65669,6120.506155534929
78229,15758.658744939206
20764,17696.657541016375
65302,16532.772978719084
31791,29155.697312707038
62595,15323.701782609936
30614,20589.545439334797
59725,18453.686265597746
65939,10512.648272512472
44342,9917.797550113835
73223,13184.127033541794
30487,28980.67809760735
36816,10123.799281398606
86671,16445.768416951807
94585,27936.29293117935
97824,9729.179403317774
75534,12857.63970614415
83264,14656.797431935707
57356,2925.9880430499306
84847,16135.460741010495
22957,18947.56130275639
24840,7552.836012444632
74491,11358.498217710632
94228,21292.033530731154
27246,28582.90188642082
65087,13421.47897186545
48663,6794.593120404961
57314,15200.461882633552
63010,20820.372112359488
12817,8558.012782512042
48710,17921.079834439945
23357,14909.406698227453
67579,18133.634120600298
63528,13120.608309623334
22152,13229.790904286998
28133,12576.892762076906
76769,30183.121673243797
90432,12108.052301512456
63693,13176.28665275211
61793,7634.282445175038
35830,16501.25769995393
82923,19508.473353498546
46932,17944.824291815243
97483,9281.099285130442
13660,18642.216816951062
92115,15635.149767985022
22462,13119.770846685828
89543,20627.247934939995
34181,28799.24981212672
82254,5093.366928677215
67267,9558.246809887853
30238,16494.909886928293
80786,10974.93461942715
44488,19079.811347093993
73517,9781.289008456142
96065,35017.393856777926
68809,6947.68795540208
61833,8317.23919810454
47110,9309.843785070141
83387,11148.446227500175
77896,8425.28287985095
23879,14123.31727028609
67325,9224.307538739744
20140,11740.3086886632
42831,12556.272378985088
16911,18241.151486007144
55472,7478.448947839945
96558,28309.445959958794
55092,33865.71818924193
74754,19952.667594435654
58622,15990.850431366274
32917,12139.105943615657
70207,11088.105513524337
28138,13848.452850594178
36410,13308.692271991678
27527,32692.612602498128
80518,9107.086211149417
49146,123386.08886352218
37778,17261.867520839038
51577,8894.018834281942
44712,7102.819874873563
98548,12865.902696397372
59106,13081.946661762257
22112,9090.879832433715
93669,21746.69724968633
12412,4839.056975985357
85854,19921.4285154506
38025,32781.853164639164
61353,13419.170479234777
12638,5959.665941350333
29747,15565.676948964992
53395,16049.951039142501
28689,10756.908182229427
58738,11861.980036213596
78677,7529.376554804025
76910,11877.303425992784
20968,10091.144397620315
39680,14434.803677446605
64662,33673.51234767449
24660,7740.599308114046
24624,11133.130588299202
85170,7903.8086480365655
47826,29141.014056951368
80446,11357.051693445323
13731,24663.479880290284
31226,13570.45563038953
76834,7606.970357981072
66784,4885.083769028426
65449,12155.028762542293
96303,15991.401625439472
88382,16802.001343761836
15545,11529.657690208045
29435,12132.632338256124
96980,22036.82891158209
77585,8779.77689664044
51052,9968.496657211106
40562,11031.96680508539
58588,23315.045930020002
32173,8560.878911636722
35210,13889.158261077298
20553,24960.783214124745
26112,20040.16564076507
13172,18466.04974453796
59755,10109.226937896976
57516,17175.74570983812
61325,25189.480371547157
84788,16260.076002104703
46164,11771.527459444153
98733,26845.613227536975
95764,13834.232213843063
56658,7102.032339968106
58071,10091.773334586374
89861,9984.055828334313
55768,11732.399839268595
80591,23943.294324680697
54981,28346.109167344992
42826,16686.57559258933
63623,19529.452059174557
86736,9404.649347824718
68750,10290.649154470955
70501,13811.572907001952
94069,13342.70755559826
41462,6376.367945833088
65295,6883.823440249822
51400,22877.940708874503
26918,7688.747219263714
41282,20354.35583863703
20215,17016.94326002725
36359,20295.343386046137
17567,8866.476503788195
60038,9768.581631023102
37654,13288.221980588169
86875,11928.716569012633
59210,17055.611810059065
14989,19362.627816972552
24769,23150.672412191787
55721,12407.851626797454
16280,8377.777461964304
72948,11092.097626826115
40859,11792.933370885396
84962,16369.181351245192
35107,21647.21865451848
79381,7176.021887241655
14027,9773.421465125039
12355,17178.01950944076
65534,9094.723142457406
94215,8672.93345124638
48615,6662.081807509947
52916,25543.07807734907
46940,15760.966382812161
15784,27950.541399030633
52165,14022.840865361854
27888,12263.452233180888
47165,14172.78790900176
28435,11984.652819777264
62402,19590.731395355873
42907,7661.069550479395
81429,21850.01564391458
18844,7479.728832538576
15155,15784.011435091554
65773,20768.879921670472
43725,10233.672975114503
65248,26230.937768183532
25102,20262.389160230174
14356,14259.231082077498
69304,11385.677657227561
77750,7400.520644267495
34677,12794.319896092524
39817,23344.14890457155
38912,30126.334602283547
53695,18468.551290706208
76606,17011.096117271838
23033,12394.817182928484
57749,30614.214498386486
68820,9482.065589255666
82744,18587.521289640776
14287,19957.401642899655
36721,12587.386203629892
41069,24760.557116245414
68990,23774.24269676297
95161,13439.030961883005
69840,12477.354324393475
69061,10604.466007115741
52432,18488.06265083877
27108,13297.598758992219
75041,28583.94157027392
10075,22256.942999194856
69881,21164.845608363485
54276,6832.282253124009
56626,22202.842121704423
59432,9259.495858359012
65610,30875.33820736076
55030,15419.206464338316
60332,9573.03540016602
84441,15802.40385947742
33037,32164.401221694352
29448,14709.025633522977
68851,25467.205509138323
34900,15906.909062791961
50472,11891.985349385559
48290,16695.07634103697
43474,11894.059212543401
98950,15507.96667959962
32790,29470.288378392695
48003,29552.308279849152
95375,13657.161249146895
79475,9324.095866347729
21239,15159.164046804652
91542,8358.521385399532
26860,57163.06978317961
48877,11322.181279706852
33593,23199.88823953261
88421,11651.613790844389
28363,27777.69695965977
64725,34666.851679701926
70317,10294.183079067152
50403,16747.198857076102
85082,9070.863313049249
34146,22415.206193617872
19980,21853.356580786392
56654,14569.014836258679
97736,11190.567696705324
41087,13577.006087340662
28488,8213.285343719368
93753,11053.647135783818
25530,7962.910982042369
50428,10460.186557562718
47232,24585.228670142842
28999,14315.505104339787
56523,19776.226311055983
98596,28089.614541828243
46549,16517.59561710548
26553,15613.560470545317
19579,32317.943057462326
71262,10173.429172075521
67742,27308.327884336686
64215,8875.889238769603
11419,11378.566058212655
90433,58725.57036649803
19887,20549.593172929155
26071,13462.395459070354
61858,23150.087051080314
85781,7086.230180959559
15185,24252.50656252815
58768,39707.329950487685
61750,54715.450460471504
39948,12245.898037796667
92703,27473.3089730679
48270,10562.806143989183
25626,9307.633849429054
52916,14109.790170144106
23286,24344.022078219798
37295,24590.42717717379
27347,13413.40214555582
52033,7550.524103648873
14670,24742.413063071966
77723,7283.356278273115
23810,21154.872426737937
98800,10734.85752831004
50020,25699.05641973675
15485,26168.23123431975
48469,5578.001816245154
94320,12311.74484174513
54575,14758.971115113804
43210,9996.648482873286
65768,21286.246755431046
50630,23225.589558827487
25128,32382.182404521962
59382,17882.184249085374
65686,17716.93750335935
74092,23646.17388924915
88565,14217.812584147638
44261,30384.230416076607
58267,42196.222476536954
55005,15476.835340007074
55961,13692.543633082585
74584,12675.137733627427
46618,29594.67280026939
35887,14082.148096680216
13878,6749.267492422914
12938,7776.730646196518
88181,14127.080680629933
17807,7646.622762195995
81973,9708.573011165794
25284,19406.85474473246
51301,7563.775205405969
41485,21688.865317807722
79432,20453.295099900726
62329,48478.0943482842
49566,20030.61996212206
78197,20848.120013592288
22043,4675.685955828954
82058,3210.7117719362395
80840,23743.395761769745
46707,26266.343016345603
38978,10149.052142589257
36638,14496.973460103765
25851,18898.75991877602
79495,19913.337143874553
84537,8326.292313456168
45323,8081.5315624615305
70355,13783.292674497654
60611,23757.29118729683
74039,17716.874458413236
41433,23941.952410882892
30187,14332.551334053842
44054,21777.869895662927
21447,28992.291932113003
86990,22764.16081862048
60053,1525.6496001661708
69070,7513.352983715311
43120,11556.996911308896
40995,9705.88993948466
19586,17162.011442405405
66784,13431.488025442184
12541,13296.056978277695
42750,26063.411566035327
19047,5190.52240055849
66034,5143.329741430449
86735,9660.510155687458
39263,10428.584679775988
51970,7861.07389895523
30483,10986.676567849456
84569,20772.28485204104
38232,14750.15412626785
73483,25850.592125299037
72891,15514.051222532475
83826,10879.544475311139
70213,9246.491468228665
16426,23613.380564394756
64487,4378.940386707682
69741,10744.91835400902
46589,32869.05944693024
51759,17004.408652036447
48719,24436.773868581957
90373,10268.48955546333
56548,16422.173253078283
50046,10064.018517078555
18154,16170.253347490432
62008,11945.457166170108
96119,9637.533229758887
82653,21054.9490578283
95040,22415.206193617872
17509,22555.947158918247
62467,7601.69155332632
96453,23139.962427167975
48879,20695.298016764307
31473,9793.759779045988
39720,30172.29174811653
73999,23242.850589101043
24843,8646.4211069084
62606,7282.382786998738
90941,23419.76597785537
55118,12154.510404067663
92087,11778.736700409745
26156,8867.151703374311
18240,24967.101057879918
16139,11723.390283433746
11407,15567.286702860574
62216,17075.67600752388
35498,19993.93655558583
97967,14483.750269739294
47586,16559.527153002655
80762,36813.90921713374
30249,11672.18082961345
31836,11449.258388095586
19461,9978.316153081829
31069,9466.803670161706
40190,21759.891002983957
33165,18963.534796680997
83265,34297.918006891705
87171,22275.168022868835
90959,22659.949101975286
16566,22563.438916772295
44468,10054.900421501217
49953,16305.781952684174
19672,7089.161559450235
40341,21219.42595935845
50903,12122.06809127269
78760,10603.217128504202
99937,48196.05766899917
85361,31205.72050024452
60265,8648.684331956807
62595,18973.258108068705
91952,49740.40769630326
90039,22348.435719778136
55481,7111.408157653588
53782,13406.507405809885
60351,20925.623248241456
29785,16104.408690635186
13640,14884.71180116199
54133,14036.614118563033
76170,7488.846951606849
94658,16568.908673491984
97430,19742.96783571177
26390,14685.155124702029
97903,29930.541494175726
43988,8400.623033254498
37532,15275.72181647192
48965,18878.702309299613
73749,17334.932729458065
73581,13294.088203760588
38810,11046.747947432606
26831,12251.36803330467
45501,20683.427130819455
85522,16106.310163158636
10735,11902.375982772286
42336,10110.238302049998
18401,30403.287634436758
55820,29195.95705963688
48589,26173.27910637854
72003,19830.488249833827
52403,9610.940718099817
97547,19713.63679532845
69759,9519.363732395277
27891,7605.456695685863
31623,16865.47486394185
19922,20285.795344639388
21385,11427.37550031441
91583,9293.678745530404
97041,7827.233211691053
18202,23710.45420941093
59480,18368.438187616674
28880,11908.670249629944
72798,13137.07537264722
57699,30540.957482996295
63380,8219.2162080201
17641,5384.899194594618
83721,12744.833028640767
45889,30901.759816595615
58245,40652.63940041014
12661,8842.876775019999
47581,17907.283601509924
69262,56425.182369055605
84661,10623.437812899396
45244,13522.936859708192
53209,17244.5668214633
57048,11897.759388305018
13165,31408.277351568926
92729,17710.37191073679
36210,7603.593365746789
41407,21282.1138932697
71909,29228.728240120814
26151,9276.935706645418
17224,15777.232807103193
65999,10660.71917915297
75970,15275.927802599832
85513,8000.6942188143
20092,22929.97552252038
12397,20121.435561467908
18079,2012.139785427291
64782,10055.310273690911
38048,2444.8440988446655
89933,12609.372951144289
85503,10159.741174118139
53373,47094.55555635622
77147,12565.13317601676
39300,18917.738819759383
87133,16450.437874372674
81957,35292.55778599906
29735,38621.88389782855
33857,11294.242045256186
94824,23781.519963689192
35946,16337.489064980748
82003,4980.578312678426
87751,21766.139621127142
15149,9746.705226245154
91183,39467.251359465954
49556,6729.2082110093015
81173,10330.380528626985
52697,9172.633172275884
98433,12966.102131019392
19683,9785.163190161798
77095,21602.418866590175
92487,16668.481431078846
11086,29669.47660380861
33148,9027.348469566243
12058,24246.817394147227
48064,7802.825661358325
52882,15675.769119018474
43908,11299.30681726495
20333,19020.24063853356
69913,31707.709000955474
31582,12906.923596303182
23659,19739.51070593731
31811,9924.424249795198
29432,13310.208352047062
96482,6342.0339754501365
14485,7606.970357981072
75215,18375.336407292907
22722,20316.389948087013
94889,29560.10936449802
94441,9623.85879965632
83093,13960.533105296297
32920,7619.766667947528
80384,21306.480430120715
49941,6217.206236892902
63994,12431.703456310424
58264,30545.63488301527
62959,10550.921897084769
31687,40714.134141962815
52197,6661.524248039303
25386,10499.3106135782
52958,25143.26319490626
28485,9278.177431701137
45735,18370.970633598845
30465,32909.51562336109
42270,16381.125653906342
42102,29893.619158300127
81662,10979.124708966587
21444,8981.024093026259
27521,15151.16684218853
48346,5709.9322542530135
23240,8722.03574681168
17573,10640.414868808464
35696,10553.738400184338
29443,14936.09569070889
74955,27050.76999800535
96363,18783.979244915976
60387,10291.55508463554
78520,9673.669168264198
61778,29301.270763579647
41791,21635.727375992843
17867,46973.03813999648
76300,19291.644408305554
38707,10985.135043521466
92525,29931.214722169807
50271,21439.929459034774
21910,8520.519081199478
23097,7982.892669315923
15299,33208.477737880006
91089,6695.440517864068
74922,8664.352641863943
25448,35436.503575787305
22804,7781.295578306959
71958,17826.69786298177
61499,20277.36039034754
47747,5993.966808279814
49357,6673.7433942657335
24999,8536.744841723828
88511,15896.277153194676
15744,24453.87747289933
76331,14412.48694574353
31582,12238.456218349846
95274,16921.809871437217
38028,30323.454262070245
73427,21686.089855266466
90436,19876.81992610471
67325,11903.250754115488
52769,6932.433890643693
66058,14541.574027355526
65445,19204.349872984036
31492,28895.224746319323
56043,8979.950571663438
65742,20276.08750498504
23068,17331.76262164146
86282,10291.688805419648
85903,34127.60686027852
54976,17314.530409266394
85581,17108.4134677037
14809,17629.39306881007
72810,29474.28939201784
48588,13329.243376350432
11315,17255.061935020774
76941,10362.098469123655
43831,9754.683956569885
32536,20021.128044711335
64718,19025.402232384044
89095,13182.456834645704
98092,7199.983061724959
48663,16496.2129637445
64887,8911.308048128005
71536,30927.51222633612
28396,13448.945937063283
18250,11434.674792815884
51781,9882.084200688561
55692,17130.421444258714
61847,6014.241840013525
89864,21034.153896256437
94161,14396.511660694165
32087,11346.564710216362
34677,9954.223069047064
69454,21975.61130832236
17341,10205.808734434142
74661,19625.466144103288
52908,9577.011203365411
78290,13074.27002414888
68971,6816.681712561132
22868,10585.894203705819
86072,24348.279432596057
47514,8574.856103530943
30061,9173.508774646545
67425,33282.65074345809
31391,6957.308304352971
40559,17709.20950248826
70315,18040.27681327382
60556,13041.070018725364
89011,21679.417930478012
47160,10201.04639329053
64539,9248.213460825951
19440,9466.79777678752
73313,19558.054701035555
19943,11223.583519482841
59819,25020.965002753626
52283,21881.91399065716
50608,16177.941762396724
98008,31771.13583538353
28477,2422.850965392161
63011,17958.605906394736
53649,9652.342497831087
89054,7319.69842303901
14465,18488.42874635719
47263,14322.721207250877
16584,11933.875886708753
75089,10433.520775528817
35246,25865.802811399764
43340,14287.277418807173
78465,29593.790002687398
69703,3577.5279992431024
17286,13308.54463968901
68929,8061.924566348809
76562,10025.780621659553
38493,10597.833258107989
36359,7651.371676989598
68505,25662.4736523591
88820,31165.048046230513
59018,11312.143247398046
98881,15993.6779188234
57487,25381.817673504156
53072,14019.284423776444
10698,14028.810133384204
33869,12520.173843423581
10315,19360.74874810945
44629,42496.77856254323
29372,6799.071662622322
46606,15070.322304907098
88461,14170.588594475345
76628,29057.186394849792
99199,24571.381580338522
85811,6970.787082513147
90815,9295.056375611382
99442,7169.481426105094
20068,19578.51512507409
87024,9524.97466113487
33189,20145.581049437125
33257,24737.544024743544
66311,6915.321959724266
47221,14336.18236623095
42451,28167.08327247923
94892,11954.391281429662
15832,19635.030029927064
12501,10063.58576336804
42921,11678.770154498972
34395,16883.865331307403
47986,22010.05279090139
40092,9308.1231422333
10368,25858.967601317585
53014,11206.317173911444
86862,6476.191060579435
10251,14103.527012503062
83361,13052.715066145502
36261,11489.195520227899
30548,23161.021133740727
68475,18976.076453103542
58003,9659.14692720152
16332,15985.584953734071
97225,8478.869634740939
68482,21411.532382313326
53636,13048.633611755657
78381,11133.097852650015
35314,7766.163050814195
93707,7810.136492064754
95620,17378.063593298066
67807,21429.288698326414
38183,25899.706806289592
60179,13849.14647844189
25580,11154.975028499346
39502,13948.07906026843
78669,19550.389057306737
21761,28284.907589848128
93463,12089.544283165955
40537,11646.666479913501
32896,18956.87584833419
95600,18995.28324468751
24800,13757.011295369542
80460,7147.789860125893
11370,7939.03632488147
19029,26977.921848081503
95294,39979.17973697782
86467,9410.21613991503
41523,22112.287090840066
72204,15267.252242647077
56320,19561.29062476324
23118,24810.336568031416
36584,11605.614193196729
14182,17890.249127430958
71039,14922.436800060417
27949,15917.739022293892
85002,15818.277841656176
74403,7520.373126275981
62484,13628.972685089742
17017,9834.416279300844
73500,9274.90324075528
62826,25410.551715929654
64030,14622.412165100755
42914,16324.49442555912
78610,10107.266673700462
40457,30518.177381918547
59600,8553.249733884186
58288,13226.139083434073
81844,29017.27209995802
22138,12184.442189157955
86196,6616.086470529959
92757,15617.04813297532
11334,14452.323411021065
17557,11592.698363157624
86259,9737.879791689693
45974,14776.474561132956
78085,15968.725610666965
45666,32875.21100821121
92052,23034.918255764685
81468,21881.784149696563
51402,29981.61866498983
42476,13715.993527107064
52701,12930.755415771562
59029,13740.148730093064
15482,17105.56587143138
92820,15049.379484724393
20859,13470.031150224735
77290,10115.697766640944
60335,24209.507077979662
96832,16618.924652437436
21629,25992.539701823254
50484,41506.81212228399
83404,11483.052714485872
59199,10354.037718930262
74270,7442.336870431876
63233,11033.025569680536
30140,11760.27301938085
16064,8209.927487866977
47710,8636.732984656577
14559,18739.19475294066
32803,22052.23790433201
34579,16926.918375886056
75668,11014.137054811228
99173,9971.986921937292
66208,19737.124874841727
39481,30425.303393104216
88581,10989.879989601315
15039,21471.031810238557
62360,14380.805143807129
75800,6397.124927929453
25397,13199.676809063838
12016,12351.324868379816
11089,67141.80116756802
57702,10183.899678636395
97719,16009.094466765373
82442,9216.75543900119
95960,19530.598995019674
41547,6935.472293055416
19094,12311.127352007115
58156,15593.242186069678
74848,23691.26153597041
76231,15371.981514881745
94950,23202.024741081583
33553,11289.391410850953
78502,8587.462322131665
79573,7102.819874873563
18135,29154.54176107638
79144,9495.703069180718
38167,9544.54347876833
81276,17151.810456904917
55920,8725.058852780458
34619,26043.881453557784
36022,13547.497942198697
51306,20598.682502739262
98322,22084.719298766755
47220,10990.66765822062
20144,9626.255920563457
10329,6798.96546784475
87725,8530.018216206467
67531,28833.222841986768
88755,8075.829709877551
85152,23761.17768840472
80879,10262.38916402298
58936,10088.311856243476
28856,11864.225902971715
99718,34660.23551028308
26548,30104.85292776076
25578,58690.88570597513
23206,8011.316882065428
45860,8601.762162370425
67873,7716.1179728252755
66206,8682.119758243567
72728,10805.977434896795
64259,18568.047767848242
62150,16431.517199573642
55745,27711.10802288619
80814,11405.387091438384
75809,9607.691800680714
80316,26164.9811277176
22084,3101.32551126034
43556,32113.249387039286
31329,15970.176063821138
97154,10856.226017330186
46270,6327.9677547068295
86479,29804.74270581858
77369,25139.80386235548
75436,14158.475755992798
48182,16392.26361885804
71057,21437.744624562543
17786,18277.15410325281
31392,10131.338219460331
92092,22943.49026956334
14110,8159.175051900345
11122,20317.439933853242
32344,48779.70222253566
16951,16007.093295398494
19179,15637.20670568273
58225,30635.837928887955
61215,7526.473412869742
28311,10149.829058020554
57796,13118.967043201215
45660,13308.158393499774
53139,18409.98888212512
11809,9971.986921937292
71912,9372.293199851814
68473,35838.85143080853
50307,10026.258802525757
93741,24717.18267630155
64168,10965.33421437523
40281,28766.922613978124
82630,11609.255182458688
72161,8815.171700610848
36023,16010.240383439104
76306,15696.115517912354
72966,13179.19254608158
62551,13535.298509942311
16693,34538.09445607859
70121,13050.426676178824
10061,11371.588339766988
55558,10794.87673767726
59635,13338.16485747716
66065,19050.657437188333
67348,12157.065787238895
90879,11480.969426675081
54774,10435.569722516771
99522,19731.516181285526
49502,37055.191699069175
82813,11493.460924335594
79294,12589.431417455227
83549,15779.717826684811
89492,13341.516470973433
44620,15093.50265983996
70669,6777.115265392484
38556,18219.208590895156
92749,12660.27006810231
29854,12083.621518023543
90317,22114.852947185354
13844,15398.519857831028
85423,16115.456585895352
50564,13645.601832557973
72997,11302.99431102717
23347,20225.687928004805
22858,17611.99426363857
74734,16645.684181498073
81254,7481.205040580215
18246,28165.69304281706
90194,44355.592242768864
88154,8804.336182951816
35289,16997.257849093276
34103,14068.582276945868
43803,13567.199797360352
99051,12779.946560198676
43725,16424.045218269657
50808,11714.054545710413
97397,8994.145343435619
11684,9929.300766872642
57848,29586.660708910043
71736,16425.91471209288
34892,7737.814309927699
51990,22306.93978665469
35348,15620.863738978425
14477,25378.203488923253
25158,5901.849995260769
97830,19102.637629588964
57508,31101.668750114608
14440,13016.102281961888
13990,10533.586945676965
86300,5315.397425426139
88634,24720.303900446143
68416,16216.207171020487
47578,30832.640375978863
42289,19274.945227187956
84352,8596.809399846716
59338,13256.304496436807
36178,8456.75408057237
92484,8217.7541135843
84686,7004.6298362513135
61800,20663.532225847375
85685,11524.122714215891
75263,19871.45881309344
71517,48929.412009518746
50693,10006.5462939073
77925,11388.230541141604
87614,16125.06942169481
11395,11816.070876486274
13617,12523.46000682606
29359,10245.952341946442
46030,17951.194785686217
69178,7535.234814703539
97223,15085.417916358263
57514,19202.826598191055
42806,27977.868602347786
82952,16407.374085516323
47601,7766.802948247247
34457,21204.864955168796
50418,7649.303532990203
77435,16909.58341802875
53883,8999.976321703974
32276,28171.24524721227
61016,18081.95459046839
27111,13570.15687014522
86128,14245.905498071763
50323,11198.748216562502
54861,18913.071092017577
65491,12534.326939506991
86860,5961.220435000354
82963,15278.862748896232
95277,10445.4387265803
69125,7509.078731429579
15461,7826.143324685214
14992,10251.99931403068
28513,14998.54888982997
30537,13576.461438391036
24382,29195.95705963688
63808,16373.127285302024
41180,12400.384603396045
61927,30256.92894207779
79263,15199.383145032269
87084,15408.739927238472
42698,38185.36575398962
15680,27745.53195207334
31351,11825.359114871524
14975,30947.266502320606
15514,20755.058820490005
72254,4619.050868438098
26144,16158.88798774218
44553,16617.664307373103
15200,16670.876221297494
84982,27208.500806923294
49839,12420.125825317822
52014,10390.03843204123
53736,11409.431054173197
70921,10750.56145241066
44813,17833.35225794233
79395,8639.71101230293
85295,21922.731025575973
92913,6802.254648218941
20883,33771.48034883891
13512,15623.329245744097
98894,14543.928501904205
86993,28986.727913293944
28432,18925.377397811262
83924,29272.813486713563
96491,9971.986921937292
88560,16107.341544606476
74360,14315.79415212586
97976,18254.208303199524
95428,8286.942804777696
54726,25993.455573048865
59345,16964.938429353802
46998,25857.47305682751
91636,9659.236918040908
82973,32644.767215135886
73478,11935.880637334729
20389,24132.463833610822
54395,13261.944823807476
87762,7028.663985135947
51765,16165.430948876192
34863,9386.195314846047
86761,19090.330978312475
30768,6963.750711771485
68906,21498.225460690843
34931,35622.8205853363
29376,30677.868264622783
43322,17052.170965561283
65105,12758.386528650164
22662,10733.548405197387
32941,9659.14239104315
91649,10763.554670270132
75094,9798.35563465847
38707,17835.053614653032
10947,9654.352530905471
61697,11038.302465900506
86076,44378.015459823524
58388,11196.479628430505
58080,15031.989656355496
14794,31114.098657874194
12314,13885.037438061418
32791,3716.7273675475135
92825,14455.933102798579
77654,22629.645313426845
54470,7692.016334136259
48211,11595.438360198077
31664,14681.778433226185
20079,13647.65333421764
24345,15373.819606270205
95448,27911.640489348327
54169,52462.91801609118
77171,8493.54553713065
64031,30823.708924148094
21346,22065.401159089073
58130,9653.521242127685
10208,11016.146466417693
97445,16405.660277825897
95491,7193.031859823141
77777,9637.468651507876
41264,14372.349196730253
80248,13178.563407659463
80745,27614.718565299503
45932,13332.517517823228
46064,8276.732748504784
80337,14303.665978495155
13202,32609.536134321148
35261,13341.968180266887
88868,50894.55733884406
82646,13754.749487532488
42316,8527.9697214206
24367,5846.654451559085
12977,23045.516270113447
47992,27226.39371212861
36181,21579.096439892197
55272,15486.519208972411
82678,30629.45784689613
32087,11176.232788542955
51592,9670.004953057713
68968,10074.426907839914
11353,10562.166961220028
98481,15131.13857777354
23427,20649.248242194644
84112,13835.542073820783
39577,20624.4049454324
89421,80694.15940347296
17747,7380.996152033304
43658,13742.89240109276
15840,17216.711269720472
89242,31255.33520860524
40723,35978.86781940803
27269,11443.276772530786
73296,13967.238613859656
94388,11301.606314591398
32290,13503.15804426632
83731,12847.36590402079
23739,16907.638009543054
21504,25816.967927927097
67267,6510.076891813198
30843,16550.27012494831
11477,9210.01575283274
73453,10825.12914034941
77678,23710.45420941093
65602,15691.051914015181
88186,20849.210902795432
93561,17105.57044102178
34462,19399.76257345354
49308,12490.307516242445
86506,14224.463529544135
92301,19747.061058867635
63976,14421.761804055299
62621,17495.15918778127
65230,10958.648735726343
86447,13427.207284117594
25354,15814.004999670768
61973,9387.051834843398
22997,12551.044427042536
97974,37377.11050715206
80027,17046.569071679896
36664,11814.381173203623
34257,25162.349707964982
37188,28103.63838304885
86701,17052.28738303849
80219,9077.559667370146
30701,10131.01454794983
51362,5202.794045302153
52225,10873.604407929008
43073,10398.30645466838
19210,21538.5197583366
24813,23375.13760233855
52391,23070.983221854214
10841,27232.517115746432
31052,17781.0679183474
24435,10057.463479266562
78691,11260.31744456128
43970,12217.289709848756
45072,49533.48991829252
54419,13210.641643982322
31124,10337.096979393238
88946,42576.22109793569
89200,29570.50260754232
98073,6883.831160438562
54330,17020.902111294195
20419,29253.43766005252
63061,21186.677714416084
24677,21127.288730178698
67164,16046.715457083039
28162,13987.963593812294
88187,21310.121654681472
55577,9600.422763634873
94064,14269.753047857368
46287,12516.172080247907
28486,5864.472027066662
20325,21898.6862789069
24511,11216.199588837875
24453,12867.218353466244
49574,9176.032471192828
91798,12008.908710302116
12744,10700.812344247674
20521,11921.115074595895
41570,12601.92298868714
12089,6526.818934049614
60503,31369.282924269875
76834,14678.502154500853
97247,17465.47271752803
73441,20626.06205761705
70762,3830.8541821483504
91058,22013.867760430247
60254,15184.729997720078
62407,4432.804013170333
26986,16673.263507537038
48654,13275.602843801324
78554,30953.205523140663
46167,18805.606695739705
71442,24610.601227368614
22873,25534.78848779326
87908,29589.867848154176
58472,15975.184091444693
63322,11822.97915829111
49457,11080.50251276836
21942,33363.60646312374
75731,8923.353180295138
55212,7538.986253760304
69938,12053.921887282122
22485,29229.994033643627
42203,5784.942848232213
18126,9489.943303001379
57987,11399.363883271002
77153,13043.928593805987
89843,7407.070387199314
87545,11351.50404536072
90336,12800.034995213384
89218,13407.20222803835
54705,23083.951607950294
40474,20182.580952677472
92042,14929.91898117321
10220,9852.238294820705
33146,12358.65761263531
23581,14441.642622635838
75795,52640.45579339201
81759,7499.266696634149
71195,23152.539598538653
15528,12787.553976961384
83794,35150.03191333321
86316,9792.595964589793
54049,14792.046283705931
56902,25507.48886122907
98893,11497.501240696723
85908,7781.300969545628
77214,8805.051713404519
10375,9188.521977858658
35220,9999.036854355501
40885,16489.265713907243
70997,7523.030193310789
75908,37460.92357659457
63783,8507.726593632688
73312,22065.31036626212
50569,14239.778669706184
90554,6520.513528883155
74664,15784.20520281048
49582,17924.8913064934
21109,7418.8161273681235
82754,14386.540184469757
89406,5635.546901174594
51129,23072.5251931375
92717,8284.937495765224
38350,11595.081202361154
51601,18451.299902486953
95246,6636.36168196733
98631,10944.692718894928
60358,34267.772559245255
56925,13079.56036579501
19175,14569.84812171548
66022,8981.883134024492
79928,18242.656516480114
72176,10777.925554638248
22305,11593.422959571883
17716,21568.634044492326
26827,7651.018287884173
12640,29668.31667131235
41571,31251.77287918685
13762,14422.237366107238
38387,24955.57348777531
27920,29918.04638027971
76104,14131.846007009728
74804,21274.763501610047
18675,29068.370626080825
73539,16043.169311608151
41894,50225.01493302167
12615,10882.020029855332
86599,17586.1224214541
71642,11904.764600684792
81507,7180.326109385769
39359,33506.150044442926
32974,22807.628260988204
83174,9502.209844364865
35130,12401.597920130873
94548,15517.3688855004
13149,9991.390618538699
12981,17374.908557730574
96960,21638.908879797644
87973,15982.75541392667
35345,11364.664018850894
81538,24847.739948542636
87540,8066.876320672638
58396,22922.449005741426
44702,12719.964780506209
66969,12519.826573363756
77313,14154.420615254685
17808,7828.316565627227
83957,11090.113192011677
25652,11172.327826469906
29386,25202.635839006274
76000,9759.318653571914
41590,28028.417208341
39734,11289.099777907504
76046,18295.308017001367
64623,35337.72645521788
53531,22432.292625982533
29448,10277.969403544586
30320,14243.995749193993
50294,10603.23340821603
87252,38291.78961783812
34484,11238.03004351244
95425,20154.71488765978
14674,8637.969383221254
10410,9369.633286114517
48665,11947.289496414727
13267,6517.241847849975
77359,31398.340616684793
10266,10603.217128504202
85474,9830.118526949993
51239,17490.120817089017
38430,9972.007071602588
79966,8577.175322760575
64456,29952.742581045066
61348,19703.006845342097
51507,10050.120687399849
89605,13110.23136571926
49374,8559.767836545489
25362,21650.48438540125
98208,26295.669615928062
33785,7176.2392500050355
24248,18917.816203880746
73905,85712.58861586124
45661,14454.347422751302
13301,26479.282737678936
56954,20553.346741554942
10103,12484.646036291386
49038,13150.236372990421
72645,16076.55360591664
77991,9281.872141198735
44774,11465.97100485709
98951,8100.404762626682
58663,16569.412563921713
33917,23033.364088874827
57844,17086.916322274457
28393,30866.20217852571
26336,10352.08599712445
27905,12540.327946755486
93027,27029.67109261408
37328,12045.247043251864
23010,11875.000024707395
36644,23301.902430638947
77229,34217.06402966421
82118,19499.30440742104
22228,8983.532463856507
37018,9939.434164660674
79314,8244.482624552715
27644,13345.347464803514
20279,33062.5282204111
68509,45588.485813183
53487,29210.464275189224
37755,15773.14207411222
76580,14180.7749413197
75373,19179.695217278782
64065,8366.86719672439
52828,8875.625533475475
23232,21751.41350910025
39515,27788.638022339812
44685,9097.704493576253
47133,11666.618657192734
92628,12589.870107318038
21994,13231.31556812552
72813,14467.584604059239
42000,14640.052373195238
79124,5091.861331266837
65025,15469.414009902892
14428,7727.5740376500235
49757,11845.458369255091
37945,10770.36247111018
62392,14193.511574990862
92003,13426.814075466194
52881,20035.503602616223
33795,3963.149473155281
84288,13083.464552133093
97303,11282.48210677541
24603,26933.836662501613
91471,15990.275087470589
69195,23070.856891978496
70863,12465.364827603724
20515,23731.075415013715
13854,23691.26153597041
76100,30370.68858622665
22104,46399.93212449939
41068,10088.768340225728
28992,8508.429941881295
46143,15805.550473732357
85793,7631.771539706115
32652,25366.636562621123
65105,7239.246325856346
10286,18648.888917997727
44927,9776.181139725843
85960,23938.039009158067
33132,27295.46690674469
10923,13691.508629929216
97624,11301.040636859014
91169,18770.839833442904
60002,19948.020744173136
89342,31502.56196248169
90215,19260.37058384966
20468,6964.972596734993
50274,11294.665437661006
89561,11461.241624718634
40975,8628.665020486402
47703,7104.501980177711
53239,11622.424370119523
87238,17564.130715287272
36968,21908.362415302945
21614,13768.238619093598
35315,9124.226112835004
38138,5936.209262662249
86790,10447.796038968352
31779,20861.41112577443
18063,19376.085295049525
21365,11407.282387278661
92220,23524.64954177066
66747,2847.3063958987696
22576,15834.436910499786
47664,10236.851544165544
83597,22683.2517846115
90578,13572.355034952903
43780,14601.95032578473
64383,31438.16904524172
55597,5818.098320085615
61604,10283.073549433466
56255,13319.617276997766
78961,14077.167986956669
51410,12603.164424340746
83692,13087.407405195017
32558,13695.552372815775
15084,20437.34684185048
83839,13293.8217445351
75007,34674.84161758423
39777,47850.42285821594
87749,19853.575660657618
95596,8679.649033942014
26450,9876.540778580802
39825,27122.52113078421
73733,20580.57197603419
71145,28302.44847600149
77180,7948.593623339524
74600,8949.57631280138
62389,17557.968208753162
41190,17043.237479077656
80813,14720.420782696432
32616,15333.673288036838
33970,9217.76514871679
14357,10145.89802146453
35768,8759.63339314541
84436,11904.764600684792
77705,8637.549847601163
96498,17988.118399478473
64900,21942.031817204188
35849,31109.32150402347
21041,7038.078092319896
61358,10737.674948588805
57303,11371.588339766988
13399,9263.756797323273
17804,3859.1114887382064
17830,2221.3472916340706
54515,13047.73436989986
31244,21471.20566320162
38599,9265.396080401864
46437,10800.249102200198
25564,19491.870998750856
31089,10208.438570464272
71649,15405.71244660217
84344,6135.342206260524
32022,22185.71931646308
86899,17757.723711581722
27342,34966.837197749424
44155,18236.31501590205
73842,12451.68778089168
62779,12399.207268013666
28580,10754.530942818965
38460,10122.239564032483
59386,11637.377063691045
22316,25074.249095355823
13121,14166.566199660818
36365,23370.259481500518
78530,9281.322997895815
81467,10659.058371693387
77536,11312.304411839817
81669,23924.705444613686
45576,26940.81380020248
37980,27530.89309495638
70177,17074.72789399868
17528,17644.998885589666
74696,8523.352514325166
74243,8282.971752721303
54672,8254.810321491934
17652,16396.7658189785
76116,16963.50955176709
70014,26089.62633503657
24189,10928.204454382329
19971,12615.332954574149
31112,15110.17678658153
73258,15895.762066460273
93081,6715.739911054759
49896,15108.041235746148
83400,13794.764929055553
23171,18552.258202298515
47284,13707.042510676565
39588,14924.426008031456
23937,2823.75728519549
18318,8951.477895690059
12753,12203.34610021403
71933,7720.167386390669
37253,16210.640294525117
92880,15419.051599020757
10291,9339.473429169968
89086,10355.93273390174
44807,52695.315576907895
51805,20186.0312651343
17720,16788.28759799224
67840,9494.63015347797
58857,5683.153885491893
80493,9125.606664272575
61234,40183.48638088383
57821,6978.784909594631
18437,29510.199427527907
22058,26111.346109741447
16005,21415.337316951194
44735,22963.049067681604
47871,10489.360457800281
38089,61480.62362700261
93033,16427.84051746035
96069,19197.525558322348
16727,9521.896948508222
55234,12956.753997295626
94310,29666.964738705534
88441,13805.638499093597
41043,9955.729710181096
37341,21442.807307933203
40600,19289.758169139695
57645,12487.149169441745
33039,4500.319886289146
19180,13017.879046000944
34206,16301.649086069498
60395,7872.422952380402
59294,30699.114316510044
73701,7049.810346233942
61135,14581.5624796286
91443,8938.5552190202
96713,20553.716272574708
45172,10283.073549433466
17475,7813.060686065228
96077,16479.043594957086
42766,14387.942364496035
53088,11517.963989535023
76103,14819.377224361217
39820,10118.730334230147
13832,9833.005741044512
79979,10239.488338524363
97324,8128.463024526938
23834,9661.410979175147
35712,7013.392640360164
76468,6882.387196709782
26711,42698.70841186012
41201,35811.571105258045
34914,10821.410125060554
51451,10993.277172892529
84732,14971.926109659107
20139,19302.184000126817
85881,9053.355130259091
87063,9470.150157167021
81240,21805.51219981435
15582,13228.947408828162
35276,10133.540021937872
72921,31783.756823529973
48137,20970.809098390095
90225,19031.088476198816
60100,31392.347642766334
59799,22792.00728431717
40851,26336.356859423177
84111,35635.75877525784
79705,29079.694383336675
65175,16930.758620578024
15406,26052.800797468786
81953,49130.20816912635
52427,18311.205264616186
99582,20988.95927092308
49969,13551.369546300211
91501,3711.757639017762
53057,27749.452622005163
51362,7461.60287730388
96029,13214.409838265874
68139,8090.042097121393
46378,14683.559624591073
31827,19282.865107240956
42830,18296.1441858644
38982,16322.005544778242
75759,18932.133994336575
37678,14528.622863827983
55552,7600.362515491017
26626,17534.185256272784
63532,12799.84971855579
68600,15342.295609570885
54673,13032.494582956884
45119,14705.871819766911
39884,8638.72085204301
37372,12849.123902408079
64772,23600.612200478787
60995,22457.30138384349
77448,10327.025498239167
94172,9661.592853459095
57763,20680.37307282073
97191,11169.895515551521
73906,34534.28331484696
56864,20558.014190004025
51499,15811.29279804459
22390,20195.075100808543
28088,10943.932508617749
25490,13991.253875521377
12179,6987.034541026478
63524,23686.753816566354
22048,12958.617392140624
60122,14350.10515412975
77577,20009.657353146937
46784,9287.539674882504
46004,22194.12750713582
54296,19286.752036039208
98799,11393.045319641484
64750,9281.322997895815
57642,25700.96945271991
59166,14330.66590085283
63164,16093.649692386964
18047,12188.378422442129
55232,12225.906111242217
79497,12352.035257791871
72611,60019.50731202906
26305,10220.022022246781
93840,9695.869272007905
15543,9463.841651874067
24820,10195.674443751472
84128,13015.573591120017
61816,20088.494091724217
75499,48360.704339183394
93146,10171.959042810182
41065,24762.748577220078
14679,14641.129833354687
33031,13987.341185984074
60739,23278.313711111914
30444,14048.257076469345
99706,23479.006195138303
59981,55583.552350253194
40596,15798.941172834937
28650,11020.88228549696
79112,34027.09804815639
79669,32858.86003553886
68341,11360.975277844456
93616,9426.871624248599
20479,26099.733296988725
18091,8884.919146606597
15375,22529.06218766902
94843,19226.627993766262
16734,10428.41230289243
98080,9931.010519165135
67397,11628.54851096092
13784,19080.474030624042
64708,7666.8795173879535
85933,22681.27830706435
42663,21884.438051174988
41070,11508.225562622702
42690,7596.27911451189
65971,9975.063446585558
47294,7536.861210867739
97289,21386.414476408027
95941,25330.365099839066
52600,18175.38101053597
98514,17795.9538316022
81907,5212.230572188897
93412,10664.093793678483
24129,13059.30188821677
68227,31057.670941206004
82919,12029.776100470786
41510,9271.250753725566
68815,27270.721662280826
91870,8494.577790136642
61263,23991.41591776393
18106,25190.043591040994
87645,8415.845437798927
49251,9880.829753627291
13989,46324.519567547555
54584,8655.284658320259
63708,14225.994525727318
35294,17051.381602240217
17565,47875.549082272
82200,10460.599569292444
16714,18894.908477914458
53839,36420.10998322762
10466,22667.021342613123
69236,13587.425925713445
33055,22086.97722978686
20273,8408.111725262146
55987,42591.77683030715
70898,19748.56414778969
63575,24103.897564986924
65349,9923.843829144556
47853,16062.362381022353
20511,7407.078371908097
33398,16626.045274970926
12423,11789.57820361171
63749,13701.262492259364
23641,44608.509906662366
12160,7685.97395977041
63864,9014.288293712407
75489,12155.229383520378
68447,16210.306401494132
11138,18333.88931098518
97247,29222.264988186613
73287,14521.775400344311
13802,24487.240825785917
43357,23341.203876432948
11997,9739.890390794533
71898,9411.090487778823
66986,20608.769177708833
66936,19195.883101889
82858,10115.362514512763
27099,7380.915831246224
67291,7488.273241298144
80598,19320.107263055852
99531,15426.676784442934
99433,25003.161254327493
10551,26471.857279140822
57684,21302.813492361965
32164,23104.28559255069
90012,10396.653679938172
58004,29238.166437945514
90058,13337.198379108955
69462,7455.681758477127
66960,10230.773406004235
74194,9019.419462026997
34296,15671.711704363299
20978,22807.648916841874
44541,14700.468520996681
12685,13678.228816090099
56604,12323.627565605517
42606,49800.064693582004
10851,19917.622689487704
92749,11596.222048450807
44293,17485.711683544938
75873,22665.83821145194
18026,17012.8617127098
99260,28736.50602496198
72080,27821.719611856828
50947,6999.951417225051
96662,30252.971291289825
38967,37036.56097226551
29773,6944.04134436425
41318,22743.145569536136
78440,19390.44661994926
96615,24140.736843930525
14304,9608.89709197633
80790,17854.097698305384
80613,12825.346448222737
19491,13127.033212177492
42462,3782.8613933486995
74785,16315.46508364168
85955,5980.47041729261
23014,19662.39213513079
42934,24046.436603698443
20910,29882.85879793261
24284,17338.327407378096
36017,9869.368047748027
96305,37207.34729889308
15544,7388.3659823736325
87272,12451.389006461886
77477,10701.056311177897
50073,29227.551834545353
37964,16524.59942449122
24924,11152.228278580404
40828,4433.587725719022
57352,7793.521880321216
99553,10912.259366543567
38887,14959.322119758794
15672,26179.950264776628
97838,9963.742815535494
70685,14367.924061372789
34343,14698.523457708394
90382,12897.53932607035
34120,9306.822244911455
80159,17625.64695423444
89101,24561.91913199155
95251,7073.483531197071
81027,10822.200755247575
75121,15150.475747880115
25887,17518.369282212327
44533,24768.60981171042
15132,8503.396834333034
98953,16964.777161488633
55792,28366.42153732291
33722,20000.98919168225
11348,16179.105561638635
86846,14602.65433060933
65305,6774.925214447849
14274,25998.0664494571
96081,18518.19305172124
33646,8506.418277775952
80343,14725.797794031734
75657,7075.3737572460905
51092,9789.418152905502
33769,7637.746488143166
36812,25879.14332235398
20970,14712.606227837241
60292,11202.448321098154
85699,7749.160244759099
41969,6771.691058433866
77216,54607.75067964233
65154,20430.80846526833
33707,13029.483021487584
46970,26454.55039103958
71629,5977.883062151337
56569,9801.977278372493
50729,29362.39544153109
41052,18870.54917888418
26863,12741.733715563556
64284,11903.570763100031
70631,64480.198064455166
77045,10616.872259236348
87848,10265.613744911012
32017,13478.607298395216
77254,12908.302167513368
26258,35108.820809792596
13765,20305.340121761794
72921,18901.94656048226
65920,18397.972703372427
55441,8163.287819785752
76003,12949.688317655235
14491,7873.062197109188
29527,30180.36674588263
43311,17863.171029958157
28741,8940.759634643775
87564,26540.01703284473
48657,11168.530472149081
96699,23796.901908896587
29925,10189.292004331484
10521,41847.73389724309
94820,19165.5664987294
84938,16802.419945365644
98105,13618.536408648657
98517,9330.96462702721
33380,7606.990507646367
96476,7944.7727545879825
77175,25648.013625376992
10773,14033.199989804232
68074,31205.57759782901
40991,7293.515246149158
40942,16262.871115940616
71553,14060.32949093125
58348,24334.657571885036
45479,25589.197388140106
44425,31358.080976880854
50485,3628.00615284217
32129,28735.699014697027
30353,26691.47834822945
84474,45062.79115081635
88366,9629.890368657398
95033,8823.798817634495
68462,10236.747210827962
44110,19564.112022071637
41545,11216.532219118028
92054,17326.084618171644
14361,23347.071871283337
17216,20621.09140441041
55415,15163.570738357146
72494,11917.044467810814
87066,11309.523957001242
16498,6638.48643890506
23786,23963.564508755248
46753,20692.77731428965
84574,7173.9976243695
38736,13942.664140913068
99121,11379.574948359701
13516,18252.863215713256
96995,36851.07923686303
79845,20935.21192367661
75233,48795.42683611359
21150,18731.354233328235
68126,16205.084087631983
79462,10909.238195392132
98082,14922.992699041855
80606,20625.004934445373
84688,21240.841369128997
51899,20514.879972037725
67247,47953.32276039582
97173,14918.459297219979
39062,31047.91813982059
73123,16045.05374415411
91306,14673.816870408224
21273,7629.028350581793
66710,16517.44181966331
62772,12439.24446352568
38155,6391.885933040188
70980,9843.102169197664
69210,6519.608701902353
47849,11430.751813381012
50107,24835.429919831236
50062,14309.054399658442
56418,8748.618006685847
50820,19429.95443084057
98032,13535.409025791912
61123,25853.343704162624
84024,22382.395910299834
89132,17551.566931018642
46407,7111.408157653588
28219,13382.477840754129
74922,11807.697081388602
62520,12415.711229062461
44693,16190.920782300655
42328,25068.127991605197
32226,21455.40706328304
59453,16772.137183920167
60452,7758.9985895509035
70227,6862.813158195731
43914,31666.039992509897
45084,6155.841110028965
61494,9952.525002299233
14788,17099.63272696638
74761,17462.52626167122
19646,13632.961824027434
46414,18981.536080382393
21921,20786.945671145695
19700,12576.11713093235
39274,10017.655688568415
98863,15760.132153205159
66933,8238.665492447264
11580,16301.420315849855
10897,14211.731528851857
24955,5649.596532879104
71922,5410.778149214546
50679,11666.06230859564
27976,28747.625005234986
38662,10837.264832774566
67627,7117.002649978876
35266,11896.537838258864
51210,7666.8795173879535
41282,13332.054688287439
50867,14704.197323734756
92206,11860.389882963109
56106,19794.8206950271
92475,17815.08040991141
82314,24654.555924297067
54571,20959.071373970368
66683,10975.496969360294
26842,21559.969403985786
32507,10439.005266755672
23511,16275.246598536807
78729,29180.567937449683
58636,19228.24848917708
61552,16264.835402250563
10480,11765.770234651569
51223,8031.017656789438
95661,8094.770204346025
67520,5460.513685792121
19475,12684.299961412751
44065,18450.99638045805
32851,17946.275799660893
81000,15891.86951600213
74690,25297.433004898317
97112,13124.074927390287
65366,8840.692880548726
77235,16896.15122147417
17262,15107.855499400483
24370,13765.342466920658
78242,11169.692849830262
69507,20549.477987964656
56169,21882.90539117465
28059,8501.039603800375
34894,11482.972737945296
78939,16056.01609932384
17667,6867.4505776009355
52526,9663.99302544838
84680,18066.85228521917
62792,27895.25678361117
68458,22232.912999991808
88948,6987.985292777885
83509,25811.004196392765
56253,6515.024845563748
56831,13376.421997155832
64775,12382.563933815694
51321,14865.978838567256
58543,12005.73230609641
57053,53897.23989035755
90450,31596.419579654874
96880,23209.72050980487
65428,24734.430526835982
33992,29085.8573121238
60177,17762.656151676507
55950,15373.615687876123
58510,9061.182826243901
65946,10462.140304101053
43236,11112.605250033723
36498,39280.003623421246
64798,13531.102044907742
26999,9157.273510896306
17371,8494.483143498916
52211,21988.132356091173
78941,16834.767339675316
42917,19613.77509711223
73186,7299.793311717049
51142,8184.458676726714
87023,15105.35449127399
22052,17153.11352145091
79729,11589.557066063622
29459,7084.376308592069
24546,6635.5881228653925
58159,58480.754246664124
10326,9107.882040203025
20613,9281.777738235138
25814,14426.239424913972
67112,12984.434586126848
30109,10319.893007669532
53951,24503.066783011676
25746,28377.681837083233
17233,32983.40308221907
43803,35513.5131100159
85227,13687.863274687816
52178,12407.787383170711
57327,15993.204565517282
65525,17256.208161455557
20057,28094.20937652028
83211,12715.55501870553
35373,18158.051287077866
41459,9956.0819073073
45048,14434.57016001933
43250,27739.94585254567
91513,6738.423779113506
82920,10884.874243605069
83997,9291.382459286346
80995,44942.1698919185
68756,10788.827539055505
77412,19663.557126289048
11196,4754.21207743617
55412,25890.0154394276
17395,55962.995176269425
23817,7441.289496611937
80209,6727.546351254543
69300,12999.907198683184
54721,17302.147781896012
92171,31395.26890554381
74689,7233.894868959809
85810,12098.653267446134
51524,19559.525229687017
93215,8864.478455810786
84388,10554.932146404404
82068,13675.32740083749
75054,10642.734997778629
73944,25070.470547023775
77056,30567.892488204852
86273,10624.741282510691
59816,10577.861826775581
43115,17718.03846797488
67751,8000.946736121039
97566,5951.022034063519
78647,27379.984697581
55506,10945.05739630799
52337,17789.72675293182
12029,8532.514103896692
79195,10316.766417993786
86768,31589.343110700946
29402,15385.149546038201
11586,6346.38749699475
22931,26361.780508310454
35804,9310.715106542255
99094,7061.23086187278
33976,6361.125348361871
33135,3815.9678869309864
81378,19384.579941914304
54399,12717.435667374859
40290,27096.794563006457
86838,12549.855175568042
99387,24541.49114271732
91424,17047.245070391746
98678,19032.506954584496
13781,8486.449020792517
14950,12445.138023733802
49218,15530.095595884506
38529,8807.88894244811
18844,5146.060883089047
59383,9492.841397822664
64199,9992.1289210627
70308,23401.56359310985
83834,12252.886328841025
66766,9630.849039680326
13430,16459.75079631374
91862,23111.80778709402
31994,16856.962183361884
88354,7397.149181982377
60651,8862.913235671309
79601,9132.429935113723
41472,11948.904307827215
70675,20432.622625885422
56140,24843.369994101624
17150,11020.88228549696
92422,8459.622920888141
81756,11993.118283755808
66131,19009.359584791957
67068,8284.160579990787
92205,10416.769010563383
10721,50022.08404661301
62618,19284.99156578353
44836,10008.085303501932
32052,26610.165807698453
99724,16661.632032669266
50260,33431.77886795826
95690,23539.732308381666
14355,11484.036945194337
92050,11671.041428931048
27797,8902.542740916957
78866,14482.065246789083
89595,9214.600144395756
66440,8879.726120193402
58579,10806.918443375238
48814,10368.137406675027
90013,10722.55135734647
19344,11418.75369225801
14089,21657.31716925316
78958,28411.806837063694
61168,10053.93182036134
19415,18190.71565531932
57259,19525.627770762443
67060,20690.05465590316
45454,16595.37159784759
22031,16321.584775006426
57084,7574.653725987448
29133,15721.78578050527
13640,12212.751631280003
90400,21755.634128315167
11745,52406.72011719564
61681,37288.95835785873
34028,11764.780398226249
77581,11679.003592395416
31796,1991.109632256872
57178,8061.619064545492
45801,24615.67157617135
44001,18101.65548213233
92337,16869.811761938334
32137,7656.986101451463
84720,19351.027942016684
67217,22762.068349866036
69083,10205.42219773043
26881,9179.77545105946
49049,8046.097462893389
25912,9338.978620011172
34217,52640.45579339201
44627,14932.957383584933
13122,19212.28521490665
42812,21429.288698326414
56125,6240.990037501284
23575,37787.11922228731
84907,14978.809792446806
60445,12876.367463417164
60177,15752.517426760787
76958,22466.80060566953
12632,12656.612621942257
12144,8601.666640645006
92988,25331.246726902136
40913,12716.23309630943
92697,29206.405424486446
89314,13356.010498176794
93543,9635.46874723688
44740,11986.663916007448
33314,12433.35163416891
18631,30183.38854607432
18910,16878.79611653015
94013,10335.478571152553
97099,7559.94644075985
72925,11236.246591623585
46102,26704.89799126418
48437,6754.154151480647
11686,17689.167713590083
63328,27658.66721433357
63623,11731.073843079212
35266,8391.856094454804
28766,32468.61521417524
13513,53164.93943655969
13694,10131.013064473802
47601,20240.90656838472
14360,9392.259390005733
15223,13234.556281180077
56499,15376.581319114532
13207,8858.473863030747
90257,16116.513367198937
95582,10846.229010785075
75740,13655.449321988624
27782,38470.46506025491
55412,21670.39267821942
77959,5428.244310504215
97266,18507.11011362805
91017,16978.28525256963
10916,7715.792645654865
40579,4717.046828500119
90532,13870.014274424539
33411,8845.366516838196
84620,17312.566116508988
97340,16418.97714233455
98084,14266.441996409798
46667,7649.443173975244
87464,8017.671246619584
44550,16533.841088635152
23082,12034.452084963945
69343,16172.951502701573
74777,15439.419007288292
14604,20866.414897567367
96796,9228.276732674683
68009,13800.792201513977
41538,7595.715490472177
96949,6464.427236902615
77723,14331.91349262428
24025,11587.017909304743
36471,12349.683366630641
74511,9242.822309341896
10567,9903.514617413623
50820,8831.860071677203
61619,8938.5552190202
51300,8813.347698492209
84455,18697.79099977946
40033,13003.40973864996
72520,7216.2196456565125
49037,6980.6898900459655
25629,7463.149058937943
28102,30304.179092151848
62320,15687.656750248598
48600,7379.038100654196
31913,16827.438113351367
74735,29123.10820571994
59337,19802.467212793832
52520,27181.160689397344
96616,22773.523886719522
65321,10187.388892954852
38034,11785.353814567789
42761,13815.049502832251
62464,15814.635624511377
36355,28570.62675499313
35546,15686.88639484158
33602,12718.73294985679
88572,12726.700779013989
22180,34362.17438921248
62200,13736.987077321246
50914,16999.806064136275
41716,9659.625636575183
52590,27328.945942345832
11353,21820.164498262042
94062,15055.613464117701
42620,17545.38625442851
12746,40080.30771429756
98638,12873.009626502757
84682,11121.578219487159
99874,33107.76328212602
90560,19188.558517137386
77524,13476.961667389138
46492,5383.09900277286
66650,27889.262395621925
55962,15304.609337706252
77199,31412.272982150826
73189,17341.428764905027
50756,35215.727640955025
26675,9052.520839884357
34784,6640.996034815042
52101,10797.920036508545
86791,9539.260692342981
78321,15118.981291949996
98582,10857.593231616618
68898,13876.11366465696
68744,8506.974726751825
27738,11622.843687682242
65383,7418.83599491598
38008,31663.80469294284
27728,15674.5339139173
69096,16713.06842139584
99552,10130.081637104715
32191,14515.660613309215
75761,7366.055850700928
91742,18320.84859206266
39080,11913.993037473476
35940,19756.229418895193
72944,13366.517861259865
41776,9021.908298582797
80642,38625.85346315232
48396,13781.061096969292
67799,22934.639853204506
89276,14273.226066500667
68072,3751.748488010744
82302,4224.999270820539
55365,19558.914894181256
66703,20340.055934048578
34676,21460.55221556218
52211,17442.150543212272
12270,19152.454879729074
74285,12601.363881464085
37649,26349.63231596299
59481,17155.924328608267
65453,11350.156249735981
82223,16560.22731635617
48221,6550.618915078914
49652,32414.000312566244
19383,17783.619166845576
64001,8328.554371263011
87800,7948.003669154141
41759,20891.153228243864
34433,19824.922316761556
99664,12032.777660218446
25841,14963.919304382698
38130,9031.270057640944
96291,17366.39769580362
83988,12394.817182928484
51635,6988.987066860156
10658,4805.42538029957
38626,6952.163695216368
13690,22120.502394835174
97239,14546.342900736905
42994,16283.506277039241
60809,14854.941424988896
28976,12502.829766304825
24823,7468.573766501539
66932,9746.759008743258
54442,5800.577204703895
87465,60341.10959500184
98114,10067.42516122551
31037,9108.289984278766
57484,11516.157902149527
70910,5583.193440835483
90758,32659.808877960244
73520,36451.67584746077
85513,29924.810922609522
21391,26826.269894371188
93567,6707.585547005312
20772,5987.614749132999
42655,7753.6844220397525
83725,26189.95268622914
42371,18255.15080965171
70174,10041.018674527357
53882,11987.877233376861
86806,21575.640965387494
74205,23840.159726531838
95976,18837.662200223676
92467,15637.53108328181
48791,17215.00815612473
88860,17655.114162573132
12457,10941.771406047541
48678,15217.764250988785
12536,7138.804227854729
81560,24452.931041408247
80034,7410.582315338157
21654,14058.844634217796
72338,12961.142942238805
31922,12468.69088676816
10722,23453.02097333996
50229,10455.868476939011
68976,12082.52606461886
89262,19869.921147217472
22558,21402.57333143251
69152,8923.701032435096
80021,20314.284656914264
64906,16212.478453543521
84390,27912.274710804857
58254,15886.515696821405
42530,20914.889964331112
28847,15517.559871883166
31964,10584.050230839046
82833,26854.60158045303
92919,15132.568920747308
12835,25423.61198972159
94733,8526.743834423938
52011,33101.55937520826
80056,12981.236772205873
11369,9207.887854762266
54807,14623.286204159243
60333,13260.221878678696
56802,9918.327092101237
47706,26918.59363733091
11554,11424.51053857233
44988,19556.015101231747
99127,5448.385281298732
59316,16206.460178830263
28964,11647.512270852952
47873,12345.275000692498
74604,15739.346203210265
66214,30247.075649973962
72139,10970.787246142612
13270,14742.629592427336
68961,17522.183521706305
91918,26419.7316244187
21254,9686.435879880948
29502,46608.07152931104
51409,9930.016991820828
42984,23493.580644077207
55744,19966.764464191026
41162,14513.141970445615
72940,10658.553446687827
75484,9027.163505035769
17827,12860.7565147788
69873,10073.702945823456
83763,26939.95578039035
90906,20465.335742474304
30145,7730.426381352669
28036,11134.153514822496
84810,16568.095862900693
83981,10960.240330930774
77502,20932.910977171723
22169,8971.612931748736
30336,16214.111101823984
55991,13749.476020047045
35016,7483.075028848747
68902,19349.85009356352
13287,6854.9567572135875
26192,21521.24953784993
15976,9743.447874721165
69104,11359.209532929759
25299,9925.971901820896
72570,7088.443091564588
61892,16032.584760438625
99822,13939.925696193446
32330,11785.959918258333
63019,27699.954758585445
34318,22656.975157828892
82793,7204.860426871921
79339,13327.736418188591
17659,23734.73461702407
94388,9057.830333798494
39853,14963.854549562131
84729,13986.652563996058
51553,6420.897795121657
95046,13859.138968296333
22288,10346.313249884166
11760,8218.552972701378
98252,11804.435375322962
78179,11370.659765146967
74493,14376.868117018628
39694,8623.760447961842
30984,13588.075724745664
76907,24744.17138502474
92999,11219.203396205905
59593,32065.199041643362
96455,18523.837987482824
18277,19158.635896799526
22966,25281.503640997333
55869,25687.239692131312
60134,10601.91430800447
56592,13445.289964308158
82171,21117.40256391175
54701,13384.939070812487
13270,14789.298598809699
46989,22918.621668742846
48977,14541.266643883107
37315,20473.421472393973
97678,13340.330862037223
86526,9943.098212333316
16063,10997.020812785733
66695,16886.530441278417
93397,29818.206304349573
29733,17564.380142127247
67891,9532.307523200732
31801,16732.329414566968
10367,19039.567617110893
15019,15393.334879701437
50224,10847.803655563705
42331,45635.43906792014
62916,19436.345747689727
89284,16613.921244513225
68788,19226.67283727121
37068,18795.682331424094
82811,13754.418860358113
27039,9857.294644473179
65300,27832.675238510885
63897,5190.247846867031
88282,10291.757322366731
30438,11053.853760275884
68744,28732.048511735367
25103,20714.255900001845
44939,2351.431656769726
68332,9083.300171402318
51552,9132.877695225643
49602,14308.386866106906
75961,16524.940380529515
19586,12825.346448222737
64597,10148.808129236973
78711,26407.717396893124
32763,10765.454079058736
48862,25974.078812134227
52695,31604.21224165115
38689,20126.766898800972
29140,21881.91399065716
19982,16767.075613583474
56920,18827.18232728693
55353,7436.596973461397
21725,10936.706380729396
99003,14660.307014164286
51374,9229.277280011822
27470,22314.178446782193
19531,8667.590908872502
21792,8963.781877851763
32077,13403.45902327023
59725,7268.689552120939
65938,14922.314245937161
18388,16902.05234114117
18548,5393.567752238716
13515,8957.8277042272
78036,16296.66850790447
96887,20914.767323959626
54717,11143.339034454428
73982,13834.127323530498
97506,8744.138852327029
88509,9644.98259051057
67149,20388.806958969788
36323,7720.64022340347
42029,36146.79132764385
91021,21834.69424841005
49843,13706.376856773008
52638,22591.80565198362
18848,16839.84094106015
45223,11986.585048942456
14315,9659.14239104315
63682,25671.022979239904
43472,28341.349513548696
90572,8786.234419533957
26019,17367.67844538614
67707,9572.087292871234
51634,10792.777504015028
68882,1481.5480705382688
29321,10262.733145350583
85302,27742.838212736708
42423,15426.94822095253
22051,17178.244747438373
93406,3453.8067216283616
58799,19633.532561346132
76491,18064.410409264994
15450,10551.235337807839
51338,15359.022900799122
14338,22244.16189505183
35223,18647.643419560845
97034,16090.082100756377
43214,19178.82267914481
53542,14319.907349078585
79790,10425.020406482448
77194,20175.92991275667
34174,21176.278143394236
29088,20099.95601012632
69017,30805.618821482953
72040,17744.020398597033
61213,7882.027301251475
26803,30032.83893806889
39592,29993.41107281773
38702,6985.530675526972
92101,15676.213470357228
96740,9313.12590905523
80311,26471.81613740036
92571,29829.495445461034
36787,8328.90867608756
68381,22484.13771512747
67696,12575.40560090522
72891,7959.602108224908
15285,11870.317430147807
49532,8550.539592273812
36798,12570.730132959707
17104,11459.033109517699
96570,17890.710924229505
34612,20522.874136302496
80480,3320.105495248992
82715,27199.972816460446
78002,10209.728386216382
68138,3868.808918969453
86665,13695.132368369485
13849,10299.617296042008
25261,14263.175239157885
71337,12456.68131100545
32903,28786.16594566372
72059,12583.827217505223
37899,19999.96152837897
64452,7765.311434004223
42782,10663.335558051742
99376,7558.39652067349
67217,24550.74039004449
99202,35833.87657801644
37755,10464.163975086274
47005,13075.10573558127
91608,32015.801249536453
88988,5817.724056662311
49462,11169.895515551521
95039,13761.525241197465
54016,12878.182491255724
34487,13447.650740010264
29403,15845.6322738376
37299,10165.420577901546
44354,12701.737825698654
91231,8638.256429259029
77206,26306.319641613518
56006,18556.548853179404
76575,8638.128362802694
25149,12054.902066433948
41784,22923.360417704607
91282,3977.2066173883613
30650,47948.2843722028
85265,10208.437516519334
48004,48298.487109498295
11028,57742.39940743121
29618,10450.446702715797
27827,10433.520775528817
42139,23302.642753495296
88428,11437.45856152149
63336,16098.511251069045
77761,12978.264085019033
26688,31406.84273423315
98050,3207.6498894358065
37325,8986.288807859786
93046,14758.440288559992
72791,6882.387196709782
38047,8985.57937595349
69299,15580.073625172918
78160,3784.809979147338
85954,22445.36026757055
60216,24508.043549099173
75730,6747.475393168677
18312,13115.64542690153
19814,9593.76659333153
41619,13167.794392258924
66999,12645.485959429894
83096,11085.086958299918
41011,33496.35342129011
45850,10254.395719109332
80887,28063.081161875743
28092,20066.148330617467
42786,32758.68852127199
80887,29050.736711327296
74015,26685.893199891234
65050,18269.04626779303
99092,14052.974512111397
22373,20390.11040788467
81615,22467.309801040174
93018,20612.201518259677
64551,11396.467020713651
19532,9861.583911155438
35607,14457.616905302239
27287,17377.84409941096
83476,9914.283996246792
81168,12695.57046921997
56498,15415.975614082545
17655,12244.801510880072
92198,6709.99365568611
68756,30921.335987847506
26625,25930.391914725144
31429,14854.018142226414
68540,12735.651525496454
68015,9559.920481395297
96692,17744.499058460144
48789,9231.87962880603
24353,16245.267215627906
41725,19550.712175434124
55134,49047.424203047456
99433,18065.94273751163
36512,50038.56180424226
88421,19434.007515413705
89788,11077.056468195447
51922,18011.987122938444
98957,11895.489779247044
48174,9745.23689730357
25491,10519.055971271442
60824,13092.669916207356
93065,24245.03703848424
45709,9068.70082888315
40929,9695.742866765522
30230,29900.097306498494
99573,5268.023907920364
82793,8965.12229284666
36834,8743.43373824218
64164,10699.971299625717
59758,15914.429200690565
65401,7989.1882922374825
49776,34831.88793128403
73035,17620.51360128002
56496,14237.392596565496
32478,28418.48891587728
30412,6532.320346245151
19000,23915.273955547418
26456,12563.475473782222
83183,11834.455925756816
11476,9763.16549177196
91395,10904.379422180435
56439,14876.11800484355
83397,7327.158102993926
76209,14397.052246163414
82627,24057.53828996385
10882,10316.157576355312
58690,33067.47831193686
59144,11291.805192125375
44058,13862.997377648699
78071,45213.22842424913
48067,10110.982209026104
10066,16374.39748663291
88029,12467.67624675425
50890,20949.311575131054
18919,22422.107494691074
98634,7234.053056372315
63179,27567.570152058455
58061,21430.9848793161
60010,9961.542005024152
31096,12196.351540012634
98916,13556.253501876889
51210,10285.86111519814
68116,16990.67172546063
51620,20578.12389500892
51759,12636.226884600364
11862,12986.98030850994
59250,14694.286030984855
95647,19157.48783520204
73556,9005.284678228323
36694,10701.796574956139
53926,20091.57146849455
24431,20190.768521973696
49573,12252.844072798198
88073,10212.419270187256
90070,11633.067302424794
64730,7702.726905347303
77583,16165.13310933785
34927,19649.73746359499
52655,31291.958282768675
85751,24884.45850578873
50285,10387.060129702717
83223,26303.044542300333
25142,9559.920481395297
20674,12983.597796622087
24063,14356.31889458211
66344,9770.655884617743
26584,9652.115848029367
34945,10800.816425818883
87178,8699.854205555057
19938,10140.875581679895
92472,26716.343219731578
66836,11645.553997656929
61414,30462.137914834602
47965,17282.57263388795
15259,10380.117392288503
12570,11332.420276479646
90458,10822.194098518667
48912,12620.896347712127
56779,5579.912786241999
94431,8348.649808869026
63871,9177.198880251624
14057,607.392073761268
19988,8679.81615727581
26130,51449.70385036671
56773,8763.206017510784
62124,15138.896489773635
86784,12926.879969668536
55751,12305.733266664512
23945,13650.532092220996
43852,27074.09872019008
94367,11405.954277981136
70731,10114.932918104434
33939,12234.707248331095
29975,11287.61052931779
38875,11594.541422203745
74402,12213.353434542216
83103,9964.617347539748
87554,23928.25286247017
77003,9647.105526042116
88912,8937.940913654333
86091,16724.753621505526
23268,9144.61245459012
52423,11545.78430709425
31054,9295.267459262528
65205,15402.900867462471
97956,16468.272327945553
92268,14032.385803897285
61310,10162.496992410499
80326,5726.251285599365
55572,11242.912367063582
89642,11650.675782303804
37887,9336.014460167167
73687,11850.754897716628
31637,7528.055408106195
78813,12667.55373934959
68322,8351.207445146907
86504,19214.086095735405
21869,13073.688394924713
44412,28497.99605088066
52276,7853.331849166285
92375,7314.720409609767
46079,11196.479628430505
80372,18908.167417704102
27147,9078.665959522605
47008,19381.694274818994
99762,4998.012051079169
19504,6919.849104241552
42830,42180.107404824
88446,11427.350604507763
62552,14743.58564564065
69737,11438.692492513728
91451,16425.07322012541
17907,6306.209787130694
27030,13862.388256199594
62983,15818.708372959456
99801,13859.515431994727
37681,12872.069944253715
57569,9753.714212990313
22294,17230.295649134394
72876,25700.37163546707
65722,6323.888307376155
58685,3287.3029411410153
34884,11246.49094991244
85677,6434.100460984639
60747,12551.423644268336
68114,21952.914475445326
58663,35715.22029005895
74072,16769.067284619137
16860,28699.841687924763
11505,7873.030967421948
18211,30513.628429778975
15747,13137.21962105273
19062,17407.366338376167
87449,18003.620085721
90001,10464.839801068338
57742,8509.051818472917
38483,11196.479628430505
15414,11175.814126989198
88777,13474.936814995639
89635,27109.13572999172
32187,5399.367497295201
49702,11284.13360657133
41470,15421.02649922821
69520,9178.031747394678
84715,23499.943511827612
87717,15754.238571789352
41814,19547.858908056274
85780,22905.67964041979
38756,18146.457117407394
64865,15338.252628008651
51020,27481.734804870815
65858,12973.615580552385
27524,13554.914838619075
38453,7070.969352419375
54480,8865.554055337412
42442,16562.995855360325
17736,4700.899025912153
48473,6761.850566595436
82297,27624.55237156571
17034,10348.315040081887
65006,16597.89604607774
31823,39508.58613755908
77432,16524.29144351701
28864,6907.690455378888
87302,9287.15315358352
48697,8488.011936479774
43589,21554.50290264997
26552,9550.944573291305
27419,21248.20673202646
56975,17275.935206047216
56484,12157.605068173398
73856,9206.917868056624
39380,16253.738933535553
16969,12547.28916890041
80784,23053.40562356256
92552,15145.513761362314
52271,21681.417131815688
25492,13672.349710713253
30392,19436.834538489013
99417,24864.630945993707
55191,29097.020994815888
76902,4934.316620078691
61508,32508.66338643284
79629,5113.548167157151
40804,7678.7191239237945
91374,20477.9514381789
67399,27388.843150454664
38935,10438.610813914645
75205,10552.980373712875
84510,8911.879233623531
40461,10650.638199184708
18693,12554.433125582113
97951,9576.109282938927
25334,17229.533240790908
65440,7140.419795076055
54931,48468.796371918
50395,12961.107963929622
56289,26811.586354283172
69664,15533.396660902685
22201,12016.328589334626
54992,21753.447778667352
85580,28732.048511735367
80692,17133.70551935723
73094,28165.22033107597
72023,12092.477867686634
38029,17108.944714949055
97023,29331.22902358064
77482,17882.184249085374
47996,33932.521039393614
93021,7396.006256290642
39332,22824.058486176622
29073,32680.44936909869
90589,13660.674285501389
93734,17343.214022620035
48361,29343.487581334244
90665,22681.040171224406
70416,11699.227451561434
94327,10582.593489157945
42649,8462.325231554974
68389,28089.42343182314
55675,14128.665683786416
71035,13226.310538430573
57774,12953.159314359114
78072,9594.33487647332
78553,36552.11173096939
42764,10286.919387487449
84103,10247.174545660117
29176,2739.0651836221296
69175,10898.974467528376
38577,10816.372531020801
30755,40524.88602776888
78779,11275.50095459853
96326,10840.259657689696
44176,10260.09264448853
54448,17217.789953170373
66327,32640.27963977157
45666,14938.88468480101
14550,12231.36673497927
55126,12917.695876010222
52616,15219.28217639228
93766,21410.27463293165
65562,25407.83866953726
28009,9708.172155031265
35972,12948.478995880803
47176,8751.79351514987
11148,9418.1287413499
96733,14313.353597648536
93461,18142.46392757088
27271,7673.220817430145
33444,10687.385409897415
60120,9735.592589561074
98377,10276.113681818002
56582,22754.844713087576
36878,14221.713269995043
36688,10130.119959467824
74971,11908.544978774957
45554,33965.592119210916
54670,10095.989036931716
93393,16384.989288538793
67191,16413.080670790274
18211,14751.894263916382
38460,11134.34170775953
31558,7078.013929176908
43586,11860.289529828236
29261,14198.9274627316
32079,13669.84060897712
16335,55870.250325943685
68706,36470.560828161724
24086,34783.471548751724
53905,14133.349441066213
29906,7942.554276636607
73988,20070.942180333936
93154,19551.340720404973
13852,9050.442631255544
98632,13784.539563919847
30276,19391.036320082058
62628,19560.04466063834
30020,11489.195520227899
28310,6291.266966491661
59304,5708.268308765615
75960,6150.908283485805
77159,36379.14016611951
84843,6842.344882521986
32506,30723.78591306533
32778,12268.314443793926
63944,35625.116621809
60260,17410.474284329906
25212,11173.387940162334
54283,11834.455925756816
90875,5442.578362408389
91783,43698.92248946076
54732,22694.343334914458
93550,10827.684195692273
29961,22484.015161004212
73932,6597.2595388011705
19876,12332.068950054268
45103,15832.358589734538
47552,11973.190308351943
49469,24907.136010804283
21457,9161.120205578978
69848,9765.524964228545
80442,8962.037990320536
49770,11094.15258603169
30092,8957.8277042272
90747,19104.36995407245
55851,23398.216265573374
46946,10056.993236194674
37732,15404.85150426821
13097,18668.61407700942
94011,7037.009839638888
64584,11447.534752900383
96191,24179.719543603653
95798,8932.517309955882
88371,11810.483857973111
80633,10186.551661727794
73548,31547.981456222737
75675,9571.517373497738
97614,12501.529708511956
36763,11484.645056780184
74601,19687.006974591353
15742,6727.701379943701
61569,14688.656997639035
55736,10106.68478915967
35946,16354.635424412452
73701,21182.051108216758
74703,15885.828719904222
55075,14483.649198496903
52733,6306.872552241237
68521,10508.92724659211
64577,13180.028493312297
12059,29848.359949642076
37395,11444.09842514218
86631,13375.15255984319
84295,6720.718768316903
66891,12751.916416752778
47730,7878.959486925247
19068,7606.990507646367
33843,14010.564968245351
23689,12266.161273103366
16352,75453.36649561871
18155,17473.0031998652
97237,18915.54275095215
15039,12092.243316146622
63018,18694.03471725178
96506,10717.104215109146
17149,35076.211998627594
50454,17372.839835827595
69211,19071.336369604094
76484,9931.340104616002
39680,11296.088640554724
31857,34387.99032047458
96010,32908.51400625772
75292,25948.123830925426
87730,19869.4529536121
45349,10070.710396063845
30997,27421.022582880134
41832,14989.964514787784
93415,12715.879594684606
17117,23456.45779303305
78596,10233.672975114503
17175,14186.17678478648
73441,54332.61674323162
56781,30516.72365439725
97260,11087.927737622442
56377,29903.107622257143
78134,33275.38961616351
88838,10556.049637100992
90133,20161.68343296084
27228,24697.25529149523
66171,18729.637910203597
40542,26857.989954608194
36079,8174.197268043743
80877,7945.035882803017
28161,12879.212938106097
50689,17790.29144718277
61240,5147.5260889588135
69654,22415.206193617872
79557,7595.989825857176
26740,17965.926228238306
69058,38408.036016341284
87139,12506.183269531757
11956,8308.578054162352
91775,8459.942705242815
60266,7588.55436293751
18499,18908.35792848947
74885,8554.46078533157
15397,8506.974726751825
21682,6499.806189996683
59429,15469.707812773588
17711,12821.340126664647
68857,15387.53567564379
19014,10905.055670828826
47467,9232.685572944682
46000,19965.383819077244
26186,10881.373712432804
17425,7201.00453576815
27532,18264.34809161255
67707,9261.847658290451
62172,17975.280158933674
29567,30347.680306357932
15001,13369.470443920807
46678,45143.27724793347
21889,49455.6564081532
12698,28295.92113584239
45566,11914.604319037513
46440,19990.65088934065
25822,25531.299039508012
20692,22724.3447634238
13934,7174.219478313204
32258,21431.686467026022
87201,23277.21148957978
37652,8755.538093281371
63280,18291.139554909998
36081,13806.830113906599
90734,10682.65630455759
22438,12166.254249878846
77946,9881.106268218577
55216,31523.311624941372
56330,9133.462419540168
54320,14538.08546521859
49779,9001.637778743352
54739,29341.63565302259
15780,9657.344415746255
67432,42947.270164568705
46666,8356.542266068696
74616,39101.79519304335
59550,1875.8452357441747
14104,18786.38594234425
59315,16102.71747886865
43464,13153.310182812369
59729,12918.456375561902
62231,17451.67292787655
63487,22060.910456013877
41559,11374.808721307769
32404,52560.991088055576
55923,15987.312918659809
78623,11283.184422465489
44035,23920.510572428735
78646,8167.973922642037
80958,17638.273584490635
98375,13311.498703871208
87854,26356.974029944202
74495,8674.167516634268
86278,7834.091181712043
34557,18727.097969128023
55256,9924.025295900143
24028,16149.357117909505
92451,8246.02036780655
89737,6396.90784487957
25093,13838.398700295576
23061,12652.469954784818
64301,13805.990543008204
92595,7558.767587931456
69177,13353.363443823575
38569,43161.0425456203
27108,10663.112020818313
19420,27216.43770652538
21937,15572.762501826457
49536,28605.803631073293
73845,12109.647597975803
92383,19453.205044251194
41727,14084.213798431025
69203,11613.010300124417
72460,13141.030546832126
76919,10631.287080934335
42040,26710.21294976285
95436,2728.1700576304465
35007,21257.79781785985
48381,31883.274374900386
17336,22510.77649327085
84917,12854.551026973824
14819,8138.1650313082755
85572,15313.555713449543
24203,11238.167626429993
60137,9624.880481268818
20074,14663.144338005577
44169,10824.148058280241
20123,18302.58263212272
25486,6492.054759463379
14882,12890.373357507211
83318,10100.665774838628
80733,30722.99165146613
55605,9655.392278431535
81296,7603.688889085532
68459,17300.631425965115
46329,9236.384226021564
13311,9311.796582291516
34505,28512.695062230865
70797,14151.520257267739
79997,22708.61275281931
69238,15867.079404137834
75197,32873.680443706486
93426,5717.588214124566
36420,10190.996618098145
94037,13570.15687014522
88841,11184.167088942857
37102,7716.630623482142
40097,12682.423978520757
83896,15957.266200581442
29986,26325.588481319806
91918,8051.01993959571
85913,11176.232788542955
10486,6786.029031312128
74893,32031.41255388928
89653,8803.178688879936
15266,5218.275884440483
21492,9768.581631023102
43231,18184.153387244074
97616,8671.493067027657
36406,17149.122504520274
77239,30070.544286757286
78952,11479.160399452765
16795,15057.604172202362
27372,12329.644562564532
24595,16556.74443334471
78635,10694.153803626323
16302,15069.652217096893
84513,26384.50454392047
85985,27820.958373994166
13955,35404.137880246635
29963,13885.242199954422
65313,17794.02923712836
49888,14583.599377132898
57737,12132.223968673221
19230,12053.968791464347
26495,23487.788275545245
98650,16914.05857987975
44997,10190.767525764888
81448,19732.950718691645
50151,15026.791949042788
34350,3773.2623724313653
98813,10364.135108960749
46899,11851.66540666108
86500,15192.490944480483
72849,28434.745327572353
65674,20498.505386609853
65864,12229.876165578291
48491,8704.29530806197
59395,22873.270515584987
19664,5424.900974979248
72804,14059.87689595825
44646,27795.190434941258
11437,11473.116566473058
64235,14808.519084424484
48236,11294.854348147617
64393,15016.349632618701
50069,9622.790106428925
32902,29007.771826524957
48054,21479.82237492986
47926,9075.217983902505
58457,15340.413831242699
82175,13479.213171795114
89107,11919.980405905166
24630,10220.968601801218
77968,8581.63047412643
11346,18815.007789418494
29484,9115.290607584953
49829,20542.06656837671
87479,45711.03211761772
56525,15191.263020419898
87768,25507.541224414563
47552,14648.553404307408
77985,23940.45770489595
32748,10555.215117237021
35081,27691.664813661555
72158,23639.967012319084
98902,18129.6845575666
25797,8701.051076474443
22798,20648.971748789983
66669,7570.17771208828
56614,24833.464421254055
50563,26402.87713521423
73796,20332.78293561683
21588,23286.1724697228
28589,10748.620835422074
55393,17703.988915571696
71929,9139.528322161967
81707,26486.182616193822
49732,5949.505256013974
30466,14329.854604201411
28472,9576.457529479958
29117,15797.51205653311
69820,7508.036350828208
65149,7290.643480685825
91236,9954.23958135046
22837,56442.41969074405
10440,18735.397354226378
12887,27876.298508977943
48779,10453.575237714773
37687,17515.303429029656
91042,10378.29517062206
37865,14360.355856178436
87431,7834.485560693989
86069,14420.998319904744
98907,48483.17648556785
38008,10355.662323280363
77652,15511.807884769736
56994,20017.020800837978
68734,20270.57236647448
29315,17981.87714921672
72903,10722.77062964861
44414,12187.000514762309
34970,22004.724002997573
68618,17323.38493237105
98992,3123.0515469189777
88116,18877.275479932494
87943,13233.68601195821
82168,18330.720027556716
30372,22786.281527228854
91741,14338.866573569543
47695,14421.863081471847
72882,7337.530406096937
90039,17816.284589004095
55902,7510.780248269473
36258,30314.039654290293
12766,9507.325471098866
69278,11812.53479606712
50081,19727.568958517564
17380,15785.247962970223
52053,29030.080126427885
52258,14696.235726169685
54243,16997.09410371944
89212,24151.16238539328
77965,9690.423592913816
57660,14856.997448149297
63465,15390.236546990272
40228,15879.586494911011
62374,9155.286761823085
19526,20040.764716601276
35175,7599.422965194322
46970,10494.478669034297
31651,16640.7475894315
82457,11031.55107547704
88172,35455.51982632994
12906,21351.253653153824
42521,26754.03689080772
65031,3211.613673301368
11786,25326.011692340126
92156,30514.101780479632
30357,13538.446714772503
49463,11775.959267060834
59899,12365.523117113058
60669,10655.8801281968
64438,12083.804168945822
14302,11491.817774927917
86830,10375.983413673082
19122,8936.067624741325
56042,36103.50751501146
34066,30904.72381906309
73333,5801.970579513494
94235,24418.000392756934
99424,18974.986920667623
28025,35601.36539623824
22414,22779.542025585288
29611,15028.138793262611
89415,3836.699363093847
36575,10005.409556921244
19123,12438.477886392178
32876,9260.802028208032
81595,44986.78206580422
36841,11266.479981243418
77842,6243.1997575157675
95031,10474.846555455915
22478,23828.642837646912
16385,8617.589910921473
16246,17350.26814153717
92563,15386.73687893277
90683,22494.41510303143
67360,21547.7932390085
86794,1928.7280443894797
24156,10638.035735810758
21047,20236.53246884588
54519,15036.846396480229
64566,9787.44401187919
29646,11033.603333653886
40820,22817.272725004932
53192,3258.6550137901068
68956,9482.658638515506
83843,18640.828231925767
21786,13000.442377755338
76303,22334.126365776516
52802,21269.61313013878
77324,9373.234648228938
46223,12036.435180000499
25261,14241.048157178513
79804,15926.47859005499
66593,23281.844420671492
79055,10740.191803783548
70986,6291.266966491661
64568,10865.124324794373
90458,49329.68981295459
98460,19531.116094451223
71117,63339.333744580064
10132,10883.584403032466
50856,19305.712306834877
58522,16501.174462836047
19610,22382.395910299834
36027,10658.358449322106
62580,26515.78289827003
73104,13467.048694402936
29862,14808.29181180182
13556,23001.70016417638
15598,7493.063641975494
63606,8473.42369065766
58189,11406.46938408128
54401,25927.109034165955
39931,11859.298683348376
92502,17903.716184037847
76316,34584.65995616847
41515,13588.828526046143
24362,22556.94183020122
97234,11438.107148305415
77318,22077.19686307264
78787,26890.38234326894
43676,7978.089943175864
78039,18445.65867836255
21684,11240.4539858792
68321,10802.043122100938
68267,2710.3390728166087
13529,9398.427549621421
67285,13792.635836710535
42385,10810.140618913307
24581,19638.251165999776
46422,22523.579235055644
81220,7854.362042969184
86750,10038.683557920438
18146,22253.955319973837
23811,4573.160199002934
62779,19757.420200431923
54559,19391.779976833
62834,20719.75904459255
94557,18064.96967651253
81816,16226.607773133659
19953,14345.350020745947
21303,7691.5621758174875
24443,7130.472921420378
46525,7388.502760896748
32362,21347.45417325753
28360,16155.369443582906
79595,16795.265151953467
51629,20002.87354426807
45067,14615.478823805322
69984,17462.080575644068
82582,11904.764600684792
99650,10938.784712455708
32947,22465.63764434211
98929,10977.407748283753
67650,25870.818004143923
84725,19048.942599340648
85133,6431.912904551837
63373,14662.013591269038
75611,18932.806348144997
38050,18811.87511658598
34465,6639.933127846609
57590,20456.516046668738
80581,23956.041341352175
37317,15899.570183983422
14018,9287.615787513809
13064,28040.330517276976
57786,8453.31151141797
62808,14335.076058556504
73155,13862.231399637485
42339,25832.93563043603
59955,7097.215446619655
58007,17322.906823782258
27200,14976.997711586555
28194,31555.579371328407
46053,20015.016847639035
83381,10880.14486906557
46047,11656.13296217892
66627,19567.248063731917
99136,12957.639957259873
13059,27171.753255980533
14344,7933.592632761785
25017,21070.69864984823
37381,20516.341085373704
55545,31139.831682563177
42336,13299.420088149864
77836,16252.712824051016
93151,16940.08731118769
29578,18116.981100546844
29263,30466.68511527723
33923,50805.415597213425
43018,67076.40036848461
27606,12886.571617866037
91080,22399.58526886324
56239,16236.867907305448
48128,101476.47066199513
68285,5507.285055080338
37962,31645.18715914787
16721,13807.52429419243
36800,13947.591996512296
76306,41917.15009674242
81686,10281.418518512532
59375,8963.781877851763
44426,9960.105735705396
82338,9994.920233802939
83902,11292.508635547967
50186,18279.223695724897
88444,11731.45005507845
44917,27615.503588098585
57378,16817.955313644783
10592,10929.52312889818
11834,11223.374629659378
63322,15957.687364382109
55422,9562.290799927347
55727,9359.093100669967
37965,11711.3265518708
99162,46379.43976413258
55019,18666.880543931722
81712,18166.698919213773
43354,8345.51690457287
95288,7030.453970945689
39260,21006.722800068892
60448,40862.1628004951
27140,14132.127241051247
46261,17481.56581017011
46191,9545.648415026399
45137,8369.25232543147
47389,9438.227659263317
95001,10447.2381828519
69871,13204.04741335745
83336,8137.049345533374
18680,11380.63366735783
32685,12652.469954784818
57823,37917.67673543652
99032,21325.774551728966
63157,8291.247587376554
36646,17801.88883742541
20702,33498.7333480395
28403,22900.758971222134
39642,18913.20279289345
62654,30824.007684392403
92992,12798.69793433696
71940,34725.97930133711
11420,10646.931386427788
33841,20217.07501866314
89059,19842.227965260376
23136,15216.040589260896
74814,6600.590232950935
49141,34924.274229066235
52486,17123.61599403151
39168,8535.037044283414
95949,17233.47620624296
20377,14345.405968259493
38960,13763.89302934687
28849,15109.736599328504
82423,24376.25140853325
73746,19137.66309888552
21242,26683.668773467674
76656,18109.367180162204
58214,12321.348248643822
23102,17086.318264360292
30549,14862.929692173024
89362,34459.93832253806
11263,17393.941702160926
80243,10286.3296008842
47698,20556.52790532903
62634,21509.221292409136
85081,10118.939264522513
11688,28835.62995762135
65141,28834.47572432406
50729,27992.297107887065
24650,12813.340212702506
51504,14789.219995701207
18416,31434.1164662452
85207,9485.927226451284
85343,21142.434053831617
25622,24717.785584438552
25230,8092.369771075622
27739,21403.642618478272
48222,8104.713045515256
79804,8940.062050085802
84150,12777.21675924217
65400,8918.395769255
64859,9732.71990999884
52598,4650.7402943426805
50975,4987.851632786396
94875,26535.023592276586
96268,6023.534151564068
63913,32700.834775167925
81503,4666.528722463256
24763,10370.341288796899
85553,13876.508872296827
80104,14594.48902164689
47310,5727.846374293833
61743,20476.60392704114
39836,29605.33806172936
14347,8864.344579696692
49434,9635.358820737494
51116,23016.25442649618
28853,4952.081726959263
12911,21704.2716937368
87366,35579.69604919982
43838,17312.13230237314
62084,6695.440517864068
65565,22699.697039082774
99286,122168.12594759927
11040,21948.2680559051
82044,12255.615448988345
42544,27012.232927169476
94708,23621.641454817454
32753,14296.667581119256
56324,8020.922714321487
57914,14304.970405955224
25409,27875.161108273547
64578,11272.462141742635
72486,25205.86729197614
24758,7704.918729460585
18038,30254.569585832993
78105,6526.819405078662
60593,18410.370941341575
71347,80168.72066110437
51935,7635.436798803044
11352,23187.85661919087
27603,19930.837777874636
99581,32409.157928877656
94809,14502.40253814905
99285,28075.271625516885
78735,26824.435005134786
59590,11449.563971928277
15577,27695.567024526532
46936,47713.48480999358
43239,19230.515409989475
47191,17659.363874246017
99770,13997.831039315188
27399,14838.298325770129
94077,9574.139446746332
44447,18371.247729091738
20653,20933.645183155568
39289,7828.890718345572
88357,19701.021387742432
36717,26704.76990214276
10399,9129.19736908705
48396,16352.641068201307
30449,7300.494558260509
51264,19425.307591982313
17239,19968.23557499115
86800,7443.574503235352
91762,22228.095545548924
60891,15408.41824091042
92837,10686.328735556313
38990,15071.60751375715
33495,26080.48611101757
93799,10727.835678352742
40421,42650.15495062438
89988,10155.284284217294
83699,12865.975983195625
41737,14060.040391039349
68048,12174.129998475273
37434,27995.149877098243
98838,45475.570219319954
20942,10636.466798821726
77822,13842.924438534015
70272,19948.250893642977
50642,7600.362515491017
68821,14336.351385004631
70914,15405.876475429273
27359,11381.068372046391
87372,10215.186548816899
23288,36477.410220865946
91696,25704.596044580707
96232,8585.840654174439
38658,10250.002037374301
50053,21980.685214384983
52472,12854.199149233718
73599,7442.336870431876
92062,25120.785392435093
57079,24220.06381663145
16121,11596.39126215483
14476,21305.572972826085
48080,25064.867619132398
91993,17124.851635349754
13416,16378.76267256312
97458,2361.701311406112
25430,9108.521347775599
80333,7008.482476925958
80180,8104.713045515256
78670,8995.515461933039
95390,21228.87691146962
77710,16195.733843467713
49082,14470.473817073364
76864,7678.411257138199
53390,19284.65454902289
49047,8261.61482922794
19681,25794.14225579329
26467,18935.875850834305
25470,9710.01359819065
62972,8760.180060267487
62197,12108.27873943342
26733,8712.13019855889
99984,16352.44415152666
72866,17145.409411534485
71878,31162.50193713065
97379,38301.73452606071
68877,12570.2955701819
88841,14336.696168100998
87609,7513.475537838567
30770,17700.363416681845
90759,16251.466723362055
13751,25228.28629911343
10934,20446.760340570472
77619,17538.524518929327
52811,17369.246534632097
28459,21192.83910763395
11446,14037.671949241332
48282,16806.928210037182
41640,21668.85957578239
66438,12815.833242252436
99630,49046.1433677396
24506,48015.97812362288
20504,13065.933292148426
18962,25853.33699727767
20350,50026.13556481614
81591,10742.011058246979
17642,12656.431120819743
99347,14611.828507287839
56823,33248.78302403628
95629,27609.656184194035
97710,26056.439114866676
13718,13657.673569450008
15350,22474.760888827586
53425,13376.179600083806
38309,13790.208640203047
44026,10282.843266549942
94693,18348.210127666218
91517,12302.020671209148
73372,18297.190602125876
47682,11999.830434492975
90894,26359.99450590386
13113,6874.929358292098
38504,4915.174137482321
80035,8421.172735840935
37016,15886.76714967104
29664,7802.437735475622
79076,9749.820282703655
54626,21318.783487764456
27887,44656.00668731639
21137,15604.24393346301
31699,7860.918608563787
85862,19427.476062679863
73881,6337.533130169844
31653,21513.80074207562
41488,43341.25372630046
28392,50139.12914473537
88159,12200.3763758762
52990,8169.070650733411
43734,10033.152611154004
27544,48190.674055907744
64555,16172.726116447202
43968,8518.177712257106
57977,14481.200723631704
83805,25474.873336326782
17586,9647.953647899385
48422,18891.303478053356
48710,21398.945672432514
73071,5214.184723686023
96916,29171.36192498028
24936,16815.581287125824
70095,16610.70213710736
25273,10414.046403390346
81570,17898.56794630199
79121,21854.170563617634
38512,9943.667699740607
77000,16354.238206607104
86052,10369.692228319562
63810,15853.41507674588
46335,14183.06844287869
55845,19111.96836737702
29252,37340.88509511616
68719,14875.620672707544
42595,10959.222144153355
38909,17019.15776613568
37790,19672.951649789255
14167,11029.20327128745
78560,10428.456195588322
67195,4855.330496060766
14374,12318.733962937518
39882,8250.61882186907
97735,23052.813755368832
84729,9876.248793220795
73229,9102.094245520566
30257,19195.92148603021
98140,18920.91567579157
14863,32003.620617905588
65834,17878.183633626977
21343,16694.255419970046
15886,5849.051509324354
48209,6255.734605173704
12171,19892.641894787466
29873,27113.511530950927
86784,15739.368590603593
92156,10478.892866850918
91185,7416.051752956004
81613,14485.593016806024
73109,21063.687689300354
96538,34133.430809636426
88853,13631.182373390697
65806,7102.905800478511
68624,24868.153927377247
85738,22519.300866362886
39363,8634.369928151136
66339,12846.208792057732
98414,10788.52521060032
69560,12914.306681451795
63329,9103.854597823763
24784,18762.37741172774
15380,7405.996714837451
85347,28414.852338443932
53811,9767.202734922543
47012,5297.831896698477
16870,11966.317958409232
41742,12276.948197447877
61724,21529.381140761216
44521,10297.279418377519
63541,24268.568430258812
41539,16365.90587411202
94647,20395.87156026162
80706,9502.863685603299
75721,18829.444985633563
69437,18541.140896628618
90854,20604.068475753287
78658,11313.107008552855
20089,18778.554058974565
17667,9232.797665416983
77162,10043.198758512786
81571,17946.275799660893
64751,16004.30775329946
11481,12534.167967591922
92700,15707.62286973277
77028,9858.451384371585
55095,14317.317372750531
45797,17015.553488747737
31070,9130.879060562249
62463,27708.342583420585
79227,14628.223222996316
80750,13245.780009491464
42376,6626.865245650952
65605,7203.983138282943
22571,13202.287578475014
20065,10408.415391335508
23211,12340.78629307571
89048,8978.76921996734
85223,15779.090452304892
16517,9643.489310935951
11534,13392.81711528667
22457,17599.115275214655
53571,9128.07054326579
97708,45796.5717925711
66356,16322.933947989219
25028,6935.472293055416
11413,15596.996174168504
19302,20671.283521134428
13105,13737.72668116861
15087,15529.843832823108
58889,9302.676120923426
90018,21742.760159644025
13393,14100.27790865557
81605,14277.351134412127
62889,15379.134221038717
25863,10933.790336169252
42181,54813.25340292672
21874,22151.547458297144
29327,12711.695469468235
86101,13025.110365226623
36204,13260.683974102882
48675,10337.096979393238
49173,27321.019747468614
97972,11562.934536813607
39278,28463.699938432044
77058,13778.086479190966
29670,30071.419455771706
33146,10077.678958326633
42384,9959.187224158763
34880,28942.600104229055
44759,20308.364627332263
30739,18428.888368630345
33209,7777.596460953739
40405,56728.62041137247
91015,16020.708428048794
68095,8305.77808591059
77047,8726.48931368901
95752,41451.75677476543
71464,9635.46874723688
76290,3951.9203456092
10570,17977.52924630937
44951,34240.04278001477
68375,13539.039077489755
99530,10784.100469545047
77848,10066.09139865943
41576,14742.538672989263
60985,10963.88543712193
60329,19554.69742981169
69870,14846.26466659315
33808,28095.091835564846
53824,14417.742453887244
69947,19090.29539301817
79650,20149.069724404206
28028,16251.085099299995
19426,8630.349258093667
95651,15896.904357978508
45424,17667.515579299823
64479,12637.652420690301
50242,19790.23511830908
87284,11559.019575003049
65938,21764.491505131242
49183,9482.838310520694
73912,27521.330605683055
15187,15806.76300497368
23271,10202.787765971545
66916,29509.058085108154
26336,7541.271621243417
36947,11395.376178796425
35576,8813.394291659884
67302,19545.14128453848
75116,14349.41342663007
52542,10762.434695008438
80707,17886.460473861956
74152,24676.719859906392
60116,17574.435671604948
91523,15344.567610268945
93387,22905.461738076847
37357,13388.224609819255
78694,23573.985659966376
42076,24364.118038794997
39922,10791.443252293251
63325,16040.010884086618
18604,31058.15906344032
91107,7531.786812437456
19848,19858.26669652248
35030,8407.785339087599
60240,13817.787497382702
81183,11902.351951785338
44325,17232.892981037403
93923,6907.580524079351
25878,10629.175101612323
63703,12741.192998294808
36187,8882.953477990906
78693,20915.81222473285
72943,17020.22058439907
23315,12157.73173263315
19522,655.5229977607032
82934,18243.438766651678
82672,13353.919117348061
42546,5276.818685142311
22758,15820.860405395413
56961,11301.287560852485
11777,15006.677893172558
72390,12917.869177796323
94354,18819.086873147095
51150,7225.5050879828905
95987,5343.190432510708
31951,8799.961643352755
68772,20579.70946711151
55183,4481.251574874397
10402,5752.773643477982
46311,14143.078233548858
76192,19594.056047851016
16968,21165.864303716346
62548,22392.48987958082
48007,7320.710698659224
60832,9927.92792741534
49801,28351.733189958453
24726,9026.75322997692
16494,28390.938349308744
84626,22404.16679996556
92674,6019.189885425592
68724,21418.01851222844
76160,7235.724880081059
51073,14660.650134380723
46933,20384.02960311256
53994,45682.47165361591
10131,14002.784198127832
67351,35661.59597446691
47324,6691.117014566153
32571,9238.594977061424
92564,10198.15298467009
78457,15211.968561643258
74204,11572.532481535818
34960,22430.837849189076
44436,25989.42205468678
27073,29956.18323649129
50488,18646.14759434509
92989,30699.8340775389
43210,28122.994280358227
81329,19774.109643698386
63280,39586.40102051865
30716,25058.99788117525
14437,14686.31163918583
11966,13233.68601195821
45044,8180.260808607996
17466,17971.618954495876
18157,15101.698842781561
82494,12399.028841411031
52178,27800.364523258355
69470,16089.813811790196
65749,8522.337741115467
33697,49946.89727032023
26063,12709.585665610153
70395,15800.217556841824
41071,34703.48760429032
15404,3674.7185086979225
26511,29496.30431875014
53534,7186.619762465951
53559,7381.480358134009
35948,13832.063214300157
21240,17602.453335222915
79158,11554.36093731731
91187,10437.159348271194
37536,5745.63028841656
36815,11624.303940350022
67755,16867.276522023923
21843,10005.925186627419
98806,27593.147196100093
76621,8526.720039184269
50949,17026.43578182169
43250,15370.195523529059
26986,14675.735503020602
59358,11252.205727745079
44334,28230.11479570517
62848,14673.707119008724
61519,5354.975425039946
73528,17060.30182991992
88654,24094.45453051591
98402,44012.4504323554
11735,19234.988586612988
65499,26189.26481530356
53416,21252.52777614141
20081,23051.373503964256
87390,5150.478118089301
50515,13903.718217525577
56134,21002.912051546315
53879,18788.092298264994
42691,8400.859328249087
82832,9015.028899947223
75212,6193.837563197576
94838,17944.518534089308
29872,22751.77665530606
77801,12725.021572971287
25106,15105.253771991282
10615,12912.466976109648
34509,6976.514940277324
53263,14922.314245937161
33319,12273.559074663106
56522,9142.494667381621
56772,16929.860916557227
64252,11110.118703323209
42094,27821.620321305825
18835,11803.249694228343
82632,15269.739277820448
58653,19537.592630231105
44088,9794.340830922283
50386,14725.778515736678
30171,10593.101603346302
98990,8008.787251409405
54642,13858.839072026636
76880,19609.35440183453
24130,11393.045319641484
37404,22413.888797683565
49770,29335.43250314168
81076,35267.81045804842
69172,14792.494211673229
65141,11298.73735231255
59816,32040.452470681055
18805,24701.69644894542
62408,10617.445915478562
93773,22108.350542533444
56776,19551.50952314568
90102,9802.769878538134
97295,5817.8710903452975
80827,5157.717305175787
13074,16632.61156717161
48583,13618.536408648657
85069,13198.479087655685
33236,32103.473811375785
90695,23815.291064921425
30681,9558.423444569695
41829,18340.138146979116
28104,7397.626530238336
51303,9331.170509192114
33153,13201.691226158586
26412,9070.8619254471
98181,9595.24017832518
30590,19002.275117272853
81399,13295.885750455944
31559,10451.500913864595
73968,22988.644628083177
35413,20639.777160942973
93163,9253.388598849793
26105,13691.066979424571
77114,13251.462682655183
41691,13165.227141894466
33666,34062.871316405675
20355,14640.052373195238
51280,12653.06337181225
11324,18493.401710785452
71606,12039.72144535702
63665,8055.483867006813
37323,15868.51859456463
75149,24264.655293281303
50519,14347.3948983022
12769,16760.950777130907
22373,7596.27911451189
84643,13393.45761376014
30193,17315.8142891981
63646,13505.263053148961
69124,18614.266820653516
87664,16097.34951331783
60740,42920.2708560108
12443,12830.514172990517
96617,17927.519540629917
89778,11259.338186181696
90957,14200.463392961674
96163,8360.64973927692
23392,14304.112392589126
94111,10607.356684942666
40119,22025.550928115765
42909,21075.006062395725
49122,14982.25539224852
64207,12553.782280942356
67985,29299.470677923375
44677,43593.85148451612
52858,25131.347916274222
88626,7805.164891076847
96130,27188.684122958482
27897,8252.403000959486
34577,27625.033366729425
51296,16831.79039886591
48243,18495.402596153617
62318,16039.647000602505
41669,13158.208570932531
58036,13118.861580048957
76479,10139.498261853625
87122,29802.77231760328
49667,20403.353711789354
12333,24651.56921192989
81137,28198.09480911563
94885,43754.6943433535
51839,26195.616733829942
15006,13047.01462528295
69693,12978.95585983205
91125,20711.222716450542
98034,17594.76003583736
71263,10212.681700553025
65227,17467.413128678236
49912,13570.15687014522
78755,7846.19822614433
54592,7530.817016778063
69796,23244.195544210645
53311,41490.70363444704
31735,19030.32860035738
49505,19590.630000537712
79541,10350.459763066188
96328,17038.578231427182
10278,16721.55381497326
39987,11216.532561374639
69344,9339.473429169968
76306,11093.246306487054
14410,23261.11081402783
53338,11714.490905448394
11320,10364.850283541375
84194,9827.43196943579
85017,25132.18067771821
96655,11912.486423412593
67671,15412.28680274901
53916,17581.963788611305
59992,20612.156415482823
69452,9450.47757687658
69665,9804.994018888165
46039,31771.85864260969
55091,25615.511078306146
69641,4998.628452673385
62816,9443.336493773582
82269,8115.790847992817
72337,23448.970176918516
79341,21464.70613349005
54530,12555.43357447876
56812,6907.690455378888
66449,13346.68852483659
26442,19270.968440842233
44712,5428.14307878591
79171,8377.777461964304
93555,20688.77868811432
82742,28301.801299235973
62196,10189.744421052317
48022,12616.95360198896
18710,48035.6806819622
26161,10821.620917327902
21144,21590.364443186565
57218,18152.181266664094
65208,18437.14781427708
13261,5530.079738270404
37114,23264.57899905331
33461,9725.103985996662
14290,14174.082714554868
38023,12005.588658463748
13123,6317.335581223577
93118,18241.857897088506
98160,10764.608790760849
15226,7132.113299421726
86303,17550.31404444728
14677,22655.86641979703
53903,18791.779858311183
80275,21731.96087584327
79988,10947.136417667516
88022,25867.29389025083
76940,22088.739014651284
47032,11850.882409751845
60326,10073.374815860781
62394,12533.768516723121
75505,11165.88919399343
14007,7610.5244192806695
98880,23785.098901292138
20376,22979.474159741527
58357,19342.562282568837
11680,16666.937811296983
89878,11333.60386928919
83182,16923.61609458202
30134,4622.784947993521
30336,20006.73378067787
92109,14941.428113520533
31263,17559.672702968706
82316,25508.18609408041
26312,21565.882676526915
79476,10958.885510119919
46139,29847.05121971549
71987,50095.08061975011
12703,8118.796296149425
57594,7652.615526305588
15511,22931.63471260993
64020,30173.849178661803
62501,10485.852922286476
58561,16592.414682068265
42838,13224.604407242652
35384,11204.699753380864
85900,11067.872088475848
37367,22194.65024740662
42909,7577.111396052285
35687,27979.872075865514
21592,12589.300422135266
29895,4849.9970782331
50725,28812.03407143018
87463,10578.794304397314
95295,23246.031902151874
91627,13509.362028561352
41226,13113.645277097728
36147,17272.63684785109
39601,14934.754876397441
85819,14601.95032578473
73479,16884.77340353008
55560,13175.731644784877
71469,11247.1200599478
10949,12071.577413988703
88651,24759.059700284004
52971,4611.939870440428
74808,17162.234984123534
40131,19871.270821632934
66489,12612.193294160623
18540,8248.125426456718
90483,28397.6162328817
97878,18155.62066237762
53060,9358.9341287549
96655,19153.731915650438
35068,21203.623962081172
14231,11646.837838237434
51164,26354.36615064278
36351,11162.48733632176
82699,17408.33273130633
63152,15677.126379227306
26073,51732.62348783708
66657,6188.06063508839
92434,14359.93933131056
28851,11118.41692342237
51272,12074.149250650458
70588,14172.712164754052
78888,14769.039033968204
71434,20639.038210675008
86510,11029.141687328127
23042,10378.040300567412
89172,10732.353200652338
69951,9879.704439091394
12098,10302.637603838011
98298,10351.07856837668
36255,6708.364885329756
26782,39190.27527769058
46426,10856.58282071722
55195,23872.12575158533
41896,6921.528319490457
96982,19529.05697602593
40835,9159.252997615713
47353,17463.92747057888
11261,12700.33321076661
74789,21407.191572544565
14860,26198.997531860223
93848,20561.586007396934
84323,20481.61790806619
62262,5854.890199274345
18692,11014.79820693699
58416,12163.665139353463
60378,13955.884152460076
49256,10245.077637718361
64740,10676.966370100112
28368,18701.97739169133
18185,30931.872437416394
19493,8518.967930966477
42975,4879.87569074816
34052,18817.920469143006
68948,27374.156938303146
22097,12157.406057827942
76868,50929.65709788189
97149,30553.917486198246
77289,6149.6755957551195
40940,9134.350840442898
62104,12168.551619895788
96109,8074.785107221158
57869,7457.8326109561895
58478,28750.997519855366
33281,55201.74778450301
91545,25120.594417047323
22924,15795.083829433259
18397,6972.569982401497
17053,18112.96467015204
72350,16568.449404187773
30976,11891.606626450195
28546,10828.091181145253
11570,31755.361030248954
40756,9512.662497718411
32834,11822.97915829111
93566,11196.479628430505
35076,19883.43480240879
13246,10562.773738340278
73032,8855.474060289922
68965,11347.33649920478
91109,18847.35873642269
88955,9138.298687443596
12102,24976.112946913683
50545,19078.494428318325
70023,24800.08180390538
44632,14090.224485461127
68462,23288.083054301904
32461,24294.539707977052
60184,21293.86715072674
59654,12759.096003335706
34887,8356.108826050417
40794,17906.6407855192
22541,7955.900417882967
49507,8957.8277042272
80437,11657.009440170552
45997,7853.729949327653
82258,10006.70098399061
71047,12652.469954784818
48320,19753.220433662344
78320,10968.64047549045
12517,16442.294121251634
50302,35044.141161131774
90016,17980.68064850305
64497,15968.744301262794
35485,9604.1001398582
69001,13497.30311359136
64418,8004.58118421498
10803,25476.896487558613
50360,18293.74175981975
74630,20298.418325418195
49633,12397.017644035714
74843,25985.52328925948
38473,17359.578578167242
64593,46062.06256061075
75757,22913.649076925463
65738,26624.760920602355
79061,18914.071587032988
82130,13776.968537893232
12555,12016.390791013357
44998,18484.591007491148
43426,29418.241252160253
22258,10428.41230289243
58102,16997.109050543575
50696,24871.689465993615
39805,20033.787304059246
99699,9693.14240406182
17359,12741.117359496238
11216,9532.89236425058
25361,12565.957496347435
56405,13572.419045682247
72247,7883.056320436004
38299,13214.331723993144
11556,23789.630977777502
27433,12768.759746659893
88368,44816.9937720581
52280,13119.09426522666
54858,17067.86581586831
31422,16337.242198572445
59543,14744.619303052254
91551,11185.484059613804
17427,11576.56854336396
42866,17848.020162099827
48802,23060.02827438284
74199,12836.241770720904
22075,9746.219981590048
89823,14643.93571729197
26510,7758.9985895509035
10431,12254.835423631906
59538,15106.475184179026
27507,30061.678097456195
64204,25945.592407024837
16405,13172.652884830415
40891,10188.92689658676
53437,23464.796803404206
57396,8557.90210087753
18150,27167.77367737263
97905,14748.515712312628
61992,40021.58908136618
66381,47674.71265261696
97441,23412.096409294805
71941,31205.57759782901
94101,25876.710807308853
54082,11361.563705941877
72113,13141.361838833645
19540,19010.48902033767
92355,11171.16786057269
73431,9841.022759285803
86042,16010.950718547741
14784,10975.501172908247
42904,11376.07108820413
22904,19332.61617858068
62075,13676.422892127808
51015,54954.58576010477
82737,9452.543111450128
39679,5677.4539672770225
21517,8387.748687968722
36681,19534.301959185294
52506,15142.912280353597
20683,8875.007691425464
30394,14737.79903254581
70439,21952.674009773535
75976,18463.725576361612
72974,11671.499331868446
51230,9862.204222482183
93669,17607.548955851325
39992,9742.40851629054
14234,21194.500329424023
85757,26927.739896700517
35006,19612.52778175415
56311,27946.435412543535
70673,8405.564023007084
52383,24345.10817307701
10792,6855.1397864048195
78642,9231.174165170562
25646,19260.373426133734
55582,16596.281235574967
38274,20649.946889412393
56160,13913.659461668469
76471,23435.91261851116
42237,9256.830088194005
75206,21375.607440180996
57258,12215.177741570184
17959,13438.108139716433
22002,54748.48859389412
96511,10448.279022272323
90473,20250.179339560214
21948,12787.761264691877
56780,13847.648495785375
28621,8595.03480878326
46448,13921.948875764509
29167,5961.220435000354
46844,17416.13515379765
95441,6815.081956612314
83281,10413.928224880743
98914,27089.871587878297
13268,11983.629212354244
28086,8552.2283951676
81589,12218.273940557221
85305,15571.293434164922
15433,12576.346173179394
79713,15031.989656355496
30677,9453.514385331742
40242,15945.629553536553
69283,20098.350900352438
26735,12745.467141037003
33705,10330.175093194914
94749,27834.950139453278
87619,56918.00047018026
21937,18700.146318196767
21825,19340.6222286907
95466,22422.889563080236
14415,29689.629261407255
92059,23490.850438364472
68624,14951.842069574197
51611,14052.974512111397
21099,32693.022253216957
68195,3203.9791469982083
27133,16316.763352399483
15616,6725.665079443344
49381,50357.265913858246
93052,10801.096806098267
68383,17285.12608558402
26454,33190.89826458309
33165,11641.875714804366
19779,10102.719930232171
99370,27462.94478966236
24006,9647.636548144
42657,15315.220178585405
23083,11122.03885156773
49156,15534.198118632428
30393,14904.694003017554
11210,24292.41330596117
98074,12104.363878615737
45781,12475.510401601568
24787,9178.561833661066
66441,28291.393136183888
26506,21107.7390617007
93062,11770.547450822458
97356,10554.992060728528
66399,12162.553026413138
82024,15365.212117134197
55000,21543.3776042764
68455,13040.318692805376
47233,10561.855857669747
27812,5962.057657194297
66690,7639.109115024807
53739,16179.348120122533
10045,13792.485638267717
57895,11658.730266541894
46808,22404.513792486578
49211,6345.747007609616
37518,21237.390512631966
74293,11461.041134913517
52609,13838.611300198323
14811,42283.60627292635
62433,24525.857815184645
42504,8406.717047289096
84476,11293.789740917917
63969,18097.485758347924
96136,15281.643807789686
76502,8979.673732138941
44976,24435.55012320634
64755,11270.987648835347
64246,9218.633287087083
22410,15543.597742544878
39748,16219.083651209512
70103,10427.086373241931
99663,17746.127768252827
89724,11217.339637415887
89176,27291.482739687795
63580,18257.035701836474
20976,10158.302555471255
64743,9762.796349290476
32372,23583.074870551223
16476,7141.088177637721
33941,16700.916259005782
42262,10827.542025436902
63002,6531.906525544449
78002,53842.77283770544
25408,13298.163040030013
94667,15808.913419391163
97330,10281.514228714637
53444,10706.058260321755
52640,13424.204852005423
34385,22035.971314722974
85366,16799.417755384904
25352,10120.788634857185
40338,8859.078928599549
87156,15278.6631954045
88851,17256.550136928592
44083,20641.40698936689
52741,8559.542377702921
35430,29973.800508621935
81061,6444.861484988542
56464,35899.903040195146
34592,12601.875532415484
85929,11427.413800800849
93374,8559.138007105488
26879,32654.44048244127
93839,19248.320342997187
62016,8461.068652837854
65230,16278.45497528938
16581,9149.304497839987
92393,19558.049984282243
75692,12167.370348518223
55852,30062.052966620402
55944,12047.22920648125
10697,17283.92705274656
24756,10187.85907589215
49336,15682.88129137728
92572,14640.052373195238
25119,16528.861112017774
98719,19694.32159358019
98658,8915.542488819761
50506,43019.66858837943
38005,29746.263933100952
79752,10408.089869737607
40306,21661.391288176426
51264,48754.22579369713
81121,18456.644648872225
16377,14308.877319611272
81363,9924.218328067987
22962,23202.56692502052
66262,33607.503807852365
35449,33516.410635852415
14918,15443.944591173837
49384,11090.896886094808
22224,14830.310162700323
80394,11041.13299628042
14024,21043.75478927872
61562,13545.859913392182
88266,13920.295299138354
88811,13195.962814732531
99116,20297.966435951144
77366,18998.869917161464
82339,12180.177340690841
49027,20509.779276350753
80834,9856.805476824284
60806,18384.166199418494
15818,24696.520602640194
18376,7431.242714017042
92145,11517.791891724086
61832,13650.966871337623
34108,6591.653262137797
23014,33686.03133108372
67572,19364.297187911114
16500,33786.61218951423
77178,16248.032919495763
81219,11669.922821110138
77221,9003.8094493956
38505,16628.290166583844
81558,10210.733313560275
82980,9757.535255441373
29983,18059.458234337864
71722,2301.8602216374347
66155,12063.461593974525
70933,10789.280485117764
27742,11696.34214906688
14361,30827.171924227114
38293,18792.580053365888
89302,15933.957783812242
73641,6428.110406433587
81522,22370.105744481207
49278,14680.336592284182
62196,2847.020213982805
38092,26645.424524125716
87025,14443.121093456419
57850,43504.529936362036
95473,11778.781261116454
90732,16081.610803873893
52289,9894.562626234752
72105,17056.945938965448
87352,9731.026626171031
43773,15103.866153164392
32231,19672.951649789255
48090,7496.266068909208
80663,9145.22146407664
54373,16129.812701451325
99845,10489.040979791862
49757,12060.84520672664
90732,14218.904712284917
76333,15436.915907085564
38007,5801.421457359951
36147,8611.291198762625
69438,12189.252304451713
94123,21142.9945569999
79696,14887.52006221138
55645,20834.038429442233
42156,30887.43003342724
53284,8236.803061509601
27076,13496.099035687508
15325,11202.971765042093
89221,10825.598749590476
67472,37452.45401028116
84883,10936.084911864386
66831,12335.73649272829
27464,17419.587454327157
28972,20566.17924603207
80555,17660.01035052232
78639,10353.94438776719
75172,26721.41618160627
85767,13443.756715950849
99777,11170.250734748814
36314,8252.269715043652
15809,8922.744859238686
46478,10378.045914447403
93904,8061.344776019647
22226,8466.510201120953
47035,20637.548960225715
55544,29857.062474599363
69601,11634.08225897272
27771,8815.286463936278
85727,4374.136937601219
47648,9455.868588840582
48081,18964.91838822323
74616,17864.097301280395
76305,26382.60857908595
82563,14522.497182658011
61219,12292.310037354924
41543,8395.501152432065
49786,16421.294093947516
62258,8308.54347115296
70185,16479.444567186023
44202,11961.216233516116
16319,21771.285243235005
44900,19945.84866139771
76809,8754.52208461666
98037,29364.790117624314
76019,10346.122104472946
95256,46996.06110675605
34710,9267.511498646185
81528,27972.003389284007
90416,31905.594060763913
37705,12964.202423982291
43434,17014.517584470075
15732,25772.81682245269
52582,8189.370577161002
55000,12321.513841749827
37096,7733.591096096785
25222,25446.523554964497
73408,9592.76504233372
32725,15699.592117962877
79321,21395.885826176385
85456,12869.116748602424
16582,19539.159439394676
57226,19000.297338675573
13336,6038.926497729857
97629,6309.1713650012425
70443,5596.857600908072
75492,2711.5090215354903
46397,16386.373994663143
85926,8784.200084152035
33936,8274.926827263269
35056,12525.63709779747
38322,12671.541304817812
56807,4579.845268169811
29686,54522.34738258524
87461,12986.98030850994
40825,8805.041906268303
87125,10384.782494716304
45136,31121.63448335862
99294,13269.047567247264
31495,18797.10627664205
34976,51728.16736999718
15991,10035.920592178303
66507,30225.911910551113
65228,21661.86827722664
33556,7533.945629365537
31543,11799.40459391813
57637,23127.13724292393
46867,17208.975307585326
88758,9873.31314571877
93088,18772.034667317526
35038,11760.80895684871
35584,7845.634215323575
56272,36952.22011712673
90991,8674.119935748015
59270,10043.336458723941
58869,8232.852573660979
40358,12384.33371414947
74351,20033.491933444224
40140,21503.84835058161
61499,9583.125458989352
37067,22345.0441041717
50173,28054.194062683426
39113,8451.182764440102
51819,50927.66891545854
29713,13199.69186570432
50384,7844.231293938217
44777,3614.367610309597
41966,15203.704174160677
47690,8512.644224597254
36661,12558.290940671359
92248,13203.717365603145
22952,15565.72946613347
73508,15236.33607762801
41396,16931.03634459654
20712,10716.154247725442
93415,53695.43748455204
49157,9999.568764133346
39564,34621.04667739307
63299,9232.528241917295
38142,13902.352011419518
55014,16176.114662299917
28404,18805.988764919257
70641,21146.62467312557
92194,9898.817787708733
21235,12447.81730864227
66050,20526.151881703423
47206,30341.35198308958
21802,20731.81948662745
74128,9036.032784811148
46244,9502.077193997071
16803,11825.441829367046
12672,15092.948955997994
30664,21484.206392099914
16845,26841.18049960908
97487,15972.539987493046
47931,10466.166246573459
34939,7781.300969545628
13720,12253.97116690861
18013,15838.959951631708
61074,13536.650349343334
17161,11222.267726275084
14895,28910.6562138104
36858,10002.658216319585
24522,10502.0471686337
57824,7531.660963697144
63766,13539.613742800553
42015,10179.205301975773
82499,19493.544069577307
31509,17063.28367947767
38423,21362.96062751697
43943,21704.463783325482
57763,45883.69681885179
50681,23171.376231239643
93107,8726.600369379732
44813,27181.52656290352
39324,9913.72462427236
37262,9517.108646366478
18235,13403.259474144783
86306,13692.29815649991
92413,25784.539233335556
13932,20456.90780689523
24574,30013.151805476442
66900,15150.475747880115
89444,45506.911203956246
97567,11966.005081521438
32553,5313.2792580044825
57356,10147.70795361538
82701,26961.369622943384
21007,18407.363686444205
13407,18385.575227602785
95784,6947.966532328315
69490,20428.9312126683
21164,4425.708049220548
73839,20170.64128750828
33365,34062.483128144
47903,12741.580529430086
44119,33087.04377853871
81755,33272.0433592585
66874,19618.32785183859
95926,8542.63016729092
12808,32796.002376235294
36716,11024.346809980321
50838,33102.45087616368
19874,8410.371363973663
93861,13502.715935584349
31334,3787.60723847022
15469,20978.843245879325
32444,27349.460903739367
59771,7747.675029186894
22902,7342.464799769163
62994,20267.093952420248
52994,17253.2889600515
76644,13345.10587474865
80022,13529.793884110932
25949,11116.873663153085
92724,9181.754648342245
85562,39922.78556523552
27750,9192.103079669203
24036,13276.564406058787
48411,16444.167308045475
43848,14011.71871201332
41825,14921.41470762512
33513,19177.35299770034
27016,11531.251187785818
12174,9121.528477137635
57505,6128.816919951501
96079,32640.107050970306
91041,8721.296363736277
51821,49696.771536613865
10033,15825.423671741151
55682,10089.074975022917
73513,11383.84512735142
58228,111.10744155916836
68228,19826.282031989627
59478,29619.094935670782
88120,11198.099412579963
53190,14098.189923117228
59589,24708.34355664257
30134,22098.997045417833
91798,7688.873624506099
80249,12824.753345012019
87303,9691.545202348752
70671,13197.95486002089
98077,28642.74459996557
19389,13311.692589192451
92869,8951.86775093265
67356,11293.549386830673
65361,7073.174986607204
80121,45683.76304666148
52506,5479.730359917261
48415,6410.33512056303
55495,7222.137369826452
73015,10043.764089863525
32165,30621.61509935865
53235,12706.151821630563
33040,29624.825101717324
79850,9634.40452480046
74929,15103.936909516548
96487,15131.482733132974
23476,17264.38312514201
26953,12762.474801772292
12516,7147.099822841676
90545,39070.86890705891
10694,14126.546432093854
21555,10080.833272589462
85199,18042.944630819384
50027,14326.753702492975
34387,9644.41116769033
71307,24944.591808596953
28230,7596.27911451189
25689,7061.755308818272
18348,19853.150297214343
69368,20843.91510715619
82689,22096.044913601665
57599,47761.79650212698
57968,9838.491720606176
44284,11971.607501842573
60275,28925.257417413486
15062,22894.370656882882
88200,9852.043985281565
90202,27585.82198103336
69619,23199.88823953261
50017,10230.991118251022
75042,29335.98874209125
69303,19586.10412912493
88990,15478.37464007533
72039,4967.520571771043
43644,32609.536134321148
91979,6846.226187486489
71637,17004.408652036447
73318,20949.637429319842
86579,21996.73663917937
94564,32495.14420050499
87429,13447.727831181426
37265,50913.84538641367
63227,9724.85356668799
73052,10423.230768471793
53233,24948.33627903809
99678,11722.72065282672
14033,51270.75584284695
10951,24062.54681990065
92230,7486.172550410989
76598,11770.576264157557
62733,13093.270591279352
61753,9557.661702222587
67044,11460.36042957935
63376,30602.42612248181
94159,8466.97396523099
63103,16397.204595604853
11993,22137.693946660613
46655,18571.125644666405
45959,14882.76572129095
95871,33295.639330673555
43317,9422.862774996851
89388,6998.522750353135
62744,23152.741495610946
64143,6890.16453237329
46202,32464.308355359728
99955,20906.101217690786
96487,41757.51975863885
34786,14813.852367700667
65227,10073.702945823456
29295,11344.776999657319
24604,21128.33369736432
52087,16002.17680944344
59142,16249.345336837585
90741,24213.5450727414
79056,15300.059760646845
49776,11227.82864860544
40593,20542.06656837671
31811,20440.402319733883
56277,14454.091828581159
20787,23947.318312648113
83685,10612.878471524275
25072,15399.469325369879
93954,9583.125458989352
21230,33683.00038034721
45538,21402.57333143251
75247,22226.33816285188
84061,13477.677010457804
46471,5915.678598696419
68243,22253.85384515447
15850,10847.454264491567
20222,15302.76352204327
11192,21952.664577909716
25347,8716.259775819468
19805,21505.826933246695
26838,7543.469053357794
16422,16364.042619862166
33903,33950.32056426921
80313,6921.5244671072305
24633,16332.868958356841
80777,9693.14240406182
66559,10288.014887012032
38340,32185.284979585787
21351,19586.20482829261
65854,11580.749832955513
91351,28740.966865183087
30551,30065.99329770718
85478,6216.178813608718
27391,16805.224283060903
16813,14559.08947920013
84149,3203.1334914725903
13909,17012.224969914845
30808,34472.90647854638
59775,15793.068568118588
39635,29620.78725233918
19774,25933.67617804712
61536,19099.060949330662
53449,14110.136909068882
24603,20448.929250669644
44875,33212.492305560256
13414,5851.231049482114
90921,18648.888917997727
46113,11647.432140010735
14062,15326.809683935882
73621,16589.695212480212
12821,23185.165439475248
59741,5618.81506554107
44096,8740.519725638711
42976,13731.2738402748
86323,17202.4255602827
97372,14324.132831045212
56978,6275.3188746059095
50336,10074.085589807713
27448,13226.568561476273
67117,23497.84601545018
28390,19868.722418741407
56862,7750.830348372174
68493,10106.357431902856
33243,7997.339335307726
77010,12330.197096593907
83801,26854.60158045303
54819,28404.5697949569
44955,9823.066073094255
52713,10760.817423884768
32698,5404.22352037223
74484,11480.969426675081
58586,26096.85021608624
11631,17358.649156175255
14934,10589.13218256031
62433,41091.41291321367
48356,16043.014220498466
95225,8437.205051573204
38736,24756.459762199505
24763,39317.67737841043
45373,16677.243521009997
97825,17115.431825906653
52330,11604.311722154725
51368,12026.040015926032
75285,8032.221651068254
93969,12550.685364025236
32417,14794.453615060846
63598,17492.638362247726
19644,10246.938977115764
94089,16412.51917764371
76536,15625.696919302452
81207,12113.525332386485
69448,15743.631149704266
60938,29641.28643701759
28149,13652.496426939613
70376,10777.424404210973
33433,20825.64428218464
91412,22498.824351806397
16844,11524.761576691957
39339,26149.727679395113
69351,17611.274502609715
66866,10650.664171467984
40818,11730.46525682937
75650,16482.706451169182
58884,14049.478808710066
52565,17842.799513493293
59429,16049.265514120056
90773,24201.59398631745
16449,12641.566203591674
18772,11704.796361098539
89976,5245.91893781332
56596,16267.518389774541
75438,49726.96150490725
42266,12889.981636401571
55939,16631.47104688553
57846,8777.783941671714
40271,11642.030822190805
97056,20794.776834138538
13624,12432.554106424363
65018,8775.292691259703
59569,27596.21761534285
84587,19642.00391346599
34815,8996.700183310022
66754,4000.143723554256
18586,18557.653354814367
70412,21210.367656650946
15742,17131.903860009956
25560,9187.684687510284
80507,8978.235812745252
10153,32504.21062704915
57876,9108.271056878117
37324,27098.470509684143
71898,17918.116043098184
28802,10844.549410458214
65496,20448.75284610137
36378,11645.712699410458
45139,21837.34118759966
34198,18147.153617986758
31370,9551.665911661246
36445,15018.993582089744
21148,32317.411491941566
17328,17813.143114959006
85113,10178.978364313156
61750,6099.395164616049
16262,14453.344300800678
20314,25041.696203754756
43326,20982.81688072112
66320,26220.18201678821
93867,24817.513731042192
49715,12042.653013451272
62220,18472.317352670067
25507,7379.045577778112
81560,11537.202982610095
32415,10945.499450677558
66988,27529.72873820475
15864,27041.86541140102
63989,18500.41716219498
81958,12326.089814500894
29177,10222.90861837552
90625,12765.935336822913
60539,8116.337611385428
85454,16376.326418114308
49786,15498.257909359156
83426,7705.362680054412
94810,13430.718413017714
27550,14799.582725185819
57544,11325.359698302618
28578,22038.433695186694
84152,8233.576352075761
85498,15097.731816774698
31272,7404.995738325824
57052,11603.609717515617
53320,8020.7726601652685
97803,3618.0476981207994
88555,7667.941428052318
99480,14109.790170144106
17134,25471.382788607712
27261,27993.934092911564
56375,9507.811095450441
41913,6856.346104867809
10143,28864.88274198043
24857,10947.136417667516
85280,29492.54096564823
73990,6042.041344704621
16876,18640.46897170977
65473,7070.969352419375
96847,6149.720325871051
82958,10517.470234673276
99778,24881.843268660155
95296,70322.37894789258
51418,21159.830806578237
50920,27515.770519119083
88723,14308.386866106906
81395,10335.03275434674
54309,26847.422286959634
84267,13166.916241732783
60416,17812.506014663537
67962,12108.509408366099
68115,15059.200133471626
99914,26530.226325622927
51391,22438.449961078913
34625,19513.644011294713
98823,18537.350713752556
61084,17783.02795822086
90029,12866.99651799726
58643,8324.177714653688
32401,8758.208674665337
94237,16824.34168328158
26602,13776.850871325429
42070,13300.158136986778
57813,13570.15687014522
61527,16052.263889042442
94431,13625.938020125004
17699,12687.08998001516
35672,29990.505569267254
59927,10566.252572981657
61610,19349.317420997024
60775,19490.236123815666
81312,18557.411831658173
88695,15778.702523314945
98701,10498.849274944794
75806,6992.998946294738
17324,41302.402420975515
64088,18165.75696994174
77721,28905.990939862255
37701,12854.75984547408
10974,10824.557682758603
79999,8869.650174356851
32680,17627.034075391995
43089,10007.060422931572
28819,14174.549266019309
21833,6835.807476923492
68907,13957.144891952816
66825,15541.221183085001
89850,12746.356384587294
89893,10757.084405570367
45254,10213.387904173298
86129,10474.340545315627
75069,29161.534206392458
88459,25492.94107566548
67488,13846.239102428844
24351,25855.547676137598
38737,9397.083831982716
34171,10381.913908875955
57421,10367.069368669705
14892,26089.62633503657
47615,5351.313286858314
78532,16148.600242144772
70296,30196.895857207226
21802,12515.970038279604
73217,31783.756823529973
93555,15723.576846888718
26426,3269.265779988984
84144,7509.508397663914
93458,12982.976404596087
31354,9900.200666112794
31864,8045.346748982878
92434,9534.615546396122
86458,30041.840694946703
11240,27027.406135170866
19975,20055.074583181617
40571,15200.39447706674
27463,21340.267165225017
91850,14276.929431430668
51335,9155.360106742395
57470,14726.939466265825
81461,11963.99083615754
27590,5591.70977451736
58259,14339.468814013118
91193,12769.826208231758
74841,6489.095205796049
27678,40443.841002713845
38497,16988.6760911092
76388,29949.648225169727
27073,8870.896725092854
70141,7981.117022357286
31605,9841.926327641482
29433,1916.025565222204
29216,6064.941749718657
84737,8768.34685950246
77417,12717.586069363266
62548,18505.347666553367
32057,5653.779409972236
12357,6444.750611704545
91339,7783.287784809298
68234,11089.958023285744
84306,5518.911994425132
98913,6867.4505776009355
30335,23173.128579245804
98361,15624.197047071126
58028,14020.981827342192
54614,8123.726841224821
12907,10825.79182707474
99695,5582.970883532134
76545,14071.373688443955
12582,12772.74824316192
63093,30930.84268272326
90361,23459.299861480755
22323,21552.434135696763
78986,26396.015326816167
30224,25839.90660554256
16910,33375.36537204408
60494,18820.16200819915
95385,9861.888286247548
72487,6965.212385251958
57259,13765.62055987338
34159,8936.718256927466
27001,19626.899472638237
11365,19273.15330604064
15293,29749.305698025328
42339,22143.615206576214
91626,16050.6176550732
78252,4797.001583336023
22544,7827.493578503785
35211,8173.093607171348
69375,16749.107471991025
64303,14747.357660011332
73685,10577.656091754101
68643,14690.364455211697
79386,25923.871200386333
85923,21216.40624070368
84212,28881.705121135048
11142,14870.828815278786
43591,21092.330043017137
25081,10286.3296008842
44679,7714.248522652959
22973,13789.849216276318
22796,11904.094645021953
75164,8288.366195587798
47119,12546.512732408788
80779,14693.710849178042
71155,3910.842449425276
46916,14327.650629418382
93006,18706.693627102366
93254,24557.72743635373
58551,8045.617337996242
20142,21097.88306750566
45667,12065.765871220541
22276,32525.023953066848
58105,9727.408862388194
83457,14418.247573954735
40540,1187.2135559136368
22708,36812.712086438376
10723,21252.760697407255
32114,25901.175129333496
84111,12726.038397131799
29927,11821.959851801928
74558,21657.197086747903
55545,13703.110961586422
96572,41025.62135880781
67475,7591.883658854516
96796,30138.489671022973
14423,27684.612073885983
28491,11907.316848178378
40287,23065.09359187149
15427,11693.969078782007
79843,25258.92123672832
34813,23846.107091148668
71684,11176.232286072618
18260,51257.468476655005
76742,18817.461380160254
24130,21519.526092738284
33556,7557.483929709524
85480,8405.564023007084
37853,7597.8753075201275
14427,14398.078655574336
68077,11558.405089497843
28298,11360.121058408668
75233,33174.013467753495
24901,11196.479628430505
86754,21156.823382722032
81391,26378.79170077432
14220,8092.13048579699
19378,17541.346171696317
64597,15782.956458570225
38445,27425.38292922332
33622,16423.407600636754
58590,21783.73751757259
62456,8367.793145240283
44346,19269.303067250843
98575,25884.393559297205
18558,9917.832615420579
78733,15742.62066237481
16095,9380.205263607295
75719,6942.784308015323
44804,14364.629222883392
95439,30952.153599463723
34305,22787.543298319306
69420,11139.474710638155
66655,38669.88666183711
89388,27731.90749028455
67677,12982.73228748732
99570,9360.42719451113
31030,4993.751063584974
86306,17859.64029296371
16602,10597.833258107989
33851,8776.26250176475
87761,18038.408969785196
84962,15128.715623660974
80128,10857.039848628221
47134,16774.431279289514
33008,30361.40474934251
32741,11223.741411579944
72073,47213.92544469348
85199,11090.82252386356
28421,8625.382028917293
17210,19772.969894177833
30043,41328.765246248004
89712,27193.611249432353
27658,45883.41070161825
46645,31466.429347691967
18141,15046.538506846864
79194,22513.484915869372
71047,19114.379962037678
30043,12698.993822928234
51702,20889.018967193737
95882,10412.634532358554
83088,10412.943994172278
24156,13208.171126526018
11649,11914.286138408397
19468,19041.005541841827
20759,24303.693226418807
57669,19413.247315188957
49407,14963.63828695273
19239,4675.685955828954
90686,28233.288108858025
28300,8937.98495836471
48209,17230.03577057275
92906,17744.98801749521
86729,7189.729028688213
74296,10318.178132890225
51907,12452.18625329005
33555,8769.926120160018
91817,9107.509988901642
21579,16027.022595293052
73067,7484.294453738319
56791,12597.375806337088
46262,27994.969873199734
48702,6689.321250868117
45443,9931.905875725854
47854,20338.31596313908
60630,16628.399027078536
47630,8689.634528429408
96579,27772.600412064923
14007,30259.372827949355
46057,19904.407519747627
97567,21771.4711118376
14686,12120.501491275794
15877,10350.708944791617
30153,5429.292042064195
10850,6257.347884965033
93707,15865.815662111154
56183,62386.91537628108
20713,7842.523560643605
66084,23445.49849256394
55359,42683.045408751204
97129,13684.14979871204
31314,22440.80486429125
62423,21954.639245030314
53394,14878.37125901371
10392,18070.34551404109
54466,18021.24629435683
50351,11442.268778003978
40909,16521.149336996106
91364,12563.475473782222
40055,19546.385680536634
71416,18145.44726562588
27164,16418.70669954471
60348,16443.554217875862
61405,6485.0854733541455
65213,5421.24160497475
66023,14455.42094885419
45384,27115.307517241763
18180,17055.20952505102
86488,15993.204565517282
25786,13364.133318366888
99042,10462.086067871258
86307,20908.987335022044
89172,24594.476356227176
80688,24630.61140527261
25855,9655.392278431535
52527,9697.887131775473
26372,10297.879109463258
59971,23011.961651501897
38259,9046.68985590903
66745,34311.860003824455
59964,21643.30773337412
41615,21470.397508217073
24305,21338.99152636334
40499,9930.89547160013
35355,7300.972552044455
41148,22220.6478452445
61442,8628.522712062637
78585,8509.051818472917
20535,10271.887355806919
43990,24809.607885253023
12234,11767.618363145006
38738,17890.249127430958
95171,19634.74448949443
17460,9382.510899507586
88594,29835.60218072851
26956,7188.635810660353
51919,10659.058371693387
15505,28592.574382199855
82480,22966.677327022848
19252,23686.784190855215
60116,10630.529008706348
12093,21574.028483278777
80997,7466.309744290507
57449,21093.53290951487
18773,9319.104489246842
58160,16072.186463698446
78162,20836.087914182008
48242,19153.448716448314
67048,15887.205683418475
69246,6885.113577929702
33836,13856.982645086362
54430,18737.458267706315
11283,29907.302111199202
29701,12945.372399710875
95789,27056.210898809273
85932,13367.000169742108
64723,35814.11121980933
85742,15888.514334654616
27326,36054.073849162574
42004,13306.98716283416
50690,9698.201927034372
28522,20344.64518951354
96183,8420.61587466418
20442,15177.920739264984
43471,10665.941991298547
56397,13262.153193046002
36895,7260.970695049044
50394,20601.784240037636
82516,10823.720950630908
42960,52850.003246072396
87162,30361.79036812228
90211,8213.179442508474
27138,17521.04175689173
39306,31314.904171851627
46078,7706.195915144703
60696,8547.673909259356
60704,7848.3468426568
31732,26787.62684232449
16151,29227.3135962759
76664,7287.0370133002525
10808,18958.861666600853
34152,27321.62125940904
83593,16022.267024058025
92318,11252.217246177195
56041,10355.825836348416
89127,8214.4715208313
78537,6928.265860644246
56567,22334.826922302025
58765,13231.015263146717
86311,11065.852302029783
11354,21392.55285361868
98898,15857.99990454089
50644,14842.61665486516
82869,7781.300969545628
29977,14967.085227837248
79818,18169.456503172718
45880,46996.97516072979
87992,11447.846890093588
96758,6038.926497729857
41279,14625.659482613493
62287,32286.665938957005
77223,26022.5096035519
41985,32936.465413933336
40710,6855.361874159344
34133,15998.735442758198
61036,21911.44936671689
29421,14948.623212839198
44053,11710.593698487111
96984,6158.1184050351
75242,23276.12788310623
75499,8746.324523129646
80865,3829.3529258025646
99110,25499.69115859396
99706,13813.658624570171
90714,24127.355218964898
75535,16532.772978719084
99077,15541.424013685883
26805,12495.003459317584
49038,25454.3143919918
85943,8252.269715043652
72359,16532.772978719084
29811,19401.37732026165
75286,11709.53434649905
22640,5074.410709680915
27139,28051.558898076488
55177,17017.54767786921
59520,28276.49493619798
83635,4546.14421846257
41180,10968.496413453238
88564,6966.096739995082
58802,12232.631613326525
59760,15367.783777645818
21650,22000.953767115712
67710,8910.656753944088
80199,22084.719298766755
17970,7908.003647905674
66252,25351.855322091164
55151,10909.52887779708
40595,8519.458077994368
37965,8351.739137736324
65039,11654.68850801931
16417,10892.714300328853
73334,34234.45991076653
55223,11024.661517569984
78453,7846.982474804279
84195,13687.84375737742
63954,13174.678780092223
27718,21755.474420653456
55185,17301.409290207914
50672,23419.76597785537
41562,20592.00510750116
93466,24127.49001588634
15802,16056.01609932384
29642,13203.784520001414
44578,10828.478791248519
33664,15023.534594203134
31985,15267.915859685872
21612,24225.162729069296
37447,22365.451055383746
70507,27253.04046333988
36569,11140.333953898915
81028,16180.948103078552
70743,12607.178494612748
53604,16200.481744018056
79116,9291.617852205169
41543,13246.98082146178
63882,12050.31646593324
54135,7289.714084951045
60003,10986.197525173495
83267,18656.39108118398
96834,4329.712423929657
36365,16807.36945855208
79358,63384.609884203506
69613,10400.312422753894
16268,10637.335841861604
19739,27303.96755296173
72191,13980.692076360629
10878,19266.89969701824
77746,9308.520083139923
66569,22511.12407955548
10541,17160.860539344812
44268,16220.276486724777
30093,15093.52211960785
58091,20453.280558366252
77594,11912.356820976838
62629,4152.30959877601
86571,41743.5891654243
22823,9460.362562649037
14579,8839.696839953865
60575,12706.268182042935
60445,16920.181181391716
57581,23475.66575112056
48941,13482.566491037136
58481,20913.74942989661
86795,9198.06246244737
22018,12630.983106377444
45698,14353.76643360086
94222,15867.98259676846
20910,19634.19241041253
40896,15889.910481866938
62319,7530.793485445907
45566,12269.646325577505
70682,9253.433301129084
72613,4650.8273841452665
85291,11274.924924611612
87557,16556.305361945506
81927,15398.655671406526
84786,7146.410084125513
28725,24815.607431201082
78184,15690.930492695441
51736,9780.654560996281
42618,6712.338999170266
25397,17995.10280126899
18155,13159.303381486436
27372,15359.247515998977
88006,19761.942516110015
55813,17635.164451754634
71889,8397.831381783915
94322,13793.644836097392
49354,10027.97311259155
60505,16050.64634570402
80146,14402.985281724037
64879,21147.073692207563
30131,27667.128202805623
16065,11520.41321159953
28860,21654.837340999842
10755,21445.087904573553
58456,18236.15023066071
38733,9669.568054824793
72665,14170.588594475345
67570,45043.04290623039
60823,10415.57956572772
96039,12286.518255602885
99252,9784.041415781767
46610,11087.199253821334
11630,12678.64167928715
57300,9754.683956569885
15910,9839.472960039913
93992,18201.289970010068
90966,20932.689123919954
12698,14393.854751321884
27098,21470.397508217073
38390,38835.604217409586
45919,8731.180587297404
41470,11378.410727874358
56003,11531.840076931046
42814,7203.983138282943
11259,59975.780423008044
52278,7652.228062809501
27645,10096.360381180588
76076,11077.879407372295
60054,9182.22919178996
72023,30801.655778676828
61063,29522.016084269602
71372,10932.629375543656
11254,11350.580520255178
89479,32108.658090427634
53039,14192.84810759825
69110,27976.976599107766
97148,11848.116448924857
34294,12781.393423110603
47869,12622.454299734789
52643,6171.253898202478
41532,14922.314245937161
75631,8122.166401623159
15878,14724.246216993179
23595,17050.116647867853
67429,16173.779771189722
96998,7649.384676049816
82743,12259.597653624074
21982,30254.839961494356
83091,9972.992024394342
21449,9879.1299990244
19227,27153.624698548752
41487,19718.395367913487
96204,42356.72687683931
94381,10364.480618233703
56345,35725.497833007554
68351,8814.415129200435
86523,8222.014767343984
91163,14566.251309316798
68150,13570.45563038953
53109,22063.199134583036
92160,14793.1966995361
78566,28992.291932113003
91965,10912.901058228483
25399,44368.26922052463
47298,7224.7052772663355
95820,10862.305502974667
54921,27776.089105647545
45115,16815.320252253692
98902,26021.587194591564
54278,10892.37027641853
37399,20991.81447048755
18626,8589.592757583157
35628,7310.615258343803
20981,13935.240775736269
81931,29545.74190685431
43553,15953.087249362998
29181,15899.21863587997
27789,20573.836535819817
96204,30866.37802579109
52299,8732.55695110215
27330,27687.545199927496
21131,22987.87210673173
95890,15364.606820900286
49335,7152.658818062313
96637,10407.047760260833
53535,5849.051509324354
43113,3754.350573350235
51107,19368.147264394054
12962,9216.75543900119
31469,39321.19731013512
12333,45472.067830024425
57269,12169.76693929785
65554,21899.171433711585
58429,14699.608233496532
43627,10251.99931403068
95574,33566.45454584739
53700,5590.438595672795
66907,6409.582748241617
46290,10585.894203705819
72467,9137.551322016738
17874,11387.362838050867
37266,9581.973522512926
50515,18680.761191560017
68188,8711.366260369647
18898,12899.315663896165
21912,15339.054425270431
14628,24365.059761766428
79784,34608.33446371152
92149,14075.600940467259
48668,11504.13329308604
30686,21093.54150233655
45515,48008.424249583506
39885,9247.27802874834
10141,9833.005741044512
42750,28505.424842630873
43573,8893.479442610365
58657,9148.752830480104
22538,12592.842099378846
92602,21771.4711118376
55932,21427.328898950946
91270,9642.577799716892
37042,14544.465861625278
23584,28181.5048699759
10769,10312.61944626497
72600,1633.8076818905338
13445,27517.01753609054
42722,16867.293954796853
34370,10189.892784489764
50195,18037.645916333302
93758,11163.01743737435
36172,9906.52181246467
53807,22428.42103831776
64545,23049.953376218953
80464,9328.813153355357
65471,17183.121062964947
18297,7437.525399103612
70723,6841.107208821952
57697,12510.89130750899
59357,12081.719155427038
42010,5767.162200522198
63525,16023.191807215468
33081,21446.013416215916
18939,6515.024845563748
57117,8798.363399372482
28197,9858.529254118726
71827,15708.980795991565
48940,16863.268606940845
30581,9553.037781033378
48525,9631.26569241751
41019,10364.850283541375
84453,20863.08077179417
37391,19193.46434584297
94761,18058.71553943342
68874,8812.843171808885
57437,10158.551938588202
87176,6968.683481293603
73634,23290.03693711707
14309,17674.85278282512
56954,9522.208912772407
23642,62517.141547324
49277,11740.9413755062
35568,18719.136123742624
15357,10066.500340149938
80422,9006.446059369986
26919,26163.519447395833
31385,19517.433472744768
40548,12517.368860926665
94823,12202.043993596593
90624,12678.347728881316
37529,16773.348852039322
18634,7571.036044507393
42502,10391.286342578074
22199,12742.782868835353
44208,9558.423444569695
96624,27231.16246846176
41067,16179.482257969961
17952,21736.44144735099
79488,5373.702524358072
61424,9342.203092722193
19228,14705.366375594913
48918,24369.20512029799
57334,22615.09126983695
49894,21869.810344562906
42760,13150.481857865647
52291,13974.76291020023
66503,9659.625636575183
91823,35026.97685592952
94777,13266.852662742138
89280,13370.119714471011
66233,10270.453841773277
91761,31662.162468255905
76582,18292.889288733702
97062,29082.52210978369
83991,4756.6730340562735
93039,15373.63674629242
64425,8702.280341968682
36823,10211.770368794305
96997,7122.378841342166
50884,12086.943708678597
32280,9629.354381414527
33357,13477.926863459516
65935,20632.436043272297
69364,13657.794996929926
74362,9283.39628164771
80520,7783.006507150254
94558,18925.426351060472
43418,11790.393387099957
35550,19248.78534058275
21092,15176.955326919146
66294,22867.448621723674
70230,11792.353439200453
99491,36104.92457811031
13134,19063.69708388699
23484,12797.916653437249
60793,25695.82154156085
15253,12496.602058903918
77393,22270.26670389628
66702,10959.222144153355
86778,16732.75335148231
95833,19360.74874810945
47233,18867.725020510345
78313,7218.272155245582
40264,18408.577932053737
90024,9577.165236244611
29352,9308.701126611726
42686,7723.417792782904
70530,20958.670833151507
89917,10529.820929585054
34136,32467.1970570009
93294,24715.56035635279
19004,11350.580520255178
75927,11864.12753131198
33341,16655.60046550487
95906,12119.413199425631
75267,21859.39731249325
72722,18683.394070971775
44185,13610.684979622847
52526,15645.375809303361
90993,27779.033560227865
64408,12771.55214756308
81180,14986.657736400182
86619,10608.579164234576
54209,9017.442870640149
50952,13425.945240931267
68862,6905.205709786371
96388,29095.5459322655
58691,13046.393131250368
53453,10229.087374613795
76905,12344.031398874024
40324,25827.34945233351
36569,35474.51168530078
28727,20887.22093933328
43883,6278.142806227235
68021,10464.524395750452
21969,11590.150129578717
84003,20843.710125425747
23560,18839.381768094114
43740,16546.020298149066
48819,17909.268012735716
10200,20554.827161985602
56764,14161.514158404523
27484,20268.24100203702
50035,10379.494352075213
23593,11216.232228058945
72936,9055.483789114453
74439,19676.196274763763
46416,30656.500076718694
43184,13625.397855046627
85095,31019.79549525387
77453,18999.787951223978
89130,9224.307538739744
22865,16808.892532069967
72278,20332.816501952588
69348,32830.74699056559
52788,20356.370707504593
97097,8062.660877968989
69265,9596.836158216232
34384,6411.863572438426
32619,7463.149058937943
49216,33448.4283803484
48929,8441.373518821747
84354,12511.998448235707
94552,19285.50402902033
11086,54704.661353541705
21770,11752.542995161622
14103,26330.183649273313
11913,16878.79611653015
94058,38189.50638244332
29304,21220.736693102495
81455,19612.692434057753
64074,17636.995752021438
49550,11160.80773153774
80033,17250.432513555086
91048,23294.685883344344
70677,8409.542710056676
89809,11736.630788740244
87791,24251.16280293401
64856,54106.26044090161
11872,12485.93588010441
43365,8269.193591379708
63821,10681.241113940276
90377,46766.692844932
19653,15623.221430393023
19941,12646.427911629617
60408,10500.222793175897
48679,20948.194305043875
92532,17954.346470654935
50620,13299.420088149864
13293,22027.837582750675
84135,10294.183079067152
37904,32990.659340072445
62737,14485.020787626232
26203,32265.136136738667
93251,18861.414694474694
74393,9587.902058496295
37706,47915.36042197012
93968,16810.574093707404
78612,22816.526434765045
41845,46012.452154070255
72322,18117.70486096996
26025,8922.662935744947
67758,11512.790224139226
58318,19128.30348997482
89312,16173.524024010901
10632,9269.681535047786
95326,15811.048640190531
53649,9751.89707016253
19104,10297.139352367743
50817,7857.8987290871755
28964,12759.835399257703
44788,32301.095382939493
45748,16680.989533615917
66399,10397.172914794051
16353,5926.407218494578
58140,17046.4112449597
10800,52414.449005017654
95147,23364.013331173323
28679,6553.015972844183
31105,22163.55465501634
46401,17578.56725915843
95655,22224.816705574438
48260,12652.469954784818
81856,16273.976037618173
42983,10236.851544165544
43231,11704.0568364807
20601,30559.63003596685
48955,7607.427932195909
48837,18166.87539329676
96293,30481.566638391716
48238,9719.498196942543
34885,25341.246017205147
78676,23635.184116863355
90155,15457.871859076207
20028,9860.46047030981
49466,24503.782058057717
78106,19363.007570685513
34214,15098.218822070852
60228,13179.03816947955
49095,10063.0897486095
99014,19779.38353875849
86364,15822.758468982141
93640,10886.499602857792
68286,13478.125967975751
98351,9214.204431891598
60104,12832.735231245415
96470,16304.730611371911
51424,15101.556650119932
77492,9890.080592799552
55777,11012.234703325008
55672,11108.931370288767
86854,46308.36567063896
12939,8763.206017510784
25475,32925.87339137399
68239,12422.009849037924
75546,9251.380265379848
96371,22680.58688297792
84800,28651.505225958514
32084,26500.306024444486
48153,13321.618026058088
43819,10120.266584584166
20230,7394.939504531956
93934,6944.636508008012
13627,14916.099249461005
80001,9582.712236866637
26341,27423.718188547035
78185,28886.290386110635
14805,50242.19761241067
95065,7067.333644264854
65729,12763.824939589096
63779,20587.57512745105
30285,30953.92624923642
12077,13770.021301260003
72259,11735.22612727332
99949,10049.472302062204
90673,7134.064881099817
52029,12008.587095297004
31993,5895.064501821867
59874,18309.345842850587
99705,11467.191032809707
78845,13580.976396516224
40359,9837.216243958068
70132,19197.08408990469
41337,15131.740552225387
12034,16114.616054352446
59695,41315.60632956592
42889,11747.291595100705
32694,20403.353711789354
47474,11988.835250206324
76200,26441.41271867837
72012,11484.548868121547
98389,19933.79930754582
43397,5926.407218494578
77385,12517.014191979426
21395,8169.272965276699
64689,14761.893744339792
18745,12533.661529762812
38992,22215.73157396985
24911,14257.276186252293
86851,7379.038100654196
13088,26196.413646169625
64667,13093.978528213056
31602,17492.548991406555
18656,11660.409562786332
89945,9572.498746929847
98871,7356.049010692772
14605,9832.155184547733
13791,27244.59886946706
90807,17393.00444190384
29748,7475.322054817929
55855,25888.57175828096
17591,13772.482900723937
43441,18663.544514105037
37068,21420.091903267275
98142,13341.504569176734
98320,46413.4142602733
77799,6839.286886449323
46234,7143.231462046635
75708,5875.977672463463
31047,22617.2238443352
57387,8787.86437246748
70162,8778.960342132183
74856,5914.581513184194
24175,31351.166908368137
88523,21245.57038494585
89473,7336.043484400172
36387,9396.315018411973
78835,26853.881819424176
49993,25768.156137355923
89625,9987.160466853755
16221,9076.288856976682
55592,18650.62888416208
82742,42327.001219451886
52465,25263.10995675603
68689,9128.193097389048
87316,12241.50696581323
57707,9512.28083489725
18606,20165.38666121154
44577,9141.11495162543
37624,7105.335731060968
51719,15653.843159841676
45729,13390.95752788937
19528,15200.542241443103
11120,4772.3015390677265
43274,9904.342771226142
52796,39551.846955383815
51043,15586.43262598808
51170,19905.10299728362
42420,12813.340212702506
45615,13778.96373621969
39964,18968.90652470223
16879,15638.200773808674
74822,14386.850884156162
29207,12278.807923588814
44519,14786.499260298984
58422,45631.142402822414
27419,14095.721749537486
19540,28142.67598391301
71607,7830.5641115838425
87942,13979.147981877617
56545,18043.583338600776
94239,97164.8466107354
40062,19621.51988091953
22023,7060.803276223509
66548,26392.12847432552
31669,35112.57365909399
78715,16727.82667264377
76005,29220.58943163634
83020,45711.03211761772
37140,26933.757180816043
67500,17211.74839083905
39396,21066.187332189184
24049,17651.322459632604
48881,11799.353969958942
69076,16652.25024699132
21246,27798.63678189725
50411,28944.019420515913
39832,16157.496052422675
79531,9567.48978920993
20864,11040.632035670104
52606,11794.897657195343
51634,49511.16826608566
31285,11648.124561667735
70447,9481.764815873914
11348,27853.387078705193
25819,18178.667620728378
17867,21355.58537452226
42057,8508.845700398098
28702,12198.733163692448
82058,4465.296977209036
86438,9856.888576907822
65360,8324.410836043264
12642,8123.520094934884
78134,18039.570002058277
46167,10362.910263675694
14701,8817.395847399412
61901,18710.413262318398
27273,11196.479628430505
37626,17759.471541289982
18633,24626.7913941285
75204,23306.6883899695
12614,18361.240403125896
67394,5864.472027066662
32334,10099.646337130653
45187,21090.702180878798
35108,6260.1071113203125
98204,23178.16141963272
84355,11773.516945225834
84934,12750.936359480653
37700,19156.775258167705
56813,18398.381437632146
53301,16389.128992344824
75935,11532.859846988886
47948,16587.469975097574
42802,13327.842437250869
81200,11862.780835907153
24746,7331.4898650067225
35113,21021.61690388801
86382,16839.67377648415
50491,13737.734550749572
46030,21043.39247615676
55411,10383.693362388858
73697,19205.143918129674
43899,16893.30377885021
64664,24315.926565430815
31211,8734.668107920199
50418,30670.589687420535
91418,22178.25311836422
26579,11572.826976570745
53124,19851.169105769663
22556,8994.792932560504
63154,34140.67497335813
97840,20224.269265840077
44224,13129.526015071453
34891,19190.338877491737
90894,21767.511432783147
83936,29277.811154730975
34909,16095.099465420219
78723,11488.13812086312
87917,7029.569238878612
79347,27147.53324704351
97077,12966.102131019392
96768,20961.039441771398
87728,17472.94911038121
74492,29098.38838972535
64441,16295.929392465485
74723,13551.962431265014
66348,17451.67292787655
56849,22138.53904018428
65927,3911.0774834593813
97851,28632.43220961064
56180,20667.92040329035
96201,22486.679698318985
15703,18443.000521563292
76711,28822.452804545574
58129,17738.534115696126
91538,7650.662120494939
78185,10627.57106597177
95466,14467.43290871551
10361,15911.81238902191
18385,3450.87482507214
16160,37343.51431240738
45999,14315.649770279986
56502,19441.87622979379
97553,14103.978097339124
50039,21595.49608054006
70953,12512.367418621654
12145,14053.464295186546
82748,12966.483738298102
43349,11603.639036203582
75463,10788.754356774181
69007,14131.846007009728
99130,15805.93469191516
28943,21246.79174437075
64199,15650.253834264695
57589,11086.427868598752
39714,8405.564023007084
34151,11198.748216562502
53346,9224.662737204173
17305,13222.711968039099
41826,7256.87944241004
79043,25953.802984437403
89264,9733.198438738218
52705,13725.74991892355
68667,43752.95078971812
37980,12109.001994059534
21642,13204.153955402051
15456,13385.622881714418
35271,18606.4837228413
40343,19263.368640839166
99048,18652.821555024995
52004,25052.54550442128
59177,5770.474110472138
95837,11169.994439541617
25552,32298.107935481865
82845,12768.172063991342
14983,27301.82430412969
61206,16656.59456102888
60895,13299.420088149864
75714,13060.186918593601
60380,8733.817828266237
87166,15184.930985263894
34927,19480.348004405754
63899,20779.77238228622
69220,18138.936893277216
74340,20620.229227860975
16124,12095.613159674667
62891,12374.655618346313
71895,44645.37974361356
70149,14440.214407775524
15554,18709.40481360133
56989,18289.669394229033
25347,9978.441512678444
18525,13614.8083401312
70546,33370.971315240866
92213,20180.082843185475
11552,11339.25966145489
16661,19504.624842294106
22521,8924.956739404413
87963,23809.436479745527
95471,16938.912517438916
56061,9265.396080401864
68231,14319.052111628054
64708,20942.59952009424
85324,20803.62090322617
44532,11390.09341423685
81810,9772.451608900974
90803,8063.403761349948
46654,20833.247973832018
75967,13194.553216787126
51765,13958.940962285189
97080,10139.2557498666
17136,15030.187284323283
45385,12095.885625233537
57017,10385.288422208836
57183,20375.055295630315
64978,8478.57423073005
83052,15019.998532135425
54850,11298.73735231255
80589,8908.731733470164
84827,17591.195995207097
61928,7840.092081207125
85273,11981.285135753222
56585,11288.73580177566
74364,16541.046824158635
41711,10254.819722280725
59857,29857.062474599363
11658,20026.214727015005
75980,19830.680827991167
37334,28789.89769294173
22746,21478.516790577014
27226,7435.90542270601
97719,8333.781704333122
27842,20649.821654713203
45329,14215.197460552758
97110,16391.94790499756
35439,26857.989954608194
92743,14948.466244235966
27655,27920.29737770467
38313,17481.87262754009
61671,19777.410409927976
20024,14816.484484066914
21041,22050.616708070564
98192,35896.76137569106
12484,16055.850533056862
83956,16049.275605411463
79664,12749.08250035477
22791,15486.538687881071
94163,5387.9368158581365
69952,24614.767979256376
34229,11952.889436885815
40025,7874.151479105405
28563,5387.548855652647
82238,18664.470623364727
10343,13814.926948708995
24178,28617.858344419685
34329,20639.777160942973
95962,12690.296652332241
73268,9083.814421582529
16538,18509.07858593571
13928,14403.782362201944
45298,23808.23620620528
85632,14657.349731750066
47899,9101.184519227787
15907,26403.695883015414
52063,8174.197268043743
39809,16360.544113535203
18369,34559.83632519085
91326,16114.616054352446
57582,15429.69364525284
34618,10961.755640370091
54679,6762.052486427319
52899,16904.37034303425
98949,13338.221512022797
43190,16377.83432808514
55211,48519.733060162805
27596,20233.666953791686
27004,13656.862965693846
37546,28454.292626308466
69496,24841.555632322237
22090,18783.257510777097
96266,33119.99510494489
89971,21967.49571600397
66842,7270.057517608469
44913,11792.933370885396
41528,8838.25180977457
89965,17139.986326979528
20181,14972.543493385083
14028,8777.613424041547
49074,14489.44118030932
59992,20945.140340060483
77550,12932.92714400672
26504,9693.31123488464
61753,8602.548405631049
30759,16193.428204979611
43375,17723.131310925
85235,3895.6237117037963
94121,13663.472837358036
41816,23194.774014824558
85011,13931.400657184855
71899,9072.183741213325
44098,12098.739813436001
83529,7609.145105781483
74255,23702.566343940336
11590,67188.43677287467
29260,28302.64063555548
49577,17688.732118188516
25509,30509.70196916724
24760,9976.198248076029
10950,22016.25829632107
32669,18411.634273558615
68897,20248.220647899
87820,12291.108429255735
42519,22114.744786982686
20273,8133.296238193323
80620,56943.55521739212
58884,14651.950801109415
67614,6682.497652910926
93175,10374.79884552753
88165,11685.417691985445
45097,51852.642731840395
53452,11079.841472433942
36264,31133.25660440399
35162,31764.73601723819
63851,18513.56357518835
76670,12149.89260976997
17336,22278.163948049427
62445,9995.911740932806
58603,9893.519892626111
38744,16179.928234618525
67409,25563.297380151256
66900,2140.026075996402
14319,7574.394033591436
54643,9882.492777711865
52766,11415.96801982163
38399,20394.7115190015
33532,34129.277486266634
18005,12056.54149260862
37034,16269.935012435919
51727,11998.51174604645
31361,16052.521952972702
12535,55037.71755669621
95626,15026.41357815012
32881,11020.534211724163
17251,16808.199674833806
10483,22341.9279876367
35502,12313.58286490276
25021,20916.59452327527
27358,24255.223057230316
29728,17188.364404628028
50821,10381.165643489876
79548,9152.469593626633
77226,16871.17159241552
54455,22928.35518087107
68776,40846.606430038024
32045,6234.260365625054
37757,23329.786839553057
35068,6229.49526868793
78667,11613.71117621122
43516,21412.405671060635
87474,19340.290768307
43198,11255.421524091147
89356,20802.505968076774
31183,18631.469378410085
16170,19422.89064644152
55195,15886.76714967104
98148,15552.489363823655
76393,11043.746762663586
55991,18468.551290706208
80383,27720.863318833035
54468,10489.969808118476
63673,12364.395071169092
86045,9264.655911396163
93182,17786.868909910652
40981,9947.842861641235
85706,21369.272279076344
97088,36991.42639167077
35425,25299.471089493854
35950,29302.249096347077
28324,18676.510787229956
85425,22226.235921619606
87654,14328.746561867289
19321,11648.08016895998
45858,33349.8964639286
61838,7356.104322341047
54416,13843.445382358823
29339,7180.946336213556
20813,13915.092177428189
43576,9999.568764133346
70090,24078.295538479266
93139,8972.286459110273
67081,9572.316873355558
24047,18959.05736222342
51052,12846.173296024313
77933,8076.72418077001
77661,17480.643320605348
74845,13562.060217536593
52105,6316.024375495532
44490,15196.371722469099
96546,8828.901154354644
34548,8228.565070108745
32443,25407.83866953726
88693,34463.09174604805
43312,11588.1661118717
31315,6992.145809385962
33631,6027.709635419775
47172,10185.20763406219
44110,10574.190387226015
99307,16524.940380529515
76778,27264.122690691234
56922,24434.164573363858
45730,19776.287798252353
65212,24649.840455498696
83672,20015.074516571214
13164,14185.006528630753
63285,12263.101174023359
87386,10159.039427291418
72025,7465.056094189316
19040,22322.97409730839
93982,15218.195948694434
47923,11352.608176248494
80081,12068.941111863753
57538,17916.557386869
29468,19081.8811959404
23813,32148.773257228226
37981,24695.63143869982
85360,24544.992393134344
71029,7328.463354230205
60547,15158.050734795645
68250,32717.802133806257
17919,17731.363644226112
69892,14588.941067165539
46039,27315.078875680254
14694,21913.037885206577
43281,10233.672975114503
86748,13780.109831501584
48547,15098.574966809614
10778,27872.816514936567
65195,11948.412415249133
10115,10917.873464367007
95135,5856.7769255238945
36766,9093.22895244863
71969,20986.770731715733
47831,40975.847107497495
40822,27832.679885367652
89016,10918.278026275824
63731,9299.584956491562
97513,30213.44628128926
15040,19373.183066320533
30803,24278.553966015974
50264,3826.6170171424783
15065,19887.8739592582
38354,28238.42135839134
62187,13234.256427191214
98863,7599.6436147347795
16040,25885.79594649242
43021,14568.721877079788
96019,17621.598909457447
95933,24551.960703753997
31113,7443.604031267068
52326,33031.1754091872
54737,11453.071314095032
96544,12914.089451133543
12346,26256.938776057483
64689,10529.820929585054
92693,20819.875731226133
68196,14241.597535300276
56475,22454.603403456233
61608,15070.266594188299
92521,20443.448469444007
34078,8419.621241964836
97262,12872.684352528859
35838,10953.85770451503
73613,25123.01805398611
26986,12039.719957779173
36363,26110.975806128663
13446,6371.896000210254
34871,57934.229634002084
61909,11196.479628430505
98908,13626.950556756368
38457,7186.619762465951
93049,7487.873639788342
64796,15103.17270772723
78804,20515.558517168334
84442,8096.160404211827
24172,5653.779409972236
12274,13697.49266132135
38066,36255.54227902117
59540,8431.277873472047
29300,23102.084396330414
91237,15811.111986419177
40942,10077.594520753406
98691,8950.853347241165
84686,30981.27736596689
10469,14302.146962622755
94417,19615.348955669997
89676,13415.946472572217
20818,11899.866702910145
99381,22364.88445204431
73340,15088.83150759251
13761,11869.453902340463
81032,9751.778156085988
93989,21355.63922887159
42547,17255.294147554425
63946,12858.666142006832
41347,7315.814863993439
15246,9951.757993858826
32814,35854.30420249047
48366,7155.6321965177285
26720,4178.215626097915
28751,15838.041795925707
32663,11246.250890533847
55028,19680.7041491412
78784,8600.077512855441
38445,14809.400236963298
68680,18597.178999477303
26837,15060.521325588154
20428,16836.621917030923
37369,6683.004424447836
81551,7124.586789955292
79071,65018.626679217865
32636,11428.0331704165
63924,14178.82225887005
62574,19349.72500604677
91435,45735.3949309039
13646,16385.274766578783
59050,8806.3317640304
57495,7961.009169621901
70906,25330.79503497004
92762,16848.904152146642
95691,11124.182579393493
36613,12200.88634324386
93899,8865.30646998504
96609,11467.00897901067
82039,11192.991447927707
72889,18333.88931098518
64940,10601.332542097858
34315,21478.33952335693
77786,9460.257315650959
61327,9103.357545745726
44925,25328.349067586874
10883,13688.920136738558
15654,22789.54964358789
14029,8161.26536111938
72354,39949.613063515644
16802,11489.195520227899
15443,12396.821192972839
63059,18098.478460582875
94002,20093.3937649823
48444,9508.429497700894
65353,6762.052486427319
58150,10350.83823253213
58992,15213.706580394952
98585,36242.397529069975
36876,23357.481312612348
67310,35171.88189993944
15698,8850.973516177497
28800,26465.676831161807
77788,12068.659483070565
67283,23472.52484514543
80834,15648.426909314448
24540,11646.928478987109
25541,29467.862369907645
88582,19654.25258364446
51272,20428.24643876192
50221,15706.708738886953
72231,20942.769830104484
53257,21704.139251026398
76863,13299.420088149864
63512,7114.629607793428
70149,14982.172508457375
43042,10229.087374613795
95953,13250.682870202923
37306,17989.915818740636
89980,21102.771851772613
50399,13833.044747865997
88613,12046.725785996683
63883,9558.49317640308
93502,20469.957574302178
62825,18907.976071952464
64636,8093.077864510255
39870,10416.465691563772
36857,13231.21599696016
82914,24809.661381396185
87369,27704.19366055552
79639,8784.117100041338
56093,10607.930360252038
60890,20600.248160074505
21146,28947.93665891754
48552,24054.807998427073
28022,15113.785357700954
83757,8277.905353963708
99041,20956.37664056955
36798,19691.550674124945
60711,11663.956410519717
13626,18801.528135888893
54360,15354.057509479564
73883,17735.59344668855
13624,6628.296848815973
39337,21180.022199332943
18864,10297.986686721117
14266,12307.386387878476
32804,11603.639036203582
83467,20603.668529391878
29005,24215.338627983863
23071,9903.2686665578
98269,21043.50018997689
31817,4543.248176190704
34706,8353.526779777187
82619,13284.669623582353
24331,11349.820242719605
43243,10543.571596639957
72932,15237.855853759474
94715,12139.61037944809
93758,13566.119251869874
28936,14720.018224335308
13920,27836.982346127712
98922,6872.970845502248
13902,6965.212385251958
71325,12010.66871996722
83439,13536.915853121529
89612,11755.681229751608
54712,28267.88377783497
54759,9109.38398354109
59138,11080.516283955361
69301,17415.343779265873
51930,13069.082666237382
12815,8082.924430784193
84040,47485.24199930931
10207,10835.376304238684
73847,9550.62604348328
39657,10331.103469241913
25375,7329.534634190868
40765,23985.09208751005
60517,4113.451234497534
89940,10510.567262311572
57402,11037.919281362672
59272,5448.804964971623
22401,14396.718150755167
62003,8784.75146545671
27895,10220.31514116522
24966,12927.20487824735
96396,6265.070550742392
12912,17051.381602240217
25281,17526.87754127154
15012,29558.00403751838
43391,9763.56453505794
59474,10005.738258355112
93180,12753.551242671874
96759,7781.300969545628
30631,16973.440241516517
47713,13445.863021663905
56498,16983.370423708493
81657,16739.45118144252
90744,5034.530157254436
51343,13368.615827761856
84583,6150.415419651976
31352,20858.32124793191
74778,14870.111325480328
92471,21089.715110166573
27855,7884.037276019208
35526,25842.366419627062
26329,15514.151963411885
52848,7080.067751603652
72287,30417.99659173799
57028,10716.280652967827
94969,27605.18620674695
49359,10544.07053449763
48866,14627.597209515308
22549,19990.395642311272
36305,11053.156193883571
92655,11012.412039860492
53311,11746.379032427416
80314,14859.609182124866
69730,27676.310813847573
60171,8071.804773752492
30332,32573.207572553612
28297,9243.918493336663
71747,14187.028811658653
47854,11478.204462850663
23230,34121.12428886417
97989,9633.920508196654
55709,16137.68123768149
38469,6439.193086925561
91717,30233.45932121465
27407,1391.2889668225616
69810,26614.225867117202
61012,9185.927901638406
30867,7510.780248269473
29842,9040.338169296918
46903,8261.136070273922
12206,17185.180891153563
74735,34137.16175663656
10716,11665.529096411381
69874,10247.733449242303
84245,8946.835159877934
12243,17885.130148766417
25624,9735.553455422949
81254,25784.592183801564
33343,17529.36651940365
38954,14720.82453624118
54656,26157.80698779101
41069,13523.042830168768
23157,8390.190344299444
91308,11193.170145717497
39580,17212.051374301886
77013,12166.74814581636
43214,14426.15208147714
93492,7693.119250873551
65884,20735.43020331889
20032,9168.41839072554
41228,13698.682902445938
68218,14686.828524796607
36740,11623.695917441759
13225,16872.568476183238
14728,11223.291628123448
16442,11404.522299405875
14885,9876.729140828202
75960,21237.0741439447
28491,10723.079955485207
66840,17351.297400610623
47606,11940.915841263339
87228,28811.78031174706
48278,27927.72872501232
81662,10308.913240213838
11152,12859.412809396214
87285,6855.361874159344
78688,8600.958920979998
93046,21047.743160145805
74193,10533.195948797356
27073,20075.174374535545
36965,13985.87432427615
65764,49587.10622123017
53076,12272.600525575504
96610,12222.564278864913
10466,23222.15243339468
53464,12229.43854876157
66643,7934.295451548816
76079,6992.998946294738
76306,9830.118526949993
37180,16303.347271291594
17880,10233.672975114503
82257,20033.118493642654
93772,9063.24976384856
43788,12168.342900467796
25067,12721.652807181286
94835,12063.824372367064
73540,22345.31485992412
82179,27335.69420781095
57747,12893.665988173383
48824,31696.5843256577
16252,16200.913095609627
16064,15596.33318392473
14369,11294.647227549369
47641,9407.912316892078
40156,9637.980724425668
56440,13542.4495175617
86528,18815.040658958118
54722,10817.908170150366
58837,29082.242956707705
79750,12558.931099841204
49566,9725.58179597092
63512,17454.355936891137
66416,10332.902295529397
51539,14935.872044756654
11988,15370.025182857564
96030,10016.55585304348
62029,4319.2176959944245
84677,25445.791397942936
82368,20950.772404320553
97102,14878.203689806996
52303,27135.586648871988
29356,13339.272653267268
12606,23176.397098285357
68868,12924.027713167654
63276,7596.458529111818
28463,19841.099927385956
23407,15182.32189019361
11615,11425.38777740988
98338,19846.359161230972
10794,21283.993518253075
86062,14976.849115330935
16209,49523.47118288506
72729,8861.11252313775
66034,14159.242250615873
99034,21806.838941427934
41996,12771.495788193242
14035,13267.36523210446
23458,16090.545149547856
12669,28490.60003645331
88863,14374.249594098254
76302,21395.377194278924
54860,8958.816867628182
28341,18643.618704000255
17927,9107.440464667296
19160,14138.177097361073
38235,15758.839719671301
99959,30546.312355957383
11311,9438.845720242442
68040,14309.819722225675
31071,14192.896503548156
44004,12319.09052104137
40648,28661.386479361132
37004,14720.281529838925
70189,13864.583655003029
71782,24860.870824942744
42598,14161.514158404523
12011,18118.204910896147
39484,12225.768635907798
76290,12631.255420462421
43402,10224.971124412932
66353,12471.582736890545
24114,15021.478587956273
79398,4854.816142112508
71178,9706.824936373076
83875,11190.567696705324
15302,11771.949940436967
97356,10287.390179522848
99704,8833.10928829117
33411,24209.77573479603
32302,17224.157822070953
28791,11594.522693716652
96159,13904.592414626088
66212,12712.712148326385
35778,8618.347446428259
66440,6818.034138280709
40393,11904.764600684792
48708,17464.436542431544
17328,8265.258151989416
15972,17548.04478718768
89259,16147.935528903598
53345,31546.73787737247
85852,7265.637064559505
91186,32684.61055317906
29687,13627.155182383
54841,10131.054036032729
47113,12349.124547259546
71622,15838.959951631708
23030,19518.563533299362
73776,6269.535618781709
40688,7718.460381144496
71664,53167.058209803195
79775,27221.97942727757
17039,26900.40023355859
22639,21747.47721227032
43410,30240.498507242362
64468,23195.80273182177
75225,6968.465451484597
81883,11831.278135090179
94807,19274.524143847484
24809,15416.583869020244
50004,7121.700069993751
43093,19638.230539092747
28559,18635.370940173547
22070,10332.039270404715
12125,8980.22976226667
18414,12814.362070824189
16556,27281.17306265035
42784,28754.676675286915
38612,25822.119696469053
78020,14418.870560480937
39685,11887.59368992606
29480,12511.998448235707
69911,23209.91790324422
77540,15517.572025840738
82857,9685.715749624764
62809,11767.675694203379
61033,7102.782946379575
91112,28165.153553823584
81839,10258.850687668091
35568,14356.31889458211
91095,9621.50887572738
73615,20252.215095982014
39779,10646.747562215372
35121,12891.27614741723
39783,19961.90020621259
78143,36030.22491789628
45761,17246.14933748382
41879,20785.63608617887
68197,10716.496167208632
46530,9842.780733164178
80222,14527.323861840125
67522,8945.838077836517
55600,7001.759094230956
14061,8210.076740201499
83567,9877.734368807589
52763,13321.548792533898
69862,20357.356245156716
49338,10585.539679438541
73946,11717.223913634107
41616,9921.132004289262
71650,18819.300386239436
68541,16208.833144688013
98650,7398.328691298124
80756,26915.600241588945
77843,14288.76440951199
63437,25592.960204058858
48463,12524.246789119292
35157,9101.054944090527
67717,19673.482856978622
15401,16378.643533201643
19800,30170.700743410016
64072,13684.071281498871
99962,21875.538831526235
57175,13772.532764576625
97239,12110.875634890512
30826,9124.226112835004
88355,16500.659618927562
67064,13809.48809674687
71247,9698.942037049572
36891,11961.41289657987
35513,20710.415906175367
38128,26296.635682533328
23320,31826.871014552613
80917,15330.079145335823
55103,9196.352571527652
66866,20359.318845800455
35124,8057.319237204627
12170,17059.561358223014
23275,9537.85390967052
87704,8951.16240333331
29282,19477.12712006065
61440,14613.535388375083
21934,31295.633506967642
28193,27182.399560762213
50978,12850.087952553346
39814,7778.64897439388
25747,2418.1751131374367
28402,23201.282237810632
44255,10876.72148936538
65470,11380.382656466223
40306,12361.030911311482
46979,18423.27900825288
76078,16836.248508731485
80580,9998.836808101034
82575,14256.241687112393
73029,9722.3680442922
54404,5543.583427749098
47736,11718.713751254345
51742,11198.748216562502
47298,13999.653045234536
80582,34263.00726603322
84456,11362.904838385744
12463,24630.528449527395
51694,7033.456821126558
90444,6042.812998837751
57507,8483.274833199584
93180,17482.318512987647
71107,11680.665852712144
71803,21104.61637084608
14909,10090.215703956408
59871,7348.822709506392
14911,20753.2281499541
15234,19354.01621397177
12521,9927.080594348552
23821,13958.163760575202
40771,24379.671208734402
46213,9687.150621698225
15673,11945.457166170108
50642,8862.035373958199
86815,16052.568868284883
93865,19665.749653976753
99761,19229.57991632504
76550,11533.578455254741
38662,7918.332251291362
45957,21324.85893883372
74921,27998.44827665711
68766,12761.309732238786
17688,11458.46969510789
96252,21879.138391966924
57691,19382.421409089493
74492,6570.649397658241
47423,16023.26565691483
25363,7743.407058463921
64813,12995.172174740392
81969,25046.228918997807
24421,9579.18398172898
91280,6723.569745918405
19799,16978.28525256963
72654,9562.568465444012
27000,3284.601633603379
51618,9419.700884728725
87951,24492.560725779982
68229,30687.080047207426
28645,18510.98531582044
88090,20946.11481766256
17064,11169.579180563815
77187,10727.657878000653
75210,22931.889812431382
42036,7435.097763248932
84106,6586.543517272923
84459,18662.708215996987
71894,12954.589314982804
99844,20912.137208560758
40745,18061.423503359874
86525,21218.82277237423
83353,20516.341085373704
32469,17404.076322944347
39942,16619.529708198163
54253,13213.218745182598
42633,7364.700854587725
64751,26203.266691685458
53804,13742.56030678487
69291,12600.45703855775
24031,40951.75692036022
55081,11261.296168298933
77361,7973.55974061782
31430,23013.924252870893
49739,22549.628331865257
22012,17590.188179643836
99281,47342.11074114361
87328,9101.417878388587
28461,19296.760276069952
53536,16877.37879551289
75064,11182.829145285634
12774,18438.127223831605
38664,16578.722383461725
71208,3152.425570514777
44438,19801.536337908536
15597,15249.873389613029
33672,28023.725779497487
88324,29309.903442417286
40018,11859.853755796597
19414,38805.76008644681
91355,26407.630549810296
45695,14633.53503145576
52916,21358.76823162998
12248,14642.358412649028
26822,17134.405717197817
39278,7728.059965604027
29402,20262.404556088317
18135,29585.554538149685
82085,10060.227883072192
95646,9489.46019728845
28161,17045.65407149825
74267,16967.388605225748
39474,13933.719275510097
49590,17826.100115056517
60368,18889.874271699475
81786,19158.881979743277
85863,18620.622801059922
24572,10233.516172845102
55509,9915.86240313686
37731,24650.88355329335
76024,16233.68007604883
83474,4047.9808253731517
42179,24551.694790236277
16590,11529.766364425466
27690,15857.99990454089
96682,9485.86386804871
21133,10878.290008169257
87502,9910.400024654005
86917,32982.16141286018
91266,13413.921474637134
45316,30629.395059444138
56552,14582.370153688804
99042,13337.600618229706
51349,17859.125029806928
48907,15365.26336287686
49575,7249.3915186137765
46477,13004.877422278616
29576,49154.31889765889
33697,16337.095906609728
23426,13844.667373423912
23723,11523.42165535596
46625,4705.984401475811
21648,15272.747321575807
11628,22409.63410044383
57700,12924.027713167654
72763,4662.515880592586
61148,10932.989123093506
20999,13628.154745140904
71725,18193.489594882492
24842,20016.55824884587
87735,26465.929231504535
83259,21023.627388482506
85419,12066.292193108542
13565,20460.06397590701
21710,15756.723114341032
89021,13191.05903729182
73265,8983.583308867552
88853,8730.667369865001
54368,10100.665774838628
23239,18543.333386255996
14497,20320.441001322524
93750,21783.394972831036
39529,10198.965649765272
78885,9984.950297101306
32335,13068.692439057677
43921,28404.895611873857
76400,16483.43905572061
25696,8386.872800664582
83899,25484.033413164158
52006,21755.991370160806
98229,25050.44040034586
49104,122462.71217424796
51026,26223.98200502951
59496,35542.68530692584
97640,10416.184845932366
94467,6513.633765322567
18828,68205.25413863658
35231,23699.278743313942
57045,11646.69961215624
28877,16857.308342889584
89884,19533.65966366943
35160,18285.846022836766
49120,12331.989653675908
36797,27603.763950769273
27141,8983.286138864321
88139,32693.942736727025
10127,15501.900202207074
56001,6516.8245453180225
23058,14658.519674258583
14494,9309.219252547118
18210,12419.93045283757
22670,12188.928848924175
31975,21091.061114383465
34627,14625.023033236714
87999,13417.547858308577
13553,21767.897007214087
76063,16940.08731118769
31292,13119.09426522666
74687,19687.746714977642
58674,6852.179485731798
91267,19183.47154498445
55203,12383.892480591829
57648,13221.202431890431
14957,8780.393755095858
22798,13650.832539903167
17618,20802.22132744671
20689,10727.724597542052
11871,28107.58278561549
87625,33370.15632070763
85746,27515.18675835197
18201,14794.234699289773
67467,49019.45099691855
65811,5904.6817054071
68438,21110.00511040419
53450,1608.7553986841795
64157,9397.639553138764
43954,11470.279761995014
81989,25753.87828953147
20847,3946.358822148748
40016,37551.45259431008
36478,31088.249559662305
73692,23881.64638859835
22043,30440.324844473704
50893,15833.683331009675
90311,20634.386475885596
75100,5721.14327677638
31810,8460.696263753227
24360,13339.563904243472
84885,6994.968883549242
34546,3993.202971718796
25703,12252.886328841025
33190,10982.069461527246
12932,8554.598178881288
41904,20250.033881209947
61592,11198.099412579963
41600,21314.446804629348
60793,20223.58673563278
13516,24104.265701108423
11633,14773.983330319255
56851,11971.573143748014
41287,15588.278317650122
83868,7911.491810109292
31013,19699.34908911344
27861,14436.949718685457
93427,13403.42517422321
12583,23667.28399837535
25543,23180.62620923186
83823,11582.327517269237
99736,15360.259567721328
80768,5979.665240293634
44433,11995.412912404281
39646,7914.789282143767
26700,23307.531561865693
44231,11233.346394202268
25548,8864.441182784827
43752,15728.40427421636
33058,28952.340266407387
78411,24056.241453436098
18245,7907.369140369065
44127,10254.372219953479
51738,12472.466525920874
41713,22127.393464194207
53896,13374.384454599744
88905,7184.540455946157
56457,25410.51222472544
11120,19618.94524800361
90562,11357.345906414077
74778,50087.336719435465
57725,6933.896055457179
39518,18775.4977097139
56438,8942.593036820004
85758,17521.769624227596
97213,9723.88369192386
67377,11854.211815882503
15928,16986.090868208365
93488,43718.65900990953
95789,19529.137930891786
53399,17358.036347712743
61918,29722.858169469466
81174,21385.977474698477
15116,30515.19894467279
70488,15272.747321575807
23509,16347.861827498364
56448,8844.24487405891
90112,7088.2571622746
25231,27660.031719931743
57596,18160.658738085076
15659,12208.448222678266
90766,24870.37368244226
99134,5289.4880447615615
31756,49965.39249020883
72653,10792.873541122499
90911,45031.96937746957
69235,12582.311255127534
93413,12642.270830253487
86618,8942.188934676951
22271,9793.578617829064
90105,38189.50638244332
91610,9978.316153081829
96394,10061.757423500847
58639,13318.17034058589
19737,12584.943362574315
51432,9496.306593965495
43720,8917.336288867122
22200,25556.83643765768
28906,21261.260544813165
93117,21593.465902759453
63763,11357.444230596975
92116,9570.283592846414
47176,18387.90514226881
24158,17987.720352129214
73188,31312.666493696703
92082,20569.697493287833
40061,16854.12691656959
57536,11969.675558681589
50468,6600.581332704038
77275,23659.735122148988
60965,26356.974029944202
58935,26733.34371986702
44430,19631.871487156423
71455,17348.279056948002
44944,16560.759839291015
43385,9345.858044421955
29094,9494.804053021173
35582,14083.16103447167
14478,14684.722732369282
19273,6972.378785056282
37670,3154.405794203314
78244,14273.5763307365
65687,8097.261109758851
57035,29028.03227582339
85782,49021.11552962125
34182,18171.08572117447
92113,21245.546140034814
96603,16367.643313923185
96263,10394.669520258885
46577,20754.582086166185
90866,30323.1146064339
48551,8136.367700749459
16981,13820.700388130683
42909,22373.3801362977
39288,15981.578611065885
98551,24530.325594177164
33585,33383.50912333583
44149,8170.057385841474
34332,2450.102226117324
63387,1110.332103448005
95436,5775.181992673035
39342,15736.063641659626
42344,9276.932265065134
18814,18977.879965211745
99145,18765.00624956088
84180,12684.199486491292
36165,8396.146378936568
58477,24980.899071442385
76918,11210.312274890686
78922,31515.999121546523
16637,9594.33487647332
53188,14913.053082875856
49019,46674.330001431605
66063,27721.08614711628
98642,13921.722280223423
98453,9091.872680064145
56184,13326.548904272817
89328,9234.553203755335
37951,11129.211624208543
10473,54485.2766740435
99570,5071.343730297842
69072,10738.863222736658
51863,10633.710832156718
67806,19801.60675093974
50306,30808.94493810291
30896,9559.301421986798
18949,10719.914134663268
29096,29326.990677574162
99028,16465.115212800658
91674,14661.014068183998
78841,19654.01768022369
33734,13174.966257663074
48347,13259.01888837283
76468,12496.529999490162
94454,30605.88731575825
90030,7898.958029835829
51420,11690.888057825494
27090,17763.07724786191
42124,13056.888725142728
44146,18878.046151196733
31088,13186.156817739338
25094,13210.641643982322
74712,37241.183649475075
89210,7614.170351528486
81323,35689.46822960184
22529,12776.425262255932
77728,8112.657286781436
36788,9510.51808941709
34144,25931.406861882424
96619,7497.302410324204
28659,6379.364309627115
74793,22823.037110532514
55665,5968.7603318783185
80575,115427.54407353733
61912,19677.17147615548
13677,8304.055794245553
75014,31417.507893679394
54803,10666.97428665957
72324,14044.93487889279
79680,11605.853758941286
96315,38501.73722632775
84086,10022.543491062464
91601,14095.833438284786
70057,45734.86636524057
54587,13198.56073340304
50677,30082.16542129624
90638,34927.00733350682
43594,19807.746016726258
45358,7057.7826694453815
36824,26156.922458386143
35281,13383.12120119101
45795,17199.383485700877
70890,12132.29577851188
36617,11776.301892043812
43981,16097.460883242606
95798,11764.780398226249
54044,24779.971822517287
12845,11463.685651836706
18460,11771.242804694899
44558,13567.52321999714
93321,17158.61235099458
56755,11132.492660556036
62830,16677.484444484046
60764,12780.745194587766
90677,12309.880997138087
75756,9779.285456067006
27124,25898.352889806767
90801,47584.98825923575
71134,16044.541344071607
69223,14366.210445882414
32728,13923.928419025475
14718,23700.571552116264
64210,6205.256454234632
74593,4455.437849173268
99084,21317.521055195157
36864,21663.814140474016
31912,17017.96315696271
79953,13213.218745182598
90509,28084.142002234155
57546,13390.769573898466
90502,18430.328549759717
17264,5646.515819233482
76071,21399.732079419577
81031,16245.471547815565
39835,7370.613427547905
30312,9727.94744388291
74289,12303.20332871379
76323,22066.457544365985
45417,10749.333685106702
71321,10263.609117365482
29361,9663.514771030239
34241,10708.266003586486
78420,23225.928431218563
32279,21470.64886154415
50337,10782.976653355076
40823,11540.461990967518
91645,18250.850383546105
91398,16897.89067364701
59084,20069.669354418413
10897,8819.539297379433
46311,9894.230043793243
94628,11494.78517179249
66180,31695.16256965023
28132,17700.355386386746
85654,10715.482868952218
53618,11045.837130658678
65646,2606.428252011199
50946,6800.852056734295
99144,13997.84766163949
33510,20521.33261505172
85218,6531.331211250566
87381,10391.408049434076
94596,16170.823608145924
37017,8548.586025138593
98709,20489.878046739304
44489,16128.24485785233
60400,11832.35041301128
52223,10710.960799994959
20384,19660.857864709124
67624,28849.717327982682
96172,13640.103191726805
76299,16927.40038844635
71123,19761.117274195818
21268,26114.113502353626
83206,10541.792602150914
32096,22084.7929444797
87093,7796.223074992948
43061,14240.621217807304
24524,8431.266836886693
45636,19706.161916948364
19155,10369.692228319562
69770,25909.598801032473
23723,9640.611540225096
17440,10362.795821392589
10556,16734.188661323216
49049,18315.81785771429
79622,11396.57392510309
51958,12158.049640092526
35390,20348.189932849593
31901,15019.998532135425
26805,21511.093702725015
16160,28876.5745589894
58447,23391.81584696448
41286,17401.419716871034
34803,10738.883372401955
50471,5664.082808548139
67602,18782.785882792934
77832,13650.802712041823
77288,2561.4574025178244
75715,27768.170386075857
41305,8940.759634643775
84039,14912.754697237944
69838,13811.95115744141
30880,23879.187187406438
88348,29290.610633485776
70979,7286.096734552428
75500,10326.079984983797
31128,9194.336607801508
86881,7924.513396747045
33350,10799.152989650793
43643,9954.838182459775
61946,18010.561631391207
10665,6736.0013403785215
19502,19842.380208806455
19927,29895.382033962196
12188,55026.100206380455
32137,55834.15069561203
38299,8841.052252881349
41278,13282.541518254813
40746,6303.492144147094
80281,25863.622685743663
80895,19100.97263517419
71650,13772.482900723937
32099,20390.34957927232
41030,17948.70226239884
55235,10019.826166974457
50285,18958.397569847213
33257,29436.96548236895
76015,31044.123928884117
10503,3994.2217264903356
87916,15390.826207954475
97052,13897.121336588541
20420,10215.787250312038
44808,20721.0080397325
90741,13355.87307159388
74266,11227.791915523745
95230,21992.031748314424
38242,7890.434982023169
16150,12733.4980819085
99032,7739.131444907607
42087,10793.007637888584
66286,29395.246589822113
53475,7309.689773128195
40567,13113.870859037077
29285,19033.21315222489
16813,20876.438078936368
40885,11335.571507226721
94371,17533.050617041456
51982,19437.294541321975
27262,13765.09883522645
24631,22479.058636885064
30624,14837.453653713132
94975,25654.19956795343
90656,19081.626876804003
85614,6516.91495135663
97013,24061.910391972648
84591,13229.735272757953
66284,16882.628558312517
79664,15866.594356653673
18339,8369.31119879364
85630,8994.444356553708
93938,15312.87346802602
29955,8181.877600647158
83032,14226.173287090016
51327,18325.46443120533
13684,12880.173633464914
17985,37322.81422494721
54527,10970.54349498737
79648,17352.028371078948
27323,12380.693180577011
97741,9781.683078679569
79468,14032.510601070695
19138,12925.679266051247
68510,10467.529353143796
21316,24891.162401562688
27392,20585.837329184207
14529,13830.1622918752
78122,15730.529035583262
28180,11301.073283959544
17322,7071.55590525218
22252,20314.269480152387
58806,53282.58306752107
60195,19995.781806080762
73293,20133.303975357863
12841,10859.4545773363
40750,10429.38001046902
18267,8744.969187188057
99576,18087.583292225612
86193,13032.576822379426
28906,10785.213998801466
15826,5673.214340378268
82701,24278.97751404612
45110,10537.473582256282
68985,11130.246497564982
52290,19997.247159356324
87982,29135.44342811811
21196,12235.26413946045
30578,7599.422965194322
43279,23309.484097187633
40255,18074.582992053398
93230,7154.909385573032
69209,13797.746118668389
66679,41689.83875607608
58628,6038.454243263275
53162,8833.632041156083
31838,9248.641688144791
67096,17595.161377287546
86648,17307.651622235036
93362,7473.045231362465
89239,13021.23119585585
76450,19462.642803667164
27164,12601.691028946801
13079,43448.349828044185
51299,54836.57506758444
21685,5384.685147857364
11718,16467.201279822355
42748,19993.832484713166
26507,13850.885644310654
57216,10412.634532358554
65712,21205.309001074485
55030,30913.040050191805
50776,18972.75023456147
84257,12548.21813903781
82711,6968.465451484597
13611,10101.280430169096
26788,6859.779954127198
50596,19654.836143918652
55035,15142.533619965969
21341,8686.114073286099
23267,31783.756823529973
50348,12749.865759836774
74298,10349.588745488925
63824,26969.81580057572
98540,13885.475266177385
42134,15909.7870127232
11490,22980.392282243076
96036,9000.690090243465
46982,17959.46845670736
56391,26630.20365045139
34086,23808.410418478175
26894,10388.289176272243
97842,27343.639101186378
16016,13480.38499160405
10676,11695.266181076295
40761,12414.721271398157
60478,20844.61786858328
51966,8777.38500267046
39062,8283.827677653739
28989,6527.734105281841
84717,9634.394407325322
23161,13345.276308804561
40116,16149.183433793714
51925,9366.02589554605
93343,9108.289984278766
58726,17625.808941988686
76704,17538.928770214883
39236,48367.620226698506
38001,18608.89022601626
38935,12008.587095297004
86388,13096.452617871511
64725,9861.579660979458
59647,10256.40768918717
73748,16175.09180758099
68227,13686.391917920477
27588,8395.769209025628
44542,14670.480205491915
14091,51779.704846821165
81320,13009.535884193598
84816,13444.8127463259
25067,17706.60047510518
34065,22521.598848259004
19075,16757.878103967985
76627,13652.142502841361
66337,14661.67926718637
22410,18518.564297900648
35782,13962.194090377247
30250,7959.510632390924
42387,9780.161979251461
46146,10180.984098551678
80241,20222.552497333512
82814,16068.884370954298
68763,14027.375696696397
24476,11011.469239645547
91864,37449.42418079151
61902,30717.26204966107
63969,16642.4232526393
23069,10441.691335512882
60221,11608.874722438795
31078,19821.15480966893
16048,4159.231484974338
14388,24502.9394452031
55718,15256.564537546234
42607,22556.043438898316
25557,10556.049637100992
30477,20855.252798334295
78643,14335.38317085656
26548,19112.58608089552
80273,8327.324330924794
94320,66004.04408281228
60891,8738.19158652275
53105,13964.440144322607
34240,14963.83048266104
69427,19325.437513103465
49532,36159.02175257276
89230,15797.94612698328
96564,30909.168003928433
51153,17790.348142797215
46484,7085.894812884833
45027,21815.600480464287
94737,8611.040524758138
27480,16987.150209382296
59822,10554.932146404404
41223,11917.160030054907
98576,10744.060523086366
58726,8636.877109806155
49154,12009.981573612116
36904,40678.7787628209
94693,14261.516126426388
90145,23991.103042739018
32519,21245.665428811604
85376,5780.762138787773
58828,13216.904078547323
43960,9685.130976789034
34840,11903.416196360391
34523,5657.129408938517
69436,17906.937158967958
68362,11991.109112906855
37847,17988.11097401035
34609,12188.928848924175
98471,11660.945110624092
69969,18510.728169040547
22893,10902.700634375502
24617,14195.811601639727
48602,7585.34374971519
63791,28903.484953389012
62134,2419.1129476410606
19555,11106.259055794355
77862,25885.51123102593
19034,18428.587326582696
60347,9590.973559044185
23130,22651.95150396471
58653,12762.207872851624
72247,11204.13407485555
29499,12572.358051356146
94809,16816.62760953972
49785,20711.49466456966
98200,13578.695025560233
95537,7693.687796750488
71614,18023.9463666547
26240,21008.62038787148
36119,29801.171466281994
76380,30934.040644240456
24933,22856.035697275765
90800,11773.585631590518
73403,16285.097453148299
26951,7059.994969756608
12812,13622.201392477646
88814,8233.252068619902
90953,21610.02033841872
35913,14616.35246844804
12444,38596.867007443376
68857,25601.61995216582
27874,10752.369188166285
93613,5548.931959046466
30222,9680.17887553323
54534,17389.084152767755
38619,12639.060155070907
31506,10011.787730838638
60464,23037.995948548793
42006,12474.768340689572
50593,10175.000612752512
86880,15199.658589270563
59079,15286.345987324488
30864,12771.411691483252
13214,25487.214189018516
51021,19527.089894568282
10894,11111.418181261733
18983,20423.382910564447
66320,8108.491441325008
89342,17333.092826245665
85671,9888.46160803035
48685,12259.430896812764
68717,20212.472146744472
25612,21883.184111974562
96550,18990.017668445238
21464,15138.79039940414
51486,28256.779756910553
22369,14926.962585447696
28578,14903.053977219504
77396,7181.803018325403
77373,10860.303397586176
67004,7483.103498043265
68563,30849.064498150234
91408,12050.31646593324
95382,13435.319780103593
98119,25471.04165866028
75409,45716.5153761972
99133,17244.140604236174
49470,19308.593131590824
96566,5402.823781079218
65681,29020.03288134351
95630,9650.16467273605
39429,7315.077477341989
47834,13805.90673320529
75912,10196.883470410925
82292,8146.719906072733
99868,30675.75701658205
94767,5016.990870893951
89094,11335.389347905448
14214,11641.532273390283
52039,27742.36403512019
23905,20592.485801270373
26490,7249.023762530616
41924,27029.369366318144
92555,10916.249242106696
14453,6089.110839746338
94586,19731.880569206565
40364,21579.681657924135
58915,27842.423017510417
40540,68273.44576310586
58510,6988.987066860156
18293,7246.5674838227515
71944,31219.814121000767
22878,13150.695029761075
18175,12658.691163339052
13395,23213.953680306782
41834,26098.740633070956
33112,20878.399036407234
50069,19893.702478487518
69629,19640.77474602724
46212,13647.165490948928
34268,5486.692097144891
13749,12425.876029097726
50504,7411.749698214475
57627,7245.527534427192
89680,9757.535255441373
36956,8230.760025624697
69710,7152.661508124291
78217,11181.20802575096
75501,22119.392384081097
75219,18274.832724784632
33408,7363.975342147796
52870,12468.12013179428
86384,15478.42149299507
99984,28483.278598460223
78710,21483.27904898752
78906,5622.47464568975
22041,15449.07159926751
18386,10739.044091943664
61778,8246.575910423107
15419,12732.030941172601
62813,15091.371974500618
69734,7059.677063750025
59326,6566.31504399342
12741,41977.66310340503
15525,7918.282063109569
93955,12982.205590524174
74258,17410.41525718873
19966,21730.42586213362
95857,17863.246267602703
81983,16631.57777846409
59192,28705.696553047776
39000,26005.38704712163
50030,8817.594075915917
15960,19172.66985531834
21112,13348.710630132298
66687,17284.47152722948
63611,8642.097186719453
95711,16564.635449313177
60072,21871.387712427582
25734,49052.32301314479
67092,18226.336806999818
31774,33746.28004090854
80683,11022.417299215558
58091,8282.304546933588
51150,13271.087805482517
44423,12618.717149981321
91767,15693.136308291649
13234,28123.44208736459
29276,9746.845292595992
55612,30735.61386360983
71238,21378.282560430296
49145,11557.2312222983
99908,13235.145589974403
79559,22907.509786647322
96949,15355.679398098273
83060,13486.764655861793
39925,21262.653262287644
12533,26634.512188332585
69487,25817.81192563052
84871,51591.02895728201
94357,13138.995038376772
17159,18702.822601495085
95690,13081.35164547632
42318,16386.14572645351
65023,16615.198752780572
77067,11579.040909661984
68558,3467.5374897139827
84018,25820.57375015279
82929,14151.120280474795
88048,27336.107844704624
87270,11125.662298384283
61578,8665.590652533792
19642,10338.830022250895
58718,16154.789294248549
98102,8152.600999367109
86856,9495.03545564135
60401,21253.047278497812
67872,12259.864003559163
93733,11482.107666676087
13225,21038.219549795496
71739,7599.422965194322
96476,9897.205157668075
47423,9109.964563177633
14037,19934.653956848866
19507,21907.820031886207
67814,11281.660020994701
78686,15397.247021415275
24555,26262.908297680166
18324,18068.880745075727
47877,10010.688781918187
60111,11218.452376558467
35769,18985.962237975444
32496,10765.3283237254
67607,24226.885119437757
82987,28739.23921810802
17097,9056.4936088046
76777,27096.710677312465
70466,9712.865077542843
73292,25961.08976320402
22520,21467.405988414637
13367,37408.68905440836
26686,30499.06364517791
65919,12977.86098414584
33010,10861.354975144526
15710,10064.467999127435
84705,1844.9742108904702
93156,29745.856429346117
23166,6634.222872220904
84803,31649.456421430124
31800,23806.71866992384
85346,7767.683673327218
66896,63799.261968678125
17006,4420.389696091586
33712,13742.81356716971
24104,11618.684209570873
50981,11807.021160584518
99303,6156.041313314008
81571,10803.59014492941
54878,21284.12320703661
81288,7279.619129197992
64982,11858.020185693178
57147,8866.476503788195
93482,25615.54496455552
47710,13701.68504998304
34478,13734.51651561134
43374,11283.646027758641
63246,8784.604975459944
50969,15176.381093867289
43099,19979.204830256873
88007,19582.545516640028
79936,6685.686802774177
79905,26732.669398380152
30774,19561.303547763277
55095,28059.679054813558
52610,55751.01504776753
76039,35230.98090609704
62224,19694.995488252025
50614,5662.022397007917
99075,12742.204410529022
71756,39576.180809019366
28710,17213.406604665783
71511,29705.100882230563
31748,22427.980305063713
49140,29802.54929252639
55354,27000.627011722896
17724,9840.484001769011
58295,11755.159384423627
80689,24252.06293326142
36156,11391.734496544374
16129,17479.88449597807
88118,10009.570113835412
77259,46569.197178789924
20500,10152.234127758977
69772,19947.638590818355
99358,17734.007230232022
78733,12501.647650814142
46392,12748.727082610667
29912,17281.914997455144
31501,9212.494719024597
98932,18774.194432348828
71662,18926.934034750404
20544,12302.081083130537
22239,28040.167502521865
16502,20946.294256501667
52831,19757.92695186951
99902,5281.97520917865
89737,13719.329574313677
22350,19494.587252283512
77367,18572.49145265266
86652,8259.587828562055
35164,16204.52878899058
82006,10997.963330620492
29801,9708.471946558042
32395,26600.135469288456
97247,12341.026979669881
79753,16837.060861648624
83807,16348.670564682001
12621,22633.15091810552
47149,9930.399044660251
41753,13020.37914068624
73995,17667.612793591346
83421,12101.620266333992
18053,22535.7340508672
28376,16445.524957129335
62840,17379.43122942545
28960,25693.263152580166
33546,25620.549090447657
31873,10061.460329491249
62540,12595.662034602481
69304,7028.662376826882
46500,12611.181778804343
28723,8147.961203433677
68684,10787.6626227833
29405,11505.744280668056
44859,11002.835335897704
54887,21089.666217168073
63461,8151.988704375517
37517,12368.699522399762
78927,12910.884213786601
39054,8169.61169229623
95967,10947.136417667516
43328,14293.409932042756
81393,9175.23039659924
28038,8707.214052904179
90437,8527.469928262937
47917,25911.365311579
38209,17431.39116509579
35974,18731.83700655915
16832,10878.105145682162
41771,18088.49176255459
53141,9358.974795211325
80793,25026.67253321867
32829,10591.503186924254
44626,19855.01671402673
32648,8176.141056700291
48202,28854.60461247965
90453,11717.506897761223
72615,16698.505867002525
26667,2735.570825777457
99316,13231.015263146717
76412,24871.92295803633
39667,17301.782092117468
73667,19277.372962698573
18235,8853.882639036561
24559,11570.917688749189
88552,11635.81094450966
23054,11251.506075273883
20414,19282.550241596608
27126,4098.174618072138
33694,9850.943649371988
70925,23271.062065865743
12645,42754.68922684467
62771,9195.923830326421
21958,14841.820809507557
99927,11397.418917386129
70619,12414.285062698622
30327,8342.397618505034
64938,11048.414485823077
11585,14368.271180694368
72551,7885.366416179837
79526,22807.05244736369
41233,7303.799026746949
18276,8390.190344299444
87829,16243.173297239246
97183,8975.194415176791
65993,13965.873128487763
16089,12779.928547497095
98043,12738.31143111589
79973,25844.719984397456
69063,8136.266599417613
13705,15547.95896584382
43252,9868.546060316716
20790,17803.203002170234
11707,17184.89952602484
54445,7560.49850243772
64100,21451.15268697607
55670,12914.476514222724
21523,47234.25451924911
21110,21136.621205746615
87681,7706.451620118856
64059,15284.898484842588
22040,14899.178595910129
83676,15305.085355244924
13328,19206.85978782001
14796,6835.68345461989
36644,15422.644045065465
49537,20710.02817399851
76982,13151.950845019408
92201,11891.952736965177
59553,3350.679146501854
40036,15100.178438887571
93349,11764.780398226249
91107,12439.007342720448
81205,9674.167893107364
68043,28532.751300029584
80773,16655.825456246304
10882,22378.839532526952
73858,12473.829646176153
81984,20004.486268863508
91671,16330.173045045956
30898,10126.056955163565
48418,12096.737556196691
19520,5598.817980073396
43650,7078.494284607439
10991,5546.149243992955
56786,9473.727073472
75712,22996.578263575764
21456,18265.837340202266
31535,6342.0339754501365
83097,14336.606208075324
46647,16888.543656696103
85102,4988.654151455223
65052,13047.933216503
72062,22462.01961952324
53547,20104.295530175048
85802,14217.280482716005
55099,33690.50856815868
55937,7368.438627241352
50615,10713.28700304175
59331,12312.521817310877
36677,7246.198780202707
32850,35688.0465951024
71029,8091.48081740134
69082,16909.712110083536
69917,12413.249214372556
78610,7915.200197061871
24019,16256.990234770736
75553,9380.87038736406
52865,15132.747762753843
97561,31793.591766953905
58231,18487.41183889382
93647,10967.121856416095
24639,14830.23292485787
57232,11076.580008501382
13352,15874.03965372601
64465,16601.41979165391
70776,9394.637444812186
54695,9818.12982906626
10633,22406.070096751748
34121,7382.567484895315
18077,13256.952398657895
28930,16361.687021923897
54363,13960.227185754473
10592,11536.664748361956
53110,9404.604887981557
63549,17992.204105073368
52821,21810.375416177685
62106,8626.069794950108
44182,14627.999996769431
31602,14953.862326655948
65815,14975.397951956831
43410,13338.261975635123
85781,34625.37928219706
13517,13660.824028360068
12807,16167.484964655465
84718,29535.135258318383
48802,5765.138447166626
22093,31303.00051748642
24649,23588.309810085153
74106,15703.966606301645
16191,13580.965455779013
89160,10636.466798821726
19829,25571.823494127166
86447,11638.391372623639
60623,22411.64294381091
50892,14279.074875454575
22478,26875.08406866122
27899,13944.997268508225
37111,8154.138338896351
12182,16500.894892050237
92219,11460.42394127754
71265,7888.949869530628
30827,14622.5945900826
48823,54152.12837277091
29672,50982.943731005784
25082,18600.85769410579
37332,10923.860838627985
20202,19500.7682189737
39498,20470.796784623315
45687,13531.404451939114
18111,17048.737179604686
86344,13227.991520304906
90688,21711.13603297641
85360,30119.259361220553
32018,28960.011172373248
57548,7758.959140685718
94843,8869.44645742614
62942,13943.399752669393
31118,19250.592429442157
95578,9944.602178741683
17008,12948.478995880803
87484,21471.69529367778
28699,27438.183311182787
30059,9798.346837737572
88582,15794.561019605906
66148,12825.58462166522
19053,11265.590674019164
12060,30847.070724312096
67872,24146.938481343717
87455,30538.197154278
96352,18461.1538129061
14601,18170.262054249113
54231,19855.299071080186
42281,23168.49146529999
54004,10879.544475311139
49586,19996.47958138407
85807,9069.205159039986
77158,10803.59014492941
11868,10051.163328204066
39632,8802.763010212075
62159,17052.170965561283
49022,16601.92770582914
37213,15123.90385138099
30495,17510.597405457036
54247,7746.451573038368
95306,5608.949194108291
82749,14649.51852580329
17319,12602.774344638654
10265,33534.00803979066
69556,9084.53512336421
44815,10994.757731955495
15824,7685.986465661237
34287,11182.829145285634
49492,20547.568734384076
23118,8155.696582596094
35361,10563.86952898566
90021,11729.045819650968
17837,9254.603941145946
86786,20027.645205246143
21334,22851.991478234595
62818,31601.808699505284
73540,8593.302439153164
98303,17432.04183225909
43409,9990.14481317239
44680,15167.38449297861
50021,11396.315894943642
74229,23152.16544551525
97894,12795.278710683924
86442,8272.169019004214
10333,10429.32575441537
13181,20420.17865702514
26231,9916.897289326123
11176,13593.582312972365
98923,16908.509961829095
82722,8838.56178535511
72613,12265.928056708122
39653,11813.940192629665
58016,8353.913520230568
87339,14732.5902198324
98810,19742.519765854355
23126,19184.870729502796
31560,24782.965387502325
16191,10647.065675410888
11415,17703.72299010915
68374,17223.335514279708
62173,10196.517573046978
47067,9743.410445891634
44743,14872.129516093286
48760,15712.129595614586
41518,19450.239393990763
81292,13942.46984152142
85232,17765.029871113995
84092,18040.27681327382
35297,13091.131022674526
84603,12159.111763326211
80584,19606.059625926144
46674,6862.648407717399
80829,10979.569947542226
35793,18655.41899948714
69375,4873.356897324571
49164,14682.406649713888
46441,43888.64597724795
62733,13219.681829086285
10767,16230.534269146374
77396,5943.123838412423
43269,13422.95951210925
42444,12516.172080247907
38319,20390.34957927232
35907,11946.79084090763
23009,8828.604792955339
15505,18159.341860374723
75325,13475.84181725812
71690,11819.526658107043
62744,35289.25952407192
69319,18026.608397915843
36141,7550.246373647542
56225,16433.705057133542
56256,21178.69337270764
29128,7401.285317362752
42834,12093.647958658888
72810,6301.824297109699
19283,10000.790355909336
96580,22903.90591910848
57157,18289.059284922227
64815,24336.17863592359
32923,13153.869515820916
47518,4956.906875465456
45244,13802.252029496849
42888,36319.037996257466
31370,31849.799086197396
83496,27954.348508841736
80605,11712.537218888163
42512,18598.401425433265
32068,13570.15687014522
93878,28165.420952054053
81673,11365.237165708935
56404,14123.764520513067
44770,18659.05650548093
51092,9876.729140828202
77079,22144.72840844028
41669,52720.95085210374
74821,6671.512580727111
97076,11328.48755761545
74832,5969.8271478753395
56474,12183.545904232382
45065,15799.440673150642
76940,14687.393552088331
44808,11834.455925756816
40756,14670.62518426606
47240,12161.767480632641
59537,10998.822464985344
72445,22679.775439609453
34264,10687.708244508085
26004,11043.817349121719
25191,24613.641273363573
26497,14748.035860163336
93540,17781.16458567621
91913,17193.67733362969
86379,23794.6642947589
50692,8828.649661209625
55324,3861.8729522277554
97127,18008.759414641685
34796,30480.95770366871
16141,9163.813972032865
23104,6489.165692804492
59614,21106.155727414254
53427,42491.656562934055
25764,7722.391060735319
37981,6033.68333595528
76295,16925.778872288683
72585,15335.891239763447
12285,50769.81499131674
65495,15049.299921311525
18464,12865.519843620077
80713,45421.99509111972
61743,4454.658667235319
98221,15739.325221023317
55786,23199.00184635278
87000,14590.238651166124
49894,11825.359114871524
49245,20026.73703043845
66089,11529.657690208045
79550,29040.45847664497
85629,49449.26308822252
63801,17564.82089167867
11292,9647.81973502622
22206,8989.665125762041
54488,12034.150897754665
73121,19574.60820555335
22314,16235.759564352575
84109,18535.190316244363
77043,12844.48045550042
17598,10013.713400780263
86804,13941.125793501707
71140,24606.405891157567
50133,19878.02552537238
33789,16290.747724763618
21830,22947.613847687502
98644,17870.07565872209
29119,12823.098271339852
64171,16693.033576976875
45162,6428.090833761507
49319,12861.90497496184
50242,15434.188657620343
53213,13543.056490883482
67350,18064.196369949896
66105,24515.638260111795
85264,13913.645997220992
79802,10567.72917667078
26813,22377.52277734166
40884,12305.177778695415
69228,12082.185060416596
22095,13361.873617867524
84526,14449.902717236
14319,15563.170249135503
99678,19600.199936187517
58937,10537.16753557786
56081,19444.06585874556
27618,12880.161163453658
75728,24526.58887037674
60526,18390.738486530234
93655,9485.648485700967
13686,31585.543838243888
73615,10228.959163740335
98926,10851.86630645936
28963,15722.777194067436
82195,15249.264040949092
93620,13945.823401865986
33095,20247.35135699424
35927,15366.643054447799
74744,16090.09314984837
85868,19939.433027070543
19171,22023.881339819287
35868,14161.514158404523
80426,11122.70965392876
93756,8199.140267542545
61813,11291.44164381863
35466,21666.726797844207
73331,15404.507946488255
33959,15030.673428982085
98226,12541.648605886901
13508,19716.965650211234
76939,20509.788121647172
40447,10199.483064888589
96003,12480.710860769224
89498,21488.280968031253
63429,9107.29175995291
87078,7644.778615674719
94877,18396.719833391213
51087,26365.711921420057
10422,28654.195342192514
29943,11231.923829316063
19854,6736.375565602377
12738,8634.222521229936
49172,12013.543662803717
65513,7160.708843774135
79099,30420.52332090887
59051,20559.671138733425
46415,22588.761703600256
57150,10730.044695259923
44323,11935.271305974156
24008,9237.24250779372
10889,16267.518389774541
81650,8313.803973725227
16063,9139.528322161967
34563,9334.646943099691
59923,16424.391905243585
74799,19722.26707182159
81986,18754.801747252688
40644,16267.518389774541
44784,37342.76941900033
62909,5409.050371775698
42084,21895.717582270197
42128,7804.289544831347
74943,8739.484378348745
31314,29669.47660380861
85500,3895.902725225458
44691,24315.406070656114
18916,10234.613643202396
90195,21725.348143623945
31732,21542.25000739302
96696,20112.782908184166
45466,16605.60350270807
74224,16524.940380529515
95430,19170.70830280381
39697,5824.782648013344
15684,7996.09118492157
17622,10864.618269322864
72106,14241.375276537256
61700,8711.257421411812
90018,7009.202544998534
93405,32805.09030914706
98441,6077.309579753959
78759,12256.096278923806
92235,19451.085307317793
97652,23538.602517570114
77145,18063.62120331898
80839,19154.49448837212
49736,10775.442110556429
33012,17347.42510146937
55453,20588.333870942064
90100,13548.096585403857
95286,22295.567898617373
58709,31096.46606498934
59927,12031.020535567806
41528,9711.208737439309
86013,18144.508204597987
47211,19560.726813985493
23055,13409.895710086344
79909,40212.975010015456
98197,27356.446834079117
94216,10408.54179657789
33365,37910.6772102393
23985,22751.581000994658
22958,9653.74982919306
72828,12578.81524586001
23378,28483.771270254052
46155,10285.800797201646
86887,8544.636832880737
10208,10933.603431004218
27291,13829.621794250299
36378,23355.397434649152
24662,13565.682740010785
39235,13933.27386591061
35519,5401.700502068197
23967,10455.795349852353
88403,20117.60184972284
46399,10241.418332388796
20813,6738.761805314858
99357,33651.08412801851
18672,10110.727445909291
56129,20767.358003686342
20503,15495.608704827451
64995,9973.81482449149
58012,31104.61239685399
34919,15484.103077182992
70702,26844.683788491282
76038,8769.156200212241
97275,8007.102178125599
27286,25183.916876790026
26138,10980.196230642223
30652,10974.025080214942
25906,12356.59587637464
94233,10331.32081375851
47374,17051.381602240217
50227,12388.137158519174
12913,30098.359106995405
15227,6299.48314076647
37558,19951.439041799305
29722,27998.69952691866
22050,31902.047916174528
83459,12082.283488886584
21151,20322.381497555816
89474,21704.48282332816
37108,37071.81354868795
24720,37510.99945811837
91397,21121.928724542777
20136,23021.502995988012
49684,5693.59749892338
27647,11007.3818683822
22147,19789.4030953855
61187,17061.636292355968
45847,17857.90868138497
44728,8720.9169553268
96652,7571.895439323467
12540,19384.446383458595
99179,3402.996677207355
76166,27303.587339021542
80587,9825.207027820972
73837,4038.4770540082845
50937,24810.336568031416
38143,13901.225414631617
44308,26546.87760316085
30239,35110.720063091016
20873,16074.581823996947
19628,9322.12035640606
67447,21901.355127404808
43074,12415.870818892901
71941,7634.282445175038
95767,16524.29144351701
88706,33667.21436722703
97782,7719.6489601864705
32567,18193.096323628888
87592,27776.089105647545
26568,17626.80899613871
79670,26576.14754936345
43146,9384.940689964627
57819,13337.600618229706
28537,9971.986921937292
26049,11196.279506820281
81715,16654.595147568856
78256,29988.232826488067
29968,8392.788644142454
81916,32352.93368275976
82943,11229.245801748011
44506,31732.051529914028
26996,24707.652949855652
16308,27568.307251302
43992,9818.66656668441
74485,8016.464928156594
21359,54467.154575478846
95795,47296.42528125974
44874,24194.390620910177
99955,23693.752175979083
45794,12445.35472080449
58103,26828.28620993284
85236,20504.571008320567
77896,11291.198062731051
48612,8350.323758061377
24207,34063.277804470534
40517,13565.411758814022
81607,5480.160031516723
54858,10564.077592473552
39425,20783.889944915918
29460,21094.19261729658
35884,7028.663985135947
63271,7499.266696634149
65159,6028.728315788294
80073,7125.997926590086
26867,16661.930782740765
75834,13171.821973344335
77050,20340.31018043169
93849,26813.197862393507
44614,14739.46941978559
68873,6067.59783204942
23556,7615.038523478181
47197,15734.537114324678
40435,21605.604505180327
38411,10117.192097199902
14075,7190.331137022451
89722,14717.383761986835
34041,16585.743601929396
31211,10111.056461629065
83233,30627.28946228821
73398,12115.24638253446
80185,19291.566389412794
38592,45254.993851807674
21475,10883.683524261645
53800,18754.26074398425
70529,18922.835660630266
32679,16099.542743521195
36867,15817.090456568478
37863,14586.515420231073
22406,17055.59901225288
74863,7681.294523493938
18607,9631.406436129782
75637,9319.580416445518
78789,6815.081956612314
85533,12188.825923974442
22715,13019.201498204176
24706,16071.608511043356
45548,16781.132451012592
84072,5855.005682948917
25301,25370.642389190332
53988,19276.67338769602
20431,37209.0112181445
78464,16517.43631211116
47512,30756.253230340742
52970,12451.032760463735
29891,9636.082206875937
29916,16664.10002810876
82487,27656.181535894255
57217,11124.96715047212
58960,15017.862076445967
52941,13591.655233087631
72001,14055.01676139944
22864,14365.498172883137
93910,21735.46707471557
45261,10525.726070621526
18458,10111.253674747033
50101,15556.892373053248
24348,7062.880367944601
30987,23221.16718566761
50316,28845.38908232088
76988,10908.745648825405
55931,15850.548259071415
86317,29683.364041137393
53091,11081.236222067244
47887,44417.007725558105
58320,18283.545216657167
69135,22021.13530456375
92761,10591.503186924254
47537,31880.32486564546
47400,14385.30431434811
26976,6368.1262711493055
39704,26731.40274795788
19114,9270.247198357
76350,23213.32560683655
47877,5842.0497783797655
71372,15101.710951246643
75774,10196.928647307308
21348,15339.930371391369
94988,7340.617375385122
93405,7473.045231362465
76267,7980.640721607471
48394,22021.694604535864
48353,7661.453357748898
99258,29309.168216264203
46819,12047.22920648125
89864,18151.264911531718
98888,14625.023033236714
94901,9566.33556994873
38540,16016.752195253946
35114,10060.182358470513
63562,22135.546233048768
10611,13339.600005001019
92718,22133.88464434716
85328,22205.17480142642
54752,43089.93285237552
73322,10103.981167602775
30050,13134.078662365011
38706,22658.73086796142
47890,30433.873786450247
47638,20905.022121185313
42028,24649.492793685382
17520,11509.79106958232
32872,12163.898237488398
86337,26755.34808049869
57783,17518.2304945113
46625,10792.496922956561
40037,34415.70927200317
78487,10933.62273692351
51926,15333.5150428876
90472,18645.609465401634
66355,27968.12956977788
84515,13741.429855950055
65241,6081.875898893297
66899,17014.203510443236
81362,6338.181016838
60670,12811.846138038232
74798,13962.139914150624
49393,12291.54397487616
73374,21296.926474657703
58219,7111.990798102253
13910,21049.0905786251
95977,27905.51092497982
75610,10285.800797201646
82320,16182.86290691648
41184,26512.192703791603
13017,13026.055174770874
29717,15040.59890368033
95213,8754.288383562169
29318,14907.912593277362
19286,8816.710722228483
61136,12801.172944480506
78636,13692.324701422218
77483,31825.456128219957
28956,29864.397264803745
86295,6335.10121891969
48504,18418.284537987125
91232,5492.615549334754
82293,14527.73443211688
33073,29866.624083972594
29016,10188.692734413115
60781,3496.4298320095786
92892,12163.951827983758
22626,10377.33542391484
18119,30700.588269491724
15078,17977.101411691194
29309,11019.85585782615
15474,19469.188552670614
93220,8005.910175543118
35108,20842.49632354473
39503,49454.53136976903
65278,13266.852662742138
54738,16869.51300169402
16537,9672.978750468537
10101,16981.175884588014
74915,41290.59053579092
10344,18766.24154298804
31762,19733.165700861417
51503,12377.815693586192
30125,13926.731820799967
15005,6423.7880707846925
68615,7438.834182139173
99800,14011.03798345688
99920,8506.974726751825
18930,11157.311473362619
27261,8494.93377006658
50177,12715.879594684606
57570,16949.428965190946
50401,20140.70008162971
29608,5411.9471112401025
25282,13014.17318242387
59061,9325.76477154711
56946,20034.695500097878
99052,11199.373866792677
90604,50748.33215304238
40234,7467.254579806517
19804,17213.23912413539
91056,5653.696564898326
20463,21470.397508217073
52469,15665.099636391216
68701,7375.757528503578
38466,12902.398694562173
98292,17454.714819680532
30842,28040.330517276976
53627,25889.084677699902
91396,14787.871170359671
91855,10456.351548269826
41280,14003.737913849054
46119,16929.80875486947
68647,12962.026010081885
59344,29832.816084275164
13161,11477.3423423283
66988,11747.501831913789
64199,9953.574265064524
66028,15556.571011562959
63444,23390.80658472927
56640,7313.892660021158
51072,22011.103998710227
30722,8072.9036718675525
46220,18871.369979336414
96260,9637.527183692
60021,18830.21769146043
45112,25699.70506739833
57448,21847.56321062407
59765,11169.895515551521
62784,9277.80425475428
69203,22377.937409277583
45399,21457.24249229695
88690,25022.75196368221
18449,8442.512905572052
53967,11542.104569230654
61777,8311.480839634436
13887,12222.843809416345
58169,6673.7433942657335
94983,9660.305037792205
64868,27620.60080950441
66824,9872.915601744418
53949,11117.15107060043
15578,8541.71400511533
72642,9045.069974291204
74884,13146.95350096592
58783,15109.175207387565
40786,33126.407755064996
82739,11634.813980584335
71291,8348.75367769211
28592,18846.688162989503
98670,10263.907731283609
83745,15742.55803106345
45679,33779.162351342005
11909,9956.805115320298
27266,9409.591740306772
85442,12655.53685111043
66144,17054.781826358416
47389,15043.148166014611
80797,12506.82387868817
19572,15008.547095879314
77760,43796.71094259301
64242,1800.3818816954863
70976,16020.539362977737
97242,13450.233387529719
82109,6993.541070655487
61003,9620.535335426881
34370,10089.337209630734
61016,16498.136480031837
74328,28642.13658830006
31683,15744.265958059359
26311,14593.13701376294
12160,26545.11823089289
53741,17906.937158967958
13761,19192.78188544446
51187,29541.386803648275
96513,59362.09007398894
58023,9679.174832065375
77063,5686.592196378397
54933,19995.725624424136
82218,30700.588269491724
73372,7656.986101451463
25650,10844.64552675863
51990,46298.28415489851
34914,20330.396225979446
45942,10362.346350239493
78576,29956.129440213757
46100,14362.624692585327
25969,14619.613096344256
94344,17174.639278167793
46741,22873.050913822906
46688,18138.55118897846
20183,10798.77238214354
65975,14910.360137543154
98646,14322.999817169197
56593,22415.206193617872
45957,23920.610434047354
65933,12732.118476552816
67132,22719.734117089392
60606,5940.232110357769
72597,20645.79576499262
92821,20368.987761322347
33031,8446.030208520824
50895,29647.369671622713
46575,16719.71482289271
69237,9750.437256180481
96773,14706.461520904486
73777,24846.278778594897
23658,8770.317768322424
71684,14792.544363025301
42928,14038.812855416869
29742,9642.234197810392
83982,15577.1230036025
61233,18482.456768881613
23894,17147.096693110467
88201,17323.46252515855
57477,30828.12764491827
35054,7701.341192340284
65017,27104.58940495942
41431,20082.59170582839
14097,10111.056461629065
36923,16687.072786849778
23368,10316.921555597399
30453,18935.94935671444
44102,41741.0445177552
97237,11709.53434649905
54104,13788.719391613333
14573,12301.724741477072
73631,11060.849310554913
46220,10146.89728731173
98637,15656.65882971146
19321,15862.401257508138
20391,18318.87765176539
52035,11002.08373542217
41136,18766.451957031153
47633,15958.625980161069
47689,23413.328850872054
33238,14922.314245937161
19776,23712.09421524439
94736,22029.536492697494
81954,19114.98607569143
63715,9809.374124894368
62376,10289.660741917141
65458,9480.157405173428
81109,15455.192361355163
30335,12810.153077384115
13768,16482.23635523519
67843,17370.599117517635
88455,11691.61029219094
25158,15111.223049557948
41826,19505.898539268375
13767,11876.15217583144
37587,25335.34045845865
50167,22272.76170496622
81555,69144.13539660681
95266,10412.627251888978
54262,6661.598081720887
75703,14513.539039564728
96447,10550.349380739091
96438,8811.426654143912
12409,11975.409007509541
25495,13819.732846779976
24623,14978.18965222938
26106,21392.807536505374
34056,18908.221483976282
71253,16348.181076417673
69064,10655.959485353898
56002,21630.066804712114
54318,7498.916426196691
11031,8635.46583253321
24287,22609.524311784775
61401,12448.115077482471
10580,17967.495393358397
37376,13021.536326214304
60185,9627.525163182949
34407,14426.15208147714
23585,25497.28614870845
47176,7371.0192901230075
48589,11906.9902983965
65857,16992.650528164137
69488,20951.056684836545
95628,19578.972609193686
22624,12789.6045347365
28266,15302.221635344795
78236,7785.530318879846
47888,14789.313512769528
16815,12387.388042550627
88147,13001.349659891372
11698,30698.30717943667
30307,41502.83107132531
44353,13913.777992313218
70092,14486.862139255209
96369,26677.678496912402
47637,8692.670999716887
59206,9739.457394011286
66367,7250.546282010238
30044,9474.032738012873
92589,31426.56566385275
27468,5101.690120645926
77419,18291.767332813015
82139,11186.680038317128
62912,6918.489917078734
79878,25745.30768867489
56905,9553.037781033378
88976,16349.435630481017
73305,23805.443324243988
64741,7759.347323446138
12648,14761.893744339792
98892,17710.1556739448
39966,14932.409916437804
42614,11685.56483710908
86238,21433.193504606552
79944,8180.92648824473
76687,12693.94824931992
17672,17729.128735825005
58910,20224.9258383307
90641,9495.703069180718
22957,7129.845893088421
62306,43947.69302065129
55693,14557.547356237486
39932,1860.8411534038169
95569,17952.944199186415
97330,5717.172728677047
22308,8599.693128967574
88119,26337.569319220893
55367,26149.727679395113
13729,23393.052205154654
36858,12244.483695406729
44821,12403.674806991416
53692,7008.482476925958
20301,26174.816817494324
93968,10681.241113940276
18787,12065.423580963772
39994,11842.479070769024
21887,9703.324190546515
62922,14372.349196730253
84595,21161.48173501891
45223,18109.39606411498
32572,11642.121961107454
40409,52820.77785138456
73195,12604.377122289145
68189,22441.641731264943
78349,13159.464616907608
37237,25941.638151216976
31510,13102.934662555008
68722,13184.089382026397
60594,18857.707317335196
51369,12472.976005695706
80300,13359.892485868928
89681,17539.399576263295
11178,16446.742463558123
42422,15517.250244390467
67644,20627.60226467104
24169,12165.003304465958
73703,10689.038834830422
21485,24946.057478921386
55232,52749.78937148194
88499,10760.607797788825
64038,9139.528322161967
11575,14691.023237589965
11060,39455.733535727355
43618,7085.484333660996
66684,24831.725448271893
70709,15729.030964881642
12701,45488.34333529667
58496,10876.568539340562
74068,16309.790523036685
13083,17642.053870488562
62983,27389.105374874925
98491,12668.834626645124
69634,13475.767838720842
95320,12916.816228172442
67954,11129.37031570653
97386,6235.345520454275
28490,16990.60505813532
19591,33252.62085321326
48148,21070.47357217406
22558,10230.985573403663
11383,11046.747947432606
48593,17432.04183225909
90602,15770.938248927518
52054,13425.422883060693
94149,10548.463523703427
82814,16375.601880009744
93511,11033.553277222907
16464,5230.27898779092
41296,11129.37031570653
48686,54859.83690645686
24836,8751.173781089405
35448,19390.46605942657
67762,22537.87990392405
44577,14523.243525601578
12954,16322.898460139815
47225,19921.643074595402
82302,12431.242112171785
32673,48388.18956738421
22661,8662.608238152297
13370,13968.394880243566
56047,20729.03737356636
76907,13317.801961312882
14323,25126.668101728807
63129,30362.812660090534
23034,10949.628572339803
42051,23410.590198861697
70230,27459.54368829227
13067,28454.292626308466
69485,16972.636027575118
41816,22618.897036049864
22349,9071.740492817433
24126,20015.72222013732
94694,17226.84241291568
98244,13675.112260646618
40309,15124.437546944948
91836,15797.51205653311
27583,30672.25016284708
86550,20271.592302768364
21401,12365.012689987536
98562,10452.513409830253
26073,8210.30753678035
87068,12515.089087654998
91819,28599.648396462322
90715,11903.92871968362
95496,10450.446702715797
19051,13570.15687014522
55770,7085.285958895944
11658,13964.243078348938
96906,11585.60221720802
66522,17004.891500326175
43806,13645.889635931559
67370,22010.293760123128
46658,12689.214073228326
55353,31707.852565044406
99812,21297.942648912933
35754,6754.563344066119
39669,9211.837584437719
56747,11694.808290869903
77771,37959.48972024431
56938,14141.272420377427
19108,27182.399560762213
93054,30615.606322016763
69128,18717.326057729137
31626,33929.66036135705
51328,11162.685812273472
91455,16855.053479025144
84121,12382.074828033645
24702,11480.969426675081
54677,9681.385193996219
68742,7167.190720780389
43317,15542.503952219518
13416,9374.878079164206
17634,20587.4848011621
88773,23112.814574842312
21849,24651.56921192989
58326,16253.199902776405
51327,10455.795349852353
65672,9389.161528210956
76757,13733.080850972638
17603,16940.20340370876
61945,20035.449339114566
66922,19998.885384907513
16667,10348.430554821512
63598,20854.72480134425
30112,8703.346511619638
38389,10670.536856288298
69530,16894.086552695357
63369,11753.507686939432
41761,8850.204335270144
72837,48690.622340434165
39106,15865.83020446505
90108,7061.417117539322
60590,6263.741559414253
84209,3595.932291079165
83214,9400.805722791518
27938,11164.757637340961
23960,18070.18154991678
43001,23125.37785736751
45244,17917.634650637738
24962,12633.192955881696
84840,11685.022284486919
58153,11292.309887194278
52265,9345.858044421955
94162,18583.693657720392
41916,15557.06648717332
63827,11585.521313604268
92984,15766.74844776292
27611,20136.278046296477
47261,27048.54427953835
95747,12127.344992882092
45671,29393.464344074535
67978,14773.485836118294
79723,12506.553350064954
29525,3499.9221858017954
37487,35100.48921792401
35063,6888.012172074745
87087,31137.225358791948
96719,15547.159689647022
46588,9466.575689032998
76680,28956.53258613399
18123,21707.691942941266
62480,10520.479364582663
40838,13743.085992057655
97640,20563.766297987215
95915,9549.324789141847
57600,27851.51996137698
22774,13337.600618229706
53696,7137.057521533143
18478,11210.312274890686
70572,21329.452806917703
83880,17526.21072033995
29730,15999.337723139051
30278,20691.578708352397
59179,8311.032597385527
47596,23675.519615048397
90362,8020.782370625315
80851,19516.28373848554
50278,16661.788782095424
24110,13489.509209834487
32493,6897.704962441829
30862,18537.10212839183
34982,5964.6866276732835
57543,16524.664294865404
16420,49203.587086293206
56272,7188.509405417968
78604,8113.872929568097
76679,11591.834464206318
42701,9758.713407284911
89078,19915.44156233785
15143,15183.852568873415
45521,21658.714517475673
76452,13529.884228043882
37753,8817.395847399412
99499,11024.61451193368
86001,39456.92596739486
46579,8494.483143498916
30898,7385.553676037829
40420,8896.53138973087
33572,16962.69900560621
81371,13072.59488299057
89080,10207.52582598308
67929,9384.940689964627
14641,13873.87582440876
96248,30005.757478562842
76316,9263.237722388625
78020,11528.414486536058
22343,10992.265363785307
23467,9950.433887737034
78616,7601.107592634447
51732,12671.312787899918
13512,13424.62032368028
24851,19719.917460301
83829,18711.040573085094
74121,9641.315054940515
77084,5351.820007576527
93418,21730.23896661504
35897,14901.977941520372
72835,11251.824974665618
68815,12580.804424061935
10011,31225.204616147028
61089,16575.93943230063
66100,15737.700670740987
38799,11518.09467894477
31748,32703.15928470478
17912,21092.16071703518
46545,10811.406597464498
78070,4359.370585399205
86825,13084.28970841844
32810,25969.89622892486
23596,13778.612595629176
70869,11556.955087068654
74379,27319.966659035083
48549,11414.72350426325
46827,29649.90350386574
27037,13997.831039315188
69546,8045.617337996242
15529,8639.889164426313
60991,9618.105327015604
53054,26617.449447774576
72195,22697.933440072753
22780,11769.313884329284
63482,10760.607797788825
21083,18564.2824830314
91008,20069.782778711407
38394,11498.938345546678
93459,13555.03842474287
39023,10861.098619800468
79459,8519.586490259684
80851,15361.676599314529
40101,9871.649717988319
90699,11479.357984971779
50154,12449.617713326163
80967,13594.065075374205
22920,16181.463676987552
48790,26935.032655682422
41992,11169.895515551521
74250,17372.787894542776
23745,10797.373977684747
15474,15459.652716012155
91439,11984.938066045554
92767,8246.735592191126
99417,12493.354415084737
77503,13294.625953327271
91892,21003.67139130844
17204,14272.888075232459
59518,9883.204782113273
80860,33005.83312024228
96054,22549.950946183795
87572,4805.42538029957
11090,34503.13277933364
71674,30372.621460894206
75144,34009.50933744543
69440,12773.450786073612
32242,11555.117590068781
69986,18690.95600217494
20371,10574.94116766498
94662,19028.364000827743
60579,10211.817678684669
84944,14791.191939232123
22210,14782.650534018312
24594,10426.128735552164
85282,8774.12427536667
53157,30886.35771407644
61996,9813.460161162648
61102,10097.852751523777
86449,7185.524686654622
71825,11905.49935007322
70655,9555.561566816523
32508,10391.408049434076
28256,9665.894916119247
66608,16326.7055399237
13656,19142.110737045725
50706,11301.073283959544
23799,48098.14393487164
70559,29213.161294823796
61982,13547.689185962943
59229,16678.549561103304
46008,12227.685271341174
37278,20635.06859259274
26897,13336.565695131487
62229,22910.678699290333
98182,12068.565256716029
87361,10443.326967067442
32108,16144.505751249539
42829,21075.006062395725
44043,16570.487173745205
44721,13050.793305917132
93975,16155.296130570861
84583,23644.28364984546
97438,15814.822904333687
77242,13871.767550645818
58420,39312.58131877811
15908,27198.110814653883
34741,15491.901469508319
12865,7272.550346094311
26423,9515.080476025652
79813,17768.095580553763
77031,11315.149953856095
50466,10320.031560970714
88775,21458.198958673267
46244,31555.671623386083
76706,8753.958385988815
47558,13183.246198062006
56813,29263.809176541963
92368,28942.600104229055
92729,17733.742352720317
10800,19379.876152734476
21586,9000.272295532523
53362,13339.272653267268
19605,29754.099193201917
21101,12854.949493412874
11742,42130.08514168243
67889,17876.449119894907
65756,8519.586490259684
60130,9835.044495002157
45416,12341.616684734612
27800,18765.00624956088
49421,26083.256691421313
66602,17442.13475854511
30144,15861.351765868663
80243,11314.266330168204
48196,15618.131131516357
91180,10309.895081123774
77296,16737.009474695868
71284,20509.788121647172
31169,7984.969219406961
76784,11968.764937974036
58338,8011.551326418621
79120,16795.53684106258
82488,18153.265991403117
19886,28756.4257135266
58546,6580.644916660838
71752,32004.092752362405
74906,22544.955835593835
17328,11507.199697601403
56172,16779.03765797835
26997,12209.706030070733
47840,18370.300419283278
91742,21538.872774821495
88607,10806.792312507278
88558,24294.437854292886
47119,12354.735107536113
18210,14053.980278783518
40658,29981.61866498983
93317,8534.329634769321
95293,23853.04898827104
84570,19860.845985381493
65289,25921.181923233336
80699,17006.240877731874
72479,10012.4502449822
55272,16279.870301822844
75702,9355.282319171027
45012,8193.675249961136
89510,21379.003088303292
49590,15783.727023808155
55075,10789.07867536143
43271,17627.76047472641
38804,27655.39352464881
11344,19650.700577813463
72922,12872.571388325216
14258,27424.23673397331
96202,12584.56501243206
26320,20872.269030125455
85163,12193.489148339224
15779,41311.45839118841
44672,13406.906334413226
30301,6751.155259995916
90949,10078.926228232689
98276,13005.559829797561
71833,12963.12915802868
86196,17370.97838441524
73481,13560.85728499592
52584,19287.576170447053
76323,6415.240666031188
34393,12129.618465863194
15217,11834.647301932073
83851,11934.479429489744
30273,10970.700243099822
83953,10314.425359260702
68056,10193.563387713844
34508,16680.04720847964
75005,15730.165341850114
65022,11440.058268508634
71290,13160.76699872949
69193,16766.440707796428
99607,9733.736725445142
15893,5979.665240293634
76390,18235.17564867167
69776,20039.39661817264
12319,25879.020185342648
63512,6706.871350761436
60250,7543.07958312138
91575,34227.012877224195
55702,14543.726067707163
95690,8657.76557685906
35494,9424.35785335166
18787,15865.365755524539
53541,16915.166801037365
97628,7340.688087374439
74653,8108.223384297369
29983,31545.712962636928
73759,15286.901287370627
97383,10378.040300567412
77873,10692.937569632722
78861,18232.80027407929
31657,12675.41087961054
37942,15914.614672042677
29617,21086.262012839117
88901,5040.30615204324
54223,11559.019575003049
98932,11515.571253824684
96316,9788.162377237388
86021,8652.747247358566
68883,10096.537949796297
40943,21663.64453566628
94792,14892.244131809832
62379,19337.563283502936
32940,18529.619112706838
20177,22112.04445499796
72567,9019.679737869763
47370,13015.534223432136
92271,15163.434057687924
61434,7741.963419678739
82936,9033.803644659374
87014,9661.410979175147
71431,8296.89310335518
12848,23876.693188172976
21421,20986.089300199783
40356,15472.206468186188
61801,6271.35583912708
62567,18075.221270131977
35375,16352.44415152666
97742,11528.359095255986
71250,21068.415980754096
25936,19193.008743562405
47925,25604.14349692772
77698,12687.384685956564
98345,13459.83770562432
32822,9346.089593830087
53274,16637.750222488547
24258,8987.425628844358
37964,20602.194548517993
94375,9688.312961041833
70836,16024.198574710448
98625,11698.013144701747
24351,21922.65461659019
10487,5734.45723631948
12039,14684.983291782606
14484,4059.865249416447
15176,7072.79797244809
10836,26024.411952836366
65616,9618.757014242607
95309,21172.719977565903
22466,6844.09994642428
33844,21954.16459339335
64435,8767.636627945034
28845,33213.257140439935
33393,19146.672962701916
44596,28082.100292177125
71421,12281.428621928098
96916,15094.108607841536
67026,7573.489319199529
91404,24062.811847208104
60963,14425.195904732247
34460,10643.786115199939
84554,11844.715820042613
31633,7744.938742101893
88750,8635.205481622961
25886,8429.61916967928
21517,12770.72403296984
47078,27794.78565668816
69380,58265.40497290651
77008,11067.031962793844
88655,17311.81645149626
64851,11859.220737458698
74037,20196.397414208957
13832,18161.362650017418
51920,16964.29229257232
56876,12810.854865585301
35916,7505.805590928561
89049,49292.475171858336
66197,17144.48218448188
62026,5593.60729063052
31361,4935.238442261552
38283,13208.426676745772
67228,9385.04416860734
98110,29475.261060789297
29359,14906.703976761974
33464,14263.799673682555
99844,12310.083736210283
37393,9218.633287087083
48544,7672.565176717499
21752,16713.840506410354
24625,13792.382030061759
24775,5567.325283692298
89966,20540.482954207408
75568,18860.39696351338
10803,23722.850280232524
57067,10456.312393714958
55154,10187.237749478536
61329,21171.14278288185
15091,16342.517609868011
51630,15556.312069517571
43103,13210.795494320308
65240,9642.422944617882
47290,20494.039828010238
62629,5985.3293004165225
95295,10049.804263390139
61424,14294.743173264378
58086,11978.903583367146
13818,8686.114073286099
44973,9730.075927780039
31115,27854.000612479358
51087,56088.11659306437
61615,21247.43856899215
40003,5961.220435000354
68622,13771.99934237641
38898,14414.175661470024
33162,17310.395881795834
24272,9551.061663101427
50506,38667.07468778218
23852,8548.460713947761
33744,12820.516225066618
74518,24779.971822517287
54850,12871.750846767558
73459,28797.37661307062
68202,15808.893820679157
18636,7773.041032404772
93706,16394.759012421753
11812,6987.291096474215
82010,7743.147730270339
55937,19732.793779130094
80501,19756.258678845108
69867,18099.559859043293
71772,16240.917904971022
57909,10526.648469480882
56168,11100.331641470915
93065,16070.31294141405
34023,11630.270486555099
23511,10618.60608415964
54150,6413.418253755142
77705,7984.969219406961
90084,19068.732375613774
11910,8918.169685622674
64833,22635.774647768485
77496,1935.0419430544953
39418,8509.051818472917
65364,14189.961153912764
75435,15355.412859458844
86347,9571.517373497738
69940,13687.403606365815
37840,31669.685731427642
92860,12879.449466502387
57200,48389.40056499839
11603,11126.806776702455
30724,10227.63713500995
99360,7321.327533430758
72796,20796.20013093423
70650,27991.94999707992
59195,14571.79592293037
37129,11589.500849180065
25042,9645.134655160535
89651,7498.291241805628
49494,10599.542970236784
98421,15966.741569846427
15849,8674.472570616632
63062,8221.852923234219
96162,6622.519914552533
29051,16953.375790116366
41751,48591.31319854529
92841,20417.295852772273
86044,13494.583077760286
73796,15631.576681985322
76446,9269.739655909163
90959,21257.949116078973
84434,9496.273329836207
29651,12026.735534685817
15314,27839.867264380584
13471,11642.201827084671
99899,17852.354890458126
94747,8233.920687163883
77721,11554.53721839167
74246,6157.965805906699
91986,11391.647615577083
87118,10355.783487519166
10168,30745.517529368008
27748,20299.355119134347
86963,21426.631347529026
42418,20938.08068629283
31057,18091.355110689172
50670,8027.926847625369
43087,14374.573731668228
78337,18651.126264954593
80224,23339.18775974715
13472,34259.60945831368
27436,8555.655876595023
30160,6231.934679102904
14344,18487.26594705268
97377,7225.504172327404
34407,15541.343987221646
93232,21990.381556327076
62018,21311.638226712297
39387,18609.117911578454
73579,9528.727015804072
26499,6714.416090891358
88525,16290.361493142093
44976,7364.804179147412
45440,19870.438696219044
73358,21409.01063080297
38921,11738.14858853225
69348,15668.783115967219
83277,26824.063882671377
61300,10507.162617274565
10898,5615.2433595626535
38895,14814.744503723228
67582,16542.255331197386
27540,16475.891646165685
96184,16735.66561802444
89534,10091.97763067007
26619,7803.045983130616
34277,16165.944393087322
31133,17163.74172361434
44345,15071.83950869826
84658,19870.23456917522
29058,11900.529396404696
31952,29603.40923183335
75817,20241.877722728233
95806,13822.242438066454
72914,10677.021868670423
49816,26361.481748066144
51080,26010.9503385407
61949,28587.123760624316
69995,12953.215963537448
46049,17362.648919180407
45958,20998.828878249777
54708,26546.406717419166
72564,11987.675613766667
18848,7808.8277961838885
80377,9092.775021140422
64639,26412.330835155888
87332,14170.19085527863
29138,10458.714178556811
97749,26835.217313018315
78628,9651.26224094848
58605,12527.460287090693
27278,12518.246085072162
89572,2361.701311406112
41098,13668.91288769349
63789,14281.527655607335
46075,10350.459763066188
14445,29473.399483166362
46762,18010.212473998417
27132,12465.544416457222
77525,8823.749279069005
54073,22019.382668559116
80886,16169.039889908563
43773,9214.690482071366
94288,13761.570157829727
69792,20095.598488212327
69336,9325.624852028617
37285,10579.423101105767
42185,7821.510647886063
79192,11733.133587579767
11437,12605.246586214605
82311,4852.303958163278
26770,9824.399804820696
36192,11133.151001758255
59770,17784.930801142524
99282,9876.438374122841
29143,13785.184812744948
69338,22699.697039082774
32083,18165.675382122005
92566,21370.64620890618
48607,13949.839665804735
20784,21118.721312897054
66748,5223.44682151087
16045,24862.29791115026
61016,12084.097614482045
58821,22936.468700227913
67303,29161.890763840413
36620,27428.820658188557
19959,5779.896628283161
77318,15902.738744820355
34399,7000.1779738342175
20011,10155.202936218371
52980,10489.62022439174
32055,45196.360894421756
74708,22799.825231942712
67831,13100.048576326737
93787,8942.593036820004
74563,12712.590833858743
43248,9460.257315650959
78838,9890.634971059175
65433,12822.264445137514
80490,18602.735488823913
28849,16248.211536748231
45978,26674.201608983134
90071,13815.091166502572
36294,6384.32403322653
29835,24782.271385363365
57615,11251.38820263122
88681,2119.5251363425214
85206,11555.634948368906
67034,19337.36380424116
66443,35082.537672595834
58436,14585.266532632071
65354,10167.379129003326
51101,27101.021077594134
71283,18654.557717676144
47373,9963.592585884673
17382,24164.261474837385
89549,21415.902300191996
55222,6452.331646414757
79459,17365.960985391674
74679,35333.80595898965
25523,19589.822968521414
72481,11339.545948147395
23842,10682.570033847616
75563,17393.063236107093
34679,10831.58657180581
60839,21152.68808374048
21567,19929.37437915632
18595,25974.17782592828
65518,20035.05343322296
45707,9621.540662338983
14429,55727.46398451025
42191,32742.15882561692
62721,19250.84689514417
13087,9003.69449322524
34253,12622.454299734789
37908,33165.00766325405
69132,13177.203648616387
62120,16813.773533059233
71967,11763.768888815826
16435,4449.929537462336
44708,10842.174523735579
96864,8549.443097107249
30385,25293.20140902209
51531,27790.649619056116
72176,36648.53764101098
75016,3931.646733688547
98281,9149.763643433114
63130,9553.629819921585
77817,20478.40311044654
26197,16662.759681810843
58431,10054.470193101928
48165,8498.860354422419
58734,11402.472993379444
70376,22321.604884777105
92892,15313.05662810012
96983,11959.920091774671
75463,11192.36732088295
47747,50280.01070372783
59653,17621.32998144937
45759,14323.946869709398
49514,10072.155137384565
34500,9624.429344332679
30082,13553.948428296462
31489,28821.657564537505
23593,15942.7355352449
23123,15419.47404920495
96566,14151.74972498896
53196,19311.20653518007
64136,23931.44343453998
12782,13269.10080276771
95227,10604.723959569803
91276,29922.666475667662
29258,10488.598422483463
59109,23775.561820866867
90947,28172.751466649595
34193,17914.432441607096
54624,19964.060547169727
74268,11707.342902378055
87983,14644.332014016385
27357,12733.690156960114
35513,11599.609513848112
69857,6327.9677547068295
14633,24701.67797523744
47124,10599.908494093215
95112,30641.291425787895
10056,8860.595383679602
70888,8859.927007456492
68213,12818.481859776295
36602,13771.841031172102
35256,10546.815612811257
83032,25754.524889081906
77819,14696.312300214817
82868,42560.91768354412
46807,13233.661381221864
80518,8089.592305223414
30890,9904.24422862925
61812,17583.802948347948
95522,8851.226039267303
25862,6339.2382846516575
92600,11169.895515551521
28016,12399.292550140539
41943,9385.780164755008
29004,16756.072008873274
24518,8689.895290787259
78626,7778.600173382554
78208,13408.14564888732
20327,21671.015849199757
67282,15992.166728826716
51652,24515.638260111795
67554,20097.67265292939
18561,18750.2855320913
66925,20339.55903553385
78346,14613.194139919615
70988,18809.947196689627
62330,15063.042793441313
59159,28295.002773054322
43262,35984.050026628545
36719,22527.173690627034
88019,25403.084283614342
71716,10919.525060193875
21446,8705.634771449291
64272,4026.3175921938946
96654,14412.532244791188
85028,50829.439067848514
82953,15181.058799092112
50041,19292.982251101737
35984,6758.789178517605
80367,11118.694502784194
64789,24358.411287084095
32043,129349.34108612809
95938,20523.19384036078
86674,7130.901885373405
29498,12031.566966586006
47008,8839.290528437181
60584,23773.468412283735
63605,14713.1912821623
71620,37232.550262903416
25687,17040.64827375258
76540,11167.485058328513
99444,26719.646106218344
29021,24092.435341957604
59177,15946.059082345892
34625,9802.769878538134
24589,39467.251359465954
19198,10706.993355334982
89553,12882.602619316138
88494,3111.8570855358103
16161,9213.445915971115
64155,6498.812040881861
39937,10739.044091943664
78435,5090.21122410785
71146,16149.291455460245
47530,28984.769671260743
34082,18886.13174128916
58036,7707.476561938418
17456,10233.672975114503
89112,6841.938384883149
58192,23693.44516532178
59270,2261.8897973122293
68672,8348.037369767759
47350,21356.837405691724
98697,9944.36012868344
74614,11224.662816617367
34765,32886.12280026573
37827,21033.14850734434
98232,17164.97949510806
57972,8600.197993374344
67146,11196.479628430505
80268,16635.62439966772
26153,11468.030260283798
54626,15084.507442979684
58883,10170.84072485796
15126,19063.09166580798
66911,8434.768416757632
46671,17368.835490059322
81613,27664.80104138276
82954,28249.38823617655
15491,13429.833870211265
65049,19995.725624424136
67992,9637.468651507876
72179,13738.31963293692
91836,22594.028775651743
60969,14031.397402251172
10462,31218.578793901594
73722,25420.78838843218
27535,8562.390252302237
18438,29657.86734020251
38921,18528.22261980538
51786,9597.421474630999
29124,8827.849017824477
95355,7523.310923284558
44138,10095.671168344716
81043,15305.940211149185
35703,17477.882051117198
61437,18113.430022056327
17868,19144.455932288714
42159,26630.10333841949
80140,7796.72079069177
17567,11456.061398504029
20724,4665.190565842231
41168,21834.09931938543
50356,22212.78039040566
72763,7094.7741088722905
34244,10861.207628869506
68239,20492.031350716054
90674,14972.724727806042
17065,5024.994474810446
30036,4252.697733524654
76502,12335.978525097875
17246,15468.915256241404
93821,10991.917321624616
94114,27547.061157503544
17742,10142.535805647189
38243,15430.142498943798
80789,21368.650438796503
33487,16940.546615800657
68313,16696.7781354177
56853,10596.142873843648
98819,14368.467426595655
21791,28210.790229760547
63699,7818.564208387734
65898,9506.665593302834
62751,11999.164140393355
76814,19804.745430830702
50612,16973.440241516517
39591,7926.3012981302145
60652,8425.848090184722
54500,13941.125793501707
48590,17200.278467729953
27330,21234.191059359437
40873,8220.614838939044
60805,9821.608384706708
63358,52640.45579339201
99552,11286.270411842903
95487,21640.637127206846
15280,10963.449709391763
47534,6523.671434398289
90463,31604.922698440892
25611,9679.654177970388
12005,10473.25834460925
84331,11632.18323051119
98171,8364.28515045116
49340,17140.21750016245
33259,19795.633979946746
65026,5645.657873066695
10855,11711.750088383244
61552,11705.99296683399
65574,21197.40424285624
26981,14822.881034425536
53002,17508.84988479802
26476,14136.268038303133
19311,5680.0554830090405
45059,10435.590876809152
23615,12129.553502493021
69647,5264.723479248163
10272,8840.302120165346
74244,22462.832213639427
88991,9355.500805403532
33783,12389.068979153646
32331,16917.504933598935
61803,11173.338592059856
95652,6828.03423210139
93988,19678.198763184573
52945,26651.31379037487
22159,8648.490141528597
12693,9525.333529343141
44560,24291.441973607576
42831,7996.09118492157
22566,24963.214556772025
94859,12892.702023298825
10367,28615.868498425363
11990,18617.46132838711
94085,7813.43828646391
34346,10571.824496108937
74366,10223.054597572966
14792,8337.637687115433
90164,13455.437194443495
52257,11247.604060355152
99850,11223.291628123448
13044,6431.783098001133
80525,18806.40733270657
91590,10133.599432883473
97510,13167.298431212614
27967,8233.626823110933
65244,9520.171167438224
32852,9104.341776454192
43272,30934.367290733648
33187,9445.589310492609
19003,49688.130783838584
44269,18090.34584017296
54741,7734.768297050989
78372,30761.319911011138
69909,9816.415200998857
89050,15800.72443525797
80417,6799.800442723448
31001,44334.570822746595
71618,17568.92751289532
86549,6341.943444805827
22119,14741.802373277833
35389,38194.0260821049
93753,27068.001479155042
68380,23797.269637366007
54211,5201.303421841609
49811,2560.3059511551983
28420,21791.962238921213
85528,19056.313476668958
98704,23324.65638141551
24167,16891.52168042048
21866,7376.760102434395
72608,15557.06648717332
65244,8675.375551159374
63414,12321.513841749827
92969,7611.450737158357
91926,14897.195408163294
11924,31090.70029276359
15659,10958.19917201079
56863,13136.637151601468
88805,10851.498919587011
30592,19178.36958652611
23307,30646.708715415716
26745,24651.56921192989
49641,16565.825258848552
84164,5321.889248087857
68749,13556.678875246134
98044,52406.72011719564
12648,13184.213013801884
69190,7670.733841987827
51878,9433.137340545301
52266,14485.355409402837
22288,14844.970230991297
10896,15665.0833221826
81026,6772.187486487983
64959,23090.594054472975
58649,16632.366650854772
68938,10449.59536644948
54015,12076.189698356873
79096,10958.25016942992
10355,11033.603333653886
71359,14206.304350071132
57542,28885.16554017651
91678,44511.421833032364
70018,17806.829897636148
55372,31525.832187471635
67154,4168.489352508486
12799,19078.91545398819
92167,9054.682843961504
90014,18888.096027599106
56366,20628.554391217363
79911,49217.3086296314
83278,11495.01878582142
77456,6935.472293055416
30792,30652.54178960296
82860,10609.062333679958
24290,9495.703069180718
82108,11432.771252582748
91205,20407.67129919085
37146,15599.954495302114
68068,14116.674917724407
11472,20408.88797402786
67593,13237.809193199932
76339,14435.034147720417
79576,13868.600257209822
58667,17240.35429195719
19132,6133.245000972551
47035,7579.124106224555
53794,21587.135342101337
36912,10123.574871045512
44884,16654.595147568856
42634,29232.63852297808
26387,24656.89654883509
20997,25318.7437387608
12440,7087.094282750924
46178,45237.49284323441
29716,9062.322686955806
97709,16180.450934401708
91719,7271.808258451429
62257,19016.628677019333
62384,10692.647460552398
30098,20166.309849985402
73907,9504.248282314773
63521,74829.42422983151
88463,12468.889051844613
14762,18546.27284614525
63356,14646.96641049024
59937,7734.280248533716
83558,19917.093753876932
18444,33834.62366584694
25475,14532.886323042261
84955,11316.08995184218
17027,12339.567804569435
27458,22372.157614430776
90783,12893.955996515444
20529,35896.76137569106
46042,16374.74802566916
19349,11146.353328854952
64813,43322.00147245632
53193,6162.322079423066
25574,8328.31754192109
92059,26855.51080549731
40895,16840.961826929113
60849,9245.547697185531
38996,20621.01878150864
97830,10177.939258249453
62186,20286.25688386282
68244,10644.02397975669
24965,18886.738069584793
34437,9190.043689560289
36713,22492.133463896185
85861,8860.604281317921
69159,12561.812067616876
97091,14721.567405143309
38432,20517.864275850523
37557,10955.629480985648
47227,18605.653173283394
44055,26207.014142708067
31726,8169.070650733411
67295,19463.219199575236
96486,19538.781159432077
32100,13540.16331913045
38275,17879.958914650328
64450,8408.585425108902
88120,17864.449114742205
67958,9687.477699934392
85123,9077.808623406825
11553,10169.043464228183
68715,34907.2324060723
15839,17105.03466767807
95718,26591.236395555767
52387,24716.9760668942
92332,20256.992538499304
41152,20881.388189039066
62733,20131.65792104822
76206,20140.270281577825
61401,28114.79890841957
66407,19897.95696813117
99927,27305.39437224427
68120,18417.41378427985
81770,26424.378482662953
18419,8520.587526402353
33767,13526.298669722348
53231,13971.327929385841
14770,19849.392188914633
19499,11319.808900338674
54803,19419.01966851321
96611,9159.829139047913
69846,14576.836506901907
84481,12384.130836961082
68465,10578.552963881159
75417,19475.90518808416
80305,6786.807908787621
56398,8515.373924819476
35814,10007.166480114414
13338,17297.613229919254
67159,20876.58123378178
42969,11492.204046343333
55476,31524.955236705635
55176,16501.174462836047
30500,28069.89419618839
32829,26545.774854732175
85262,13769.050208182234
93558,14039.355698319972
93144,9843.102169197664
81792,12643.610459220086
98306,10554.03722552221
34383,19610.98119452076
12727,16728.290576111263
26040,23653.392255758627
59446,12104.649349408719
83961,12977.86098414584
88018,13014.315991070733
61998,4776.265344632857
23563,19202.366367481416
58553,14563.418243321541
54584,15465.42595956365
82256,19444.752569286564
65814,6306.209787130694
25885,7419.994506849571
48512,12280.072281363111
80184,20230.415335571153
10059,18596.3132575889
20922,10388.665357585625
79800,7966.410528399909
94223,14598.759007103397
61832,16311.582694265584
50386,14233.641351187667
76454,17808.44815613859
29542,16214.34579910747
45638,15386.412705118171
64763,9938.725476139416
59192,10754.76395943213
24699,40875.130978236644
64134,9955.796072905046
81944,19437.38713339918
64797,10060.08455133624
69678,9183.929751632684
90682,11149.394906077938
51771,2661.589697576521
80309,11792.933370885396
98818,5063.227486485384
51914,19946.310422599814
20138,5721.601328613873
37062,8970.928626127996
87221,12179.332059879098
20556,15396.117453565525
93578,9882.36638859872
84453,21147.665379272206
24626,15120.552943513461
56017,20045.693105836603
74874,15729.094902531504
56338,15947.01754865054
63747,12591.49596519905
37040,17491.828299097764
51701,9410.754923294557
20564,46577.89770936077
69386,20360.79556752325
36849,8423.833123020244
27228,16664.448662555336
50434,16657.453016157862
20059,13916.227687031529
17455,11605.618946001538
10843,8407.735417083426
25350,8004.58118421498
13508,5446.8635784342205
82107,37433.865673846405
60667,11269.687036991516
24313,9841.29959174476
14976,10380.117392288503
86619,22683.2517846115
97809,12313.839243946833
29946,14180.955439932808
54817,18873.327381670457
80377,9638.709090706852
47330,18475.029954825804
92261,14574.578048621286
77679,7157.733675027994
68736,12092.248002278335
15623,11660.009645776776
10292,13361.653976469182
17852,31419.824394985666
74065,30823.708924148094
24611,13195.142558552143
90857,51737.28608582853
68266,44303.83732254924
37162,7249.003612865321
47361,8108.223384297369
40930,11384.882873353064
90727,16340.431954698362
95590,35191.733907103175
82600,17764.953626588038
41499,16253.287890459378
67277,28143.843388223308
58698,23245.399182423032
11085,19963.442676954153
54312,15733.232148074205
68085,23487.788275545245
47184,6900.78949049103
93089,11989.907644862733
58333,33294.42242375603
65325,21926.299139721556
54282,11737.260879587957
97175,8190.204787041081
95976,5736.654756448252
32026,38406.54448399033
72915,10015.072225958782
79503,30638.846870385943
38024,10745.503228258429
15775,8008.787251409405
62909,4689.07342217987
72769,20092.852723777727
44525,6817.71921620688
57486,14197.8978576632
77321,30751.220468013365
94808,18061.044027466884
18703,21562.70396102722
44904,24549.71022537446
78968,19475.93854602759
35962,16139.813371807277
30505,11759.434453024742
45693,14903.331671890697
57435,15849.49466973007
81977,17476.568448482456
87912,11741.291242249197
17530,13137.747767867935
85129,16972.59870063381
61951,28415.221650445514
20807,21283.739437936296
88185,48258.527075045684
89618,11253.349645366623
60542,18447.50515563629
81255,16503.095136634296
85212,9536.239756344934
13665,18769.117375013626
93835,12080.709319245969
31546,18967.018141385604
22401,11315.074903159773
73097,4037.290886803725
63541,23168.49146529999
33768,7512.057741549705
44205,14256.843630905123
53318,10078.095546703054
11294,12018.474877852337
41297,7595.507502513361
51888,10126.757776609473
58304,10523.637191967475
92593,42834.17749629723
37009,12581.29973173724
84688,12153.883600503497
78296,43627.038765040415
68318,12845.990800040287
24619,17810.794865759424
77746,7366.055850700928
40996,4141.8931012412395
47413,44105.305649554604
38968,33315.810894286464
74022,4754.022535044058
99300,14087.734426500174
89704,6098.757673384298
71600,17767.50471225398
97607,12031.718508574753
79851,11823.100140821029
53037,20929.732474749097
60259,18305.357012537825
87096,11167.018890578995
46952,18871.349508674855
52584,25852.371024848322
61706,19422.386680952648
81270,19391.018992504924
94359,6521.19364414528
37805,17266.737264460742
42321,14918.066224914543
25572,19920.843545438234
52575,19716.98792975239
45176,12876.817108268835
19809,9318.248814812776
60903,14392.769763598844
14023,8422.91020210184
79871,18141.288067040467
77202,11387.011411151625
35415,15389.590152516086
60496,18197.289623303706
67871,29460.879761929195
88644,11481.496765930537
34414,20953.91022993663
48502,9717.438685120593
86641,11399.811358582094
56029,17320.26079575296
15847,17670.06041855318
84403,10637.335841861604
23024,9008.056107252476
98539,16659.22354412534
24216,50090.52726585681
56957,30975.102960113196
87955,21760.21489264341
59180,15265.59353392438
27137,10000.966850539888
73856,38155.68817146801
14532,9787.15256809582
50142,15644.399950927034
48436,11980.241260907042
40929,7463.149058937943
53013,6863.862579179842
13965,41187.470193054876
33287,17721.142180931474
79327,10069.302992061504
77832,6258.344050218835
15987,28434.52195490305
54354,8611.040524758138
87943,15718.322432397992
10478,11882.05079421515
74102,24533.25851928812
75438,19018.393654551168
71639,22474.978026493955
32819,23302.343993250986
20403,7498.346165541199
52868,8380.334644451572
65927,6738.423779113506
32880,8367.522801071296
95024,12515.403512970719
52397,9153.032479552927
50885,18521.209829665317
65555,25616.620581871895
97776,13436.475105364701
29822,13863.118115691605
46569,6839.286886449323
23125,6894.367621771949
25139,9952.08744556589
85251,11531.207746620454
55037,11985.281349750421
45251,21234.191059359437
27986,18903.708867658486
90458,35928.04805279194
37805,49764.38147727678
27085,8712.13019855889
19412,31624.473968814753
62714,11122.156569100436
15163,10213.970905685634
29525,16524.29144351701
76005,5079.1732112426525
97582,15828.48284102162
21411,14793.250143401254
61949,8142.405868269219
63706,7687.427850043674
84836,13005.752787986214
93376,16541.72610378844
49090,38396.989374738056
79629,12785.044490592569
80471,19302.28419412618
53507,22302.498721014264
24418,16635.880563248513
49151,19399.649645071324
12403,8490.10178443334
79947,10437.186450766105
57135,22982.087581085725
28127,29895.382033962196
53025,18718.21319162832
47832,33754.85792523948
66544,12453.53496731945
45645,22057.085522603942
70752,9330.740286591576
80341,17225.723073189394
49586,21981.479989828928
85072,10674.623385880368
89137,12026.040015926032
73345,20255.75631385053
93304,13251.233872496556
82785,17309.47242191323
87647,20523.157778806384
60107,11122.156569100436
84918,8999.84112065881
81752,6586.820781968867
88186,18445.65867836255
98909,22709.285724335663
14463,16154.855944773966
18730,14308.386866106906
69596,11725.372106921342
17105,10814.192165632554
27309,66487.4152852136
13916,6079.184545083755
22304,7216.8409257002
45183,16266.98321022091
13968,9016.696290197204
62817,16130.884492500454
23166,5261.108308587707
61954,29348.689292471503
98092,19017.092559695124
33968,15401.78293945824
58227,25349.276437819033
21496,12318.696899698112
78702,22159.057824669864
19139,18067.17743306254
27281,12229.63078721449
93181,12768.759746659893
76358,23513.666653963493
11356,32871.0851606829
58345,29885.40778196531
42065,7908.98504038697
88023,9368.749566140405
82115,46421.232421399414
42596,36127.01375971011
53752,5897.699069500859
11076,10637.335841861604
88065,10275.141922114226
70811,16178.243913913968
63342,11169.895515551521
60523,23508.441777439344
25905,24426.949230769547
66635,8008.787251409405
18340,66532.30999217025
21544,3545.3981691816116
23406,11863.372555951293
51597,6823.740761029803
47257,18335.7564260951
93159,16910.89198791458
69969,28203.483889432486
52852,10236.593518190217
84817,16038.67662260734
21699,27493.29273016362
48879,21881.70376916407
76098,15374.98260259739
67101,12629.58437770856
34039,11725.817216287816
46245,8410.914119171037
55820,30515.295051995425
41676,16100.82291982019
55699,21274.329035324125
31290,11247.38113172273
55389,29092.35075605875
79386,15223.038257121254
40788,23139.37280241269
60268,15226.396337595523
35712,15305.940211149185
96626,18552.555290606117
18773,11274.20724344383
36138,1434.4717980240748
59840,19130.39334267355
39837,45282.05100842372
51638,15051.063647671188
61878,12705.740334118025
25668,32341.153422591335
60098,5655.174911458591
48629,18909.058125434967
93542,22733.240981765117
40287,10106.88644947828
33943,18556.744130168692
59224,24138.10688672213
37702,14375.543171855548
20145,30600.739015096497
90481,22314.236705319534
86387,27302.89224764086
80092,42206.41955773761
59856,13848.887879655495
97254,8850.4343833795
20289,34288.77945917861
90385,18981.62147710654
68039,17579.039401021088
54958,10186.0914226657
15082,6665.656218109545
34385,30816.454072249333
54229,11637.268759125995
79943,22714.186044270165
37883,11445.353864251876
78972,22404.939107196253
25153,27385.472789836647
58056,16377.991996058707
92952,12910.362609219279
56603,12218.477784193856
98902,21476.791516520985
62965,25837.350982345146
18098,19800.21848752069
77704,29604.10424515111
74634,8051.937205171907
22138,35551.323515583776
42502,7655.1409030391915
98971,19920.69770219307
98046,10635.288803579031
54240,26042.2086962475
73402,11707.673981007349
13383,22809.336303614902
90963,13644.431498439155
63808,22032.818212431604
89547,11164.371588017782
60395,18189.617099377032
42466,14835.307213193362
60495,11679.174341620674
62912,15186.866559515069
81447,29576.452427100296
31799,20631.178760910527
62668,14949.931100513471
67330,13247.36194661495
82421,7882.503098144176
69207,11249.36359455121
57505,18983.219457042924
46172,7097.215446619655
13333,14682.237529179238
88867,10343.724352930942
25568,10952.612788169848
70883,9000.51336421454
36481,9640.450908524226
87631,13332.46812512055
51397,11810.005975420183
52332,12622.915280879479
52380,11405.898526494075
66947,8932.94389359828
25550,27148.870368975673
16621,9884.338312239328
29766,10946.397390620874
42624,5475.333883632355
10264,12310.891337332665
17171,25658.68618514238
87335,48049.21248435638
62694,10826.064290301842
43337,25878.424732980777
55851,12897.833964847316
76810,14593.90452111909
79493,14004.406305976008
55368,6218.3299423093085
33796,9984.055828334313
11407,11492.402410587554
39145,7327.0536317778715
15557,6346.434224813027
95285,10989.879989601315
55508,4388.843562574235
57292,31555.662718234664
91400,18409.86035618339
40351,23547.80810327358
60162,3328.1840114020106
36446,11685.623860532136
79515,9543.460834198746
57701,59938.444441005224
33862,24526.5891696026
24738,9641.39316387581
78429,16994.83092039127
16717,10342.999527816643
99771,16557.173860706887
28870,23446.699751691867
79576,4144.226842759612
47071,11705.99296683399
67044,21751.74435173224
89838,23582.22382208019
38037,26089.150407586792
84001,11155.479717071674
96698,20467.982111120516
74801,10554.932146404404
22062,21056.148247619418
60932,6564.453751947092
19349,16507.713864863457
44258,18843.618847109192
43280,10167.395110770656
38254,23703.510563246684
17689,31385.113774265785
40260,10076.166912204088
76156,16988.8397516221
22261,7434.517563549538
77061,35912.15331443999
78809,11286.703866390126
30641,11626.29913293559
40778,13452.576549727757
47420,31449.021730565586
52501,13753.341303561327
21291,13150.125207151978
62533,19533.357136167957
60422,19214.36448531211
56568,10727.846209919699
52164,17774.365403841883
43507,11343.586913064459
78131,11010.771580787854
55271,16734.761348753753
26187,18022.485112070564
26473,7540.39851355017
48516,7916.515944154853
81079,25130.091130902932
27483,15230.108592657603
15793,6767.705889869707
40080,11024.164532168541
44642,43174.78911555028
32117,11819.643866720873
94863,24695.8320596779
52971,17100.744151514453
43398,12874.653629903412
93534,14720.420782696432
30301,42499.30081729229
92780,34472.90647854638
43093,11229.784549468888
51043,18226.526906447023
20500,14682.237529179238
44625,12161.926345000382
74523,5158.920738064553
77781,28702.145231101804
90981,19482.4417316888
68812,47218.018793175375
12667,11484.242420047509
14367,11219.410188115622
24279,11311.485321171094
35131,9152.508706049313
28077,7076.318413351895
63564,8607.80615342088
51459,8864.344579696692
70333,8457.875320081535
97214,38348.9237476228
21779,7944.127670011878
59693,10767.674008166116
62365,15439.687526072794
95547,9829.136430161085
30012,16879.471765452938
65978,29923.668769023443
32225,27358.28227017503
54034,16275.004730316004
34540,25348.884239685915
75173,6204.4114498405215
95861,10592.834133917208
47357,20197.508143455227
75968,12986.98030850994
81142,30181.067498682845
85167,12161.287179489944
25579,15607.250336566622
77685,11461.241624718634
65809,11596.321578950494
65696,7452.783528057136
27755,26636.551821354293
38085,15244.88000460743
98804,14294.119776929892
85137,10015.813721090535
81518,22627.687111836647
48360,3680.092037365841
68076,5489.0549484515395
95659,13193.856772454958
77736,6698.271531633032
97088,9640.619328717341
63616,6935.472293055416
48917,17740.85208526239
91390,12689.054266325107
15741,21658.553785804223
91963,12217.067622094233
37688,11903.416196360391
55866,15242.651963214572
22111,15536.467592671084
12565,7635.745410345358
70951,11634.662038953462
12129,10000.653194930133
14673,14949.607747125081
69265,12428.486889894863
96851,23322.484698655084
33247,29966.10445972638
15043,8806.990590439309
66480,12172.200343661196
26960,9292.97938580943
73059,16677.326081924333
24081,17861.87428964874
26574,17302.202495129262
95469,4593.965436484052
65752,15457.772001314133
79849,30102.42292025205
57207,8885.705850448554
79874,31018.9410938939
29991,22297.65060465764
93424,13548.812534285189
60247,21774.812329449058
62517,17562.635677399903
84740,33891.76854871265
82247,16588.37167700749
76450,10320.383646096765
84296,9149.449434856419
51975,11543.08927482926
84557,24347.591604011675
30371,15138.984660203807
10948,13905.690280536091
63402,10039.209409926712
25353,15896.48182748913
38332,10149.446998799049
30102,14407.681298601306
92239,19258.467051263604
66811,27644.0808879666
59871,14677.934897009545
86781,7466.984171227956
56524,15056.206267628244
18374,18156.42105198888
36636,8873.798374565129
30289,13083.39736653622
38691,13118.352266047155
93934,8819.698269294502
95920,8036.441230380156
53597,59285.306596090995
35167,14195.431746014452
33322,10178.800921311406
43336,25855.55115231406
86914,44012.4504323554
68221,14280.131594633924
24216,8298.387850402181
64884,31305.626170996402
96756,11348.62543347121
30000,6484.695038440956
69671,19960.764981499415
18859,27254.51148171453
59849,12159.50444255882
93012,29302.085881504612
58716,13117.872631181543
67845,21316.48818987045
53750,34850.045557305144
19706,12760.58525192542
71524,11559.31833524736
27521,15272.747321575807
45912,7396.006256290642
77725,9903.514617413623
81635,16396.857358593934
16032,24526.671337605185
29760,30086.742233937654
39648,18439.889773778537
13796,14626.028291970324
67670,13342.735413603306
48137,15010.981168616987
85696,26521.68726199216
42357,11457.746772213148
13624,13979.669223041172
72146,22163.307001797064
30713,27160.762090538403
48245,14280.376077017947
24183,20695.844727721902
10376,57819.43471385191
72271,51403.80433379647
42409,31645.18715914787
93606,11270.26617018928
28506,7606.990507646367
97275,8521.777847702862
79369,12691.934846539725
45990,15172.368006042047
64794,10134.503806612882
77141,14723.874791173948
72159,20235.039574302464
26284,29037.536467315724
50684,65028.7849830869
81691,9411.306117339202
63471,11777.701359024755
54328,11350.1593705946
17405,15733.101123557703
77205,6679.2214242913215
84536,4411.114359233892
95550,12643.002933490989
72533,35308.975250134186
24719,11302.972806265643
20531,9391.332848816604
79252,11452.80917677982
12822,28112.46241455365
17393,3927.725537830731
62570,27390.118601190625
89689,15750.96192525597
88973,7704.959156398683
39289,9343.034069096748
87228,18800.897797844653
35444,13571.771646628595
81550,29178.696715184666
28725,12592.01909873229
41405,8471.810302113232
85448,7412.342677397368
52373,11697.95998990078
82112,11136.212591384425
53337,29143.509009758352
38532,11794.897657195343
21780,9750.620509093747
52651,19611.32857161514
29912,21410.21297026628
30761,20646.814640892175
34904,20587.697847567146
54393,10520.781155832625
88813,7470.787260278883
35936,8698.895953974072
34758,10247.057472348577
63300,21704.679431228044
41601,38722.598155698404
50691,43578.56830004129
94254,25809.76190039468
75105,8653.225789578551
98096,14213.058474705187
58237,9750.620509093747
66774,19823.580066912604
86441,37647.556784813976
85648,19911.871071718473
74547,15992.166728826716
73390,26315.35086192083
61351,6007.5114434002135
53501,13979.492306600494
48356,13884.387699080928
50787,9637.60791673083
25066,7298.389068009188
76406,3145.543409927479
74530,19513.644011294713
34869,20830.983821165595
85714,10909.238195392132
84899,8190.204787041081
29516,6013.304103905155
43089,5325.639922518705
75026,10223.434999977806
57081,16295.179259314755
81968,8884.098061024444
21764,6316.1228269104795
12433,10739.482793555508
14996,7264.419843919588
84704,17581.860391946913
77523,10424.512142466121
26799,19544.543863902923
25427,9634.395688660199
20754,10379.259684096243
32627,9580.793868935441
46557,9873.628360216684
21696,12158.060254878295
76740,24571.658429831634
98435,32972.36836906543
37312,19972.233487139107
89439,23548.98728119557
36923,10122.239564032483
28380,27278.670796232844
20036,25486.81813556655
36568,27397.781148154172
64807,9264.257673998905
91453,8617.539140402154
93060,20342.53427040512
59567,11952.414701350728
41595,6984.948042338685
32997,8338.786421645005
75280,8963.176828378859
23160,10406.994920612218
21771,11465.320838043292
28262,5333.420589712934
15990,15182.599389608082
78668,34639.14608562032
21639,12236.098614099898
81510,14259.007874623794
30668,7443.826119021593
85050,15188.794140696049
34094,9222.739278559025
98715,10828.820808530925
15416,16836.621917030923
87292,21264.936478720512
70595,26662.471618487827
17009,13960.533105296297
92298,17726.661764244313
85834,8611.040524758138
95066,14738.519890812518
95075,9640.450908524226
68796,8806.850866279288
18918,21381.01332721299
36124,6874.47774414056
82197,12240.855127132061
26582,11925.069897675476
85451,9135.817231374975
63156,35153.98889845773
49633,12869.116748602424
84625,8062.118890380018
86641,13189.023836646016
32836,10786.321128398093
48160,9195.923830326421
68280,8376.96466166269
52647,11202.182180823715
57774,5412.185682004421
73151,8765.618564411412
96816,9712.166835436163
89516,7547.830664493504
76146,9715.906498831764
43269,13190.911096779879
89174,9763.42387820721
16686,23027.251723736048
49875,19115.631131409744
75942,21685.95948235556
26639,28698.12557143184
72727,6950.112079069517
28775,21923.733137475836
14328,24498.34638941298
54978,12190.78593193928
22836,30328.05952304165
53866,6609.48149882844
83487,10027.440775226383
86631,19283.091664538948
20810,23309.56862453349
63117,11727.294380985208
90946,23028.955422880896
36452,25896.91509045793
90581,24415.179199693794
74238,26935.95625791302
33110,12078.714670117026
31485,21539.931229603695
25257,15399.985608475332
59589,12359.168480764856
49577,14522.497182658011
23286,9976.997220574583
27980,7985.992730825865
92682,26012.994975886133
30362,21377.419774585018
11010,20131.346716878306
73980,23801.76964333286
99055,10958.19917201079
46462,18456.78652925968
90422,9843.102169197664
62886,10515.78321904039
83147,17195.93476305294
87935,11301.229185911772
75519,10149.935689723454
25083,38658.57182100914
79596,10093.171475402436
93621,14272.997170944438
62852,9890.877973621667
89054,9482.316159566877
31044,22583.614888065786
67533,23498.91540831563
53208,8314.795868854973
90477,14528.166551003316
40471,12954.14845040039
53782,15512.216332625268
96230,10409.146490125568
38338,16443.554217875862
69589,7832.005227117248
15461,9671.881309426934
14005,12124.951521118845
59252,14703.811505737776
37202,13787.69220810554
99688,14868.649406244913
89139,13458.242041110576
11215,10907.658807628848
23695,9396.670271506955
81952,35246.03302852434
19227,16209.860651597372
79936,24269.637670903983
56907,6854.819433857407
17465,13995.899847422377
18320,55493.86690911982
88778,4789.383241864129
35526,44627.869492886086
77168,20630.598399362567
58470,22393.544477519827
27254,13694.363117805926
46216,12725.722930805676
78735,7637.998561269425
19634,6975.015216781372
39765,36634.68390349077
71390,1116.3904126483721
22259,5669.6766126753355
84702,33416.02384400183
58547,26364.238055387053
70934,12727.098286145183
26198,12391.084360458473
49027,17321.02168112703
51302,11481.642680448967
55532,8562.866080817781
74776,7445.2168612213845
36542,22427.980305063713
56975,11004.461736168723
98832,31150.97479299599
18069,7087.3114025953655
10806,9110.440557229773
23797,15895.762066460273
55128,14598.798172959026
26789,13239.331138585401
55544,8117.901111587074
28520,20879.316355999206
86189,13568.644162307497
82967,8563.71259246751
46290,7235.951234478955
70771,32576.395916238034
19746,20032.979413473247
58511,8183.673494060124
93431,9936.099858789454
44465,8488.208492793372
44446,20638.761440327366
18055,19999.930865359944
28430,33453.02418247324
51430,30377.952306853666
97864,20485.826077254962
90764,22222.073915014305
86669,35860.24741699983
90518,10293.878028955354
52455,11095.804282572772
25183,10761.178058444315
52501,15721.15086652805
27942,18470.255145457868
64917,25718.633202782315
95468,18038.37113449123
61999,14199.337209953283
12027,13098.956856686786
35456,11137.19191723422
55672,7945.187506392134
24640,15929.761897301149
81060,27400.380487094426
85344,5807.169675884828
26990,11157.240266795741
77921,7075.358644497701
75090,17637.65667578181
62331,32549.910116342046
96321,31374.876238641664
13966,11345.329692544405
18591,13540.699271993684
13546,4908.345622168272
17380,28374.482735774942
57361,23569.671077812756
71135,23721.86685484191
27797,33163.70703395353
27592,5204.151450448731
83873,12288.516387013458
28723,16878.07806284182
60318,9126.484125570618
27393,41679.74628030471
65254,16333.753644105542
31420,14841.052586075873
21250,10162.406600796108
59898,9792.680107260854
45312,16929.540420222616
45793,7622.756588619133
67382,10621.107137442148
70986,11225.271570340436
77434,31745.518854981077
48748,11778.681628983395
74589,13694.719087826687
28297,19785.580611019133
82735,16444.547407013983
74528,26714.27365885764
67242,12200.348907168134
85482,20706.70622241071
39970,8665.351988294322
80454,26186.245355461226
14578,5930.707971280861
98951,11671.999481495912
64649,15515.477927317948
39939,19360.74874810945
57299,8243.176615071261
24752,16181.020967539655
98395,15380.543259795182
42786,27566.815735010292
94289,26640.656130527153
67034,38267.08890374389
77110,30271.050579682946
96887,15086.246686430673
77748,19164.610493087395
14591,16320.576398567804
64426,8141.9707664471625
12372,9945.074812619185
89011,15312.042322721169
76462,19073.564756425763
20983,15334.455349331114
31443,15629.551408782581
85679,44839.44886553663
34480,5079.424124157918
11509,28839.813175874013
68033,9359.266590823472
42499,15312.741074683156
53008,10951.189513846617
93305,12016.943784744732
94038,30191.00916428603
67168,28357.452345885747
61908,9079.291380271337
56051,12667.315859159335
69931,18629.55667717385
54364,11688.020784047429
70604,13881.6434610432
89739,10063.10463195805
32102,19020.249867090344
94576,12802.437322735628
39189,17678.65527944138
30346,18708.73643067926
65259,28788.286101511683
30349,10376.033374242326
36380,20254.528590930917
98602,15447.987990133175
76918,8439.05302204802
76727,20465.455414909648
67531,9165.341475066482
26420,8629.426699789168
24447,11868.883641684974
28144,11646.179614205286
44444,9149.763643433114
86434,11898.318533718
75426,12543.45503914856
44453,45677.00410113734
67082,10573.87098840766
76886,10515.757528033057
31572,18769.976112414995
54613,28465.445695942504
61204,8835.020814721265
20714,4888.561972256492
11293,23764.4101809732
98763,13845.596254711498
75265,11050.180820562084
78507,7142.525731236554
99825,6392.515611142688
62867,25673.68550637381
98897,28470.48299418633
20588,12963.143749820592
75854,13011.327806284055
51672,11311.118240475924
90752,16782.56151306282
41723,8546.409005739557
30320,12970.278948055777
74789,11546.114116140707
11184,9581.12260489937
51244,7210.933584395216
10183,14314.34103973147
62237,21155.313825776404
54030,35547.017284180154
44830,22071.34303953872
72580,38511.6417619521
66129,7508.036350828208
18563,15322.168410773618
90537,9572.615633599871
28278,21289.242149869056
91395,7740.065776695808
41676,13559.210098178626
74230,7508.074179060559
49372,16154.64968255405
92689,26174.02525658386
35866,6836.160356716597
16502,5359.89236236844
15742,55524.10561012873
56245,49671.70087454193
10946,16525.955408975584
26542,24768.420240374242
77608,7637.036240140826
49316,32063.853830558546
25494,8277.360448708947
36511,10549.712319745311
26136,9494.197036263544
32056,7249.003612865321
41288,22058.58636115299
25550,13372.391762288877
65444,17356.8555673965
36027,3791.1732879237534
91625,8136.009945340149
82580,27087.8245605075
86953,19245.56652773754
26118,24877.150846801313
75705,23311.287910137708
84486,8422.75502465713
98330,16570.68969243855
39087,19114.80799974045
81190,14375.09859779173
83675,4566.607437704321
75797,13274.789056980851
12044,8463.239943080034
93877,10845.732378724433
89598,14932.957383584933
13926,14207.657805227762
98227,18957.829806790985
19474,7698.219855418467
89086,16552.05734092289
46907,8539.15058227221
18506,12036.17232712283
90708,22520.17124875146
96990,11148.787563002397
52346,3915.5177646926477
29541,9659.14239104315
29181,4974.383191847644
37341,9564.972263522432
79993,25376.846086868005
12648,8345.802221357419
37858,14453.344300800678
67018,32132.230400585046
33718,10382.16881248923
69833,41728.129886302035
20066,10047.83667041492
56974,16992.553469454953
58133,18992.68655275346
65516,14441.35916092389
45500,11831.99203303565
80560,26060.410526222506
18854,10247.733449242303
50662,7999.845435325506
52020,15624.586837558429
62543,25672.688743555867
70562,10170.86305246077
40753,8102.365657366776
87773,16792.362798297443
11416,13165.347549898608
76639,13916.917936275911
90938,18783.230425759008
76064,21112.874294236644
92945,8930.190814370775
30027,41227.35389438551
97231,23114.27123048433
52654,7615.038523478181
62313,27161.612254090374
31385,16029.038725288454
36095,17073.406505206814
54788,7354.91553187124
24761,1739.7466340472165
41052,13118.861580048957
72622,21088.525787636398
43384,30476.446902253825
71357,8929.053116373843
81108,27204.282373570182
51234,18809.284982284298
29283,9657.881456151263
23669,14916.542382790223
52124,6465.684335814882
87136,67852.86613249892
61843,28115.86577492147
10850,9672.629849865616
92325,10372.068693131036
44130,13984.685759899707
56883,27584.522369410908
65958,10783.530387803392
13465,14274.844982409653
94318,21445.756136396885
13879,27881.140125138787
83233,27441.457744028026
91185,25679.23473400528
22961,11372.697360625687
46390,8849.655108720652
27277,19198.11862102889
39087,20777.6542155849
77081,4684.677776334223
22680,12611.362531571212
16179,18558.150440709825
57324,14006.840559629016
52064,18489.33049262323
16658,10151.598162865586
35425,12698.971484689713
59568,10430.596118262267
30567,8729.11015549888
36708,13495.731610748593
43782,10110.727445909291
73083,9149.559306695475
92371,23862.5546782536
54348,12342.521054334155
29625,6115.394826843916
75731,10379.06757449741
72605,25028.726220913246
71866,33621.114659809915
69604,9640.76408001466
85453,13680.229315923938
48328,15139.110376235534
59044,10878.287437882456
50031,14850.375849378495
48052,33171.06379338575
16725,12282.075544391277
18147,40478.93319788863
62129,16971.137256898684
90662,9940.74319454952
60346,11892.614796812677
48708,27001.70277656435
15809,2193.2026454388797
39610,23641.51431574196
99558,18600.626723493915
62420,9866.573985062081
88210,6934.6056322664335
33034,8583.35248637275
46848,9036.032784811148
53580,10847.454264491567
93843,22043.66614852532
48730,10427.698948732732
93401,9605.13160477564
75078,10042.654452259827
86488,8601.419618555137
16048,9921.754693879691
44515,12162.614879941753
64622,6017.8737834762505
75418,29566.463331072202
11932,18788.675011337225
39369,9325.624852028617
28851,31494.782464568776
98892,10397.91593175787
98591,9396.11422176961
28197,13188.925294049124
42190,20464.928909475275
48009,12622.454299734789
28030,11922.312474984625
18321,18312.320725431644
84110,10498.849274944794
21529,22221.295084247948
77380,12637.36934552045
13964,13070.02298755219
94085,7116.750132672138
84602,6419.177234843177
35226,13026.587086433496
76640,8042.763315239463
91321,11642.030822190805
73800,4211.012599156036
62071,10663.171782595708
63032,19916.929489510585
68865,54732.663806185396
63505,20561.807569935536
43135,10384.167789497547
99994,25823.66469833441
68121,20512.866330137178
55818,17295.530666862065
40872,10238.329816398491
43336,19632.01365495853
19716,10486.644275264505
19874,13597.514381991188
10898,29938.341345424644
79794,8160.238379063341
27619,34200.6366370608
95927,27715.156515498937
75121,11985.403903873681
55147,16739.031296973295
49078,18224.294770532884
41476,13887.977990994234
52439,45019.16026428054
62352,20305.5893495319
48435,9682.979384822826
40049,13402.907933220722
25930,7904.111115127096
38777,33903.186657093116
91812,18405.40372309922
90215,10676.891183209606
33917,13726.877852224483
28522,22606.221973041705
56371,12935.341016272268
17828,18960.10162831785
47741,16783.791639864656
72613,23268.166989921476
17205,9953.310743022832
23620,25438.6166997834
36344,19881.53155291962
52754,39856.19208941626
28042,13417.325770554055
85552,11277.169836092839
66757,29193.248610065046
85444,10898.215573116324
79867,15005.076147429894
14034,14629.550101969133
43712,11833.468083090273
48028,14100.822728195795
45851,20100.77636219506
18166,10005.864663597496
31055,16320.981944676001
50850,16943.941760367325
46132,10732.528822543332
18955,13183.246198062006
66740,16707.917402513973
98925,24762.53532404366
17607,22685.8656895826
84313,8713.885715106257
34126,6548.240232522812
30031,10774.771889117632
50744,12110.078650934753
31375,3872.1690439788254
22827,7279.59148537793
75829,32753.073884774516
58600,19418.40199676334
64800,9663.99302544838
27969,11464.36654869064
57973,19992.636686875485
80841,10023.710821762823
10678,8332.12217113104
53353,21562.266881395422
34982,20567.4600989027
27845,19668.402490501197
14118,11050.045513694025
46033,33083.654285832796
72085,18003.395320878935
59780,54776.4434047316
78318,17824.499766206394
98726,6802.194442756965
72009,16444.54280922494
30335,12188.050451485873
52699,11480.921076609153
74727,19634.55122744379
50427,10523.053247486196
11429,9408.13444390841
96424,12114.94197613178
36660,9954.23958135046
28342,8326.73141463848
83557,22997.54606939189
16321,33883.30008715966
54018,16706.107385633542
54242,11044.998866138714
65006,16160.86120619
51150,18805.678271741082
92229,10592.294973758873
70203,11756.92159688491
77024,19965.240442818358
80221,16432.40843598238
40446,3552.6639333110707
70408,24643.741657343646
46971,21087.171809409792
67296,20037.55953488869
23591,11330.153813763183
19321,25706.42544118446
44053,25485.395264187315
81395,9508.599430803984
26311,8383.10812518094
68816,12965.45335549536
29393,7459.848040316487
13172,3836.699363093847
90063,8989.665125762041
92025,39071.25843959105
10504,7128.0426801528665
93170,11428.405701238662
71223,8405.564023007084
26224,8702.543410179762
72919,12586.620965278678
52378,13814.926948708995
23703,13455.631180313441
88209,33135.48511516543
51537,11481.684732843993
47516,17064.31946002836
98577,21521.24953784993
37005,18394.769296321898
85179,10506.632983281626
20508,28342.885679656574
31677,45665.727034693075
69309,21771.285243235005
74177,12148.583151035662
14641,13419.463321175692
67686,19360.74874810945
19079,4189.774956480262
74274,17731.632894760394
66001,13609.89150317178
87360,8636.80104274104
34086,33008.874724728965
22766,21124.804708086293
53041,31652.72653522263
74714,13751.953091343337
32582,37229.59991912513
81577,13369.543238039476
97406,30851.484428411688
56037,18921.83420163863
23599,19275.778284430187
64617,11798.394850568053
83552,10870.129324436055
36827,24938.604982967914
15875,16717.485231963972
33656,26354.490351867804
76189,23311.36292602592
28509,9155.143404113129
95546,23200.30294446093
73843,8847.702466589551
97452,11140.002138167325
24463,15697.452378582397
12221,13271.632311939768
13608,10697.528242409806
69871,13405.773156109639
69240,32338.425373617407
13837,13882.81275775885
38891,5408.399399891343
56364,13587.247942528122
87936,12246.77604469376
99320,1715.4879864184404
95834,14217.640394321003
77097,10950.980475136463
49718,5074.047543974455
87523,16049.275605411463
76925,15598.895498354228
75688,25966.4483999839
64977,26914.397874972987
81884,6431.242233404255
97718,10410.558526222198
80590,26585.452322841553
37046,7956.596729834162
86043,11362.783593492579
47514,91590.53136280912
12989,14233.59535154637
96849,11459.523727740365
75412,21430.61734528336
61387,41638.22207667101
92710,8634.860526749137
64619,28592.266773332674
64843,15814.004999670768
12665,11583.41122429056
31304,17240.428703088906
40617,11682.759444362771
25945,17209.381371936623
53046,17849.775728408153
56052,15549.657168486183
17527,93370.89192177179
59227,12775.660949915447
25528,5936.487673187625
28692,16302.844639605448
41633,16704.855532838676
24288,16160.830214732774
97361,15242.159377799064
17995,7003.261295865903
36907,8781.268176879821
65664,10307.426869933111
66105,28538.249063305793
30974,13461.024320402894
40209,45792.104628440706
82282,33552.70384172698
62775,14946.565708982187
21251,12589.96501079181
60256,19274.43272796671
53940,17750.447652338982
98038,24541.380498363753
84127,16933.965835320396
83991,11486.485838831431
89727,53729.67019548481
78276,18529.691605033655
14542,13225.940507724925
73752,12900.06114566396
44639,12804.829237775268
46441,27201.608953087234
10832,32148.066610109327
88671,9288.82811112517
64661,16812.644500926453
92539,29620.326217606376
49898,20668.987066587768
55153,24120.99966359582
61948,10461.773976906105
97283,7883.434618757477
11509,11423.621062232743
59197,17746.711169030707
89924,24029.414130930098
49480,25544.7746499563
23417,12419.70237862476
95630,11859.800274026165
90205,11992.734703624232
37295,11270.987648835347
45461,15550.33761568293
66600,32534.418056050396
64020,8103.667555446713
30546,7776.324386564302
29732,6894.112647138416
64791,8474.174498002765
22412,14504.847158984845
73152,20252.215095982014
92814,31258.26644593561
30905,11943.749717700539
91697,19982.434464815615
12967,7775.322847357524
63966,20815.70478493984
46928,19780.342018577852
73889,15574.483216052087
45330,30180.096712006773
19125,17857.451564229123
85686,15574.655773692446
79084,18963.871074337283
59180,30766.959045488056
58719,20134.766558748626
98636,18750.940843192137
12734,10451.598806357477
22537,14814.536979236076
63824,24074.0535433037
75949,52479.99885452007
22568,4232.488992877932
23525,27321.02927606589
66966,22349.212521765654
90325,25530.216679774276
24694,24849.218154285252
98926,20811.036039781367
69211,7871.233464580422
12673,30286.923736500128
92956,9629.890368657398
94875,30272.92475058299
72746,7943.542776594231
35323,2725.7099387080307
34367,7326.070492936551
14501,10029.704464115588
15768,9906.549134170426
69326,6634.053847977444
30690,11301.160164343884
66914,8865.925987316477
50653,14165.088224523553
37083,16995.024840839265
96758,12297.642290889398
91370,34232.45469064984
42460,21270.80136807761
43213,13549.319831278564
63517,10781.977247334882
13886,10829.754244740743
64527,12682.927319839488
51394,49571.963538140575
81321,16718.672321943435
56989,22366.55703375074
61153,14424.897225241679
20949,20516.509863020085
81841,10343.22823458717
78008,9200.957631654603
37341,29576.452427100296
45841,15027.549737184872
71188,25766.000151247685
78554,15402.340062364046
68242,17740.381390296923
82755,18564.329414403488
68973,14763.268649868707
22878,23467.99913184964
94573,6729.2082110093015
79199,31040.136895860553
98967,7324.754390987209
25119,19912.591539231405
78101,27414.308726153155
11376,8397.238259742995
85330,15197.211551080893
42301,10618.670346451221
55900,9425.018016766659
60997,17972.998470780814
96029,25871.236437337328
74423,43313.40511058951
31845,14973.498427866873
52160,7961.009169621901
20870,16138.83615825985
22060,10556.049637100992
85370,6634.419025095724
24839,14823.48339018224
71698,8963.282874609322
67605,23810.91097265282
54287,17395.974503283087
43852,20569.88730771143
17936,25460.089312355725
55293,9917.797550113835
38395,12306.623651185753
39333,17391.46777090091
57645,19650.700577813463
39981,28349.123133364887
40070,11030.237067266116
40313,10654.387239625023
78347,13445.777125641285
25478,18574.35378561593
44964,17160.298342385602
45347,15498.08459356389
52373,13570.45563038953
21073,14888.180550031833
40761,12653.59010205092
90314,11207.881771315024
66456,20248.560101194187
13398,15771.040860668154
95927,18242.517666692962
15117,23804.795169581725
91963,12318.734964351328
94398,8881.918713790688
83487,17967.35854581233
37228,20974.833824943868
15480,9453.615285279862
40106,25720.44152530578
82885,11774.394715233215
58339,28122.054491624913
68256,7072.068618968287
44845,19050.707461474904
45094,27069.190773759896
46354,9976.997220574583
63121,23060.922019394355
11893,12857.314539570716
42812,21063.046529832616
73652,19285.50402902033
74407,11222.165401378265
83395,9772.722106538213
75825,7813.549423236613
32897,16183.49094840912
73939,15225.764703536657
59910,26591.74944568597
91486,9614.764274565527
32732,16605.478385512673
86056,20904.75838991385
67360,21140.664440890905
59900,14332.994476819591
45821,14218.257710768608
77083,16340.334971728553
16091,12594.133083895194
72537,18261.0461910876
68202,8242.321728349185
87791,7383.798051318545
58942,10222.01739992954
81999,11981.652617861811
96532,7399.492588343728
15356,24513.214764988574
12621,27346.114536763445
87265,10123.799281398606
54284,11304.50115022141
51067,10194.863883889391
29866,13978.398594404589
22973,19372.888001816176
43613,20774.460644379447
89431,17284.629277569427
67251,6087.963037698661
90939,13593.401103823879
77842,11164.783086339985
75439,27641.75285108883
33961,28048.21516338924
29345,25979.533386284267
84995,15509.585400874836
39994,27857.6076301635
97675,8832.408465796529
26705,10807.33850545054
62395,12376.433703737564
18638,21807.83723574971
24393,9856.803648871177
80703,10506.779356896277
16120,20378.085831824545
88149,12093.839542851485
11598,8101.951496510092
96281,9991.19575956772
71170,19301.72531448623
43150,11000.398673946487
76077,7989.1882922374825
52074,7515.5810909581305
37185,30150.4877487847
24753,31201.76130992702
21397,18627.035176537756
37227,12162.797199421828
42869,8835.262037948127
83890,11065.579355095082
80399,7041.3438261444935
43805,10910.579282835135
51165,11178.145186595812
41198,13346.172147489062
70560,14294.558467721701
97000,11012.412039860492
46116,19234.96010591177
29393,11347.26022983469
63610,22012.57083680253
62318,30956.49400769693
98352,21931.834853841545
81518,21967.03573470314
61256,8402.555548754983
36899,11832.560986083428
55842,26078.197735279908
78637,21193.484085903794
15045,16437.82402645193
72949,50481.771280533954
22797,15689.943003051138
98051,8903.466596276003
92954,9576.16881148604
95089,21988.85624158244
22287,10048.567503633503
49384,7016.074343993065
14169,22405.404499070697
96448,12586.620965278678
48337,10602.64686784871
52483,17388.919358018942
81473,10294.105912318848
33847,29611.5738550526
96228,23199.88823953261
14157,17045.826606996205
28231,27240.973305035142
83429,15202.26558943161
38116,11179.997885712783
50875,23600.009728488712
89031,23344.686899840046
82530,15546.559783475543
88724,9445.210286086653
42197,10639.139592605925
64766,74583.78717140756
36814,8031.773497615475
36758,17339.258625367103
27007,15811.631581087033
59442,10552.92344029091
80579,22745.520491812553
11719,24651.56921192989
26611,10043.266036100576
88360,11106.705919396994
91305,28509.446137502528
28254,31762.90285329965
20341,18300.141908076686
98346,8585.840654174439
39449,9530.915233223564
78292,5386.550793154831
19925,22904.438380248335
73594,9139.357265385284
38160,5890.814132226333
29646,13421.258691025369
65270,10311.814454187566
26868,26180.097441406375
71425,23691.28542977818
29940,18755.212484069714
45466,6290.922268649749
50079,9861.236417840551
18599,13184.399144715013
69699,13115.274177141888
86846,9346.89556006759
97260,29818.457721042607
37972,20368.976575371034
35780,8923.701032435096
60659,7851.303214925809
95755,21597.59635676042
29984,11210.312274890686
84722,13021.391532502124
81575,33986.896077814
21473,16242.272090665041
66690,11005.901713409563
51829,7700.186287704008
27848,15213.195738777073
90999,17057.084409796887
13915,18222.5319020388
43861,10647.719355216657
53551,12275.146169426258
37594,5923.3010913028465
58532,44311.56424982942
92549,15375.265619904989
52875,7468.420539588535
40933,25049.577233925433
74241,9579.59286911336
95492,13569.12926886862
68263,18374.653997393973
60806,21647.60705593394
71151,22382.978379751097
82204,26064.21907125359
30238,11648.130412780723
14931,7443.826119021593
41281,19613.067994185483
61711,15746.167046620829
64991,13695.301971010234
93773,7758.9985895509035
76248,31587.021612719287
29022,13516.749301583133
82238,5833.118305611131
64996,23389.15140947875
87923,10010.319911127264
24164,25239.97111286944
53328,11217.323833173872
86363,18993.55992879
78241,8228.463594549166
63024,10782.365992923336
80692,9575.569664114511
25768,14353.76643360086
47304,14677.07580160195
39032,10444.545133402742
34725,7554.152967278293
12280,22550.948896728027
64287,6342.159322117317
35564,9645.045694071512
15859,9934.528284862698
76540,10293.821488110329
64293,9006.247744023685
25674,34837.66813147218
93586,29063.258244978213
32017,8898.779748015062
49100,13897.110671138938
76904,6984.972053102276
23878,14432.668858230765
32439,11847.199613101091
85492,15085.825141429821
42126,6705.5690023442585
57423,20214.359831804984
17203,13817.225743310453
37029,39550.29838833457
38217,20448.163137127383
32264,23700.646121088987
25477,27813.515722474967
79577,19244.879349377366
63977,10192.688659193347
61503,11902.450494382232
42880,14614.976269645138
73062,7781.082788966234
12593,23429.726390130254
77041,10870.924243174319
69852,35432.86341497006
44330,35803.21211609382
73195,14163.700972914918
85646,19932.9337867201
80880,15857.99990454089
50416,13932.99723768978
16311,11508.225562622702
17127,10177.939258249453
87539,10067.459487047656
70526,21339.430340720668
96680,11544.439097979926
14133,13529.015112527566
13256,45265.771739170144
55747,15835.701598959524
35558,13529.988987593444
81854,15552.793202854114
33931,12757.061539745055
69279,28944.42982302711
30086,6033.681123973311
27166,19831.491174777064
38503,15774.541051713177
61807,10780.054292933844
34594,6650.014251492572
28032,9048.57955911136
56868,15568.96954099947
68156,11432.14969103135
81725,22743.267436389826
72193,11321.067054152081
15641,14898.134513029154
44446,10255.864777054636
85906,11584.95783731862
43191,19824.989183431077
26033,25675.002652105788
73419,20906.51042582326
92624,12463.996467020934
38006,16427.174016303423
86349,7747.6494794957
78815,27879.896142980004
71698,13904.592414626088
91431,26367.97160350306
72887,10911.922028165527
64278,28490.2908994383
83800,17515.21173397945
94282,17401.419716871034
30130,15668.809702683066
24813,23402.596005695836
61971,10348.292380416951
87227,19161.3741615275
64803,8316.49350942017
83504,13945.619982007634
24468,17747.716152437144
56945,12374.655618346313
60430,22452.64490301877
53501,33431.38589731447
31374,5149.800603075144
83636,27099.546808759966
86213,30170.05460509998
75085,9481.913173627308
71374,8469.752379604928
35027,17114.568863043292
21600,29751.651933753514
72481,9850.751879529624
36886,17939.875319821138
24616,23132.533480071812
11916,18381.565227888983
83301,8971.042622426852
10227,12468.69088676816
51182,9219.368730288621
46968,7633.406449875505
46220,12120.804982081583
28611,6393.464709383279
85758,14736.855306581414
23510,33503.841623827
23130,9661.361631526914
70836,18526.12184429016
23369,7283.98409874286
36107,10302.069425473444
15228,6090.274717346871
64583,13339.575313982063
49812,10149.045913206402
53551,37825.598969110775
38998,13682.443955310562
23996,6230.3670085373815
63715,16795.69356943989
71456,15627.885137304545
54426,13856.194616056535
67048,27240.934433529954
58286,27550.672023515373
38620,9404.732730909958
98485,21375.49446593503
41136,12300.652532098255
82117,8113.872929568097
81208,17979.46240895457
33958,15772.35014560495
77229,16545.38987048037
48707,27415.130107876037
72401,7938.40118509119
69985,7455.159128032463
97753,7733.664236430446
40545,34835.19510879874
89672,11464.002452107452
88947,10857.32681407245
73622,10087.643833477494
70422,35803.21211609382
72828,11125.662298384283
52842,16434.632680440565
91497,17102.967505659934
64778,9891.555606316164
14907,5023.888664318491
45737,20294.180253105795
20557,26411.126413758462
55117,26151.100473301558
60415,21898.706908727618
47967,9236.817563684972
87160,26985.5168664088
76765,8345.879497639091
68936,25758.468836081243
78274,13124.587529038847
98391,12642.270830253487
14167,24468.378588559142
46618,41890.71759594299
48043,8324.618300826192
46719,17274.09478763481
80092,8616.240914378894
99304,14562.151248767816
11900,16920.92643956414
42248,13526.822096057225
49916,17358.79648329891
58578,10616.733720938419
92861,12363.755082450363
55460,16203.036135508277
36883,9094.723142457406
75411,15029.53699664286
54162,61837.57706909236
54230,5532.458368669086
76088,15935.272202557693
71848,11358.308844992793
90866,5001.27538026541
76129,14176.097999673151
76982,13072.205189630482
33425,34124.742149123085
24216,21054.858460154246
61804,11355.90756608572
19005,26789.170354527134
28475,16863.7185423453
36747,6255.040030433096
86736,13364.96323403668
50891,11270.178781389674
18232,20482.661674040886
49957,27644.08158303905
32890,13669.797897081206
71654,9324.021678891306
88900,28739.335433941116
68964,7814.026132221468
96366,22088.31448586438
51352,16933.261037156637
14050,22281.039007637177
42199,14502.316259091142
58425,11433.169552872088
97810,6773.600659113132
50888,14640.052373195238
44408,19056.267956190357
93106,16564.635449313177
76064,14368.101175707634
80032,31742.763572654778
72787,8845.53698540054
38143,20027.568213298524
62475,7894.317871486388
18779,18348.38060143265
68383,22641.518525995547
62036,11389.35587464326
25307,17040.64827375258
28529,19584.218043621742
16000,6482.537363819409
47744,22201.073809115787
20347,16822.269819866313
96872,6489.366277826126
37385,27721.64819933279
37049,7038.254773455061
18160,18105.479684677
31296,19003.524974494805
50434,35706.34013188875
48715,47744.63531622732
82524,26096.503352256914
27563,8903.40000511353
34045,19573.339985459635
43118,10741.403394576944
23347,39214.72116384601
46639,15330.733723211386
25175,20124.700843429804
52803,10047.83667041492
66302,42970.65161133837
30970,10860.95780188037
48969,23838.5957904778
96362,12298.826330900009
36415,16864.79447870855
46567,27596.34942781442
46196,8816.43269407161
89413,28695.315073628375
54875,16675.619550189618
15854,22386.005966454104
42865,6914.9209334847055
58937,44583.868900592126
57482,11525.836878358736
47167,11712.048417157774
28671,29436.72326490577
25100,8380.010696105443
17817,17479.55131761248
53417,10916.958943752641
85604,10558.36765648273
26345,14916.854402453013
80483,20241.71700257089
46464,30911.73276686655
78973,27266.353278714858
50778,3918.3374022151656
25153,14116.559528435235
28710,9782.187572425377
46084,20473.83438635984
67130,11953.324528169132
45401,17277.959270841675
85573,35283.027914245125
36865,19364.297187911114
80330,15857.99990454089
48143,9825.822520009879
44386,10767.475462131366
86312,8656.761577317357
58510,18981.833755407704
74778,15580.073625172918
79715,20026.717117436943
18468,12006.302128705509
47210,13316.513573418948
12969,65886.40769240308
22314,16461.811454488394
69766,16243.756089536808
64262,30503.926502934897
92446,7157.637720223265
73903,24779.845492641572
75939,15116.8151948517
12837,15228.019768930655
20649,18701.97739169133
84699,7447.112882168185
60115,35525.71246733784
29347,21432.088240480414
48076,20827.39283224522
30710,13466.183111577491
34698,25606.784633056093
27038,6772.187486487983
58226,9751.063008130724
50936,15721.181076168483
41488,28272.717531371825
56241,15284.673889317488
47018,11574.179721145996
62138,13277.56014489635
16856,13096.570954461547
12689,18752.091316314883
21952,22200.7609845568
21212,4385.281674481106
85433,14200.792339610392
97185,29898.35447523973
51223,10717.179176375153
63655,8057.805370705108
37742,16182.17982645059
92777,10179.205301975773
56266,20119.287915912126
27759,7396.006256290642
16253,11716.429118895809
40074,33058.8013518887
46830,13570.15687014522
61018,12177.130109860851
79777,18059.55477887717
65402,14963.94615302713
44453,11045.121420261972
31061,17415.848242516404
69727,13901.839097360269
85809,9950.447330773884
22312,36602.47480578956
50672,13210.616246461615
21337,21179.971654289406
48466,12515.838926645574
75440,1491.9472984951626
63610,11346.191539492313
62107,12248.737865516323
75395,19783.318420200016
33740,7945.696728515679
41889,12278.989621179157
23112,9849.408179592901
32618,8126.462761017396
57273,8811.669572936189
54357,11180.064905385778
73953,12991.914302138755
32738,13030.82638488935
47614,9953.574265064524
19389,20068.87226814866
78300,22377.527527595026
35857,7401.817567464672
44381,14914.884333360276
43712,24056.90863574301
29563,26177.8119527681
68616,15724.487799447692
72758,20833.525056456863
10315,41812.16247241991
85928,27606.99526746865
71384,24058.694244009297
16592,6884.93506244245
76811,10552.35317963542
94033,31096.992193188562
90508,26120.766517130527
23200,16524.940380529515
35182,10820.781150207775
21558,17486.381386178597
60803,8586.509463292065
80735,12259.799832054101
38461,9554.82784419417
82585,16488.707767688353
58691,20354.0312538098
25348,23224.67416225621
27689,13314.799741336526
91096,14685.775289847737
28684,34585.06235620907
57288,13421.717812233077
77066,29413.040756853687
43615,8268.713935550704
16908,12339.269044325123
93737,9231.72626625806
82154,27113.98618230496
54230,4973.9167447689415
50690,9897.987428806662
95223,10411.679830447298
86628,7487.476712350022
40787,19490.702388203805
46553,13170.856871537035
71287,11736.021019642969
20875,24478.38457322454
67599,14556.081050009634
75922,23259.09597607676
48088,26323.47476025403
81737,8847.99518901153
50410,21311.2523372597
62979,48437.27395105448
45058,28286.7494769326
58278,21822.4767968302
78669,9102.094245520566
80013,34009.28393574155
38420,10131.338219460331
35519,20598.995224995826
52482,15491.50099819771
63383,54859.83690645686
10022,48531.460861080544
34782,18163.764949146054
90117,26036.714032409865
19791,19161.229925213476
11523,12146.012322587248
28138,17383.606810380803
17815,25328.824487887854
59091,14770.413053765149
58920,13764.781144982451
20880,10060.04829238903
93959,8154.702377161422
97396,10110.727445909291
50430,31202.29938234982
10325,16375.199065582512
89010,16523.166337151786
13840,13210.092786195974
43166,26323.47476025403
67017,15037.401750375593
77723,22597.86261051537
59191,67117.27859628692
75417,8467.399309745837
73075,24626.7913941285
70135,9274.27097508428
74628,27671.22454913983
66443,9374.98351590136
33269,14419.633808860166
10719,9617.208187548003
30337,14377.455943821566
19191,44802.75829271472
55867,13180.265472555317
99114,9692.383912474968
67215,11545.048124080935
66944,18247.412281596065
47837,27879.97329763417
81205,12856.781195506952
72404,14192.06462863598
51999,31899.734119542554
16577,12643.221883884347
31223,21666.527124544307
72555,7804.694178840769
38874,18063.1879146053
52723,11980.52972561181
16924,12813.004799012708
85145,26966.49489090503
80137,16088.391013549648
87878,14523.560988461213
33897,23865.648235687306
78131,9898.545840024153
75719,18731.543917082035
25117,41061.878277393414
50059,10753.830955563502
83482,9590.973559044185
23879,21926.46097302381
51805,15371.444339620637
53874,8344.998967356036
91061,12218.85749950851
80349,7642.447753016517
21722,7153.736805083385
65095,3588.4934923348665
83787,36969.738955360255
34342,51280.920541239335
50413,9661.653585084307
77662,37437.60791909917
68860,20384.708178493856
57747,11503.216035229754
35241,8509.685060550268
18457,13905.551249746042
90568,13433.169437557583
69365,4342.993021631508
13287,12012.408308751568
14885,18058.82712910426
35943,15061.241150329544
13210,13707.497559145195
22507,34453.60064751497
44911,8742.525759483633
51972,35573.838887115446
63444,31404.419490227134
70638,9871.660642554216
99637,7907.3782465536715
54817,9775.64653956328
77386,9755.443402771174
96944,11713.799905934029
26600,14114.686011094032
92059,20103.435538261507
95396,17478.457605416574
81472,13746.38063721082
25333,13558.183519877986
11623,13272.629867612348
31695,7162.790459147973
86095,48284.55055724284
63396,13446.233488289632
41595,21923.136033450304
98886,17182.85497129697
24304,26151.69203975761
67699,10713.573900356305
14320,16315.367594551119
47319,26170.986854172137
35647,8497.917030251338
93351,24322.598848246686
57567,12379.43413821033
11708,17857.002488153703
36010,24255.50251136948
72536,16964.487453648602
67254,15576.841983918986
10265,20006.863626760038
72985,13090.47617433749
27787,20695.523587182004
38606,9105.98074662846
13710,10727.592810281465
48141,10015.607164174604
34714,49174.481740986594
43574,38762.64606592807
10680,11631.962931761213
23607,10010.931132605903
67834,16517.299120366104
68148,10203.373572009874
50786,12813.468814973578
73110,22484.3361662915
90728,9021.740083459845
38326,14372.042829158927
81497,8937.98495836471
95591,9421.984909458157
22643,41025.62135880781
15318,3253.8861805223805
22671,30715.22712789659
84081,8388.888796895513
94723,13025.453288182238
62832,9543.460834198746
70349,14090.655775568359
52435,8476.43321157183
30971,8394.262650083128
39004,11220.000216598892
95327,32760.072054158518
86291,15626.27708721584
52555,41830.47376526032
34327,31865.92904069324
34719,8398.058245294857
13058,6982.818494534253
69420,15920.98449309095
18001,54798.266919318485
19652,8634.369928151136
98563,9367.708228837113
25692,14627.446958642347
55750,14929.975924016286
31584,12327.050635578158
83853,21231.715160818698
60904,10604.70909888853
88413,9572.316873355558
29421,7574.653725987448
26128,7176.745557944843
67043,47958.11414299351
38740,11142.565840711202
25972,8268.14762203552
73292,10435.569722516771
77734,10340.137922396309
87458,20579.09632771214
14271,22708.861969469224
74227,58844.898189351035
96925,9656.040917726416
49249,12256.204842343868
82777,27309.213066334363
94208,11421.245102913204
57680,28327.15401167397
43804,7430.933731263176
61603,27278.458879757265
88657,9068.70082888315
97030,14788.188465408111
60875,7639.665937692929
39761,17476.522304252347
89368,19691.697073025087
98791,11660.148002329533
54740,12589.780770659172
19008,18035.55188777123
83052,47453.177390688936
71110,41506.81212228399
53878,16420.36792329977
16780,14299.344391607387
39455,10696.075332610786
15742,10791.094275756175
69008,38447.02541202552
49075,8246.690876538622
50209,10213.75081124303
35735,27748.16312830674
44430,11967.370080776438
86928,13697.022096405944
18094,6259.854594013574
96602,26325.126061370414
69055,11275.004546585933
54354,19944.988793883702
69556,20240.360088657326
49066,6277.0570595674835
77129,11399.167409783538
92943,11162.095231509822
87567,10663.36970503493
17209,17438.50322401583
82072,7990.147820906008
61044,7686.301949166034
33763,16964.304364680345
31761,20861.921270779378
55561,14806.494507963911
62716,11254.866888638018
75603,24780.413688021265
37915,13677.983430831804
75996,20582.76911754853
40886,29266.24542923369
20251,9306.822244911455
52139,18622.350745722826
85499,6968.683481293603
37262,17377.453346513114
64246,3843.358257283473
82848,20842.828824462784
47597,7224.803501951488
38021,34151.33454028706
29215,11555.536405772014
54255,42887.626936976
23008,9785.70207518803
55612,8562.390252302237
76492,14773.332320762169
62319,49142.00470969966
17158,16365.90587411202
20911,10573.466039830302
49830,15383.813951905588
88439,15410.203578761637
68719,30115.594585407387
94731,14579.049384747545
66607,9888.945479637881
52154,13518.539653372885
46472,25975.74053312427
98238,11048.696953121154
43000,8723.936226430185
10807,26480.16262826856
33947,38662.48858935524
14351,12784.765868342698
49038,15171.210128771068
62774,12256.204842343868
43059,8790.21657267072
42308,12995.954659250381
31825,8172.658549440119
85191,8268.797082649318
65141,5918.658962417661
44071,9581.161236455791
64717,16067.124129290269
38932,10494.085608769896
47006,12770.067641475664
85463,7946.7803322808195
22454,6409.211752505829
40669,17190.728824178113
47728,14953.862326655948
87466,26038.685510300893
29084,9120.380110962662
96655,29443.3091754436
51315,10986.197525173495
81732,27763.475241550983
65728,39306.84707857463
21708,15732.029848950346
69933,15319.116182109228
99891,14619.806806886638
88219,16349.663436039578
56608,10276.223463708022
39870,22518.639817435127
72962,11222.267726275084
10281,18226.238617230647
59351,7755.4518938246765
82500,17117.531761917384
84580,12129.745813333626
48158,11633.652509294796
96112,14006.237821742758
35755,18532.176102031044
38264,25952.214534517632
71972,10601.360399436957
45650,10470.025749259647
67137,10441.47380120569
76717,7764.389655286988
33243,12092.296540663545
42421,49668.62743982816
91981,45124.288291317134
66525,10072.155137384565
63191,10743.37021380472
94631,8963.635337626565
29016,13356.056216415524
81800,16286.393020036434
47402,28049.239307256903
47847,9764.059020223827
12451,11392.549239766999
50246,9760.642800817133
16368,16445.642087076092
69091,31218.01836915778
81500,8919.229912294182
12555,16510.375161206975
55599,8126.150271141312
53990,12311.119190949814
48924,6076.304432146009
32087,12262.55993431879
83361,13234.516006199567
87333,18202.913758724884
94390,11279.770811314062
25949,11381.167230620133
81080,23386.05204378658
10621,24927.568502279813
12023,3558.2360840076963
38469,24217.819171161176
39473,26022.92143225435
72348,6503.921975841469
55293,6763.849428894104
88764,20639.714373490984
24776,24722.524436530417
65020,13812.806152320241
24451,31296.683238522477
25530,22967.69067220216
85886,33878.396643600274
52354,29195.95705963688
64384,10479.875741330583
41548,9978.667944487133
92725,17620.997383751775
17242,26141.550545853213
19763,19942.23269144624
35909,27255.764871287356
79110,11973.92123517696
27286,7972.408932177206
95416,12408.442461015606
68552,16525.384052873353
41379,8874.839904761648
76355,14910.957221064264
14070,8945.549868840999
44341,30027.883116212557
98929,7278.222211239197
98072,23920.84590455841
98998,23358.56657592493
45097,9187.303749201184
64181,21615.605272194298
57843,30189.419187519416
36009,10636.136888396391
22761,12623.257380091352
49577,12571.165404380856
91185,16541.72610378844
26689,25294.902043079805
67351,5848.023020701923
28090,8356.333784802317
43389,17935.80243952043
45809,25817.16858728567
80162,43939.02715297369
47679,15797.313071719367
50731,15577.1230036025
49445,14879.809244243408
60475,14344.414587914109
18666,27527.950743384477
65301,6416.533886627052
10910,17179.283591965504
44991,17668.032573393713
54097,13233.661381221864
79268,15933.33031523824
25540,9826.203856961289
42269,26814.898294555467
18412,47032.065982830856
31605,11266.612774789857
21359,13025.453288182238
98407,17036.030660302764
41869,30139.38243652262
80892,9953.999311143465
49041,16422.054849007043
44789,18370.493171397102
31281,13748.257803987273
33087,17771.653321768823
43869,25863.134757233915
65917,18627.035176537756
68636,11849.003620374593
79842,15402.661528104867
78423,15865.946347194982
52118,8954.989322096306
58233,23610.387546138805
11485,7352.502923472655
67946,17679.996941535
35746,19316.365596898835
48306,8788.18856583516
16699,13851.229292035616
70761,15791.119540632986
32185,18090.045577122342
68932,21881.70376916407
54344,20468.74313119955
62060,22597.571457706435
27217,9632.201308741998
56336,9322.12035640606
84368,30979.072601937492
84829,6870.799017211271
70925,17436.898705037227
66383,7282.391405359354
94649,34879.196298091585
17955,12152.21308907372
50779,6992.998946294738
75220,22451.986320330878
57778,9506.327567590615
17085,13413.76826880311
21564,11541.220458464995
13029,12856.891274348349
38614,11203.471220634428
92401,10906.197800274924
63119,15619.307637824453
88375,11976.772401028238
72241,17143.865561054645
47579,21137.113411118065
11784,17560.184287986966
75181,17519.513440805935
19502,6208.1077953673375
84145,7275.740092746866
86434,10177.842531229959
49931,8314.220549180141
78444,11381.420211229146
66203,6679.458271203084
91040,18871.705654812216
95155,30063.788286842788
57686,36318.93325898543
58970,9150.88074886764
89097,15369.67494014294
42718,24331.673430661438
12741,9175.784235187297
84329,12025.42341862103
67545,14806.335400611957
23804,9948.641651355152
47046,16632.66347175133
10316,3941.601797852245
69217,8650.660010628068
37214,16813.08958031209
95705,10572.858939274389
74907,19343.103124945977
18871,22347.420184090137
37460,9354.126827298818
53531,9003.407959394779
50966,19923.658531778565
96192,10276.888559193616
20247,17020.704341376113
48764,18901.234168020634
97850,11193.551339013668
23725,28074.88879985489
79185,14464.906926303885
20903,21231.611902209486
76500,11234.12217120477
80381,19309.55038255624
44643,26876.573317250935
93744,20156.17264127613
74457,25918.032990780397
27622,32705.035574761754
76496,16547.54224532729
12862,18203.451504566106
90085,15275.925972392803
19912,27596.87051056412
50966,25443.082528679028
18888,5863.34827565321
74578,23373.432598794174
36093,24091.530484966752
42996,8321.880114904032
91580,21521.654068235443
16437,14198.390370230256
98809,19048.942599340648
63078,27308.456830387207
10458,22510.031262618882
74799,9971.986921937292
62622,7424.341334636758
65853,15218.502223239366
41555,8333.781704333122
34943,11160.415300378369
74766,17225.315872101208
10377,25693.868506611412
77104,13372.53549604794
23391,6697.4208651834015
37565,12748.152928083666
89037,10343.715120029097
54424,10473.673451073535
51820,14913.080085680584
34504,29348.689292471503
36063,6729.2082110093015
30293,36277.62851131373
70529,13614.969534584658
70082,28905.990939862255
79551,12464.550043804498
20739,22458.315112706176
88574,8855.126208499063
26975,19225.083545705384
24675,16102.71747886865
49173,8518.177712257106
27498,30388.093671382085
40437,29949.829011906793
10328,17509.174655024388
92853,9285.474547819063
41227,9792.22745645343
99586,17222.496266702354
90587,5145.380148388118
22782,10809.888046229185
93463,7599.488863902538
99341,20641.74589047612
64748,7583.662769345816
41697,6930.826920224037
29629,5000.025736647569
92813,11348.440583410931
13081,19359.642608787064
45751,12122.840084682382
64122,28986.006178660624
53754,9431.680069931157
16402,8777.334756093067
19830,53163.173044063464
49815,34732.79933424195
36755,10074.426907839914
73979,8075.073929190543
28942,19115.78930192961
45917,13756.896940288021
61038,14774.36674552175
64443,16122.611803015941
25160,5522.667081885911
54504,44203.57599448589
94406,20393.784625431632
32638,22589.53633586564
10544,15086.864663553166
87907,10768.004189374973
72272,18382.38604984695
66463,13102.84464902171
98450,19775.85316519853
51920,15000.558539852529
71202,9421.169954503519
74979,10068.104002395645
28424,16856.588945586085
82298,11274.612599049698
89965,2618.711680910794
73910,12160.963239195595
69286,6352.551597769521
83137,9728.22025706909
63965,9480.922431189505
73730,19481.968172274013
41661,12447.395316453614
52906,14469.037081029932
18787,18442.16997380111
84779,15574.714638621303
76621,14105.688954998219
19254,15343.888382417585
22323,25994.756333155685
30144,4147.696099933859
85523,19723.2862357627
39039,23329.201483106182
87971,7865.800378126192
93564,23202.343659072754
48567,23641.8840210033
93477,30302.914328333325
70742,7546.465770976041
39540,8344.56002015612
91608,22424.29209573415
83149,15045.728855219186
28854,14123.603197013581
75437,21818.845391623123
98210,8922.070970735778
20305,12535.466411077912
15318,10502.930256140462
47157,16737.385622026057
88905,17337.696661988186
55481,19928.402933839345
98935,46638.856637034536
15588,7955.391642533226
41475,11140.002138167325
41270,15707.224397800324
13441,8147.961203433677
28349,19115.78930192961
91204,27547.002122547266
16686,11113.183023728887
74619,32261.009109193452
82328,18938.13415985824
14980,9541.095779545549
35028,12187.929589806474
37811,15622.454573168134
63935,33177.50886001557
18126,9837.670846892692
94716,19021.314093188816
61290,8896.364247862592
39411,14391.023551047903
71046,17976.01492086006
77766,9177.725376284146
36494,23595.886736145774
53951,23703.06739566022
79337,10584.020612289987
58426,7866.017507851604
58318,25388.052345775748
38001,9492.232749953597
56547,24323.0840265077
58954,12281.80579666462
76241,24515.638260111795
11634,12420.089265008643
66694,10199.450465165828
14557,6943.984205288985
57663,5153.688399873496
53490,12872.684352528859
32958,11364.923026494047
27701,6076.973949654444
98159,24099.62724391315
99283,18823.721456504485
51051,16916.14281711442
19196,16806.441890333725
78264,10973.706146640858
27603,8139.9428856411905
24914,8902.447722420491
50665,10123.799281398606
50230,8061.924566348809
49270,31851.34589329365
69370,16835.022383734977
23435,14378.587436325413
77248,10439.005266755672
37120,49874.58386552694
87819,25507.16718166463
17251,42719.29641420852
28085,19742.137350778394
83297,20112.949372187264
18315,10335.478571152553
95962,9304.85672915202
88632,18593.678437277264
87993,20385.78116976029
97197,12302.8918681512
77972,5632.311932811044
98279,15532.237734918
99623,11946.721444439358
20714,7478.974321258816
72217,23340.28707431998
80639,10010.796458385707
47030,21806.88303334314
51683,15386.466463780875
57776,19694.433072721644
24858,5305.248563790912
75739,26582.680012513963
28049,13893.476887131084
94827,5258.041067366961
87987,7553.329652270937
95370,23165.348333141133
50902,12667.3964287028
14389,15364.777823917148
74367,13883.240700201375
84758,32686.024724143866
22306,11587.32138467072
65847,9012.533420874142
81361,7064.130057257529
83058,12913.153058120573
13483,13292.905733774402
84747,17360.41707226292
35071,9633.466563444264
72046,34472.90647854638
61341,9210.072145630667
97088,17028.717036264843
66247,17070.459754806132
76081,8444.2668766759
15062,10681.241113940276
66921,10818.852736595887
76208,53778.98517428628
56250,46087.11770118335
50487,45919.18363137549
42534,10550.195565277347
26621,10139.968608003313
58222,26624.108440342417
52699,11433.711131121974
38008,15465.056983293513
28941,10788.891002907134
77564,12799.190839791874
45669,4450.389176994007
24674,14040.382687074896
51906,15884.159028375818
31820,11585.720463761361
58982,10880.14486906557
50839,15177.395276049761
18010,19976.81948838514
12504,6098.295845008528
17035,11728.775872268805
55841,14962.198583763944
44981,10304.039357368023
52006,7626.8359424231385
94386,32568.065331645797
19661,14496.973460103765
63566,10203.644980374334
79359,13793.642211876358
18325,40279.04753506991
67879,15444.313975421384
97085,7141.174307476307
14296,8042.763315239463
70572,20176.30523881073
26432,8679.400982744948
14414,7854.858526791442
48614,14857.791480234613
59441,24407.225528289717
43876,7498.346165541199
29316,21669.253634948876
99919,17982.33416075626
24854,27690.67347186643
46422,14379.578445309831
55168,15686.869031303926
71594,47790.90241732402
64127,21734.45294596756
88016,14024.015385096158
18070,19516.02810774207
47208,12654.225612784481
42967,7053.019994342909
28857,5432.1639582770495
82200,12104.481228382247
85043,12109.209979619189
12506,17354.33281599938
38795,22396.16310160016
17724,10076.16904040236
11464,10428.584679775988
75747,15664.51907935803
22567,20802.95059833552
35951,8660.24375704187
31724,13869.58443423446
13715,14308.386866106906
18044,5750.12936395945
71136,25850.885123935386
26340,12791.551443834924
85964,8227.855924566698
35144,16410.03916946207
77898,8051.368882994282
29363,10692.802542457623
96837,16107.304683315804
87602,14316.738962639898
78308,7011.028812132592
90316,6864.4649227360005
99140,13180.836818321337
17704,6527.512017527317
28921,21161.58115013239
96441,20612.82023969928
86256,16324.12266582332
47624,28313.35823830938
15748,11753.625169822315
51447,8118.4509285006025
21599,32060.962739633753
72774,22234.01542018219
67251,13510.74595307564
28507,20567.822134246042
93657,23261.2816321608
58274,12939.214432878513
77405,11759.133682392263
78967,13193.424470046793
37927,28564.391630148595
43836,10366.728325970465
97762,9884.338312239328
97554,36416.620098237414
73888,19469.052133568344
57843,24232.759091330056
25997,12966.953868668183
21043,3619.131760303633
15301,28343.200475572972
96650,5547.861119093101
96822,34873.67244199993
66305,13989.683398561565
53447,8611.007284940315
83525,10390.064884899666
69067,10380.117392288503
30494,12143.22679996622
78944,23512.93868930999
38125,15259.914388410562
96348,18726.934996288597
90563,11230.2167541752
22547,15154.795095798007
68497,20823.73871270376
42524,9566.88837235315
92894,21522.69101357444
21741,23846.381023103946
87804,12067.963587372205
97394,18312.24307999236
22055,4679.856835239836
82726,11047.568578357814
17387,22998.513792925576
42165,11688.391286764228
86912,8801.301647892204
92112,18680.761191560017
52943,24284.63914958937
89848,9296.5272442401
13979,13442.912771164029
50689,8942.861379643562
44109,10200.635533180532
67130,8810.527173764869
35619,24325.490521849453
46452,5937.549032758527
32746,6104.018330154477
21832,24923.320604829136
86324,14794.017811087226
61173,20558.014190004025
71089,20803.151877295953
49483,24541.380498363753
96753,7693.1225050846915
10927,9807.607075199801
32966,8918.881759745525
95776,14438.151665898124
35767,6363.739181829022
26318,9299.605106156858
27890,48677.23792876927
84641,11074.444384435717
89410,10180.083053660182
54843,9840.070699770102
54486,11534.589236400194
51694,10240.485199664268
38558,7888.6029064106115
80445,12064.203408119189
72874,24400.283461242943
41127,19545.412995216488
72942,8557.34928803575
71007,22296.742962861226
32773,12710.856706704457
99728,14577.15921461754
43926,19935.18015057424
95060,10418.480606566533
41455,9275.8280106877
11601,12002.542705792897
22204,32822.04887958661
43303,10969.374813174909
73902,11015.737429018624
86252,18519.017939714817
70471,26513.88241393983
48176,12497.421361089837
85632,11600.376405936515
42518,5866.036420948112
36003,6150.704624179036
68685,8599.121687075914
84280,10129.432580321021
21529,28897.665136025906
29284,20455.847141278486
94448,28142.164738428743
96469,20550.70445193744
92806,7515.520184595036
99122,10627.623928874771
65957,14368.101175707634
91154,35226.686134008196
93930,48233.47178134788
87211,46527.17025533475
75320,8577.175322760575
29589,7936.343667760229
56988,21711.57775573417
87285,8886.29904035985
13950,14397.325491749549
76589,14686.935834224925
41546,16733.908498939447
69941,28068.850796213334
94284,12073.533276546259
11426,10956.056165814123
31610,13626.116571309969
98057,7409.475429673366
52372,10198.9646636961
26333,8853.322335406876
25638,10838.635943626492
54827,10392.263916115835
99502,18589.01177834782
72399,12746.695899300206
70944,20698.438859945898
45433,9014.458639291734
33615,8832.437845768996
38864,22552.16634078591
38878,7657.700920984751
53974,9113.550162785468
77333,42214.086177008525
86322,21550.478247239444
42436,13267.204161226135
89415,25636.740726546683
26844,14203.623757589829
84146,8371.445212267949
16351,12845.066481567419
47423,28078.40252954581
31147,16110.570433083616
18174,13522.637105616548
61634,12070.244035184629
75279,20611.79951080655
97597,20908.387986396374
59073,14632.686435460955
50579,13873.899924460278
50557,9976.198248076029
88571,16751.416924632616
54178,8342.047080718301
22481,11872.60906401027
44647,21340.587580637053
62086,25134.713165076355
30487,10488.019326390076
69817,31826.871014552613
26944,48518.71129950334
96092,7758.9985895509035
47342,10487.947102575683
41062,7368.657789500921
39770,47249.130594413655
39232,15192.011285373428
27510,28490.60003645331
72785,10665.63560854784
99716,22892.622812383725
83621,12868.147497481057
76059,31096.938276270746
20889,9628.684653789885
13150,35074.716016242935
76198,15083.97921045773
81049,7151.752414529172
82287,10585.894203705819
42567,18863.51835491317
23443,5981.35846778925
11157,10994.369823720612
63155,8657.800399564301
72108,9520.171167438224
50322,20683.781957826173
40804,26925.200797774247
67883,11181.299706897618
90069,42158.43407192534
32289,8515.090849309192
52595,31173.608656161352
94812,8326.73141463848
56532,9938.725476139416
22519,8235.735766687352
83102,17697.703163556907
79965,19073.530050315938
80409,14581.142931651571
32244,29174.495842460692
65587,15003.593566590182
24824,17358.045668798044
96040,6477.756979676273
18877,9791.321645805543
64882,31032.29630795906
20155,9084.035050443432
87347,13211.725064064482
46994,22372.157614430776
21545,10591.855259354512
89546,10435.916145377996
93750,10936.477160924871
34592,8643.80762468565
99796,12215.750718357507
27842,15423.662566469497
10396,3862.854582974309
32106,11958.114400868824
45882,33543.37518267714
73598,32032.635565748315
84886,9016.098972158019
35731,10319.715209242713
23019,20563.30766548486
93682,12626.648551511997
43394,25231.762815039096
42582,17486.26445438018
26468,10401.433487172828
10784,7674.2588075973745
38717,9926.325104845462
54897,19532.789223909796
83187,14089.3875893835
33777,16415.51220910718
74524,9982.040976359513
37464,25012.568485139665
39163,23070.698001177836
46214,28032.980505218584
53261,15889.928554307497
44758,18297.35498300009
42769,31857.46570546832
45798,15181.899821537521
53816,39382.835354170835
69247,24909.939689949657
48280,11190.473400973313
89237,20166.955252217416
28459,20386.97615945275
92203,12693.715286394694
85938,11688.391286764228
18208,7151.357764949351
65375,15085.719792475817
84697,11949.991991235853
87381,20060.718586858413
16110,28414.27535405008
71529,28111.461780926154
49190,15144.539611626362
63632,15855.631759672979
28823,20359.92966525403
36625,17186.14675475515
38753,11383.215336059677
92344,12117.146291982053
12202,25010.307865015835
89555,9586.875471063664
92777,18972.998493123003
76054,11557.2312222983
89001,19414.30426839868
22391,7876.0653120278785
38125,13847.276379549834
19979,13507.924298750655
61425,12711.541896489616
93398,11477.3423423283
95406,7512.7445345794185
73656,27423.229309458686
69145,15700.210194211893
33583,15241.822982960892
94723,18365.40326072679
22385,7089.8646290535
51523,34648.75621352631
91668,22713.858859770626
70787,34792.22897858643
79923,25339.4801766609
60952,11758.397158173839
68399,26588.566649235625
69485,8462.731280781736
86011,14240.89179353732
99174,54425.12873556848
81979,27665.47435432624
58594,9472.754899497588
73772,10186.423004006547
31430,29243.398660560917
95567,15269.350703505059
40776,8135.294166924816
69052,16735.361540454815
17786,13950.69295527189
36220,10547.143377890825
61560,19969.7444129421
99491,7944.536318992292
43023,19350.425233878883
47029,10956.832031471495
48679,29236.92299662852
33418,16956.08108307117
85500,27421.86043411511
60254,15831.966861950024
22847,2799.68041047481
50236,8097.736753545927
17167,8817.277579110802
92476,22185.87194814917
10775,33238.28652401024
41829,15269.468828575691
53055,18002.069239749333
60410,27383.90525620633
66163,9898.385902780617
58769,23435.91261851116
64041,19491.870998750856
48478,22794.870260575426
18079,5568.164736768358
64701,9444.772444635393
20670,8990.517325195324
64115,9405.196385482865
70721,26809.74897376196
29280,17244.140604236174
94069,8553.100888483094
80317,16127.64349882933
32256,21003.428972405123
27204,25550.310682784802
49651,13814.60170673893
52824,8964.354952287522
83095,12483.697249712277
56301,13299.420088149864
37749,12662.65552036704
67234,48708.29691771269
79935,10674.929127492896
58944,11693.7468172671
47283,19362.627816972552
79117,20921.813785431303
14880,21574.028483278777
47941,10318.178132890225
35433,5624.560602161251
27523,19560.095744433864
89261,10481.77269709523
41229,14333.484296203578
71569,17292.990483412763
44410,16662.38910706349
69903,62040.129934544835
61145,9482.838310520694
82556,45705.85233545741
60701,9653.216719383352
30606,7754.901768269414
23456,7874.265468630729
50447,22120.448079196874
68579,15357.89619153345
38034,44484.862669965354
14253,6141.757914332358
64441,9813.495362476442
30055,16244.394978777727
12162,22090.48599208596
98336,21766.930799575963
82305,16905.761875134413
25290,7170.285790608765
12433,19229.180384345374
45094,9210.01575283274
96794,22231.130388432382
60120,27171.631450565554
63593,23480.135516283884
15209,13996.152170488904
55786,13566.198076390265
45960,13739.995933437685
30737,72118.44752010224
67251,9326.068263154271
49482,26493.74928301076
51745,15729.356402642885
71482,17115.198869246487
72277,22068.247528962213
19293,22004.35175601429
23834,25890.084847231818
56412,37495.50380122858
86912,18434.73335309353
43248,8646.812313144925
60360,11356.36432601613
34010,6965.795465334266
38102,31012.516941054222
15419,9742.791106493361
99126,18942.3125587999
60675,11028.354929379993
62248,49799.44845973802
88102,15860.516180755078
42182,14505.840468918594
25061,14859.83123286654
15565,10248.164458226438
14690,10556.049637100992
53505,11533.901488899268
55280,14117.230067040922
16375,8894.16606386384
98971,26674.201608983134
49886,22776.134299170015
45397,8805.041906268303
64905,46881.20583473683
32532,10109.226937896976
36943,11056.111393099087
50723,15376.163905363304
70429,33511.06999194888
71320,38782.32572537355
53687,21813.43106584809
21879,25030.846491282668
29337,26631.801024891596
93552,8918.881759745525
75978,18680.024043312776
89918,36449.7645740863
10272,13737.806167735478
19159,19799.1778750578
53179,27031.692064693336
13534,11307.978164520271
51537,15333.10102929392
19035,21837.86544671187
61810,8375.768629251368
70545,15145.65494145045
55308,9667.288023387013
14167,8363.105556741637
38500,22382.395910299834
14729,9778.221216505077
90891,9490.148802475314
73038,8992.535834764407
93864,12577.870283205288
78263,18859.788694930925
87103,13720.895166395074
10520,27721.481989087864
99311,6770.486469038044
70998,17157.64448661129
75920,12565.591009035214
38725,9463.56539184456
45009,22671.381784094094
94648,26911.18544702416
76698,20109.85627702005
82377,14259.502869555605
87169,12264.62394230035
51272,14877.260269581579
18598,23481.015069720015
79053,11987.236613494017
27260,16304.79595765291
35451,9271.658514966864
22057,11725.105346008946
18178,80027.83492675127
14335,13899.766914905073
20351,30924.099768252738
52928,20843.777911437828
80432,7842.523560643605
77434,9496.337247547035
36538,15035.919893369271
94909,21445.064042713275
42041,17208.955019465055
93173,7629.029313407293
32595,4388.503570444558
24085,25971.83900444127
28039,9805.020378900826
88417,42246.84497089815
19727,10873.562065193188
24501,7374.017005820839
15348,3730.609345955354
64877,7164.519839312097
39292,10349.949094357522
58924,18841.368447373232
77802,20644.30890961072
65728,9515.325937620353
16526,24334.80715090887
75054,5498.605838384212
89495,15186.46922644254
56953,27851.456051089837
66810,22637.49550539206
40059,8033.497990460615
68656,19511.9144174096
97085,15648.663170330246
17080,7010.607737768156
14295,7780.207464644687
98677,8507.957144970656
31296,24810.336568031416
32069,17806.923590268245
42653,16805.08735897631
64433,16307.880049609132
71309,46324.519567547555
95717,24233.96262235607
75265,1255.9856371287242
52088,13542.961972566347
67348,10937.460531867611
27556,11240.60148712552
59661,4656.085176969025
23834,42214.96880536749
86884,6615.5670889225
95472,15942.62280980396
45449,14408.070590428952
98722,8100.685046017066
21433,20803.617607415632
60896,23302.343993250986
25334,17877.973168414952
48797,23660.231977677722
77543,6894.408145468704
15597,15342.860828083145
66460,32974.798195774005
57540,10478.965957829361
74450,15857.74262989032
42987,23545.734404787203
51098,9347.23558401547
89968,12584.465199838407
62151,14565.841877375438
67793,18489.288394602776
74309,16557.526775427865
63090,9016.225558597302
93300,15280.580317944274
32870,29167.401105025354
64844,25347.902619336048
30354,7031.582615995343
30729,13208.665394341184
25182,21849.653548708433
96069,22775.903419660328
61238,13423.184567243623
75885,22563.96751103204
31790,15477.871896866933
92204,19678.198763184573
46130,7003.538794058144
80454,6316.210621900702
86523,11531.948967025754
79511,8810.06526690225
28768,16583.40507945651
39537,14596.918727644312
35230,15548.245996799245
46263,17230.313463063732
88310,11666.18265102914
22314,25200.45770827865
25951,8115.742990341614
31350,21749.95190856256
81836,21338.11398436041
84274,29954.494640349403
44689,4325.953171261674
39755,15305.416382915744
60847,33617.27199513237
46233,9983.256541670857
74820,32666.901323531765
23598,9655.392278431535
40990,6219.172074218963
69158,12414.375702851761
68571,12707.77118444591
75329,22429.01992155487
50989,18586.993992110816
86162,16149.453245276887
85506,9224.662737204173
51623,9891.013724675111
26191,13458.242041110576
94279,25718.767012775475
95430,14832.544009292607
43989,9104.341776454192
41467,17390.32928015041
57864,15743.82219541934
25851,28795.24125727647
29700,24453.584880288654
26979,9557.031759503781
65011,12210.375204530163
13487,13798.536275833732
20707,2339.4270250168374
86795,9662.707639660406
31354,9307.280238041474
76610,103828.09660141608
89017,10318.481437130096
20755,6193.837563197576
42134,8089.230641626698
17053,6385.091116530408
77956,15958.469874824616
17243,14516.268706792605
91801,13556.024370909701
52434,4991.616055880029
75592,23544.36785192606
34383,10531.701193966686
55475,13998.760518895942
36343,9044.240283519823
39400,2297.9560508883496
23864,30725.12444654901
88119,25331.288147988973
63446,3919.6563961353368
69612,11372.461316456127
36160,13207.126642696427
49302,27512.659760164966
85913,9208.026603790518
96202,19306.22528051075
55017,4599.545811449803
21194,30723.152851429415
16981,6752.705932264884
78284,57024.47504709911
27094,26357.34419473042
40387,12124.34217620776
34268,12746.754636550826
32328,7202.241595509073
13627,27688.63655501829
78469,11482.305853376372
72702,6830.405110474916
39817,3956.6906101368277
20174,7460.713740633126
47710,28718.615699467693
32020,7531.695429322521
97254,20485.517649475507
35456,10817.908170150366
90835,10508.206644629274
29853,18374.653997393973
72726,17762.275556876528
68244,12306.25395357267
13935,19644.955856315544
10839,13748.54192003897
88713,17167.40100048137
67850,15624.438202625268
10950,14191.47616440766
48114,16959.36147070329
40944,7908.31204402342
65720,14052.210759833913
84245,18537.89784724418
74683,10092.558066816293
42278,19526.976357209216
21184,116735.95504111164
94232,9149.304497839987
50707,7789.137185595833
88889,13740.995355877922
75505,14693.710849178042
34325,20018.985548132616
61942,9597.593993877163
66028,17379.07240688862
52732,8190.198451458646
94644,37018.89511404742
21879,61302.368591562015
89944,28239.097859583955
66273,15771.933282857994
43927,10068.628506281544
29482,10107.689043497568
19502,20601.42075517546
85172,17842.523346371832
12201,16442.53943223528
99786,21653.99431261967
31967,14816.654799145934
14586,9952.4377264471
81072,10438.2147200594
80349,9108.038102243565
27543,17810.82518607482
89960,7628.530419831453
77968,9879.5840636891
66609,12307.7567143491
39525,17488.769110027264
88461,4615.838223269531
96294,15475.682233353602
67844,33906.82078211785
91133,11149.450081031217
50602,13888.634189242333
36653,9719.963282600254
66827,7941.274188462234
20390,21148.493605172105
38510,23858.92919112657
63296,10104.06706079856
21015,11419.09512544885
56911,34179.78853744092
18840,13660.202365391282
58417,24278.97751404612
41476,24783.1183424209
81515,6724.914075749493
53281,21380.568535815208
13673,12829.484123922553
11212,19100.70639711047
19336,12745.023664926377
72308,11721.91202247927
39550,47319.003057285256
71343,6104.018330154477
13719,38328.56745214826
74687,11520.171431893774
25319,10971.909224326628
67178,12872.321579160794
78602,17508.087812717025
20300,12728.612895741338
78920,5489.0549484515395
15484,7832.7101560754745
42579,27799.86498773451
28815,21079.995096792034
65906,24264.84676660072
58023,15812.175236818428
74751,11045.445831134904
16421,7682.694866867143
71467,19803.253770426873
90758,20394.103952405643
13441,25814.639452780943
36043,13895.308855086543
35520,29736.048330527025
68217,35609.758932089375
84270,14002.939508088775
90681,17668.62296904416
62156,46431.103706414026
85640,13232.061358745417
22641,11666.637055255349
47672,12831.115170512505
61880,27074.722388821574
14621,49487.29974519502
41963,13933.719275510097
57051,10691.32346995251
74978,24082.23504148153
69623,12544.064308369707
77589,19059.057577885458
89221,16336.871565246742
70254,8501.68886822596
29988,9259.258211259872
57641,10834.049590443114
10528,7055.814111553556
12011,26970.222124895212
53948,29926.30930421398
54308,17429.826884369162
80437,10982.84740207038
59475,13150.695029761075
11015,13484.314173247034
42000,9835.406095247828
25337,10264.722448049652
83985,13697.332292078947
69525,22817.201343822773
26827,13640.342627079388
99045,3682.542138326631
48673,20517.364543942556
45734,30202.075958421367
96256,29252.6436792878
25843,22706.82316475037
32450,7055.335627814678
76035,11585.650050907178
93672,8583.699357982736
72616,22693.261257671704
94306,11001.644329715476
25366,23173.565706936315
41307,52655.68570739099
37944,25836.976040826106
90918,19249.57562457914
29060,29855.02825206797
17969,12701.145181277749
86470,19140.65652557698
13144,17375.86974951516
23100,24910.453062377564
71723,23913.11677758997
35191,13380.073609894893
95443,14483.222235487277
33813,15113.969993019757
62007,20871.82541425898
28219,14486.936363356293
57049,8791.339187045141
59923,11312.160381006186
84144,10907.06242997081
68303,30844.455998300433
80297,9108.521347775599
81068,13382.805718337126
27830,10107.689043497568
19117,15125.317862834365
36797,26581.56836851641
74565,17856.34843044983
90820,9851.424449153732
71058,11171.665470393602
16556,9705.69006413372
93053,19053.547681707925
32480,14431.041227311529
82785,13276.45523894344
98281,15699.584304423866
55076,7489.371801787804
42898,12137.693173938767
89548,14704.871184715765
48203,18231.52331372518
29540,19099.62700003003
14956,20489.49901490297
43099,9763.709987683687
81485,13805.406328299738
86372,25809.25214964582
92324,24810.336568031416
32957,29390.247383180147
57200,25409.988045796268
29245,7223.789838289338
10593,20209.49394241383
90951,9857.688028240462
77889,16033.534601045762
30160,41654.368999062615
99047,10110.926062476763
99260,67626.60575259809
55672,25137.14217374176
28616,25479.844449481214
18623,5088.357131813282
29942,7713.767811780546
45955,14060.34452159471
49131,10202.34277923714
53264,13275.319780455719
28664,21906.39672176812
66675,14148.609383815072
13743,29869.105490166472
68222,9147.507068859344
85094,22967.22334694144
86538,14355.660542370038
99962,8263.4764602319
88115,19887.960025620432
54175,7878.297494304998
62414,10854.682635290763
84530,15884.453442490232
57226,13934.174380834418
10180,10659.065320218151
59830,11650.62457347806
41811,10714.165819101598
38479,8762.247916558998
97483,9860.157253003319
55024,5085.000802795832
57086,27693.021098367706
28495,14631.082723989846
44224,9447.523131593258
64324,17061.208395114143
96502,5101.556813636227
43112,20538.243252192162
41166,30121.402269568647
61233,25753.80129219925
43910,7828.490640998345
82669,20485.364749090673
66942,9945.252165556805
60802,6973.859436249508
56046,16056.01609932384
47888,8907.071661472655
45599,27151.93774515859
95194,8935.3588673811
13652,8439.96341397532
20622,12029.694602463092
96538,7234.227288998862
46794,16548.626713305042
88363,16534.720671656753
45401,15362.881964092918
46310,28590.23201959952
14704,7034.38035221574
74636,11477.3423423283
14161,26978.71304758548
80299,8772.25632360025
77307,19318.45315675029
13704,25993.23662265551
60778,19570.72728882837
82929,12264.596050922151
38881,17280.878158258845
40466,15686.890593808408
61031,27308.790856438798
58475,40489.217644443794
34354,12291.290093305115
16503,13639.743662295177
50626,19783.845268245233
47364,15809.009863977435
89001,9553.643590428852
92615,8681.459565222292
97630,14412.296505664352
53961,5836.714885174779
23776,9404.108390787173
57972,8195.662210267938
37311,32712.416222425243
52838,7627.763772775961
82602,12458.737175565679
15093,33983.757629499756
60345,33095.57528140125
52240,10588.069287589557
40140,16576.84862967538
70087,10045.13183753769
99096,21383.88316108847
29206,9046.190999306194
87106,37807.604290882155
53821,30022.159369018875
35767,19715.79034549352
69044,22553.05539851072
46896,19859.234373800497
87171,21711.57775573417
58107,26531.484862126017
55928,9019.11537260436
30581,7788.719311231809
85166,25370.404988951435
77774,39185.51702427157
72009,17036.83324496323
82242,14676.245008708078
70808,55276.50033774334
68969,12310.154563383003
30144,12901.458647468993
81350,23179.96136614126
78109,7842.335322679113
44144,10430.487729837787
59899,10063.18175499569
48063,8293.091062294998
73728,20109.727447822726
27230,35719.364660884676
38579,10566.916288527484
42082,31227.656422087657
91821,25175.738768750154
58566,13785.029501997866
58906,4849.041425677053
72954,12465.353217814392
10838,8632.767463814806
99193,35751.62118624964
90333,12784.82171067668
54329,6148.396489076111
39436,21173.864079733048
79434,48367.620226698506
90308,15324.811104436876
50904,11166.948033832243
49177,12121.87333207497
35626,8479.49239957698
91264,49332.80495442492
91284,12930.711674335893
15953,29677.55439398734
49815,19946.10704041209
24761,6144.92403581558
23854,11881.234461158347
15421,33580.21716207633
80405,22907.51515070896
15013,18471.329752976166
57043,11018.446769419501
71169,32073.566424907563
93708,13471.806888351406
34756,29593.790002687398
46450,9466.823786751667
40324,23382.051421568347
83541,6687.937447552205
38500,13536.356881828597
74232,13689.675479188383
15829,20048.878439370455
56859,19521.65400501565
87234,19564.008382337848
81435,33229.892645538675
99874,9969.494764290906
67510,25709.9881830588
32625,10696.307461470804
48007,11521.208737550067
55407,20640.199899529587
47837,17599.343532990843
74165,11003.67683891864
31562,26545.774854732175
86930,25364.480473443495
71550,21799.427224224575
40835,6787.692537361923
33647,11231.733427804253
39193,49270.50623084627
37593,8148.171367155182
48077,13396.468087877984
49283,13977.975248902294
94553,10801.215139308388
57030,7914.789282143767
36395,21968.732611656505
63610,14403.537403312035
13031,14562.713297272685
19111,6466.5530064639115
21110,11532.251486353416
49328,13358.607003742489
12062,12583.827217505223
95582,28966.8466080051
82179,11927.332043504895
18307,8144.987914542449
13387,7466.984171227956
43824,10236.001837131505
80030,5925.877728234094
99707,16956.12726651577
26151,32685.440047147946
49700,37452.49720213463
29768,31435.488131630627
36074,23761.486035183203
48793,7959.35791637261
81851,15870.631176570587
62484,14683.1357827467
35867,9118.82585446588
16747,9572.24787915636
44726,17439.71921845642
97395,19200.802215136493
55766,32994.933648310114
14719,11997.492640671513
88182,6727.724542587497
43359,9868.546060316716
32496,6402.188175162826
96445,31173.954215540656
98679,7551.469861324193
60559,67685.82433588248
99639,16749.565674660258
93027,13981.31419308103
29836,8308.050938167278
74749,10630.14692642699
99115,20359.860034889487
22338,15403.06288103793
98591,8957.8277042272
58867,13023.828467135969
49105,61817.653155248765
33034,11007.3818683822
37130,13940.117839695493
91139,11460.39557235748
45555,10841.4527976297
73552,15608.30529831819
22300,32579.94023687649
29797,7527.12838118067
38530,9255.156957826204
42711,22382.52224017555
41992,29976.276267826335
86451,10185.71400475834
50670,11830.313216056224
83870,21301.48892904686
63578,20196.33734620191
77364,9566.469633034376
88675,9343.056004508875
97177,19590.630000537712
92109,21294.527284942997
67625,18955.897029288888
10250,15979.920034343631
38097,17837.98289453545
51948,11834.455925756816
87444,22749.05127012513
39415,16348.233700567293
87156,45014.65686293607
67749,16991.369720434846
15848,26339.61090726875
94556,6723.569745918405
28529,16857.129877789284
24218,12164.917171801848
60815,8388.187724100642
38381,17503.87915237546
38987,10819.979014075383
62013,33800.2478076601
80099,19278.907711898515
95002,10480.413984399866
29110,9605.024483358817
28319,24664.870491012196
49957,9354.486382055198
56910,11340.228853639434
93415,14161.514158404523
73186,25935.25843759366
39123,11548.702467811938
10405,26682.18258160453
28418,11282.778824593865
21205,23084.05341910149
93166,18657.811623639325
64951,10838.559121408754
12186,15593.523793699613
42460,12867.218353466244
46251,21922.882343556208
48872,23326.299021338353
28640,14435.955367715174
78908,8094.1261370487955
75735,18414.363746834882
84851,10264.885700443745
84696,14892.193891021408
83203,13343.966347099675
16392,14979.1441749953
10617,8593.27953795077
14175,15043.07485863931
19905,13703.369453275092
40728,24934.094525222452
34864,19701.614856042874
39452,14963.179446794133
42905,20767.912179305215
57069,12276.594406556394
23214,17863.35157152926
33662,48037.43220797484
73892,14802.76244239236
95939,17571.166046982136
36520,17931.43666681668
93693,9522.530745199792
27806,5954.929514676587
81088,12645.169856052999
26702,13178.182904741367
63252,13478.714905116416
21794,13439.576192448874
37972,11520.924316990222
57640,17611.703528700848
70868,22693.749295652706
20779,27605.18620674695
71919,8213.593522656654
44498,20388.593784979843
12921,5483.988396898045
92357,6629.736539065785
57386,9794.90132079867
80469,15798.44161268799
68598,31416.066687967435
93439,9441.251110123249
67154,6222.8222472668585
98459,10122.04799703097
45854,30107.58754136594
87676,17770.56376546439
61629,21752.640888153273
38556,15076.709149953746
34898,9118.699449223495
28568,25929.028264700322
36214,23411.926315133274
74211,12310.116863418769
95550,31875.081391896816
74463,21359.350277852584
42761,9395.633050623199
25890,5037.319386818532
24030,8300.70396357416
62352,14234.998564861124
64273,14578.16477615379
83717,11413.463971717869
91003,21103.961062723778
49007,19233.713884816876
89703,11991.204815049972
84861,7663.908246020506
54748,17676.02900246118
28886,12273.516687316862
51151,19027.862689183916
11623,10185.71400475834
13955,11343.586913064459
42978,29981.61866498983
11627,19779.855994566373
82735,4622.021418831229
50983,9766.218003534723
84891,9082.724139263784
56824,18767.266647614746
30365,10712.170321969872
77037,11835.717597311566
63279,15896.452996769909
17242,15860.100952881472
54290,14635.629614812598
45106,18837.147442096597
64661,10256.359887758392
94039,13176.762190382537
88362,28130.589517193635
47532,21333.911087846118
42007,18707.847853625295
96772,13621.534468148142
34364,24529.315825902137
71276,12193.74940834488
84478,7898.958029835829
33416,8129.111445597975
56482,32900.771918235434
55378,29951.841767828686
17865,12633.882744138773
12199,12486.575582938116
60522,5190.603723666281
47523,18567.719185584258
21480,39175.50240448884
33643,22127.95208801269
80973,20905.99843006926
15731,10441.691335512882
14830,18120.656654316692
32166,16392.852043417173
28145,20747.833468769895
22061,11387.416649474431
67089,16766.485773066725
37301,11438.548133187345
35134,8182.373887718519
78852,11350.09476976106
75988,15623.783614843265
75445,13504.050304264776
31478,12121.209826246071
41054,12740.420007873132
37838,21089.362319239084
34236,32758.668039238062
84271,11174.930270020244
67058,14782.239942836724
73954,14344.109766628511
54542,8046.289090477529
20973,9936.727848244784
26195,25850.335992158973
15497,4799.213070167732
13348,5435.743383401255
69076,11289.617455641626
27881,12511.026328921216
42697,19340.16158993433
98454,27851.448497373956
82435,18395.236972993425
84286,12081.78036503412
60490,17299.168751768724
42804,52710.60858235452
34855,10236.851544165544
90369,11245.40333001618
41779,8181.319146194468
73794,29037.616086213122
15456,11007.506723540471
45657,37551.45259431008
28855,12101.66546534379
79793,15300.933335946573
11306,6007.322088402752
88529,6683.6175881571435
86038,27485.619352941838
98282,42424.273929029645
78161,22856.465733593206
30582,21518.758493814355
53954,10250.08060225261
99543,16486.072376850927
48137,14903.57408051767
99113,13742.039188391493
48965,15195.218590394172
32546,10700.590256493151
46790,25086.004400032918
38045,11424.263534613394
75816,27436.19668490092
21713,12824.284676031835
32903,13331.646666410976
30304,26848.062814594035
66024,18889.874271699475
40569,6388.725888182276
58114,21368.734056293448
29524,9221.981051138726
38463,12316.059673685371
77447,11818.123117686097
57320,19976.014557836243
44150,12157.678966660664
44780,9996.648482873286
67209,10732.353200652338
77770,12292.179117691729
75138,49980.11323472147
75497,17044.635574438733
42100,12419.42331238934
14134,24836.33454067843
95977,18440.39411358902
51877,12534.326939506991
80162,11705.99296683399
88251,20719.43140030086
61869,18366.212967353986
98733,38821.32140904857
67204,18755.69152245036
77187,24541.161678392742
27507,34891.91730454951
52770,9684.49086656381
11558,17392.31261229964
13064,10223.178527724358
81994,8276.732748504784
33320,5901.147027242565
71909,11971.760690752384
89538,16324.672213703856
25265,18391.215083697414
23900,10977.407748283753
34311,38452.39476349079
79541,24937.86058024737
28014,8767.89836725747
39916,13365.8605389657
86093,10068.628506281544
59747,29741.07206310038
68884,6987.640600649664
91100,11124.96715047212
86602,9904.342771226142
89006,30438.28799494236
71433,4948.728223246018
30745,9796.169894346625
74938,31111.364199848926
63219,26062.85327441179
32235,17146.240563610216
86463,23279.447840675097
68585,13189.209854723158
71647,18027.326963923668
62067,21152.151467497963
49230,17852.00280875563
59788,14360.43477091452
40420,10316.91090373773
25032,14899.00949329227
49143,11376.07108820413
39178,10823.593039077146
22070,11009.882492090768
96512,40148.914500115396
35838,31736.55236868958
28002,10776.857934048621
41370,10239.880467363604
70954,11851.943227750506
47486,21011.077908251777
25377,10957.603674922126
74800,7895.380271439037
57803,24711.81183300678
16627,23459.20789387173
70225,26544.759391188396
86364,10454.161261786121
25048,15364.33164842713
23573,2741.1184588648757
17130,13192.663773720878
20286,19369.22795276088
18677,29552.371067301145
55085,7102.8418346011895
89867,37861.455100727166
48109,10932.815573795922
92301,25663.00194895873
27298,15501.900202207074
17575,22145.85426015857
14357,4483.737939800172
36914,13813.658624570171
79775,7827.736163573418
11879,19168.130561339658
89069,7952.615361575756
96120,9114.5192533665
44669,14216.327411459755
19111,41921.23575398775
48774,8330.922758454051
28754,11376.553942231985
99615,16729.162565014518
31823,7300.09423161021
84092,6474.467317042117
82899,18896.207155872726
47468,7047.328593878872
65714,21185.585897746165
80959,27656.37885019015
55104,11019.52204100693
32133,10067.956826103175
51623,10564.968079178305
87836,11134.313570528284
31579,9122.04872585203
15486,8671.30422662025
89759,15262.140400952874
52008,12222.526122650412
72969,10118.939264522513
17213,19675.45909929315
10838,34534.28331484696
62320,20389.062250486928
86663,11648.407906037126
58354,8692.048506796902
57617,25045.08522391189
47038,30387.099713684474
15660,14211.620618822542
37793,13877.894882159404
35744,10149.70066677974
27034,15192.824849008686
50294,2443.6072700295717
44492,17910.870134599136
51813,12726.188158488945
63185,26057.374790225876
35070,11432.234036248487
43302,21893.520043039694
94639,17759.572685692354
99507,17663.34468363929
48762,39967.4110184812
25958,7676.141711965414
64281,10852.82935547093
91572,10419.326274944022
66886,12504.390718737155
22574,6477.756979676273
27026,22725.320429633935
36757,19322.51852692025
98554,25621.064928435066
48205,9561.86885741145
33641,6217.206236892902
83341,6776.220282946337
94295,20878.448662838426
69261,18086.531880369348
94923,8731.09851052866
53081,15303.814053860526
40032,11876.193855522184
14273,6697.414275510226
86832,4152.30959877601
82981,9828.21646655762
60086,10496.428619993174
41278,21631.748073116894
98339,15920.098217857063
38960,15067.97194176352
50113,31260.80766490028
16313,7451.674291130705
25478,20573.139477860957
72549,6098.028041105019
50161,29470.288378392695
43069,28731.305452886747
90260,12332.101000025785
50803,7437.606883011305
51612,10199.448338812386
33867,13076.424730206407
99257,16054.362272683917
24601,14462.993148395019
49349,15721.037772843407
63599,44858.35898915959
49565,15549.391864205054
76129,31135.495762599498
72451,12663.029955972208
47680,16261.93528250806
66665,42481.037376979584
45562,20038.10265985913
82522,13137.21962105273
54709,7904.149387366844
21708,13075.564752157992
38092,6569.11371760216
84810,13497.910065833497
27952,14322.73070190608
62279,13206.798748728086
57566,7887.35956307818
61859,12114.72699376818
57594,1926.8077694235526
53910,12881.393831176703
76880,17819.94575949521
84773,8856.362164244378
44776,17423.178643216852
90495,17864.739324285678
61738,18289.942028957223
24164,34491.51172400473
43279,7628.256558565121
92498,7024.350060665858
81419,6921.528319490457
97330,10248.170042926988
43040,17729.793446970107
88060,7758.9985895509035
65261,11721.207040249363
53519,7819.728971964925
15533,50176.63180005839
96516,14619.437170894798
39041,17209.86427054608
11713,6894.9188911553865
11884,17843.939341445788
43433,11046.747947432606
41763,20587.72137128221
90897,14566.431598305206
67225,8482.57900350631
81115,16336.871565246742
53377,19464.968263656865
28047,28591.405262935194
99381,21621.75265927954
52336,7408.908007993581
90756,5517.253895831891
48381,18580.93799949025
93063,19115.78930192961
93436,33820.71568406191
89347,9729.179403317774
63679,9684.902531841872
80250,13732.044614344546
39129,14832.880780201996
10045,21105.16512255177
51267,8056.557819474419
55487,8933.231592214608
48962,16215.513267782186
81703,29878.532666242143
89986,6570.207429798065
21021,16323.347565253878
85815,48286.5250559988
33598,20549.44604854438
33392,16113.383342883906
42610,15072.143126044692
85636,11429.579218090203
33446,10131.338219460331
27044,8445.748089406512
30613,17124.97287789069
87852,22589.827235434223
61337,22042.706878365876
99330,20501.218415452033
17829,10777.925554638248
95919,13849.660452462504
37911,12636.226884600364
29108,17206.7114789401
37023,26171.14838948628
26515,8836.234344095617
86670,14163.621266445387
14885,21543.525109936596
29923,15581.989754411508
96030,7950.495398013336
39748,23421.49094318538
65475,15291.023786297368
10648,45187.91403862009
92288,9980.549527334382
36579,9424.562856652185
55779,22367.962279125128
85005,18702.10284046623
54772,23661.481831538447
17167,27662.89081140716
40002,6023.2892132350535
41443,10339.850227016095
69993,12139.105943615657
88549,13805.638499093597
85210,18186.778123298714
97643,10810.244002162206
72507,25098.448837878037
27762,9590.058503218677
18842,14699.901396233217
81507,28619.425179020258
67885,48515.07579283111
89113,15170.302658891342
35188,20545.218250207603
32301,8135.229977943405
84683,22382.52224017555
46934,25983.749672801663
71621,14759.040360233003
83326,18403.217441841494
88401,21829.70564583932
14368,6174.3411403508835
98441,29860.893550365185
95406,16631.326789460254
53912,16152.9015009809
35046,18600.626723493915
44660,8229.059151926222
30831,23320.884656341823
16920,10977.407748283753
43787,10692.99019612446
84220,6670.4849705902525
97288,5596.857600908072
76603,8687.286938246814
92539,17231.780692299522
87738,11869.564814850924
22321,8791.68988214341
62517,17443.131683080024
28150,12518.962543879326
22604,26437.960290701118
97449,13824.096925718255
91691,5907.0641187764795
12104,20076.59425888898
23053,5930.742205135941
64005,14067.921758870389
27948,30913.848588702964
53886,11516.517201963485
14057,21069.11954690407
58191,16863.176082626247
86953,27426.069650107223
71980,6900.8325879590975
65073,6324.59250605522
36667,38556.94058517653
94729,13493.03611738826
74392,6351.214294076586
27104,16801.806129151155
13540,11841.061986970039
87015,17772.82233856557
28628,6640.390544693881
88990,18923.539476232716
94541,10004.528339875207
57615,10337.5113029586
12435,21259.702521880215
17928,18539.854993012574
90468,14391.005885656266
53985,10469.8099214098
18164,21913.716241009446
56700,6080.61899228205
96400,13915.05844078897
76338,17375.185965936198
31912,6449.336721733342
86355,10711.54814207229
22469,59285.306596090995
92705,9263.709475276548
57350,6248.679567289886
79351,29116.60027509454
50220,8484.209671027127
76911,16473.21770088778
88544,12956.17227478907
16019,17719.771289306704
39645,15731.789358237815
40504,29330.658027102916
68194,25771.040658686463
29591,11379.83166080622
77677,11388.147949769049
15431,47110.04394147123
50529,24779.845492641572
86729,7752.619143700153
69363,11105.533008081833
95634,8878.216826370259
28638,26875.08406866122
64618,7429.699597856175
11965,15883.844182892342
65682,20842.269010517106
53903,40992.991068934156
45034,9163.700392323623
93122,8849.710797197455
48807,16340.310640942804
30845,12225.113607158572
29818,9574.036962706119
17387,12514.101084734591
63641,23019.97846834204
55349,23969.58171382687
72903,12732.262945301678
66348,6260.4543176450625
47156,6361.862906597833
12494,15814.822904333687
67265,7878.851228753316
78902,23186.666640810632
52221,10951.037197833113
87446,17967.578280495447
70731,10777.476347527401
73448,7337.932322783236
82429,10280.31139885088
29475,10315.454281887232
78070,20040.5994736471
85563,5484.196432426837
23844,19602.917408820904
10317,18168.308624236928
89532,15251.095956069288
95722,18733.396417462183
75639,13326.828224032459
68572,18680.22811810801
52833,13009.535884193598
76538,21227.153120609033
37430,10158.149460542652
19640,13029.195068712645
69345,10046.397762121269
34942,8853.626751543967
55602,13872.98661216177
42905,26193.662011152956
96954,9952.985370434993
23105,12609.491937093542
14874,11204.30102698685
78940,20129.65791304838
90554,13707.816032309653
42283,15453.03209588656
71145,8362.016562319162
52136,8335.332157170973
51141,15915.510877398769
26348,9718.374238519802
65775,20821.291337155206
42787,22296.742962861226
77369,14840.972444040153
69045,20637.35030645024
71047,13899.401559034453
37389,19392.54315114766
73716,16597.627704422164
86523,16703.98520621657
27810,14646.615974476657
73158,11017.279704025146
93814,13226.568561476273
57641,16144.138307350991
54546,25651.45736160174
63013,14043.137932567544
38022,10947.136417667516
84395,22219.51395356509
79372,12467.485685083102
64960,10591.284586569227
90977,20203.814030060563
40000,18448.784862114593
34164,8815.34773992166
12615,5871.271795340546
24767,15323.59778065868
31164,21804.801710938867
61803,25340.062217458035
18934,8985.713960672772
45346,19066.31624851801
95347,12793.517876852651
25920,14599.580737507811
82169,11301.75946907228
66445,21155.828868126788
85797,14403.329047845376
59316,6854.157943431514
11085,16689.187167126816
82407,9825.795348998245
42626,11877.086478955262
78725,12071.484870398472
22698,38699.91501543709
86508,10362.404085633585
33884,23069.081675978377
16366,13501.901978905593
80438,11781.509855681414
43366,28494.76451009002
11988,7511.277348365453
98552,7843.641464039554
80070,5666.293982573154
60592,16322.494132676577
26775,16495.068564937214
10472,9954.00299859331
33790,10528.523832091507
20977,20859.894869531643
80021,14678.347139847303
27978,10665.45707503143
49062,19787.65030337553
58104,9475.616977030537
35517,6335.484316560007
86871,8414.613421612154
98121,10833.452528180645
12722,18492.211057416287
17942,7084.939308151965
81089,13603.289763130604
43408,10726.656736084085
60444,16015.857899724746
40587,13154.670504102534
26328,12013.824211621066
37383,11338.552664603181
46635,24709.257280680165
56650,25348.785836211748
72843,10620.408368622908
50752,2694.6377737034945
87408,21270.236114297917
26778,10060.073852723519
39092,13834.494563954177
22807,15518.908437735194
71427,20974.908577071972
88400,7338.6433338116585
35703,23683.044440045644
25185,14692.12088637703
10810,39947.29089650608
51402,15071.224521125587
96690,4871.994056691017
64987,24198.11070240352
95323,7167.01700927053
99045,17084.16271395743
95137,14441.642622635838
20227,58261.62866401305
84673,30911.286309715717
85471,14924.392789742855
28400,18103.55440502049
73009,9723.762880421595
97225,11175.838758727456
60139,15540.131494354166
73850,33935.63322044855
52384,8446.59140613067
77325,9082.845713797771
92824,9149.430903082372
42631,28621.305468337414
88910,7088.443091564588
28975,8171.138088300942
99555,8051.301044413469
93644,12229.876165578291
87173,11894.438394501194
71847,15242.36870862505
83328,11603.043188708078
66856,26253.687552861975
23262,6845.80068311463
82037,8113.745556359401
73031,7591.883658854516
37416,8606.947289204862
37979,15327.94379467854
36290,10182.50131819271
69950,11129.99778923818
89098,7831.405750590531
72515,26593.69715402282
94508,26928.454842732353
53030,6657.499048381111
68138,38514.69290541246
32208,18756.342527207442
99011,16680.223160839214
35617,45709.65052733384
53024,17372.45369965149
51006,6980.6898900459655
70505,19847.633947605264
64002,10442.02815438149
75349,14478.156935620174
82272,17995.304188155333
44564,20111.684869479628
48110,33331.973231299926
38407,27991.424872593205
36128,6505.44902312357
91947,21206.85314271852
33410,44826.61304071225
86192,13173.72168657989
34139,12709.585665610153
91308,29462.668950389972
37018,13962.040230878547
73621,29702.14041637037
94902,14328.746561867289
29328,9507.121922144683
76650,32293.560263125946
11773,9178.031747394678
98006,18528.086008505445
90218,10862.230036984234
68384,14172.399248457179
97902,9645.885840821453
98026,26091.413782744617
35859,10680.866945315502
31980,59690.59857916181
21268,10359.489146563741
27207,21943.21423452832
55625,8241.457876974482
98592,13594.281408041817
53281,8897.231765691675
19188,20707.94595010028
19103,15061.853674029864
71098,13561.3511251573
52983,20908.21982393131
81388,24433.97445782764
16656,14100.126890880672
28694,9344.770596927832
76002,17110.715581988905
55860,11989.008023962931
78431,9385.91783115083
48049,25263.070724287994
73281,27407.92785786833
12424,14873.500422342813
91686,17186.930521805167
89030,7803.871579575729
15518,14228.86696309711
21081,7247.979534128202
15263,10775.828714583928
45953,24934.199510237246
92045,22940.13280357807
21665,12158.848263062886
34856,21319.085685181482
24036,17972.18987176133
39603,14679.661482779768
10727,11740.598942473529
40640,18321.686902364658
68568,9221.520573923008
18758,14518.76096888486
89202,12142.470362661928
13543,27097.547091612527
77559,11449.18916454782
70037,9496.916427948068
34390,36509.65354285266
43915,14692.988560662168
90823,14473.043038565253
11069,28569.234426433846
17937,21640.94444622608
90154,8125.290871548004
83807,16551.778432654573
85915,31644.53724975232
83801,5625.470553642939
65343,28015.10358600285
38068,28541.797542985223
24136,16782.58155461461
38344,10980.322635884608
54519,13253.525419268257
99457,8560.9375634023
44064,12763.241651096509
30032,30968.414782676788
85788,8177.565519883265
78056,8814.58599096107
57420,17216.8080224008
14106,31998.279068831755
91506,11222.74961829544
52930,19298.79455808675
13948,19920.03546879452
77459,12450.820377094387
49198,3277.017564708114
80023,32798.8175388855
97698,20735.67017984788
57026,7364.073884744688
45399,17648.360824538366
58889,27390.118601190625
28226,14564.28671723439
10085,7242.997733667631
13084,7711.745493216336
54130,16631.945493896383
89336,10797.822424844537
30493,16114.616054352446
69267,30590.952240729155
38354,24561.91913199155
40506,10759.82415144087
72848,5849.051509324354
16622,17981.206513884692
57657,9271.197798305437
47219,26406.723769121752
87068,19795.199175099075
87282,9380.648408822733
83482,15381.284843034939
32860,10775.673481057947
58698,9483.78445813685
14026,12458.885018800876
11783,22136.095759101816
51410,19848.293549927148
76670,31872.973371212494
76814,12204.012028055262
98201,16712.093128473243
48704,14171.277980655406
42916,10353.607839188984
35979,11607.094592472244
37137,9954.68378048433
64147,13849.14647844189
88937,26083.256691421313
52443,10375.20477965689
17829,14546.76908399146
50836,10147.70795361538
37398,10680.866945315502
83811,71870.99100255019
16661,21423.76831316369
14622,19349.07258344267
85034,15410.628381643684
45334,25129.5672435224
21844,14534.425803315758
48181,30643.444557048424
47667,16836.621917030923
32328,24889.849489830307
59536,10858.770525624219
62513,9581.161236455791
25656,13421.616421066195
45578,6730.707391352165
85056,20660.41424148879
30401,30501.580554127802
57707,14977.942078723449
63607,43987.37969337614
29280,25658.587657162552
78642,16390.008885106723
47890,8099.885842213591
39523,11615.791124344705
25448,14544.45371886354
74690,10363.20872188636
89559,7711.745493216336
45131,7536.223624374648
15241,12749.619330855698
94120,5799.849489819959
93663,11479.973586621134
90727,17120.905103933084
37493,3821.90225336591
32011,20288.457360765566
95160,17723.33508363198
35086,22873.050913822906
29940,11263.753434818018
97160,24425.630243221243
51685,8147.961203433677
86549,9028.83601251597
47382,15114.965400545729
46929,15122.666857389611
59993,10303.217388241908
80857,9951.513407974231
43930,9326.068263154271
35833,32193.448898950912
16192,10652.193157434518
68968,10450.230736185978
73878,41005.22988295116
36880,13490.679243798077
43806,14157.150726380189
57093,5925.114776566426
35618,20170.965155590748
66116,22393.152656252583
96087,16280.174067359803
12617,3324.882387512238
20509,12564.089077852652
48103,16825.0904781353
64957,19517.53275781862
51125,8584.764642268066
23336,11489.540843794235
28250,14360.764006999008
38068,25298.888047236145
81148,25013.599016919987
66794,9223.958568470754
25134,14170.921190917865
68210,24697.25529149523
90998,19872.493214532165
23190,7296.005422361088
45189,11585.328441931593
22507,9734.023809167007
95180,11684.406305558583
43687,15962.055724958202
40239,16412.013968322666
52137,12473.750086644437
68844,23024.982065860455
75622,15254.218154139904
84246,39030.16623996896
50829,21242.707155315347
26151,28613.51276428329
15181,9748.285058375386
45413,6591.273114558044
57461,18657.19774867895
85131,10433.024305521147
55923,19513.903821414533
40083,13091.307704183882
11254,6779.059139534926
43596,13931.68834800135
88680,13276.698180025323
22817,11475.763494684632
79008,10503.921711052806
10004,7097.215446619655
15457,9744.886641152694
15836,6207.804630070135
65949,7305.458044916575
40869,9295.056375611382
34770,13941.125793501707
31022,15908.579039820277
51126,8399.289706149844
20513,22167.078479279193
27338,19363.88437615932
97520,13079.817328791709
89270,10158.881492598968
18392,30859.334525057995
67778,54152.12837277091
12284,22984.389960092947
93355,16137.311187926123
25543,18168.204411905343
18528,14485.703337009347
43707,8882.953477990906
95341,7560.623027141992
86112,7052.020291716002
32687,10115.362514512763
88008,22967.383579087087
89447,9156.29545141821
39373,13486.764655861793
11562,16000.784446197145
98377,15283.04910722464
82508,2029.5269468358401
85038,46335.42617378052
72502,22436.28504074722
46102,9941.050331944596
60983,12700.265668182103
82831,7652.63883782479
10643,18165.41942750114
82794,38128.91492152923
78568,8602.387972787
25991,15059.435106647255
55903,8363.956008139992
61363,9069.205159039986
47161,7777.471153178252
33448,11882.496587875852
35960,11689.066932973887
18664,14048.935792740192
57033,16901.41057903752
21142,14763.660436317687
50098,6203.940144575985
12898,27872.698412818776
70172,7423.883898833394
62423,18442.05849845094
51381,13666.92779711563
61178,15369.068997657285
27493,23452.423057411044
87093,16565.825258848552
30656,11235.719064232831
89906,15177.423758546716
12536,14716.659594895136
11852,13758.574972593286
94803,21835.052762278625
39057,21224.58055300841
79797,9555.561566816523
58212,15305.085355244924
40633,12951.350752499882
59355,11624.503926545782
86230,16146.208679615182
53146,8687.315585884517
45754,45769.96898681128
11367,14721.286295925842
72290,25953.869566811492
12969,7775.778904764504
65967,20815.364114603453
86159,22333.472311801404
61405,7970.066895941571
40713,10059.211168445192
57974,15707.63029111984
80854,16046.722792616702
45262,10773.498656741347
42706,13142.557748930269
80048,22406.627814099644
11652,51493.43285812083
44182,6479.80387953336
97582,45262.81274595542
53050,7678.434232361955
84284,12345.275000692498
22770,8648.24804899086
57078,25052.830348059557
95826,10764.603166891966
59095,42508.83391356085
32037,26812.71914555886
48867,14674.298961789202
32328,15941.393105953777
76349,25187.702684507785
93890,10009.347273604071
12448,12562.337865708396
93482,14430.693961707682
16022,11713.98068125088
88261,14444.398017194895
39868,10229.087374613795
57945,10879.712268445815
52781,7300.09423161021
77679,15173.019753930264
92538,14987.628698812205
69129,8288.17397659966
33950,10107.689043497568
78315,17306.057522876814
28178,8387.162042791717
45364,29698.38016129975
55698,9501.40493347977
17275,12671.398563568939
97838,8968.608648017598
98743,16630.56886172163
80375,9918.012385400083
58906,11992.66364879908
86588,12265.718049376545
56725,9857.737586748935
74872,9467.982748153516
11795,38319.2333129288
39037,16590.771248726945
77801,20943.058283665494
54086,73206.68837821818
88733,21717.966921443993
20734,9028.346333191908
45259,12695.90977973479
66013,36230.436278266076
26737,29755.753872838446
18290,18697.77228857362
15027,12525.400219173851
39360,20638.761440327366
46751,10784.400999241188
76832,9613.443866773143
18339,7493.063641975494
31712,9623.115279711445
51419,14162.385088088651
19454,10993.816940865978
82523,13753.708598624298
99278,11772.019952764113
79088,5879.081045643141
40554,18367.905740913568
34600,7469.248309669527
92547,10087.609787449674
50639,49992.07647797668
85642,24296.2108402655
71261,17908.013860115778
95412,46638.04695261559
18636,18092.45909564742
67312,6127.887837694363
56779,8348.037369767759
26203,19605.764610977465
56370,15634.169467641048
47249,7786.079951853058
33383,19380.057472157452
66263,18435.712318042213
80758,8078.838512462571
48382,8102.331758019811
75862,14174.084678988298
23431,24274.97317409468
61121,8278.326116502289
97186,7732.963891532278
12645,34541.949934117874
65561,18706.500232405757
11346,16379.773316189527
12510,4338.708468160763
53248,15237.259277746061
72079,4733.807483217035
40838,4131.963648196186
97856,13075.69807919155
13753,25035.240744806706
51234,6933.667020079969
20809,18520.712281779644
55203,10780.650920135575
31168,11376.07108820413
55426,7090.814311066486
45559,11655.940833586506
13113,17580.413597262414
39534,10847.132124938187
52730,13030.658081702317
12991,9010.664507678957
95071,11276.431878475774
17343,30186.685276227137
46090,23619.51847419883
86875,22965.904613847262
84847,23600.832934479346
68814,9297.534195638118
29586,8374.619117272068
28769,8161.14585264288
52298,16368.68534178207
77138,7138.72496059323
66368,32155.70468863621
73176,33982.47920513751
86326,34748.056288202075
75361,8078.953014998087
10001,11067.721633726032
17879,8801.891776857468
64331,22244.860726912564
57874,13653.883681148396
25649,15841.607743066394
37237,30498.43810385388
76346,9152.508706049313
71167,11312.71319817068
83279,29428.948755351757
81758,25659.930459851334
27455,2330.0188444266532
16407,3597.611795630086
76149,6140.843871098557
39161,14129.364018537924
98609,31579.884364923775
23119,15237.659394158049
32941,19029.411433620597
15252,35249.24046497121
81048,29128.87573025238
23112,22903.13421924537
83124,27241.1160370991
19626,18177.259446311244
43859,8164.902103212271
54574,5617.258688960932
95101,12951.105022478963
66424,8796.175746978752
63399,5593.60729063052
27590,16872.546291128652
68423,13377.447865063465
46661,31301.943355794014
79391,8540.376154521651
12383,24628.7901671801
41065,13482.705631381017
11926,24720.574063839107
28424,15385.923130900024
30222,14854.376191815123
39326,18799.09425950079
41798,8506.974726751825
83560,7733.2957559201695
78946,10384.235556949192
16214,15303.307329103875
84605,12793.433058086808
63270,7790.111681851264
45509,31781.960974397298
10525,13957.144891952816
38460,26161.34165924501
31928,24780.11269110827
55860,10177.326018004158
62448,6828.652458829381
78093,15925.375028121423
31384,19131.145529858415
87499,10507.00525314144
59969,16409.14818910168
34830,14406.54269852265
58354,17246.48066057444
43109,28874.15074833235
19340,19642.948901046722
89246,14578.266463363112
76821,45510.83778283357
74394,17772.7251668006
32721,26406.937053279107
36154,30926.527209321415
62807,13117.41484198373
58438,5001.27538026541
32782,16203.755896537132
17636,20140.618882462655
25666,5674.868564562839
66165,20832.89379454641
38489,14231.410318632607
28610,22564.5244904956
51872,9392.442343109746
44038,33422.95742867993
36726,11567.46012363011
53124,14419.19120735279
70810,38759.901836392215
12061,20812.299770765072
51814,16143.461127268116
54620,13341.337760507586
65664,17337.25615565462
87910,22159.98851979037
73014,10036.64791380315
59879,29300.17789502425
68381,14422.680864386502
47817,30695.183831966977
16615,11542.104569230654
22848,24635.091257572796
48276,18548.235067753994
78234,16053.060487443461
45707,10032.164900760494
40766,31898.36278104032
77596,5664.7433434750055
35824,18522.572217565088
22643,20500.166790235737
19842,12651.345289649227
87013,10733.453724518498
12226,7296.24983997368
48631,51830.737355256635
15146,13093.152231351196
67028,24540.48427554049
18780,14130.364007383876
13833,12934.202656946965
53430,9756.751486274366
26209,13008.97285069141
50138,16405.58485793738
74488,13982.027910495099
29714,11068.917572482154
40922,7817.073729553655
41041,15236.760259174423
26210,11737.668766342547
11840,9485.83721621208
41682,14364.870325451862
94851,6533.9998277734885
51210,17673.86196560757
61736,12821.85619503761
97779,12899.985409140201
32265,11620.434926437109
11402,15724.814130265348
80614,18628.95351445091
69795,10355.662323280363
31548,15135.190888283516
42576,16258.672889114292
64086,7901.9976758544635
58120,47224.32656041392
91570,13346.932760189487
73439,20389.27917309753
83283,18146.68031762831
84551,16201.66392520914
16994,6714.193445154813
46461,3272.661694578752
80533,9643.640558436193
86135,16124.177314160119
19123,10389.833301421271
35420,3883.934702238952
92658,12522.236989840216
52659,21250.247254582464
44174,17835.403790460616
17169,25988.79414213024
51625,24492.413513753992
16551,15600.64040024712
44070,11462.943942016931
53174,10609.636036602727
27550,9405.196385482865
72502,12379.105764712622
42303,17397.110450695724
87889,12680.678725791468
79305,8611.040524758138
86663,18167.63524929873
68736,10304.02599906574
28897,9244.711662166961
88416,25055.703079671992
49490,10060.04829238903
54907,11166.388792712401
89194,13550.00580802847
17241,16279.387626068854
63272,18711.467132410773
90894,14648.226666154145
47198,10870.037269382194
42029,8431.277873472047
29192,11548.61862047136
19104,12563.475473782222
96530,7722.060487547007
27981,15839.758243636656
74046,12723.374235756051
66532,5711.852531915663
52516,45511.37915330815
25571,13081.471295086116
98128,10074.24604872038
37579,8174.058452748057
11832,31237.224258640563
83234,10132.05452831247
89500,27568.10663032392
62680,13219.173271749041
87206,37603.508098531696
60828,15732.839133184714
70219,11148.474015765885
86575,12171.08337368588
34375,14043.289601490846
54917,19802.124683461552
18059,3332.1935563185634
89467,14188.4573440499
97922,53869.59048534374
18326,8647.36541090941
91120,22236.89656705522
88489,12340.235323782075
88997,11632.319752944342
33573,13483.383746332696
71027,15249.667615067205
81175,22594.16818129715
81442,24680.05368964915
78220,41170.970476287126
59219,22771.868098414976
20157,16052.916502657681
71619,16269.270072712445
59024,13567.52321999714
16918,14137.75566020081
33210,32135.29509414264
11282,6397.549235319719
87335,9149.544773776295
35477,33586.410760293045
18655,13724.692384182013
89022,29552.371067301145
54078,6447.147007754202
50587,20075.246362701768
68120,10764.782075532112
10805,38334.85717878712
37275,14602.65433060933
99319,11908.99950109485
82326,7445.013063467197
12551,18090.54565001385
37337,7201.00453576815
30186,5526.053757129632
80703,15696.494891272561
57607,13289.190399111898
33106,17965.896700343153
83902,9842.301601785124
26707,8966.407678634632
28411,10616.61097708178
68070,10706.410513647465
31955,19410.439454620697
11699,28350.134862424282
31317,21714.04636164653
67885,29957.074331304764
11473,34403.503843240775
86909,19773.724673780554
11762,30292.731010605406
81736,20428.881177217467
99690,30366.153884649128
71686,13679.057646029662
34127,15822.368343428914
83656,13227.799685554095
73479,14285.20252520404
90895,7438.519139064734
22480,9951.954480915067
24229,6438.562246572896
34976,20526.81351192237
81772,18437.641357396024
75192,8405.564023007084
53451,10097.319627254054
25252,15599.773341406135
82503,28185.194360370133
29477,9222.304553955226
77309,27743.39743988315
83062,23783.88465707835
77825,11115.934999260013
19583,10513.221164224402
20969,25334.276510313546
10037,11584.110560484922
42544,13401.093217914076
55273,30104.339841880763
35610,9871.611608188514
39258,21257.9161173661
50195,28170.727063834936
94658,25421.688206302035
19108,8636.80104274104
56688,19954.595227445014
73136,12885.787183534581
93245,17225.028690414987
36877,7961.583814493684
50302,16496.233173560617
74610,24215.943795788986
39572,18004.901206599236
13566,4406.360890435206
14425,9259.495858359012
48741,28613.124400658497
91333,9373.328372342032
18908,29949.39531833851
42307,18491.729879531445
73166,32212.42084987085
32150,14180.307910061203
40525,12305.042085286394
96792,30129.479381759204
83338,10121.694424478617
88319,18799.067155477263
91545,9662.707639660406
60499,15820.976961091452
53706,14541.304140264529
47668,21066.187332189184
48144,13975.157906677614
94361,17638.044585244734
53291,26304.954947402162
41605,12577.410174327124
39332,14618.559345403559
27060,32647.690525972284
66300,13062.802353827803
80637,13517.536844073815
71486,17932.752013327343
92792,26595.098787528423
32975,11667.522336439302
84445,4159.231484974338
79698,12982.73228748732
59059,20842.12161054153
69359,6845.871268247478
62673,14175.430542389375
65232,9576.457529479958
57723,6949.706417143088
57831,13645.23165618744
52977,11400.65002372256
10638,20846.41086751999
73541,9262.924517732972
31018,38759.901836392215
53368,15035.486737968873
39917,17783.619166845576
83848,19664.4779611736
13454,10918.328652018556
79955,30355.42817032123
25995,8541.840009177677
49875,13926.159183465681
17634,8891.095198702747
91620,12466.324183230428
96575,10410.105065392916
24427,11660.250324145793
68785,27469.392330988776
55827,6162.322079423066
82257,11498.938345546678
99327,20161.584718855418
94774,29675.85421986759
52445,10037.52903010501
94781,20954.560503333396
52577,17120.176975395607
42690,6186.299875477622
46675,9848.965601908789
19691,12994.204713924333
12781,24663.52023737756
64791,9955.519729532323
72468,6178.540940688537
95513,9667.2269042663
20770,30984.681973712773
46481,4679.21773944388
88837,19827.64242557944
45275,109836.89135473555
70368,39680.88526985878
63142,7898.907708720846
36937,31346.482788733498
54649,11417.481833733764
77011,11949.665440535759
26810,12073.025615037126
37342,19344.10750423352
76487,14309.067833860201
41620,28036.779017821926
49485,17309.881062394405
56576,14063.326730634819
46719,29853.54581448042
89809,31462.964494409178
74384,10191.37351770428
18436,14470.425100336972
65058,10499.026747804292
52332,11618.36711711105
13731,20208.71951281988
51833,18653.66561048809
98968,9291.91661244948
14439,33872.4045701994
40468,23265.83536811091
84834,15941.62014243713
13940,27830.105044135482
92859,14414.025082996079
47830,6435.472612464486
56222,8486.782667339945
16539,20856.827533157895
55595,10061.095313912443
97380,32958.72605022172
43083,10755.863459450971
95740,9480.780431782128
66495,16522.705358379422
77826,18149.92078203071
73239,9147.870936743031
79076,1214.328450683719
57648,18353.451572180213
95678,8420.716014909205
39060,31428.338731671316
73010,21911.930060514893
39033,17090.99962320284
38644,18437.87013526313
59430,34780.409783659525
29631,7526.7966604600715
91137,18625.734343916713
16581,10874.930503587231
22286,17794.807527177094
41756,36527.931140962784
88109,16136.054041752304
32503,8319.485618860836
12326,9702.00437117169
40114,12352.122472920695
19307,20257.490150169167
26240,790.8218253609157
86075,9373.586746983285
73196,10792.5370314261
26985,10702.451102876816
69959,9319.24202447489
97713,16685.745801262117
23835,23308.394944805943
73776,8572.952712542821
16255,11110.843943514858
73972,21442.807307933203
29043,8500.265794951647
37568,9032.591393095525
25734,26969.050528005755
26651,40885.657722454955
52710,11692.766867584194
96160,50481.771280533954
99452,10792.395246713017
51751,21418.907666467974
63913,4235.820819771334
25358,27278.804415115912
87716,6866.051109234924
18715,41120.87656668012
70993,9264.658047540022
48577,17470.07735376213
88315,20668.615515423407
50700,19675.17363898811
33740,12948.066620067239
62390,16713.35457960362
65758,104701.50467090009
98028,19477.87992356979
97769,27194.519314432666
73103,17600.945170678682
93776,9931.972584669307
89537,8870.804673693072
50263,11973.912126675008
22801,10604.723959569803
14273,19568.892007597264
17361,35707.25716788156
45896,8431.271275335575
83974,7771.708445113061
11342,14624.906470922084
50051,17173.17871721552
75662,10184.623047199892
15602,10585.43118513083
71140,32263.003802806183
34338,14321.781739035327
73754,27661.528940333257
30498,9461.019786743795
76451,13023.606379381446
67683,8207.626148097448
11289,22471.64187968719
60559,41430.73491961759
15375,23796.43055843242
43778,7378.357054994058
73006,17473.220757581777
45645,11157.800232086624
74590,10781.647948844726
46600,26396.040004812574
10581,12095.787842601088
80708,5900.666646425136
57144,12928.267556579483
58002,42938.97425411001
12365,12643.221883884347
95187,11860.219251504477
20958,8726.252213546719
26652,14279.074875454575
72738,7341.497571400492
73609,18009.17351577679
20405,17019.4001203959
89620,10450.230736185978
35177,9998.692938367885
34046,30473.312537001853
57023,3425.8900045118353
20957,12855.129144774737
53658,11666.120980760108
28249,20122.380219217626
41162,11803.103840439879
31018,9285.474547819063
41112,9069.205159039986
21637,19541.140333975185
66542,14205.92157602484
81225,9918.028422963092
21484,13017.827284595794
45938,9567.831163099389
97268,12436.785248478423
94508,13635.215718067077
56048,7812.524448100867
59662,4831.737464669875
21215,11673.316704054927
54970,21429.588546676594
69121,14482.341784553797
37824,12462.880644760953
83821,19963.617811932654
92848,32946.51995187116
27377,28893.5616668164
46455,14303.912811317748
89280,10071.154610094916
50008,8123.520094934884
17502,7562.12560993268
85306,10947.136417667516
86130,12672.677961540425
12709,43911.64418315093
18417,10853.92248777784
25333,14855.121464404778
96517,10837.003474259027
30341,21989.619253699882
53206,10000.57322274439
32576,41190.73582658599
93658,8667.417725512358
21607,9583.125458989352
92959,309.2751933118416
84120,15754.564061668905
47662,19221.703617837346
18829,23109.33866000545
37047,16847.104129768733
48108,25906.397283512742
48237,28816.29502206228
61890,19440.67371493867
76321,7752.619143700153
63005,18259.17449732787
29170,13116.962527360365
43440,11970.099543133429
80909,16494.252739476735
87816,11027.844464155674
56493,12493.113423962699
40061,15353.88808417852
90593,25856.97027928403
21771,20065.340802016504
22192,15871.114906433311
20613,7122.932575790484
98771,19076.434195718164
73815,6419.826151822506
61666,13622.090312680823
63247,19047.974817106846
87951,16327.001799599904
55096,25519.511857748934
54185,21653.991066719675
65703,13706.097154023886
35867,13405.303249468468
50059,10984.83287939871
57823,32345.71078853646
67947,31179.499380680652
94295,11841.35749760746
45384,6476.343807051124
62210,11253.32187839153
72606,12540.020488338818
70349,10551.98090787731
95264,10246.38412675101
68608,22864.519299786356
58283,15837.779332792794
11339,29710.487295383413
46286,8700.126441211978
74081,10840.818804520914
73933,11667.522336439302
65022,121952.68196509141
54157,12253.705977598867
94210,12006.787970955655
29995,29301.44108731339
14396,13192.880679917087
18028,9339.84412280052
33895,17372.45369965149
15329,21682.276138710047
53859,16822.03111830474
35888,6193.837563197576
10170,12184.051622974699
32803,7049.507310815492
69080,7611.224451847444
62000,19200.558892604266
67805,16098.74124777612
46607,7945.696728515679
28997,10256.40768918717
68891,11557.2312222983
61035,5514.015668916856
62346,12531.09133693613
76138,14814.282522716712
26674,25842.366419627062
43124,20167.294059207725
71376,13943.209520676652
74330,24021.271664770793
85141,9740.272899834172
13792,24352.17882829887
65266,10830.091680031102
25916,6402.123801608388
49037,19121.10892345053
52164,20477.36839501541
35653,18302.812005297186
39502,23948.585946938514
85315,23305.173697345363
27901,12077.454720912545
98212,7028.663985135947
78532,20575.982613942382
26700,18397.27304383405
23214,10585.388405467827
79364,32095.10372858116
60702,9283.367569290405
31013,9345.858044421955
27092,12997.549689838146
19458,25584.41478029808
44068,11460.802184504577
61815,14717.581284444339
61063,8263.441172648054
27959,23690.262102698012
21272,38802.709077572996
34235,12077.599050362674
36961,7438.605406183044
22537,10092.558066816293
27459,10416.909659126883
80491,17006.240877731874
81086,21445.659013610617
39044,25720.102688629948
54191,22025.146442218414
96182,13258.219794236511
66171,21346.883999028698
35183,18078.409451922875
34441,9066.557588231743
86865,19023.889590246836
42573,7403.697279959766
17786,10315.647719517074
88159,20290.002462924454
64795,15750.2139206588
99418,14511.879933011143
15581,22495.587422099212
76656,13281.70571895914
56680,25825.40420302803
43596,7082.21284061008
12599,12092.872576476724
66287,11473.077046249873
78724,17516.184903824127
58774,27905.425248120897
37998,17556.008922902245
64854,13253.50889570629
27277,21054.864575141506
51753,20600.801894522825
28580,17381.42892296715
98882,7644.26975350511
11183,22116.933062118605
48307,32023.7467239608
40991,8841.01553660507
26001,10697.045372535653
37908,36492.21983005447
18619,9539.051129224985
69590,24925.49295160606
61486,8957.636965449401
59130,37195.22966601538
80271,12811.846138038232
71736,33252.62085321326
97604,22436.10461469877
76988,29823.435144035742
73351,21779.88890344227
66419,17520.407921329777
39437,19632.24492454424
41136,16806.750721962195
34314,32573.169095630186
68158,18271.268281306362
34887,6897.721156407724
65795,10825.34284134992
94841,19855.95062144796
96772,13381.770610039139
62789,41534.27877639102
37945,14871.388681500723
86405,15631.933108063482
11029,7687.109844883849
73485,15762.262204911514
67787,35999.79050303054
77161,7575.190093603602
56795,18764.401940065385
60685,14827.862477910146
41976,52769.36391741776
94907,31742.763572654778
77356,7151.496017100708
72300,10782.976653355076
75542,49472.11113241475
18880,14344.417445457166
74347,12192.71814923661
84141,23783.03060465909
91165,24663.571699255324
86089,31475.861333547364
54669,19915.433345764424
57855,17412.243224526268
31763,7299.852237770701
47308,16517.39993516449
47018,10221.192143358801
44629,10208.187415203065
34639,5579.005905236225
12637,27074.011104522975
46147,48676.71523308084
10310,15598.55402496082
80925,15069.26023481564
78355,28033.52485758488
99166,39042.60564169859
27970,17838.125164217796
15561,15198.204953618708
52911,20682.03389538779
50513,22361.78781020591
59010,16809.333906109136
34328,8360.598477120624
14228,6515.024845563748
69963,17688.637902855196
97746,18400.608102255184
71354,24499.998232762107
29631,7038.078092319896
72925,6820.039245270511
13491,10399.2560765875
43364,9485.272055994115
38597,15213.195738777073
86374,24712.085250813856
46778,9111.758009924259
55255,24986.543011032154
99861,7289.446578616582
88373,16844.030206374624
48669,17741.611215233374
32869,24533.158305836405
66588,10861.717959335892
89692,18496.24645818533
85199,30607.265936732278
20416,9641.875409567034
53185,9388.272612661038
86561,8279.746272517936
78146,11714.92624349425
72650,14907.349368537964
67651,15587.507727405962
38448,7648.625780611448
23677,11727.294380985208
79107,25973.43407745764
51184,5577.381838704234
27915,16144.744073535488
68147,16908.08346531261
55606,19882.721838584257
56032,14907.881017685171
82542,8986.990546244133
87639,10963.149303670358
75586,21226.237458123484
42295,28660.4807989352
16112,13566.507243540456
13677,7598.329761070259
25925,4423.034333004793
25951,18518.591340904935
11432,19362.93950411443
36402,39247.37500366989
56711,25908.83621036102
86838,7804.54555847196
71478,17638.57711523947
14750,16309.790523036685
61747,8843.38541365345
49943,11270.987648835347
68071,11163.01743737435
65760,16432.177213902087
93203,23786.48150485928
24099,15909.36019092211
51161,11689.335016283352
10064,6270.078942970204
76776,8605.952163783742
88362,10419.854828436473
35144,10131.460773583589
82043,11451.735548222428
89463,22011.491127721863
24812,27104.399644487043
39363,23775.20121906101
24615,13365.501360783208
80815,14172.496990220356
97222,9416.272320704422
10957,16627.22603328055
19528,5795.0483757057955
32135,9139.547786546695
17415,14788.151601987658
53488,9524.574772614098
45147,10667.833489511691
86633,46721.302008518265
31578,12125.381772637555
73843,18178.315643717237
88872,24046.902172860377
45243,9573.027562169747
34833,10275.236604207823
65749,26524.88138118569
24023,6664.541001827436
92293,10124.508152164479
89547,11038.799700775679
16601,12416.989859530155
73306,7324.181124144679
60524,11479.973586621134
83147,22081.67954022984
55389,17334.960579465536
86200,15870.732643421623
50145,18509.32636928844
18646,8087.650347086048
59359,45494.20313775976
74264,8101.207631539939
50859,18496.24645818533
51596,13294.628639799239
25740,12136.10073990016
89854,31853.054413542224
94360,13470.775270056612
91181,7544.23365768117
36152,25096.47631630921
41143,10698.281276897083
62691,13230.77027898368
80397,6770.891277985587
68875,17006.29350796728
85386,23738.417849248675
93350,13066.694214426898
44985,16324.49442555912
64591,9140.082056610283
66210,28313.15377745247
18913,13225.852134352459
32613,9675.862625842217
59771,29023.7146612618
73814,11020.88228549696
25403,11202.182180823715
52435,25299.978309604736
68989,50971.03763329679
64494,17795.765833423255
95822,16551.70186118332
77096,6151.727887506828
99962,30077.10702587978
44729,20934.199150533153
20786,7412.942323556983
33089,29223.16947426236
26586,21275.363492641776
62904,19892.49712586987
62488,23565.644800010334
65920,18956.828404574393
12775,20164.504721042736
88784,15061.152978032562
57437,15762.899128689665
35070,11298.756954969165
73993,8331.911325164769
44790,12054.455045828332
12424,4350.368613532613
68914,11140.333953898915
34216,8169.070650733411
60057,10288.24462532795
76857,9210.91763731317
87148,14532.841507317617
95777,23960.455897484797
88274,19170.64715701594
29053,13691.53167697519
38164,11212.769388292523
17007,26808.355215286952
18877,20345.135440968377
53929,15306.769840909978
85792,16919.447004228612
30255,14892.34570478963
75208,24622.128589664695
48581,31720.24539630508
86097,27072.009753423987
93068,8020.175357065496
11617,18569.699067974212
41322,13221.171670945103
67372,28402.35026064467
90762,32192.232584403188
74500,7191.868849095295
40440,15385.909523920243
65790,13581.832549774597
77787,9587.567908388624
49531,30730.243479347464
37274,9629.69869790239
44939,11910.687843960279
56342,7663.444148852022
87960,13526.36454749845
51857,16302.369427600444
19577,9565.749872005523
42862,28533.853903108004
34199,29069.831230944656
17781,9686.984612904642
89184,9192.37395926076
12799,18799.272045362814
65937,6611.308230469571
93953,9833.566439882848
44834,6723.111191677723
41778,30773.568390944194
26989,7842.294162771437
54092,9479.401187518357
93540,30822.073696711777
50693,8643.057682820421
60940,9667.348265235596
89163,36589.34285598107
66543,38424.65074910051
64890,24525.1395965751
57960,30931.651475659964
34753,7078.013929176908
97110,11773.19752600956
70068,46677.55797050458
59568,12494.177008339764
76441,31247.23786416682
98796,14651.897845144298
72629,11635.852553851382
12315,32859.69499394297
16679,12820.178004274494
20952,11216.634623575988
46682,10101.712228133652
90230,11216.51206945273
20382,9472.754899497588
10745,16583.046423886364
88101,31765.860396016156
32256,14682.563064475802
51383,13820.841424648972
72305,11624.31593843584
27444,15154.553726081253
28725,11657.313930707409
83372,35345.10953463867
75253,10236.479559695506
33902,33047.91149375757
20235,5833.118305611131
86955,9016.535731012824
62400,27743.902103246728
76410,10067.13816975069
52524,8474.946777549565
19509,13474.952127551853
27205,26786.401186458697
70862,16826.959725123754
55934,10614.356382835183
65311,43060.7443425513
14469,19915.27326266517
38061,15289.547226579818
39804,20608.004276317413
26082,11800.536840772322
83356,15208.241348994994
24467,9954.663423194834
57750,11908.99950109485
70030,11563.561743036891
60874,22366.44227795289
58548,8243.327898959751
47164,9641.499042876621
50997,23286.433849570138
16209,9924.414089800046
95171,7447.795068493404
62837,11981.376251418693
54560,27714.560056114533
27938,11357.821846470622
36258,22721.219580477275
87469,14030.351866923065
44946,25861.429093068702
94645,12316.562886033837
27028,7707.245237948449
21392,9593.9839326101
34629,25165.05794203651
54774,23720.479769002388
14996,7338.627399503741
29559,5222.833098237941
76048,53098.62472235773
19916,12618.78706913794
52738,6649.531208270944
84682,29072.41043788809
38000,12116.41075759372
10560,7512.19944024486
71221,8197.562334312932
97623,12092.243316146622
42728,26562.23215347669
35807,18425.412077190307
18274,5827.94206202462
80393,14602.037857382218
37580,18250.50749654555
99941,10268.840132405345
47810,9035.559380863364
52881,8628.665020486402
38463,10256.681990092166
15494,22633.04985215192
45353,8548.686152246773
14255,8389.785100718487
22001,12668.834626645124
83332,15037.605669179558
93544,7634.433658583253
87012,23815.244316389697
96121,29052.934240709394
26483,24467.81666074753
10569,9984.055828334313
62669,29346.050828034324
70554,13287.210069112014
40356,32904.929801162834
42680,6817.3473647565625
12953,11903.320263440908
11929,21554.84476179138
41386,9954.23958135046
64294,11977.44733114971
65556,12544.570189653425
59201,10112.97717920897
31029,7427.974261578009
84845,24653.718958381192
85601,15583.449622990061
87055,15951.83359027503
75096,12621.602758192705
88481,12897.748762400797
21560,10642.53619322076
29939,15857.99990454089
75006,11331.611336112557
12069,6448.215062953779
96317,7957.113574625655
73636,33995.465821819394
32344,9551.593377273844
16155,18189.967678711364
27070,6811.759980283776
57046,15461.75014581018
90823,32607.807902767447
29837,17741.806827523164
35841,16530.021980935046
64002,10287.70430657338
64820,7326.070492936551
44785,3852.4132963551783
31127,17257.96871106553
71608,8390.658047319992
18023,15940.852598242618
65575,8458.239411909266
97317,18258.378917164955
62907,36226.614193762245
19465,10053.111088494234
39652,20182.366767286137
96256,30482.64821320473
18743,13476.215069009271
72310,13350.8995097082
68015,10078.134911445348
59274,14699.830637787863
26214,10652.918784066731
48510,8561.77711576683
11840,9809.374124894368
60369,3094.2072239675326
85147,12423.420398042683
13609,13093.270591279352
22762,26840.91636586032
63269,26382.704516928003
42907,20351.404043866212
69686,9574.595894153994
12666,31365.664570640405
61497,11147.144489434173
85038,10135.620096835115
65968,9441.175665402045
47503,30184.02966127665
95583,21453.020789389106
80246,26706.126202912226
98829,7352.039202716427
39877,14161.670927249177
81275,29713.708128906022
34570,33741.470925023474
86885,21715.706749576482
44490,14889.338362412464
89862,27343.72159381741
93892,27559.584472540042
69473,7515.450521923072
95808,9497.292458407748
13414,22536.479102611425
38514,24515.638260111795
38175,17988.301429690426
98685,8918.881759745525
27186,14398.163036768245
99184,6516.161791508317
53585,8833.10928829117
44927,22333.465431955858
25748,7491.628551726901
90752,8360.402927107769
26775,8347.284570580427
85357,22705.130724662555
42709,17418.098205737442
27055,50585.939193003214
95894,6391.885933040188
63961,16160.351186634663
17899,7072.0180519633905
88248,19196.4960671857
81696,23578.68703486487
41896,10701.622505456082
20346,16181.749437411707
64353,16154.139488492801
97835,37572.553109256885
99374,23764.0760066819
36675,11826.68052907004
72408,14169.168391979287
75612,14566.68098774441
16481,12212.865507398064
79548,23612.699627849775
83979,11812.332567226857
87080,9902.699228749963
74428,13570.45563038953
95164,3757.600895713622
43374,9921.675371798805
57700,11842.764844184901
54890,14483.222235487277
27529,15573.30793692005
39039,7603.375365010432
21541,10107.266673700462
62414,19460.912155586495
27325,65611.19685024221
98606,9331.849637712856
47581,8806.106241933594
68423,6802.194442756965
44449,9992.292273248995
12538,18401.054598695915
35051,38964.476479917925
84793,7349.030489275532
85660,14047.97923497322
40238,15895.216820305375
83468,14776.627355430826
12091,14060.040391039349
87642,48483.17648556785
99560,14398.141051566325
45015,13069.748899477954
93533,19734.375299317988
84941,18614.05802241006
99518,26045.84493724498
64270,11532.080420012495
14109,14576.535044222675
59833,61279.90802730237
34314,10159.741174118139
72723,11238.114656899734
42631,7569.034044907157
80171,18050.88319820942
44688,22546.02687379942
92813,7546.6921253739365
53060,12879.212938106097
68736,40477.921002529256
88475,53328.76320186198
59887,9905.303028463877
69956,16869.51300169402
21550,18239.328443893482
14013,9272.64066435996
93293,13008.043134573942
84172,11540.53523794682
72874,12012.181576750789
39993,7183.0512073564405
76565,8662.684100239803
14239,23545.434569129276
57884,20707.6713672806
46551,13931.400657184855
87855,28954.892071737115
96923,11674.49899405013
24872,32646.872317373316
49386,20542.06656837671
19631,18559.065615629825
17196,15480.579268723579
41918,25968.921347697782
23468,25729.171058269436
76708,23651.137489249297
36263,23137.095483046607
88247,18224.506872574362
19656,10758.380967304638
16492,6571.523531747407
55132,20810.826905357364
49453,11555.060781248096
52019,6249.245172995559
54943,9037.135239966472
77013,11751.331203296948
22637,16718.42734591007
37539,7612.000121066458
22880,7527.399671064084
39516,31328.681119846282
95021,26460.40173771216
95855,13776.238247751842
81870,14548.782241682762
94504,14742.991074920434
30681,19336.976632313344
15998,11013.322100460056
61188,13837.173588894686
31860,7962.018025302283
33548,30631.452157741463
66421,16034.296845147814
60616,25304.372334001637
39457,10237.50272422882
59650,12430.035083494353
97035,21893.06155027924
68771,25878.424732980777
88451,18677.01375629893
26582,8885.489407262086
12299,15729.464270087214
21627,20173.71215828548
41493,8910.062473907443
59018,12561.007275386059
86528,16773.348852039322
60838,9145.803933527903
93694,8322.882684472288
25290,15925.406311544835
71767,8224.536975058512
80696,12969.227294682427
45748,7451.713174141829
56615,22166.56334752475
58375,54923.917343504974
16833,11572.532481535818
22657,11743.140926040629
99382,10827.110597624214
66526,10622.039154506328
40522,15711.63009879281
57478,12868.761500094775
84063,11475.928673039954
55125,19783.59787948354
26775,9934.528284862698
29242,10045.958237996063
21672,20455.142117344887
87618,42925.082302971205
50336,9453.067669558608
55138,18463.551929448116
29629,14318.883117125375
97938,11551.150616552542
63506,13566.198076390265
35255,12095.665472112065
20485,7348.679137038387
82156,23459.299861480755
97283,23338.935055440154
35343,12643.221883884347
25417,11077.728128884017
30336,16874.36107258685
67005,6967.47047665145
93384,23741.910392836875
66575,8749.046589646954
64653,41603.987897455605
60784,11987.283780764225
67041,7062.7042609278815
10608,3532.2225419866572
17218,30510.554836677456
77673,18579.918885203737
44342,9328.00784026989
71570,33654.569338444584
67711,29386.63645703633
61296,10130.119959467824
27858,20766.815642751837
18307,7562.12560993268
18187,14028.626505808264
77047,54916.40607217801
59202,10321.264598975544
83604,16377.333750237376
54347,5751.338802037035
33259,27863.335281716267
74646,19382.74112236737
41745,15038.971523745699
50455,32720.88954221799
27341,7163.678917105821
20394,24458.005158802844
66710,24146.938481343717
30953,21945.714113851827
67815,23005.981598309176
81610,21059.117081592354
80647,15465.37252411936
18662,12712.085527823772
32411,10337.247020781662
43870,16992.650528164137
29094,34611.39082814602
22135,18717.9306738518
28045,24403.254122062415
91353,11513.756723442446
59613,25198.038820824033
93405,7279.959634762306
21481,9808.369391026035
58237,19530.6442990852
86335,14406.513473764162
13452,14126.438724824944
82526,35256.57556748115
52370,10996.269082988703
18498,14201.042123440417
72296,22460.130339035375
18521,11359.844370649687
52216,7846.332412815531
34900,18266.82157091073
32876,15267.491697863667
80822,21268.750914788016
63760,13570.15687014522
72317,22849.13392909993
97219,15347.715783329211
60172,21564.96289521431
37305,12628.032448523496
12001,5097.8155048913995
15660,13752.694571489075
69958,16042.709917929069
85221,6010.742293655985
35812,14797.295646100998
16834,43379.416834711374
19693,20541.02835635157
95808,15751.21888416138
53245,16028.711917199838
78483,11468.511661155033
22170,24175.431241343555
79224,20137.62324175855
37290,14842.595714777011
73622,48390.07164535443
52088,11106.126988716318
39853,18333.073931470783
86974,7490.32488055025
39139,11272.132789966854
39022,30928.19218945256
12060,13103.868428690426
81812,15131.13857777354
33523,16718.188774042846
71572,15560.06038985027
46379,32618.250459391624
29664,20917.31703643709
97672,16936.357154218018
57444,14101.467369763091
90192,12160.972669573419
81280,15314.317670606484
28221,9511.313485227409
62338,25553.832846358528
26282,12369.74533759004
92235,17381.65735765332
18568,22802.39030366162
25939,6754.154151480647
53032,19849.532895065106
52475,18885.32302478807
72960,6314.097348657224
65042,27497.43680515248
25269,49150.84408222047
78429,43977.31858965047
40135,21205.474277338893
59681,21593.41383865658
68660,10724.938212137684
57535,17808.51897191824
25137,15294.354306743375
81280,31991.704288497276
24393,9326.803526837615
26025,12853.721159820992
50162,11869.93736153679
36686,32572.92476458526
78674,62483.49478376474
40257,12999.99788489467
95051,7054.000294044294
72862,14687.710690778214
23666,11291.93152200109
97664,17485.790701870355
36094,21178.710059946312
87378,10283.073549433466
67281,17472.826594444534
10195,16884.718074161898
52901,7385.729223169632
89789,13796.600266449579
18245,11678.605681832627
75496,20033.295853210813
66690,13840.25214741977
28825,13664.507294225736
54237,6875.361299503444
12696,12628.451592186062
25198,10722.755875339535
19003,6862.522002475014
51247,24651.56921192989
86647,35837.44189047763
97881,9273.41488012792
89527,11775.688049450175
62529,29915.04960911601
65781,12224.430189704879
51102,8385.017385345027
45759,23210.00216972125
45129,19009.841780732226
44266,17203.507761837445
26776,13383.12120119101
60983,15020.984827626577
45222,13226.568561476273
47063,27131.49510379833
74196,19418.565789311633
58352,24954.520783835927
10119,7160.708843774135
74343,20511.65713553613
79679,12032.835493324637
85485,19048.491847949685
51953,47427.59490576554
10633,15274.297103907236
83137,16406.214732278266
26939,7816.316566729945
77756,42361.176407153696
97363,8593.698533008408
78152,7384.973759273003
88140,10228.965067995825
76079,20639.7237356914
10586,9532.960302344452
34603,25415.289635423716
25965,14821.336826001216
90983,22479.421377147428
57859,9856.888576907822
71770,14063.726433731508
80615,29515.36240603112
95142,9752.792815964545
38612,11199.486392348123
43498,27363.420835084544
58094,12549.150052960063
26020,12385.59479289055
30152,15523.636414992015
78536,21955.159251324087
20667,66642.21594170245
61878,8289.779076543231
33763,17624.938710990366
56778,16051.027317708165
98169,13739.54715422617
89020,35926.77755572388
38504,11647.16549522325
93284,13151.291469721318
79982,27331.847302868053
43267,7879.310392655032
38315,10177.955555155277
88818,4930.972279659529
96454,28157.45572177209
98772,9471.42743813607
44166,29624.509822502896
50527,28279.801992067543
86520,13611.190620129139
25721,13134.664285040677
72350,9376.949752781555
29709,10367.978629496749
53941,8584.179458815355
34246,40588.89938368991
92837,19038.690080189943
20869,10054.080075921102
30733,10255.246109806834
27149,18831.638099641154
95635,31991.190185254796
97439,11433.79768476068
39214,11168.868941824603
95697,19776.773852023638
60717,21594.83430556937
81901,32026.21879811492
56933,8505.280935920884
69174,29507.342508625603
39042,14040.382687074896
94887,12684.613701664064
73220,11330.066100516244
37045,10353.463690568955
44304,13579.420461221784
24740,24716.636853912583
48252,8999.1963409188
19933,16745.152644299284
42779,16749.607673611892
93765,15716.619563251752
28314,16537.798188391982
32323,16879.815133999313
54021,12917.472563087991
11514,7642.597122548394
54742,17074.263265194866
30318,18230.167491575645
38225,7798.887395871681
87370,30898.337799740864
86376,11863.963878331764
24353,7838.3425907926685
64000,18327.70058427969
93200,11752.288361664076
35460,21781.72468267023
40369,18097.72055195561
34151,14447.908177324236
16583,13269.09551893513
68902,12707.67642907388
73390,17821.0078467947
40302,14380.168743426813
69193,18118.682755879505
64960,9067.492471794816
98221,52492.15298310195
69236,8868.652180961122
80119,46395.21291580568
15676,7705.52668031889
21848,12872.571388325216
35911,17740.10948050242
83485,9964.40857549827
86416,43044.98157531562
81490,19649.01753968269
21113,4144.701480309974
93442,18255.15080965171
19059,9043.003180905132
61969,11297.40426382042
81430,9635.46874723688
35604,11536.744440207098
29102,10092.581767834628
85801,54444.642236734144
18766,5692.718658516918
65123,14420.813524855515
34896,17358.67275440337
97594,11843.433001658817
70357,17328.069657908967
31231,21458.521542882052
49381,5736.873232177637
18111,30601.115604337814
88944,7975.952149728535
40868,29421.43865879048
70858,10772.852346148062
13563,20570.222540028095
27324,17634.242950647716
24563,14617.91421446508
54374,13620.242261848081
97211,19593.072744914924
33602,16775.40054409899
38252,6267.35984687046
88732,10904.004810350845
12439,24266.517977592368
55752,9625.363379520197
29344,21570.4801848903
48913,10048.567503633503
21667,15568.960036394887
25163,12605.428002597862
43897,14459.510032031532
13809,12857.854594458924
99489,10905.066108517618
51324,83052.60783396929
72286,10739.063465227231
70403,11827.267556347842
99367,28442.73363000575
16065,11814.163774333272
34380,7473.045231362465
86170,13773.01840787333
32799,19616.41693404643
42400,14042.686399600487
14721,6352.9846989482085
35818,14143.459380337936
67601,14102.140658626466
53902,17971.64205295412
34765,6419.576394264039
63673,13884.406869254146
21270,12195.597953451983
86545,38512.39527885544
57627,7626.8359424231385
70142,14008.598366679129
63087,22145.529534932422
65788,27224.905076687377
15035,12498.902960427815
60021,10597.588700187825
81300,46155.59992700232
19734,13227.18264585252
35220,5960.249020489517
91819,32843.46897411881
87831,11890.779058842578
85794,18216.63169887114
13502,12491.83439604126
13307,6944.762913250397
98862,18214.796009084297
33080,11914.028569468925
88957,20060.34248338111
35468,10309.40622143159
53410,19954.98401983502
90535,20105.16998343649
70238,19625.63539705286
86250,7623.308064157194
27035,20582.053334257493
14135,49129.82935183076
42106,29262.815822412354
71377,17170.488563459443
64577,23601.61873352468
73109,14190.606561273053
89203,17432.766781700462
65008,14506.730580721029
20747,19518.71639502862
76007,11771.262337456734
39790,19554.86516692046
79364,17101.40714382393
57724,12696.683073209402
14467,19411.647630823838
23282,8983.108297364488
12395,14167.893224999876
66873,21760.412204855
17857,14696.079981539644
14030,19414.58051933247
52364,14088.168650830714
25392,12932.689083432644
60455,10745.016896605914
13314,9709.526457634733
32581,7677.705338680515
60065,12923.961808049477
55877,21970.81257730174
10248,6339.762995349445
95151,24632.821208498404
26620,8708.535453686149
59905,6633.777125624689
59245,23240.337719824704
44160,3309.270070939834
63868,17882.921696306435
40706,15035.78504477026
82853,13904.410852705545
54063,17231.28522519659
68456,15412.773814729526
70357,50995.409901481806
29485,10520.440880078851
89318,17639.13584027561
53170,15720.82671410716
31956,16358.24186334346
27159,25145.92823422027
24306,17307.087186495046
67096,26806.158185436674
16815,8810.69612820284
96479,8436.40068341238
57936,26607.68059666742
65257,28189.74308962519
18067,14901.510180433725
55646,16261.93528250806
17679,9287.148305891635
87167,19392.54315114766
59768,26818.05553214166
17579,8314.795868854973
76845,29375.85293210305
47828,8026.7848250742645
13690,7904.12308245649
27290,37637.884254825214
12418,6396.90784487957
77215,47089.467752527155
27888,13051.68562571114
51244,12750.239621655193
71836,7654.8726094845915
88059,7638.770125041861
16818,6354.143640311035
76887,11753.52533452176
46738,7461.409946144138
34742,28609.788157765273
37271,9977.09503312106
42087,21129.95282048265
64702,23486.19910717719
63438,15017.213870884701
92190,20512.749095563147
26753,15694.310792197717
76029,28737.84936006906
52139,20331.684587965956
50041,11579.356920219501
46948,15886.671218075711
96248,11585.182983463925
79086,22274.468187121794
90135,5978.143952225531
18792,41931.5827943384
26508,15378.798527867162
13992,16534.27530158645
35434,18740.57002526035
66180,28790.055542017486
91451,7415.626575201637
99588,30053.919924233916
91093,17158.753207235368
99858,16384.325099896283
56520,27986.67268045417
89304,11267.2216448769
53025,9750.415416792135
50552,10049.239654504488
81688,17030.044541552194
13674,11610.421226437062
13884,28904.144481411775
59099,9455.098534681221
59636,17530.99472151952
47888,12546.60445847928
29284,11929.97418056566
28990,11141.131414353964
82473,6462.712917164707
54490,18047.33747598583
20695,21292.70069254207
74153,8530.159234216851
18227,9933.816205445788
23330,6906.4393775108765
28292,10357.610540315034
30328,8107.127672610432
29273,15845.472730326737
99037,19966.764464191026
99077,12693.077421785154
95722,10202.983599765967
77614,11818.016313567172
74902,20793.71704050594
66886,20786.945671145695
80114,11681.363847697452
42606,14845.199946045255
79438,21535.991318122848
91874,15501.033946204228
25782,28280.668445626463
95454,19723.117309255013
23447,7853.331849166285
77708,6553.397394532643
28299,16411.13036655222
71199,15851.720312006146
75003,12539.832486699597
93685,20246.062123191427
70446,11844.928929474067
48052,13084.266726514701
84716,18984.59216788863
73007,34909.56737137675
65364,24361.916722470145
30243,7722.060487547007
82878,19048.783870124284
76560,17118.077800241812
81168,42053.69643907625
29222,8146.395267190059
73090,18566.54989475647
46691,31671.947171116983
33592,10874.948232133414
97928,6647.3156848744
58884,28488.84452023523
57285,19966.537307751052
68206,52612.49809972625
31564,8747.420230128024
59939,11820.753391666683
83597,14100.126890880672
83552,11118.952404524352
46972,9879.967756756872
39725,13093.152231351196
10947,20000.184229949693
21742,11504.13329308604
31478,14267.605319543669
70461,24530.325594177164
98697,27543.99075604068
38672,12357.86375490266
90714,9487.702017873362
86477,34328.83511949635
85598,27013.53754597885
95484,18369.790744401125
95841,13640.385875829157
38100,9331.170509192114
46735,23077.727854926376
67201,14925.003916734893
52864,20384.708178493856
20343,18668.936579710862
30789,125108.52965349112
87113,6414.102062332251
61450,16261.93528250806
25456,21639.251881199936
11494,17005.187038782908
39886,19564.757935732992
40861,20105.35032966287
76057,8336.036005623093
22606,22295.147056339993
15118,11148.270675351228
61599,16101.503699983465
78399,9556.95462806341
62021,32620.584058121596
44794,9830.118526949993
42236,14512.630095835888
65408,36829.20567567108
45167,34998.79933071115
12870,24424.602560984502
54349,14556.480715260874
87492,11687.10264666394
20040,11239.912655930733
38693,11145.60964488707
25701,25580.961520501187
91789,11439.523656668229
47157,14469.145052664553
54798,10911.922028165527
39076,20387.660766202993
77796,19620.020021609027
70238,53963.432450480264
87496,19942.680275093873
16451,9260.923298040361
52050,27322.53929505711
53040,33816.549458627735
65211,18022.24881382136
29851,11212.620583626944
83465,17349.167482845758
78020,8699.509401486313
65998,24118.18009837898
93770,36869.87062667863
41227,35809.00155462781
14258,13162.001002581648
51380,22093.858011745313
40516,23349.288753414967
72773,18691.391083621947
21188,10718.883098767255
66889,10569.744760767539
90920,6510.076891813198
35350,4250.410377439584
52644,15730.020870508386
22270,9201.70648655644
95378,28329.656084101567
61847,10554.420798893047
78476,9537.356498247018
57679,20773.74935749879
48519,11969.72353788463
73766,14731.44785535145
32459,17012.013290196184
74511,9861.236417840551
94454,11262.991537217233
54184,14503.8938446376
88568,16293.337538222228
95212,7558.820504013744
82748,25690.554996627754
84195,21509.36644130839
15711,21246.38518984046
54920,12168.99834334672
30262,28266.355136151284
84728,23724.93912715958
56960,10773.32231547477
85238,28651.505225958514
96435,9600.445758982338
18294,10520.479364582663
34514,16187.95450443395
33237,15780.580774636946
44752,30648.813284341355
57054,13500.473052178457
75214,7607.460867821612
51148,10837.126028382283
88306,8098.2313859077385
80773,13478.253211589848
87606,7227.104103092159
55908,30181.86043388988
77342,12228.31989611292
54473,30223.163039003357
30431,15747.008894960696
52315,13475.039447022766
63755,15903.54325508215
94745,11615.169713341606
14487,21215.415133045153
83622,11070.808626453549
47362,12471.740542651696
30734,9792.17165745238
56999,9565.915968218225
22661,10518.844537590794
59578,22382.395910299834
68841,18677.349847096135
81045,16603.182741867113
82777,13457.41946685102
17800,3558.2360840076963
45701,24548.448543429833
16908,7263.538049901979
35368,10485.746207506783
39350,17464.42963412935
38392,15943.725239359075
93090,18876.308538086203
76531,11481.642680448967
88737,8939.643651854482
52357,20896.33829527157
80423,17625.086348942445
70862,14905.41138342044
91397,14405.294618272037
45906,16524.940380529515
16539,9498.268463547156
16770,9680.400963287753
87907,13741.16976679749
25009,52073.78950425719
40216,11470.214408810281
73281,21829.30937150666
69875,21952.270684631094
78537,11878.002191903422
83531,19151.272526146124
86236,15179.39819368212
37886,20716.693238182324
65343,55068.94695793318
75289,20252.905911893034
22248,16846.04548200203
53505,7741.2039638389015
43314,23693.009983988228
72285,47132.62514984935
84949,12703.76016913211
60654,15773.424414626541
28516,29888.158939387875
76969,5794.015769669502
37267,16542.71611446277
13748,8018.982431027962
92652,28252.806089745856
43058,17220.565431354447
17438,73093.68027839804
47991,10411.778144878397
52517,11113.180865550605
94431,26852.85092571532
69474,12818.355446452513
93982,13862.997377648699
37850,17833.7443606678
44451,10430.592795438442
36045,27357.32670417741
36129,13348.78372324061
38692,26174.02525658386
31120,25680.197349368078
25963,14663.867245220066
31678,9070.368486242993
64541,22406.175474104042
48986,55155.99272849117
69565,6913.6242729994465
78397,12086.11713157022
26391,10600.487039312911
34282,15611.024688771655
16058,12862.544999900732
43610,21347.45417325753
63303,24278.553966015974
74388,11366.021629745479
60438,8868.847239742438
28537,8506.74213352404
40907,9841.022759285803
24886,57371.100282031824
57510,13045.612843517178
47767,10745.080955466514
65328,13807.008665055508
41913,13829.014852498976
27679,12265.991887345595
76000,2538.056364224578
26302,3820.228588579106
13685,6007.399363810813
69575,11407.1727080268
59982,13022.839951279697
44815,26930.632154691142
65862,14270.893805431679
52854,11877.530851183466
89295,18785.88295345449
88772,8230.91504665362
72302,9595.132024831686
36408,20829.84310603196
49930,7631.82723565684
98264,8364.058402678877
84196,43950.77048364546
84931,18584.55825636319
52137,42234.97527812037
53438,89.1332508477717
39525,6200.265855010304
52579,26661.511818929357
29726,28468.23033135102
86365,8321.192834586147
96827,5669.712234912127
94723,8450.505303527092
18584,17012.51754899581
72270,24624.604029315222
49689,28612.10243610725
67633,7072.676277706407
29924,30523.993654454942
76088,45306.779326285934
24564,10161.620420739557
78719,22180.725690936575
65815,10928.893176651556
86944,8178.99998091196
29662,12703.273824427779
59903,10045.7226703575
38244,23715.038855285304
86796,17545.94559392859
81590,22000.888401834185
17791,12466.335543611876
67203,16312.045453184142
21103,9090.484385555628
82662,14338.100065953697
72437,7881.795625976516
60237,30224.770943250616
74676,22990.511009543672
77010,15617.912350707964
47226,12184.0369530048
13288,8391.839977491654
55306,8269.999024882041
50026,34678.19102985186
19414,21347.168590071848
52768,10038.375222508967
57687,11480.969426675081
56264,24759.314994233842
45035,12529.718723277445
28273,62444.88542774298
20474,22891.921772274483
22609,14872.492705569466
42334,14259.007874623794
72280,17085.03936447753
84768,18193.60220743322
78509,8756.711390984765
42100,32259.915472609704
71527,18680.50801098536
93609,10928.893176651556
79016,19894.670516925697
72054,14694.877879184045
95008,43420.204101545314
45311,20015.997415356287
24731,11455.950096627483
68199,14120.868709814971
30414,14391.88530462496
31479,5846.654451559085
98465,15730.397742893056
33961,20707.058374072494
68929,40284.1782563755
43936,22377.384228492094
24914,19306.896987027827
30079,10874.870583256961
67347,12202.876212387902
62856,17631.760912206177
34345,18569.699067974212
55119,14280.672692025846
26239,17797.228124611476
43327,35551.753296509
73793,21454.039586624018
46816,9647.513397216924
33435,19160.573576121496
38496,10037.208489244258
74306,9229.551231053625
58988,16786.17270483993
78072,13051.00775484524
86732,13429.833870211265
68552,11330.987840048283
62298,9957.082845312332
43270,26763.35251937848
20901,10128.974626120867
95640,23197.209343045106
85954,13987.160278551852
72975,12978.900592780976
91260,34302.00181438125
26981,7056.912100414369
29842,26020.492900752404
14068,6896.4707468031775
43154,57020.277578064124
90507,9548.32272189615
21125,6471.886043616707
20069,8674.827185610597
60550,17465.147230277456
62414,6538.949174139603
59468,10821.108266732732
75960,6023.2892132350535
48318,22251.65692887634
59462,21639.804415537634
84123,4034.308417540353
27449,28804.088658047625
49535,9805.919759351567
61397,10682.02194725148
59185,31734.288789593847
97555,29110.784856233724
45433,38901.26242844996
49160,13053.782477881334
50634,11657.169968673901
21094,6620.093777776805
13504,13126.63083143632
14299,25292.678587795817
80684,13607.516642921799
25906,22043.220516982456
84542,10290.871010435567
19444,10326.399438158307
91912,10234.54672630207
11160,16973.447725190494
58651,31164.414209949526
30310,7068.7376438784995
88760,10438.728917121807
39761,7420.381327000274
67067,12493.377614169443
28932,14881.68707050685
34352,26683.668773467674
30148,8978.181156241013
17968,16292.431869478445
11983,12898.631910915909
30937,27713.27951344286
14698,10362.910263675694
55951,19462.671658607585
19937,25524.794666044203
15939,13054.269338633756
72294,23659.618542963326
56539,9016.021259111976
28203,30662.582048936973
44990,19223.3679563046
60350,58834.55835186159
66219,10631.287080934335
53965,11139.531105064625
27224,19890.120070393765
15345,21698.96465849717
83174,10565.276788307685
90013,44140.03070230151
96080,9785.568453389096
42404,9729.165764038513
64475,13405.224327417502
58809,6526.988852007607
99594,10075.291358355673
43187,12550.685364025236
98377,11810.879721877678
51035,7643.234314962492
69684,7898.021116699098
74757,20845.129804195087
19944,16835.105990713953
35029,11039.717271191614
86346,7882.071135267732
15108,16257.13739112479
15435,7813.690901505959
36105,19760.357637217214
87584,7385.570149054736
85492,2971.5664985712247
73468,34141.91134193765
55077,28284.731855216076
13605,28646.655133863394
89359,9672.821242979106
59576,9720.152390526247
23659,12344.576239417145
31043,21431.007379135503
70012,19394.599001704046
57759,32827.272052244574
52952,18439.095831096416
39702,15092.344540038863
46649,25716.354482193216
18524,6519.857667851033
50510,22479.09911500443
64906,6882.387196709782
62183,20535.483765252036
20430,9648.96188102452
58330,6279.173827641211
61146,28648.532903949257
43135,12286.069699448573
34071,12260.964338334139
69226,27773.47804609258
95456,27830.0965303366
55610,10173.429172075521
16472,20756.801261912806
49596,20808.38573439708
54279,8882.953477990906
97828,11196.238914844223
68972,16532.772978719084
27457,11269.510809629352
76113,6840.5406472131035
84033,8924.820215626216
48311,12434.424457644669
43940,11675.549938409942
33732,13205.770784865086
37997,20201.537486469675
38035,10131.338219460331
76266,10473.266047149727
81013,23199.88823953261
78153,7467.515631528162
29485,29354.195423403602
60212,18894.021018857668
82272,20437.646362000498
85393,28123.85812446322
36824,11930.57380430264
79616,18622.56225269316
37788,12341.026979669881
24523,8405.564023007084
94209,15599.596080958012
82029,16238.23272785647
44054,10859.434064578434
86776,13014.17318242387
62683,18505.659983645895
79992,13611.231445901287
97476,29702.32569792889
78916,7874.036125575642
38234,27925.49911641504
73431,10019.826166974457
12884,11226.902137888917
66906,14747.308948971162
66377,9404.743491989437
28321,30288.26163951271
85487,19199.94260902328
79161,11344.647379466089
99672,12635.642498322453
22053,8551.504492106626
73363,16059.977560662217
49891,10144.509704251926
34281,8217.412801872348
69297,26503.647057778
15621,13895.079391068946
32241,16886.347813764874
42002,18138.56978550072
19036,19328.738127556746
98429,8218.552972701378
67219,5853.393674517178
47621,17128.650934375517
41524,11148.840110190868
84458,21840.08473407945
31211,27681.38723968416
50391,8233.576352075761
32013,12942.353154708298
12145,35246.03302852434
80886,18858.55172670957
91124,14162.766284364672
37016,26547.241145612068
52585,15186.347042653757
74180,13624.50891294273
85856,9486.059303966602
85198,22257.74806699992
84882,9723.830783161411
50560,7512.7445345794185
73542,11416.432496791891
10857,25674.90440351983
82027,20094.510713088428
53938,11814.381173203623
69584,20912.335757483343
62391,26619.544892864913
56615,20862.330646282047
56444,7793.521880321216
86759,21911.1775113123
87554,11805.140774928688
43671,20869.65446529622
22219,18464.427161937652
81205,9674.263923563585
18123,9163.813972032865
25363,17902.56996115972
86316,11681.704053362575
41308,44545.40365464185
92575,22796.97876353541
38584,17112.597765357583
16858,12410.942039425601
28623,14078.31271554107
64425,39009.98963317776
86770,13565.682740010785
16778,39152.849459241275
20582,7600.934523559628
76137,13457.277118693914
92672,9010.28603757195
53092,12438.954000962203
71812,20761.423848481227
47978,13183.24549659159
14571,6150.235529871601
55266,12844.48045550042
53106,30253.24844109745
67946,21527.802421907632
68410,7942.554276636607
92250,50566.14359244248
68330,13382.308980337497
96304,11744.441708581091
44163,14329.309444945704
13588,8223.797324976047
32801,20301.531684568403
59725,6053.116843561884
58773,14071.373688443955
31671,26116.606845325918
81169,13199.352066980653
82888,16259.498770187367
72255,15701.920251920583
53544,12415.998276406757
94112,26100.638493259226
76161,35688.0465951024
84232,15509.162833625673
54170,7366.609585149246
21240,25923.871200386333
39626,33139.25268010524
50591,24366.74130344901
29002,13351.890344823612
51343,23035.718008694625
92720,16488.506811736243
27282,36345.10432356535
62746,9597.199882001052
93148,35150.03191333321
78155,18369.07694848061
53436,14679.668143285297
75210,25390.713232184735
60080,17368.835490059322
19836,21502.609087971166
58133,24590.168804488003
83324,11574.407265937085
84623,10089.132637949582
17982,20114.347838784208
67154,42650.15495062438
16433,31876.360589691194
69226,23420.678904911387
64660,16956.12726651577
61193,8711.148917406383
11284,24498.21859779678
44128,16712.92675653659
35676,6709.99365568611
31088,8443.579942180537
21210,16345.76548108846
34942,6287.395687511378
21546,15146.476412507956
20499,22389.400030406734
78131,23848.93679320955
43821,20362.888745244243
66035,20104.901386928555
94744,8544.530792930078
16491,10658.553446687827
82409,15899.175162739648
15400,13025.154527937926
72910,9313.357299320178
94720,27695.067916837725
16711,21636.048636627664
90474,16462.03683172828
84099,27987.868984216264
74624,13702.795993969128
73497,11252.069328491925
73387,15366.714480910341
60702,12834.4096536634
55741,10071.643125147311
36473,24355.496238500345
21453,7501.448416467931
44261,14262.52961593277
22387,7873.911609637489
28171,15733.905628135693
99139,6465.948886074837
56389,5108.306713980246
60557,11902.450494382232
32846,12401.088226837843
21276,20602.194548517993
20201,9361.032180825983
42273,19658.4100220303
43049,12601.691028946801
51523,26269.841322537563
53415,22781.679133253852
65412,15671.090132689316
37071,18437.242244344925
90937,6795.142491088753
97926,9392.45643767927
26887,10923.033025167988
95202,10517.268067574427
91038,13354.5888851276
43726,21944.58428263635
19316,10795.156528505999
94960,28236.163186409827
87345,16920.144534843686
77017,9029.359732945093
27596,10791.146710932031
55538,13334.896635757414
57244,6290.922268649749
91918,23251.529048736673
94146,35020.22187727707
45254,11491.207091644726
97614,7084.075110920052
33546,11998.041137556744
95297,19147.77411058584
12618,22475.64332614752
61541,19021.84890386746
18356,11067.481735568506
86719,25717.492708193502
21727,12770.804569294784
32478,29879.860878233303
55365,14668.329608693824
49334,17566.88995219219
92683,10930.135112099662
60868,10157.365195847573
56761,12218.273940557221
99233,10237.150304409855
81882,9330.893591453369
96027,18633.20377148647
66882,11380.563791235145
64481,15051.063647671188
81963,24455.12644905132
82844,19993.486031143693
54797,17845.902746865944
72227,7303.799026746949
72163,9955.574556885294
90371,6420.604478738469
43120,28860.60532938011
11997,14214.139726479798
45287,9577.181484673862
90605,8176.932724083761
40130,16258.513840035663
74777,29592.99385036454
11800,10378.610561222902
98198,16979.698366823133
81065,27989.110466978862
59863,17655.887258082308
36197,10986.12165910126
76253,27399.682626699694
50364,8939.434988318608
82101,30652.77683886588
86648,8068.040705185891
16229,33235.091222482486
89672,21403.944077524426
71276,37398.05134895544
74683,4540.538881102191
46271,11031.639047343939
59019,9210.072145630667
39659,10474.683689652977
34326,29573.991659245672
85037,11641.050232561245
17570,19706.283767914327
39463,32182.732350241964
49215,21017.4107200155
10897,13174.678780092223
80316,14783.330365197597
22631,14957.678532700145
19360,37495.44993187701
99620,16198.137759962974
31268,41427.272372504565
23453,13691.066979424571
50446,21522.64443659989
79902,16756.6573321358
76209,22984.055159379004
63017,12468.889051844613
81562,23773.771906440765
82815,6130.275533403952
61823,24562.797613062285
92612,7627.146461021808
30685,20856.827533157895
26488,26285.76666709566
42815,18408.49359674371
28070,12678.589425774651
65465,8345.550176900684
75740,4288.892288235826
70608,18918.770357437217
45967,25879.14332235398
86975,13063.375877846809
62825,10271.737323461348
59910,12291.499659973328
50919,9739.083991472256
47099,12567.934751472998
67091,9199.751864220176
36847,6595.423513630729
55079,23316.80203455049
57603,20073.422108607912
14694,20346.701344098266
84204,30509.521020684217
13398,19881.53155291962
56268,12026.040015926032
58157,15559.18900499691
47088,17971.70544651666
91002,14010.116316043686
52619,38460.86714357962
63643,11643.603855037363
22066,14251.054103848259
12511,4800.006963411188
89624,10410.75755351381
82031,11004.682550821604
57880,4205.807215734383
33660,16039.509603965373
57631,10280.02716838262
82031,14765.518817325166
70981,9720.685909764112
63367,11103.037106258023
25744,8483.03429155577
22397,27738.34961265449
39237,21270.404763539722
90192,10353.607839188984
47492,52959.098671047526
91504,8976.805064209751
68519,6626.005744131093
64227,31570.594601002515
29716,14728.081144611628
54234,16040.932713940749
94069,11295.72370829542
15287,20253.25405211038
73794,5833.118305611131
34622,12025.664276464622
29080,11094.799021779574
19528,16318.729371861702
40640,25174.542201698794
68678,46010.36604890734
67738,16139.515891854633
49546,13476.598142480798
71614,11944.942790035057
56418,30614.214498386486
78193,10010.244339182138
51916,8842.328426452954
13528,29591.277305435684
36644,14721.270921187152
66204,9556.13674517604
68222,17470.35124996832
67624,9766.241277539048
77171,10038.227293917702
92104,16918.5531782555
74353,13435.143572420815
72217,19438.933010905886
75883,13964.440144322607
47362,8136.120277745495
40316,8520.22628765032
43775,15155.257739624165
36964,19266.937211429205
73010,9597.672780514302
52489,18184.40124605487
90847,20320.92565120881
33634,27328.896417406882
44497,18254.208303199524
81048,29334.119190940983
15579,13728.637238530568
42708,15172.29620914312
50620,17738.361837061067
32010,9683.408272868484
26635,38980.32188790715
61748,10734.177901834395
10149,18533.77553146556
40465,17567.95317758001
84053,14776.324814681477
91886,11919.280124886267
77010,29162.122851395165
37524,16009.598641392915
66876,18010.561631391207
16705,12649.788989828983
58024,16345.76548108846
95192,35517.58388874019
32384,30363.551337311743
57597,15574.049410500982
52765,16512.375045934845
41753,22867.015254190268
59183,9890.386686651476
93933,9627.847550348926
40808,14399.08537631164
20846,24779.971822517287
39350,16036.81712967173
21044,7662.410513650366
37321,16051.485175239748
53728,25957.664245795397
91727,12267.096459932447
32879,19186.679625294193
93115,19290.154582109586
94587,18108.757172075788
64925,8580.094616685765
85930,11302.665622985143
22999,11829.336929990583
69733,26451.02072033913
63492,12798.832910687444
45458,9778.655148185859
93736,15755.413563668646
74186,8122.677325122762
43200,9684.208064802428
32617,14944.57300836707
39465,12410.002102056966
74487,6207.357291015971
71907,11421.9134653087
73600,11252.750005888945
38451,8859.766452977376
79261,6776.220282946337
93954,6498.107508888392
67387,5459.587241416217
37916,31025.089731719556
43962,14102.088579279185
69711,19868.368580580613
19521,11270.987648835347
43064,7980.305465498406
97697,44944.134684805205
62660,13953.15086154719
63349,18205.138089821994
77430,8796.738322572171
74519,24009.993122205284
44591,9876.418224457546
60567,13096.592011481425
71258,21577.167728953453
84279,12712.78062122787
86316,9627.455106144447
16387,21138.37494938529
37484,16740.90202937006
30123,11449.912187563163
42086,9237.060910214634
66291,25800.117220748776
46603,4845.3294481528865
37507,7204.3573735000555
23575,11355.90756608572
67321,10819.023064316161
57121,20873.658614884156
23962,9484.355691139299
94106,9334.178570876511
57872,12305.716317286937
98397,39312.58131877811
53917,14189.772327241753
29834,24081.920747443837
92024,54751.25588474207
34840,13998.295471166195
25080,24817.147385716067
67268,22934.55346718809
34234,16313.422851519781
36398,8734.457767749003
46632,48677.23792876927
66717,17529.50972971359
13497,12553.471101846675
68851,11733.332972648459
24564,9936.727848244784
26252,14839.585170238728
76686,14409.846333231064
19546,24817.147385716067
24618,19577.659497880795
64185,7846.332412815531
64529,21952.674009773535
69309,23134.335524493832
18063,9587.97474376934
95056,9850.751879529624
72478,24601.99879498457
25717,15655.144091732709
14985,20852.438055883882
24728,25058.80421387093
22174,11571.843116192289
76822,15208.273760629538
80816,8009.846744355107
78820,10929.911371009905
12404,29319.171504734222
19264,7400.014707465318
35649,7380.831843496744
41745,25733.1201545023
13933,17445.754470415555
29586,8263.516641648408
63605,17198.08517436746
35135,26649.08622861614
19429,17137.990132532334
63055,9489.316245896533
44977,15164.289183280453
46212,7369.782572660441
89957,33682.79551775394
94832,22260.628763758148
41045,11047.568578357814
53024,11040.027183378084
79187,14502.59776806283
47862,24704.155671449116
87506,14871.75391271516
90657,30306.30396899562
53424,26944.579515519046
61070,41927.02259129372
19777,18133.658833899073
55521,30499.609370509414
74131,14180.67752069265
98162,11274.40223831653
88998,22295.93012658474
25342,25968.004074443146
73205,9608.687253645088
82989,5179.587951623169
87367,13999.674008101461
62347,17754.624631944287
54620,10947.136417667516
21573,16411.5400559256
56161,17950.27357003945
51320,17588.166774527905
28939,13191.640960703437
53734,10472.342046601298
28374,11669.240158325032
79432,13714.348219699163
82701,21433.663657838835
49798,5682.748098122931
93748,18668.920410162606
22277,11501.320397196752
19262,16220.276486724777
57313,12830.898701291018
68346,10780.966268494907
76135,6704.965460217496
11970,15855.631759672979
80455,19031.933384388118
24664,12024.720332551204
47579,12870.490442572172
31964,9623.133237021613
73630,15591.648582716896
10766,10183.95379942946
48583,17831.401213476485
13482,9583.455408551255
52829,15647.09953211547
87843,10776.987523379805
34122,9098.607325145975
97318,15324.297133156957
97922,13983.528835133895
70065,12184.738890257257
49705,18388.6986115404
50598,7478.116411085461
39165,9333.188539417288
22349,6935.472293055416
82384,9006.158798805613
56432,13830.317094540906
16104,47799.88171929332
82267,13173.131447866803
34317,9924.414089800046
78632,16946.25911586022
50768,7614.187844944827
62345,19544.335862679476
12793,21798.137203051232
11504,14013.539344730352
24966,8012.089980140247
33371,16091.183310134895
77031,10103.981167602775
43553,16802.419945365644
23930,8857.278435646604
40839,2808.973121306806
45965,25171.21464915261
28618,12510.980654672734
11947,55625.42060025833
30050,15519.263231263578
63773,20480.70365603101
45114,11294.242045256186
46552,31443.972133431907
83493,45492.57928427339
56669,15235.73984099691
17247,6602.213406150442
29698,16050.442459920212
33620,7963.497399725353
82371,7047.784639775853
59958,20732.57832209974
72518,8875.007691425464
68308,7279.292736163825
17050,19350.078416602853
63995,9574.139446746332
22145,26259.695166423706
36104,16836.621917030923
70494,8447.814119068085
56811,11873.518358221387
69675,40261.06189200199
61191,21544.25741413693
59810,28258.389410861164
44137,9449.923842428263
32054,21219.42595935845
85594,9940.56887124011
95049,7107.755527893403
95813,10903.66243484478
62561,11578.072565437542
17141,6709.370889605276
34224,9544.940700822424
76565,15503.281255588508
73015,17584.099881104044
89190,11148.787563002397
44151,19676.97036142935
83974,31118.016758313766
67322,21174.299498755936
87775,17529.810284399427
79501,20404.00012140698
69181,16173.033535712088
99154,20558.014190004025
44459,29687.509224160996
11269,17151.130396294204
20379,9982.040976359513
60234,13606.097369641691
51165,25513.378352027816
25407,14945.333088215335
68515,6621.460563076078
15793,24417.068642781964
16318,11640.089791736704
78549,13570.15687014522
12418,17771.344477168925
62878,6014.241840013525
19545,6959.114014615823
77178,18299.009920782017
33101,16125.587341952683
25295,10991.386820666918
61444,9805.020378900826
19248,15897.582785326536
14818,19999.930865359944
33334,10361.388676880673
38295,20550.494320777463
18472,23293.519134603655
21415,19301.998761114
28253,20902.322075306838
60874,10796.83030357337
47936,10591.722900217897
50541,34882.3828433421
70103,14055.01676139944
65711,12768.759746659893
57708,13947.068307691821
95152,13064.215943717027
60147,22636.514553525823
84456,12648.33143797233
48050,13925.653898288538
64967,12988.780488744103
80213,11331.111500197589
88518,8674.505233835569
39300,14901.021243237194
94984,13463.18915977114
87675,16109.605400660284
67998,9744.474190842757
62751,19214.36448531211
71721,22478.544491809014
37645,9739.615122351446
12262,34417.396502159114
92361,10252.768973637994
41394,17571.38483446141
25916,15344.07646434919
88859,10838.128459720814
84076,8804.307722938207
13768,34446.41671628213
75148,7707.446564027587
72300,13545.859913392182
60847,21531.770676624874
19119,11253.782751060411
11381,8482.57900350631
34523,10410.440495246898
80305,14412.296505664352
56042,13225.409787915629
53510,24860.355549765667
20557,12646.390240335331
43626,7088.1604322655785
23573,16648.607541980724
95024,10604.517274443917
63403,9189.631447159169
72264,18984.34961204167
73868,15104.327494248497
57008,21566.263386817027
29739,28813.936093844954
96390,8009.846744355107
72031,15497.965537372702
95360,17200.679292876008
56059,14605.961291139543
41190,17501.517501198145
49244,8812.096530983054
61084,13158.671955356822
28876,18201.093056812915
49668,8540.56453262087
38578,7555.927288441244
28670,8641.864242672884
56011,19829.44917162289
64600,6257.771033843654
14797,19390.76456131925
30232,9431.035266057099
27094,17575.943938543507
17708,11637.377063691045
92440,12396.935730295148
97217,12045.33965521494
70917,16737.8361912301
96456,10105.296905614028
87217,26050.40675279318
62215,12343.107080401154
55609,18822.666534318458
55444,8253.065220421107
81117,12622.002291393323
80337,8222.067167771527
20474,17522.230473433425
79122,41988.94505328564
22526,15732.417031313136
17766,27179.99093687388
44750,8160.69367060589
76235,30301.757561232072
34604,16160.294127400499
12014,7117.226031241162
65032,8542.49826955596
94762,10887.090386011412
79622,41322.71151770689
43048,11478.676310261733
72120,12335.12562946275
43532,14601.579014470146
55681,22900.604062272974
58158,11303.300547075165
80953,36969.738955360255
28771,27836.29723502232
31358,24226.359276106636
31318,26549.658809865214
20514,17279.26349798505
27907,15797.59882960208
47556,12571.661259562774
81294,25719.046743014012
35252,4942.745914650892
25096,15072.699475502126
22632,5980.548327925637
58951,13829.732586289494
34690,16359.13509718439
52827,6102.731866988572
19735,19126.928838049233
37603,18478.03060159611
45631,9089.088466836021
97254,25768.632351959815
41001,48531.095144313746
77478,7179.801709342639
69987,7396.006256290642
72548,15725.389705992591
79778,7186.749870430758
40925,9882.974195525552
45502,14317.36291017936
50308,9411.097154031053
85507,21704.177747567785
96835,10395.34797336358
28738,7795.232605145533
46855,14977.295169194624
20582,6861.116224989428
74527,16389.494128409337
18099,10701.051378187967
50191,15298.609681821405
92363,9030.194335330252
49966,15650.253834264695
73112,11764.474478684422
62095,15166.86803653315
95683,9762.997420447515
73827,18517.462054726388
81951,16583.512466375356
95801,5658.831847902973
95370,14940.65949724256
11303,18381.525930384556
92269,11799.356062222067
52879,11656.628708724433
46070,31119.895966218523
32301,27135.403693565728
62682,11912.336888592403
91707,24077.185391850195
28045,13826.38848234184
31955,8637.744440657374
34772,12609.152077977009
60470,10624.42726401212
43698,9089.862216959042
68242,9990.963350809467
38096,10017.078234788354
63445,16255.145985074696
20228,15619.364879789591
36393,29588.13540681162
90767,27135.05508798374
75101,12577.679667864382
14643,15888.992719309563
53230,12831.063911197398
67785,8272.277812341643
91733,25299.978309604736
48723,15832.62769685508
65307,6445.028560789422
11429,13840.25214741977
33830,18488.867316328986
52728,29091.12927849515
64247,54373.49302428675
87970,15577.02631498943
31553,10142.0656815036
59556,7982.955166996426
31328,7696.008178912658
18429,20611.966147441282
35513,10667.171344765693
57860,29895.382033962196
89748,21228.171973573517
20455,26733.689320443467
64893,21690.981417715255
13180,11946.31823504988
93050,11636.649902256799
74237,27214.368745063388
67981,17922.617116610832
34657,7172.067380425091
60056,44017.71904527295
32647,10081.31396448736
27034,15543.776608443264
83305,8884.919146606597
77206,14274.729724832177
44022,43208.29703621793
30127,11987.31028520221
66083,7431.21360793416
97490,21670.51007050159
10605,11413.601136252737
24502,31193.15370327091
31552,1289.07134958399
75688,6138.428062560311
62176,17339.329261003437
11270,33573.856842335954
89637,15046.43971014654
79058,9842.430649818947
37496,11263.337385211476
47556,14072.649492515373
96739,17656.03635549475
86879,9150.394056740632
10310,24520.463980828245
77941,42593.404994560755
40054,10484.120376922225
70608,13948.680629312694
18491,40362.23477126284
26096,20627.030562392134
24313,9421.169954503519
97297,26721.36483259288
21027,25452.202962457835
59279,17126.490080272786
98167,6210.34526122112
68160,8861.11252313775
52058,14215.248350913202
32397,20919.82969444435
70919,13313.903284080403
36120,6894.367621771949
14218,48552.46314802301
11643,20686.967536681914
95986,1333.3660356359505
15227,9904.342771226142
40682,11705.99296683399
75480,5067.750295225855
29992,1886.9636835750607
71803,49924.77256524722
59112,13650.966871337623
46845,15533.375294107447
33384,14512.358306175996
39970,6764.924737792959
65655,34817.90252151241
20380,14793.356894670349
40853,15432.25421559289
16004,15094.693238854303
42387,50176.99896755323
99263,12143.798947487365
30340,23341.765698258387
50866,12074.567395336504
70344,14599.70182025869
61566,17333.78094346266
23969,20208.456137682984
19421,11151.753136907075
83900,4983.014085341703
59476,10219.792516038693
59452,17191.366965907295
68714,7510.780248269473
37316,28577.294077461018
71948,5414.575766361146
65338,12101.245340740756
27192,16399.62455932507
62599,10954.917369658662
21402,25270.557491092026
22829,29963.898684888467
42129,11198.748216562502
93465,20870.234868501215
26736,15856.074957205788
80914,7334.943052544215
58573,11297.580984374272
20314,13382.888891853094
24407,22009.315669989148
26250,28678.71486168034
14832,7710.92894090443
10651,31354.14940800442
66535,58449.43006705535
90048,8662.244320190093
11770,26888.13801328718
92798,16374.865042883706
66692,9926.400548372128
13234,9939.434164660674
33337,9585.063446536064
84551,30995.385203822825
26706,9975.063446585558
15124,22056.79294777001
30187,16490.15350258832
39896,17380.885174076822
95102,3609.4355004540957
13304,5477.860087472049
11958,14342.84423957413
74669,14524.653242191866
44564,7116.653517424544
66769,11992.865320807297
53461,27199.972816460446
70978,14179.888372276582
11291,28362.134188976153
38496,14651.240720108482
52933,21482.58400063755
90007,11301.714361597089
12253,10445.965980331957
27687,3608.414388071218
93640,14985.027932651761
72615,16535.997535159535
27416,5368.962045634511
25218,14649.250659826004
63413,10418.841022824046
86403,26432.68967079289
60893,11330.987840048283
72908,22138.654253757526
84394,17791.248811029996
61563,14233.228018421825
67138,21757.077108502963
22629,28122.054491624913
65508,9443.336493773582
84864,11891.952736965177
92277,11523.617908788488
44501,18455.790492372704
70395,18585.223624453763
30312,9108.038102243565
51130,30527.7471464731
12651,9355.94310673172
37135,25629.31375703437
31620,8258.204136902656
56208,18003.79614192748
23227,10439.362936381576
64082,10638.225609718498
28483,11244.300508620237
28026,11992.623209557154
49076,10544.585557065782
12187,6712.256962538308
62343,7893.71202092549
89653,10009.48723291394
52149,27857.76612379963
83351,15411.318141201482
68276,27949.460013444863
43519,11358.106097394306
78253,33869.974556256835
32970,10642.048215351198
77042,13580.965455779013
25346,21499.136693709
94538,26497.226208485365
34876,10046.397762121269
34451,7207.452505437315
34281,21109.48893458034
62475,20741.02409840907
13355,26736.934179474538
10789,17362.335782487153
91420,32852.12318616869
34218,15701.05550565486
72912,14596.691981766242
56217,15871.016443913579
98225,10382.028049954642
40863,46354.09816043389
89831,13220.922068975236
17146,31375.728483388113
57042,13043.320784474916
62016,10458.937091620817
12867,12511.685144267656
63459,6722.601220912407
87465,19189.286922471125
22387,13075.10573558127
26538,17155.33854876807
71145,14821.391785835822
15271,19017.123825596347
98967,34763.02370175652
95107,25176.78641953618
80480,16362.340625494762
74080,23854.52820773254
89065,49102.89527676781
15049,7852.507046407283
77430,22639.418028975582
45650,12500.160986081057
38658,8125.1643898052025
71682,5035.838994925212
62808,12102.688770275436
55717,21347.22670156809
99994,23750.072037014597
33769,11487.284237617256
47715,34938.19101755264
25191,6525.643208984913
73991,29310.306993126716
55313,11138.377771353405
21052,8516.52853413348
17296,8584.076919574676
63563,31469.18997321433
97604,7713.877966597367
31294,18599.79097471569
71239,28155.018092825132
93995,22318.973900665456
25631,19242.950870552762
80921,29799.40346200775
95787,17287.251606016052
75565,17682.956785813305
62305,18030.641836026494
40812,8713.992817247825
59412,10840.818804520914
80812,27387.015930679183
58160,16187.95450443395
54406,30101.824049335002
89035,11114.707901596626
13427,7122.802964197588
90274,19982.691791602232
17478,9435.834428107793
69712,10643.843864723403
65181,31065.06264125777
48640,22844.678979429722
83246,24204.697460435942
28139,16008.98964051267
46376,9307.571490270402
12999,13793.43315568388
76727,26563.822034256067
49204,10444.577799884708
11165,24759.059700284004
82942,12158.119069876762
43701,14818.2698875831
40156,18118.666999647423
94721,9702.825642398777
33670,10083.269900586289
81020,11698.97300989059
61687,7421.987091073255
28047,18805.048433125354
35327,15817.712331962013
59278,6731.609922096686
98968,9504.52457319072
38042,14600.19848346195
28776,16555.184754279417
79059,18981.784680692574
11009,9596.26883756158
74696,9856.385783435318
31245,16528.57788020536
26979,12089.268480166294
81717,19568.892007597264
72514,22078.85443206488
55732,21570.53653669768
35994,20844.559543539595
95676,19464.45075432348
73161,8587.117289099751
71124,12459.438032491284
68933,16299.087202911072
75169,10377.588724956036
82077,26879.961296503243
27401,7665.227222685526
92192,8783.913898921157
23388,27231.065954797235
44402,6324.1629352945165
51779,5437.77000769125
75668,24174.656840471478
34953,13531.29888532556
79646,12768.759746659893
80852,21457.325295997154
63901,12816.947680775957
83406,11252.069328491925
89537,15010.215738975317
48680,17302.329017393768
69779,16470.57215669858
33249,7180.946336213556
96676,14641.250086429534
47706,21512.32281583391
37546,20403.017851921464
62824,21937.818708026793
26207,10541.076765372783
54537,15993.204565517282
97025,16351.909436935886
96628,20257.91556701762
18591,12707.823767373606
81152,27949.460013444863
44652,11634.234419000655
13675,9680.17887553323
57385,11176.441728547663
64942,14662.270850546302
60564,7061.23086187278
55809,15291.984669788719
20749,8363.511978590288
57565,9322.321541704565
49459,14809.060408011124
38081,27812.33154525814
63871,21841.995956723433
95823,40138.821341254676
90170,21581.052001737597
38139,16168.778854583143
50062,15305.085355244924
84518,20635.38548648399
95540,21278.488912276447
52266,17271.94655928227
91961,4966.882598652224
81246,16113.77400682226
26078,8033.676815047409
63779,7312.013908290917
63918,7654.357240953035
93289,23147.615041264697
40792,11548.35414588924
62235,17518.25180895289
45881,15524.658169894732
90560,9647.105526042116
75695,9589.901192256939
30190,14711.586540979297
66757,16775.80059805988
38389,11740.9413755062
68557,7033.456821126558
62416,13452.202931828158
35044,10564.064696203233
44989,16769.819184163156
39618,13119.950738778043
92675,22244.468846069714
66123,18942.764308478185
24677,14948.855284077648
96022,41871.68097719015
98745,13648.054489133152
19537,19476.894099764206
69131,19572.63639350508
85552,15542.810782384508
54393,14477.91627033618
92432,15803.39920574403
32332,15874.675743494396
23428,14522.497182658011
88949,41521.50573949682
40163,10118.639766225342
90733,13984.397379731428
45971,16878.200303270634
94183,45865.378877058996
79085,8635.205481622961
12756,20012.54677571902
56979,17584.731185507404
66922,8914.435162362915
50608,10560.414086438443
60143,7313.892660021158
37290,13435.676001667542
69494,23638.499836765593
27008,10925.593406932614
74688,11008.744344217508
51847,14700.966100995109
38400,27481.47052514366
97666,15401.009754202081
69101,12670.736010378643
39586,36089.02891426177
64577,17156.505109776244
47246,12413.23899500956
62255,12868.761500094775
67469,15099.047126738396
48350,34041.79334928572
27877,21379.67342450207
49551,10289.037064188335
36209,18804.709569406397
53750,14308.218879841814
95446,14076.254655500079
55703,19361.169095336216
59870,24049.662998547603
31344,7554.533621529636
77754,32308.51054963743
92629,10670.536856288298
19125,26419.86024087183
85258,15758.839719671301
12065,17410.510477838037
23045,19454.73294863831
38097,11161.743142132713
11107,7950.651461344611
65233,9538.301500903937
87435,43060.80396468537
14653,11349.195492466544
92062,29063.27403333311
73909,16873.775539302853
88603,14497.464504553222
74365,6163.608658885452
40080,7601.69155332632
36944,16405.52084001699
77910,8793.035060244432
59833,22120.13161643171
26129,9604.375268921402
62364,14134.881187409592
93609,12019.707434208016
44886,11963.566606564764
84605,10428.285897650047
70775,19285.777647486324
92807,19343.23633561274
57971,9938.753815820344
15428,11002.68213005975
36845,29828.553266891373
78172,18517.95087530632
88252,9139.140129790643
79160,7099.860821966129
42064,13797.177343377753
79828,11980.61423539291
93452,3504.768726157432
39170,58056.24615744472
60527,7175.798570342742
69417,9315.299292907948
53076,34858.78918458578
39676,18638.918191785593
47047,11864.601741950424
73417,17111.425225515668
56519,11511.818806397428
25386,11806.523020101824
92320,3569.726019040232
49586,12136.652748527138
11697,9600.544065085007
92206,14937.251144634807
59629,30606.176653605675
30680,17982.400654957408
65356,36543.62964871096
16648,9988.433975098833
94712,10250.002037374301
94178,12288.642994340098
12211,11639.598855992612
54072,23765.707849503964
81285,10805.429194785524
91459,24748.558956286204
44107,17480.368465698622
66918,11992.613792436086
24835,46169.82021504738
93179,28252.7998920475
70167,16436.669194595746
20323,8143.008418015694
18739,20228.446133999023
31708,13742.623128357947
31184,11088.105513524337
84404,14845.538993621405
43443,12744.651539589793
70134,17134.82537323381
43491,8583.806224655582
48228,7227.92684321546
93580,24526.03000813212
89727,13333.719328276266
72187,16683.04944884394
51227,7329.4820853400815
72696,19094.051705442645
63418,6201.194297804937
49556,70100.38481879787
70592,293.74735073014745
92230,15012.553243243716
56605,9083.838224109266
26858,11113.198638048068
60018,18379.30472110464
53704,16948.845926874397
45906,7044.71332104061
64905,13509.807789509616
27592,12657.003552446451
96127,9032.259649713946
39475,10314.285667856744
83098,10065.424789755101
74709,10303.930906482383
17250,7088.2571622746
90614,10485.861178995887
18089,21205.16877004466
67726,9692.672060759473
22352,21317.36352013211
72133,7128.6878068413735
81144,13558.188009704176
77229,8839.296609619774
92551,14217.536691635789
10398,19847.633947605264
83212,7388.699348802373
12435,9761.17641838556
14207,11946.745458643643
91427,15814.004999670768
89214,25320.06343476129
83331,7393.0371776913635
54257,8999.603306613262
14801,11287.881012717657
48484,18210.003590645483
69214,25165.28365300625
48950,9778.221216505077
52716,29604.142304907804
65356,6682.923741614019
76488,7438.519139064734
45898,21884.45434519139
27138,33654.03082683399
78179,18629.88457375975
64528,7457.8326109561895
58464,24685.36459081593
27348,15128.656445128248
30415,28171.62668847279
60728,9157.269948801504
50331,20380.72954711637
14631,11376.07108820413
40219,8699.050704115538
27380,19349.985811699207
56225,21870.345889753728
97839,11699.075989493474
71716,18936.465766750527
82371,21139.343375719756
23008,22807.782259007374
10193,11452.905075388831
70308,11375.257098422004
18330,11755.414765819307
95641,5951.2980539691835
92278,8015.981844547659
46464,16819.138371778707
43758,19147.53607353434
36521,9005.205917385105
29775,11298.4340008949
36735,11781.509855681414
39642,16730.90772481591
35738,8715.094530045293
67374,12475.480780657223
25258,24528.36976773594
79063,12002.972922403096
95481,14205.692354732715
28132,10142.535805647189
92052,64197.87089950483
99694,8239.928058672995
10880,23312.199353041437
51001,24253.595461810244
79643,7459.934769044708
11317,33529.18381222469
22598,16841.621099232194
62674,16870.709370425775
46015,28246.776003359635
38417,19217.796628043758
22816,9535.689285278622
22452,12036.211252600366
97774,4560.185801456262
88377,17920.229757480734
57295,20945.507676241337
62607,18574.670900321013
57673,29331.766710189993
98641,19385.748961941274
83705,15362.196158564902
84973,16072.412896281441
78155,16869.51300169402
56651,47340.52818208127
84120,11566.619164980946
87619,20706.470811288214
50386,14830.118217882713
27994,54650.25163968127
60721,15130.591312242988
49037,10328.246425364392
91992,7384.091545607851
58609,10066.623945167961
63250,8452.598398354723
10140,20926.343058684015
43336,11421.42059357278
47635,12017.626713471238
49013,27490.012343209622
14311,9530.32204628937
75252,12660.792812063208
38614,10565.276788307685
68331,7638.822656615566
10965,24158.660418270632
35837,7062.7042609278815
30974,67076.80619636501
66706,19162.367625651616
74711,8156.119958920566
29574,29390.70908544434
38725,13266.231422660423
75438,22300.75719140609
91439,16492.648440262354
20392,14947.104812508747
44232,11719.495357305263
35507,21803.16694607827
99517,10410.440495246898
88874,7133.390389226299
56282,16610.131056022477
25938,24515.76458998751
71851,11557.2312222983
89218,20974.164940232346
67720,10450.539613355057
71755,65779.5549319479
64804,8832.365481175762
38170,13137.21962105273
39869,20749.23255643629
32098,22259.649198891988
93677,16938.686306189047
40610,18842.636295858156
56189,19191.711856902963
87791,8864.909888299742
91588,17725.029960420947
85798,23247.98241521645
91104,7540.047423180853
12455,17885.552620747567
92114,19847.741093078774
15172,10194.22851259794
97351,18675.589916805868
88962,25434.04073411703
16001,17854.005116081422
55360,2168.620428594457
95266,18048.839224355994
19817,9910.615673892093
31660,18939.24315758585
46929,11956.863708306148
54455,18690.77819262646
38630,50913.84538641367
29249,44642.47221407036
40803,26278.05395371151
99264,10670.648564205436
81922,8497.486533363255
45643,10742.266911450124
17490,12950.846095025548
50427,12707.67642907388
87547,10990.294632613724
82863,15228.019768930655
33047,18715.021721723482
87778,26926.40736352912
20971,18197.6626866481
67036,11598.542540063288
11511,7678.100519482563
19892,8989.516245898983
81276,11164.783086339985
64791,18555.147366008387
37466,3411.3339388895183
39231,8126.273588663087
13668,59940.90827233184
45753,25483.911163119858
76290,19796.93618498271
82938,17015.918010106696
74509,19429.37437494543
48490,20759.43662728074
21590,21340.587580637053
50555,21904.59055751085
30872,16030.068696816845
88754,7242.395770375266
27302,11394.188100540896
31556,11337.536091940077
43201,10215.799729809467
77128,23400.003522786137
63878,12890.972199806674
58033,13236.27801353637
92448,128561.47446939234
76049,22432.292625982533
72255,26729.536332686483
21020,20265.395927899575
33162,18799.14447049058
45090,8277.146869196933
81479,11739.001548050659
28615,10636.466798821726
19616,5325.317137870925
76207,23452.423057411044
30552,9325.30689663266
19546,26013.71388314783
25771,12806.995503633001
61401,7645.54410175528
39046,15476.01893429926
43057,22660.35692471548
52777,10306.539007758023
76099,33632.006722619444
18415,24000.468151660283
99271,27386.578494754343
47895,8937.98495836471
40330,6988.900185441031
10781,14231.410318632607
50750,21692.5001882783
37581,21766.139621127142
37167,11893.483198193262
93278,8847.90753921192
64287,14618.695838111671
18752,6984.273684040891
81057,8514.601923159105
29778,10036.833711501775
71914,8462.32503421626
13768,27447.153139709582
63725,17976.023523360665
33354,9557.661702222587
16705,11419.09512544885
46619,24067.082783876638
33526,15689.727164384982
27744,9339.473429169968
94688,9983.256541670857
41762,12808.600572400732
25856,5928.93793963381
14796,28316.1009732956
48769,19270.39754426253
91682,20384.85614210187
99233,6420.817356428543
78104,15398.011014491718
52751,16035.584431279092
85052,14372.47175085351
73000,9143.048055574396
24116,6667.9956723694995
33948,6880.609419311208
96807,24767.14058765753
88375,31112.222595212043
31526,8827.849017824477
66850,32837.396422751684
64815,17632.25500266854
45954,9163.591884278343
48321,10760.607797788825
13384,8984.822919692084
92610,9560.700871715286
67427,26337.558946548626
61875,27528.55107318768
24593,21860.55247178681
19680,9007.493086260669
62701,17087.32693563899
91437,698.6119017459259
78300,26908.590051974275
21449,25066.78129721385
88492,20812.299770765072
61344,20013.954349216277
69217,11719.495357305263
57887,8863.446391501657
42680,15469.141930267246
95537,8845.715219074486
36069,19534.013353263625
72421,9206.623301429234
92916,10508.88246305233
67220,12141.636932898658
29033,11085.366273698028
15709,47110.04394147123
16622,14674.298961789202
23615,33080.80934229843
61425,13594.80783055122
92960,19108.129172984023
28919,20536.887297709003
79469,18562.909730527124
88830,6385.94245303467
68334,17786.88455692885
30003,30671.3477652265
88758,13646.815572351927
38974,22786.2270018515
49743,25028.14762728539
99588,15907.868669308162
61258,16021.957969051366
46092,11107.022256671547
57400,10606.554822570797
92783,16772.08491622056
17365,19004.589833893835
65234,8891.355357743276
86077,13507.470661552195
32594,11231.53445812361
92603,15469.91777322445
20180,20003.2103774436
66214,18508.1260142669
85800,15660.209780047386
16753,9546.619750732621
52340,27975.952117209454
19060,24174.869265692723
23455,15703.533390464834
99556,9964.226681148775
55848,17404.84812157166
46337,4152.30959877601
49044,8247.607367282937
52224,10632.225238009565
52333,13341.526982492667
53231,6274.400299444129
94289,8078.638024775839
79181,16826.49227193562
85008,10441.201523784639
79128,30456.8986082936
62792,8329.305523933785
50534,21526.386844728673
82867,27738.843477979834
68039,26087.863295116393
64474,39341.3687164287
16043,8226.790518667543
20058,6765.886780852747
23015,11630.597078391482
77430,21625.27172866134
70897,10876.885641814632
72445,27429.669822649565
17160,10382.028049954642
62501,14417.742453887244
61896,19050.876556694115
69264,12495.739103650045
44532,11384.448739957537
73805,7878.638873276319
62049,7501.4240630298755
63254,8488.208492793372
97660,14703.81681292287
52887,11190.903702707208
71768,10834.89570309229
10001,17634.242950647716
62623,13390.95752788937
41695,7339.301553460722
82794,19794.574100044396
25071,13964.831671766102
71146,15541.672761855078
28444,9052.216007578558
97163,24919.821200488877
48098,15088.307886630933
54756,39343.7696854285
39911,12755.757296075366
90954,7348.052502713432
87380,7290.430809325047
32166,12670.125823256581
21596,24516.220729563058
19913,6820.845440697771
24285,9904.014701745624
23668,38364.757430553
45590,19488.518877621238
97992,16383.10481045324
45876,11726.782375077297
40589,42111.80501563643
16116,13457.62228646966
84871,20340.759670415755
26175,7773.1521659033915
49381,13808.340775532059
13759,7368.801049092021
80312,7776.642185093022
11524,14009.664339312789
63395,17172.226944714734
71334,8500.552975073628
13506,17141.42350795479
37383,7618.691274500476
98416,9957.427603249682
46730,23265.230292362612
85054,23654.25050568603
57186,11575.667251646977
82329,9184.197658666413
31688,7990.060366627982
31031,13277.168132679075
99814,24779.845492641572
40509,10057.362643851544
47546,30067.871895499506
69333,21757.487871694808
97523,8354.823440262446
54296,6491.310623354702
73696,15430.388963492005
47698,28603.23114365651
70268,31121.63448335862
82282,8396.080745579236
27296,22697.10400849992
33116,11671.68857559495
50838,30735.876563944686
86065,11147.802243813836
60928,11994.879319067699
22525,30848.612649845338
95313,15110.25436365161
98587,9628.684653789885
66402,10507.704664883368
97627,7615.038523478181
93332,16327.237341013977
50803,6756.354812733385
58983,19390.792047504383
17582,11865.86437567649
36970,8434.645862634376
67229,23906.523466660856
37348,18557.53850442478
41935,24071.63164635685
82245,23802.01701007344
27125,14306.037871974553
19495,19478.87370382677
13328,8604.680909522163
57073,8284.937495765224
63496,9366.445266868715
59951,17155.33854876807
46492,11988.388183098072
19944,17107.033659964334
36406,18208.804636456924
48750,13466.599030186713
96921,20128.925062341787
31167,24594.89315307179
44644,20924.738877341588
53734,29745.344974562373
79217,12835.920744418985
80526,9530.376866218854
79112,19414.05025080157
33494,15121.022396219585
67890,6393.9347070896765
81489,7959.6417721947255
56271,13401.920977171454
53846,21101.069241182835
52002,11431.579708013745
45044,12539.864476332721
98373,20168.426744415046
28076,13638.53130081392
31526,12903.001240581696
98118,9758.360172222434
53306,11712.342181912987
36437,19948.250893642977
82836,6428.698839191888
97428,18318.860087535995
19585,7308.5252232106195
75055,31205.57759782901
42035,26762.31212739546
25284,9572.316873355558
85969,28344.041459310298
77457,10711.15660291849
22155,3733.480758766369
15839,10555.058908397794
11663,15015.30477082832
30098,16281.639378013615
93480,6101.34486956547
46752,49552.614795489004
72455,19705.844175322236
93839,7851.013467102372
60635,37163.938788785505
69179,26464.903676204536
33289,15737.700670740987
90578,9400.580783335201
15744,5393.803522273836
73511,14309.067833860201
95536,14307.02972718388
16336,27558.8853563226
23489,19933.022584612117
83255,13848.09306579366
20130,28413.24532892085
58200,2906.2915202560253
41751,14306.825603195257
90876,16031.968162321635
73993,15355.890904472577
54229,23765.666729931534
36002,14569.123862575108
77577,9108.038102243565
47683,26964.806092314015
92344,15275.009406388539
47785,17374.585362794176
22504,30548.66940273583
94896,29558.19354487769
93864,16861.45310954811
45055,9347.765599661177
20535,23879.87105506597
81815,14213.567375327384
94903,27536.291855621224
43561,6407.952468401516
25941,8938.5552190202
42321,26043.40269189285
94170,23247.56562366678
77564,17266.842497057198
87776,14271.824476925214
67974,18058.21390994909
82657,12103.376066762878
23079,35331.69295554928
95577,52086.806306288236
26436,8000.946736121039
21087,26405.67450918013
37466,29026.52165474301
90948,7119.4022232845855
78315,6825.208043307077
65922,18090.528750313955
29470,11769.365998726957
68077,6392.585896196044
59967,15255.832365972228
42747,43056.0622174178
25402,15475.915670119824
80803,46501.89946674969
11698,28938.274345174315
10564,9264.964463399509
78707,24989.442008283942
14511,29394.80558079941
84359,7384.091545607851
71873,9902.56288439178
95960,15690.0174986906
21581,18641.704422773364
13740,33891.82142549114
40234,9581.973522512926
25001,32601.973262686628
17247,17590.234850408033
15780,12594.39386739278
72761,9576.457529479958
16105,8901.643976852352
33927,21135.659605975805
37170,31142.25332878832
75087,8329.17429317167
67548,10398.825867931944
13225,16601.93762377387
11033,12082.372444766439
47134,16997.334221366218
27228,8227.042862199478
93613,8495.972649593401
45166,11479.854813048296
64925,20419.41001736807
76410,22678.79038413996
27446,20583.672461239596
25418,33972.3329574559
52761,15426.676784442934
62054,11220.972760516928
24518,11024.546076043887
15921,21338.41205596963
61017,7755.368702074344
59626,9746.334023603566
43229,5319.953798502638
26878,13128.191183062701
41107,15941.479827921752
45266,6478.740864816393
90785,27125.80314210018
36401,11243.650822673328
81300,33983.757629499756
80083,12709.585665610153
45384,10218.176196196033
46312,33766.27858343071
70363,16088.320682430416
90103,11542.3786133711
18883,24010.657356160496
29609,5368.3111878743475
69563,6885.990110349199
44099,6830.657839884361
67956,6540.314943928115
80887,9647.320163938219
32780,11996.624552904728
22450,14863.650243194572
11668,10910.998151412932
24654,12290.356646194625
34738,4844.903774403494
35668,12373.879454747908
18735,28172.8103126398
90686,16719.911773439355
33507,15889.80600018424
42353,10314.524765367827
51926,9366.7820618211
90356,14391.174436454508
58084,25336.9339059448
91377,62218.365115421875
97832,9743.410445891634
26415,7565.882631375653
88318,12423.522678815709
82719,10453.192356476462
76816,8425.387655256021
39655,26522.81872330301
94569,23644.698979195877
96123,21286.94108964561
88912,22679.270120460365
79092,10384.163676199314
56310,22208.374660403104
19523,35425.305883034045
36876,12825.346448222737
58682,6556.252316722004
34320,15677.30922994313
93972,9925.621914872092
80006,24388.787357988902
75036,7932.151642280116
98988,30544.79831867414
23613,13631.011887960563
26510,17116.612200223015
18562,9463.841651874067
47307,10665.794162319962
92257,9843.063176189631
49027,55940.869601490434
43298,11797.562547648007
87811,12113.119882346471
20541,10716.304726084327
81045,12476.167391130939
39639,14054.211797503165
96205,15785.63439266282
82019,13092.70569094879
37551,18061.001708613217
84821,8611.040524758138
47334,8658.042106024532
88609,6016.535159558953
35784,12408.49712750849
97798,21767.511432783147
44159,20841.32205870658
51506,11254.866888638018
63396,15075.02133569109
91213,5681.7608450424905
30362,11386.150034188257
53575,20740.225370065422
80600,11221.270054995171
32721,17766.401129941194
80637,18014.493032760733
65314,25410.824139751945
98891,7599.422965194322
39265,34667.621944429244
15145,24835.429919831236
14103,8020.525105336885
93907,7991.9753740820815
55215,9952.154378639678
79254,21433.797617150714
10480,13188.925294049124
14954,23630.88301712025
47110,19099.585422457763
63921,27923.941631683694
41799,28137.460185557844
29497,7742.277351821502
25418,11775.959267060834
16972,12895.025417227542
80182,9157.720414016432
19147,12807.992858199297
17377,19922.35451765663
75330,23706.1840613384
15116,25888.717346689242
26347,20384.708178493856
10210,22780.424492317303
85578,21115.966300569893
17153,11818.481036694351
19963,16744.186130429083
21170,11482.972737945296
85338,10923.93218340769
64188,22467.309801040174
76360,11879.46943478975
39805,11057.264835224014
16202,13201.982196977824
59063,10331.823382698443
73136,6799.800442723448
13117,6187.21791138031
26013,13791.149216767782
60789,26546.70048235981
40515,14066.27653819611
61791,20833.735617614686
66628,18975.791922521443
87355,10263.629267030778
59234,6489.1830028443
92234,16209.47184468079
78795,8722.801586866193
54509,12353.211511506632
54493,33771.48034883891
58161,28992.291932113003
19607,12284.098042744812
41406,12158.119069876762
27472,21747.0143858392
80496,10881.407974959897
33498,21504.34622935117
49844,12390.658279948817
79629,10097.598783784113
96175,4779.928483465985
69352,10253.07925872365
69481,4986.483416114295
97341,25384.76990254337
64994,30171.212583189656
48551,27793.394899371036
82541,19709.84540927642
32082,10670.59675018202
49071,10436.75023125796
22582,16240.917904971022
64168,28293.419560635382
57719,10059.279777710268
18233,6340.190569845465
33915,9270.926176577106
57681,11256.434803794064
25529,24217.000071682425
97108,3536.8828369901003
77915,13633.979263697773
87358,11248.425258416242
13980,7261.193400803853
14354,14184.97193502884
82296,16835.881050856267
11803,14868.507651585354
89348,8763.260318572782
62119,15584.301805259509
88627,8223.831406553796
20979,5828.663268595648
16578,11069.870534750393
52980,9657.891253338035
35994,24999.03116131958
53180,12092.872576476724
39925,16905.25393249623
26719,24779.971822517287
12060,20658.330952999793
59663,16693.15026607059
35084,12252.626798622234
37312,17768.193827567906
80390,20039.723484469545
27127,7649.525620744727
27419,8335.168021943302
75130,13718.567656674211
34788,5566.395094323334
42175,13441.64134507978
15090,15895.762066460273
75702,20798.312570938127
27331,7769.828006305728
69606,15899.175162739648
87932,33375.842504064916
14398,10391.798619022771
74587,46170.145093316336
51736,5834.0857995129445
30291,13590.216797551471
86814,28185.63684615316
87522,21519.985436738534
11308,25409.988045796268
81959,10318.481437130096
32669,9862.204222482183
84508,15822.241301936112
42661,23390.816571956944
92195,16470.449602575325
88888,13609.007174125201
15387,29131.786343216874
57172,10056.971704270118
68150,10820.64553897961
59364,11873.829570795413
67497,25345.92156560227
20530,17131.924337641376
76051,9079.031061333564
56700,20032.363083203687
50813,26960.450725277267
56577,16603.093530721413
95408,27316.398633177254
68081,6590.968880589104
69116,23075.99402193886
14606,26344.073822756854
16945,14552.832060405144
61987,9991.390618538699
64979,21256.740484099366
60480,16055.525531550116
22675,9676.702239076221
35301,10932.978087523657
79847,8796.99878776382
28183,9967.84184460398
74193,8363.764295213976
69943,7368.072816936188
55675,9449.460908146259
92986,15407.868955913922
94103,7437.269533146537
45558,21661.905638817076
24598,7466.984171227956
96688,16608.992842317395
18363,22919.988449943656
89371,12943.756091057074
83815,15949.681072837484
46555,8156.101112184755
55954,13865.987750096814
15747,4860.153157043289
82689,3536.7663660906874
65870,9958.683884414511
23684,8352.346062785333
81715,26076.757630568616
17836,12712.539042565266
24534,18497.92564450384
71605,31792.68516601227
24786,10473.25834460925
16018,29023.64280082137
87051,8629.289490652482
47299,10282.764352266942
32044,9941.577218523194
68699,11948.412415249133
88605,15762.258626079534
29665,14283.56340731349
94455,8902.116541793905
66736,14533.11037042346
57757,18966.75064141699
41186,12814.79505656476
87772,13727.553080193036
69191,24044.065735596378
74154,10460.261221276742
54952,34590.10412191889
33028,13315.825163372501
92094,17088.857164080706
51436,32153.567930717192
41012,30895.173907759454
89586,13301.759310799445
56769,13668.36175082723
64969,11493.680643271888
41076,20829.867067201667
23315,14024.840139606027
40558,14273.003296171595
33582,10847.228071069458
41987,17713.874421100332
16004,11858.544326862386
29709,39757.152521182645
27872,11648.124561667735
31513,24129.172846725774
71877,5398.179742552311
87877,21069.729521015994
19575,23770.952275206815
79862,9366.13889022278
18432,4970.363352967084
14878,8439.410465827474
97707,17674.846698354413
48367,14625.771311290295
66184,7869.348268029755
75713,6980.6898900459655
97696,18179.157523216403
77710,64797.06227469117
95446,16668.688027395172
72832,10778.96205817335
17644,9166.384321094009
92024,44030.1156514587
99674,30076.78919603698
80386,11821.446983641794
18833,18761.616310123325
33332,14971.470347594606
46025,10939.92041047361
64714,21400.911636151697
17555,16126.405688185723
68470,22190.307834028845
42746,15830.698017220195
52937,18816.725257400318
27730,17875.561147844644
10721,6972.569982401497
72080,15153.34984933942
50979,22021.861716250296
24048,10674.720092978281
40596,12604.548879511614
93099,11832.683203272574
36093,6767.713326693129
29009,33404.76440393178
49493,14104.857436210335
32427,17566.959903596693
65626,20449.394626332254
70305,10652.833926844261
17876,8637.7822229874
15013,33988.035181235144
76662,21669.974145512242
97258,28362.804839148655
87922,34217.08110105723
27706,19201.785750209114
70745,7259.849860867342
39281,26140.634278387213
36232,14914.360527345687
14965,20848.46915393574
94999,14349.699228394013
43676,39432.386264859655
33320,11286.61766998609
63082,11628.745103753605
58417,27878.117854424527
63458,19498.33587233903
11311,30935.058400531503
45843,14272.518257621803
68716,15754.481713070734
52298,8286.729974651093
45498,16680.223160839214
26999,11303.770296152303
78568,18522.723708143578
17631,7112.627428270371
93489,13249.136425550745
73435,10517.313751995294
22011,6341.633816734933
67389,10071.102437160685
48125,17990.823951539696
63350,22250.29658588906
98919,13228.268609226814
87998,8402.93744811586
67192,11666.037160218128
68433,11916.420805749382
17437,13755.643602777922
83270,22729.33445140298
98736,28138.811230268904
29241,27509.315351398458
15852,15745.015649757788
73981,48918.47410934033
20074,16875.005790800245
14891,17403.86098994986
89235,9865.351370426153
52911,11538.908788542492
89532,8159.221372697928
57292,25043.724445516942
48841,19270.383741557038
31659,6932.492646410483
43037,13972.829774683993
17447,19201.195615601504
98115,3364.8022153007623
26989,18142.04346242393
73187,10889.549246298393
36867,18266.418372814827
26703,14396.276944575075
88270,6361.862906597833
37694,4708.894733834832
34487,14299.444633596742
29253,21011.077908251777
11753,16246.097335989549
51761,10604.517274443917
67247,12102.442828339543
72291,16974.782537422707
39210,18249.000746116053
63008,11167.960544943497
51985,10184.8393106357
53844,9304.599616774645
88552,9731.333588775371
84604,9683.469061745127
23786,14079.528348493328
67660,7149.378616207652
57101,14272.997170944438
27706,20957.016903591688
21364,20764.12830410744
61607,19913.205615875042
12354,10718.74207341845
46662,7355.022512934123
59619,11110.768037909624
31074,20935.791586386833
86955,43879.796886981596
41911,25156.00070553738
86450,10516.82041979965
27533,7813.394364557573
37079,6481.315362875635
89129,11389.82094192777
19819,14198.559061651047
19904,10472.138372805357
93590,18583.721236065212
98321,11801.97242604554
44956,25879.14332235398
92232,14747.597892026813
43740,16718.842150631514
46454,25088.235815526088
28905,13071.374248538908
29015,27214.860188534745
42816,30334.284651277274
85203,12096.817013651926
18629,10127.581106675427
15242,18628.433490637704
14287,10789.483911715428
57271,14776.97718202764
38391,8265.869507599493
82240,22671.182100780286
47730,22785.693711108874
82062,26111.825301090554
10161,7664.591567627358
42328,4663.790406964679
54715,681.7572168273218
44441,15237.556626089594
51316,18189.617099377032
95101,11567.282011705025
29346,24138.57005635277
95458,42974.57721448426
33938,13346.072559430822
62804,13285.694246654986
87167,14955.230170912644
27787,11802.402667735107
47078,20904.957056845582
22020,3415.52159361586
36514,5470.66693095874
20395,12108.411127215055
41264,12281.081414763165
44429,15625.361952919995
65176,7102.032339968106
63481,11940.194646975968
33770,19957.906245692324
15421,21961.04459787597
69032,23621.06775391979
12552,10695.43247038967
77512,9818.208880970595
76838,20016.758869823952
79732,12435.627259635967
61248,20759.968089113736
18776,13449.556138809463
87798,11166.813512466299
69880,7772.273121379927
57896,3400.1420559408416
87461,19772.52429395763
24959,21329.3647006996
63114,16786.073241707025
77774,34063.09633564345
26092,10069.542227623031
43425,19682.93162333844
55411,12991.219451390702
88888,12965.224400616104
62593,11378.073588561965
65914,10218.101179756593
47884,10197.963025685036
97811,17280.007106919482
64004,13857.125705729777
68879,22635.442739685142
69676,7235.802141079652
37317,18664.523036058552
48247,13965.736804807868
19856,10767.483096597949
67928,9339.473429169968
69919,2507.7934019651893
39673,10604.614910030103
42501,9734.628245987842
30132,20994.484150120454
65293,10253.090598344294
71209,6821.034183154627
85157,13408.176920641952
78760,14685.573754829322
53838,16045.462619922022
21206,9367.035284029735
68261,17959.835274890538
18897,37390.728335668726
68616,6171.253898202478
54015,14981.160070556969
81390,9105.98074662846
15480,15845.472730326737
61436,12164.638135578338
24844,5167.568791528554
33750,12032.202199178739
81537,9276.857456605581
18386,24466.005368663464
73952,15386.466463780875
17829,26546.26625463758
21287,22772.966199204708
89536,19935.831920739383
67885,6975.015216781372
88702,25894.68420080546
27228,12985.431810005559
12549,9026.70770937665
32410,28147.66884564759
50753,13779.170647165232
93920,8126.150271141312
80252,11666.32983221961
61942,15388.465411746283
12167,27478.54847117187
88865,8957.575529625177
33777,14938.823269101998
61368,12308.888462910256
36201,13517.32565049894
96555,19384.99841101774
34535,7367.578578464503
26311,16889.86990654941
90582,7281.62500434751
75175,12708.809036312932
32649,21380.005206374015
34634,8039.961928340435
72651,15392.050481116978
95664,22016.87057015895
77760,17786.71113230801
81191,9867.798325357257
20229,9630.252790508064
10611,14521.600078515181
33215,13040.615831742076
53260,27586.222299177003
77788,45262.81274595542
79293,9424.100838786919
53843,6572.99038695106
61168,3152.0023074348574
66415,15137.319994874011
54692,14372.21453720203
25309,5280.705186250205
90782,13441.744665866812
80730,11941.95566811265
46525,8224.963883737924
44124,16679.89394224062
36039,11153.976684918092
57137,16560.6309344526
58211,10107.266673700462
76290,31794.066725805984
61123,12905.050723553257
91378,16915.156545378108
38602,15033.390847072047
47144,8689.634528429408
69099,19109.449975381445
27321,22507.94668509697
80315,20089.785640078466
73067,15178.767635577618
60489,12813.14070130768
31868,14833.289538949652
50459,9485.176526326228
68640,10610.909377561458
15532,12066.078839342294
25955,15834.49973964756
89944,7566.517193092017
18688,19905.6083154554
29888,15867.829858582283
79827,19453.020580718316
62764,10245.196460492713
28456,11476.015777641449
36272,33333.77820075529
25868,26390.16376219523
96973,8065.908250908826
57479,11688.377049701052
15912,6654.007406994113
99606,13139.403680184003
54972,15045.874205260972
68866,12005.928204648138
47183,20507.151208802436
11750,16578.93085849338
94785,13471.764844453668
42391,10812.009611304882
69629,23517.674482297887
67961,10103.981167602775
69029,6968.932428533399
64719,21719.597833857617
50033,9900.888278405298
87477,32511.04609845033
94681,18415.737259951664
83280,16225.750987977737
42352,13401.986271309532
86960,10163.746966185323
62388,6946.7392755648125
45757,12705.191022424497
26866,11765.405921094512
12003,11719.179365244521
65456,4698.168569964451
92833,45955.258592596314
90466,14663.536768413946
42138,36019.946958421155
69347,30138.706428419828
30075,8356.770671210379
39125,15459.215800799913
68296,19192.78188544446
84277,6705.900809392217
71981,21223.88289790926
63738,13017.052575659844
71916,13546.130376307548
63464,8805.472866872678
18273,9627.525163182949
10744,7745.447910877241
31901,38754.14086615711
83188,18136.393709755073
59490,2031.0455921482553
79538,11182.829145285634
97897,42609.203778415016
66293,17208.490212716853
17992,12402.380058011611
42313,20405.91291728679
16562,11375.461159999115
24373,11600.759237314116
46197,12044.508783050118
38244,18334.684155464474
52653,15920.273747845877
45132,12854.6692796038
71929,10334.559640389838
68845,12243.530490156238
90510,9920.881912610323
56481,11968.05886395814
91571,6992.260387924831
15766,10797.825350977815
57419,19311.60755258815
85868,6576.128446822431
94629,6249.245172995559
56741,6568.347686974828
87241,11353.979821038021
85155,21928.534843140114
22149,15252.398427705928
52633,12951.749334798404
22656,22459.683356908252
59988,24626.7913941285
59757,17373.32154682697
70625,7654.414945698241
90609,30523.7074116171
34287,21283.993518253075
69838,13702.867675056923
76736,35226.686134008196
33123,19959.1722335214
43401,22528.445314108165
92748,12654.225612784481
73253,18917.480340054775
76521,15668.15018018672
10113,12220.37347903569
60238,9548.32272189615
85964,14205.92157602484
86918,12693.94824931992
60535,23125.259956908772
75649,23249.519732032826
63770,22059.256562300507
43048,12925.455855174063
69539,17136.06342480521
98049,13313.218667463072
63328,16421.69624992267
36671,12719.520324815936
42502,10958.885510119919
42212,12384.044523346554
22215,15713.138055601516
25882,16176.752994044977
53367,16542.31319098773
42389,11858.544326862386
55915,21039.154717958598
68495,11037.990459042167
29845,21641.305017538303
88720,9359.093100669967
86857,11590.489204591984
82744,13848.778261395679
44961,10566.399456490524
39293,15600.868631008814
71793,9427.154385369533
54128,13867.445091547961
65844,24408.2621596369
82194,17850.13144874535
11650,10713.441535381808
66698,8246.359195408762
79288,15197.058606639326
85057,21331.13546313411
41434,17661.5600835079
45331,39068.07670649595
44860,8496.005022780935
83248,17950.377956156004
27170,19739.831806409806
77020,7379.076174002756
90917,13353.637815085278
96487,23211.8480153498
67362,10787.957907630478
13939,15849.233481082943
53819,9008.812892935493
48058,5497.5797408313465
77309,19297.42623976619
69028,41150.500849491
96214,9835.070974272629
52088,27784.310885782434
57089,30350.462109675977
46934,12011.3623502941
38199,23259.42395878222
52725,22399.111232727675
32381,8084.436889058417
98454,17499.128262945665
12725,10162.073150566128
37680,12734.910639825863
72980,33819.38787439195
58979,24651.56921192989
64889,31794.27994458934
49373,23173.128579245804
10883,2763.154373385505
93647,27724.275399576385
53651,10194.22851259794
11322,24839.425562890483
30422,20478.90686448688
88658,5694.3768897841965
94023,24708.987724575236
18558,8275.094302335432
69677,13376.383781644874
93217,16332.342524159449
42318,23830.11723151553
91125,17875.89880956655
40340,8184.458676726714
50086,14306.96606766985
76902,27701.88056243845
80902,11542.087663557404
92162,16806.341222095485
84498,20491.576604651917
55695,17015.321547540614
93390,49111.63843156911
97403,15096.681042768503
45565,9511.028255011257
59267,10305.780952672867
91765,21963.296780373712
58666,12119.460534186124
94964,6263.930243702194
60333,10254.388931301692
82829,12441.661583899066
27248,27788.715146906594
73151,17529.703739746157
36447,19188.742825134075
20750,21315.59375389672
66090,17594.751085743766
19797,3348.3612664272187
28396,12729.500135399761
15824,18319.285406945528
31152,10888.640095503037
73805,12152.797682997863
47466,13902.657930961344
83396,23141.648390023693
63829,14802.634400220722
10079,2570.714458065142
82194,10604.723959569803
17299,6999.016879392615
82889,7724.312791893795
91329,8864.344579696692
34341,7151.496017100708
99816,6464.427236902615
17266,9955.519729532323
80769,13692.880030643417
79930,25754.971892767244
22081,20215.39965672017
99269,38164.57028400992
71503,20561.69004281358
97453,5935.826565940502
20530,7433.133476938987
55403,22558.90110385731
94501,8687.562923651885
93185,11674.075152205758
29877,25789.930897068603
13373,10081.907677807974
87827,12616.95360198896
94156,17617.30311886057
10624,13347.307380843762
19527,11589.48158484465
98142,7876.0653120278785
62215,27981.27524566541
10805,21349.621575724508
54776,35899.903040195146
77347,11309.523957001242
62871,19370.64093185098
45379,18658.19107134024
68916,11422.273372842996
18958,20654.786785543733
44458,27166.20186991943
82339,17671.2432376769
24128,7758.9985895509035
10753,26705.579568326288
76264,20841.13216172315
79287,17325.65201221231
16733,22697.370007526413
78719,12721.743182017195
11066,6525.620129523866
20101,11405.535877756356
80884,9841.022759285803
55078,17658.572948374444
51494,26570.150072589888
52320,6362.892159805937
81260,17972.15416592325
70645,8177.000952997076
36253,13873.691137583364
83280,20284.322493693744
73210,9704.91384483967
22835,13428.639336653934
23553,27334.143107866592
35243,35695.39515090446
85960,12381.437671291435
98417,9831.54886521996
83347,26612.847789434127
24421,19676.478998589366
19626,17700.96226034545
11428,7778.262567133905
60478,35413.37022828488
62721,6430.206153504798
14016,10098.408673550015
81621,8753.14518747051
59017,23233.434531034873
93784,10438.610813914645
41154,1904.6977523002734
55124,10888.821887298778
87502,8020.1651199196585
75805,20186.465452118813
23005,18196.669748628283
15668,7279.959634762306
32037,30484.76912372658
72662,26762.191412286134
42684,50074.19314600021
82535,13517.985670340053
87186,12084.946845311046
10273,21270.404763539722
64197,12824.51607549752
32967,13417.547858308577
33801,27421.127772237887
21476,20738.879572159443
46178,12913.121989167963
37032,8618.861143315615
83632,10927.01677411679
76858,16219.62340504842
47337,8526.720039184269
67335,30685.710885958717
91020,27161.277126619912
38593,11917.138115386479
13839,14554.070932536713
88194,16577.93546264617
10125,20806.89031981841
26078,33379.84046917384
17135,19048.602266890095
46193,34409.674129693885
36608,26314.90092550921
50373,17616.328701071983
40609,24194.21459531127
95165,10782.539103671064
43466,21710.439286739194
15377,9054.05099871614
80544,10112.84960951898
33767,14826.295613408816
51823,24868.578498677758
15223,8819.538568743801
84838,19441.447459687774
44524,11818.016313567172
75270,29250.4333402314
93959,6894.367621771949
90864,10066.092129765238
45807,18235.072082132385
12527,8343.333184069332
87044,17992.863607289582
96212,8306.853265042122
66906,13546.911218718167
88705,8535.794549233122
21741,8258.204136902656
25724,14259.99929132787
58012,20292.438939973348
19437,9533.74152122829
68158,18131.870910577658
51191,6374.71252332963
32981,10700.578906801733
10257,12129.194624018823
82656,15141.802680391755
21930,9364.717205281337
84538,7966.279802570938
98050,23258.278041473775
39126,14996.340576789109
78652,14108.823555253182
46819,11269.687036991516
14004,20055.665051383934
45767,16754.210012372227
32681,15022.475526384827
53706,12854.199149233718
43441,20927.058758517713
54909,5070.483379008827
68865,11976.226539248251
94606,10575.680603311757
19549,24652.441318943223
61709,7334.81114579214
57147,28411.569674382816
30608,24935.139655408253
95334,9475.616977030537
14826,15959.810679730952
19796,15743.147886910696
95331,5544.674751085666
14476,13221.35453273866
47176,6525.224011193091
33568,24043.60726893899
91604,12143.832219991149
49262,9952.525002299233
45064,10359.274066608956
74500,17245.71106243606
19180,11983.766385371553
69769,16490.332632794372
54590,19737.99000422391
98378,10620.408368622908
17089,10752.684055080817
70026,26830.248943290848
17087,8914.128553665443
53463,14610.425296065378
46100,11145.052547333811
91978,15052.31062821711
89677,19518.754906277733
84393,34297.918006891705
91061,4151.624937474155
66585,9770.474153566665
62819,16628.845451859772
18976,15041.557129001321
38154,9372.197968582776
66007,7942.554276636607
66769,8845.715219074486
52219,11330.500707786705
90706,11093.178343129013
68627,30237.117436449866
21017,29693.108317115104
45396,24220.875386618354
89349,7874.8327493001325
59845,23977.27691006543
98084,8649.93667913018
33911,25868.113812568445
30855,14187.13544906448
97549,17405.871965568105
29079,6826.7148743726775
66835,10582.601123349428
24524,20917.318796426327
55295,21685.96504209881
13094,44864.830433139236
95995,14629.026427142562
62995,17923.281048379144
42347,9218.633287087083
98829,23587.45623794359
45306,9834.655530752148
76797,20885.11687907117
58733,14028.32755502917
63988,14362.911376946027
84673,12052.687678446211
75223,8522.152551611613
25419,6104.018330154477
37267,12169.559555063093
32463,20831.86215984212
94755,19956.430912364165
10114,13343.664100480639
52737,10590.01591422075
43203,10200.231656801487
92743,10568.410007351162
89942,12597.471006219595
69171,11505.976169860183
30920,9791.94488080866
23695,12709.668146926811
23250,9216.907581423515
12516,14755.618682953056
61279,20604.17195686053
99828,23297.799300189614
61838,17476.568448482456
34452,9509.48666244018
64519,28632.64699412051
87572,17312.566116508988
61847,13086.65344267352
74886,4453.835479609979
81412,11830.946137029656
39023,16042.332302570077
55890,10573.739836394521
38954,17037.132005207543
49535,36104.92457811031
41434,18258.16200279072
52715,17832.01283360605
77274,28935.40727595397
97465,13500.118552180276
66657,20017.320466120404
94476,16249.345336837585
87338,55287.96320790883
46373,14756.887225592833
69293,10914.867781760035
21081,10576.385576689085
48603,7706.204184663615
29442,22069.842126841144
51984,7449.220786176107
72572,10978.014864037192
22136,23356.032920437887
60739,55523.839839780754
43900,8559.055048344457
37191,11237.024119788974
41478,10416.869326592605
57153,19029.411433620597
54412,12865.255698032319
33331,36178.62023815071
57151,20478.75469401659
27954,13157.345445385012
84602,54855.56548734202
61517,28845.718997303065
81256,30503.913994711962
41951,7393.98659059509
44458,15005.753574699691
82589,11355.90756608572
85337,7532.777809888612
46953,3264.5285423378773
82922,15364.33164842713
89086,26323.47476025403
24281,19040.339066576984
30461,16343.25620511376
42089,8250.305428733705
41012,6285.478520528433
93937,16877.717896879545
86624,9154.155948588525
44879,13406.893922238723
71462,11834.455925756816
94208,16615.198752780572
87593,26901.969471737204
39136,8055.7578108042835
90246,13237.303450910862
37898,21323.326975733544
63359,36866.992849295784
74237,13713.578864635203
22506,2745.462705178843
46176,14064.261418036143
19334,4617.205208132187
71125,22283.649992301504
70983,9438.227659263317
80580,21479.82237492986
42978,7492.784676076844
70251,11473.077046249873
16005,15816.452665507593
15518,7591.883658854516
87111,11518.09467894477
20081,28222.089742385208
81953,20142.792392079577
63450,14129.071470251036
43751,17831.583815258553
62557,16404.2075567495
26854,15363.46974475437
76467,7124.628308533551
78536,9912.850638436279
54214,22654.020079540587
87299,52647.40435143795
50780,20213.120584769935
32404,30775.998831994853
79780,36885.81025057142
40772,19975.903856849203
13667,17230.453708314548
46222,11869.453902340463
13763,17190.46314335196
89634,17310.846614690276
30889,12863.62220849755
35805,11478.268502821935
46249,26960.030202140726
11619,18927.313249428807
94126,21711.58420561192
10641,9068.983071285464
30512,17636.019426695013
81414,21870.262389388085
54791,10591.48803223213
56381,18949.38198568456
34800,10874.217363376712
98794,10550.349380739091
23314,8550.531428983146
97124,18248.628090100672
72561,30131.905557998543
68418,3704.1672782214173
44246,15574.483216052087
67471,10505.260804854095
88628,11556.388101309749
42345,20891.296818077808
15925,6848.914496006941
42844,16921.201263826777
25577,8233.105440931202
76185,38702.32061366514
37174,16059.478577347529
41587,2731.117857172514
54495,12650.788992315673
32858,31923.74392702321
35154,27820.140935559415
38845,10701.095510677105
99646,9882.150921546347
51950,26805.504460049713
25201,15386.466463780875
11256,27767.915356705053
56518,12489.916881621484
97103,10166.25122941636
62813,7412.006150812598
91249,31633.634095942034
12889,14864.915782295884
77417,23531.908682664776
15941,11535.855387832888
42386,16657.67683229526
15632,8823.749279069005
46833,18060.888989243296
75319,9214.016993751042
69288,15408.667431257745
94665,19285.424335124553
46155,21967.576427391763
15743,19006.002801535604
35053,8906.301898214044
47362,16370.652935796417
21760,27184.038220601935
43801,7094.509927035797
31246,16181.259171569942
27975,11177.0307695689
66536,21535.993223632882
85206,5103.6783435092075
16384,10556.663896062935
93073,7126.608396929514
94266,16644.01464245319
48307,24857.005968607336
15861,7103.777987306914
67507,11594.565482433642
16374,27048.584606620912
40861,27404.787716901134
91108,14819.856110332958
86096,11974.043789300218
96823,28689.104278989158
56116,21865.086655705185
85838,20118.00499362827
98129,13294.375877407889
43494,14573.977135823512
59935,31704.092450632
12493,13105.947924861375
82724,16348.525577530296
37629,27661.886093888068
56674,7268.525998192386
64195,24640.255302317782
78257,11998.429467871092
75198,13045.378631421558
45877,40397.54052224898
67652,8956.48499011124
47476,17404.84406403495
62092,6481.315362875635
67327,13531.951992906768
99299,6144.936201613649
17170,7638.796634678005
16756,22626.502733927406
93083,13157.039299819253
52836,14892.193891021408
12556,16631.41314612727
79696,22267.951871660036
99152,11230.14334065449
95690,35076.211998627594
38564,8930.473324284585
85167,23347.34626667272
98482,7484.087164391865
17656,7655.863176052702
61976,12059.755118623954
70221,13496.099035687508
20249,6279.127036935701
58131,4889.987329966754
35214,6450.431700596997
49401,42970.841995201954
88165,11697.484895242927
57356,17259.89479039139
37180,8950.506070795807
72405,10647.631259271517
83237,18543.07864039881
33824,6594.70517496198
45852,4910.566596078619
47609,8994.444356553708
16754,11204.535773759391
76816,19468.033335316475
80377,14126.014882980571
46652,17632.911260459543
99595,7022.506169797511
23874,9876.952335425616
44837,16030.068696816845
41831,14328.746561867289
45223,47664.354547895535
52499,8625.490008844958
33072,23472.52484514543
84379,5866.2779645039245
95628,13491.12724384747
45559,19503.556083831427
40140,5562.845009765597
43091,6688.358770742063
13641,11941.734569810886
83307,27469.223978116883
13141,9656.750677306885
33943,13133.330948825975
93734,21633.030925190204
64763,10208.418273518757
92032,20482.973152649683
34027,5424.440634304408
90546,11937.85858496918
95507,14951.88239786796
15180,12939.762639964087
96176,10810.244002162206
89359,26052.800797468786
50852,10749.832459190624
85996,28230.287037887647
85148,11427.181051895808
71653,19123.435910438173
32975,12562.337865708396
36465,6299.48314076647
27340,9992.1289210627
53516,10150.360391482822
62848,18999.787951223978
76129,12139.5959918608
92828,15662.61502311545
21284,6230.722750427807
16521,13538.446714772503
19441,15869.944759180049
44616,11470.633228897408
70356,25345.245611677245
75491,11386.75674959588
26554,18834.75453474181
83464,16167.484964655465
26283,11189.834147927333
50150,11927.49287022237
16362,11902.903576452893
64174,25309.936466013492
26506,9677.909915670883
18241,13903.790955621169
18748,28210.08175841574
27830,6980.6898900459655
52961,32076.678069280733
60340,16708.77849983992
90267,18954.833145125784
27476,28950.007647474646
53693,31933.42734405057
35224,15149.26839818074
50134,6935.472293055416
83934,16052.49226117332
45257,10283.250204605341
50690,21198.49056457007
96165,6905.282436886244
83118,7351.862919569381
98121,16497.518741931028
15753,22157.59567199109
62356,7102.032339968106
54881,10233.672975114503
66514,11395.641406945859
31419,4926.286507316259
97578,23975.570371865455
88545,18997.577188313797
71676,10241.861763942688
27038,10672.731718481416
53075,7396.935023153663
95140,19224.046240216423
70393,33839.23582573717
83872,15620.96038714757
35611,9344.816897444785
56814,14140.582226076707
30420,21723.118786627325
57028,23720.20691548527
59990,35647.925583770644
48477,15484.739885320432
84424,8088.475141308298
12853,11197.59582470282
82038,10398.576595694361
71455,10135.496243083318
32787,11391.36185320007
20908,12075.991672274835
88783,13106.57693431744
10712,13374.07491333353
79236,17037.975113724682
57426,11240.658567882914
92829,16341.652603764825
26788,26563.100737802917
47300,11544.923851899646
66698,25538.329046583436
62712,14141.103340176232
43725,15548.508946806029
25035,10849.371067056712
13696,28605.768808958117
17352,19615.78953059698
40706,9330.344033695008
37176,21040.40668491408
38923,15358.820825265659
13988,26746.145826346357
97802,6949.384213432075
29230,29921.298336384436
81208,14707.24033001238
95000,10618.345568016055
32467,29703.76308126802
65986,12670.752097730652
81533,47388.73170300339
73424,13826.02275985459
76906,6586.543517272923
40732,19660.627040337935
82704,20485.622686357838
61472,20335.900190682263
14816,18732.52045471061
88802,11384.331873943009
68372,24241.39361070945
22750,30791.175541604018
96195,28447.519837431464
87568,8681.788158463207
42265,26793.439543104985
95642,13002.386326778209
37357,10706.904888051571
62299,12665.560482232779
51435,2716.8689816769474
96934,26224.656110719996
26369,14084.321992090116
82696,20215.705157141936
26435,13664.050616670747
59083,11684.526580647009
79981,51817.777816624584
11965,11065.333486977988
12657,20917.736842210732
59506,10288.439987786292
62955,9059.182798643524
45707,28855.78362497239
76136,10763.246354943054
49321,15489.20299066178
30197,10223.20920460128
22769,10024.88915268816
40597,17509.388835768328
54818,28912.723398846872
39750,6351.885496944644
80440,12173.8222904855
13322,14654.993023398758
36632,9587.233828440621
65516,10343.868183666633
42483,10557.844939888117
64188,23465.582424755412
19964,14200.160166845846
32723,19547.858908056274
87134,10287.511712169053
63850,13387.541551713355
75119,7499.848282459134
79648,29502.850073693746
19260,8414.662781835046
29256,10776.920625489238
56381,14865.978838567256
74967,35732.917899539876
42121,15842.770223366233
80995,16645.150711548136
54661,10971.371434868663
26854,8255.353460198705
81164,14598.123902217078
22808,28370.33475034101
44089,7126.760704142542
73658,25371.41191740192
34663,13622.461043294674
32720,18431.64100205716
42175,22484.566183157884
97806,14043.137932567544
17500,11944.38901101022
12631,28171.427545482744
15324,16174.241409183303
39645,16135.18040564528
79640,10689.038834830422
94851,12301.564264724042
11865,20974.147243599535
59198,15188.925904366875
59527,6669.811681876485
41701,13524.536706486484
96886,4699.222562820829
27964,18846.46939984682
11240,7858.315810020002
77244,12727.249376998323
19846,23253.580870908256
76383,9739.159109455182
25549,10390.478654429324
30839,18739.686842083986
65983,27828.150927128077
72064,11518.983496371626
66880,12166.267810316767
90290,14303.527813431983
95867,17232.575031219916
43591,24505.700305836064
14486,16354.885609700677
49113,11245.474563756408
31579,25127.13345146119
14743,5461.422425101835
33999,8968.608648017598
81951,28046.352694410176
25485,12504.131600876237
83720,16984.607166592803
98897,10183.216802544632
77587,13397.05509895656
82954,15849.1022016366
47979,23205.83784485337
42950,7280.6409956445295
54504,8363.766389061915
21774,37026.9893505393
62416,13529.940962570268
84195,16472.516210395872
86408,23111.290506742163
22156,21801.706183972317
67767,17508.99353745173
59139,8360.598477120624
87315,38716.40388684976
30224,13996.651146527423
83453,13286.361948183387
56327,13993.426114928956
93849,26879.34472226065
91863,10609.353730271794
37952,7294.317867382844
39955,23429.74347897028
91469,8366.286314174682
72692,29727.47304858015
74144,37141.40888015946
46068,24109.96315070982
25078,9883.204782113273
99808,30693.30155073934
90325,15370.457595428212
32353,8123.320505188347
29560,24248.915976819524
99224,27192.225931278364
52709,13618.536408648657
46596,14450.873704901926
18949,21675.906144236254
20304,6397.317677040428
96714,11161.743142132713
97430,14976.284656896705
35966,6034.209870951108
85902,6818.514090199451
44696,7173.511793152906
68346,9922.46840452353
48284,13626.116571309969
95277,12259.579228023114
50205,5413.482054165241
55432,24195.20407574696
18722,23500.99533927082
46885,7815.358650867518
95345,20925.444120431075
65269,8368.806905047717
29472,16151.654117738799
43072,16214.810549755899
95314,13412.104417209759
31776,13589.797536619002
67497,13125.007136448476
10946,25831.2930091091
94577,22385.315395005367
36551,22152.645068384863
62169,15470.767427127987
16309,8071.047574937891
23891,17706.644945115244
88984,13833.044747865997
15883,27710.929962253147
12032,12574.331490003262
58353,9955.519729532323
26718,21281.495883457763
15422,8912.682942038777
46441,10463.401299762176
47272,12665.339790628146
92565,13042.013644160896
37283,20046.93648431216
29041,9630.76597420419
96692,13700.973187962303
21853,7413.36135123542
94772,19211.220145934774
73376,20010.870804071514
39931,15268.268186008761
92382,23452.423057411044
29576,20159.217552837803
22660,16160.578585683874
42034,18600.170583918367
16627,9077.559667370146
11228,11962.85345026305
83160,7241.456220078571
91066,32084.487907216797
20268,31658.063490418463
42500,22867.526087297192
28236,15847.423064627244
50750,15970.176063821138
59924,25204.833581272105
74446,15173.047066712763
10377,9275.42717745704
16235,24975.481755572793
98201,9523.101739956222
38440,11917.267005126507
18318,15785.085665735473
46684,22347.436603175305
39821,21157.049347671607
33464,14955.159679972974
60321,10416.073476645906
16657,28776.373469977632
60659,14099.100804721988
76230,19761.848243063487
30996,17164.347033689097
34310,21375.49446593503
69019,8174.970429099527
20036,11584.91499998882
31325,16223.875580711658
74875,10441.275866590686
83750,15705.008414751086
89294,15531.655413333245
91523,17642.285977066538
48260,33722.246153568885
39007,14359.181845875615
92964,7884.310802327114
75077,5961.220435000354
76977,13695.961442108208
15136,16106.310163158636
53314,7026.3650469535005
14209,12882.746427610175
28483,11364.330407977235
65393,19963.571320157993
98433,23988.560897264702
91894,8611.040524758138
49181,30206.68971590389
53467,37803.01548384214
94669,24277.923671031072
67399,15797.389895085034
23573,13410.070029221995
19364,14488.160531447535
49729,11657.697718527035
43346,13570.45563038953
49181,5266.139597167821
74546,13591.252517631063
15332,9538.084724779343
71474,9163.813972032865
17681,20107.245511416517
38291,6483.405325956417
79756,11536.744440207098
89369,15313.846352235383
38772,16652.37393828894
51603,5113.038225871991
35295,27504.451441986814
65430,9396.075225873132
74481,7818.276642794046
34473,26169.006760457734
95318,11629.952508130767
87898,3893.3496865924844
18953,24673.514119968022
85688,47838.77615728521
20892,45465.87487861687
10233,5553.451214324392
26711,20997.412687751872
55587,18704.88652574806
46437,5579.427801237309
72624,11336.005585927991
84913,26221.90952889569
16782,18532.049298412192
72856,8120.289815993894
91929,16998.816267285758
88397,18827.81623735203
99601,10748.760332643695
66172,21707.806688599816
82249,17944.997729390318
54928,7626.654054372473
41856,23190.71991931207
35338,45450.27770056558
45951,9903.514617413623
14649,24488.956593812065
28854,11481.642680448967
63354,16697.806021643428
84122,6075.9585904778305
52409,10634.736276055419
54543,7097.689697123511
81148,18068.890804471386
35229,27731.954514008787
13484,28127.82938646846
26439,16867.61302586107
54603,15267.927231678083
97629,12875.443144944296
55723,7876.0653120278785
12310,6430.014941141229
72510,19139.712366319334
58470,9380.056615328962
43886,14088.388324995665
21034,25070.470547023775
44539,11537.75835225737
85518,65195.59123463893
62935,47928.61635211388
32147,12643.002933490989
91752,12851.691238317453
11408,23128.912425830866
55192,14268.915846108335
30478,9115.049089708004
94202,19546.993506680912
48949,14538.983206337729
21244,15771.748239258884
42987,17762.567119678748
27920,8617.837846837616
87470,13859.778374138723
36666,10688.513321840072
63204,8929.053116373843
40468,9506.64075997123
99126,47953.84843830028
23445,21451.759286075947
69530,5557.910641893059
96557,22157.77320899908
83086,19843.546849329734
85527,17838.786323494973
37625,38620.724081827124
39397,10152.017390202276
31907,9229.075636588655
12646,19758.556107556913
22675,13423.33279852953
19144,8470.414124167366
34957,10626.370678609888
33151,13448.074581854637
34412,5242.248762738052
79381,20167.87999683204
72972,8681.459565222292
35356,6663.476729159405
91415,9125.606664272575
64302,15907.72384572107
68699,17929.939646214083
11908,14383.924663144004
47377,9313.66858226445
51720,12320.359601767985
11986,13203.85519515774
15414,11386.372121942779
54447,10058.698519336445
50071,14405.475841770707
77094,26211.0734598114
13879,9601.92469432532
25274,14278.6690209459
97825,15792.648771030936
72350,19926.159583408175
82216,10733.873297601574
84533,5268.281124998761
16205,18765.656937308122
80805,11730.278301752387
17250,25760.108034041903
70417,12177.831256155769
64251,11572.07585436315
79908,30714.651970938306
91255,7201.988766476616
62888,10514.228009215216
13951,21273.807940750325
58978,16037.231410432689
85745,7981.365130642034
28115,18056.901961754807
91976,4479.135578294086
90352,18090.54565001385
50953,10924.114621296165
83896,18324.169060066353
13504,7554.8312720562335
38941,22304.05441188621
75764,45131.140570387666
97325,6081.463438626159
21466,16253.728077377977
25409,14317.417814551982
77898,16070.355575076952
19142,7606.970357981072
37073,18492.19356699297
62021,9545.052203676594
19018,31978.86052116825
52989,11310.033328378777
82845,8832.778616280117
46016,10028.404679432992
44633,29269.822639479178
64605,10116.67374424325
55017,32429.710448015703
74229,15851.524173612555
35056,11455.236730580615
12864,15496.079296666881
45734,8121.29621067094
44480,6556.252316722004
49746,11052.17620191304
18609,2861.6309472511293
68970,15920.963125911676
53874,31402.596011048852
11879,26738.79845063651
12277,28044.69825548616
60445,13505.731963992554
76664,12783.058856388616
48073,19373.654772997714
55901,31999.889995268957
79120,7610.576844621877
51973,9841.374077020204
76485,24408.09105647554
43611,17793.20405236158
56352,18287.509518297924
74876,16703.027511834334
93106,21993.80954870903
13507,12253.97116690861
33633,3992.0307150528224
26710,13278.462171654306
89362,53905.94986112583
51674,20482.661674040886
47728,9679.212952874777
72193,27925.25488166424
67035,16323.347565253878
36479,31524.175139380102
18439,20823.175303605738
93569,7888.819813096496
69000,33722.977504094786
25091,22596.136042682283
20621,11274.418520518933
98360,24941.441556393616
72793,25767.27291674909
54311,20447.111795531295
25770,17472.33625394085
70587,6420.810382530972
94993,51732.62348783708
99039,8612.70084655389
49918,10555.392675604897
45234,33080.88379314469
47752,8998.37956923818
44914,8495.023277619523
81292,20020.979867998118
42895,16911.753167090166
99319,10009.770090577478
40941,22776.018174130975
54046,18993.061381839907
55573,21027.60400959891
15380,23890.315554909495
71649,11558.246695857684
12300,11007.37362040421
87668,29202.200514595468
81093,22917.019471564956
64089,11165.751903287037
73433,14934.808567445529
15438,11822.060767090883
19392,30540.679085548756
48662,6988.987066860156
34913,27995.650784867583
73494,20318.65009481386
62614,14341.423568095855
86290,20866.94858744823
90970,10995.032686763978
29982,10111.108031107386
58649,29487.308391571
43982,40247.45824306555
12410,24221.95634385354
99315,9581.725259887498
80930,14274.793591257874
97869,1792.6312598180666
93773,7246.1213147103335
84652,19923.27594518659
40804,13155.892993055153
91293,20758.844385055392
16068,6532.320346245151
72471,12180.891894097871
23212,7421.774475258135
90798,15373.63899776273
92449,12046.345399061567
84861,12335.71379490717
62881,12805.206595784222
19486,7151.496017100708
22214,6126.753427490632
34912,20484.0971537826
33300,29061.174937256903
53253,11660.409562786332
13415,16664.710557539005
67778,20447.111795531295
37575,13878.28702375725
17778,1445.8053645984783
30692,31283.99429019216
70837,12709.668146926811
48211,14231.101716076284
58637,8864.344579696692
74990,25330.365099839066
85207,7864.7219653433385
34556,18526.833889688256
49570,26567.32378458516
29494,8091.457950963424
47007,31456.13069579252
81743,7869.841717664063
65791,8075.227587515945
91249,10020.793983621741
61960,11184.801640744598
90966,28346.109167344992
68006,22766.5278758604
77801,10005.353642119604
75138,7670.657693596439
80738,22059.155923818314
38711,23912.801227970547
64150,12045.237891692985
39008,14154.741812007356
93175,25903.551498077402
80352,12912.862600686054
23254,15803.186697111483
48686,40782.05194668863
21220,15522.894046125528
10626,7296.067341528866
61097,19545.14128453848
56289,14934.894294955084
49873,26811.312212950477
17731,14315.542395123026
23474,14106.994365854613
37671,10839.55330404443
64217,25103.03666179085
91981,58444.36267236294
82473,21205.321094744344
10598,24767.492033233626
37447,15557.835360546795
57449,9971.524799021758
79010,10207.37268703506
96708,9776.63982363847
92697,18605.531445996825
50000,9543.460834198746
41952,14426.626761331969
61945,26111.346109741447
51129,10747.482562795216
82202,10856.903046114257
90592,10666.271248219377
26585,12920.795359091511
92827,8247.607367282937
33941,20794.12805228119
28230,17567.311674172786
39617,35140.819963156086
44857,18134.826301250374
46223,8774.12427536667
67661,8427.238192171457
79839,29739.22541082491
88281,15420.724480563056
84553,14254.297200067596
50913,5311.989945961113
35706,26823.435273734438
81604,26945.428828840555
24376,19854.44309941865
31601,51766.671062071975
13250,18528.68005658635
28054,27424.999313921428
45693,16917.89254019746
30284,25483.83987415881
85750,11601.349882354447
79576,19134.15941384437
70022,16152.411465284078
54686,26901.969471737204
69954,4667.775843996291
55933,11684.70083132229
29526,34573.312768176795
50072,31256.293361846758
55957,15119.031994289251
50366,29717.437956540984
64545,13495.889425995918
50646,13664.36994129545
59502,18743.843947614703
84990,22382.52224017555
89364,18952.07655202235
43863,10655.8801281968
57514,35609.758932089375
10988,19330.898537807938
43115,58380.32614671388
78239,10348.430554821512
25218,17327.041798592498
95433,9759.217598741063
86393,18816.411721141456
86590,4490.216415750525
11778,7459.217397315053
87601,11518.09467894477
49397,22947.613847687502
59652,17507.80549614431
44217,34623.66335547734
46995,9417.700949867994
32174,14978.317175983108
52206,16916.384441390728
55036,9794.55410348083
19133,14163.368580481301
61044,12420.58697513078
15595,13541.956197063078
31751,12720.4786794453
87838,26972.65075860957
14781,30840.254319734275
38916,29193.70429777448
22238,18681.29104697501
45268,9951.954480915067
80010,16524.29144351701
24320,24556.23402610382
82656,28479.064116372625
70121,18510.495425024328
70541,17192.59320742499
14165,21184.32190594788
95338,10017.258210242646
95677,33651.26797329546
66010,25014.188123080647
79955,12516.622716013037
97668,25896.0542003272
38837,13042.00248400515
81947,12537.22342506129
82763,11162.603270075211
23986,8457.086488832378
87183,9144.488291694646
93147,25154.501385919037
71707,15182.042244470716
90668,8317.54785339419
52620,23481.621892390118
19794,8407.857787292976
92868,18681.70958544177
18052,17847.679631157287
51577,23182.74351111189
19597,11227.419482767065
42155,22386.888262894183
14454,16020.160725332305
87933,31210.024634220877
94773,10581.129011165685
26490,20857.91655385901
88595,11186.18634439371
60959,56791.3888034638
43643,28811.78031174706
85010,12792.005037514133
63457,7110.473944837726
71199,23324.0988950538
62576,12750.981044557533
66310,9372.961648212047
32787,4199.107499062242
46664,25150.954910075674
56458,7118.591597301682
30042,15162.698996571104
82018,10700.590256493151
52971,11182.829145285634
48513,15742.356796842703
29439,21320.312975184712
42837,18889.074314996695
12858,18578.80413087584
21451,12933.560316734667
38757,8360.24840511036
42767,10851.80055515267
54976,17581.619741780447
96159,9189.953261245031
53351,19247.113615703987
67067,15323.177942307695
69640,22188.26936540216
89470,26545.3655069523
68112,18058.80208205174
22954,12380.198470452586
15467,13785.444715953145
44293,23347.071871283337
60360,14838.089293015317
61664,12337.133072942714
18206,11774.910841132109
15757,16130.663027777862
40943,22031.246383543985
66424,12869.167477051993
34025,20103.610522671457
76850,8883.721162932412
68117,16823.601619264224
37913,7061.045443991627
50796,12303.511794549064
82744,14846.544820807803
38116,21443.017142578094
90367,8635.205481622961
22891,10544.22681324152
25967,9857.934950843442
39681,18764.293367589707
32697,8911.507455520323
71136,13274.56490062259
98621,11458.658897671572
98301,7740.439184114612
35085,11248.795268430631
64354,7786.625961143698
88305,7360.583986547879
37648,8872.201577095739
71348,17481.124302992255
40768,21117.095667051806
31504,7881.795625976516
17268,9924.414089800046
41481,13008.289466974424
12531,20254.745230878823
32932,26578.136347968826
30156,9227.832532494362
15742,33332.84837166176
39470,21641.89891280524
26051,26250.50335159339
66882,10232.760558910282
99668,21327.866212390618
76590,11631.962931761213
36899,11248.698030020172
73630,18783.645622190976
42462,4932.240680940822
95184,20221.924762445222
61781,18640.33633793174
80653,16368.334868124599
51211,31954.646011503224
85749,7155.492887045317
90337,21646.175091358986
41736,19385.332006409073
90673,13971.327929385841
58756,7122.802964197588
13510,24008.209865118355
14824,31893.78962693603
71784,30680.857640222363
77723,11140.002138167325
68649,20653.26306990018
43380,9903.514617413623
74515,11101.416623634415
46075,30968.331940461027
45967,6553.397394532643
39786,28894.141507759105
63981,7580.743307829345
61227,15911.81238902191
87716,22394.387403671964
10761,10460.044333937094
79222,13784.054382316514
11606,7678.411257138199
27484,31019.33947023179
13029,61102.812567151144
74248,22371.523295285453
24341,12422.009849037924
54967,13433.169437557583
31685,7417.35536634753
19121,20399.01543080496
17380,13408.580896658368
20352,7958.127091241768
39165,8856.560042340934
49785,12310.083736210283
93851,7235.818547144769
88630,10958.885510119919
17601,22857.281909077647
88554,17405.638511118224
98598,25890.084847231818
61124,8682.558646671043
40408,9317.260429573853
18665,9090.378685245825
67389,12263.624317963942
17460,21876.867996692752
17253,16836.621917030923
33459,17535.39199807176
53088,32343.147265009393
89193,23194.202846473465
85907,8520.587526402353
71258,11521.218304921826
93096,9172.521948377342
59038,14574.272525218264
46806,20835.777355005954
79468,45917.786199935465
87628,7247.944585772986
74230,10666.97428665957
81160,7035.784394503318
46813,6968.683481293603
10487,20541.71332250768
37285,13881.468325344624
71649,11166.501317165408
36949,23219.359778357564
35322,10068.628506281544
37441,8973.424784575933
83930,27469.339519491994
43230,16307.932871792302
68539,9422.407635963777
78734,8595.793134437501
48375,14745.237459718324
58161,14552.636311993814
46087,9908.933932927133
49250,24444.511702193544
31778,8882.646572687652
57399,21512.11285932556
20063,9334.443955848505
31534,14048.257076469345
58923,20545.829630979537
36503,14394.720569313085
83771,8565.307729824486
50442,12248.227459118578
78029,23302.343993250986
85630,6745.2147442478745
63649,1324.785506432212
23045,12763.190512625042
15884,26156.46149268258
77272,23105.19917312028
44547,11308.246944604418
17392,27107.573862246885
34082,15839.777781790872
88805,15254.675757376057
56774,9113.445417480198
77255,3792.6275483114096
44621,8999.612545646885
46791,9317.24329846982
53244,29356.513693901798
63783,12637.687251885232
96042,7598.043442946551
51244,12568.629411446938
90071,11089.913334212837
70548,10285.305656698476
88624,16282.42523074256
35286,11372.593937543183
99412,8237.838805165151
85167,18830.76353117611
11478,17988.01264253508
53493,12843.56470961867
33833,8960.650215636484
35415,6882.387196709782
99036,14083.16103447167
77826,14868.649406244913
90498,9461.28276629118
90523,28506.88632714862
51401,12995.739130606835
69485,9403.32931452274
15452,13907.900850839667
54950,19554.69742981169
10962,22402.055069041024
93754,9396.276880628991
14147,14375.816548269404
64231,30190.21826968766
75003,9677.432077609763
86167,10251.903849794771
52859,28576.578936672624
68876,14404.627976166405
80397,9544.256470861583
62159,12726.97766278433
61976,29460.32868908495
33549,27125.80314210018
61423,28091.813801822405
39090,14162.385088088651
84228,12257.41734825727
10494,22057.543178144566
34609,11968.373934683954
44054,11079.649142424401
71965,29213.56301413029
34580,11674.82277075898
48229,11727.755779494872
57546,10147.918408786802
32105,13345.109679221017
32608,27556.81482880618
31861,15203.704174160677
97763,9575.906743417192
18010,22541.71021322092
79744,7741.660103414448
97227,17878.24149519181
47388,9802.769878538134
97334,12291.234460402597
91908,9938.753815820344
69260,13327.990324373213
92277,8175.471625373208
79727,10265.182286618492
36434,8999.945998094885
44629,9706.187027437487
64495,15415.193648292428
28208,12897.855366156055
47867,8440.144751574904
68852,20373.61906776283
79021,14410.348643063759
24454,26935.032655682422
14466,28033.637143959313
80709,13403.635649190805
57507,26733.34371986702
76816,10752.31138368091
40241,24965.79055483275
96073,5446.8635784342205
45694,14080.568056557262
89718,7609.86760145211
85912,21175.695261789788
33007,21675.366218678744
99262,10272.049657436799
81199,14167.910387652759
34239,24301.00033560564
90454,8087.07235706463
85893,19729.217375271797
20116,8026.084592927875
25737,8814.58599096107
30970,15977.749135015576
79775,18729.755513204385
81125,19283.471559100097
80676,26057.349012954186
82628,9038.44196871865
24619,5814.484973161203
47826,5582.373429047362
29198,15838.380690929076
39250,22850.200631448053
51658,8828.649661209625
16136,13229.784747369482
95582,25870.626395281077
39704,18112.925761641465
99010,23856.73186206598
64475,8506.91076179961
59621,18377.368525476857
40642,10160.250791298358
76489,21227.138911138536
57820,14802.660511924874
91046,20473.590832849255
56093,13999.674008101461
91880,9640.76408001466
59309,14329.051088594179
82652,24934.658834836308
77680,27093.764770348276
67151,13284.196450605743
93223,20534.475994801902
73250,10818.614556759927
72607,14212.510938223617
21954,15012.971406359675
38054,7832.468926205545
27196,7033.56761481389
27522,14156.0746811253
92293,13035.044952101405
97105,12069.107959843357
55396,14290.03116770066
72064,14806.335400611957
29612,29180.37489219363
97599,22668.459230413057
31030,32047.958023659892
61436,17392.31261229964
70447,18815.278167973724
18941,15624.075375524617
98097,19348.527722222276
29980,9628.7824262061
40465,31741.28453365898
84831,27671.531086765506
75056,13038.719465187543
45284,46509.99585527678
79751,8990.908646449694
30051,7790.111681851264
60504,19158.191522801753
22623,50417.26849684293
97178,18731.83700655915
52682,13105.077663140568
92513,16598.251440878015
33823,21866.197240296682
11159,8106.936871363252
12413,45608.87095055076
21632,37187.81002974622
73580,23836.67642113954
18276,14507.9131474926
99310,11178.232178732618
14773,14872.593463206651
52206,20192.312262533436
23148,11612.621465863227
97006,22098.997045417833
55179,12742.204410529022
89606,11078.197819655521
53054,37457.59339352029
32363,14483.750269739294
81032,5664.082808548139
87416,7577.606804324232
30701,17956.59565502634
11846,24027.57170316015
71922,21434.35126981102
27268,25794.930535779888
88713,19434.189296277247
24211,18559.081748687804
13491,10021.244793671716
51013,26714.820752800784
41737,17822.555392564977
72530,31728.075463527424
30014,27224.060138150475
12618,15098.211111119885
41768,9325.42167714634
76395,11790.892930114633
38791,11576.00610827445
32076,66091.98451472529
73669,10581.00268128997
44269,18141.86016569235
96594,8509.658481812741
62109,15682.338961185855
41289,29301.90889633677
65837,7772.739378039003
94858,21525.05773611764
38771,9503.029907949884
53583,9550.848131237803
38943,19199.120457652036
84721,7762.444934520961
41242,19786.853377639593
70191,10758.430502091134
19920,14526.009963175886
84672,10923.37600186831
32707,35379.54415241129
47172,26834.41235318328
95050,8560.41990522565
69632,11697.729047566812
44766,16868.0306686828
59717,11547.568243096488
26464,12931.917992798883
48780,16040.53368780339
70850,9769.974076791517
31638,15083.069375064533
51336,56801.30320816061
26931,38349.85737746033
67817,16242.469261353484
36570,8881.918713790688
73573,5152.588344839251
19948,5508.932018341096
19863,9384.206997540272
59791,13967.74423795433
39827,12082.52606461886
19391,7857.6838937604825
12099,10672.752756364118
30147,23714.71006998878
70805,8006.334112553675
26554,19394.490431947754
20554,10211.198354258267
54389,11048.845124828707
23179,6822.141921338836
83737,12767.678682720143
20105,9258.247667435582
69636,8793.035060244432
92378,2495.025607520087
55228,34335.69712183981
58930,19157.77379847706
26529,15345.363554086845
61767,22490.46269951278
79760,34479.92141010263
82955,16490.30025339199
79737,16935.43201721328
73719,41900.63102683624
93884,22382.978379751097
24684,9662.707639660406
81949,23800.2244340138
97201,25729.996306992878
96128,13758.463377813323
66356,23249.058782363114
46330,16543.89421830142
69930,18176.377906458667
96648,13855.878990311476
86887,7086.707265225066
22456,9521.454839257522
61601,11620.465067185985
91755,9618.455804671801
81647,26610.0157204243
42841,7702.387872669002
15217,19748.66853772215
69500,7468.896745554495
99152,21713.321005305363
17064,14615.736476561338
60302,9025.567044537827
76412,16303.54948573961
57440,13883.744536152768
91790,12209.528171726137
40153,19996.727580799925
73618,13551.64776719437
36429,34127.90722731209
61599,2089.868476566331
67548,15527.515980523385
12246,9906.291712826827
15474,8990.259455507534
14002,16019.901163099772
46151,18422.387554724435
55973,6946.7392755648125
51235,21026.351241121614
76647,13564.13769350255
76433,16425.885913517075
80157,6858.510214184404
51238,20024.566449338836
31223,13753.117604319521
14645,20050.871372735066
41027,18269.967281203684
75491,8231.551004648587
92806,11467.516720763473
40400,18571.197332279742
69913,7797.755819028649
57204,24312.928934989643
45269,10112.820933370183
88515,10284.869637290078
25159,29052.34409428272
64331,11764.683023095975
69955,20051.873931058366
25288,25388.717923787823
67322,30971.37625674546
20438,6748.196961381063
76959,13429.833870211265
57963,10553.738400184338
31586,11570.990132317174
51676,10887.462809259861
82383,13609.037965706226
59686,14794.009876923901
51579,40001.525834025204
91953,16745.42871870953
45869,11274.418520518933
47337,13889.854711881222
75879,7165.800836438562
41864,8110.130208923907
55736,34559.95469693189
48654,14659.360244668256
11672,9968.375820748806
45717,6153.222139174895
49467,16065.127535162183
86883,7532.732988324731
69964,6935.472293055416
13337,9830.168708385037
36071,14053.464295186546
78681,33720.445306784415
51645,18039.6653383145
74944,30378.731056019806
21653,25546.153288286238
96434,7078.538919433608
56365,15816.063230554653
55106,16997.215868607953
45946,19102.000127442378
14692,11172.327826469906
47963,10002.340875155918
70239,6001.209976529859
77779,24006.610099714304
39101,23094.134190038334
43128,15837.779332792794
36485,16659.54861216944
41496,29729.180131782712
20490,15633.943975591916
95921,9579.024625760394
13006,11900.687530378247
39208,8139.494961079687
24091,21462.74027261047
69981,17209.381371936623
65030,22496.373915037257
56301,17193.818388856685
82202,8982.812192406305
88383,4295.123665007894
57073,13205.049258799718
60695,11446.598324754104
89941,9693.207136845926
29558,3669.576064793093
76822,18914.942569019127
70698,18333.857949480516
66892,13287.964100908734
72430,22621.03267315991
27010,20164.629850587666
13240,20235.442429345858
21275,6527.512017527317
22494,15759.439848138043
53458,33404.40335886905
51311,7094.351461722847
14238,20123.693613725358
54873,18600.2564012157
43446,11727.015790556996
98361,8628.237415369214
74406,21606.166349054063
44477,23318.645078538982
50267,8803.85068907173
49416,8652.500451434575
30301,7968.894325897854
70181,14021.24376452485
23160,14054.04265730699
16859,17315.106596260994
43043,5298.158035051823
91608,28513.752373071642
30455,15151.290688401872
85876,41328.765246248004
22412,6517.955395543095
52146,13487.712874144423
90706,17086.626154607362
98119,20354.280913625735
43639,17757.720835931075
63752,6790.055073474969
56277,21520.860171374607
78400,13656.189087897552
11117,11779.44395217747
87686,22288.204562683277
77051,29166.873036754034
28351,17027.405395958365
14803,12128.797665567938
64664,19565.17590863787
25785,13766.756513415085
75701,25606.9074428035
28264,24104.5476097366
15099,22076.489544346776
22256,27792.802758075315
14691,6661.598081720887
11941,12340.840634314784
16521,6603.094576435877
72905,6943.984205288985
50227,11277.402324809762
78111,19429.687184087594
10335,10907.723763064236
64266,20165.075370427116
67824,18963.834752644143
70083,12768.759746659893
14335,33009.58940912636
93542,21442.051311159506
61265,12900.06114566396
11907,19360.673269091367
68293,12001.944393944013
62532,18981.90925636984
51331,21953.771437078765
92150,10554.932146404404
25870,8565.307729824486
37855,15244.555494932727
91859,11529.35018575418
30012,29274.299487500306
45638,27646.10466427604
27094,16356.736494358693
20738,20513.216466889782
53791,8009.09593406617
89205,24496.091530868358
97343,34541.949934117874
66633,32202.37000036871
85090,10900.475392766257
13877,9964.179264598359
99061,11858.875955553296
13085,9083.642668541952
36966,10105.875077235087
82575,10218.176196196033
49853,18561.72030993808
79950,8171.329190330458
57795,8442.207512004406
71799,10247.733449242303
20975,12054.826450831293
97889,9271.474620406021
45375,29718.931834486633
50231,33589.286070637456
35123,13894.560057174345
99534,19545.14128453848
25980,30229.89076531586
17591,22080.218405519223
63962,10510.819932599728
83350,26462.855638403016
55826,16017.552958690732
91641,22677.921676815567
25564,14762.91940305975
49324,12551.543402571442
13719,11276.19370378464
89574,8273.39959821346
29046,9566.965980701381
85102,10744.24617056965
64170,41631.78681574808
25556,28994.47271991561
40545,14648.553404307408
16579,9898.071237856104
86192,28521.811905863495
11995,8815.088641090886
66457,38096.901180292116
65384,19450.88576729334
22539,23464.856086930202
27010,9752.792815964545
87230,14530.833685192894
62738,33220.99287612907
66123,7243.824084638049
98795,17586.762094194044
74330,24457.74534739744
58615,9299.843945757988
32813,16577.844291410704
75777,8204.998034004593
71855,9062.861408019993
15429,19223.157746107965
48623,22528.02707454842
83903,17085.622437518938
56808,15452.02373534747
24405,14370.670269884886
41121,14584.45459520793
11209,15519.227754798047
59961,9398.986815902292
43411,26625.006547999954
90881,22794.849496455005
26987,11853.944956488473
33695,9154.398192182423
43205,5970.145108899285
15562,16751.398781508167
31894,15783.624313269309
63772,13644.431498439155
84305,21110.22853138023
26859,11605.642319438552
15240,12385.002496562032
72394,14383.231817340318
81987,15818.90093541203
99841,20546.54652443513
71873,8367.405895065844
37324,12984.434586126848
39791,18445.65867836255
91142,27780.448895389436
88499,17638.70128520885
79870,22288.905318179015
65827,9528.36565527846
42589,14416.010717064342
82251,28355.2472441138
75250,9250.326729769109
80447,12445.02255679444
74515,15700.623543787027
90852,11919.678417736974
31865,11735.056565446821
93755,24124.265898963975
74416,20866.33007726184
23536,14340.116126383518
44195,19758.708754162944
40856,9233.988823270405
29340,11248.669088719531
71730,19315.65262596391
32865,24019.5057091208
28514,8377.376232289076
74802,19278.23515810532
16132,5295.22354484708
84911,21278.47548697507
73372,29195.95705963688
25941,9642.497464097705
70766,28501.178775032433
21542,12065.145385885808
59790,12381.259080342003
52913,9543.450450638928
50980,16848.84905303632
26083,9506.23427449165
94343,15682.359193862974
84899,18126.919852012135
28363,24482.116774722323
95317,11412.248982379751
43622,8031.512631333504
94782,6013.304103905155
94269,15870.254538315881
24776,7786.625961143698
13223,15943.422766434049
59380,5659.870429765366
42257,11199.4151131754
59827,34295.20235852815
46460,18448.350623800427
65973,13797.746118668389
14794,16445.524957129335
67087,14384.153677700338
71981,22334.59419313136
38590,13732.688997797968
71913,14259.007874623794
54149,21795.62027547054
16195,5420.576792750637
36903,20473.93249452698
85268,12166.5999837589
80851,14231.3156427001
35752,19326.301383009297
63296,20757.621694055226
37747,26813.99599070427
77408,14681.205446280459
46672,21444.91215314236
15818,6714.996896791403
80266,7771.708445113061
40184,27601.596257736033
70040,8611.954764344024
70717,10138.67362243691
17097,20324.994162397772
43962,29886.99445449272
72370,20852.91821457652
27577,21010.353303088596
13622,10808.634508474424
55142,11757.556900888207
53693,20069.53772163011
21113,8064.081515549586
66598,9630.167692836942
77669,17367.892983722242
50675,11428.798273318116
40380,15464.939901611797
72697,8755.022514643988
53675,5507.148058261997
62000,12277.31869082318
18702,16448.849555115634
64815,16351.022738826121
17597,19969.88071219193
12657,19554.86516692046
26393,8792.462984464955
41606,44110.66188769287
97520,20578.401049946096
71939,30008.825915161367
44569,15450.90931026314
55476,14941.001379091376
57215,14935.872044756654
65599,14548.78301154292
15959,17177.388940473054
91024,12705.740334118025
20786,18579.626880737764
13746,12116.41075759372
75098,4610.530616002243
64179,10946.025186565468
14309,6114.871495040801
15101,27202.416292552487
11853,11021.691833695748
98760,13208.58104153569
91309,11797.042603643064
64302,7686.027065298253
50092,9595.912229225096
56338,10461.3596653697
91490,10064.676447212405
88892,20960.600780350716
50708,20239.25512950749
14527,23235.643843911064
85907,9663.338714802183
25274,9880.881525529348
25880,15146.073894079294
28418,13192.342128736453
21517,9154.630521036337
85077,18171.34694080939
21826,6309.018850453693
48600,21783.7543631007
60982,23857.641123667083
34827,58093.60954304885
40630,26724.649480357795
65173,10098.357625745124
69398,21651.576861037032
58566,34089.947417663905
97185,16792.767475561144
25407,17619.351293396026
97051,19381.20169944935
38712,13118.833596155553
94041,9203.612558052359
83766,24885.720160535308
86622,17919.036865928425
54455,10681.050571741769
56123,15800.77219237681
26456,29404.567130905485
17364,11582.821943606366
86440,6565.071019078754
73057,35652.37836106327
43577,24269.637670903983
54742,9914.866368867039
28356,8566.201256849037
47707,8573.248091892096
95488,17954.375801466005
12630,9775.968304259753
97035,8936.718256927466
44478,17986.52831049848
17386,13614.858461889675
79607,16832.058137808075
32614,22021.563347679526
29084,21252.024884051145
36283,9545.375127025967
84328,10965.434914800357
79233,8175.054767566542
23123,19399.768654777745
27667,8095.961694359985
93341,32309.31303264264
33832,12345.524604760942
98589,10363.237421648359
19984,33712.43185556772
17023,9950.433887737034
38463,9902.38076054355
83368,9614.500383265658
87445,8597.850315950898
54813,19142.475994448723
96197,8680.339160546831
31615,18356.401397299473
75574,4967.67132688124
61934,8824.16747220727
22939,10991.810751541572
66098,14627.986730801531
63767,17370.931556883646
10634,13101.135379971802
85131,29068.370626080825
38529,26636.551821354293
43150,13782.599636899013
35893,29865.62229356421
40574,14409.849170006495
46254,9222.653443947038
11700,12829.484123922553
68827,8719.955434994172
88251,14976.29880121796
80367,12468.69088676816
44457,12224.215313940971
81306,30170.05460509998
24821,13569.827264838916
27711,4959.23782626261
31932,20876.886848421826
26953,10567.78446019737
48591,4799.743820303978
81186,17757.991932018696
21049,7653.372327615683
44520,7022.263533536197
77257,16056.996670803544
89907,14409.849170006495
62258,17379.426900967967
55784,26121.34748928637
13614,18573.712192432668
27190,6076.973949654444
58147,7875.000034637784
54062,15600.479139659072
50912,8809.14903497549
54055,10894.14974957616
23906,19008.09931141671
28731,11444.125953134837
39142,13965.293247175583
30098,11535.30978747306
65656,20331.68992593552
93835,39285.42440800764
45928,15181.116009019077
61240,20053.697660739792
67666,17371.74091939533
88824,18604.31607352238
11462,14484.156948763797
87186,10229.880878117865
97765,12790.212019152807
96909,12961.335903652332
39345,20148.465703172573
63225,8006.334112553675
11177,17022.890424510013
37520,19357.863017372925
73834,10410.134772656957
60221,16872.87729791379
60640,21102.26431037629
87072,11325.975337491629
39717,17461.041898638017
25948,11287.61052931779
84689,9128.090692931088
35455,21772.778897850993
69036,16340.275891109748
70018,8524.5358486894
73557,40857.77702934861
91078,12104.79189649893
30604,20286.25688386282
45882,28011.046742669787
36860,10795.208473725887
94419,16661.14695223127
41532,13922.651359967134
59596,18536.126410971898
51991,7678.434232361955
84309,9232.684651929336
16427,10065.935912635796
44094,11745.496360220524
12194,26216.30907807996
15504,9984.055828334313
55743,30217.446291913697
84014,13120.977858279666
24345,15796.769906123223
18210,7741.037671923277
99694,18058.965121271733
19383,14905.376656700322
65427,16320.50680204632
23215,9105.284674053037
59916,8302.862000327383
31515,15970.852867018428
92844,8317.906210771143
31799,14795.74249094425
39987,19232.059865480318
69698,20948.05721673269
63385,16324.49442555912
48080,23552.166547500794
44164,5332.558105278165
86917,28370.814395044777
81202,10137.248497333116
15610,8115.14769051503
83634,20573.650711390957
37916,9092.365318547596
45497,10986.516636283917
39849,28343.200475572972
32033,24042.776293094776
33355,10773.128113487102
87464,13706.07623700141
41357,3815.1440616680247
39494,29778.773912744975
76960,28135.0058535586
37062,41302.84263466078
38539,4512.695901359355
14623,9137.084792319605
26190,8595.81293036304
70035,20506.778464859333
35490,5273.315478817789
12405,30257.557361008032
18192,8251.420720816452
35767,28462.364273767023
25876,52437.02386648284
17943,8863.446391501657
62068,38046.21481538884
44724,9968.496657211106
50609,8397.88808246975
63046,16942.5948071502
52720,22606.221973041705
29435,15646.316411722019
98165,19038.051864699257
15265,28672.813576363187
55540,18011.763402725323
25530,29203.045202855137
44088,25516.136070727567
52509,9663.99302544838
68902,10904.275590082389
44276,6574.144022466988
80600,11826.862042882158
10729,29335.43250314168
89433,28121.629298333493
17123,20532.44951543795
37856,11929.051734459605
59144,7664.993929464883
75172,19979.04346807277
21376,14946.00005654518
10057,9466.79777678752
11424,11090.637059402856
32234,25837.072613617325
78631,12294.498440206964
25214,10062.018409792803
50792,28996.078486469363
43578,15057.332536864367
26850,30516.46647658172
96982,22607.27427946259
13448,18808.958539699277
39095,11639.598855992612
98055,9207.595739175616
66818,17107.86819471356
89695,9237.27222359569
18670,13604.526778637764
23463,11190.002842280926
26413,6850.511399326457
23759,7075.875410287716
17540,14259.007874623794
29139,7627.146461021808
39204,17372.458972320877
43141,19402.464819601417
19509,19068.154585996053
67074,6290.074967017881
10739,19240.37839179329
81857,8875.93556049027
10675,24944.046891375452
53008,10536.174962282934
74144,35345.58022960414
52198,10849.084458278405
36704,31870.534472612322
69408,6120.506155534929
12641,4210.08201152435
50388,8198.167966708746
66605,22843.166482779165
20197,19425.270978917368
40545,11509.492771078649
34533,12715.879594684606
10945,6518.598418608986
80195,20642.550875624114
23519,5617.511206267671
28198,27779.35201621006
13232,13558.506121555582
74372,12984.357282203424
78093,17077.842595315025
54047,16534.720671656753
40608,12830.892063202944
71213,9501.40493347977
23409,8753.170903383192
32057,27056.210898809273
16380,8748.30117378334
69844,20223.1406939423
73087,12057.907118559226
68422,16397.27715479937
96080,7818.043400113231
72730,9815.091176387776
49351,19349.25888269743
13982,17331.985579362332
19314,9755.603536866245
95857,12490.309309717155
16927,16997.97265384202
89023,6738.761805314858
24826,8701.663671146318
17120,11127.179174524554
79245,51920.781625862604
58271,14004.68610343824
10402,8197.562334312932
21401,24529.96412482633
76342,25604.151258220445
83684,12099.695534781848
25900,23328.255266356817
63844,14002.931813068717
36741,30257.840914613964
63545,31763.266257194737
57439,21925.51661368
96555,12736.063686526344
49786,20271.4430033303
77179,6976.514940277324
23624,6988.900185441031
22329,23795.87358990703
88605,11182.849294950931
40209,16626.803028215825
28205,20230.916315893384
60652,5192.050324362528
51137,16163.369508141062
28739,5205.200487159202
92187,18270.381050862237
61845,11371.588339766988
46443,7184.540455946157
86457,42281.33480670402
54263,20340.54984046767
89911,11430.230327938963
46709,6099.395164616049
81736,25134.253215174343
97666,9322.768883609688
10761,30979.072601937492
26784,23129.392581867527
16608,9975.063446585558
42898,8695.67546874356
44818,25348.785836211748
43801,11991.304775527935
83429,14014.89539956968
89465,33866.255983039664
15963,13060.762428213679
91358,9983.413517772526
94054,24827.920056119186
81043,16145.880968268659
50039,13294.611030151307
85942,8954.926717065215
53526,11560.31396856434
57762,7603.110907405171
22105,5034.530157254436
39846,8058.614248064032
29953,13015.534223432136
57159,14101.826713952001
68339,8586.892505919448
23153,12768.539530327533
80759,21290.920712542393
35696,7574.796950593569
93190,10364.901014404053
51831,7387.3033048251855
90238,14181.40712425067
69553,10194.717950426926
67388,20267.223101354466
75836,21134.147714240913
58919,6550.514764648671
22604,8394.188099310544
10046,8877.576009126878
82341,19072.84300481531
69371,8692.670999716887
48866,13329.784002667231
16454,11869.453902340463
30914,15424.855761217166
10305,10553.27756836257
83307,12380.198470452586
59533,21538.94010615864
10360,12998.405475714855
57893,8340.52264024779
17263,15158.327266469374
50735,13717.40278357014
36673,8677.78457870992
39125,20222.552497333512
63705,9480.157405173428
59274,14445.165648992883
34893,11085.985837024982
71773,10157.587283602095
27901,15586.382536279065
64752,24868.031772665978
15971,19758.33941232688
87381,6519.211011384499
39834,18935.94935671444
44038,12208.432923027474
33182,6992.998946294738
25299,8852.49838401741
62161,33561.73228512409
38737,19773.83235707826
73517,10320.026874861182
91763,9598.08703001363
35646,25712.760199897588
40694,27225.914459698026
61778,26862.838067471414
76993,16810.616654311605
95636,10667.579554217511
87911,9661.410979175147
59289,24230.825223388372
99762,6403.108317936994
27647,27385.360720786688
45631,37428.03289695412
53717,13024.147665362041
90882,19424.405559795996
20995,14617.050640551282
26321,10444.577799884708
37620,3282.7472095956164
31530,13729.305016750604
92067,28713.28626885596
88193,22370.88748090168
33412,14020.41371050575
82874,11301.073283959544
88648,9325.488657220629
19109,14646.373338190026
61145,23639.18283259887
74938,19885.7408228063
73320,6392.761276109959
84977,33376.324839115056
30958,21832.206048630334
45888,26690.488621345256
52128,12281.80579666462
72662,24584.77399960317
72516,15178.84457676954
18498,25749.27348520018
63905,26342.329877706965
95618,8823.749279069005
49073,17021.933143070968
23824,13801.051388013653
14795,20795.389499579844
20436,18905.11900005449
93100,25990.101499568696
18230,17795.765833423255
70307,24246.375410572826
69263,7619.117026930859
60327,55956.13568573621
73307,8991.520242962917
16983,14854.551474394562
85151,10982.069461527246
43661,6823.92098634481
93995,20458.025952461005
49072,6176.876523651688
92241,24842.836321363204
68847,15381.773412281394
92117,11547.092877643716
63749,12474.566830656422
17187,12458.497639607129
92262,4224.999270820539
96628,12876.342775398669
54526,7186.984716609413
31375,14647.694874833283
47108,15217.846038655742
20702,16734.94043847327
35262,19360.74874810945
55294,1193.695980512961
72140,13572.88202330039
13645,14109.790170144106
86689,15798.894776446316
40880,24584.53754499672
82891,13271.357757670758
70670,13374.398087572315
86647,14562.058416690015
84835,29461.370351529113
59729,20170.638565183963
86454,3103.222819562434
69059,22598.409324667227
97414,11184.801640744598
60271,12372.38755061174
72749,4388.843562574235
22836,15067.53366993321
85780,13209.986856551586
69072,11919.054134601502
90561,9815.92200540709
80305,20489.878046739304
95857,14237.392596565496
98982,23191.37944399077
47250,10233.516172845102
41805,16644.313691244493
54760,25547.959815525333
48500,11731.78197030795
41536,8345.879497639091
44680,21352.85605611179
37993,10860.249214243066
14252,15927.516938214105
77891,15733.542805301393
87829,38233.29054087479
91246,4854.443602220834
13825,15395.925795035695
23885,6022.731130746364
94980,18845.288259353176
14101,12284.054246926786
29584,12084.962201318733
77983,13085.362150467205
77695,21562.210343396415
75839,16654.048743465715
66788,27831.172564870376
29681,56620.999116854975
82854,7837.781897701216
54435,14423.828411941335
26542,19024.479615577577
15573,13618.536408648657
51376,30038.50282986875
94512,34908.40582579629
27558,9575.353178777594
52134,10614.224681817363
21568,33147.11388584594
23128,8360.308486206306
77926,23442.101363183865
62273,17949.090016017155
39111,10084.20904986119
22716,11770.982127440457
56176,22351.518098871322
30415,10388.665357585625
38218,10879.600068747306
10163,10594.303466061323
29149,9260.41292107262
21138,31744.865896974305
93643,19405.668621101853
87539,26250.211119065047
46055,24202.04421492432
60517,17452.01020461001
76977,10667.615858450108
55516,6595.423513630729
42199,18247.052506455402
15137,10912.451653609425
13856,11286.092287910178
51005,11056.224321884905
89897,19692.297708321403
40105,10857.692949852495
33006,16118.678487879211
98738,11015.54429531384
14535,32073.671781802164
64100,15741.893004963571
43486,20677.998220841917
98555,13299.420088149864
66617,19250.06237557361
51020,11976.185139903904
95997,18611.221281316088
83166,2927.3113499906704
45353,28672.93098528128
52763,18597.88845375686
28957,9107.29175995291
21206,13241.337193536672
51299,16635.91989446129
92592,28831.2844110655
50388,11146.353328854952
75915,16694.84334899549
87134,9008.812892935493
56687,10764.782075532112
89826,11948.899724767718
68259,28790.261046007363
97034,48687.66071821429
93270,7005.604884079989
79059,10175.346334183374
18370,8526.743834423938
53050,20917.41228781364
84065,11039.795738903245
78930,19242.656114202586
28130,9115.049089708004
26254,14709.756165009085
42163,21609.10134075818
20172,16872.350997786
52347,35976.51649378852
34165,33526.31578852318
73462,7507.829131541283
93249,14705.545241148158
94007,9982.040976359513
44495,19283.3740206086
81091,7705.41529597423
66007,18699.464928897414
97984,16780.69852839667
70986,13743.085992057655
91377,10391.921256045554
42774,7407.364550625462
55511,6523.210712157197
95710,12034.322505454573
22952,9819.973910314875
39500,6615.5670889225
92934,34108.398313089085
50056,10430.152548902066
63869,46613.13040525287
25052,11539.229548535699
22511,41846.6628249755
11070,9853.186090966641
83956,13536.178126640505
13414,10084.220906563343
42713,22660.566110779248
18806,20830.614542941905
87728,29465.1512194355
52391,19294.960131457814
23422,13450.11442259722
85305,9292.017973199658
97130,21161.66196997761
30823,4554.423339783429
46911,13952.263417027116
46649,21648.076962847314
21694,15918.037878876326
21070,17507.80549614431
32925,7382.602297018135
29208,25487.00092182865
88298,7945.187506392134
15445,14626.70360771817
97773,10107.266673700462
36268,5916.603179413791
21547,19972.952045038113
86297,9729.137562310229
82648,22382.395910299834
81075,10297.986686721117
68043,21470.225387612834
72550,15367.452076867075
98956,12785.520527112216
35518,37920.73880612622
87934,31888.816707508915
73941,9973.050837559604
85713,9875.248159211615
19489,13565.93928399274
50119,9422.262361486946
55968,9315.077449928169
17119,20525.303980619905
85310,10903.628635178968
32531,31740.923468654302
68133,14861.729380046947
60512,8685.913914229375
12302,12339.08058757744
96336,11214.827279467403
38518,48243.05444326007
67171,35448.80948513816
79157,15634.169467641048
17478,14483.6798079002
44456,13526.298669722348
91051,15952.317561708373
15421,10393.516150130978
27860,15031.525446252377
15670,5864.472027066662
78187,17187.138707900667
20178,10289.660741917141
55673,11966.228470543945
40728,13902.657930961344
82648,8943.366323160837
33747,11873.833996458221
21095,8225.000445883186
12525,14447.19781457226
18623,12768.759746659893
42743,13563.87850929095
43317,17602.68038036672
42069,10655.977134822708
87527,25116.298340036115
63913,23035.38730796728
38136,13124.074927390287
71430,11033.603333653886
60592,32607.162355875083
28464,9848.435849692796
81822,10633.50081797425
93519,15468.887172944615
73077,15695.27199683801
76486,8855.596614413178
78388,11797.502203144664
62317,32277.906180321213
44388,13850.461620216305
33988,17295.956226724174
56111,9842.301601785124
34283,16757.863050710926
74054,16390.648689187135
37251,30807.3470927967
77189,44929.35734971338
73217,11072.105249293363
65618,12222.157960277931
63836,8041.40649866539
32405,10177.016402431185
49001,16933.078085990066
83485,26651.123734615452
12193,31160.37508930786
61540,27985.395187624694
19162,10865.474475195166
77429,19437.38713339918
16434,10442.309211752712
22133,11246.49094991244
84723,12872.321579160794
78669,8165.603247935564
67647,10364.874549985641
58627,10110.833621793407
41911,13501.304075741386
44914,8988.383330456723
24127,15703.410910021854
78447,9654.844737463882
29894,14470.941977692211
32691,32168.494153908774
80591,15184.533467757243
26884,22075.15495484711
33190,15155.325571830048
48985,13136.39886858522
58912,8219.014438258197
80406,12775.175144440658
85382,11370.991406162695
17453,12295.572805729198
82681,18214.176978960386
50469,9484.186306429256
95564,4720.385104950581
95446,11650.384709178923
47365,8901.554969156838
96774,15618.373861567286
60240,11226.178040931203
47787,17492.011867999307
50393,27932.217345016164
89325,10128.097060369015
71362,51452.389089712604
58892,7423.979448592081
13528,11477.3423423283
33873,8057.976155858763
30456,10457.384094917656
25664,47316.05228136519
62105,14382.898311162524
83946,28254.027406675774
10323,12100.91260906926
54965,12112.81904367359
75658,9146.02179116213
70681,10894.70822325939
30356,7609.297765388525
80223,5917.51230155976
34637,32022.50758801287
82858,12016.40393282482
75284,14770.148772887253
11090,11540.173658173051
10640,16219.453692325731
12857,17002.460778469107
96340,9613.217121514954
90215,18457.6418776844
36067,18512.062739115496
36495,37549.32359236429
92327,10381.260602538034
17680,12603.79064885967
69248,27122.339751415937
85378,7859.708382879022
33965,9891.46846196631
81996,7955.360819031479
84413,10055.378044159508
65539,16173.174900902179
87416,22800.123222276055
75628,6527.734105281841
47625,15745.092174066036
32635,9869.419579069545
88918,19747.563739033638
57762,23222.855768228008
87301,17017.3023962295
80582,32487.60359036737
31560,26401.34206186212
77647,9667.640165306024
80466,7538.997716501104
96446,8413.841102771623
34612,9495.703069180718
23558,7888.846156711201
79301,13652.496426939613
29255,12643.93039164083
71111,21760.412204855
57409,49029.30875091928
36429,20989.865990517366
40326,20161.044344962356
15677,15798.956974211525
35956,10768.187162767637
63807,11419.741771098725
64332,9024.678591777905
31720,18836.46888081191
57152,11285.888005068005
85225,8818.582860905679
33350,10270.737884643626
58080,20067.149274447416
22109,15604.952586194484
85314,23224.67416225621
81253,12492.601571260671
92517,30647.396348641952
46254,31475.386238252242
68510,18424.72193139825
77561,6642.005976882661
22258,19842.15410853417
23803,5270.986843799636
54304,12185.249831182176
13665,6943.862427596276
94607,7741.912561761477
36345,9196.852515149698
48241,20749.577405128413
20698,7099.730710595459
88656,15908.130612725214
75447,9348.09219408127
90524,15669.177309482022
49943,21859.91062384565
26882,19491.912470656862
94898,9101.749523142207
34750,7001.154086236464
73802,33474.40668781445
68587,11043.153042146343
53965,11714.534415699196
18176,13899.60458509361
53926,11301.229185911772
33715,16489.444581377797
51534,16466.20158155271
15686,18047.074074338336
97580,20254.528590930917
27626,11953.380507763348
90807,10704.163623930459
89732,9259.726671045428
81635,7617.5543743958315
90649,6693.586132617384
38769,5363.721648899633
51339,20865.572815298634
19229,20768.740056860523
93470,15342.89935895778
33336,18395.74291015153
72510,6805.12640483802
73771,17339.484150898752
32072,16815.93161319898
42176,28779.012674370464
96195,12841.856844385247
53215,10648.43353857501
16868,14619.628184164432
50036,30476.95145756913
34903,9112.785116747551
33538,9879.574682844479
54817,20888.306307128078
73872,17554.131910291337
39135,19128.831725102533
23892,13157.917543775255
68592,11636.176183138858
97691,9002.492991706993
46778,25797.079799527666
14555,24702.41439416648
26418,9529.340101544836
17123,11362.310812675512
56120,10556.049637100992
44583,16359.576293060736
10590,19035.51923552059
58242,14581.14528820692
72189,6474.555234315983
16381,12681.045515557667
73871,24203.70130770564
95489,13673.151979227208
57537,34831.88793128403
30298,5595.773667334684
51309,4712.117470227997
60777,9153.927884187913
28277,33002.76976584659
59153,10068.628506281544
32399,10499.216426431529
80378,14571.589068552039
10723,16385.21882294141
23821,27620.255933682376
15459,8348.037369767759
65319,6223.28447945233
79766,10499.3106135782
30937,19200.72258229315
39577,14425.771383003777
13966,18015.8491173258
35431,9695.869272007905
42917,11761.640678325803
30771,10361.951736813331
27921,16372.56262838734
10810,18998.182815218133
93710,9637.527183692
97394,12247.282730783263
33566,6140.843871098557
19229,8362.101906790069
38232,12873.36619878223
11717,12266.983205974011
28637,24181.34359221405
95440,49042.5479292109
50545,6435.7905170571485
76385,9955.796072905046
19468,15762.533648498373
56883,16179.034416579654
72049,8910.545881986094
48317,26562.565772383565
33335,18721.909220276008
98848,7462.478688459825
20012,6667.543751412271
21874,8297.554679901896
67228,14568.370743706588
71485,15485.434448976795
83573,16056.01609932384
71538,15963.059184328431
77365,18876.177055135973
34796,14521.477524391925
83622,11627.045248541443
24184,13051.797307420904
94060,10322.77036797267
68903,7513.352983715311
27581,17178.579775112372
92508,24443.990346946353
96904,20519.136021813436
46590,10987.041769400976
69882,9914.181300231641
93747,15838.422212369636
54376,8160.69367060589
15516,12873.434350374424
41032,17297.50464057348
75608,8633.53141451786
66242,7191.819504002358
85655,16677.484444484046
35037,11975.934201280901
38228,25920.647156717423
18409,17105.938619127188
91880,39356.73715523849
65832,6428.110406433587
49357,12456.632115861996
26226,6862.648407717399
49634,43572.330170779955
95231,8408.828474506143
85398,18619.229487926423
46067,10561.017135792436
62723,11285.285871841006
18704,7777.940258079807
12025,10612.027248183234
32617,9358.126757863145
55053,15061.91264908069
26728,28829.592582880818
77677,18460.392788388257
42142,25548.243342125636
94184,8541.639342276274
87467,71223.16327589605
11774,28178.384003718456
94888,18593.672851046107
99039,6918.230823560059
63090,8396.239762910602
31681,7373.820151854867
25482,16046.451238241041
17917,24651.56921192989
66643,11311.643252089001
54482,19993.314717778954
87951,21575.496237597792
83345,11980.924434362942
14940,8845.132169953282
68304,17090.654843057928
26429,9549.250560040593
35177,8348.037369767759
21993,10602.195073745253
32585,22876.415158112686
85940,20006.11196431138
92765,14779.301759890628
80457,22282.108275160666
33816,12121.928998596504
16715,27911.782370045512
29698,52327.84690880939
50146,20892.74330854294
31918,30993.168983827065
60187,37017.493390293355
69155,11924.364212208977
87240,9638.037479901785
62467,15070.62106515141
34938,18244.81707570164
12899,11587.876348873397
88559,20316.074110527752
23827,31868.37442467904
31329,5977.293551560411
59133,12903.447445060307
86534,11459.033109517699
40880,24707.495355883406
57910,8855.166916948128
99390,11254.943808046184
45943,17996.296939245403
91166,8332.745349092174
16873,7278.564202849402
61385,7705.362680054412
95681,7745.646676493709
54815,29287.79020929547
80547,13741.339174310666
98786,27749.999459833503
90182,56692.57455844923
25448,6644.09444836854
90731,12750.905264937759
80189,10585.894203705819
47883,14726.939466265825
10837,12915.642814719018
18342,14268.789332964145
29400,22151.18152843626
39059,29395.22385726308
25389,46322.778112850574
58349,20440.402319733883
90623,5713.347789019746
51915,12758.794256669487
78285,19484.311980724327
13297,48037.83116571943
13016,9596.485387117587
78426,53270.574262832255
61703,9243.391527640444
90397,13030.723344157905
31916,10744.24617056965
31184,10122.662830279449
80454,36302.80028757687
21580,28672.736813086252
20564,6421.820270057591
66254,6780.432229932267
60653,9170.168890004168
61844,45319.79999761747
34834,19106.58946279058
73900,6104.018330154477
87902,13350.036838193528
18816,8733.592593121211
95228,14682.171272443451
62411,44838.596436842985
33398,42097.3792199771
63309,54906.02565463216
84544,6527.295288822663
49998,8021.629216401387
82358,17611.97606945188
49230,6550.618915078914
33528,11202.448321098154
62471,10090.74685032821
98830,16302.38703634113
60456,19636.71198965944
49188,15041.054216409653
16249,12339.702080892162
92595,13948.511947920757
98782,13782.389198973819
59542,21822.692171137427
17428,41780.60221195451
82937,13537.754002926793
69556,19322.93776806704
88386,15707.01839315693
65177,19305.242676436545
87834,8851.33848102837
20860,8932.94389359828
34940,10246.406328726316
46650,25372.1712684496
68410,18924.681085775268
93250,7213.84617395161
16815,8426.602650644472
97797,31624.473968814753
19326,27575.29944625134
37812,7723.417792782904
44553,15341.652426292276
55826,26710.795573445954
99973,13842.546972154296
21272,13691.446673106422
48706,13226.568561476273
39968,9626.255920563457
39090,10063.051660722638
10330,20403.353711789354
39819,19503.000370503225
28480,14155.40231152885
49642,26553.267073061794
67411,17409.70594979255
90370,24497.431682094168
88258,9571.79030990219
74311,14348.918981522324
61189,6135.774862483651
89271,8393.301468305175
62577,34960.63972294324
50755,7980.117404580866
26400,16704.855532838676
65587,9994.470854979962
61038,10262.613105771468
46110,18440.3665004236
79186,13387.541551713355
25954,15903.550466047978
41461,16800.938516168808
13138,20878.315880919006
65233,10442.448745237478
65521,22305.025930301123
82875,7652.615526305588
55002,26128.669451636415
28742,11812.044208470628
27830,21598.02627273706
23883,57234.77667659124
49352,10134.103861203972
64404,7010.10760594191
88310,30551.29281254651
30286,21519.090272834306
88231,12544.02924857986
29635,23158.21527803694
51373,32416.950337512622
89474,18909.095695134976
27690,29147.585937380256
50363,7631.82723565684
51943,35232.93308430942
31250,21756.442480846665
54760,15577.073926706862
91043,18337.311884327068
93523,9872.052082579554
39318,10887.311268111764
67337,7296.526140826316
11808,6173.686440272357
37647,28723.515155644294
58921,15045.988073855962
93557,14389.154034325142
50036,8110.555791334988
90001,9587.378250615444
36533,12982.73228748732
75165,26555.530590822797
51239,13741.613182276502
72939,7008.482476925958
65686,20589.474974699373
17328,20851.852745790195
67395,9812.691207627955
28772,11368.184424801739
14070,11305.41176425022
87097,50913.84538641367
68724,13487.023654643064
25953,26315.78059383021
63070,10658.00706835524
19078,6844.8191412927445
31975,6492.883740379026
34097,20888.498504651074
72154,16056.996670803544
82572,6116.196308270963
62841,5391.853947606136
73364,10092.581767834628
24274,6392.428939032845
93223,25745.616830586216
79528,13090.328685140856
64766,8603.679301044165
73561,22058.58636115299
92726,23070.459984718334
83721,13030.092123371252
92406,19561.1611994443
17975,11313.125492467225
65949,9960.201676168053
14108,9884.57807654221
67207,11581.44097918598
53604,7119.397850001938
66857,6301.824297109699
85500,15699.584304423866
10973,54732.724842332864
76102,15701.56317035793
49462,26513.748628983267
85490,12147.159358218445
75947,8978.235812745252
39188,11272.1712511386
78070,11662.206267340563
10836,5824.287068986196
60567,21740.23790513937
46036,9706.372232873975
30851,14532.463400183744
10852,16446.56302894796
29739,9265.266341613751
73868,14052.709214931268
30093,27317.719407993725
65138,16530.275865653985
32475,20464.865047508836
86579,7510.780248269473
80454,17726.6019862883
86268,20967.650449756962
16324,12331.9471026533
82011,13532.793939733298
51450,37835.78549630621
58048,11961.41289657987
67175,32585.40608558015
73371,18357.640171658764
52627,18817.81131907393
44432,16182.846342569788
66168,17371.49877659779
90295,16978.192951662848
69036,10544.07053449763
49466,9899.427113736941
54941,11008.744344217508
42905,4621.194600317649
86735,30280.368016769862
61779,9970.62708633722
50921,14679.926403243506
10908,15771.56045513309
26847,29962.855409098018
67200,16820.801976340685
18598,28821.657564537505
76277,31299.89233293725
17179,25889.366444655498
83073,15284.304404747882
40548,8160.238379063341
36298,17041.256480824213
24581,9414.934041096889
26950,28687.024189755408
90124,56147.01454531103
70405,9584.060124172167
27485,23199.127643093016
97853,7348.221288771196
38043,11165.88919399343
82429,76796.61462642936
65491,16666.091093756673
77855,14915.220132068862
43965,24038.62793195823
14369,11153.930009752397
45598,84325.02870336104
48275,8442.092726949391
73836,20626.285441735705
91427,21087.06017194964
21206,14459.794329811932
77949,21193.636980094954
50112,11682.280133183685
96698,9589.39450364816
68431,9745.733474496838
17910,4945.517855062984
62703,9468.258766201165
98657,10229.087374613795
41910,30911.549542766814
85206,14259.231082077498
84082,46733.32836622447
17247,25794.250772146515
47389,14958.987221811174
24747,15825.252975494624
14072,8611.815776160558
38519,15381.240510417041
39973,17624.47245297045
76683,22805.109918506223
53709,19150.622439508872
70836,19406.490586917076
87601,41617.65058577441
39372,20109.189452845687
59066,9274.90324075528
31925,13722.934403560646
30585,16656.179151798053
74762,9155.360106742395
69762,10600.487039312911
99301,13870.120354892631
81274,10504.369142587942
81158,16063.618436953439
92423,21443.397071563537
13818,17455.51475033968
45488,8021.71978988065
96056,8713.838984514297
34853,22137.432308356234
74727,14042.314870572825
30916,15257.668336025234
13001,28206.95894283758
48903,8036.441230380156
12079,19215.65497629243
73814,49364.32467683537
99027,7789.515261559198
84762,15385.149546038201
43732,12476.478142535023
19155,13846.724632920854
22163,9848.800559580062
47808,21274.39643961132
84170,20898.576450072098
34551,14695.371543737707
21789,8277.905353963708
39371,25107.094283567167
75145,10290.649154470955
34111,35032.38192953746
88531,17396.39976063478
14007,11812.836890733997
23225,18895.065004535514
53248,8661.317975560636
23521,16437.82402645193
23773,819.9318646444863
16873,17960.336563028563
55637,10388.925299207953
38532,9465.308528197806
27447,9947.077544634147
82213,9588.069712021159
34258,7513.373133380606
76317,15377.595111633194
75513,25733.634337732157
51039,32591.776888261018
45257,18925.128666747678
16928,31798.11568655455
46001,21239.128594171067
36510,21757.814349779954
91032,19927.757625195278
44310,18440.871005271027
74655,14410.115343991733
25334,9921.643936152544
55461,24284.81912697628
67808,10740.517692479978
35091,26848.964351700735
15335,25531.281305892124
70074,32745.322444945577
61506,28399.601217127914
52958,9887.290372151812
99146,13952.08579451557
21539,14779.488641917544
88250,17717.763376341507
63230,13862.997377648699
91365,9423.355135241143
19971,12720.981670696818
31520,19880.72062445027
13161,11452.389223338549
21038,9312.940961085591
73460,12475.4506526162
86901,14047.97923497322
30649,21821.77810745561
83419,57419.57898713319
23647,18706.525564446285
29760,5644.926009535295
60965,33080.62233682458
79698,14351.8201539919
77716,13957.396501123098
61256,33373.460971942324
48140,11892.01615219313
35782,9892.181295148304
79065,20078.829384091052
24292,27832.675238510885
50543,20640.719582843136
80646,13794.108424401507
85066,9395.00347311018
67533,5940.729157555781
26594,32773.21031114676
88288,11493.53067776081
73798,16384.809612305424
43840,50569.11723787304
27761,12697.537557455067
78818,34410.29854313635
68512,17104.06028467697
92485,12923.961808049477
74967,11800.536840772322
95649,10589.13218256031
21946,18338.82363371857
18848,11601.219120155267
23840,9951.954480915067
54983,20269.352373767495
15640,23046.271714820203
33454,16004.16190752853
71404,17562.621468035843
50617,15711.318906378081
99381,17787.048467324097
83612,16954.290047698734
58730,3934.676567742672
50257,8691.87221191126
41342,21092.62918212543
65573,26079.01603525973
64333,14071.80486537531
26346,18437.14781427708
70795,36142.837223103765
67491,10523.51486734155
30397,12292.835887534031
64546,26961.369622943384
95841,10794.797305997792
23438,33231.32348287809
57161,27923.05847522521
26446,22336.137674201917
39798,11709.467127223481
73942,9158.418911112843
96514,12194.721769882352
54917,20536.212720515767
56856,5978.193250867926
20429,20989.378756728613
37811,24204.16646855814
45307,8175.024824357974
58456,15720.634565215272
82419,6894.879105546737
90256,14709.080519011375
33325,25409.733057796708
53789,18472.020711557532
40864,43121.05082247771
58391,47674.07864119487
65887,8618.012376943243
76541,2672.2544174752547
12668,12187.835409565636
54180,7980.553353829948
93944,10445.471783566472
92572,15451.701354192714
51511,21781.021345357436
10306,8068.90146430851
35328,11460.36042957935
11186,15570.063253195374
53945,19797.314518088573
86042,13187.789257173716
90344,3793.8600425585464
25561,15960.514628387395
10532,6568.347686974828
88733,14848.888068862974
41537,7723.8811129055175
81665,16591.77565598975
66331,15516.99593448697
86734,10179.799141726591
32512,8898.492241670181
23055,10218.055838444034
63002,24677.036031110125
38262,24295.63096687322
72672,13289.836215561787
19752,8918.001931460245
97877,16065.425377157626
60804,5391.10931577392
84638,17752.779162542167
62068,15272.339010507909
21234,5816.7822181362735
20912,22032.587243353835
92725,10936.268098854867
29950,11467.150308895127
57121,20087.207273377673
42823,13683.20429380719
76687,7630.769548228785
65526,12280.881711643684
85379,11141.786883040075
74606,11755.256838489902
83950,7669.6607117322255
19852,13318.471142749926
97214,11213.094927069827
48556,6970.777618056953
12645,16880.80719432308
35398,17779.287043665878
58341,33571.65852503576
21486,8351.739137736324
74646,5844.651411933108
79383,9861.583911155438
38254,12799.23641538288
40621,27579.6393688154
18678,12891.023242105248
13323,10147.177640458582
93750,52609.885798621166
67804,7863.49113427657
72663,17943.888968494404
46849,31864.3663110661
39909,29430.19592526223
65124,43653.19050081809
17037,27147.067276145608
98451,18841.368447373232
62173,13546.330608357648
15221,13587.996186368935
91884,14589.217169931464
57342,9775.968304259753
25577,15294.780610686314
75533,15498.257909359156
82331,11558.859269998327
39995,11876.854109841714
52325,33323.10144565106
92448,16124.524025836985
15246,19012.757608469667
38683,15963.059184328431
14110,9422.97039294715
29880,21817.78451621268
94041,55714.18271839253
22573,12027.79760319987
65145,10898.674794573057
15708,5549.184405046231
81469,14513.141970445615
22479,13743.085992057655
37882,20997.412687751872
49959,5962.922425360881
27076,10571.72620124471
78361,13538.593733443966
15663,18378.256559537054
75212,13243.416603448532
93222,23391.49835928851
27408,18290.0780579291
43030,8231.22185738753
24805,26894.939529873936
41043,7690.237146640298
96326,26853.623752370408
13488,15511.84549303451
61159,17139.072160621712
54582,27248.209124967783
34911,11973.92123517696
67333,11185.154329036937
94180,20335.661206667784
25126,8448.957651282313
93572,7097.101719389464
94844,29594.314165043557
50366,10119.840633133274
11703,33171.05387677025
90811,9454.376635709563
60960,14408.66882860321
22406,31283.753396436165
78517,19423.246239436245
30231,13233.661381221864
46117,6402.986511959665
99778,8360.570528024673
29100,18744.44998334237
36985,18657.67286322168
38387,22095.338346288532
42851,15226.339238158125
24270,14586.93816914027
29536,17297.46909897561
67784,9506.603222291695
53345,10447.2381828519
64518,9507.121922144683
50819,29296.57206622074
66593,28279.14440143018
18930,11674.49899405013
86113,8321.910310920815
23175,8026.18477114796
80190,8524.310225039022
26265,19561.14875151063
97996,19698.325376498215
66598,48289.757333422516
21779,9375.371969194011
55239,14968.409577482082
65312,9422.167076134318
39002,13285.694246654986
26844,9037.53961587675
79840,28963.918001434715
11399,10656.715955228308
83576,12900.403614163748
30626,13780.798358029271
90188,7357.653789568756
19926,16973.460234596125
87193,5680.322175345562
49032,14456.582784342438
30636,28037.46280913258
43165,31170.69029006722
82364,12356.040350222547
85319,9924.32218233015
98367,19750.873669666536
48787,29189.431211811978
16940,30298.007021223246
44298,14961.387305674762
82455,15489.24143029412
56316,2450.1544861946186
93302,8228.531694341127
94537,8555.217007513378
52451,20506.760564332544
18544,5809.652855759001
59096,14263.90114335854
72303,26335.490810040745
41971,6395.9272205972775
22315,26375.99381877901
80509,1007.7857949627833
48927,46675.94828600803
44547,13305.93105349972
94422,9874.029777151223
88709,11171.970210404314
97966,9328.26609514984
16279,14922.436800060417
43670,9384.232890914704
66522,8099.469414524563
33092,18499.04580614382
81877,9891.17775123968
91952,15149.821254571347
55834,17849.144045506753
23156,20189.947958007484
62539,16226.495046988202
77429,20983.81333097793
76427,8535.607511927868
66639,22265.503294628626
34658,25795.103068481407
24509,20209.710935640276
13605,12161.743838732984
87309,16714.16075786257
22144,12268.314443793926
62203,11709.880404076997
90929,19663.548330673006
17314,6894.367621771949
87325,9479.57713904693
67240,21046.068092257574
26206,11663.49729436641
46979,20545.66722427197
55801,16524.522464200145
45726,11328.760301532457
36648,20084.18933459378
62018,40526.51854295665
71414,19140.65282017713
22244,28167.50334965077
60341,9620.371922306616
72977,19092.094351296193
98877,18270.303437583945
44339,12650.335310440678
75359,9421.409736570371
12321,4750.30114527598
98975,30271.067654129
21089,11781.509855681414
72712,10240.89903360071
65774,7793.521880321216
69542,10668.50654295177
99499,10581.703861565155
60057,19321.85780163719
25519,13238.932657072095
38387,16272.144610036683
37924,14011.21039615887
70514,15638.668438343457
52304,7719.745166550725
89017,23069.733971491703
23385,16130.52695879805
16286,34797.268176257334
43953,27320.302120123233
33870,6042.041344704621
54157,14593.515724453806
17425,9878.461988700046
32682,12089.268480166294
83416,22182.034659300734
57048,25263.374215895157
32651,9426.06587791837
53015,13775.060820185128
18454,17992.66338699847
84867,13984.625649434796
77211,22495.019741783217
47153,18712.032005089466
57523,7271.865874533334
67737,30939.209228437256
18702,21728.616618047818
85752,17009.510069978296
11536,14816.530596330922
97422,28647.44674189367
97105,11223.636188824166
20596,12136.252749382438
19327,17634.59123596435
28586,15998.705562833116
68926,26556.882827978716
18374,22293.566442660765
49327,14428.741906777299
77271,7339.971511843138
71255,7393.0371776913635
53658,9036.27237081623
46239,18585.573559536228
61702,15727.477079331164
63727,21224.008588068977
17640,17275.45337510026
46525,14190.350110710659
83704,13150.980626157838
66029,23399.717684406965
75801,21493.753290737783
19190,13750.060988855239
48863,13169.268920822838
28291,9645.134655160535
83513,31200.450170019663
13584,10408.54179657789
29227,21229.65403942937
13874,9112.888736648796
69078,23767.93511853245
43968,9034.283991018445
74146,24651.56921192989
76531,10506.69784118485
87404,11958.212420573076
20165,18437.372965500585
84016,13597.514381991188
82439,4921.621287228052
92021,15412.664335406786
73527,8792.894095155974
94472,17243.946833253885
88818,8593.288581000088
28611,25194.37078975771
73452,21082.56900916082
24540,12549.716031712982
14102,14204.01781622566
33464,9843.111341399337
65016,27648.52811191257
67471,22509.256351200973
72051,9967.757514032222
24360,9988.433975098833
56473,14481.495873198104
85526,11094.892883959194
61489,11146.877925340967
73843,7334.81114579214
51613,10950.810214618165
62157,13602.047851466727
41393,17336.76615199099
61107,29520.49724645219
86211,10686.392522397355
80530,24967.925065800206
36032,23575.732909436436
69347,28411.694466806628
25975,13674.119753787238
29690,18561.304723656132
74915,16757.983436611274
20564,23213.763106481514
78225,51449.70385036671
23818,7270.848898841936
45359,23286.79406621357
63346,18441.415902267214
83826,8804.064649149763
72655,8391.4775666206
73121,12966.459262523678
13555,15566.453347426484
30199,9323.478249175087
80315,27764.8527695308
31376,8431.715665335963
26374,26005.46806148777
58609,19520.927167784088
20142,19879.762531775512
31677,12735.802658108054
57155,8508.744256565938
86816,11493.81936688214
45047,4679.480321602772
31149,25481.307022977868
52263,31925.421812286306
88807,12119.849260735735
38460,17377.958814492136
12776,11273.755829745634
23189,36251.64008822335
37755,25170.697435443908
53502,13546.130376307548
23831,14621.636394367255
61676,17024.183560890408
61525,21520.290803454613
65956,22446.89625439109
30312,13811.572907001952
99476,11023.412987252876
68625,15250.011141605373
68163,7863.930970471172
11393,14617.45714102903
62166,11235.646617233208
30685,24212.014864366993
24418,2671.863953519798
57893,10456.351548269826
51588,27775.84947676982
66155,17772.200962397623
12561,16040.164378507228
80588,20232.371008464426
44510,15682.932462491937
35882,16486.243232017467
85284,20415.633995791886
85482,21109.48893458034
23809,9448.896389149535
22339,9113.71517708998
33835,8853.626751543967
87798,10319.30894688969
94956,15545.485594552982
81609,12018.249472840993
76040,16769.11773933725
19048,17398.853073436203
17768,5928.93793963381
63293,11048.4002772585
82044,27597.861260343245
14112,11583.504605901846
14198,13601.135939343203
45873,10717.375288309566
22101,8821.98009086086
36737,17971.33121909401
87821,11555.060781248096
29328,8211.400626381806
14346,29071.00136437339
71612,16081.85215789322
83475,28949.85378583036
60762,13704.474477293708
55968,12139.201498447175
41532,54057.88721916906
18989,10733.453724518498
44800,11048.394388955712
54074,16886.8113866937
80962,10670.576053695971
12049,22372.157614430776
29169,28860.99944148383
51370,6888.012172074745
49161,17556.59659903086
74930,10852.14153940257
57798,25100.582789925913
15588,14046.8535624936
59736,8927.598008309411
24327,14558.368966594855
99463,9593.103976953207
33580,50912.26346398916
74767,17709.706668280334
85251,19698.325376498215
19094,52222.42453959557
10484,14400.46195556627
54045,12790.52184200953
95538,25371.163092425057
24409,13344.47310776132
33464,14872.225263548004
38423,33244.08006099875
19042,18955.742896606298
77245,11188.822189263261
84367,27483.89075571631
71540,49517.469412402155
36609,17359.323982487593
87479,23045.274109313737
60879,5215.488515474837
45224,7161.710290498777
12427,9783.20158357504
22335,36865.43021535156
27004,9613.937410644317
56622,13339.228246970211
19300,13916.047661659335
59302,17156.101747186538
28946,8861.579614388067
29516,18586.20637386752
24048,8063.403761349948
56090,8807.237061693584
20844,8246.690876538622
87028,11010.992352160465
13130,8772.25632360025
26592,23254.768749748306
64998,8752.039783094402
10714,11671.041428931048
70014,6657.125380393067
67028,19910.626576285475
20959,19671.46097122661
31495,7793.45902737476
96194,11125.537396114707
49046,13781.846626474977
22126,48367.86196563011
68267,10156.09888127022
47889,11438.150043052041
39348,41557.006906339986
51233,9198.482099597284
37359,14593.90452111909
46399,11069.56359464203
49014,8575.68832420941
55261,9534.351898809826
19990,14524.791049621945
38883,19040.849429226248
61632,17063.422583842475
45839,19913.38625253567
76887,32875.21100821121
61787,27641.56733229789
74084,9953.574265064524
51576,14740.61706774279
14160,30815.448270405206
62601,19211.220145934774
49239,5527.615253297034
23009,14704.197323734756
18543,31237.11766525899
19471,20388.294191168497
57817,738.2697996868883
84174,19222.391299146337
12414,12188.825923974442
97787,21201.56054364523
28819,32590.442737157253
21168,29018.484300837234
32312,21772.587101363297
33648,11127.356591712018
51763,3922.5807550161226
99444,16709.32921679704
20668,22702.967281072306
83788,16289.697813274082
53445,19826.32460135123
43330,22330.224511252345
55496,31324.739237340065
62565,92300.06695236797
45621,18161.56030270712
42502,21191.199976107026
56169,8305.502569620989
79462,10097.319627254054
79789,15814.17943090444
23884,16199.150958905924
75233,30643.80890781858
46190,12830.892063202944
84701,16353.18962729927
24362,22722.28931213249
45772,12034.395416560594
59622,7740.439184114612
59634,17172.82672863154
95212,19438.433953720552
85501,16536.27321056037
96874,12973.747253385836
62814,7994.1932676025735
83222,13170.986478351424
53002,29864.701076245077
47202,10703.49537687252
50601,14100.27790865557
54847,21223.06778546145
76459,25940.334285957622
96066,23051.103228412547
62647,11739.15165115102
30181,32108.49720864554
22843,10199.448338812386
34610,9198.246930016694
97277,8634.469035092921
73508,14513.042016287865
47913,24017.496378303596
72749,8400.976197268965
33219,20766.295078867886
14536,19539.924183931613
44105,24257.78649840081
40277,30928.97354953568
11455,12080.190976483203
78490,9595.930299649894
28391,27851.456051089837
61076,28487.08574784357
76959,12999.259419276625
12442,21844.94556753463
21248,8498.179623456082
29333,33787.39394106184
84694,16250.937768056538
44922,13647.084298815158
62483,27663.4026161721
20042,8562.390252302237
89018,9046.162820838614
74568,16440.727992718443
78824,34541.949934117874
45982,10719.446817643182
71643,15449.103114597272
12017,8558.103549898851
10114,9955.519729532323
28704,26149.11554107967
89864,12255.328977448033
83262,30111.384265868284
84494,16615.184085648463
79317,23548.501490151815
17098,16577.235369996233
62321,14508.777737923183
93247,21262.096690255374
27508,5619.27005151614
65746,29239.496391022338
44357,12521.707444273441
13501,10420.179714710805
93771,11118.523606261857
54671,7061.373536879
73288,43853.46067027566
76393,15482.41156300875
13301,11869.146303227128
29126,12454.504927831777
32503,11649.36561239519
20007,26101.36789596873
94933,40324.56650204942
91614,7466.418359118123
46828,46930.635584964635
66114,14620.87899139024
74833,23365.236643172597
35024,16972.59870063381
36370,7716.150507962289
64066,39213.0487711314
94329,13636.580915842318
25816,8359.596732253773
12188,16297.448296048959
76425,13947.068307691821
53859,14971.544635328648
43016,26131.05655805138
99861,11330.500707786705
23335,9517.025452225556
51831,15801.055007578305
59663,14977.631341653067
70173,5408.399399891343
96651,12617.49781199333
38418,8005.910175543118
25517,19258.893385927808
15207,6831.7506517428355
33035,22747.01612555906
12632,20266.760765658597
99622,55086.398642365486
50592,17098.824286489977
25628,17831.715309479416
89396,6493.12645635339
70525,7589.987550165539
65328,13190.091827586497
43982,5940.4995664199
48843,9057.830333798494
97565,15637.20670568273
95138,13387.168694224943
53253,20829.536605863505
45335,10197.59835084545
49747,12750.239621655193
21808,9265.945588312148
93025,17404.234448584408
34638,10429.32575441537
30635,20451.2450554765
84358,13565.30431339267
12233,21111.32736413402
80762,6072.494728978505
62716,8817.395847399412
41894,9562.592524894302
40217,16046.663013839161
98478,14783.714729114323
97880,14741.796584790296
15590,11270.959385588527
12571,9071.775775485785
58050,18245.926577284165
56057,18148.683922831384
38537,16840.961826929113
30336,8715.128543050814
70291,30888.84007344611
81075,13551.64776719437
45366,27536.723230227733
95791,10364.477355073057
54172,9588.634791850622
42302,11253.188433117411
14966,27402.802654301322
85577,15645.937799361986
30595,9118.001073476367
92101,22480.050277668128
40805,7378.576454801885
77303,18629.417111129547
28009,7780.085992683373
95750,9367.259990212746
63160,15148.704576698008
20972,10284.869637290078
30361,11789.477916536141
35944,15759.322873301377
38565,20181.801705706544
50203,30943.305801820592
51495,21336.449629084884
23882,14588.430092572784
56063,13525.084390628233
29360,7332.549661157289
35725,32263.371861933112
21333,15329.845486529111
19057,21065.93780473632
10637,12069.107959843357
83215,12693.606182910024
22715,9467.84974122034
14739,19366.060727574568
25027,16579.91513362823
79479,10862.305502974667
77959,16779.8445897464
64117,29916.840873177032
97339,6055.918042581516
70792,18434.854235054667
43486,9549.98660053009
59836,10095.954315624815
48580,11542.00766053864
43872,7328.007214654659
19617,51511.12436646706
78803,6580.430907033597
84828,11309.523957001242
63459,48651.4417923649
28367,32443.20489198211
21878,21708.69185812529
93717,5587.422649929185
65532,19348.674399603948
18443,19151.88468010992
57355,8891.095198702747
98097,16565.816703401317
69649,9551.353249739474
44356,6924.834350421877
88070,10138.67188298137
81854,23144.164453688292
82859,8414.613421612154
59023,54320.391098203734
37906,38445.97901372838
45368,7528.754038360306
45613,8175.5707960448
95433,21036.651228866944
38922,14638.983491722338
59468,10478.628837377631
87038,24681.74988293048
14096,55800.10466660203
54428,18392.62796834952
85009,21521.700475860103
72940,15358.820825265659
23754,18175.42109092495
13942,7203.983138282943
39931,32706.556131606572
28957,11242.912367063582
81470,18968.81910431076
50461,13159.303381486436
74736,15149.47052090313
61510,26465.205246600253
84767,10201.131080216386
88897,20724.414306441737
58964,46967.550953277736
25919,17156.543391242263
35262,20887.967428663564
59651,20142.60092684015
60401,12122.891679154927
89436,16145.822607673468
58360,9222.739278559025
98770,11696.177281796761
79043,6066.167646952308
65208,7996.09118492157
22840,10328.978196287648
30956,69611.94430279758
40577,5264.723479248163
82667,19758.888923385988
73837,20215.16364816741
67396,17046.201612465902
19508,36569.002082874984
51989,4831.561662536171
41596,8345.964987291569
21052,13075.10573558127
65097,18884.958076146388
32760,26693.557922188935
50654,10945.241976532117
28969,14012.439850369872
10489,14737.747043517906
42338,17233.66624667127
90653,11701.373641279724
68190,19269.889543088826
96676,9868.48516813234
29853,30850.808411082086
16013,15472.413917657606
20603,9144.61245459012
49692,21172.979695356218
67277,6111.735824286765
42756,22134.237618890133
91365,19535.94197507035
69426,9403.04972915864
30753,13213.700476548429
83751,3884.23495413974
39598,21542.03212947595
18496,12348.993931032674
64703,13472.954506525455
31145,20261.61000418994
24314,11998.023360651143
79055,19609.84494097517
23387,13262.653146081986
58161,10606.791522193713
81104,16126.969470249733
18240,36104.92457811031
31725,18767.542537725327
80907,8983.583308867552
32778,19305.20562932045
13156,14192.757721907668
91869,5524.142346869898
49560,14700.192497493654
16351,33193.929224167216
38414,26165.18003851897
94751,10645.054819100336
41082,9259.495858359012
83959,11654.01998846953
50460,15122.666857389611
31062,7803.574604328309
52781,7532.760138297972
36550,13748.243255609079
23557,11585.49544430929
19017,12326.1144852742
50009,4368.215900216919
36968,15062.395907193526
35575,10959.222144153355
52018,15290.46248614621
36513,12210.11695565438
22999,21096.874725529444
35780,8679.52466789013
59686,19930.30139451476
97495,27116.37807841373
72094,10233.672975114503
84829,22191.61021829012
78684,12944.704944097979
39227,17273.363941135525
37537,29961.620909389036
74214,13724.589485336146
70192,9866.914309777821
78380,14919.96612828558
89124,18782.215622137443
64603,31752.03889497625
35738,6657.499048381111
58553,18095.817099955377
83567,11839.923125698922
84699,18308.204987458845
82359,9316.951124224768
96151,16397.35511928948
11714,16325.390648800872
41927,18959.933074864457
41107,18329.595726547686
15753,31256.848440362526
12109,6854.157943431514
29428,2886.4837084887877
11345,15107.763351880782
77350,21698.605997013874
20863,18852.227454838252
40967,13345.156822664949
31601,10538.596866266893
84090,10698.58466330278
40069,6294.768879527488
57153,9265.658756415865
23748,8860.964135109336
32961,9075.739133066047
82060,11935.880637334729
36780,8727.523546052867
79687,8509.378187784501
38088,16902.510872936484
96163,9730.075927780039
93964,11276.53235205292
32408,7467.791248097994
61476,8525.403937234927
90087,40998.50130952521
73460,11350.580520255178
15769,9330.96462702721
16768,81841.02687684385
10944,18925.092650728155
65075,10659.058371693387
29506,11697.615045892537
22759,10666.005870526515
23395,13570.15687014522
24742,8985.63200882236
53101,9158.624082586695
73914,18836.367175546493
67039,24835.429919831236
36427,19774.109643698386
78139,26365.94906456402
87435,10030.891643897285
14280,26070.15087368407
14063,19829.44917162289
93658,7667.638967209543
27823,25517.053686074807
17700,5267.691701799258
19267,16935.45580362304
28075,14422.688121052593
14311,10542.808936771173
27523,44821.0703978212
25914,43727.61120649843
43049,22255.19626712202
10490,13195.962814732531
30757,21631.725163935494
35595,27705.78826648355
87429,2573.0223112538188
64595,6434.941578067785
83223,6284.619511270435
74177,12853.227701457847
63106,22313.64181601368
60669,31431.70585885364
65422,14401.424552758903
50618,7757.73812236469
69474,13832.69225010573
19399,8565.83983807505
31338,9718.732040512035
58471,9733.142323771372
83236,20592.71640595461
10298,11336.445882141303
73383,7836.633843426738
34014,16147.247901504961
49264,31337.58379345343
25451,16662.120547076316
69279,22201.114190001914
39358,19154.00903263793
19664,26254.140255652455
66898,23472.13560138071
79307,17028.34414536757
63081,24835.429919831236
22611,20228.585819309414
35070,8143.455363233546
48104,9105.327821173369
78445,14714.196323922877
12497,9995.405739296917
71536,26462.705304370334
46058,5936.321799378342
80665,6489.165692804492
55896,36644.59273129014
54420,10008.04914739359
33509,20451.46289502342
41203,17830.46194903116
14943,12195.141721261778
70592,16059.48942488537
82758,15706.4646598281
51268,10730.052653915145
72439,16945.42576157379
27632,8468.037704154567
18575,8026.7848250742645
77584,6964.071197213441
80447,14950.915976452106
36738,25835.751594227735
37142,9737.175270301776
22008,21250.675542510846
71187,7517.278082129897
22049,28851.89823250222
22301,22196.977623961062
66455,3680.1419777286246
15194,29694.950163897694
25751,17885.672174272222
29554,16628.290166583844
76566,12904.939876948007
88697,39135.075416416075
85643,43943.42570556415
48519,25778.359081693234
37884,9818.896465714322
35184,7693.973198331731
79557,13331.392729160963
44761,11991.550382237314
27901,9399.367360034777
71875,21733.82711821394
73828,7062.880367944601
24494,23615.91215568808
46996,30433.54492008689
76914,7908.98504038697
14463,18401.39259516514
77069,10874.559166255822
10500,10274.125242472626
65174,23333.319506568252
73218,18053.557341667933
38189,38103.10664542039
91938,11320.59034451933
49811,20516.34165044392
30253,11122.156569100436
98254,5811.04663471045
98368,18719.252673698702
15671,23947.852289916696
66581,19871.491833682805
36466,13227.374933224233
43613,15831.413036926102
30662,30256.044884391344
73488,19556.162064800337
61814,7559.80037324648
13035,13443.562798151102
92855,12234.588674072336
96555,9310.083336179132
24761,16130.151520478987
94015,7347.685476511357
11034,5162.039675860937
11999,10300.70005622661
25151,5953.462498107918
80929,8192.508796556041
71749,16430.560138454744
26030,10763.079403711863
33755,19690.21422053352
11511,16381.650442743477
55759,38603.72848554847
13571,6570.207429798065
10813,13799.687026022835
97397,16271.51450249184
81532,13522.44719834212
29046,43538.557053117176
21602,22003.76656786314
93044,17724.747882568725
11171,28845.66264422617
30792,14442.326264537736
41135,11007.3818683822
80745,9430.366779698965
82261,14990.793104996716
27282,20118.726356669977
53239,12191.569726550199
95202,21533.153019907993
67583,14077.497214169009
37970,6660.472969939348
21134,10256.15187081739
54816,18865.508926015318
18309,17695.680537333374
65376,8600.237634695777
52054,7120.45990192822
61788,9944.997030684532
84247,9648.970700051508
24635,45890.58584540374
84116,32680.44936909869
67663,9411.39793996701
86699,8343.333184069332
82321,10131.054036032729
52511,9133.740506607695
71821,16056.242137041798
89764,17094.388887379744
19573,6147.838576212884
90017,10398.30645466838
61612,19211.55112354309
43862,17224.35169693224
69003,22055.283500446356
31113,16837.52986636702
34908,2141.271574487111
28425,6694.899629447604
19539,19361.970532529882
69206,11108.09677563261
29722,21841.350774466107
93293,8626.499433646079
38795,7605.456695685863
64064,10717.985415798346
84586,14417.26270016126
54045,7795.210851354663
49548,13202.287578475014
18356,13408.082073919393
26576,9790.152491896639
84990,25843.305908189213
80604,19621.237735336246
48906,6054.268878121056
12492,18850.254515256947
85505,15368.901047806445
87973,14792.953088913346
10781,14533.78253322767
22650,9013.225166771874
89326,15982.399927480352
76289,22551.30377945845
48054,11627.619822303692
61859,16933.76343678822
75878,55473.44590199142
61320,10229.087374613795
39631,9175.466679691403
17179,19276.67338769602
43687,9663.99302544838
59746,13035.855805311665
30669,26108.94613450886
41298,28533.086744801483
91165,10237.64152975228
14337,19216.340472530093
55519,11018.0505696159
32742,15468.875075932277
39616,20518.98733680806
66675,11694.419453784114
67126,32662.173590943712
46931,18313.422505279454
76082,9543.72560385501
11937,13079.56036579501
68052,14949.227024016476
91926,7626.8359424231385
91783,5293.602956634832
96578,11295.215210928338
50125,14463.948617554228
80485,25118.111186475497
28357,7328.0198664511045
19700,21205.321094744344
31373,10585.543906956776
20317,71921.34539487935
48971,13781.915389998585
77509,6897.047789379098
70149,10407.910675454423
75206,14088.859828598052
63783,11442.560847067783
62721,3233.6213189566843
98430,14534.16522783768
29418,7707.645236812101
21084,27967.709306416808
32264,13452.796543736646
79951,17666.02639661059
12917,8358.68870205685
23592,19696.99399279812
65461,17429.0509845081
74172,12256.204842343868
88983,19540.516498374996
62167,17797.924604214728
34642,14306.64372983182
89854,12107.045151321861
95649,8924.820215626216
51271,11733.022395805932
96240,19390.40599413572
52083,8640.195371860045
44865,30580.12594975483
65788,15008.285730775444
81882,21569.5297129048
92258,21388.485095630636
39285,11557.35470469273
82345,12414.285062698622
74028,60435.05074479429
23796,8104.644310656098
18357,21332.260335687544
55701,6938.794499212856
91283,8483.67461674023
21736,9208.306759973942
56996,8872.227541715703
64421,14749.3571812562
59458,22495.741736794473
20410,30379.112804057597
63630,10003.47532513189
14030,18108.185527901136
18213,12999.499024909857
35307,10471.758710023994
92651,33686.470062967535
65167,11761.18959049874
22325,12218.847257128233
48958,28400.551732790635
47801,9332.602959849399
13070,9579.81267585584
57571,9895.33111728786
56178,12068.659483070565
87848,17172.636358185813
36372,11279.642296470865
30919,26853.65783586195
55327,27816.122164521716
25754,7551.6081888259705
60519,13903.10188520252
73962,15168.05702087754
69177,18611.538827592936
53675,13271.452419461739
48491,12910.884213786601
94665,25331.288147988973
33555,16900.838268302243
78295,9964.179264598359
50275,35211.18034461999
25225,7675.642583119048
41202,15448.273441686973
95861,7540.092061123511
29323,29365.500660947604
18407,24992.508713805404
41941,11515.41758319403
46745,3637.610731598581
38812,12567.003559226923
65765,15696.037066219735
50636,6269.046882921608
62638,7274.491986353476
69312,8342.047080718301
13101,26106.097849470072
48150,16676.536519126086
66236,23347.071871283337
79427,20595.163929921564
28319,25441.607503711537
98070,11641.639568727416
70866,16231.634258413364
61859,32640.107050970306
20499,8617.770068281963
22976,53400.429482466745
93483,9411.025396788988
64765,11450.867195788698
30752,22650.93643189451
99507,14817.645354480928
79581,6104.018330154477
37650,16982.004755761787
88375,41551.44878818145
56644,12511.877091237478
12429,14673.816870408224
12488,14718.626876237442
46423,20907.526314736613
72862,23400.694828536114
38606,25449.51664484947
77722,20285.99377216015
85265,11170.385847012916
82818,13171.221684046113
70756,10508.92724659211
73624,6905.038808536707
44584,8231.950841432423
30137,5601.967381072143
16499,11299.697111293957
28458,21546.316128678183
62539,12244.927985908784
70835,9750.41173118904
22096,10115.05212376216
39248,27136.440658532258
66175,18521.60521578839
24885,13386.442928619605
74439,21488.24656042193
90208,19718.18399507117
66512,15898.321906757457
52294,17085.747981347886
93473,13468.831401340212
41222,82509.93043375626
84270,18401.478440540286
76735,20079.043631870725
92432,2824.1640519818357
92242,7328.463354230205
30167,2140.026075996402
82789,31247.23786416682
20813,10309.993652593625
87075,21402.821565946066
29930,15170.559570408253
61645,7048.000479749891
62731,5465.636858260619
23738,16695.567314048996
78249,21379.129611301756
47659,7117.153612984628
35218,14694.680905161982
55038,25114.293227166334
40263,17886.718575399693
69916,6764.955655628271
73351,30007.470305509538
46696,18061.365739217665
19474,13626.116571309969
67519,11600.301365783118
34666,9044.874439756524
51155,10107.767142623155
57350,10525.371032699964
93818,11202.448321098154
11838,13071.650567424565
18717,13432.704936746242
12689,4437.502298670815
28041,9183.274155438878
51857,18366.212967353986
68182,20887.237561092432
28200,9861.236417840551
61526,6179.174814139496
38166,10681.050571741769
31360,12120.611871489302
21970,10077.870371444462
36615,16602.567123342375
13344,13494.718131308904
92763,12260.147360183802
94050,12468.52724273254
13646,8525.403937234927
11922,10200.43199713841
80419,7383.945816645726
58792,13264.535032272923
10211,30764.407198369816
17297,36391.54288068104
12415,14620.121399481373
43474,8503.827980000931
91451,57539.62946359859
69981,7913.344979700407
44203,7008.488250772023
59570,19915.44156233785
91270,12912.466976109648
61001,10353.449860913935
75962,8561.315300784096
52848,37241.13682920011
55857,18071.985274563773
42911,11629.17131639257
76687,63023.40673840621
71191,27676.034083284514
19897,17261.846236718186
84463,29340.371015370732
70013,13957.833398940935
33773,13944.817999980552
60329,15072.069449053353
19994,5784.942848232213
29201,21239.82943557958
51079,9751.465495902892
51879,29339.215414861952
54723,15221.325581739515
38861,4229.110464266521
75429,2147.61730812492
67103,8305.474573312313
78977,10498.849274944794
14156,10232.435372681568
95607,31997.827440628018
38052,11465.940612771985
79920,50176.63180005839
31081,10708.67305412803
85130,24907.136010804283
32641,19779.141562978948
80186,14266.19507411544
86035,15719.966637499092
18220,8544.752407527052
92830,10694.153803626323
59321,22154.318631391394
26641,1958.4917533451826
80593,24910.720807681173
85546,21201.411113327184
93456,9190.215975893292
88400,10959.238656990634
75345,9345.07801471082
93531,19060.16209938959
57383,11674.075152205758
12144,16940.272694547515
48373,23485.087797595897
79529,19691.390823359987
92756,9337.975792556324
77029,9164.852592929208
86156,24877.150846801313
80500,14028.319288377366
12373,16704.56208119937
84129,8548.22960760997
65761,9984.592893233912
48145,4270.734535284457
32830,16406.404651056473
72667,28698.877042805078
80582,25379.44690029745
54263,19301.22566433696
62346,13468.084056029986
58324,12561.155213580707
38005,12043.833072854415
89378,9367.710723779512
22615,6972.569982401497
41062,23639.274864856176
17080,15888.125306824453
96696,4476.157438564069
86637,16684.89013838823
26128,38242.7466976433
13152,14581.354700091253
51925,20386.62347223826
58806,11505.87061054377
57414,11831.221943809156
30873,12313.58286490276
17134,23132.598218538347
21995,22281.54204567039
87693,19962.017206269236
81932,13716.781188831394
21879,19788.488345297865
70117,8101.951496510092
26946,25794.0568874729
56658,4699.772409650721
92343,13867.594132222664
47451,18500.51088254664
97123,15088.591644572924
15063,70217.72910181031
96270,22878.54920034793
12370,22471.294208285064
20134,23511.69865247556
70896,20266.760765658597
26268,10179.205301975773
87641,24409.347613353184
49345,16406.746825252343
35444,21854.068532490048
21882,8136.009945340149
98503,9004.45727801694
63157,24748.623119292555
22274,16462.03683172828
45687,12612.193294160623
76917,18132.833499927587
51275,7889.966097071614
96795,12055.298964648755
32579,12211.95235562708
42508,9269.980671140103
44712,6879.585160936978
89919,13238.932657072095
71167,9305.784288108238
69240,33648.56934521286
33553,14079.674449283231
30057,12982.22994803014
86754,16152.402943352017
80579,16941.444709303567
51915,22666.18340273787
52139,10456.351548269826
30748,18664.523036058552
49596,25418.124029330244
52906,18973.483977556818
28420,11916.139629561007
22823,13102.124051412226
76269,10545.7542136892
89375,10370.28747833124
68971,15890.954687761694
92097,12144.228522223677
92280,11977.952210912077
70402,25131.819275043432
73685,8839.290528437181
52108,16759.872235262832
48163,11428.413176225828
48639,23970.158436230737
73882,17727.220352006716
71716,17347.164530106333
16236,18536.462002933484
82468,19454.044109636823
85432,5202.279297422809
20410,18038.038147200932
80282,25972.908569633168
23699,15551.736576651034
59050,6936.046839832725
52982,12201.811526735182
57153,20763.305341651914
42841,14171.213748539205
68598,2384.8327056529506
89577,22590.455544085802
58410,15074.718088976095
54024,19205.670994530374
95442,39856.19208941626
42097,23142.19857311543
21845,7748.033132359342
41064,12639.828865658978
68193,45670.02294233851
73994,7637.380793795284
35273,20057.486368783117
38025,19243.764446875233
95369,9285.138620220681
80120,16624.75122226484
96555,2223.4951532407977
40731,21606.87529234294
29406,10920.074031710996
13618,19464.442067951022
61752,10310.851448597594
87741,8478.869634740939
48937,10053.608589695315
81235,17808.40574126826
35663,15019.998532135425
99876,37500.6673759283
61006,21084.674395005335
64985,7142.686967615506
29537,22673.36028518873
79023,9687.011966125217
81170,11529.973125527475
44119,19477.707872347142
32286,19440.880611984852
13118,17432.368588072615
84007,21712.326483739875
41556,14507.448581165158
85069,10233.691903554447
26395,3363.8792937819308
82774,12924.027713167654
32790,9895.457003536076
16505,19251.924660654586
48692,9557.193488963721
30661,8115.537963754385
69416,11027.575303978687
21633,16496.954854380674
20485,11737.983881111879
34294,10416.465691563772
67250,14187.948725588349
37876,17744.99049829797
54662,22360.10117706384
75108,16282.040819092525
33187,8733.035973444083
18906,8854.415636564447
81750,16926.918375886056
52712,10805.429194785524
28208,9571.570354067668
13959,11957.658440314863
38842,6474.135702605881
41235,15895.762066460273
13933,30638.18082012829
90537,32129.699800791153
93348,5024.993371228482
10508,30626.83668128828
82709,7497.550419550025
88773,11447.282656686031
24170,14287.277418807173
46839,17581.57515522202
63546,9138.9582768084
61493,8779.535508727891
81953,9326.810746556406
56233,28545.228746640514
26832,6629.736539065785
78740,10438.2147200594
66398,7264.067144415716
70734,8538.577655791938
76800,7381.82955303983
78018,17621.506666228117
55289,8149.358489688324
80219,17592.38883284606
65122,16622.604025597284
98977,14688.857624146096
79365,12390.895323122542
59567,3144.925370082743
66946,15665.755887065465
76242,11360.766805842632
75487,19579.024499368195
97457,34914.4931541384
95989,9545.45633399961
92027,21293.214376616408
19904,6984.972053102276
28135,13373.533949087732
48841,15579.430904092067
21629,14153.218911539847
71664,24189.69935171472
72366,17585.707297187615
20091,15871.374648034169
99817,25316.38195236729
11112,25301.469891556382
31165,15240.301580201847
54115,11262.991537217233
60409,12117.376774935128
49160,10208.322095427277
41353,12755.757296075366
69016,12877.988753167601
82917,14161.509663595947
26141,19740.046054071277
36793,12443.22073237343
75175,8220.597226233765
98459,22527.343091072737
33328,8833.356933542756
28506,10794.26851277475
54153,20509.543875085103
42579,29613.610795509445
36324,27261.563986660247
28298,10297.986686721117
52041,23970.982157176433
69365,21462.13674290922
65136,20138.09630052562
44093,22040.68312145867
18267,14004.68740920647
72314,27785.01316077045
77987,46392.28562916865
47121,11612.897611993016
55772,21780.759240850497
41119,20748.735028880757
44178,11773.469220633624
71906,3677.832735328713
90467,25058.99788117525
14373,8060.251063823742
92775,19115.947335129345
91263,11169.895515551521
48604,11459.033109517699
96342,11662.206267340563
41548,9902.721856306847
17756,32567.811014445786
57010,6776.220282946337
80975,8695.09771317299
75767,29560.951892490426
50842,35289.47577940947
46645,15075.128289495846
14171,10472.797944291764
58775,4911.416334709129
15029,15348.433918001405
86484,24701.433196682585
71357,18093.655338391964
43545,33958.179555576564
19381,50884.78565679235
22392,16501.174462836047
48515,14595.584340523472
51218,9430.29201332358
21513,23193.986452555433
50549,21520.904427456975
40202,22171.126207188718
55358,8635.205481622961
85598,9066.868684487577
85551,15671.599642479196
75903,31516.083804282513
59595,19642.00391346599
47544,17296.325876711497
18541,28795.42979157884
87753,16287.137090878325
11604,14271.408888981787
43210,24884.78343591335
81446,20429.133982936422
43056,10362.712391433208
21118,14941.101086366027
55500,21510.343247243363
94697,9556.353886126195
33717,8174.058452748057
98291,19785.89771820995
51402,7877.4624330874485
54408,8308.050938167278
63096,20301.531684568403
15246,11778.298192582235
63228,12614.7939136364
35753,9551.198335218434
80377,19564.465063153097
57081,8748.618006685847
56475,11694.297225759161
26736,5324.910882124459
42327,17174.700424012914
81133,14759.807451814244
74055,9877.983505817072
55916,16980.665507167632
31647,10611.646261631824
30953,9840.484001769011
31285,8736.031118367207
34820,8287.200311027847
10926,32358.836453679927
21051,28141.014577430535
42857,45175.96807825017
52076,9059.31142389054
32713,20890.082974159624
25230,9707.090007761146
65606,15718.878680200656
78808,13136.04761856208
71608,12164.750469137085
92959,14563.962544509162
24482,15354.23116428139
78163,11138.610541701952
68607,34759.36866644643
83635,7698.162720452239
62506,20569.51896913192
30899,7874.320595256086
63529,11379.574948359701
30967,18863.460196529148
34950,22769.342255939962
94293,20051.527424795047
95039,9269.681535047786
37392,21368.39206449983
84817,17673.91398219806
27222,10285.885636415172
77457,8949.834960910674
22990,29987.588491312483
32443,12938.345462474874
60205,26692.637297384925
97739,16072.494305596774
30856,16463.384169176454
20848,41447.33364204984
20046,12704.523662279902
97728,9828.462891861833
95962,27899.59208594059
93873,7844.513766396694
76532,14564.880191460405
80432,12605.386834954963
31837,27266.312905451996
54885,9546.102897549576
70232,13915.948613460128
72371,19330.670327207583
23414,24951.810446484524
94629,7602.2952530684015
11686,29501.53501821587
58519,30968.213078169556
96009,16304.561156157255
26736,9354.426672003745
79289,26494.409511994607
81311,10511.428199401216
88222,15672.269723858339
90075,9514.93284198553
51993,11575.43288299418
12028,14165.73353950251
12434,18961.73029467108
66350,19266.7790642821
43478,12255.58404584739
20688,7454.073670405056
98195,5655.712546677665
47463,12873.333156511399
28515,18193.89276697069
35846,14271.562497978102
81140,9477.617978444889
73899,13942.397995414365
99803,7884.037276019208
35956,16028.747805294672
62465,16244.957210094362
57778,8595.793134437501
37273,11286.661623699943
14770,14704.852602103003
93063,8117.59667562773
81412,9002.140250964041
95074,11121.065926614137
11662,9291.09669925717
14529,15026.791949042788
97520,13094.629098465502
35105,9783.604219469795
81761,30550.31835425438
44746,25399.77543754444
11649,22024.964295939175
60280,26595.75461603218
30084,12957.34972185195
15193,21666.726797844207
90895,18045.212236634972
10207,5141.433036614753
55854,11551.80791883423
42842,12693.606182910024
59334,23800.4516762142
14674,6941.476788339598
42733,12403.28855185063
63919,11597.150290923515
98529,21789.713924165626
58779,11249.23809778313
57704,3430.9020545404746
99102,14200.81924892543
43959,10450.446702715797
82128,20523.422654282782
78940,43713.35648947429
22469,7180.880248879279
23120,23599.258397759
49437,10376.761256237634
32543,17710.015134592413
10944,10820.781150207775
31553,15574.714638621303
62345,49862.773604393646
94371,15695.758375780768
94588,27289.845274506857
97018,24775.38218408643
21225,10823.957680834978
11912,6565.963701775803
41630,13772.380971755625
53517,10393.07324213129
80437,4863.27799644265
20323,18635.084075544513
79971,12929.362805821904
95098,30109.63920111446
49369,7774.611468103209
15828,9017.442870640149
83622,10006.5462939073
52994,20094.08513879566
74383,16020.160725332305
43436,8667.743828251409
72528,5030.531837978115
20577,10760.607797788825
29731,29204.316838944906
94585,32671.3432214997
16994,32867.670559051265
68783,13604.526778637764
73441,10682.799037781344
48949,22954.701970954982
10657,23549.172987123216
53157,21132.572777530622
74763,13934.953801620211
55416,16569.311427582237
21026,23412.742094668938
82651,28974.69390036875
94286,11505.710506401818
92073,11048.845124828707
57443,33469.34601041777
54677,7069.896721089057
12321,19117.872040628827
60222,29577.227415331632
53714,17472.780251232503
92025,7801.232353873576
69932,16176.752994044977
20506,12607.662829387295
51914,9281.669843098796
52854,11543.747469628406
58710,11837.274049992531
44257,83591.01305547883
39119,15098.574966809614
67454,16843.82053847684
20745,6634.1185445776755
50417,16681.544520047515
12138,10450.507580109206
66419,8648.684331956807
78411,14976.29880121796
80984,22164.38602376819
62475,12810.153077384115
74149,7459.848040316487
44809,10963.811475019407
30931,16956.12726651577
62082,14571.910525691997
19743,18367.31490937774
72785,35082.537672595834
52569,7917.052857280423
45590,26545.774854732175
68367,15676.575938572529
74683,37137.4857215104
60206,11768.128001311932
80957,16050.415591752915
85518,6444.894981883701
83914,13495.117400594054
42778,9706.767729544928
93420,9865.351370426153
44253,22451.986320330878
36154,24822.244793543734
73767,11675.87010424524
67313,6339.497118787342
67548,16202.482995852051
73698,12908.302167513368
48754,7188.509405417968
41766,27212.736192708926
24476,29045.32243902295
99014,9302.532196586242
21712,17984.00380955603
39757,18468.972021781556
74654,6457.631417516659
68890,19448.327443353937
26519,8497.486533363255
97134,6664.8153084089045
10188,40307.04892915284
36910,52765.294731003465
40732,7407.765931206579
40843,18086.531880369348
66915,11538.096544701859
50507,23695.346785301204
97193,14901.137332405437
88024,8596.93868352682
89322,9954.469094183209
83372,41493.0916366265
51844,18478.45373848358
20244,48987.45621306174
39644,13455.95805638574
59563,34224.79147426502
11557,32141.492987440626
42645,10868.41661327549
69320,19769.986443188023
77105,16928.105425414553
89662,20929.448378106987
93569,12490.19604132566
76465,13449.661827218062
23466,22713.469493639295
11417,13891.744989698323
20107,10862.22189498004
53330,15127.037732231594
29811,9998.720794911667
97833,8953.07098340375
56399,9683.89176551449
87010,9694.396783298376
66561,14084.25882052088
30283,13411.007397172016
81496,54634.007778137624
59492,10993.279552706874
95348,8129.956230209045
56232,31838.753632604465
70197,7249.003612865321
76025,22382.52224017555
72404,29953.821007283776
38484,18457.94312820764
24096,19741.96733105818
62649,13616.578452243793
22971,11717.832842716605
97241,21916.31020824543
83177,7796.223074992948
11900,11371.509609690687
54715,29624.74203495204
63249,19494.111023059115
85196,14375.718884216272
97666,15310.18431048599
10317,17122.744912250353
49779,7878.114704156284
30168,15330.733723211386
12285,11008.226530197357
21634,23717.084066273193
85989,32979.331073308174
33940,8431.797483051692
54437,18547.989387119982
15798,15767.47851014576
36397,14887.211564458239
24168,25915.408046452598
33318,44787.06129640912
38461,12606.283520812383
81099,9568.7323909555
13838,7648.099496180583
83758,37351.834293032894
89279,14914.835374658769
81932,17060.461331825736
49028,14874.242921437419
27583,19962.50671820636
29451,7953.621593724196
18106,13035.523145115822
43397,18108.185527901136
49071,18771.59607115019
46857,17577.103844836955
46661,19832.884913788985
78443,12560.393637158864
68562,11345.339610279934
72800,9304.42934645512
85694,18695.569949767352
39640,10534.891029093067
21103,17044.635574438733
38793,10498.71383814732
40878,12481.666342980741
58596,13645.43845978357
58944,26050.40675279318
50602,22341.862799667117
86314,11500.250765989049
96381,31268.72024376115
72985,8978.235812745252
71596,18607.19428823734
10767,14909.599688889783
95640,15544.069886194415
51520,27338.75608171402
39831,18104.959912873655
69423,11163.01743737435
14357,20788.449055161196
36035,8838.433076458841
55855,49095.17779882063
36855,8079.890015111283
31653,6503.727175991979
45257,12261.444955080868
32919,8380.010696105443
83750,8308.818714103076
48370,14557.835481730152
12718,14713.393366129367
98256,13232.604559563917
95549,12550.682083705047
15738,10615.051520305462
65479,13201.682903159153
24764,21712.227766935153
88473,14323.724906214266
45814,8901.643976852352
28661,26801.941040323407
51113,24663.479880290284
36356,13412.446849004022
67981,10912.545854508386
92254,7453.629036387052
18738,12824.70449800295
47550,12155.028762542293
72291,21169.529326236356
52800,13301.312665992617
72681,9425.167917224095
61804,11878.150689496779
75721,12816.046265872423
28199,47129.53682011753
66543,7874.806585866054
56378,14138.068682831887
48046,18358.699210023657
84611,13842.182833444178
25236,11275.928865058802
26515,47006.8322751517
92668,22607.27427946259
91704,24860.870824942744
81959,26754.98262179324
42851,17976.102450179405
18451,13999.11449042862
78527,7960.82938454451
28532,7377.30907802356
30521,12142.801549361122
12932,19497.286762974734
85817,19744.308516809553
76181,25455.936067359566
17824,14747.97199831597
20594,14723.012568519202
96888,7652.615526305588
83250,8318.556654557415
58077,45327.183661657225
11908,9588.983146037943
65642,19440.718292216883
13966,23652.33441356865
13364,7803.200604766902
92054,11048.676286115906
12458,18826.594142432554
21393,30898.337799740864
77424,25727.966011692828
67018,9229.58160401055
52247,10989.737267662364
52825,21869.810344562906
47509,11385.025090357442
29924,10862.305502974667
36074,31207.823498898284
54945,14408.131960512092
41685,10755.823541723503
34326,9338.134876973843
78209,15862.401257508138
84515,27404.657153868833
18846,23124.614308049815
29670,26922.257357958886
71497,9428.99315898668
34333,14431.775899146436
72243,22741.152284947493
52367,7189.921853914633
64391,9523.633604420342
56922,12920.446507425793
85024,11807.473631117313
10464,8736.828304154944
86158,26675.036345586057
49763,8410.1489036925
20707,7338.6433338116585
77538,11958.065192494187
41649,21584.68793663299
76744,9042.701659124948
95990,15046.122156374247
40958,14838.436212642648
52318,28450.887806530103
92757,20890.489333164463
59898,21870.945772018298
68106,13931.400657184855
28817,11227.027465068259
77236,9943.345083616216
93471,17120.21280016074
78003,15758.997989610394
34147,2079.181556813146
36664,9918.41009230699
33285,54027.987635663754
63406,9118.805767956375
65558,12461.304325773974
59803,7049.507310815492
34699,14160.427229148969
42568,18050.577642186192
89413,12042.102405960166
37160,11627.109773636159
52446,15730.377772028298
17817,8978.4189110338
92231,16063.058511886193
10199,7621.450127153932
84659,8405.502337901253
86420,13636.379685973858
29569,18786.189740726695
82333,9338.857007452418
39913,10256.40768918717
73794,19784.039456611812
50051,19016.5126641912
40083,6630.359065731338
74866,7157.637720223265
72287,16332.344365334131
38360,17352.417603516
64317,19547.670728596757
77795,19795.74184569738
38847,16207.576229887083
57830,7502.661740246129
20145,10392.702209985264
68019,7102.032339968106
84380,17771.821593643333
51484,11315.47274069062
73604,25279.63372204236
94320,7472.025697375364
76144,38680.95299351563
15864,8725.948208999343
64508,27167.454926558697
78513,9990.138636177786
10772,14660.307014164286
96993,5031.398775791089
60204,7418.206771740715
64892,7073.527290467091
61221,7584.516086653935
66825,34178.47749309744
40906,26817.382185927643
89950,21367.298498350407
10608,17285.890232749774
81670,5691.465381217655
44635,17908.16784253463
27415,14039.85100879119
13329,12940.693919610101
57456,10003.512995987669
74562,6494.559474442483
23104,16804.20202324906
91437,15076.695373325501
27640,16197.896824374448
15956,11253.554502926125
32415,17517.810906635958
19447,15381.833924605717
88187,9413.546971432208
41933,55500.80926102115
75961,14636.6419694418
73932,11095.882143902523
51352,17753.85377311705
96680,8880.776755084957
21921,12249.880690311591
41707,11542.104569230654
44149,11553.757641063701
16024,12331.93665852346
47115,8350.329260630671
50558,13372.431549322711
27850,24572.244731390474
40295,6756.354812733385
10907,9111.492493706362
98272,68864.06120992362
55235,24601.69949899357
83561,20864.711434160556
46775,10886.465910404382
17294,14319.052111628054
44324,10713.847320972083
94368,11541.50208224999
66628,25831.11716529649
93898,11664.56517715734
64425,25757.09179217749
53426,13440.660995598171
97659,9102.094245520566
77725,10393.423451991235
38184,32338.425373617407
41253,27756.206714744923
67369,8418.353151591089
78834,28846.419276123775
82291,10114.310181959898
66207,12348.053433984263
62814,14849.868598537823
81017,27655.995718399976
11951,9246.3276516683
91730,8283.827677653739
59909,16680.223160839214
58319,9750.888390069922
70231,16592.844898396266
27538,11564.334242714433
70642,20982.81688072112
58735,23792.98051537298
38096,12654.51125960932
25622,6509.445893068179
92343,11556.955087068654
64226,10573.315078849937
92554,6368.130918499186
10281,8759.11492112754
68580,9160.152039227305
61875,9819.869460626203
60734,17304.691777283675
26691,9079.291380271337
57010,11416.432496791891
83068,20648.629467248345
59116,19998.32335141566
98979,20365.842483355846
86346,26986.320508010664
11318,30138.540144049915
43203,24677.036031110125
80857,27130.987327989154
13573,8879.195543044538
71513,17837.674184811574
45324,9975.063446585558
67654,21774.19200238084
54725,9374.023709713309
46130,21793.43096179182
67448,15579.876855335893
57736,9938.753815820344
44133,9952.08744556589
12198,55673.279037228735
10321,19802.467212793832
91202,14732.577432456563
96921,6045.680370570353
40024,9841.84762039137
72272,8278.526031206156
25636,11316.164935089995
25855,14291.914486964673
66680,8223.612344856097
80102,24123.483739347314
66819,16037.443629238545
13014,15550.588518413831
82903,9226.04183136344
27399,9778.084887530369
44822,28914.89144665961
73303,33932.521039393614
91836,17112.39642753392
30726,6242.759889669176
32486,21925.060515342884
99400,27302.1000924454
57623,23043.710577220696
24281,19462.11626026118
42353,13922.136461017879
55249,13318.169245345565
11287,10689.085580487894
43336,7226.852431808107
67060,28890.59694798066
11026,7683.891854185691
96767,24564.448774280623
27198,15382.34281228723
63755,8326.292313456168
45030,14920.308786807269
53058,14684.383816636657
11297,16310.619473228364
54339,16440.049766203047
70535,50203.272807793015
69624,31826.67094639983
76503,26203.63694404057
85139,17835.86801654566
70183,8377.678799692818
52018,10407.619361487177
90437,16061.373042897563
75074,12415.846673734908
82112,10208.881114994978
93169,23640.839879604704
86760,19986.81479540879
82762,10675.338826022704
92834,11953.185054819758
25763,16831.972416674824
28832,12396.700038947727
27353,17050.605924056752
51672,8544.513873180324
38237,9928.863059024383
35179,14703.74546471219
43775,8328.175144672967
63845,13160.815061443083
96563,29838.953979142567
54962,30885.14698324493
19938,14614.208539152698
92120,20433.314055773342
61823,10512.905499425184
63736,8690.374715906877
16051,9150.639008772001
79971,50214.74222603866
85037,11588.68184282261
74156,10439.005266755672
34291,10554.351783688078
57901,11159.798424362658
53157,9745.59065826538
13079,9663.212081192007
61494,8484.343033982203
37743,15100.85966092408
17974,20845.279944222813
92541,52445.710624903164
89606,25874.258322146023
13269,15615.563777243573
19164,22698.39672630014
24936,7452.986932492129
59759,19009.17530093714
39808,28728.683225447858
80421,67992.3305889703
19577,5848.023020701923
30623,45610.00974292448
44196,21657.980816865176
32304,7155.366048447111
61101,8986.584772550636
67909,26572.272568698332
93168,21582.593304040696
69010,9132.473345772503
67837,9909.715550747933
76521,7298.6827105190205
55240,19890.53219501189
18022,6842.344882521986
95888,10899.836089584038
40125,7218.468043928095
81568,11916.50865980641
76355,16251.767227223592
59631,12497.130678321231
96341,11350.580520255178
85586,9918.103375210314
73313,9260.902760945166
26765,48123.07998894041
16435,14358.209261163634
52124,10878.48162967826
81243,20862.395356482895
32644,4131.584900931008
54138,24064.669844267137
73851,10184.655703205302
83471,7938.40118509119
61762,9904.636653693296
71998,9634.124768467353
42593,6415.985349025908
25426,13570.15687014522
68791,24445.652595572796
78760,13270.152245685607
89861,4781.031672733865
64596,20267.865733736846
89716,8303.888517362599
27232,20083.37153103226
39942,12036.318121295528
63984,16557.890624352127
43779,22989.27111610782
49281,8793.516513535546
25009,10056.790557284092
25011,9312.80193980091
46791,24945.966258114684
38554,14194.012933625947
33587,12134.646235898646
12916,9926.698337058475
52829,13610.010294672746
54399,22893.167339462234
83919,17340.90374608651
33920,21439.199415094365
50033,19816.14739568808
59281,14370.326863554736
60871,9553.818713284718
31161,17674.846698354413
75457,16715.912864617414
61908,25100.783410903998
23938,25803.773068975173
54876,19452.592138383392
72708,22297.528050534384
32924,10050.904944484671
98799,16234.916470401979
27263,15436.881073849272
87017,8433.311598222557
83419,11737.442786603324
19520,22388.43280217149
45173,22175.581085435748
21153,12473.284583149734
90281,16272.648388142732
15340,18472.26102832203
75005,11186.391653370705
45423,35493.430204279815
51259,21033.737992282502
35817,25311.713801723054
84365,7136.049678489486
82663,52784.61533332422
15609,21657.04683026737
84146,15204.28567105322
24444,8795.382356694383
88761,17394.408171955718
21734,8136.009945340149
55887,27072.270675809825
93338,14259.502869555605
74741,10221.804586738712
55062,21893.696104773608
31696,21943.798448798694
42761,14291.954283269004
55590,32378.291681145063
86313,26129.25102463899
93741,9886.393212103856
32012,9853.2249790807
91842,14387.580991653165
16519,11492.147882452176
26929,18273.380020648987
86593,29892.34849997204
31331,5530.836585145491
12798,17930.059725538784
58453,42735.74837085694
95971,22991.942187525543
59636,43293.55232334053
87383,16560.757625683636
14442,28769.413985269704
31205,12473.182064484203
62884,18926.575475642185
52207,25185.28000536178
48181,7609.239188705198
17447,16757.863050710926
39672,30247.075649973962
48782,17784.48797654998
63164,30738.93365010236
42252,25722.752385272644
21187,19219.948115722724
29499,8946.982763775815
67590,22198.9945578246
18524,7777.7716591121825
34749,15991.061089110319
39802,16060.561453895009
58253,17439.59708929608
87657,10621.107137442148
49054,36411.27280651934
36829,17296.950334439738
54369,12842.194724948338
96555,13151.695472604331
83130,16757.723142747982
49187,12924.66482229906
18396,7648.295187495716
10039,12512.333230813027
27768,30140.588597356582
62759,21051.623136971906
76768,7793.535617485546
16966,60620.86038403737
29822,33164.30716825786
29972,11294.063425749024
28100,20501.923173521052
64278,12862.544999900732
28494,11500.905300176379
16833,20267.493872350995
29738,22427.980305063713
56077,12006.302128705509
21196,12352.172071712044
59677,30065.969058348484
48975,18985.650171596528
17255,13851.176712349632
93498,22011.882572113118
27730,12009.897266031698
35990,16099.793969021917
36676,14332.97744595623
35381,14279.074875454575
20833,17745.875868884897
11630,13401.093217914076
15657,17862.157868818635
83701,5884.742907531481
27262,20014.375093561182
78102,11758.544418254089
71894,12572.477714619854
24768,23059.52951073446
63607,18494.327311813533
35427,20880.53251012424
17360,13755.936433104045
48122,12589.269148168463
59604,13477.677010457804
60442,8036.84697044438
88908,8986.990546244133
81446,8839.457066481287
29067,31350.415232665946
65109,25297.01107627874
70010,14275.299812782556
96004,11469.949596175313
24869,11139.771189898469
93229,21136.428073222574
72121,7724.188942620925
72114,9745.60952706108
63457,25996.19817168824
68073,13328.054422923073
73801,20953.986336094058
55742,28821.657564537505
76715,10517.436945896618
62532,12229.194965812734
90035,9637.158221360747
38336,52780.93270305026
94735,21108.646755628022
51763,23035.99163680328
53217,20178.211322117575
55645,19494.8537418528
35755,15828.424453690666
28287,32298.496822697416
38952,9100.205926218354
12281,11698.013144701747
14007,9163.813972032865
31489,28735.11936956324
26658,8631.182485680914
78078,9118.841624051649
20266,17335.544081693548
19192,11497.501240696723
28073,26930.171425937348
48819,22510.031262618882
13999,10427.55439302672
46340,47232.11077214597
88201,12632.623984188465
18860,17873.74593938182
89338,22259.156528597694
35518,9850.958683909143
31461,15630.480454277476
88508,46583.250614455974
23755,10447.349851796287
72473,14994.968133089955
70545,12241.56620384629
37053,7412.006150812598
91720,10807.721341963002
19252,28762.28312757601
51762,57997.15177647653
20502,3385.0263211380097
67594,45076.75591651873
22984,10051.448974668114
39950,16382.368160297608
63769,12613.891661137593
70445,14191.530728881997
41843,22028.284554574027
95589,14778.133453970431
16665,13437.319039476486
40200,43347.958215241655
60994,10774.464318795886
32221,12940.941482719782
79111,13460.738697126977
70570,13345.341722254798
47030,16200.400439017058
92282,30105.64946440947
90350,12120.501491275794
93959,9534.351898809826
12795,47694.86546311613
90327,15809.597382358854
36843,21233.392320439096
21848,9504.35727346416
49295,9242.60883590477
41588,9140.413621854488
38451,18483.222228731367
77460,7135.665336615328
72085,17185.722211705106
79114,20844.160551788038
77694,17404.485474218058
22423,10342.019032289114
91603,9686.293593514602
87221,25238.746971967485
96610,26107.087577524995
11230,14578.16477615379
55103,27686.30879073248
31395,13868.770686702084
15354,15088.688140580743
28317,14979.257537496193
53687,9320.296137145213
61474,32094.241638369658
62689,11482.024866248128
69231,8370.254263573916
74442,20834.90551335088
68046,17451.67292787655
90144,11819.884929240132
37838,16286.364922411614
16365,12128.834326933818
58421,23735.104699009906
84302,10260.806602929752
45969,7438.922052640302
67397,7898.021116699098
88606,9519.02820783595
58251,12517.55396728437
34101,18323.468398638914
56404,9179.591316877351
38689,10681.532246011735
94327,21222.106475219232
74086,14901.589307175958
70843,12473.968199066116
57532,37460.41612559765
26476,17252.722210449432
27824,18014.16772658719
81548,25604.684890026856
34130,29096.65225742131
89555,17004.701873721642
93413,17000.566686995033
14914,20845.29442213351
75558,16417.942337539847
21819,21989.910861361608
44408,8579.728317961048
81003,10510.567262311572
54305,5904.6817054071
89865,35215.270255071635
39146,16187.755614814081
10178,19025.48007145826
55534,29776.241457620024
99725,10440.467645509112
23217,9163.813972032865
81787,9539.260692342981
69091,16036.86301426203
80632,18098.517857909632
41135,10264.931407514701
22950,9589.545715246473
62492,11260.862545555317
26678,8081.965911510519
63937,11877.530851183466
64562,5961.220435000354
84249,17223.335514279708
31670,8147.414187186574
33499,38531.591961044614
66662,11409.431054173197
72621,16693.39179446875
26546,18458.83652253189
80191,9426.037246416507
10148,20242.439236159244
19741,17958.538908989878
43213,11592.379493565611
91729,10357.42440735743
72274,10886.283756423985
96964,26247.320806503936
77962,25395.420820927564
85772,12068.659483070565
36848,17023.06524095835
73732,14835.57843721738
85295,5478.765468879754
14213,10288.000552560912
87921,15380.363634518615
99659,13440.175215984802
88254,8501.601209402688
67729,10107.767142623155
28438,23611.84051047363
20363,17186.152967269198
12150,10432.763878811795
39791,27770.632675633933
56455,9169.818589827393
79955,26204.982472400465
48605,38247.64512454024
94079,30652.7435645684
64407,18756.868024983607
73432,11033.603333653886
62555,9430.340598463732
92534,7287.031333824789
56200,13996.814661154176
46476,8641.750225463955
74961,9415.864134291445
49704,6588.715788818028
44740,10142.320410313201
73744,20088.903184009258
44317,16887.029149334117
64687,7672.565176717499
54407,21139.939365516733
42777,9802.642914843076
59290,7680.457123304155
22298,26296.23836194248
37938,7473.045231362465
74851,11107.961426323905
23305,17730.379399550297
82049,21350.031369689124
64351,12509.443633998952
44770,11177.140435436228
83294,13734.285464950912
10723,15771.863644851837
59813,8695.85629780849
44452,8517.544152773657
24391,29940.822184920566
32127,10928.825634253924
68611,10791.303694711485
78457,10604.517274443917
25762,20992.503685516578
19785,9198.246930016694
44125,28581.772042102224
79504,13750.745277297097
72270,10967.443709348887
49283,26846.194774064978
65953,12342.385116559795
76068,48837.44647767687
98507,5881.930073708318
42358,10939.263073515764
91404,13898.325807781646
10259,10335.740592853694
10384,18214.743975355996
35264,16536.841747959705
56302,20132.556094327832
97511,12223.799399978503
16338,29446.932545718682
44568,11709.10186345457
31041,18597.79202184684
88586,25564.008523949295
12741,12324.390150793743
60833,12199.453045730379
62370,5141.942270198104
51196,15982.349499334165
46976,12824.889365728395
89241,10107.266673700462
89955,27360.172818488703
39833,26813.69923522391
24072,9635.044900285491
36646,16290.373450075487
71158,22389.999438661733
61346,9659.140866641994
35393,6046.281865070649
70590,11410.394940597194
55689,10110.727445909291
81332,18285.09631685757
38404,20654.776882755865
60031,25336.9339059448
49553,10643.82678670443
25158,13083.542698054878
10185,10554.701868273994
33806,11148.672272319947
48285,10957.083033493102
98269,25622.803579377225
51756,14562.151248767816
46805,7274.491986353476
27859,26852.576693888852
20678,10564.869992097943
26274,10087.46513923673
79009,10585.186562743398
18609,11468.847649859432
25419,14604.54827514509
51187,10414.181144220973
41161,22911.90313170262
44109,5098.271085568638
65183,25907.756099144197
44963,12718.216862882451
11347,16604.44461214136
42950,10731.690406597743
91877,17618.086772244103
17921,8454.374426026121
50662,16327.463756744984
34165,20685.08367032808
15362,21374.84465208863
52975,7966.308123941946
14097,15420.927403105363
53051,13472.48979932167
55394,6284.856271742332
33682,14128.379940856023
92621,11030.024369593855
54387,24536.017861955792
83881,8875.34704501311
96728,14305.44535626248
55340,4952.081726959263
24776,18141.39873686725
94924,15120.161967348138
71560,2623.004005693996
10977,11387.274663633962
86933,14862.071832929645
52174,23820.120359509645
83844,13226.568561476273
96953,9097.924406964547
34606,11449.912187563163
83547,29070.037792633913
52718,9281.669843098796
33415,10150.9495238794
91292,17054.781826358416
97126,11834.455925756816
71882,12725.741158661189
64493,11527.59205590843
23901,12498.042707327882
70222,8790.006865830288
24366,12961.156736828927
87058,21563.707139399114
40255,10735.710599070735
73535,14991.942160112203
33217,18374.768869201966
35549,19981.507250603147
19282,19731.260414748293
41257,5863.739856079423
80169,10977.8384258291
86334,9521.114256637014
15896,32858.96248350789
86963,26837.057118986315
32167,18904.67659335507
99862,20783.678678566524
71357,16436.288836310287
67217,15217.521784201594
38430,43559.33685201632
14588,17963.441503323815
82419,21134.262519522475
74531,28359.31289550614
72902,10153.217967210498
65192,20136.008813803477
28188,11473.051542150664
27631,8154.708599551843
87113,14141.470806295727
91079,18935.226789839926
70964,11833.675206915965
74253,12902.964854175056
30387,20813.14070730189
39889,13614.599592263083
10782,12593.165555656433
45190,2162.381341703991
53742,19107.847493498553
56166,8945.802128272446
90813,15380.497110685497
57806,9545.012397208542
85414,6898.595152995038
94324,33526.04974421923
86309,22074.101232129746
97267,13711.496990291538
97145,26288.784807455486
75950,14557.835481730152
62639,10406.838645036565
97822,16606.56443289571
80962,24408.09105647554
72940,24915.258625731338
31157,28348.581278341924
39475,12973.30412515861
90763,18146.763485757958
74412,29115.39839725701
97356,17692.65354886672
98703,15675.33919319518
31513,16747.299027252757
44864,21487.970562338873
63925,4110.364032214022
41684,10937.550649572591
20924,8156.933982242621
77894,14383.351640228528
32453,10662.543231607611
88560,9895.638671971925
60104,8698.625268734595
46925,12583.677266218034
59670,25097.271389197365
67425,29750.162257748434
42767,8566.36249811448
22015,59598.60282357111
43095,10941.570946913072
63524,16767.743600014986
44319,11521.41890422504
78516,19801.23134496808
94507,9400.828991440754
93809,22120.18592607512
80317,12994.255671890302
93556,6339.762995349445
23845,15273.031189311696
48534,11374.54455353001
84232,13159.16133862806
47396,21243.09650379665
59746,9542.07231952838
67948,9018.677458370425
17424,9552.240552127461
59779,22928.699799908347
77417,12059.530304501583
99866,10952.647754506495
31940,11290.317898682584
25628,22610.401981736184
45625,23109.248167926766
86803,29075.26140655539
96672,21517.61926154345
66088,11624.470888006159
76074,13680.209387148663
80052,8694.678167657235
66977,17721.142180931474
19536,9668.197338014335
98195,41299.85150541175
96873,6048.133471068228
69909,38509.93169110764
17876,11627.407731070582
16255,48394.38371880211
78613,7090.36998718768
29448,10545.909503595447
78790,7702.195402106128
61133,13429.14308536084
30963,14484.47590433575
39076,6079.057398753892
23384,10236.001837131505
66757,7169.577449852837
19585,33951.88321964978
87531,8855.474060289922
53129,21198.601685881767
49762,28330.464229437486
66317,13480.439752985561
89026,13359.74384225723
63702,27749.999459833503
77369,15881.41161740826
19710,9983.904308338562
96631,7685.847629894695
16790,9601.653309534293
80793,11292.508635547967
72209,11294.001347356763
39947,10172.006319058004
82711,21735.385077748462
64241,9536.253554920553
45922,14821.834543809138
75501,16116.114069326424
45925,27098.880088222806
90387,11199.486392348123
30100,19579.57131114772
92993,28221.15184275189
50970,10747.458505609986
77247,14437.88567756741
26541,9104.27913864587
79551,14044.739649395602
89187,20284.94113424443
49415,13725.635560619772
89419,19472.172106447182
41255,35051.72882617146
79420,19573.00943200467
40749,11216.51206945273
86017,5787.641710282953
45884,22709.651114947264
75351,14448.570571745693
97930,15580.724992449577
48870,22870.496488597953
84761,9941.050331944596
38571,17594.721901198867
15305,9427.739388485059
83670,14425.35195224104
79066,16264.835402250563
11016,7231.661006455759
72641,5435.165835760274
54383,20168.131393550346
37644,18524.854083716236
47044,15275.141363218736
53188,12732.606671029236
11424,17469.089984171023
95076,28034.55988197349
64251,40569.355523431244
21751,17455.04123209681
41036,12668.697323835422
18903,30557.271184820274
82377,6485.579472718557
44875,13589.769026980486
43585,35066.26827459935
88458,12927.20487824735
94784,11412.570673673596
68225,11922.945592121685
64959,9095.633098826143
44846,14278.838695046252
11113,7895.030909628085
99292,8816.792633582634
56468,31288.946776200275
14437,18312.971203679885
38547,4803.130092099587
33347,14367.644504626125
21237,14757.578783414358
60785,10843.862081692276
49875,18490.01499382093
82937,8309.794056080123
14502,17427.10009497989
74282,10203.72644670779
56801,26005.848549746297
30143,12099.740239420062
28694,18367.92884138264
32697,26581.63666151696
10921,18491.329551212606
79062,18315.64686683655
56485,6529.846866946969
77141,20201.42907445678
84299,22435.98938281016
47467,19075.274108726207
20911,8788.720988851814
95574,6607.623907696414
32053,7129.523833788497
25635,61084.24710116243
66811,5510.626234122254
53321,10420.961109799853
28425,9669.339088831986
91573,10091.690503754682
28968,11895.713762968113
87718,17402.025136588545
35255,15913.607470637626
22117,16773.61183314801
64901,12515.443075076193
70202,7701.341192340284
23930,10704.730094931674
49334,25202.331645439735
30157,16050.293037629659
96948,29213.63887939236
46935,28809.08523589006
69021,9247.397586179744
73586,9030.964310254743
13563,15614.932578493757
64130,16895.401885991752
86773,31339.362686730146
48837,10416.465691563772
98756,10610.901779120664
28005,24936.234040479398
81786,13173.131447866803
93475,11148.258734849507
34966,16737.99305580894
40096,10092.829114316204
40374,14992.747620011683
12824,36288.37346579715
81430,18187.61854085251
61134,9193.007079062209
56143,9759.713362041366
18740,6664.635780901959
59696,9293.535140370337
54534,15122.196201173074
86187,20032.944417147035
82885,31341.804231166392
65100,12174.979087943962
14284,34497.069514799136
96205,7986.02598230442
85226,20391.18917417771
46883,5788.996163901262
30821,55563.038126938976
19888,5694.717764824572
22720,9380.8214166976
67515,17230.832376134695
51493,14472.9138465246
31101,26233.16864316693
56716,13680.871420119583
73604,23850.250988462078
42502,7041.206653210025
55136,19639.918561941373
62388,10760.00325290768
60659,47285.962224739545
84197,12177.403718920737
90664,13762.662090085963
98409,14012.439850369872
37385,17981.785340102673
93873,24675.04123022363
64437,8549.61901434695
16603,18521.864510124666
77825,37232.47782744172
17729,8982.812192406305
12111,17282.80625468723
78955,10305.780952672867
37331,20029.831917413772
45444,8558.103549898851
14173,10236.851544165544
37808,18193.83020575533
38304,23986.189777915326
34776,27880.755972185347
96533,26912.235172515044
58386,19019.587675765517
16390,3799.8408027904316
55510,11703.171987432088
20611,9759.188553466247
93659,12210.864670854295
28397,7941.274188462234
71891,9610.566985104819
63065,9296.20796425728
14474,16786.43230647703
32379,35289.25952407192
51809,5488.747557594106
65135,19659.186096798992
51127,12183.706945309903
13799,14356.31889458211
37701,9620.422065288683
75104,10618.845002442717
29059,10157.071276398092
64581,41328.765246248004
92212,12537.22342506129
66204,30306.79876948997
46481,25701.34888680494
81173,26428.052241435355
61841,16858.476670468295
34747,13530.780265921618
31282,9362.823161650767
34896,22750.030785234958
25064,13840.25214741977
92797,5921.9134622621095
68324,6254.915525483946
51270,14443.967568145421
87633,27535.219534457363
12713,13470.775270056612
29958,9759.713362041366
89556,21866.582183671
69905,14387.736083015741
38125,27927.93937212247
25142,9496.367593856598
93034,6975.015216781372
19193,25154.731193977226
12379,22896.320597374062
21185,11057.864135262927
28136,11068.9926174387
69895,54845.46132509988
54895,38447.774305239815
72911,28129.03213140979
91403,9023.253140728772
98904,12219.023986873663
33166,10258.769522314531
54033,7535.234814703539
13092,21364.6895975931
71426,14727.382064162972
47192,23348.643220683465
89943,23375.060491185173
63509,23829.2922535229
49691,8042.609134345554
14175,9946.72957239283
54756,9427.244754821775
65461,7262.560313350115
38186,15028.177265559116
98835,15263.203256189721
18821,10449.118911387286
70629,5991.381615629631
97880,16190.54793343471
66696,9919.906517993228
55326,7352.502923472655
37022,20258.319337803347
81573,27360.029820986892
73585,8461.304839963903
92942,6602.775313272541
65912,15883.984749525825
42275,23805.147008109292
63856,7725.1530991498
18872,10945.34551372
26107,7469.770211689842
76830,18520.607137227053
17775,9162.005807133572
96622,12794.281072538186
74932,13720.058257957173
74590,11202.523908163783
38836,6542.295854503658
24417,26698.816686589606
14665,18836.017506513614
67303,54521.43924984934
70387,10058.42443947528
95066,25291.833735114757
50223,26268.833812637364
28099,54048.15382159579
18532,26933.757180816043
89072,10910.998151412932
88669,13658.1964437705
64212,14892.579073240353
12101,17774.055182981
61189,14077.333518460759
25734,11289.131435537263
36563,17859.10345853626
69359,33711.06462058556
23412,14686.434715138072
87766,11249.981939381418
57509,5691.402700152417
64527,20807.78007126929
55903,23409.375971219182
71450,7174.933286302972
38885,14852.044552429783
59218,14849.868598537823
11102,21268.76883952364
62280,19738.648909507483
38258,8735.767461826665
74309,13762.662090085963
71897,8221.608987752006
15741,7409.2716992634105
74175,10341.898110306276
40733,24860.6694730738
62097,12297.542441453686
59626,8108.107781920631
77355,12976.956783325051
96688,16995.560315328454
16218,8138.93961656138
38092,16842.556962093116
28900,25004.243019661197
50994,14701.383974873987
31394,10021.384825020908
54720,8507.726593632688
28224,13191.489704378939
87883,16210.306401494132
52181,28642.048251226643
98186,10259.956568752503
62333,12735.640146155629
96453,11232.21028717031
68793,14695.013225853469
24594,24991.12994813863
43889,13417.99350898469
65536,14918.442245085891
59000,21050.068447032187
77375,20015.80383094604
88153,19124.59689805136
66629,21819.956403111737
59970,18448.04363557753
63069,20825.55364710967
30241,7477.8097828763
33279,8805.041906268303
85214,7760.864016048159
25215,7619.578459491353
17849,24848.944973304162
58727,23128.64637584878
67608,23605.472783466645
38104,15080.817614655085
90265,23086.302583084373
20559,11884.883977065725
71502,26908.590051974275
49287,44111.65059913912
15342,13058.317124505818
49484,15950.927515202473
15789,28846.59357149854
58949,13592.21138688793
13588,19334.769765792247
37762,15349.725596474604
10575,16613.82267309339
26671,18985.45175396237
59625,18836.925642995968
82306,10531.69763112289
36362,16330.93206404764
63231,20425.401418217592
29100,44502.75444329099
95277,13437.176529101784
80593,11987.236613494017
18386,2160.544037007312
14885,34479.84857363107
17794,25878.424732980777
21012,19129.090869759282
61686,15737.737322861878
24051,13199.80662323948
25950,21470.62313137707
71827,8875.93556049027
77683,11848.520784052755
13956,15853.989509877667
28157,21750.30967920534
79046,10554.932146404404
26209,13112.50656124463
10443,18178.311269301874
29990,7152.22149168577
43241,10794.87673767726
24967,21317.73572890465
55049,10977.407748283753
96426,10006.444177972404
49617,15554.100257683212
32705,2927.3113499906704
79132,31614.652478242002
87303,15282.730467991993
96871,26424.7335925317
35952,12464.20329753372
55635,14593.90452111909
39419,14917.88903656449
84161,10405.944648437688
67745,9655.03098950919
48505,27767.438772122485
94557,11397.271372242394
38038,20170.64128750828
44203,21474.58141041459
99565,13802.025009556863
15783,12324.613873192153
24542,7211.294222817713
40308,9199.751864220176
50663,9637.533229758887
49855,30850.379657947306
67482,18332.538769619132
59693,18142.56247016777
42995,22384.740480955268
95530,24730.53643373887
61444,16116.602517851516
24386,15759.458653353993
14866,9507.121922144683
47917,9958.36355947228
45087,17109.04132898167
99364,11372.702986069326
96510,20467.72052461159
92751,15887.134652751716
99102,20380.99004715249
82278,10905.066108517618
46538,13421.258691025369
62440,49862.773604393646
47287,25576.24752709098
49606,17302.388198334575
51695,19151.729954205137
32282,13833.684530801609
46275,7672.565176717499
18452,19586.79614418486
39043,8865.686616630906
48197,6780.538717877815
81137,10765.607713156664
42768,18387.19155518343
64947,15956.318547403438
22371,15182.43038904716
63110,6222.413226687842
99227,17379.590507880224
20017,10426.286838953849
88134,8983.955004905105
81337,23962.065081241177
15671,13698.047530759424
77231,4795.601217068157
58605,54048.15382159579
40278,18653.5064466066
71800,16304.342768451519
79688,15408.667431257745
37929,14650.293576538646
86837,12713.178467226202
67557,10136.273501305754
91133,22312.28416495811
15066,19618.48833778478
59344,9274.920648184747
99335,6299.820092074333
64251,26790.432781305673
59447,14856.888437446165
36118,8951.58387318224
59786,21749.70814910822
44328,8182.374089748579
73938,9001.695647200308
80496,18927.037710443597
98987,20532.476686395792
59812,9194.486369465794
63408,7449.283981699597
86554,10277.907406849608
78496,19008.53607575444
80493,9378.12213937454
81919,17149.70997153166
38672,6077.935998707169
89695,20820.07837943702
63173,8239.928058672995
77184,10064.924543292676
72315,14796.397295184353
84872,10708.316910079267
58010,28569.713430561565
59303,4063.5125150363965
64310,15757.814250005422
22289,33494.206774698665
13897,30076.78919603698
27938,20065.838514848445
31530,7325.916643056851
57358,14808.45039297514
37706,24455.57524146705
30466,19253.8310224708
89973,13226.568561476273
79440,20357.90059418999
92153,19521.511515988797
30649,7799.610454786332
16839,8777.480458890968
68164,10666.775034551658
88534,7153.736805083385
67263,10124.508152164479
96140,12570.94149853392
97471,8520.332952174162
98851,4557.295277937765
16392,31986.33787143364
91596,10167.936568752884
49338,20880.5196788833
14706,11409.431054173197
33144,14907.738050955419
53367,17129.2153321757
14382,11018.0505696159
78926,10454.304534487645
30941,12979.675859312858
34160,16695.57938876802
71649,8009.819310922319
52382,9442.006409894402
10407,9530.407024816152
18873,9746.759008743258
64738,13561.3511251573
69176,28947.93665891754
25543,37558.870167686604
98674,24837.23529714909
55412,12649.788989828983
76546,7286.0845742353995
56661,58783.040804294535
42885,22417.779845990888
78026,38688.194197216435
26425,17413.308865792926
53262,7524.492101998978
28327,19981.507250603147
50988,25882.70619363051
43991,15377.595111633194
81677,8895.094600262375
19953,10315.58359781712
67815,14929.33071444853
16693,10758.648756282913
20822,18715.695597500864
25073,12147.744093419682
19071,7318.189858938194
38083,51560.194601167124
61418,12626.046627433669
99298,12700.87079601994
75190,19054.84946237386
61464,20253.916001879585
97676,7558.820504013744
43421,29203.045202855137
87351,8716.126696135514
51300,13526.298669722348
80752,14702.48054880616
38530,21148.5809900308
20070,54300.33230376081
15365,14763.268649868707
70224,24667.722001144342
74600,17047.80408628901
77575,8191.0662880029395
33904,20812.58996354352
76931,13500.234631416777
70946,22443.229908616082
55898,11637.290832558174
88927,34546.71243724016
22712,19282.865107240956
31625,18885.07379143732
19851,28208.16448161642
94311,15317.090866112592
45628,25198.45940328649
98596,14464.01291810968
53433,27868.075712502316
58557,10251.99931403068
25988,10357.957520515525
40032,8281.56158543991
58654,8963.825632361399
87814,25171.08880402169
40595,8233.920687163883
47192,6825.6176238499975
65885,13923.796027073378
53628,14684.441418728205
25010,12300.38629434925
96591,10144.509704251926
66114,10602.020081951576
77172,24792.78703452545
98308,11614.756664128974
86801,11633.067302424794
22696,12884.40579445882
23564,5979.665240293634
94438,13373.629396477158
26371,17581.358592238328
44169,16567.03499361658
29429,7632.044387644863
73269,30318.144222876523
13884,17044.559409531248
94564,30089.168600560522
23683,9441.263020094686
91889,24017.608783481566
25069,33065.18530748109
97314,9244.338674964776
81444,11151.231550994224
91132,17662.04142516956
20340,27272.935982591483
92398,12147.244642937985
13038,62116.70120664859
66778,23260.76914044981
61670,19598.87653171253
64370,16507.353687842195
53172,26189.48495572342
57299,7247.154950981154
20118,8942.593036820004
86221,14187.54081693076
96240,26426.40081189806
70562,19334.063042431135
62188,9902.325408402485
68301,20979.744291886705
85800,9945.252165556805
59638,10463.945713556426
28031,15182.599389608082
98728,10748.549458806252
67408,8777.682314188152
77830,9666.923933302962
54724,15568.522779185243
18096,14160.311969710241
70139,29229.632311827885
60279,7282.0367264833985
51145,23422.43732810077
66571,20893.77623224828
21200,2154.378116129392
27007,16041.233256809772
98702,25553.793896302803
89841,18476.361298494965
63276,25675.140207838966
96026,9524.407952945197
93151,10083.269900586289
37918,22676.70678880339
13649,19100.014803645732
59881,13097.062141851507
69434,14628.77135212941
76507,16603.00463666709
47965,12293.463094721785
83266,13349.58103342306
72720,19554.45858613043
31662,13217.738106072915
87347,24727.910392673977
96569,17746.21679776197
57873,13378.52738360662
56176,28254.93623459938
63574,7789.137185595833
11197,17872.10358804014
62489,8058.265334040008
32217,8630.284685480889
95396,9944.039454293626
10079,36965.411383721235
41586,35721.21571798106
80367,29818.197311925454
49035,5009.422390678381
50738,12526.33699967097
98428,9806.111173664449
97621,9135.442848811403
19001,38821.32140904857
21171,10410.558526222198
58596,7099.341129310122
88976,19497.73325362593
11592,21803.16694607827
42209,29529.965310739386
59688,11712.65041279203
78158,19542.823795317436
33426,10830.466396128362
22536,12090.397779294668
72235,24943.248009499126
57212,15532.634768419619
58925,11639.598855992612
29878,32279.649163366514
98491,1873.9769502230592
31237,8850.893696641102
19378,17713.464377937158
80187,66081.24212322688
79638,24320.25134707372
96453,11815.983302540437
21991,18281.65253687384
66647,15230.108592657603
22841,26136.024461573987
78066,18365.51250644288
85865,23104.67078854213
67834,25277.76256884105
44001,10723.23797163196
77115,12371.436893398066
37812,23652.427673301532
33299,14816.749187940899
44480,3090.519662607947
89258,10309.402085776048
55199,10992.604367513431
66283,16171.462466665076
73527,15274.276548585076
89456,11344.983828869295
81679,15048.907124445976
42570,17064.02382013448
21264,24799.808028894113
72877,13044.268554958542
52441,12085.058585171228
55163,18238.68159684245
25651,44954.61528045365
58697,9778.221216505077
31663,6581.670068614365
13995,16926.82281988115
82027,21063.046529832616
37790,8244.356294677
94828,9814.675744247896
51805,15786.771443530673
34349,26657.220036984854
81897,12529.660990349254
70901,10411.643021180513
13322,18278.8751709174
62849,25848.057326641745
34869,20209.47537203526
56131,12637.28402602211
99309,14930.465927260517
31623,20579.451843944647
55352,39104.64092827501
89621,30540.530669198517
58319,15209.621328072568
17147,11619.274119672067
31340,11132.125509069303
29138,12006.469406969894
34620,18106.545586780365
11107,29857.15006090384
39770,12816.09415906085
80217,46119.79145662763
61396,15100.178438887571
30904,19058.64070273665
10279,14182.365343908537
73345,17523.23845881341
38756,10236.001837131505
35873,7509.975991481027
73982,22582.376387625285
80486,15340.63009240162
26504,49533.50482485923
82466,9679.424050728896
42275,38932.369303344516
71342,6774.584544253252
53653,22049.003499954455
96468,10958.095144990824
52499,12685.048042725582
26044,8815.993569954284
64777,13949.50029749587
18689,28736.984170179312
14251,15701.752747626373
19458,34874.009493638936
74059,19115.631131409744
57247,6932.394103813591
24129,13201.185710276663
16312,18413.10790912863
40701,12147.481877289181
79547,24635.091257572796
72086,13933.719275510097
29779,3745.039820457445
53751,18956.50606015191
76557,16972.476184859017
99393,9636.967669853431
19952,19711.454206487917
24991,7686.528275527411
87173,30364.90335578299
74482,22828.211087642056
95465,12594.099580304746
67964,20186.89850739549
59745,36535.84256635235
24166,17671.205932093206
83616,7408.871446580155
36343,13079.520729845153
28949,27997.394225688586
70272,43669.89776769471
78756,7451.1941840364
12012,28773.97685235626
46835,9478.72957006705
24825,21694.356267546944
81936,15682.338961185855
24684,9080.347835494107
29071,24494.167833341533
22465,19154.00903263793
98094,36369.97393693203
21553,21064.446030960564
71045,27463.72213657706
46687,10160.386469100262
30099,26071.40335395925
76663,14596.804252514808
29934,5420.07582055258
20788,46308.36567063896
82192,12584.608230587797
55289,27731.956244033456
31378,15143.116880475362
38995,23200.212832510395
44142,18129.89180289235
38571,46868.48658178394
65971,16375.11962117866
84647,15399.985608475332
41567,23039.112030427663
77696,7688.824620220403
98728,23338.545757307424
73339,11135.570419752474
26241,16451.095579207828
92037,8541.386160982647
12012,16530.4577133877
92914,19371.82738743248
52775,17414.36672505197
14149,17981.37112140643
37505,21065.6648360399
63696,25589.016400737615
90202,20876.829878529512
44096,20902.51928604396
76600,9769.835869128838
55786,15252.311696380464
97531,14625.771311290295
20035,7685.762500500368
66213,9485.86386804871
17743,14688.043432281425
55422,18285.6760136769
87382,54498.03918506772
63276,33389.09996834753
22312,7264.067144415716
53380,19881.24105356477
64856,15799.401219195606
39680,20600.490018053642
85157,14733.983104166247
50114,10959.222144153355
81576,10874.948232133414
70934,14858.281771581771
91330,11075.298358792432
23915,15448.273441686973
15865,13309.569198370018
16685,29339.215414861952
16059,16222.207930319411
86012,28193.692625489104
17196,6801.776013058363
95711,25379.843136807638
27773,14659.326438634773
70757,17980.68064850305
85167,24768.420240374242
16667,8135.397423652315
79821,26854.60158045303
25863,9720.374017496346
94602,18224.294770532884
96040,19502.728611740415
61047,10993.899487993363
24356,17973.721784813955
22424,19624.704598955665
68109,20765.44223412476
14178,26977.51146456282
98091,5628.375445610862
88183,19104.740240638093
45858,25242.266478116027
42604,16200.400439017058
23986,18499.51888455852
89899,8913.25811375806
19524,27352.981078984256
39356,10023.212125380516
11358,15853.194052819284
40900,41990.79781443102
27683,4242.929024764828
17695,7540.543908165579
66337,21204.532822218593
56170,6689.63234118515
60209,15120.455394080802
17315,29696.21920645496
10164,7753.660946271164
71299,6601.327735350313
76567,10109.043131269764
70574,21604.66101408074
46808,11167.64733866864
28578,9605.667265601965
70180,27386.024828615795
12736,20176.237511693347
39943,4365.9028393479875
99637,10046.432262379887
34680,10856.976093457164
20400,11138.158227809603
68091,17094.48150617695
79003,20649.39769810833
99228,16932.424604470292
39123,13414.176389990022
46485,28651.41538805652
20265,8862.82891181396
50683,7475.53866516947
98069,23035.87636242998
80029,18153.265991403117
96670,23100.27538353448
70562,14089.64956872743
12991,18110.392997661176
92388,12206.432414623647
29890,11926.055922238578
81210,19422.329258842605
62489,16704.855532838676
61042,19906.52259692776
93759,7634.30234610821
47096,5791.062102636239
83239,21487.245880545168
17001,10498.849274944794
65578,23442.101363183865
45321,57187.445949561814
98796,22300.741957432536
78175,15634.169467641048
40345,9273.7110151672
12980,23505.069175909233
53300,49473.346563232146
80835,9991.86273148156
26388,11871.566550648018
65585,12732.16449445704
88802,5932.361392119141
54768,10857.039848628221
97679,15333.25615924778
25351,30693.484809694593
37717,15773.487896106628
29422,11334.833906128395
34038,20273.172374278216
55941,14919.041684925562
63470,25879.14332235398
60077,8856.618225605049
37429,11468.108589457366
46783,26966.49489090503
63732,39490.56139844029
73308,9408.30629061711
16903,26158.848667300816
93566,9402.849768831195
55825,27324.229776998895
66291,20471.87199557931
66870,27387.50821353963
26022,15353.957311370186
44144,18792.824145769344
47994,11315.226932198831
94276,35159.66022184972
52632,12398.629790717296
74840,10613.994644787015
10386,12712.78062122787
68625,15886.694787836546
46490,9282.570673641103
88392,32415.150966519264
52253,25947.80451104265
73804,28349.805808008117
50931,19883.577119459304
15223,16290.584907711629
99682,9934.124359457677
47567,8541.748531111327
96011,22023.05568657958
85147,18440.09062198186
68591,21625.109251157992
10427,19855.553061622875
60815,7449.122811135374
58386,16973.457566015615
15273,20522.35854406125
20919,57951.18681316343
20123,8977.53428669498
66671,9295.056375611382
94263,10244.354124342426
93425,5413.323786710711
90520,7116.750132672138
75916,9149.559306695475
72799,21442.647730402932
55738,23229.32113475442
12697,15386.518995944065
90656,12191.543702181189
82372,17221.1401455805
39065,10652.854973430407
39035,13461.479995869138
79605,16096.617027551665
89550,19180.97205330432
84651,13793.263586826597
63829,14010.458542521708
47957,16201.18549947682
45479,21183.356197841553
45394,12253.797894909107
99263,11316.403742802491
11369,10911.916370533962
33108,13267.860786922358
64425,10501.086646645263
45904,19313.006496840164
34210,21652.951734627273
95337,6819.125804209509
59966,19053.32593505409
77871,13487.836039804046
16140,17033.31975264616
36906,22352.45616650723
92129,16810.01952918991
43293,23889.463582746437
23629,15602.77105291321
18526,12227.38189009489
42945,19785.635406329835
20875,14672.373782021423
21999,6897.721156407724
91408,45325.309994889954
93704,27538.346484195106
13770,9955.519729532323
94613,21952.674009773535
26348,13463.881420868964
98270,6969.434259397942
12089,15178.252201541327
30550,15787.589550852119
40361,13908.57748794893
12859,21964.490462594542
13194,18380.000633227315
50082,23467.99913184964
19998,14665.732923443378
30210,9296.145451905018
91259,6747.475393168677
85600,14016.655130893769
49257,17895.726631619003
53070,9521.975649921325
61848,12593.491700434173
53888,28420.669753766655
46066,29481.431764520617
70928,7990.060366627982
66781,8926.946881668347
69023,14583.199173874249
56798,9699.739517683582
63345,21682.76885833349
82205,20532.888698294944
48184,11926.55896629568
75574,7748.208976578682
62634,11101.311184832635
99876,11303.163516710638
92707,31491.671959296506
88524,26232.817322316278
69933,27842.92282138615
13900,19348.88197391317
98503,20573.580417712736
72950,13801.63616677444
34882,21854.57507195544
28353,24919.487784003708
84931,38254.12596251598
50164,26796.98152790958
57936,54236.301768335165
51302,23127.518111865444
58612,13017.052575659844
24537,14107.587934285788
30028,9145.27795827185
51519,16058.097256541902
48761,16123.453179855413
96903,14859.525738271233
42463,13410.682349090563
96164,37188.87637712418
75193,50890.68580204669
29940,15129.956362782026
72047,6215.60866890847
92013,11923.159364516156
47799,18881.399540308623
81332,22725.271511966508
92233,20391.121295860874
41180,13660.674285501389
22880,24939.781307040583
11913,13457.42952899211
71978,16073.320678843822
70271,15762.857734916737
21339,10414.446285997332
66538,12192.313692054331
12014,14257.615173544433
39129,17492.637131309697
78906,24517.612477303905
61688,22302.815548166658
93771,12865.117715170027
84284,29870.65614197665
44863,10142.0158373427
77133,14146.385647294639
58031,10675.073552815076
61915,21560.781680561886
41615,29119.123779437592
84968,26654.850990418563
19394,3477.920419675751
32922,8723.702242292766
62803,10334.17930570553
41007,18365.49846697197
57285,5848.023020701923
57821,8485.526472547203
67146,23356.973360759974
13366,30392.593854888695
52409,9062.799576613012
86047,5952.008856487855
33844,10591.503186924254
18491,8725.64944875503
31661,11798.493095214872
38418,13500.89168385571
61214,17271.182718330838
29698,9495.260219689186
93880,17978.63704285076
32224,16627.416355579277
54694,12462.131273935245
58909,22321.014083371654
91914,14042.506575517436
98522,14889.676340765862
47634,13157.000449067866
25435,15520.422416115794
53403,16581.743620895268
86143,16489.265713907243
12658,16581.743620895268
28935,8615.593019557988
20232,22365.130352962955
94189,12760.58525192542
43805,14340.216190631445
25265,6574.690743036275
76064,10194.22851259794
38753,10073.702945823456
44296,8308.373164772614
49752,14647.6124844888
87947,28748.43839088777
35617,11830.132564519805
69919,21756.51475572354
88405,20740.02683523364
30683,9151.55291706724
94015,27216.51039832901
63491,11452.80917677982
95492,25436.409291070246
79478,7792.890797957783
51366,17042.944000612148
18898,25480.978566618494
37629,12711.251587411021
47674,20318.708113973837
74310,11633.006600181809
22177,7767.683673327218
14704,10115.294412668363
55590,22889.46568227242
85671,16391.686064768975
81551,6791.629727426873
37113,8791.962837067678
38853,13032.369731403918
53751,10305.741260204597
68401,2781.827343861276
28438,12146.012322587248
55259,10380.117392288503
76440,9631.94827176202
10276,22111.918125122244
55821,12966.102131019392
20992,7007.746226691095
12907,28764.85315194574
75101,18401.054598695915
84649,7370.105123171941
61289,22225.905258086226
86020,8882.953477990906
93487,21357.66922215176
49444,19855.578341630193
82655,7412.942323556983
22769,12296.994900486034
56729,22021.240917159856
56597,14930.037278274014
50511,54626.814824281784
49471,10321.84803447338
32213,5737.682807873058
12635,7782.916619041938
81899,12737.916627020099
35314,26354.474531097956
95778,11563.865046065679
85349,11134.153514822496
10928,10661.966893368812
22110,11542.83270046881
77555,9149.763643433114
96604,11663.346707011991
53261,19561.809121805618
65594,29448.93054656319
98831,10666.386562872696
81691,25499.471202987534
16706,15066.696753089846
42179,12997.448731344883
78477,18526.177233189
41599,6089.467135035626
37776,7906.226777548605
94606,22474.013375294326
43614,14967.085227837248
37312,7329.388295075449
37757,8490.10178443334
39284,14347.3948983022
86923,8694.124420469176
85890,17116.81712492716
32415,11921.975714076583
81623,5329.583492307953
11882,14478.018662451701
30902,20181.63386424318
32486,15715.917738167465
32194,14329.703176235058
13639,8854.415636564447
88621,11335.571507226721
87971,29852.94371046484
81125,13735.563568981532
85936,15697.509328780383
23527,10848.901477308478
72408,9888.157895218847
15671,21151.462939748963
48647,7371.0192901230075
89442,10238.329816398491
20035,18715.651840643925
81055,30245.616803284156
95040,9042.231137737224
84189,21291.769303290526
67964,12263.776276269273
30285,19982.74595066629
64210,25034.13948246073
32970,6197.031257449751
84352,14002.982880604552
70281,14372.349196730253
38144,26509.885246874182
50434,12192.756359094381
54501,8136.841111646883
57180,26418.59921581995
16742,20694.951444153186
70019,10888.261511211713
66332,8448.082465580983
19068,8762.287556959735
88988,11800.536840772322
42528,19235.416807896734
94596,8235.628435742434
65118,8192.357268294989
67824,21981.479989828928
59047,12126.992892317914
20382,19631.208387435512
89144,54075.0406315167
34002,5935.826565940502
43225,8072.7446999524855
51053,10500.14953499877
45378,25783.14031819883
22898,6989.334474845562
54579,30888.350317083667
76382,25058.81142839822
32631,26978.60496030902
96094,15076.709149953746
53465,8334.64786394772
50013,20640.813772743906
27881,27085.152365499624
84125,9672.281642922855
72040,14478.220846768676
56134,31580.79329007945
55684,8517.16200663162
39765,8094.743775336841
19744,37501.05593702388
54938,12666.042884159044
84642,5473.191264968249
55225,13871.767550645818
59145,11952.580785877894
67591,14483.649198496903
58751,19245.298115961967
20307,14565.96756229399
77380,12040.880060269075
59557,48781.94216107214
75356,18388.72453568696
89011,20997.917535355642
88971,27061.082346770705
56945,10539.267402832173
24037,7067.077765341677
43668,15985.1650380622
17683,8130.112716907108
69576,9843.388718068158
30322,19379.36782553467
40679,26864.256730494446
70962,25474.240924018795
74745,14160.723030783052
71971,12460.51861696989
63510,11145.309651214087
27171,21031.41519242282
74102,2347.6272721398655
25720,14633.666249028196
77254,18235.378157443825
68681,10681.098319891787
70853,25856.79894663511
36937,19588.78729367177
66139,11481.642680448967
69920,12565.520227345001
64321,14673.037851449682
65640,14048.043587505457
62545,16535.911094009352
10856,14770.148772887253
34846,14327.777512480321
90919,15235.01452768452
87337,13805.294952489205
94359,11353.522357733693
68043,12228.770236168482
21969,26057.223514064182
25484,11136.212591384425
67131,18672.822624169985
99278,7825.532808608981
81704,11219.8664248282
23118,10658.553446687827
40788,6775.569048599193
79926,14374.690978458912
63698,12573.254527218938
11809,12818.24763693462
50379,8870.601984594665
79950,13274.118496465706
78781,11438.18901873874
63241,18490.243265305715
67619,22364.934381143463
62934,21065.468804111275
92763,14415.951293548385
83190,21604.81784403227
12120,5381.9164088424095
16665,22548.518465699784
53803,8252.269715043652
89032,14693.913198156375
95987,11714.5549062139
66003,9957.496624364203
42484,17816.62094248148
31192,9876.418224457546
47717,10659.579304314879
51946,30499.276815839432
96033,9818.12982906626
98294,11773.685154909006
26829,28339.56368843734
52605,8543.44673842439
92695,10472.605282098817
32228,31497.02627876034
64570,10816.027478582768
79163,14455.15570849321
66486,29865.62229356421
24342,9232.261731100309
97640,10368.011778121405
23438,26611.462935619704
32839,9864.564769458782
60029,13045.571993538273
21024,9418.1287413499
33847,10940.222859291745
10370,33848.71092690844
67073,14230.314497441668
89744,19690.854228327167
59088,15149.47052090313
44027,10298.946309770481
42786,20024.470299644046
50484,23994.599073807967
57048,9866.788877865823
55617,8531.666199259598
55831,13625.610120584593
26030,7385.238201931374
23192,19532.036746673635
25503,12066.041772252833
91230,11929.39870663701
72652,19790.61898964643
42805,23348.643220683465
15761,14263.054909335024
25113,9976.198248076029
32609,21611.662576659284
89420,11185.154329036937
92163,24084.768836416933
40940,4820.157322460849
91916,9319.24202447489
22699,37783.84726630194
72880,21999.8914274239
84804,15253.254985043017
55089,18450.551235657433
65407,30670.67096494523
18728,15939.756734873343
99394,21563.707139399114
40434,13124.295673112523
30266,29180.34067850369
27365,9954.23958135046
66622,15391.214362622346
95823,13788.719391613333
46782,57323.53505076134
14314,8018.982431027962
69789,21747.40429015901
90163,19682.91873231952
40804,8849.475572217878
67712,13652.205707349985
20407,9917.288731411096
35883,10289.460572745204
60887,39938.20263517854
32920,8616.003964180216
36762,11178.343578157604
63763,23051.479088132575
92115,19904.58159819871
20983,14839.335468146455
55399,7378.453395005485
86940,55702.7673750765
85808,14077.360485598769
73996,6099.395164616049
67339,10512.04559329629
77733,13703.846234624962
21952,20279.651466552772
38138,12336.176345264648
96776,16379.773316189527
62086,9376.949752781555
14393,46704.70596975082
89576,50182.6716607946
99645,9926.400548372128
49817,16637.940981524785
76470,17503.67801607222
43650,14453.083935903287
23128,26434.204129626632
32244,7266.137256112133
42715,22240.79120548931
77570,8308.54347115296
83072,10865.38620715577
89666,18795.430327999773
27779,38835.32658873747
70910,16887.783061706148
33956,12966.102131019392
93663,8922.077908747458
74540,21389.341329222065
73382,7601.69155332632
99487,66570.84353893186
19543,16905.99869368392
11317,8837.539575316567
86535,9911.061846079936
59135,20048.95336189959
41925,9879.967756756872
76774,23496.51913445872
15161,15122.826526648663
32904,10136.634791673036
15824,11662.242459458574
39967,17967.450419109697
97146,19957.401642899655
69179,46576.52945321708
94375,6381.424398412551
10503,8182.791700658481
99904,30736.299554779813
89871,9037.835154369157
14590,22751.98490121528
59325,35211.18034461999
63968,21382.458394572197
21012,14177.497849561101
64373,10138.38576615935
45129,29872.08221184525
96170,3581.7142850999226
60085,29726.164616352813
27005,2951.3732209213995
11843,11860.244906483415
12614,30330.651233649507
42632,9739.711817201955
18113,9528.819843470379
59766,40487.88140892229
50556,27114.1529098743
40796,11387.582643454438
53244,9590.24009718365
51359,11540.928376429149
16224,15338.279923478036
47615,16739.932418440905
45633,20975.324642528867
20597,27849.1097361641
89597,6777.498395911123
67389,9002.492991706993
81936,7626.8359424231385
82814,15552.7208073595
76858,6039.014588292877
41459,13106.610799496006
94079,10627.861132722715
86219,10430.209419363815
57404,13961.409177584545
78695,28839.813175874013
35706,13344.269729218313
47177,7649.384676049816
80297,10275.014232214795
56447,28600.29210649938
22330,27313.846252494128
33049,9976.198248076029
16377,8828.586630053642
19940,20505.76647170738
26511,9549.704466037812
94064,8855.547556995967
52026,6880.823199892218
41951,10380.568675733524
68997,10472.261135403767
40203,22055.787120735615
65692,14132.127241051247
49327,22748.80358539548
59997,11647.512270852952
84027,4005.8274904635073
51911,9910.615673892093
68674,33560.63229343285
54036,15635.980153907873
74390,10856.951223422762
66835,6959.84656436642
48698,15709.930230368947
46866,19381.639365581817
73866,12066.885812638697
68155,19643.53480651504
55027,8431.715665335963
71736,12577.937135412343
57446,16550.130106986286
84495,20893.841039095074
21424,21294.654370228545
38273,7842.523560643605
86688,17680.03118295114
74121,12592.474353326932
24895,17214.91548333437
97190,6689.2247564608115
58638,24361.38359962521
28869,14782.827922296965
26599,20751.58181330341
60580,21923.653360249984
97924,19365.402441387127
65408,6808.904451649902
41286,19881.279035612883
35155,45053.28261859872
99906,11391.36185320007
79413,15641.128506795993
91567,10674.720092978281
55283,62499.86891847488
10460,18237.04039005669
11261,17798.835677465853
67905,15001.88598142569
89504,9826.719667471112
64745,7668.4680715735885
59897,21718.593134207702
25716,19167.58326349504
85491,25314.575366129437
60591,22879.623669093988
69691,22345.985641697906
47784,12795.717077563917
48613,10238.773468273683
62754,13298.36716347575
36567,8284.7953820069
86848,6657.499048381111
90246,8835.554371937404
21100,17897.4444981087
41822,41068.11372444741
81963,8295.946992565168
67458,37065.79130692246
45280,18425.69298600546
54775,7153.008939707121
42672,7182.457065744458
32081,9363.362619904157
78396,10479.451123405537
86723,14053.443900741746
76939,26726.524817549842
61779,14707.234113407734
65219,21622.489933129436
67750,15308.855633784211
91532,9131.32834506705
61696,13805.638499093597
50085,6420.300277156362
86012,4620.353157443244
36275,19033.706039165183
96086,9003.190645830595
98304,7707.645236812101
29250,22372.157614430776
50395,8386.872800664582
33012,6885.77580891047
68834,10871.848846398701
68518,10324.452112986706
23900,10740.080585068376
32021,13797.654622128175
30807,48680.886113959015
51114,9679.59311161315
66464,14899.676048371359
99682,22589.53633586564
28973,17282.80625468723
55072,11047.568578357814
48683,16186.908407494517
84571,24628.025673267544
51472,20687.75268676765
74362,10021.48517393328
32152,8933.864727836657
91740,9956.805115320298
22333,9063.652320706598
87374,5084.6694172016
14655,7863.49113427657
10317,6712.9092598257575
77444,17112.783813943086
60967,8860.558354822373
88130,10139.928718081072
93527,12239.994381424669
69241,13377.41294693536
19784,15394.79480936851
13540,26315.681820245478
11029,20243.63753091828
35213,8588.531711080892
60938,18570.634661075357
90450,17687.38586181674
46874,13962.231814047622
43228,10617.959275798934
49134,16996.720031114386
52064,10033.736705815083
66759,38625.85346315232
54114,7120.16833543885
10283,8186.120372181347
36239,5579.005905236225
30234,10600.33085844581
69348,21901.871222965987
83236,15740.716627793481
91878,7175.45427886779
88429,7738.213727855158
23037,17894.93187399215
93210,9946.360198407157
70077,21499.295371134693
72158,19620.29583724694
72266,10190.82021597489
29026,25526.237989617148
41790,27601.822274229104
17604,17333.792184110673
73903,23043.525169147142
77443,20300.074776158872
34952,22497.346296163134
79691,14774.460633409068
43052,18579.393538873497
82652,17150.72271997386
59587,15496.069624192565
67028,11234.12217120477
73051,31787.516935981515
15129,23707.230961632504
82901,9463.627354125738
50473,14520.499495634389
28585,21176.6798473331
21784,25956.409352298917
74166,28463.694260134638
50897,18814.9078172246
95979,12108.014040464932
19909,9848.505984514539
92488,15349.222378432441
37764,9089.030378311345
28091,11649.36561239519
39612,11635.657855642621
89124,17731.499109774963
55013,10232.760558910282
31300,14625.40006640755
46287,16483.557996181844
93148,11658.142406643557
80707,8345.096031936579
48921,44076.36831033172
78834,29557.895509434104
99318,11311.557671706225
28188,9152.405647726773
14265,10438.735533339728
41816,9114.539889630818
98060,16834.615822935608
31479,18619.07519431018
79091,26316.10249556219
41195,25135.542284283718
13883,5974.704728462084
19208,44719.53504267229
66690,25615.332254348607
98883,28812.499895211735
46000,2075.2852963444857
57135,26713.486145261784
77834,11891.38378171688
26493,6085.269946166793
29601,9586.56754087896
46563,9871.611608188514
30971,7011.507135158372
60814,46565.90906583587
41832,9690.254267378976
64712,11524.761576691957
27238,15461.266559189653
10375,12275.96920949174
25927,9586.08130707132
67509,34726.74523607874
42789,37768.67226057779
14407,23213.849032810962
63818,14981.905358093649
29652,7200.237261924793
32819,11079.124761097846
22950,9484.792582470222
45455,20076.32287249829
40591,10977.407748283753
78964,14338.101559222336
67719,37800.83567787084
20509,9666.602966448041
34043,16645.46976552993
66744,7261.193400803853
51312,21802.011205614064
47187,18480.59450030705
45581,30850.808411082086
62604,11019.88616325039
11468,13879.27047263004
43008,22531.812473956503
69408,14405.475841770707
71604,15428.277626862722
58594,6646.504262513787
79409,10771.844653049167
38653,16704.13577180982
89618,10025.257170125073
42882,10154.879977265286
53450,27220.49246972028
64576,13680.209387148663
19316,18055.855677837168
73448,11389.590490252816
69404,7508.79360923451
94915,13608.25740866965
12673,9489.46019728845
90906,12401.363016563355
81361,15604.930584748618
50227,17604.742331592304
88660,7600.362515491017
30774,23591.989593137616
41313,25810.033219230838
35912,17495.949145290495
63902,21522.162797097117
22915,9276.851264107823
35827,16299.399673620199
39948,11634.664831919079
28149,11501.076509229846
85538,10415.798642971467
18992,14513.141970445615
88249,10156.030207970241
47000,26760.36208982159
76110,14479.210245361726
44100,10724.737610928722
81447,20108.90912033394
17093,17473.0031998652
95843,27549.502715451883
92575,12726.784415970396
23612,18460.79690894721
35241,12000.335897213794
58803,8695.590672635692
88839,26793.502514632324
49579,12351.84302413488
50165,15929.100559558696
20156,18890.204247383914
41722,19123.72661354012
75429,6937.739790458512
30735,22228.71515446678
49122,10114.973430494378
46474,7217.276456960979
77085,7079.544962444246
64479,9869.389191367445
45072,6990.645782466665
10779,21912.955533649834
21338,11642.121961107454
71105,13079.102591521929
17591,28294.495134622564
25721,26537.599781477227
47993,15764.118016097906
32712,10610.30949751856
32333,6431.706201780551
15345,22176.94591143203
95137,12369.74533759004
64418,7483.103498043265
97116,1448.9160591780746
49887,28734.06101029365
81920,18214.267060269995
99632,10729.438743626792
23192,10110.727445909291
55922,33676.07265447956
71792,23733.502532593513
38082,7373.712879231603
45828,11138.422121396026
32250,15080.252457674844
65038,29450.515579914136
59177,19449.989444626353
91047,16750.935908734187
84627,34817.6802276172
23143,12129.721483119321
44378,24869.046445943262
26353,17704.66082350176
16140,26174.02525658386
50663,20012.37072517466
25680,22661.709707666116
11367,12184.109057086149
78297,13110.159117911162
46349,11250.46475040583
92366,8913.67532566172
57264,18649.328977097182
67909,15547.035623479389
53694,21782.64623786757
10198,19837.76670601281
31416,6998.522750353135
79745,13866.371484384432
90141,18618.291615306644
76140,19574.822936409906
34763,13392.283072340138
57583,12617.127493450527
56959,14354.712483705032
72266,7484.087164391865
15053,27765.313101228163
16285,10500.273041866527
93712,21626.162372010556
46099,18863.81322990837
66360,12229.6826419389
17322,9936.099858789454
93682,30697.881495607682
98009,7735.299331569815
20076,8721.70474615338
67845,13192.663773720878
59553,15249.667615067205
90212,8243.327898959751
51249,26865.604439320196
31024,29482.267395902636
46490,14009.047166214368
64010,11715.837650710233
76700,12657.885750785788
81681,11587.017909304743
37883,45008.392984834645
15074,12563.507093917486
28109,8323.502027018752
60359,15521.775074825717
98179,7944.7727545879825
19252,10991.386820666918
49380,14642.40114595821
47227,1211.588069063353
47630,20724.42949215602
33037,30407.405869093287
39598,20728.10914043785
87053,8380.118683070275
79333,13227.817180751113
19458,21651.15929009814
61774,13540.760479896442
76145,12874.016819825687
34318,9255.206521339347
56012,13905.695077700428
42286,10195.422360544848
66302,51863.91140692777
23578,7749.378531203443
53550,10432.964529121658
33471,21235.518869029405
93292,28588.68532043168
77253,7303.1754006034425
56712,13560.520170625447
73611,14933.251103529255
99954,26480.56895144213
17685,11973.917975634871
43606,11198.748216562502
19317,19565.27865739568
56361,3442.712266025457
64074,9845.626080112692
13892,12624.458606220809
60908,9142.866020853817
84544,54777.51128129115
35200,12918.069204818028
86193,7226.852431808107
14277,16009.64406793135
26478,13216.904078547323
55914,6409.658433847699
81525,17081.086435762863
46119,16884.01814035154
63818,11433.169552872088
39207,9167.090655108927
85403,14557.854604998955
60999,28059.66195732738
20245,23237.8148908697
60759,16524.940380529515
91782,13307.292802715074
67560,15968.403176400858
91024,11706.572962178485
85551,20486.66823363671
50217,20489.51983397706
25177,11513.713323600157
23362,14422.688121052593
60160,11137.19191723422
97532,9778.339617047943
21132,10646.574516980321
40168,39624.29208047372
64808,11231.53445812361
75434,24622.966203888645
79878,7318.978504113109
98647,20263.728946927404
51923,7653.030080638324
93261,11915.596671153196
28753,17891.722127458026
50210,16369.379519095843
78511,15515.131323856458
73568,17676.854829574335
82182,9848.505984514539
17039,22215.32264640802
77306,34666.851679701926
39204,13388.04753127164
40514,18508.71006570915
74737,14381.266464969967
82096,25093.115303994575
29325,15715.416198433793
45821,13270.409943378932
81413,15780.953076477732
76961,14149.518239494324
30326,12038.315151765983
78393,10266.807595178529
23268,11471.72028510083
80046,2945.152226464841
85259,16680.223160839214
55893,11684.404956527203
41016,19407.958580363065
22056,14661.014068183998
84022,4731.709754267797
78203,9466.803670161706
76472,13047.990164826948
63365,26675.036345586057
78823,10922.335513252645
16109,8835.761236964612
44401,16674.875153850437
98743,6768.053123692753
80070,8142.405868269219
82175,20958.053261321023
17645,22516.229190136128
32493,9152.508706049313
98790,26128.669451636415
42787,13093.978528213056
76717,9558.347073831825
91343,24521.69111199159
57030,8503.158493253288
25774,30638.31478573414
89274,13416.05860971886
50895,8778.974420767128
86750,14549.507904455135
77184,7336.273706319915
16505,7423.883898833394
41157,17250.432513555086
99642,14830.881213909524
42321,14634.40476117159
24849,16409.86211837217
58835,6287.054675326657
40833,10788.73328684883
88664,13583.323583892965
71529,11510.806120090556
38549,25288.51922943539
86828,23785.247496783482
65298,8479.83989188837
86134,5030.531837978115
40388,9853.085626617729
92517,13652.511178288036
37584,5969.83626605525
96361,26448.26210589244
32367,7464.57852910445
37364,13938.078540412362
44199,29010.995941966554
23279,22397.91884276907
63160,20946.593926304733
12574,20806.243472358736
74435,16182.304668927107
94516,4578.60772129519
42297,21470.397508217073
76776,13645.602041704802
10472,17581.9456035498
48140,11116.157803594295
39012,9568.682209554361
24572,27646.10466427604
71736,21363.430394193074
60027,11875.783075994217
56031,17039.80904669842
75642,12712.78062122787
17397,12001.995947333708
55456,7986.653625741123
52052,17070.56718178209
71097,22604.35629319303
90477,14132.596075450725
64677,9940.56887124011
32002,18115.751004894
16136,8345.096031936579
86383,8694.414346514659
66784,31812.58301704348
16662,11151.758648322539
96869,10958.19917201079
21670,2354.522120938642
79200,11031.639047343939
25927,12758.386528650164
82196,8714.495663622314
68736,10282.042910272441
51056,16786.586674703256
20811,19734.229555900965
53590,10131.460773583589
62028,9829.679938774952
24694,12786.13395945225
94625,6543.373234632192
83627,10799.497730480194
17599,8757.564581281858
15355,18454.337530861907
58531,17138.336856690716
51425,8735.579932101198
20075,17650.50212890594
96992,11138.19701442881
63459,15619.831916789388
30438,25144.10451434307
46431,32708.92506501704
87670,7858.477680293985
86931,18777.807786585327
47581,17337.446228440054
59181,30306.37872978774
81001,11860.505866194268
61546,9825.151000631162
30524,29702.72892537846
60938,21845.167792853266
81683,9414.402522800929
33320,7148.045026035828
16720,11585.695276292008
72520,10678.238503243632
67734,12594.21023820206
11495,11911.846646394235
47058,14196.615151504657
21234,8841.17586915251
48695,1251.1970563394552
96503,10644.128034398957
82884,25938.012197508004
48378,15397.678639869544
71662,12260.701624055637
84964,8184.458676726714
44540,7090.538030899728
76230,7501.448416467931
53030,11393.089813915776
51486,17474.766829475964
97218,47126.48589823046
97240,13899.295035244459
70707,13487.882633796778
35160,5925.539103897039
80135,8872.807978904175
58842,6725.738943577717
62087,13448.480058769703
16231,15697.259633952433
35848,16410.979609473583
55083,11626.12501223644
52140,9716.718852300557
97475,15635.603099871696
19035,21124.503720185374
50014,12512.947091139966
45189,9339.473429169968
28889,6548.533057464909
54433,18302.26247326873
23017,11632.773041850258
58279,28268.14492924071
68652,21123.57544628399
43446,15404.507946488255
27734,28930.66617621151
16211,23728.50629452209
16975,10345.855831273651
51889,24110.648584104914
38511,5866.990589626463
29659,10872.765137248633
54704,28710.35183308179
74701,20078.793402728494
83423,11249.846820898918
68765,29546.852454343214
46084,8842.328426452954
75383,13409.232470503499
48982,12574.062578203797
24916,13324.159452037475
30952,16681.3815301792
29212,13820.181879372602
45363,14520.169295480307
10038,16833.06479369306
84765,12157.795138958461
38853,12907.036983873977
17227,12068.565256716029
32209,9818.30467910795
29689,16945.944405418177
13296,8566.967274798075
51593,37960.78424307673
24400,29617.38952006652
13707,7644.778615674719
17747,18379.163657405035
29691,11936.871077030897
17052,16289.412859786622
23245,10627.4028307726
21404,17869.207740063277
74029,12021.1635468081
84924,13686.705973860735
53144,24655.54238146676
59503,42335.42026323757
25160,7327.0536317778715
67532,18969.85655269527
60902,21974.140462167124
40511,8945.632232411353
16774,10426.963614326012
71394,7569.931914503331
36766,14554.495154121225
17054,27214.368745063388
93871,22275.67877347487
21695,37018.89511404742
21536,11391.389486924856
50586,11578.798351870937
61122,18990.520104033803
94950,14443.774444018472
26034,16050.293037629659
37231,18761.226961879853
86058,5033.421870753191
70413,33802.44244148243
31487,5446.318885229923
67955,12999.30368058259
29748,13927.595919171372
81298,21385.097893695685
43176,8422.476675646656
98794,14030.694910299766
61523,12917.472563087991
98020,7481.686108553473
13114,19901.674577090285
51446,9149.004934500868
48757,9566.469633034376
47986,10157.250915197987
35140,24778.95249105148
94174,15601.781400493195
55455,8637.500424301803
18230,6348.39264219504
47811,6497.500565494234
44232,25269.454536442172
50946,9035.95606194901
71261,21803.363918459636
87548,13775.391812945134
78370,14286.00888608125
37899,23021.86581238277
17642,20093.766430448508
22175,16391.814976174348
26476,24285.654181733542
11644,6302.532302006946
81715,9581.655474879859
61200,73100.98495773962
54343,6291.791761002998
66987,12140.179288216888
77407,8964.997439190367
39416,25858.020597795163
18755,14902.816917523352
12350,12190.132648916522
89556,7881.795625976516
98459,29969.24944498053
91584,15358.060882782465
47702,13010.823733051096
28960,9662.914197920269
20584,13893.598450875175
67017,8961.70274510657
49858,20005.07909665568
92801,13701.580282321425
77255,7812.8232083451785
78404,17631.693315365646
49508,32146.729622247825
29597,12369.760730156366
61459,22576.42782049263
61719,17915.712043323125
87333,12678.405863894004
10824,14195.503616739727
93837,17869.236254023737
63741,9678.215994819537
84815,5818.098320085615
47573,15374.16217518837
83141,25372.84279640802
33173,4060.3011214921044
46043,22243.09027743929
18445,29329.19311599912
56375,10468.563240438456
53035,14229.68446526006
94543,9561.914137806794
57371,13106.038399485316
91378,18237.29826843905
57503,17080.119170672628
89974,19529.05856689455
15816,3445.981986125824
90077,28374.767234423744
38299,7407.078371908097
36458,24816.998259102686
22087,14015.50269040704
68654,7484.087164391865
57255,14882.52756300398
70419,32308.51054963743
96955,13570.45563038953
25574,106563.31049740018
92329,8891.355357743276
50599,13888.584300493163
45441,13841.764142338752
57775,12167.7611986479
95280,47513.02129186259
99382,26990.91887396656
46998,8108.107781920631
60103,19475.803147189465
17123,17989.375035145713
40162,18335.627907240723
62842,13434.192956615123
84780,17757.130321808523
38208,8314.96011820952
94066,5359.305205636265
87239,28641.985493069005
14125,10165.063068134667
63429,11903.35287396509
86279,10357.185277590688
23038,10156.838391374271
25971,32129.654532115906
23036,9929.93253181958
60327,27076.596536311976
54084,12146.613358351497
99528,12923.961808049477
95448,29040.070591002077
96230,11291.56416615429
53785,14856.244881484285
89593,12078.92145880852
78014,9514.266428026562
34336,15650.655670664988
37344,9789.134417025623
38922,16966.83374679755
36119,37853.26264262626
21136,9344.22688078483
98635,20544.12884867675
95561,15247.568646933132
65552,48289.333491578145
82957,18028.30872932292
87670,8728.594448218893
46944,13866.713016738759
71241,15857.142777286415
97504,6776.220282946337
38821,7739.29332660036
50956,17215.877125917923
47687,7350.02739651909
33641,9984.09827192788
89892,13666.350193314878
22938,12779.75081554065
70443,31288.406010591258
86319,20077.617045068328
52400,18075.3805375249
57632,12910.884213786601
63200,16532.772978719084
25568,21344.074499194612
94079,10762.771413294842
42985,11708.042067332412
36374,6638.337836127683
23678,35066.32308365317
84984,22426.506661522253
41584,18905.634594431587
81762,25846.741182553473
34720,11122.156569100436
25762,19545.029220370965
30815,10078.919937521081
30090,17087.934763934263
62917,22958.69182026448
50625,19436.453543556094
29405,16548.569163160337
45797,25801.46640995315
33302,11662.230630234742
61419,13181.045030456571
78652,14781.09608155628
74889,10664.992224030168
32532,13116.29702857718
83967,8756.693860007777
94234,9405.196385482865
14983,13056.888725142728
11941,18345.80259720142
49874,18993.757264615568
72372,26286.394777233705
28944,5184.62689537515
27731,17576.567029493708
44093,14024.325695329795
69848,29234.018082974377
40780,7483.103498043265
94705,8188.7464832462465
53796,6639.933127846609
32425,11990.349243024237
73735,13002.058967781435
45879,6397.605331383249
65155,21545.56954426251
72051,11763.909266457802
14247,6778.174790773632
31298,12347.397802949316
45766,15847.474038759152
30936,21582.770983423834
10998,11290.238367574264
87314,8278.361241178784
31548,24099.05470550575
20349,30495.16259712342
78138,9168.07511030974
92033,28671.8968639159
57337,13482.697685520696
85675,9952.367673071549
45217,9702.90311986781
86163,15349.971216430667
81807,11185.259958411563
77657,46298.28415489851
66351,21405.675935705993
61691,7296.993922765401
73435,16167.484964655465
22384,11463.380750257074
66645,12839.69030917346
30760,25625.70413844408
79338,13938.003562741847
50848,10755.755231885061
49340,12464.032513044338
44781,24570.08286320263
54246,13898.18853107284
19504,5311.331087619161
89089,10112.015215915599
51770,10814.749810374176
38699,9944.338214537938
12554,9748.395252421054
15137,5602.245323610865
62631,17993.411750767486
58289,9699.739517683582
82289,18345.529135866604
87378,15088.307886630933
99253,21517.038926738704
10990,12286.518255602885
32134,12434.391222909933
31516,8791.280762780934
94865,10770.09901669432
44756,15452.135335213945
71064,29444.90934088047
46939,24869.562811816468
19616,62024.35385743114
29321,9447.341427019275
18237,13486.8952935671
31463,9128.193097389048
37177,24712.40446321839
25357,18578.534840865235
83933,28988.65494735969
16506,18611.538827592936
17052,12837.818354390241
49482,12291.658302246968
48742,17495.816688395655
54237,20699.180189596478
45427,33727.93672100216
47996,38868.83723017742
11726,8815.346662403994
81496,22802.50571716844
95070,9165.570617301495
16743,22314.9101379779
88011,21965.5536167707
17975,20492.081911245496
84892,5146.223002909244
56079,42187.5826654935
63880,21519.52126552321
40166,16366.036111794778
33566,12170.309037816307
55607,9385.166934444733
99761,11551.788037535556
46551,13666.761455462536
54844,10520.479364582663
34685,21237.54890861112
46769,21437.608924593358
81551,20087.893474859557
45277,7304.753767465827
32120,18176.55091408364
45351,14692.225161817021
74776,34608.52913524355
64801,21436.73966802451
92435,11506.031807861928
37228,19115.22935779325
94273,16778.809302170113
38546,12887.793151998609
19967,21807.79323327448
81979,10453.314348339412
24657,30451.501039935065
36501,8804.768216289573
83157,15172.309814747827
38673,12815.816498524202
98316,9295.105475783788
22150,90370.21137326205
39018,13128.381929631698
28363,14591.689746656963
46229,18783.979244915976
53643,13589.520204187373
90047,12752.726405511436
79156,17137.535129846285
66515,10283.073549433466
98885,8871.635207979913
89782,11687.10264666394
69063,7569.824423455455
29163,15389.560816938254
68968,29083.34832134651
58001,15745.663919711487
32314,6044.942421943513
38407,16899.2872507156
91209,20809.114898084164
52466,19286.14332334161
83847,7711.529260063831
92596,7639.800169676197
55209,20719.014098606127
80208,10558.226166387603
66816,18285.09631685757
67429,13522.46156810387
83340,17014.600308416575
33390,12387.714422042867
97317,18378.743976377158
72764,15191.665579832652
51213,20205.27879327675
39165,11834.646470035099
58398,20466.066454075775
69985,7111.408157653588
48496,14785.28437855746
90487,11426.72548727033
83243,10281.29337594343
86864,13047.031698521383
11015,30989.891791373437
26008,6998.537962136506
33705,127096.17420048591
67820,15457.80387107361
16728,17826.100115056517
65377,17075.203434704483
89531,14418.367910612222
77366,20761.642743235072
34087,11504.751358405196
48442,21979.64218272054
95742,15762.857734916737
32612,9802.333271716754
39005,8318.892705526192
48831,18302.26247326873
21556,26396.494103331974
58865,11779.966646475037
56303,16929.408002049942
91575,11263.017018006074
86449,24924.908326295554
74423,24120.99966359582
85283,13642.829961784326
86236,7607.092912104328
86726,10167.035454228571
44302,32011.111187054703
88031,12158.873019334776
43640,26822.58259430505
69196,15832.724980769268
55455,12265.691425440498
81120,13327.50829380928
80310,29871.745860241706
26577,27899.85564920927
87534,17387.168050266064
78354,50123.92757089683
98103,8094.096502993923
47597,25556.049749801237
93770,12434.00022565856
37007,12034.724627845379
76708,10165.420577901546
96600,9078.55744510868
64307,54979.471974075714
63105,15415.21831921051
21369,18398.21891997667
50461,13341.395512348641
17403,27586.222299177003
15226,11087.253449953063
90697,5692.0944992927125
72113,18605.800056913966
65701,17603.364864100753
81234,22964.929024490462
10151,29934.82341293354
34037,22180.725690936575
16993,15006.198292005192
59469,9969.690717415266
87262,11642.724847449535
93315,15817.712331962013
70015,11990.258673517656
79446,11041.778927771917
61363,8711.624970237966
99340,24229.027699351966
48239,24026.469681384846
72115,7607.460867821612
60629,15916.51619450327
83944,28048.814124900666
44193,23328.28154091098
40886,11949.433679757545
18226,13106.201646784424
90658,43779.377515238186
67240,19766.98480967126
93741,11600.652013426154
38311,7132.113299421726
29792,13972.942904100732
88595,9904.890550699405
64714,14486.819044567663
24282,17132.994242901226
88896,20679.973457507083
68460,11353.615975506798
52811,12189.134776108509
31783,10124.508152164479
13519,22256.826369201866
60390,14169.19888539302
30670,25901.2031678711
83963,10006.143242890292
75327,21084.438559249138
89353,16870.79241201199
83575,4214.37400336537
12194,13578.849887595514
18255,18113.637970636602
22067,21474.090944255793
24498,17735.756570585792
97725,27156.989879061097
87338,18637.089407137475
49008,24146.095734270908
57271,27575.26214747394
55169,7275.764660311574
57289,10672.853877005666
41865,10149.674529037895
29844,6988.649163331545
51201,8129.350213313046
93902,8316.548165897519
15832,26276.026874937685
75262,19536.683199544826
15780,18796.167324836664
31837,11172.90075730873
94289,26844.84167270437
43861,18788.393317948343
68091,7296.24983997368
44615,30015.08340728157
93638,18937.753798163452
41173,11350.09476976106
51425,31344.671936671686
79042,64953.25930784491
14968,38207.466945471926
45040,19567.647632236298
96815,10631.478874276301
79114,12423.522678815709
40958,44604.91179714445
28826,6508.7542816930945
50576,22033.48733435451
76975,14855.105004338018
42682,18844.83824890147
87635,24052.45160435228
14476,9166.881669025945
19383,42576.69436731818
49423,6712.950420889856
82328,17593.32543160688
36724,29864.479961862613
37120,8331.724034892673
90122,15606.648739340728
26797,31343.135963035704
44015,12814.388075388488
47184,18756.897534205054
49711,17371.02799929053
59262,11687.088379787783
73940,6799.829178998993
49301,21528.17191438868
30508,12935.241660767437
75820,19675.422028843386
27435,12066.448061507
78479,8946.971378548753
65834,13739.742642438003
80763,11492.679002206369
32343,15490.515374692171
76179,37388.58052055393
35733,15452.709813310521
60945,19465.46518399731
83747,9152.69842944609
13646,15339.579123569429
27094,22297.528050534384
13265,12650.110358451007
89396,7049.507310815492
80634,11162.518183498189
73607,10547.239233826152
25733,6568.038644708062
69155,9432.571628236152
47696,20880.53251012424
26480,10528.656369338718
19097,11136.459709927858
32996,15411.330470470291
94042,35140.819963156086
26112,11970.099543133429
52470,22461.960367634238
77919,21621.358355078533
51799,18401.758446560412
48510,7598.736119326817
84852,21055.71104565433
17955,22653.805617701477
23640,26922.678979824203
11298,34394.80641432757
38017,13807.149577740212
68431,14112.883692403484
77188,49533.50482485923
57033,9151.55291706724
52241,16814.42840182501
43183,41954.1756527135
10224,8736.854825514274
14950,5923.60646467546
86924,16587.592187053906
19235,13968.315545081052
68794,10959.222144153355
32575,26410.02182772525
28402,21540.831830237752
51482,21068.82202690398
60898,8245.360130760908
42431,14270.540111595226
57493,6393.910697543302
80329,24088.125703304217
50720,14990.802338902875
50633,19520.690779887816
83212,11813.227320546208
61889,3531.6325969986137
37743,23785.532985396745
18828,9239.325850999161
42682,7144.536017390703
28149,16983.916820159087
95313,18443.525602499205
23615,12527.97442431984
56940,7684.533659345421
18885,10603.028025854202
53901,18472.438819967807
80338,9353.809960575902
16742,28326.918032417158
45463,19636.45040421414
88474,16721.85545633113
81993,13794.103225807332
84076,5776.270442159863
44842,29167.088708579584
44325,9655.392278431535
84072,15702.272482239588
44415,13407.20222803835
88856,8841.17586915251
31063,8811.616044521053
11159,29903.813624283233
27327,13796.308312892186
45386,39501.927224656574
98325,5825.953633329869
41278,18925.53046416601
84857,9760.642800817133
79287,17293.87537921967
95776,13144.783708816973
86433,10529.820929585054
68201,10463.637638755132
68865,34844.633050814664
62894,12139.5959918608
12893,9424.00406312459
50766,55571.592618435694
95824,7128.890944321356
73399,18319.7205328105
42383,6670.4849705902525
93207,22219.177004656543
67620,10205.413105134614
41721,25381.92617684388
23403,23647.37703867305
17072,27324.480036664943
69600,29558.78248641592
17527,11804.265656131847
71674,19698.325376498215
92943,20220.54859105141
54306,26830.493895043
19558,12985.937280483555
60025,24609.01421768452
37062,9318.064490415509
43853,40836.46040996787
25976,8873.327379868186
76658,10958.378837056365
39371,14087.162438320338
10459,19802.72746442104
64016,10458.906087382984
17369,3677.832735328713
24096,25308.466573218044
27700,12536.203304033912
11382,9606.994717303327
43532,12929.020901696422
85416,14974.125175440451
58518,13146.698974610705
16377,11646.27577031187
97316,13039.422158297892
40960,14796.896318107243
61445,12123.192948236832
39139,31889.63451531816
72147,12163.878833643976
58677,14682.237529179238
19066,14660.895461432778
81657,9614.35589948592
74639,15861.854442046246
52793,14851.278603146291
52755,11784.157212136866
59903,11539.111272241056
89473,4744.504474559442
77029,14542.305289010343
33394,29139.562135981345
83183,7768.0887307445955
62369,21276.78377053227
65470,13933.203289406763
55195,18939.078892424397
88923,9346.428305077445
58794,9986.831086843695
99783,23191.59591361816
44714,17992.863607289582
78337,10008.184214547919
16041,14668.329608693824
47309,15666.90511258476
55483,11152.635418487822
65678,58844.898189351035
60411,16920.963781247217
39685,32884.601395287114
77288,7788.805441994145
72971,13705.873671501835
89879,20045.923017239096
88718,11092.12389156565
82494,10413.898615590853
67166,8333.781704333122
87302,12902.469976216104
43455,8420.844966958812
59111,22728.569302323325
92843,16666.937811296983
15972,12095.715748449737
71311,10298.723040008466
73494,27979.073318806655
51215,15871.098993625963
64267,25025.172101745815
90026,13352.299238187637
61808,26220.07632754586
75584,40824.654811508284
92589,15865.5130861508
12201,36358.724367915536
24980,7375.757528503578
53877,9851.372465902848
20422,28764.253364920172
47020,6323.5664440557575
80611,24768.420240374242
41838,9750.972449011142
46593,12528.594508819526
67659,10767.729124410718
65373,13086.127470866453
58939,22201.114190001914
10608,27145.81023453569
71755,28794.80213151328
41151,10777.925554638248
89532,10303.04652995819
40260,29547.792814726705
41242,26659.064884065185
38005,27334.474588287434
91792,19887.09628597826
78270,12271.296284688906
50090,10179.09057909853
34902,11599.9188715399
86477,22810.102257550243
25850,16069.100166725777
43340,12174.290188018625
45867,7764.761051223735
67330,12872.571388325216
66888,23306.699319105464
64830,11847.916560574382
43719,13456.191938978553
83972,7763.046029771485
33978,16259.010287757163
84477,12879.443703861069
25347,24076.688109820225
99484,15195.180700488434
10990,20695.298016764307
46560,32776.68703863754
39886,5227.355334060934
10239,14333.648732593458
17095,17233.896085993725
37991,19930.03418998993
99950,12841.502063449014
44790,20118.104881929587
23989,7509.975991481027
96128,9201.490718969042
30665,6969.514238594478
59827,7793.413848534876
16439,26146.091965203243
16581,1212.6820051544419
50726,13113.645277097728
86302,14024.509692146512
99454,8078.145344813529
69563,12595.469339218256
44628,13818.481152585173
68044,45686.973436996734
16367,28796.102259586994
37164,41650.68786788582
22795,32063.853830558546
35201,5594.025890761741
29537,13539.30060652642
78479,19597.42239437818
47090,19070.133787515344
76079,2426.40071313125
93516,14058.53871467597
18341,25012.568485139665
95477,7589.987550165539
42100,19355.35072710147
19027,4233.81237928247
77649,28352.361955191867
71681,17435.74609283334
57163,10497.336331147953
72982,20631.072593366578
27672,10700.295612467464
71382,22035.953542001604
38183,22726.73359684492
66526,9414.402522800929
94904,4789.460475818258
15740,32030.69234155019
79090,15191.213855854468
78760,18065.068425172474
26853,10954.861069940294
63382,20588.019777563
34498,8832.365481175762
69047,30438.4093200388
51212,15007.616195036007
62324,46179.22238884736
79054,8384.203304438506
67421,20715.921548472306
12198,12842.179569912023
66786,28022.193499187844
43076,17944.316941798457
90814,18797.36081056427
67692,5881.560011110681
16766,9349.396159771204
80479,12345.13785450045
43537,19854.489950043335
14720,9553.037781033378
30051,10621.107137442148
68339,16428.53095527108
33747,21751.64413332835
32778,26952.08239796049
90477,23674.362877808515
37254,15533.120607048975
33667,13660.649043165808
19146,13328.030978606064
20850,30649.660022502852
20754,11948.259123226846
78502,12791.659419933894
85847,19819.92474186098
40791,11835.303548628453
50043,11156.073579140084
63273,27536.291855621224
93510,11989.052140995445
96133,22397.752274919832
56914,6826.7148743726775
96631,4115.799007249056
18831,14371.321288323852
29288,9463.549982550168
64194,28657.008164973107
91187,17499.407953761234
97329,11022.294999416798
68217,28661.49200031708
88803,8268.797082649318
54991,1392.5554039751223
74521,25433.776773771788
66502,24941.435673440308
43284,9082.633566046188
88204,9565.710987817063
37572,21591.523798129412
67536,17137.255625838643
32816,24254.47816225326
77267,9941.99280953396
22422,11504.230645396074
93034,7881.496240250772
88685,11542.104569230654
66551,9941.050331944596
16754,5559.94107220546
68518,7535.921660571044
48802,29408.87534971044
30380,17868.20210815515
30975,15025.032091401266
86440,23802.34874898577
41198,14804.57343689781
31526,25808.880247269866
48164,16229.73426024783
32896,11219.361244796557
49152,12796.276100576659
87490,13713.848584778421
82679,13234.794865803224
42382,34015.58420138199
34947,9276.704632845576
54388,32614.59317242477
93336,2955.3265906062243
71220,22470.86894808356
71204,19325.716663736748
81802,11639.598855992612
15200,16327.001799599904
66989,23264.57899905331
98321,21997.803219192607
30283,12737.645650901126
87762,10398.672518344003
33798,55133.505962834104
74154,17636.511603498697
41934,18271.131870411675
80358,16492.250432066212
79548,28362.012938187345
45948,3756.736512855765
17925,31090.70029276359
29830,11088.741484828899
26780,22275.168022868835
17855,18732.93862185322
82757,30144.240620124925
17466,25441.607503711537
80916,12446.614326270463
72900,8974.596257514046
79478,34519.59097843705
36277,33424.45074110829
59704,8605.0052989752
64705,8163.644416088649
72193,33279.39213114637
64549,44103.53190630967
54057,17771.515537060786
13662,12173.77314205864
61668,24244.743448855254
89681,30713.26428463887
87516,9624.739725983156
28413,22282.108275160666
49958,16143.328498750245
54977,12887.258111854426
16016,15080.577725209472
48168,9874.781304747798
63039,17964.98039293596
76313,34479.43081373292
31152,10059.443706171352
52397,20420.649351990607
13824,11811.525218846848
74261,21639.692687807998
22381,18770.085791417423
32610,15504.112505684414
87933,20400.531797248033
62657,12108.950740185148
26966,32110.678665094736
16396,12628.802352450399
37310,15265.302918169149
41450,16974.00040926286
15044,19742.09968068419
41275,17071.45376882663
48281,42559.74089766033
94890,13875.325949996746
73655,18047.60769357935
84115,9163.234421902438
29906,7953.473266403016
90950,7629.029313407293
23761,12432.510977068845
24329,17571.166046982136
72878,9940.648713235034
77284,22378.275494457288
28907,8903.422121633332
10116,12532.282342010634
74165,29793.0287534874
55062,16386.373994663143
99467,17218.32733671106
74798,15617.282127417116
42019,7246.416511858666
91411,29201.692783245533
41990,17040.565081659435
18489,15845.6322738376
23853,13648.005652301412
23329,10287.70430657338
89398,16666.210816334104
50640,15119.007121304789
97173,21414.665930778385
54705,24554.45525091626
52499,31124.14375427551
53040,9151.812291959934
15902,44885.67418362011
85535,8093.324569674229
52932,12846.956316684118
80397,20072.33475839114
19887,41216.41909537537
11988,7690.030296120825
62663,25190.566915439318
49983,27652.074017371422
27370,13736.358329009618
69091,3315.683006432624
62500,21987.935853440977
33163,12805.913922767435
94087,12817.133355436337
18738,21894.232263516893
42701,26121.22930973736
95059,14222.389055778085
75633,13746.084712031512
74899,35140.819963156086
38688,7283.333359955994
52300,24175.02625101287
29960,13546.5561688595
42511,7990.060366627982
79024,7506.745141225256
63817,20768.381209236988
84147,9411.385391727083
18124,10606.885776962426
39473,13533.148844268982
63975,21388.967169683583
78385,20848.141482996445
21575,19478.995742378327
52232,7553.355123650772
34160,18104.46117528434
57492,12024.786710897948
46415,15405.707257180438
73559,7959.510632390924
19923,12725.722930805676
63035,11481.642680448967
50015,38482.563187222615
97634,8317.969826404496
34363,11730.855282180664
57159,3797.7011521280438
41118,10340.739290766292
59745,11734.90758836902
98297,11450.44377328295
32169,15091.822436918266
81732,49104.7388835823
96379,14562.735839180252
54869,20662.104966728653
54101,12504.131600876237
78524,9719.827300880635
25202,5484.090137368617
84446,30730.210318812406
66823,16292.911344642549
38921,13784.899695717326
30038,19884.932736403047
69406,20339.83708664503
31816,32221.902905382303
93546,13299.420088149864
21558,32774.025788022875
65276,6029.449368733407
71425,7448.048876370782
13624,13408.838722815908
83713,15059.45525631255
84348,18466.525101185274
98678,33029.07548018171
71949,20711.449454006757
27516,30388.751027168466
63599,12900.06114566396
21272,17200.022010556848
70652,15890.073904582368
96375,21684.524090894534
68849,12722.616789940877
50576,16125.832985073606
32672,8337.637687115433
84238,15157.181380472168
98440,11387.77149602491
21424,10928.204454382329
33823,12938.629539500716
88339,9213.518060414752
42519,28523.76198660394
72291,16690.92464849758
91036,23602.48609800909
45022,7840.553740646032
34085,19568.563844536195
22674,51808.265201894494
48948,18623.798427526563
20672,13794.416777603046
11924,9484.186306429256
93547,13003.40973864996
10933,26174.02525658386
68183,29999.7678275445
43540,11291.124835888575
90833,7533.945629365537
65342,8634.222521229936
94911,6289.294934245911
90503,7119.397850001938
74610,7960.82938454451
11188,20347.93266470581
84935,9843.415035341353
49553,14819.78279501671
24580,18835.500371608465
39278,27605.64364334577
45506,9952.08744556589
27037,9122.04872585203
11219,9116.361513315045
36794,19270.05190846073
42134,8579.099583649522
80761,14245.110645725443
44199,12337.241720473077
36763,10068.218844418192
32962,12023.595748304564
92818,23611.765787651366
37515,45163.003254166484
28895,10445.471783566472
74840,18664.098104011024
26230,20286.52187746306
61207,17397.611359114428
15679,4637.639535166176
69218,6104.018330154477
29680,11178.774301183923
41054,24803.60201071009
99966,13409.789219214399
62942,24240.615286264023
66180,23764.161376307824
68825,15060.521325588154
16226,33302.04233611708
59681,17379.590507880224
83985,34546.26135584882
83054,15612.560526892725
50203,7906.962932782997
71181,12682.880566383321
39012,17273.073546706546
31218,27322.012988805523
63269,9952.293816581452
97074,25801.612112709554
56316,8736.135018273832
25428,15004.776846778486
83320,6783.709838078361
24548,11041.433399911592
97971,5159.069237767171
34391,11511.818806397428
52768,30455.72302289857
97180,11149.211653942148
74298,12903.314055303505
74087,10021.336277512346
10353,67832.92672375467
62630,8929.118692799391
24572,25538.329046583436
38525,11786.73051957256
32065,24969.677561116958
99990,26595.75461603218
64429,7645.90852947681
10548,28936.73390219098
45264,17389.74710091951
65232,13606.703768845506
67148,19454.668573855637
73413,17478.457605416574
62364,12237.600031332671
83004,10541.354801443604
72557,14922.314245937161
28780,8987.425628844358
32118,15860.598309941743
35516,8426.269630936482
45047,41048.22411661157
57857,16808.89368666558
91544,12924.027713167654
42583,10738.884975877303
71074,10038.978063953356
42222,12580.804424061935
48030,9644.632046743936
11704,14445.585504695446
76864,24999.592871844263
16007,21923.136033450304
62405,11675.833549996987
98575,26723.11346447876
26753,23444.803702487916
63931,12752.968243528994
84359,32059.44682083426
25480,8260.141581288968
97204,10940.103877989168
81089,12960.579472466135
89865,15840.096496304348
38194,25419.926067224784
23597,23402.596005695836
96396,11531.811651186297
58299,10631.393833720369
59838,16851.22888429952
85245,28670.724876260116
97111,39461.33796753276
66557,24707.60947002847
86018,8190.198451458646
59088,8844.701515602794
68560,9167.090655108927
93627,25266.362714906194
70151,7872.160804593759
13629,33114.181650903185
72337,23490.639945902807
82933,27538.67865567041
11270,25878.424732980777
87139,11147.144489434173
93336,19407.53680042838
11175,11443.276772530786
46433,14672.357164679002
44113,19942.478494038343
35233,15980.74606480861
11818,12945.372399710875
15768,13414.480249265991
68325,54681.76212419188
69598,12556.744611665228
61248,23560.86747915758
65851,12712.78062122787
13180,25248.690241764376
21937,19886.207511312216
71129,10990.266362256736
26541,8734.376798556366
17706,10612.861098537702
62652,15170.629942101003
51706,14637.741785309569
94897,10419.14496131177
24238,29692.739645071226
71266,6478.740864816393
50620,9553.209765186342
31862,11202.182180823715
65932,10322.286250515337
42603,25784.592183801564
44873,12253.797894909107
13385,20732.78853810472
95882,27676.11391864194
43073,52612.49809972625
62882,9824.671606878805
88201,33095.57528140125
21401,7160.140221734162
35181,10555.215117237021
40419,22330.85179705437
23824,7937.476189379224
62530,28740.615740075336
32827,13201.682903159153
81740,21136.653731020328
42123,21040.673901972164
92198,28169.177503717234
84070,14898.879715957746
24979,10142.429959456338
66120,20127.34514592543
80665,22270.120778319666
83362,12851.930561101723
14487,16909.273711237005
77351,25061.453077284128
82624,9172.909719084419
57754,10360.614452334717
66194,9152.72394671925
91955,23336.427786618064
78619,20252.060226932972
54415,7794.457850466519
16657,6894.541364842624
53144,9461.64182979504
31296,30556.3454520838
34415,15761.701683822806
17115,23167.3178895501
23597,18515.48088597432
75813,13106.62086893658
17157,9517.62468547721
61148,32740.18987640922
18017,12240.016633967261
93567,9411.090487778823
76087,11465.578611050427
74092,27701.07945676779
72979,19290.732357026107
21252,21311.380351877542
31567,9293.927435518164
21167,8949.849725304346
16273,26286.853262402532
89112,5734.231959150869
85366,18521.732510693706
60296,12537.22342506129
41167,13084.266726514701
53155,32232.619149026898
14135,41063.12706647036
20957,8360.64973927692
17337,10839.530573090622
63722,14447.077752465619
36284,6220.244639304625
87378,7716.630623482142
38724,18645.003495403085
44186,9425.234645798133
47412,9942.244297655243
45403,17740.381390296923
55843,36292.67197486011
13068,9145.868231967663
79149,9864.233958114128
68606,5096.937574100122
91819,22940.33031101292
81440,23365.674839258667
86490,14124.92473954191
50875,28445.440149814094
94171,18505.817455351484
38856,36617.43247531068
46074,9970.62708633722
16327,15668.546067848907
81541,14481.387529809288
16657,11576.975253356115
96565,21484.633739439956
51744,40515.300117564344
98734,18640.746947381173
47078,15544.274235925534
59585,19582.961424365923
84073,36970.53015217035
87822,13036.978922163935
75178,10546.904664885798
45196,23030.858332122043
10314,32567.24908949389
83915,11900.056368023143
50456,10722.484756630945
47924,16526.77623124889
99452,25626.443598306978
18645,25115.69636320395
91769,12782.246052073036
76220,26396.494103331974
36529,23759.318842855595
51663,12621.602758192705
43114,12380.198470452586
17149,23324.101326725133
17138,24559.10093235558
15118,2570.661204327811
57054,13016.943322154002
92577,14470.503527504326
83835,6849.901480971925
52049,10492.114089958322
72162,7777.828474306896
31011,25223.20083350887
28567,8582.034317421829
21091,14281.866633458672
11241,6721.834682782766
98278,17580.080785491667
44993,23272.0595405099
40482,27852.83290903614
62709,23286.97990966908
51556,13462.118299752334
87495,22388.404992931835
64119,21900.29127003735
58443,12375.633266203284
97406,33807.99030766988
61344,14765.165962321726
23724,22437.659009295177
84020,12783.572309757288
75451,4872.812570029244
37095,11343.14947814064
38797,17085.700391140108
26107,25948.113842318948
42841,9761.828943708764
36738,8604.327005489613
75271,31784.418114814936
48456,10909.8486236651
15819,13259.321276233679
82997,25114.308148835393
63291,26994.834400192303
66283,20118.00499362827
29026,30669.661874149642
74098,37012.57324850415
43033,6803.672114603234
79289,35388.97114101414
39303,7106.854446083516
70758,8979.960099171905
57931,6065.589121750041
33629,16518.890021315063
15540,46849.495951289326
86544,8707.79471568461
11081,20633.511250841548
37841,4108.365858933876
59094,10771.031890053666
77129,11887.774918888193
28266,21948.113849125642
45084,12118.983148941628
11517,15743.088444617548
89259,9132.57025677274
85068,23009.732555094266
82047,12280.69250975543
69441,17541.48054931714
99897,30108.5300621798
12206,12727.66818212569
65027,16832.50644390379
25933,12630.659697878518
97040,17038.32818638557
44389,8601.860704967317
78510,9180.120309373968
10740,8908.224508209656
25305,12650.264110924123
85038,30544.857644852666
65864,12032.68970831038
31800,9098.084844048153
53016,7729.932399150635
82568,13748.66539398168
35603,21878.39927858437
90984,24682.61440968961
58190,19259.008736791304
48135,51972.040161488636
12550,10886.377048734535
50292,5752.103998607659
20809,12906.938547485042
39861,18129.136986309346
11042,9292.446752671687
18384,32302.568739244965
16980,9924.479742450518
89135,40031.465496718185
89101,10029.015121354283
10139,8836.766166577676
83835,20478.754235285913
71334,21818.640569387044
50047,11684.406305558583
14025,14779.066535320022
59072,20232.11608838018
99175,8918.881759745525
63501,14468.853570426087
26193,21290.524507769296
92907,10931.805198468153
16471,21052.54168183633
68871,15027.094583947232
77921,24528.990094804158
65935,13944.909739709907
80072,46647.998357113465
91326,22224.87492129187
27781,13741.16976679749
70862,9567.970372502867
31399,9393.602575283756
52647,19842.641606588557
56848,21403.71139467438
76886,15070.907201023318
52628,22935.625274193022
78050,16874.301472102085
45248,23265.87490959248
24840,8076.50236824752
84346,18704.579169815435
50197,9061.383863518015
15816,38945.20884879977
36690,16203.019992349353
10917,1439.3957593745072
44168,18406.375254787094
28927,20631.837990728054
21656,18023.9463666547
87516,24648.251178198003
66876,7980.129881221852
72024,8716.126696135514
49655,25040.880998562418
96520,13180.226922588043
33834,10977.407748283753
95188,23471.060855434695
28110,18308.87110459566
34777,14170.588594475345
44293,17948.263744300817
48172,3133.739642689752
96422,5655.712546677665
56114,6260.4543176450625
50738,16189.294274450329
85967,20655.041830069873
79089,9991.390618538699
29175,7041.9625706855695
68296,14792.046283705931
91760,31626.382472954247
74740,8951.327418498748
28772,10686.24174923584
35720,15399.369670089753
49825,12400.142465703611
30568,11091.04390672399
49699,6445.034926666745
17321,8983.583308867552
30285,22630.757643158253
84096,8979.551178015685
69740,26139.15495127588
15905,12501.501464823707
66359,4440.070741779124
22501,5085.250469241189
45326,10706.609749188437
54424,25985.05306170112
99067,14115.242001701983
76356,28194.715717382314
80781,9955.721281952352
60523,14027.086833664676
99754,19618.589565850223
82353,13544.962593735414
91312,10078.919937521081
59643,20014.053169513198
48591,8711.89669282006
28909,18006.998007976388
79514,15493.618262113807
59283,23556.281918879322
43646,12734.975045661995
58306,26851.870099069973
86806,20230.88013010347
54311,33723.99116609942
79073,12201.129200137977
41423,8833.920969484174
18131,19448.718779425377
59797,11602.888522306328
20437,34948.955612113
32125,17325.326190128304
67705,47597.54856719541
76189,6298.785894697976
46785,5266.534659330648
41439,40927.89352855446
28443,11402.693074210794
41662,4563.801902896634
46727,30517.199031776127
94563,14304.330884476403
10555,11935.202362296755
18561,22635.786098387274
45549,13567.729011836325
22837,14651.240720108482
15803,16049.265514120056
20250,31330.60845553004
89770,36885.81025057142
73747,8310.557144394255
26875,11412.248982379751
60392,10780.71290458081
89089,15057.604172202362
86499,10450.230736185978
77167,11420.513320813454
58755,27062.817007939695
34263,11674.154034581104
60557,18511.79478693892
14251,57522.90790156561
20843,9378.04539883293
61677,15980.573168454384
18130,11596.3042459992
95141,18098.450478709725
92401,21702.25809584487
57198,25691.481168198516
49408,16300.822986830768
20964,26608.476882312036
98882,30834.061569808757
96007,116914.60624082662
20905,10154.445315772145
91938,11269.426756547296
64707,20430.881037330204
82975,15868.807565894149
84526,14889.182090583356
63708,19373.183066320533
49079,25501.354951251837
74675,6951.343224857072
44546,22016.106842219986
46541,18735.809996347645
36419,8903.476300866098
64337,45262.81274595542
98675,24182.254584070906
64852,27155.42034713916
54701,24993.285651603648
89995,10930.20550889129
37887,7819.473638410716
27634,13299.420088149864
79841,12748.55542660696
53091,10850.981393298549
47351,4575.994935958046
22511,28238.712432815686
89355,15543.776608443264
52170,18810.561758776537
79914,17506.300822026966
75885,13263.459833982202
86169,21971.90805078767
12328,55775.306302396595
41533,6576.125590442831
34508,10206.764925355936
69414,19028.196153227902
40217,19285.50402902033
60537,23442.101363183865
13794,18029.672032250208
10233,30866.37802579109
37467,14711.59446935674
45086,12116.790118643126
66892,25983.749672801663
75525,19430.007829553942
20326,6177.285649219772
21662,11499.869451403802
93417,10412.943994172278
50773,21119.289709473553
99901,11119.104125001719
36042,8869.623184222375
49156,9495.192625992211
37124,15552.921937906078
49373,6993.665754347916
55709,9334.993488395288
97312,18373.762574492495
74255,26265.632118052297
84269,15968.576277682758
78022,22386.120574509325
92784,19826.74601083382
78610,7135.530572309541
11280,14208.992322948505
84952,9090.879832433715
34601,10353.815820379808
36712,9138.470715817373
34033,10969.374813174909
66332,14579.222406889472
75466,27541.74286613964
35905,13110.024638378201
37216,21872.644662690916
84487,11512.069794630012
86523,21206.771386070322
59908,21510.740472592835
57170,4249.954136209666
97289,13178.182904741367
80043,8797.300176671677
79689,41050.96126648464
28360,22196.546167851222
64452,8063.747656318235
64809,21488.24656042193
93915,28327.15401167397
77638,26790.74790655993
24926,10536.73927174252
86352,14638.961164042797
52792,15622.645806552699
21270,20716.391234209284
36806,9902.416091023328
55406,14140.864674458997
88529,9563.15809087209
71691,19186.578529939183
38338,11296.853890115002
35213,16572.187333278052
39883,19306.188563033276
57052,27976.56169709859
11599,11209.483083007843
75633,7959.510632390924
41324,6030.877015776292
71525,8009.55494100296
58168,8408.885432875772
54660,12376.152399619037
23302,9629.433662238476
88281,5280.873040553062
32073,9580.726515003458
49826,33446.664275570496
88978,22726.88806678828
57575,9077.137204290753
59797,11954.571296740618
21782,18929.487146354768
69812,10295.707690411957
27080,19337.6087260976
86049,22389.863284712315
93069,19250.118164531425
72170,7688.707381152428
85417,10844.264648737391
17272,16491.054265699764
93281,11670.921940160548
48481,14383.285615733967
92069,31737.185505538335
24387,7084.887884863414
39477,9544.274871594644
56027,11590.150129578717
92485,7589.929331823927
94353,31823.492276269906
14900,21887.28862702781
34759,7754.901768269414
49670,17140.096717923087
77709,9354.592761365184
23874,10277.468138959302
63185,39167.85013966402
13199,18788.538170518128
21891,13658.622634481622
56091,13602.784365522753
67514,8650.218291583242
52386,6553.87251175872
32688,21554.50290264997
41041,12268.166988880486
37258,9705.88993948466
64858,8065.908250908826
46446,9592.129259631478
58843,16116.027604472678
80626,9704.002816114671
23454,12295.0621415376
81454,5544.674751085666
95018,23537.688900202356
84551,13581.759956497091
74350,10751.043338559732
75199,6013.304103905155
32175,48588.85216702036
42742,9756.006818111866
81610,11004.682550821604
47675,8224.153560389115
36276,17476.676192515013
46720,11933.401907805877
34236,17505.174022451007
68663,41673.42624585161
99237,20835.055493285217
18261,15488.046046648165
20897,13542.517817395132
40528,14308.386866106906
96460,8337.668205441016
23172,10642.371218727214
80989,14329.576336370013
95307,9034.794393553653
53532,15539.737239725213
76511,16112.31926150214
57112,10874.179805538884
64202,45977.34177569112
13825,10412.634532358554
56227,18560.616773699043
21544,15061.152978032562
91661,14436.598326277406
55116,26058.102350910507
22085,26857.66710510831
45559,8990.21822227036
63629,15721.163106233587
66253,8959.994553731989
30426,14303.665978495155
81664,54366.59071882793
85645,19197.69198867227
29174,19158.90157358492
53576,32991.42405066197
43574,12301.826058533361
39890,14187.644204604505
91406,23839.00103979832
28163,10484.383419566673
15796,20613.015325802084
13973,9635.46874723688
93762,7748.982139695783
12566,12490.19604132566
38822,10459.110087718038
60512,19045.9100983324
12649,11441.988671892239
36480,5048.560535148574
76222,16443.554217875862
27793,48468.796371918
19204,22695.603237021423
94692,7596.27911451189
83791,31183.28833042202
39033,9955.519729532323
22940,18310.268406334668
86995,9716.73976013544
68674,11848.494072082174
74898,10205.13525302874
86449,3883.979265266371
61610,11284.660901703255
51907,14026.730014131095
35073,10316.267787154895
27102,19525.45955997281
78911,5046.019255881221
79968,15747.11976784433
17607,7593.049570853847
92760,22189.602144774708
58611,13999.448809463262
50203,10087.46513923673
25717,20013.13332791294
65509,10690.480721787455
10086,26828.71586132997
65921,27174.66375187088
88757,11664.207920251
41057,25348.785836211748
99143,14077.867425900458
21484,30296.941063655853
39603,21605.604505180327
39963,5237.926392052903
28855,23660.231977677722
92319,7205.400304123617
88854,11208.817193747542
91401,16073.029635635326
18595,21526.207121267482
87187,14305.074125599094
43505,20679.017314080775
54667,21370.861423002796
15114,8068.633907433083
43915,9872.564513559697
16795,18468.551290706208
25805,15243.347326814048
13574,10825.480305500138
39027,7441.769441870141
19348,15063.50735011484
64479,9997.85025242653
65154,7926.475266005089
31851,19308.384282953528
96373,34071.03670072726
27484,14286.130129168001
99781,34231.54505083785
10135,7612.0353336615735
76291,19508.594390177765
13653,17785.89755602982
63511,14716.565735924161
71915,10594.303466061323
68553,20318.391957503503
50863,11777.998796460346
74338,13437.866999035925
76556,13163.550106330002
36540,9827.553493673455
26706,17323.744318381585
78136,10300.166948681823
65320,8401.991413938544
68369,16146.208679615182
68629,18763.29690181218
48306,11508.225562622702
55336,9613.806472618753
37328,9347.23558401547
84526,13626.25191570491
24933,8418.17867022941
90940,9963.955811478892
68061,20838.420741643145
77957,17685.24111940781
84598,10412.943994172278
40213,14879.964470978819
76930,27369.003687637814
19457,24915.258625731338
49779,4514.49010248706
85625,5784.942848232213
12220,30569.903865511904
15490,10436.10860804727
46114,30457.321432325683
91425,24592.830801430806
62420,20122.174340995873
47750,18876.13686817084
35007,5669.1116079888925
58841,9088.55155465338
30999,14767.856395660603
95820,11529.134247564913
20209,10002.729818798898
88863,12899.594472802139
58917,17702.261244784902
35450,23537.427303312943
16548,25806.673477688513
42201,6667.543751412271
33684,10211.420118837095
60661,6343.213899752187
76580,16351.890844751673
63870,9943.778152133924
84994,11130.246497564982
33391,30090.434155786534
87117,8161.651459784805
20196,19790.472006376574
60639,8497.486533363255
97325,19292.713425457325
77305,20504.431468579234
29813,26050.386734498403
24880,7948.06666080721
73331,25630.93202504835
41144,6714.416090891358
85063,8716.621814176266
70587,15255.412254950592
55524,37323.58924861954
13525,7111.727470058711
90369,27468.091254380306
27686,17148.164840916994
47974,4893.797445670938
40290,13241.3741636604
31780,18048.565731857965
20522,16837.291345625235
69177,11955.701728040262
44355,11596.222048450807
60954,16114.535217822651
75881,13266.250389518267
91052,22285.83434807999
63116,10875.932257830918
84577,45414.65311885813
16482,24000.978914423198
61418,6854.157943431514
94640,19124.257353506644
79692,46147.895399358684
48411,28065.01404175823
59545,15574.076874469923
46311,10168.976619566696
52870,17551.230914363106
79162,30062.052966620402
73589,16991.43666823457
79741,16025.352254627542
80165,12798.01706126426
83549,10573.96009421015
59090,23409.084803631355
47260,10610.8741800713
26638,18157.7628178406
32847,48153.717248629924
52622,22227.037730049742
12230,19924.074849918386
52692,17725.413893889963
71744,18205.88780281446
12209,12085.554955029615
19298,15283.316013075335
63745,9551.593377273844
62487,7355.022512934123
43700,18148.978822266952
70450,9465.40972508769
76614,13807.19127276913
96268,18259.17449732787
94365,8235.712414084897
68190,18049.0937609564
14214,5925.679824593182
76181,18451.41690223276
71077,23536.05599449583
21102,11764.474478684422
70143,17489.454958139224
13583,10152.51188346383
20595,17015.800100052547
73841,10937.64875852178
56073,27572.982789793088
32531,22439.000347887024
69981,22576.4060651127
37806,9194.788424798098
71894,29652.470823793432
61199,5557.033973833028
23838,26813.99599070427
68610,13273.227297826266
64797,10422.01220606946
55368,11040.387504191585
14870,27012.232927169476
86847,9326.596517242873
68127,14724.53530278695
44331,7617.849866095667
80743,12392.30861881213
78942,29009.041297256445
22396,31672.313569270467
49297,12197.435912215617
48788,8325.36278256188
10233,33274.6740101826
70395,13757.04598437465
53760,26418.20551644839
99657,13641.43954433461
77805,10674.912191564179
12867,14232.011089455113
89244,17971.64205295412
21014,11805.566874646449
65736,10859.85460506744
42071,18311.088618338043
49784,54135.17368204213
26547,19740.346470433084
63780,11206.582316091291
32984,34022.74894210067
21829,9221.981051138726
85549,7309.7591104920375
95371,8967.0500234273
71118,16199.18361312323
61983,12804.631234291628
35454,18760.106186162273
13809,9646.947370299178
41214,8742.25782561635
24429,23652.860778496488
71621,12973.839768826218
24849,54394.188229900115
82470,7752.413491412954
74927,26455.77955959589
59455,17000.849657282877
22601,6525.643208984913
95100,21279.72383139554
14089,12165.281853856646
47724,12879.449466502387
46766,16032.51803962772
34463,14218.188485611896
68568,29794.11854437603
78374,18891.99121748139
30672,6935.472293055416
65596,5854.826477241539
42379,21216.081262338364
82687,14241.01313316997
44069,13162.001002581648
51604,16026.365457854014
97310,16114.336224795394
74385,6638.042830190772
92103,10515.78321904039
11334,11404.51913826502
15783,18450.11532551392
65582,19283.858825810286
72089,25086.57708154696
25360,24487.67526306232
97860,8153.20179462253
29859,11748.273775939964
41136,28186.43413747624
42432,5402.319383932936
51696,13347.765934006142
60995,18481.434518639213
18098,23289.118941058587
65292,6682.662942893625
40214,16313.986156516174
63028,11333.176861224281
42246,13308.275593844013
37564,20421.05962927532
26804,7370.441971304528
78555,15728.68257747581
42491,14233.59535154637
29966,24229.437742847018
70378,10630.921096317823
96453,10100.240426088498
51371,12101.530847945105
52081,13061.699908397677
47797,19620.560031575285
98556,10780.761536863329
85069,41729.52855718098
63182,11222.267726275084
34074,24887.680460296797
38616,18415.4582499824
10426,9624.566184935382
30189,25751.07542876087
35864,8964.675249895223
39543,16600.26292346901
88425,14222.28126577601
12752,8052.443048418983
24874,41327.288161411365
34388,9367.259990212746
34408,10231.566923581053
62805,10280.705972600921
85854,16167.61849115858
28886,13526.102367914353
54355,9340.57913344657
81355,24505.39996424273
40609,8759.713162761178
22015,38099.43175643256
13499,10139.194066028156
36117,6932.433890643693
63821,12777.531738468384
86022,25640.496014970573
27822,7147.757833684715
13682,13771.752581164414
92082,14015.024096953863
54759,12486.389472242434
12821,9946.080754138555
95543,11685.022284486919
84917,8663.02150199278
90905,15634.874006391812
39607,7707.937105293033
91495,23646.913254570594
49229,16571.483377225097
98842,16400.084144598146
77232,13390.373593558832
60053,14997.556611838778
34979,25863.05606534962
55317,8332.730837045514
13226,50774.55636139828
21959,18966.187157743818
76840,41057.1962313549
79033,16004.779774743063
30839,9825.207027820972
12380,18591.914338771694
12814,21432.467026828377
55886,11470.039899531681
95740,8962.272925237758
17730,10923.033025167988
52345,10718.938387764842
84124,10689.630582008493
58637,11958.853728083799
61645,35837.120576628484
54161,16636.729442644682
55292,9399.801107086623
34055,19501.688184268995
91665,16872.66205198422
29847,23601.538329611532
72006,7640.1058330087835
12081,22360.285571717424
93728,28672.40900452818
23667,9665.894916119247
77583,19611.146407444594
10809,22839.179947164397
82453,28591.361763001554
54850,27984.77601205238
59616,9144.61245459012
52070,8232.465434223785
19236,22789.218456713133
81565,16198.282526927116
10688,8603.066272679716
11851,14429.111290040284
36670,14129.298366656214
51641,11385.410212604562
72696,26704.60122732965
43099,9901.319279402982
45163,16857.826145974534
96220,19024.67952785249
34632,7464.3628768776125
47283,10005.1745968492
52799,10909.680131541325
93908,13804.070403188063
51769,15445.90590325232
94992,10594.262714755241
99139,21975.40147686807
34086,9885.470814884475
89572,11020.972382651998
60687,29193.70429777448
25482,20926.879345599053
78349,13226.568561476273
12815,9955.519729532323
52126,1150.689154971884
93927,17320.487360317384
49162,14088.948680872561
38148,15686.517289644482
26487,7865.269094002719
91096,15957.250736999644
82262,22021.80517231478
63025,14454.2923035116
54779,10265.48057013109
82442,14350.066857629205
79729,22375.101835882895
18784,18004.030323032563
54773,18519.773387858677
50277,16159.59397530209
22022,8335.54577325871
57209,39394.01073643543
98581,21142.134605877018
88564,9921.754693879691
90945,12607.123699647986
52649,25454.787436260758
36272,12147.343039400548
84795,26050.40675279318
96062,4458.312662568998
12205,53450.50432127751
49707,9603.842911615897
97063,27598.672529878342
58248,31170.85326305553
64567,48576.00686082728
46518,12253.255347250482
52660,10202.099495578943
72917,7155.492887045317
99412,30179.189677031714
28136,7235.7514888591995
96519,14603.241538860562
57209,21430.271978197732
16735,26345.19008207548
70411,15447.109297922847
64780,12358.957467098568
39980,23427.04357817938
99159,9723.966150893335
92500,9920.5653307948
97215,35540.876281942255
72303,19066.476641232723
66151,13124.074927390287
48179,28881.769923487773
34721,18395.88705563053
26917,9006.720788954692
48285,10795.606012213764
47879,24762.53532404366
17977,29936.670570597627
70687,28613.494237455823
46281,7636.399859318184
77028,8904.846007011245
19871,8636.732984656577
68101,21194.3697272491
68958,28097.17947650869
46418,9402.137619029649
52247,13973.844379253078
83325,15148.574010601773
59308,31198.614926904855
26732,41602.49046988276
24403,15489.702088914339
61596,43536.09342489789
14367,13858.863564171625
83640,14810.208726804338
11982,2205.9737796186873
34350,14560.003019924176
22360,28392.978239108234
21480,11619.274119672067
54963,30768.59792322605
45857,32919.04515363292
90581,32150.651449822166
46839,34555.34111410091
15687,11320.492877554625
55972,21552.886928631444
87733,18792.824145769344
48418,7502.661740246129
36399,9052.425255403614
99506,28653.149642469045
45328,7609.86760145211
81699,16810.614683317872
73801,7297.512886150735
86249,16325.643043984346
23991,6915.731464476203
31461,16483.359141289966
34108,11110.768037909624
13739,11869.061380696527
71018,15099.126680142817
17205,16012.766653468503
68059,1691.7190581660489
92606,10640.719981908993
35035,9865.879941045485
46214,15760.451947529844
82303,4903.213586404399
43293,25583.550722147927
38745,12779.07517588765
46640,8983.559108193716
37619,8737.546248763338
78463,5426.7060510566225
62588,20607.38820158097
65474,9459.13093138426
42873,17783.616192457823
57230,5936.294125671178
97216,25129.299574429315
26806,19838.22375689747
94693,15381.93042821823
89078,24363.42652085562
67280,11323.402507806535
20075,9102.094245520566
75831,11674.82277075898
15432,26531.484862126017
76430,35178.319709950934
90416,12807.116979264254
65796,13709.831351694207
62688,16459.191521329776
52616,14801.843633926155
32935,17359.095518627557
13791,21167.143874386467
62350,30995.232296249873
99817,6270.078942970204
69265,13526.13974010455
41608,10239.174675701746
15805,15862.622755298627
63744,17454.35018274582
26855,24089.10699682085
10130,19317.794725969838
70579,49044.46993210718
38423,13616.212494173513
72417,12103.724755911633
39556,11314.624091439653
91716,5129.941797558244
29990,3802.9174445742883
53443,22856.4488793095
29782,5953.152397317348
80986,31928.554572657704
13458,11717.039141232519
96993,24672.859830141788
43124,25406.690306591117
36905,18188.690584585504
61777,22248.48726814119
