id,price
69940,21087.764
44315,15357.815
41540,12015.835
18443,15976.656
52142,19669.184
65709,5494.0747
62910,10708.5
99776,10363.265
40708,22856.115
96765,28846.201
52928,9369.977
40021,14506.05
98392,17649.473
86830,14957.349
94536,15723.276
93193,10133.525
87617,20030.805
14801,22445.35
15013,18114.12
52883,26062.094
31734,5122.601
65314,21604.164
71105,7948.5786
59591,12521.576
89037,15977.166
56374,19560.781
13524,13347.692
84388,11315.939
79884,16143.168
72954,28565.027
75216,7953.668
33383,14277.339
29832,9959.438
33110,13246.286
70848,10830.522
40932,10699.745
87246,8498.747
61012,20940.895
37025,8039.263
12342,21304.807
85804,41565.35
48587,7460.4814
99950,15716.325
42232,8505.593
12686,11364.877
63871,12124.761
81844,16367.34
88383,15382.941
89574,10107.685
97473,11383.329
11330,13666.107
74308,24340.045
83311,12573.893
36292,8293.436
31986,7606.9697
69741,13671.403
22310,19108.55
21914,15639.644
14486,11599.488
75307,24102.783
10168,8297.789
37138,9102.474
57002,25043.947
85835,2034.1505
10668,6222.9727
90081,23404.62
65847,9844.48
22979,16250.665
69310,9602.282
41517,18110.791
69132,52680.19
47563,10329.489
86660,28121.73
64128,25777.717
67422,27977.496
98124,14115.3955
18716,8639.642
76451,30220.945
88649,15562.715
18356,17441.334
73489,9992.676
29677,10583.67
44876,7045.7363
39387,9627.841
38073,16534.121
16652,9720.49
14345,18810.703
70100,10577.926
56901,7653.863
20308,11671.417
12175,13777.954
78409,16317.562
57549,13190.7295
83980,22057.35
96598,8850.295
93646,22446.164
46784,7669.2046
88737,20153.25
86329,15482.568
97535,24393.02
74164,11969.137
65037,11590.302
52209,9424.778
90068,10555.25
42009,22718.742
70225,27967.25
67116,15764.182
71383,22208.164
13156,14531.158
57482,29194.893
18641,13529.085
30157,15350.552
97855,10146.421
55725,10750.136
51606,10419.521
17807,11627.889
59471,12964.979
39498,20880.266
74952,9625.682
18020,18674.14
13002,32544.475
82584,10757.86
33723,7732.2314
60037,18359.627
59808,20638.268
71923,18452.715
13700,16685.271
81982,13109.118
26604,15590.654
44791,10095.676
59947,13810.972
98567,13009.804
13654,46908.133
79635,14831.28
24896,14291.474
75023,13721.568
73525,13749.97
41802,10468.249
49119,18892.115
90004,8977.757
58374,33570.56
32982,12019.345
85362,30590.166
36714,10016.757
47488,15673.983
13391,9559.939
62562,10064.883
71354,8528.667
33838,7805.6953
37113,35623.676
60685,24493.53
90305,29989.303
57840,9768.136
12533,11468.077
87220,10717.737
85707,18066.94
67188,6593.939
67526,30035.068
82173,11292.028
10028,27790.496
29227,24492.762
71559,48305.973
75351,10846.307
35024,7716.037
39671,17938.36
29011,23120.955
80147,28184.602
77822,34417.723
54226,15662.699
89363,9261.117
71874,14045.851
49545,6859.391
36573,10397.006
37027,19711.25
91881,32482.71
43573,9061.428
48741,22417.38
71831,10562.22
81312,21727.486
27547,22645.127
88427,44260.992
64335,17416.133
79054,20412.318
50871,19752.238
15182,7829.1494
47192,39052.74
25758,12283.244
48511,14975.6875
57461,14601.488
73725,19028.84
50606,25836.434
25775,18833.176
26012,46039.387
22477,8264.711
70020,18869.158
33259,12291.993
79174,12549.84
81929,26334.574
62233,18725.53
44238,10312.022
45847,34745.867
95500,12595.393
96022,9466.75
57832,5557.123
65914,20441.146
11411,39002.875
50662,11796.585
29286,9967.206
60058,17180.033
98901,14377.978
25919,16399.865
53646,16512.412
89713,13353.258
80385,9350.116
90811,10062.172
29937,12232.486
67575,10165.692
20241,36161.62
93242,60803.633
77743,15065.62
95982,7191.162
13869,10694.154
34720,14422.729
81331,20127.646
72543,16857.773
46183,11123.386
20715,10088.408
16461,6745.89
77698,9753.818
18448,11716.184
58364,14358.02
20578,14327.204
94094,24767.467
99948,7282.402
89282,16604.213
86237,21527.777
85402,13607.829
19564,26292.781
49203,9623.721
48850,21867.31
98654,11398.661
27873,11435.895
20134,13380.323
23656,39034.074
91926,19854.21
54462,6290.37
41117,10386.978
50736,5885.432
81768,10240.52
89839,11239.659
63930,11880.928
33616,17211.703
57073,15763.156
17133,24828.07
34064,12648.41
89184,31219.11
24862,13705.857
46350,9507.012
46627,29220.25
66117,22421.342
55256,11673.68
64494,10447.215
92553,29707.654
54552,12849.891
22491,7436.0576
77198,16701.154
51564,42105.2
53053,17306.88
46709,8268.314
79606,7276.872
14870,8591.818
24715,11021.118
73402,15068.445
13691,21862.344
75970,10310.292
74793,13685.85
16372,36865.35
34479,27634.93
87225,15673.508
19843,13717.148
90996,9485.273
48805,17000.379
43365,14150.308
62917,13623.57
37081,23776.193
60913,25051.762
25748,10072.017
59143,21217.285
70647,27313.865
91234,18666.33
17287,13845.628
66682,18083.084
86204,20173.674
90052,8591.143
79376,24286.309
55167,10549.146
99018,5510.252
84513,15363.859
99514,9726.918
94202,9227.632
24990,13394.77
72968,11413.487
68910,23289.547
68051,10231.734
55410,6259.047
72869,12800.957
41420,13248.995
31232,13187.432
74172,10172.412
52728,12277.892
49583,17696.244
28445,8370.666
46437,11893.395
15708,8982.347
94086,27502.207
68573,21953.576
49124,10361.365
13202,19857.043
68694,27364.55
80695,11117.567
55560,11317.714
84885,11758.718
63064,23055.52
53294,21376.615
18134,17573.678
54401,5553.3457
92045,23372.6
62754,12395.677
90605,29326.787
40201,16205.371
63127,6232.8047
66369,21140.89
53553,8950.245
97912,25080.018
25720,8736.643
54997,13225.256
71633,11803.747
19423,30433.701
58286,36500.676
33230,13240.215
29493,18827.65
60688,27525.434
76567,8170.8613
69619,9051.203
17887,17154.658
57519,16012.33
29747,6470.946
13252,14705.026
12577,6969.214
35708,37078.973
97240,5067.8125
42203,10914.277
96265,14496.528
89879,15847.818
42421,12481.55
15183,29117.016
25095,22202.38
13007,19786.328
82862,15694.732
72457,15490.294
15331,8866.98
76766,26328.47
62881,30169.406
11978,34187.91
48345,7946.9116
26072,11044.864
46315,7145.461
17733,23903.02
47176,18016.01
50753,19614.455
78438,12240.919
95090,15363.62
12058,13712.473
70723,21249.176
89022,9528.211
44333,11728.754
55967,10812.245
65125,23583.955
68975,16516.307
52199,6315.227
51032,14393.326
92212,29350.697
97887,9980.521
70580,11310.52
22936,11392.584
95296,7053.991
47899,15051.133
18441,59240.742
22585,24757.045
20392,6984.856
90775,29841.791
50896,54711.543
60044,17028.09
84935,17528.924
78641,12807.863
77261,5013.908
39800,25581.408
40129,19409.33
88929,21435.96
80046,20680.691
80919,28314.367
94888,10435.201
88007,8169.399
83274,25981.621
49434,25634.486
77163,13585.233
15890,22789.28
30859,20937.742
70789,7364.2456
77125,19096.693
23659,18731.857
80082,5553.5044
62110,27870.328
25363,9160.816
52159,14773.528
18896,26117.467
24553,21427.809
45104,12506.484
25303,3464.4678
29558,21296.258
92473,13867.666
37928,9812.483
23735,26013.71
97888,11415.232
87143,26637.58
54564,28195.002
33888,14334.063
53563,6224.156
53908,12277.973
92267,13716.584
68305,21980.002
29046,17852.775
10968,12957.979
14949,8566.19
46196,13476.404
59677,8210.08
91751,12955.08
96127,5793.9
86202,17703.45
62365,22577.236
98433,11686.967
63777,28383.383
77004,6560.7563
58998,29605.172
36749,19871.637
73866,8265.332
42087,7261.5503
64753,9738.659
41518,11828.396
87161,9736.256
74276,7737.6235
84189,10134.36
41159,14993.783
26544,28418.717
75614,30747.248
63483,7863.4316
23312,31480.094
30316,21563.73
14218,16408.75
97278,18976.816
57582,43948.145
45302,18866.268
10393,12668.037
64953,9857.131
83566,16250.726
23933,23140.84
50614,9036.583
40468,9105.166
73865,28371.393
99318,19487.502
61043,9906.134
32189,17075.39
90045,18288.727
18576,8978.976
91000,11484.189
34168,16798.906
60545,12077.765
60278,24110.682
45185,20455.322
73472,46957.938
36328,10510.797
16809,8767.374
14188,9448.089
40401,11067.149
24444,13933.239
38995,17056.045
97585,10944.746
89040,20627.014
99398,15972.626
81882,22572.049
34509,8962.699
54482,3061.4211
17298,10653.23
39845,12196.091
24760,12012.473
22624,16528.975
83822,17140.11
88935,13574.131
95520,8660.156
65289,16020.162
34936,10717.633
81412,15008.544
53092,22024.275
91725,6255.478
95533,4497.223
66575,12827.165
58002,9151.491
63834,24846.287
31477,13006.727
98572,8449.788
77073,32811.152
35583,17755.006
55938,7898.2515
53949,7101.794
76332,30478.977
48743,10356.152
67252,14921.17
39802,31403.71
36730,11649.017
85019,11843.33
85572,14047.284
38872,18345.527
16773,16302.589
85889,10427.6
62004,17110.814
68732,14156.96
80633,11028.891
77593,10246.669
19513,13011.718
29964,21071.564
21065,5400.463
56655,13907.623
20374,23175.748
22039,27484.209
32180,11270.684
11725,33387.78
58293,30730.045
77697,9284.955
16786,28295.424
34460,24772.494
39026,10279.072
14472,18056.229
82748,12909.399
26879,11663.953
42889,16675.928
35896,10099.953
99462,26703.613
93680,41811.633
99447,13822.918
68768,30553.822
48933,20778.562
45390,17617.57
11117,12185.735
16002,9387.527
54673,7363.2427
37551,7334.784
33713,10077.779
98363,12420.981
77895,12594.627
59707,13106.782
69585,28325.25
53564,20444.902
76322,9879.261
24325,15711.692
17464,13880.91
81056,34828.34
18939,34014.65
27258,18833.986
73984,7527.5933
52272,38669.816
13628,16568.678
43329,30123.012
11185,17969.117
88690,7521.3916
32880,17035.486
69017,25946.398
39802,11858.462
99429,30730.213
11188,10793.285
24580,51499.977
74473,18892.576
70169,4816.0186
85930,11856.996
51378,24851.883
81433,10257.1045
33030,19289.5
96518,9865.225
94413,5543.287
18188,40682.23
54639,49177.285
18560,15736.808
81117,16052.253
52311,21471.596
64501,11441.438
15629,15614.312
16067,9974.271
18912,16423.604
79277,11566.399
15218,22094.734
24717,14223.684
90022,20062.27
87275,9358.359
88100,14658.387
19895,20679.895
48678,18133.719
53307,9356.659
94176,14282.714
60094,28713.262
76042,6302.6343
40717,19809.94
48533,14592.55
12757,22555.15
75678,5384.3643
99276,9708.449
58820,12838.215
77788,11557.482
70016,38418.66
89609,7853.7603
40424,25601.416
93641,15731.737
69756,13028.009
18811,7530.2915
82294,14530.565
24177,8854.94
29507,14694.0205
24730,9255.845
89257,19197.95
16642,29380.28
67113,13428.741
77911,24477.975
33449,21718.258
16150,11139.108
24907,5305.503
93896,19028.404
97071,7805.036
79324,26129.432
15022,19154.469
31778,13878.961
23426,11513.154
48049,17196.66
15337,33308.574
37932,20606.674
52558,14377.789
99385,8440.739
35026,23795.637
95649,18288.623
88577,30128.45
40169,26774.943
51302,16890.66
40422,22054.498
99225,20418.918
38257,7011.365
50161,10792.921
69918,10863.142
82294,18730.787
91748,27423.34
28372,22359.387
52610,6745.932
93324,15703.905
64894,26563.893
30053,25570.154
53484,6422.3613
63142,6002.4575
66244,3853.0251
97121,12425.047
21053,11328.185
17067,8566.072
37211,15781.528
56722,11590.868
60472,9761.778
64564,20626.604
55635,12561.876
37055,17524.879
22865,9946.011
84303,14879.088
73671,13407.415
82156,28785.244
26702,13337.144
72235,15544.539
16071,12554.322
73911,32018.148
94973,9314.764
25166,20654.963
78113,19413.102
69388,22050.79
98166,15832.281
30170,6708.8613
35767,11645.574
63559,9505.762
21799,18589.316
32792,29466.799
15424,17815.809
68443,14572.3
24829,12378.91
95105,49079.05
36281,8413.079
82165,20694.465
43191,4576.914
67311,15768.507
84580,30439.977
19526,12700.064
53288,20356.752
55282,20862.281
35460,29907.312
20283,15869.835
37894,10381.124
57886,12013.496
18690,11570.616
38120,17405.705
90379,14734.411
55535,16580.379
17065,10956.458
24873,5417.5356
32636,16201.308
99416,12246.63
82586,16153.429
54720,43412.215
20238,29692.098
16475,12385.336
92600,8725.662
49781,14566.873
73051,12802.807
84418,9502.734
68691,15058.887
64180,18053.145
23095,9028.843
10791,17641.338
14961,47406.37
67136,16634.133
39561,7434.4067
49463,8910.417
25508,22065.828
43826,29332.16
52159,11763.727
92248,18333.588
28028,54804.62
32093,6525.09
75032,14635.19
20897,9012.707
45420,11055.056
74140,29838.992
29907,17971.562
20760,32012.072
63577,20629.672
97727,8598.151
69527,10500.532
36671,12110.158
57227,14305.569
20596,13810.263
67066,15757.52
33304,9922.913
75035,12678.068
77334,12032.31
99887,16044.899
10630,12797.208
22541,17007.74
84983,8417.033
26300,13855.949
44248,9980.955
60899,24022.031
57351,24878.738
89097,9093.356
13671,13404.766
18517,14587.554
21774,4204.702
55678,14155.417
31953,12688.6045
79309,4907.428
64187,48497.79
71859,24588.984
87093,10553.894
81071,22468.604
20680,31677.855
97514,7706.2773
53477,23843.672
11239,20687.855
31127,10453.389
23570,14724.233
85586,20198.46
65869,15115.156
83115,8660.646
82869,9010.581
71837,7454.074
68700,10431.167
89489,5863.2007
81464,7018.6465
77737,11387.664
35832,34316.344
76185,15864.646
55950,39459.273
64455,16535.684
51646,5521.7075
39063,7758.803
57821,7441.8027
51543,15554.49
98492,8954.234
79095,30766.658
98679,28747.184
33620,23561.332
60643,6368.1763
76785,21142.178
69079,8457.182
14250,7561.1426
21545,12249.526
84893,8963.709
89092,12494.831
93484,12731.937
61632,19859.602
43465,17042.59
95520,13602.11
74810,7978.0874
90012,24836.021
21394,16516.4
50088,12277.973
93551,14353.722
27779,24113.088
76682,13096.865
26211,11932.339
99956,5757.706
65388,23596.729
21464,10462.941
24439,10370.706
71732,30823.016
96812,109486.58
12098,20103.14
89880,34831.133
94275,10302.13
32326,11878.907
58187,10253.117
90300,32514.963
48431,20674.766
55336,10913.167
70963,20534.768
25058,9733.097
61855,21940.236
78895,36161.62
80129,11587.482
75058,21026.795
21078,15712.979
90081,5127.979
86856,21606.48
85195,9623.098
96303,19459.023
64126,5440.2046
95999,25536.07
93807,19317.348
45523,15284.502
65360,13074.436
75308,10791.082
93970,6072.6167
72326,40049.96
78759,12759.671
40927,19554.416
58751,8646.467
55650,8806.837
79140,19988.178
79554,11818.695
33104,16214.6
52136,27230.715
95736,2565.5696
37536,9717.707
79087,12749.006
20891,14491.9795
14083,7582.9414
46212,22873.512
54532,15148.941
33914,16944.053
45903,4845.756
80569,27361.648
82575,10971.508
80934,22861.346
94751,7103.9355
10341,40937.09
65431,22406.455
94808,8683.626
76550,9605.934
83408,9647.122
14875,3162.9521
41609,11090.386
91411,6902.438
32099,20242.143
82135,11385.94
44948,9937.847
50866,11036.643
83926,14620.688
32243,13746.658
46377,20713.238
35054,19730.236
62168,15485.1045
91698,16514.56
55210,19132.633
43344,16444.465
67641,11568.847
60808,10414.739
20268,6719.0947
15757,73811.14
58448,22157.307
13318,25525.072
49970,48637.074
93732,12598.076
36973,48661.35
94420,17510.656
23243,10655.085
95991,7310.4287
89758,10621.208
68523,9848.257
80874,10451.756
29630,24665.89
80023,11860.77
29542,41002.4
36294,5928.8247
86214,6028.6377
23315,19172.605
59091,27841.736
94439,13095.054
98769,18617.125
53064,9050.5205
52351,31355.414
83135,26054.98
78989,47143.812
40211,17145.168
39681,11699.034
63887,17288.006
71145,8975.693
56140,9313.961
75087,13084.605
20243,10011.053
58891,37177.8
73120,27463.932
94110,8301.736
47017,22830.83
66329,7116.1187
77762,16021.085
40551,10859.704
89954,15887.1045
30031,33117.53
93095,15386.648
22388,9781.141
26341,31877.895
42785,5745.685
43053,16356.808
31203,28325.25
74172,13719.333
80598,5355.858
97461,7233.478
54284,13190.773
97200,13617.528
11689,15216.544
94917,16556.258
24854,11444.817
40991,13826.483
93103,10807.511
33885,12949.127
34212,28398.055
20440,17647.297
44119,18431.03
49367,14049.331
41954,7771.2236
90255,6293.147
90073,31811.307
25513,11762.284
87857,10878.172
81910,14471.994
36278,12544.257
11924,10554.58
21252,37926.645
71113,7256.378
33969,5789.421
58375,10001.055
76197,27517.12
23593,32143.686
18791,10070.482
19433,9985.417
69095,9645.669
10000,11433.162
94389,10990.38
13066,15605.73
78654,17388.06
50735,10026.924
43455,32523.385
16097,18391.602
80480,15636.677
45083,7687.121
49038,10078.829
88366,38236.65
45433,15279.549
29638,9629.46
37167,5111.527
16283,6584.68
18547,15561.827
78888,10914.885
46697,13605.745
90607,26835.11
85905,13796.013
45726,10205.174
64128,14796.4795
57312,58059.074
63051,8135.7153
20087,18757.164
13440,19070.195
11416,27848.121
70954,11058.087
77390,18113.494
52466,7352.395
79645,15880.327
17910,10139.0625
89104,12464.736
80999,25091.04
71022,7846.9395
85297,21581.824
66145,15712.677
93796,13473.18
90693,19213.129
98278,28506.057
83634,11899.7295
39770,25256.4
61855,30661.746
52502,9998.4375
30717,21809.242
94593,19242.746
62695,24900.404
13979,28298.043
90626,13763.066
36860,11265.991
73869,13054.165
31009,23658.004
53637,7265.8496
42082,70706.35
55952,7950.261
88620,13446.664
85401,29959.863
29982,24798.336
67620,25890.912
20168,10603.153
45196,6929.4785
60902,11104.294
58227,8422.276
67330,14084.769
78402,9888.3955
62717,27870.998
26584,14295.137
84111,13724.818
84513,28021.91
80174,11366.928
60488,10077.963
72613,15993.341
16481,10655.453
48809,5106.2515
30961,23373.367
45699,19078.504
72482,8392.26
17761,7278.0225
30530,9898.516
47505,9716.245
50522,4808.781
15744,21970.227
21945,17124.732
76623,10005.647
45430,32790.94
25713,29877.023
31840,12225.685
42910,25105.662
78553,24967.176
84837,39529.867
21820,8061.6484
13882,6603.2104
90158,25148.332
99292,25533.176
94672,17493.916
76130,6693.897
91047,12269.556
57978,8755.714
62817,10269.739
24255,12841.355
23811,15824.934
21096,13707.85
33178,16986.531
33792,10620.009
65912,14775.244
75376,12733.273
67955,8790.1045
66126,19369.166
78059,24886.617
65707,13648.681
66666,8961.242
44055,63333.81
53235,30184.816
10239,7309.5615
15702,8383.762
75181,11161.822
89733,22657.977
83886,26203.406
90127,10306.593
95267,13101.533
63481,15941.33
83383,10893.121
24491,58055.6
89726,16779.145
79245,30688.309
57284,18624.512
32425,27842.584
30412,7499.7803
67750,23199.738
72131,8467.5625
63698,17341.55
67427,7926.9727
15049,15170.596
85818,8361.178
60746,39742.727
18501,7536.7397
91572,8899.905
76775,21290.783
43350,21650.771
18254,11312.082
81431,7701.2036
14319,30348.055
14028,63726.02
94743,45012.586
48063,24707.385
75579,9012.156
55013,12268.927
87091,11180.056
25682,20053.158
76496,9837.681
44981,14765.42
95716,10653.497
35384,19447.09
36528,16718.53
53054,18746.424
30460,13196.995
12691,15575.762
76575,14452.325
85612,11136.455
96214,24688.887
47057,10200.807
89939,21663.098
73847,11763.47
22426,10812.591
53049,9771.638
72313,12190.517
21431,33951.51
27351,14077.703
74265,8663.906
62444,21158.89
29194,19361.506
85041,13509.203
40318,14699.541
31256,31509.545
30509,7856.835
36181,29948.021
54268,11041.049
89423,21582.352
81500,6737.207
86454,18072.084
46816,24854.434
47021,7644.213
89863,20166.248
63588,22555.73
37269,38176.473
90705,13870.228
59271,17094.832
35176,8982.38
63648,15033.116
91772,22746.582
78314,15285.9375
91915,10035.703
68780,17086.635
27404,11950.889
59776,24091.346
13518,15298.642
81864,16483.123
82793,30688.957
88304,19895.256
92823,13275.516
93431,11342.231
10159,9741.391
42444,23678.922
55383,7285.2505
67010,24434.354
51522,12575.3955
55625,33926.11
53164,5547.5737
42497,17596.959
99043,12000.057
81785,10149.113
73609,21681.768
38017,18080.527
16942,22660.52
32296,14386.672
80995,20765.664
48541,15414.676
90418,15047.021
85822,16365.784
12540,6654.4673
21628,6708.131
20581,16246.857
82650,15400.304
37232,37762.734
90770,9121.734
74036,26246.629
35161,10149.113
31974,13660.439
89077,8413.536
80947,10768.061
42278,45520.516
67831,12139.087
33443,41858.21
75649,17915.414
96558,15252.27
85193,16941.902
88150,17538.994
29604,6286.639
72165,31286.99
91596,5256.361
77499,26975.355
19530,7292.9766
21156,17131.764
98373,18240.36
90604,63349.44
70183,16217.814
29092,19391.615
45139,28137.357
86079,20691.611
89460,14699.547
24306,11417.085
15934,33578.07
21701,7592.7017
69905,20253.184
99725,123899.555
23054,11342.625
82972,10310.317
87974,7332.7515
57496,18170.486
14502,18472.188
59340,16884.219
38146,9486.9
66083,8595.47
43901,11707.735
15200,10297.982
73585,20172.236
14963,12668.739
71118,26454.078
31117,15095.074
80762,14612.984
72321,10959.702
45496,14081.398
55712,12838.215
90823,7336.4756
96582,18551.97
27128,24918.371
23176,10702.683
29887,17978.53
33091,14841.833
90706,16670.469
51247,4974.0806
89822,9270.164
55211,40757.938
86417,10435.356
34771,10749.672
75816,21650.771
33365,18491.037
26184,10922.638
68299,50595.082
78752,13413.009
67925,13508.315
57145,15472.491
55956,13140.419
90567,10455.29
40303,12123.472
50393,12764.746
85431,14222.413
92925,36362.32
95537,13484.947
87386,19745.408
16084,5470.585
36210,23395.086
69730,4842.9546
73036,23559.72
62145,12255.629
49532,35181.355
69583,12642.135
96918,10768.751
93653,13273.239
83571,21922.0
31360,18861.758
32356,10619.736
21358,13142.512
42525,8159.7305
40582,17576.58
22652,8624.669
18385,3673.9753
58740,9269.668
70865,16856.646
74537,58096.324
49965,25520.764
63601,20298.127
80264,8996.301
94136,32861.18
31280,14016.008
43501,19911.787
90591,14630.248
60471,18412.14
10136,9816.311
56442,19235.32
27226,20448.459
36800,15772.223
24480,10952.216
64943,28942.86
10460,15010.941
72781,9993.905
24420,17612.752
35560,20473.125
28115,9107.959
75034,11049.968
46870,24089.451
21517,20410.398
49195,26192.62
71238,12745.479
14538,28739.545
17645,9111.122
46492,8966.1
59132,13198.934
29400,11206.714
64954,18817.777
50612,6726.781
19904,30706.42
68635,5106.6924
70451,9792.14
30867,20081.918
13686,30337.64
72117,11028.363
47719,17783.848
63190,14759.605
18071,11080.955
98251,18133.662
43372,12749.52
56373,8572.676
30883,15712.677
59023,7504.791
47676,11005.145
92395,12399.308
65738,13759.007
28790,17481.299
48357,29773.574
81527,37540.996
35730,24467.887
87665,10405.526
92379,6493.1724
19382,11895.003
15631,12990.346
26443,18190.22
68679,41167.527
41865,23268.932
96210,17059.193
26829,21042.555
59254,20185.494
48340,6789.3916
35745,10559.801
72574,34897.473
30602,65991.96
11815,16375.032
92201,6983.9775
64346,9837.482
74757,9851.498
74836,9916.704
40920,7173.8276
53033,15169.194
22169,18797.69
43074,9949.493
65407,17088.207
48539,24698.732
18322,15251.442
69588,12792.503
81890,12481.768
71138,9782.585
75895,13140.663
42358,22866.387
14804,20949.678
64996,2860.8142
82990,9077.018
45641,14531.158
88465,12645.423
46727,14222.637
35740,31614.203
13856,15298.642
88678,17298.326
41282,16004.742
28312,63763.19
94569,52499.01
20634,18652.67
37913,27389.81
95952,23830.373
93615,13161.669
59817,34987.555
82703,20298.127
19091,16195.13
37921,15130.719
51756,13085.001
74091,25196.604
72380,15596.809
16667,12849.435
48984,12315.28
15387,12970.277
77822,37955.684
86438,18036.773
36150,19695.436
54258,9448.409
87028,13513.139
95224,6520.5176
68244,11110.973
12230,15604.721
48014,20620.746
94981,15169.345
15652,20608.635
58433,10063.425
18304,20195.338
39039,24805.18
10366,31000.691
61986,12327.731
96627,27244.627
68726,9562.241
63190,8425.26
15862,21353.809
94872,8595.196
27633,33479.91
39335,7353.661
41375,24758.602
95664,31673.863
36125,11647.316
69917,30093.045
30752,11959.853
73601,8406.827
23922,20523.031
66252,27514.238
15668,19752.012
43923,14281.606
60779,10890.201
96387,27064.426
43644,19186.688
93672,9266.256
36806,8962.25
30139,31257.396
97499,6147.2056
28083,18897.113
55472,7317.4243
71799,8770.537
48269,29925.37
90179,17814.525
15377,16618.271
99417,8356.558
94708,59391.89
97600,25195.406
88475,14531.546
79680,19477.607
94638,38961.957
38050,14386.184
73307,33273.523
43151,20789.602
17405,10759.76
58330,30508.428
16403,15127.457
35970,11894.502
73771,16110.823
33605,7380.158
98776,28833.373
68426,7415.5356
25289,13400.795
19654,8673.137
14364,14247.028
48222,23751.658
55316,5999.832
54611,9757.359
42890,24205.775
61851,13292.262
95011,8768.216
26562,14539.835
39519,10377.059
13827,7540.11
25724,10926.319
11688,16879.896
66758,42745.133
88449,20181.918
63499,15783.6875
88810,13037.806
20951,10373.574
29362,25423.885
15224,13118.441
46492,14893.948
17182,10591.07
64337,9492.173
70019,16939.5
35683,13188.765
13011,17810.764
70439,8898.479
26001,11830.108
91259,10517.967
36165,39574.656
56078,37279.812
83921,17084.838
74033,14500.555
30084,26428.535
69438,33761.754
33479,7521.452
75497,27110.566
73207,7955.3955
45440,15088.352
55688,20891.926
21612,24828.07
75234,13876.364
38257,13118.25
84459,11688.002
30984,32463.873
13277,29383.084
37483,7064.799
17729,21191.367
74139,10402.331
85888,23260.104
48516,16123.604
56018,27640.838
74866,13807.685
31665,8531.747
74974,32046.9
68083,18411.498
66423,30571.455
72095,12988.838
85549,11571.592
43404,12995.735
51955,18918.168
32873,17591.951
19898,20640.684
76154,11316.812
98549,9993.123
47794,18812.385
36102,20212.918
78014,19932.36
47777,9238.371
78763,14586.24
22188,9372.228
92857,23613.812
63098,11243.299
93491,21439.916
12230,20968.83
49629,30220.178
38543,11541.935
11250,12549.064
18271,21430.94
67802,5744.7188
48738,18577.123
76611,15710.262
24928,16988.135
49341,17530.074
62422,13401.928
69456,27791.115
90034,17210.53
74190,14289.061
42360,20130.959
74217,11432.068
41884,10511.906
92638,15628.402
77380,10493.025
48200,53999.727
68068,17752.209
44773,51394.125
67253,9060.001
25911,18415.018
89703,17883.42
22086,21758.812
89898,26335.963
74241,11674.815
76402,9547.025
54074,16159.96
71303,13205.223
10383,9305.789
85420,6987.539
16144,10061.408
90815,21421.396
27677,12644.254
40112,24010.791
36597,18748.771
84058,18287.957
55009,17396.041
68145,14342.336
41399,26645.498
56506,27955.799
52889,24754.34
20463,7914.6777
46359,29051.27
31735,11759.71
35196,17520.33
27617,27313.184
53096,23895.941
63836,5324.4946
95259,28968.479
16526,12552.369
21304,7311.964
46130,23489.246
57163,11402.834
63742,18314.95
72404,19789.168
80661,22760.379
69734,11474.117
87008,26440.244
64553,25736.283
68994,12582.579
56516,6974.1084
21662,10122.269
39659,53729.332
30741,22790.025
92657,26840.324
58502,16819.244
27341,31274.605
54797,13152.178
35989,10519.32
81451,20265.592
98454,11391.508
44582,16981.729
49092,11939.433
61689,6664.4365
99517,8273.305
13803,15855.707
11880,18326.195
66735,20166.002
98454,14670.581
41793,15307.729
40647,12470.18
11055,17851.055
41876,14388.151
13402,12334.938
39937,21528.695
97064,9157.182
35815,16470.398
79007,15337.753
70998,8158.2607
75040,32733.926
53623,23907.904
82854,16677.521
91694,8963.069
69476,15701.589
68896,19600.355
21679,24149.984
81991,5496.644
79903,10894.324
30125,23616.035
38744,43994.543
31066,14048.569
94891,12279.287
77075,11380.481
56736,11734.609
66048,5500.6597
59385,17112.836
50016,12066.842
85518,8091.559
23909,10986.586
36737,9586.058
35742,10086.394
50579,5591.5083
60650,9945.822
87805,13681.966
55752,7194.298
65608,9745.484
88023,10996.751
18134,21607.291
83171,5652.11
79133,17427.51
19927,15036.001
28775,13370.65
66439,5389.117
13561,14217.253
31514,11188.47
94630,38559.777
91693,5484.628
76219,26464.0
18844,14794.174
11660,13926.501
74374,8177.9863
24234,7550.6514
74859,8207.242
16963,7295.2393
48412,13291.577
70485,9344.821
95918,13102.088
50913,31505.691
15074,29632.283
84335,18543.555
85521,6721.051
43868,7687.7153
18263,11905.954
88733,6379.8296
97970,29529.492
32580,18684.287
67642,15627.01
22710,5556.574
14423,23583.734
11569,46528.645
16131,25398.215
13598,19955.994
97858,11741.164
57765,44925.45
32837,39119.0
65003,20979.719
35154,43101.92
44414,10903.313
82014,13649.734
18262,15306.372
93600,8180.2275
67746,13439.789
13507,16249.61
54173,7690.1733
69119,27628.537
63827,54525.21
59776,20403.57
63378,66019.11
33866,13526.291
71514,32508.52
97710,24773.441
20885,15661.783
36548,14296.838
61955,5966.04
89615,30904.654
27581,8324.912
67312,21191.832
43088,11559.17
35819,18041.383
81397,18913.615
85715,26640.775
86101,25993.79
46476,28229.719
45576,16502.328
10265,19152.568
61579,18450.605
64080,15309.776
10631,18840.793
88004,8791.748
86139,16631.525
67140,11936.3545
50532,20806.57
68862,11452.756
36319,21019.393
20539,13918.418
94626,48763.36
68922,12900.541
99638,14259.16
55345,19115.523
57905,8677.77
22224,19201.287
35094,14395.329
71633,24617.633
26368,13056.756
22801,9331.617
77903,15121.778
11671,9412.977
62916,14819.9375
40941,7345.8457
53368,21994.125
32443,19765.455
55012,15244.694
87215,11950.62
31717,8392.44
19932,22661.453
38080,24707.102
13815,40306.17
38790,8889.623
74732,31060.39
37648,10422.58
29573,6629.5176
90110,15127.355
33441,10403.861
96597,8282.215
48945,16234.357
82708,27468.158
67487,26111.781
92209,15230.15
34268,5116.818
75338,27125.125
37399,9709.707
63079,14734.344
35757,14881.716
12591,10964.043
72375,32889.51
52624,11000.012
39140,22719.549
25747,11259.039
27882,9934.129
54769,11936.3545
10677,5470.6343
64292,10584.076
31618,20843.588
90298,37732.094
79498,11445.313
19505,18046.006
50247,8288.108
33538,9414.549
88914,22310.506
24507,16516.795
38225,16097.987
30310,15807.366
40918,29613.686
79185,13439.33
15897,13431.896
59501,15123.842
39112,17038.072
27798,24569.592
66598,13610.673
28638,12666.86
68273,17725.885
91273,9205.2705
42243,21597.324
77156,27405.953
43359,5986.8813
49769,9326.281
37976,20308.217
86309,29482.426
14882,28455.22
92811,23573.615
13193,9345.287
66324,6793.7476
29842,11396.999
66584,8021.779
25720,14602.806
34958,15301.165
72881,13660.716
26390,12559.812
73214,11711.666
80279,25334.854
57100,10072.097
80864,13535.878
57682,9153.226
84214,25157.115
18155,24268.752
27746,17062.463
43107,18652.582
47429,11076.95
65092,13274.537
78336,12472.801
79464,10814.904
67960,26876.883
54213,6788.0684
42636,5072.938
26499,14797.769
69979,14665.868
52221,24363.094
90981,6999.2676
77714,27705.857
25061,34313.69
49385,14484.963
20545,22865.291
31342,15037.112
32864,15296.91
80241,31480.09
98271,28195.002
67465,23487.496
46174,56509.06
33672,8868.778
31080,9915.128
66141,13482.959
89188,19070.225
35641,20768.6
18735,19675.012
34452,15614.508
55840,15458.124
54227,9464.059
59525,9365.476
54146,13831.031
98202,17840.87
77797,12829.576
55873,11381.044
66320,22439.193
30345,15352.174
61006,9686.958
86805,15419.613
82942,12186.029
31652,25071.098
75316,7906.908
61119,10173.527
95219,8926.47
88471,7777.276
63160,27164.959
56397,18534.254
39406,9448.827
17733,9265.909
60929,13876.429
29740,15033.259
77914,18752.62
94290,15384.266
84377,22238.582
76396,9265.555
48296,10519.069
86961,19227.94
31440,14383.773
48473,7807.935
31152,20616.098
16014,14954.732
37636,14485.641
40232,55234.793
94335,17982.861
26399,30619.643
13175,21743.883
10736,7596.0376
80056,5321.9893
53890,6835.112
65357,25302.777
22602,52730.855
14103,20215.719
61793,20635.273
73337,18935.764
79852,9928.795
88556,36784.484
65002,4940.0527
95278,15934.634
19217,9495.312
38333,10027.127
44051,8413.191
82349,35629.91
50265,13085.492
16875,9995.625
83469,16127.599
67359,32283.895
96118,13990.691
12190,24037.102
83000,26600.482
95734,10374.344
65915,20727.426
77360,30971.701
75913,10309.692
53761,13886.48
49639,20270.178
55246,6776.947
78667,27405.953
84492,6354.422
82680,47362.88
91191,27348.357
45041,30247.975
93303,12398.403
48794,17615.87
28409,10092.106
63521,6172.002
97211,20922.18
94402,22127.785
27815,7600.636
90906,9482.375
10325,9643.254
96254,10026.256
25558,6526.0825
99609,8378.558
35334,18293.45
39470,20610.947
30673,35694.234
54080,18385.22
64948,11464.223
36681,12555.516
93289,16859.234
65339,11580.1045
35833,22834.664
72691,12112.248
26380,20306.373
54588,24183.648
35457,10007.177
54191,6182.1123
55064,25231.607
97779,19532.21
83534,10972.639
33445,12478.503
54099,14339.974
61403,8948.376
37829,12118.309
65646,16898.691
36716,26437.664
26646,22893.27
98974,25110.977
92805,13621.823
89041,18531.938
28191,15133.232
30527,8060.1343
99404,9489.524
28846,10746.771
71954,14699.322
45304,22005.363
72905,19450.998
33898,8170.907
69760,20649.904
86069,4695.527
47717,13442.6455
66501,48062.13
84617,11619.421
16198,7968.3594
28036,18334.057
32299,12047.799
88731,18830.133
24226,16998.783
27996,16246.7295
32416,10273.841
83916,19485.795
52588,18328.025
59482,8040.4863
88137,16131.111
26679,10973.277
69987,20729.082
68834,10529.757
65780,11438.297
69766,11074.953
20465,16751.918
92129,5318.1367
54925,21092.395
16671,11563.699
62974,8717.53
44006,16005.91
51019,11490.693
15073,4799.66
20669,14443.428
65280,17862.596
98590,27734.467
75620,5419.3555
15584,62395.58
27922,16990.188
61578,31133.537
53873,11038.844
69415,13646.8125
95522,32518.596
97850,11107.295
95551,29361.943
31784,19574.42
43561,26362.125
56175,9779.512
78003,14421.254
71957,16808.549
39571,27378.658
92924,8004.214
78333,13224.823
83769,14613.418
78006,16796.674
93686,21721.582
10004,14434.603
57437,45704.887
34357,16342.157
63420,20537.852
77055,13429.069
55187,11215.115
23710,7350.3037
93420,14052.936
44691,22339.422
12433,17727.23
36269,8731.129
53990,52773.805
50841,9223.392
31806,10245.414
63309,13820.8
92760,12263.468
15930,17136.668
29403,16126.947
82221,8902.509
50476,8982.673
80251,20544.03
94397,17615.197
63129,15773.194
50098,27426.758
74091,15814.43
49150,9484.27
42812,8436.527
32471,27069.84
86239,18858.762
96547,10683.478
12247,18911.104
30407,25804.98
14980,22292.059
50228,12053.725
11844,16339.909
66469,8960.451
46950,21885.68
37247,12508.66
77282,14891.672
11261,8826.132
20616,12499.933
81276,8084.3755
54691,50084.062
40359,16728.314
69626,33838.69
69898,14364.744
51026,9196.143
38064,10065.724
58273,13977.054
36278,12819.632
69437,15521.22
25324,19795.46
91257,21379.537
11594,33652.566
72359,14126.881
32064,14369.411
67981,11458.361
26274,19385.6
99447,15845.397
40032,12742.818
41289,15952.365
30444,28091.076
29091,12551.296
77836,16697.238
10272,21436.713
64347,13345.793
61136,10115.294
82242,17239.334
70644,11508.6455
85061,11724.488
45982,20460.303
54142,8884.569
41010,13970.631
81483,23273.037
99645,13160.534
28959,20444.074
22323,13375.517
27032,14660.932
89146,9701.675
10609,30796.67
14176,7267.3457
48568,25071.934
85214,38011.953
99199,22441.943
60157,19116.494
43289,12804.239
38448,14907.628
12664,15262.935
14839,9666.177
70069,14917.726
83019,19158.078
92404,10328.948
55281,7603.2007
82243,26704.582
85086,10053.699
64812,19198.363
66130,14196.675
60063,3405.2698
47755,14051.572
46052,34959.39
13967,16849.057
38198,23036.674
79438,16423.604
89197,9364.476
21458,47847.49
76740,13684.6455
75323,11055.056
21477,21313.115
79674,11529.172
57918,22803.525
87082,8574.21
51999,13194.011
98704,7882.4204
83086,41726.24
38124,13723.795
28511,16917.723
81887,27155.84
14802,11619.374
90468,12416.138
32045,27464.996
50460,7402.5967
58938,12447.168
74118,13691.361
70644,18905.107
83647,22750.893
21886,29303.424
50524,18617.002
73732,30209.816
30061,12266.771
47761,10089.769
73515,12971.822
62169,12517.823
62705,28921.402
37544,16034.282
39250,13159.274
48495,24412.816
99971,8408.017
44707,28726.053
57746,10178.101
87856,12413.897
61986,28887.236
75860,9499.735
98677,25406.404
40396,25234.047
86386,11464.683
84376,15317.336
81567,10054.44
16957,15384.546
80805,9665.046
31161,16250.836
50848,19618.121
86838,13787.895
79324,11635.638
72088,12219.858
43048,32692.193
17006,8796.439
80823,26084.602
10735,41101.164
29686,28495.996
84334,21140.146
89850,10729.434
31536,6764.162
50432,20097.396
83373,12516.604
13717,11360.044
80063,17480.79
95435,33094.766
87608,10162.218
34445,25731.713
15483,17031.428
31223,17335.883
31325,54269.562
45838,17167.916
34304,10118.894
43585,23392.605
54159,7071.133
71490,5606.4014
78789,25885.855
76505,9997.8955
58459,9889.501
17443,17558.486
72982,12079.506
18063,7244.79
10624,16872.293
55332,18461.99
47494,30854.332
14129,20292.453
78338,11032.847
13715,21866.969
77205,21004.033
17123,32157.172
33954,14289.55
66594,11050.314
59539,9039.593
95717,5391.5073
77018,9282.301
28282,28631.71
21370,7439.648
43968,13409.691
59563,18719.092
63996,10466.43
64141,13101.007
74655,28101.059
12764,8657.982
14216,16366.241
81817,15763.182
89981,27827.725
17256,29355.209
37984,27434.188
35526,19966.146
57157,13339.809
32552,15981.144
90191,10853.351
93105,16539.139
96980,7353.661
75136,12322.438
29555,25498.143
93183,7561.1426
31708,11578.621
52310,18598.373
69001,18177.684
57600,22753.264
45980,31558.7
50326,51071.91
23304,7598.9795
41483,29003.596
97306,15601.983
35539,19845.688
14967,17042.59
57804,13280.794
93576,21385.77
41859,6453.6807
11582,8395.071
11154,9472.981
49628,17110.79
25133,11990.675
13943,7930.13
52044,8196.495
24963,32141.098
81024,21259.332
41848,9973.833
86213,19886.352
26483,20695.03
76715,49267.344
69509,14794.488
19995,12190.318
88896,16992.303
18751,17043.135
92303,8235.512
41756,34428.805
77527,34109.62
74584,19432.602
43927,9736.663
53947,21159.848
84824,29581.69
97565,12278.016
28826,11748.293
10986,28552.53
59712,10284.154
57852,10658.53
56419,8926.66
19603,9879.94
43207,9614.572
49999,14884.739
29068,4197.1963
83290,11790.802
15002,9208.743
28336,13781.612
69667,12864.421
39427,23259.902
82837,13016.712
61502,10173.527
45768,19483.2
93035,16637.82
34329,18482.36
81977,31007.096
90684,26500.166
57399,10171.166
25590,18123.615
47072,11431.696
14042,11661.802
25841,24557.77
76809,20909.516
30821,31532.172
76556,9610.406
82015,29003.387
22676,26022.596
92423,10305.793
50455,9624.149
35943,19445.873
62575,20386.057
69693,34861.21
50281,8103.1987
71047,12851.402
88215,8478.461
69311,9060.47
57952,18344.484
87611,15941.161
74688,22953.96
83250,14032.59
75782,10481.061
68114,12126.648
53458,12116.662
44784,11190.371
77084,13096.004
65821,16722.8
15804,10741.428
28884,12572.944
24439,23629.777
11664,17995.27
81328,12475.092
98972,20659.717
72681,16093.338
11639,25148.957
23006,9680.825
28665,16671.855
81153,10724.03
90679,8264.867
76500,8349.115
82486,14193.258
44881,9059.053
15417,18058.852
61090,27725.076
18430,12617.821
75055,19867.812
54745,15337.297
37880,13337.774
21059,9749.074
10571,12452.248
29316,9144.886
62193,7895.88
78291,23705.646
95603,25706.531
98039,19549.47
61590,13101.21
38279,29837.15
61864,6811.684
82927,16207.318
72148,19156.936
12434,11013.946
72962,12678.358
28408,15330.181
41976,7730.409
88904,13444.952
81003,9337.157
86866,9816.908
83157,13842.781
33256,9779.945
36086,12711.497
87124,9464.059
67674,5951.717
50164,10075.547
25930,13809.433
75958,27824.768
22966,11327.72
53623,13380.75
41795,10135.402
79581,15943.945
34007,11038.821
35981,15202.519
20196,45630.15
37417,7809.055
35153,12154.981
59732,8501.785
27547,9914.194
45599,13839.767
96039,10112.033
44374,50633.39
95777,27271.557
55710,18528.541
43687,11318.802
44634,13169.731
39660,12750.426
66162,11381.7705
52043,6480.0225
30183,9456.598
32136,13791.97
38116,17557.37
29036,3023.847
24015,33175.05
38061,16238.12
74566,14988.977
10980,7878.0645
47439,20632.715
13799,13969.264
62502,7727.632
50088,13361.4375
61616,19710.352
89674,4462.8926
77055,67289.4
66898,11789.6045
88235,23877.34
58842,20571.582
97794,16410.383
85350,13223.588
96263,13870.742
41733,25945.918
93027,15438.283
38572,19625.334
78135,9050.212
13891,9733.686
39356,10291.829
26475,12784.114
80460,41872.18
70893,15873.913
66889,20895.41
91546,18990.395
95717,15843.585
87288,15321.08
67239,6737.0176
43927,8777.122
97824,7403.0723
20034,23358.447
13177,23318.152
35075,21578.553
98762,26225.371
81071,20037.31
39333,27418.64
89418,24923.596
81196,34544.914
21324,12387.79
96232,11779.045
14347,14744.755
98014,24765.924
16059,26090.945
36870,11365.323
89721,12565.965
22080,12975.219
94448,18749.73
64033,32787.105
35121,6953.184
69735,17304.21
67098,16488.502
41671,9201.397
94270,16498.516
92983,7678.222
64086,12053.07
91722,19410.168
44277,17760.215
39521,15309.829
92787,14856.202
59697,14427.818
53598,26328.63
13813,27214.336
95294,14202.982
43453,8111.8623
74020,13331.172
24425,7028.366
98622,19296.69
17453,8002.8667
48849,7532.9653
69919,17706.795
68708,24580.906
93446,6469.968
39422,8115.208
11370,23170.77
97482,6949.2773
70568,34254.723
69991,10767.927
75209,11606.924
37747,34135.688
57202,15592.508
11171,9629.392
69647,14694.0205
62074,11675.143
65808,9961.026
39598,6851.0776
16079,28258.885
93461,6986.125
19769,18856.863
63720,17024.625
99995,33741.734
78882,38417.15
82115,16422.066
65677,37276.074
80088,5939.877
74253,21381.982
71918,15500.116
80371,14957.341
36978,20097.775
43441,13812.967
45871,15574.369
76236,12694.557
78679,27105.328
77154,9911.163
10158,17741.209
26672,13376.8955
80945,27264.506
48973,15913.901
30054,12044.321
21394,23742.018
19953,2781.0264
54381,28681.316
45839,9948.181
51367,10475.952
54400,44768.77
86502,28007.102
39190,9349.266
33502,5179.094
77017,20628.984
75771,10454.84
69335,24362.857
14983,15529.241
61797,67514.79
74647,13303.716
36778,27962.998
26434,16334.488
65160,8637.764
70823,17550.795
80003,15017.252
28682,11940.239
80091,30205.033
99857,12970.931
43827,12784.615
31014,12070.34
42494,24247.375
85334,9932.821
91184,8199.262
77307,11728.8955
84252,16016.472
72493,10586.219
82754,24257.932
84209,31193.086
84052,11018.908
61017,21428.107
77368,9810.644
78921,67216.805
28341,10963.238
92883,10171.416
13688,27357.186
26671,13072.454
46381,9177.052
97987,503.9939
44741,16760.86
25931,9948.484
93206,10201.263
70116,9758.705
98906,22665.59
35627,16738.742
32921,10991.207
33525,18890.014
94558,10991.811
43223,6333.8984
93527,10125.186
49666,17168.688
48469,13664.062
82090,19930.174
13150,10345.035
87862,34174.844
25403,7432.9165
48292,22352.303
87260,15139.041
20588,15247.609
38822,22167.006
92100,13150.956
38975,11181.545
75932,18591.955
31710,8413.049
68006,6752.7446
28926,9207.603
46217,54906.508
63789,16199.808
23368,37346.36
84655,29549.537
45519,11615.053
38786,16910.203
71082,27908.076
97790,14719.867
83763,17389.684
66872,23975.133
46174,19657.396
58375,27248.46
64087,20754.014
57834,13064.081
78765,26707.54
13304,14138.991
86050,13519.137
88477,12192.701
64214,26602.562
35111,18732.424
78949,10558.707
33743,12558.106
46710,2125.6882
66931,15458.251
45617,15379.467
89238,11533.642
18917,17035.697
42777,10151.902
26661,22841.215
77340,11616.736
73075,13983.457
36828,6718.799
79499,9806.257
68471,17962.223
32629,10590.11
21809,5918.776
24677,14608.701
25605,53493.07
70527,10893.246
83992,31332.582
47087,8995.843
41017,24969.121
72306,13967.657
73287,12373.527
84057,15303.288
84461,15236.054
14683,23918.898
23514,14286.174
39478,6702.2935
42110,7113.387
53621,10841.045
52470,21174.701
86153,11298.136
39971,12371.584
35992,14606.716
60645,23832.83
63412,8166.3594
44564,15543.941
77835,13961.034
97771,27214.95
98254,10997.695
64614,44303.35
79357,28075.701
77692,32470.947
78114,5641.6323
90024,7289.014
52831,12262.977
12807,8136.7266
23396,18280.584
48040,32143.299
72404,16829.514
25845,18632.207
27795,12390.084
50682,14289.057
14947,11650.422
30128,5930.152
26869,17581.43
93226,11645.177
30928,22012.305
70992,13611.254
85227,10601.066
92718,11752.626
82640,5111.527
84084,8083.003
68389,11107.848
77950,29611.578
55783,11176.344
53854,8883.857
33592,18068.248
16774,8050.5425
53680,20181.918
93427,20856.562
96264,21087.764
83229,13471.456
36068,45767.938
92217,10950.806
22092,13366.704
94461,10213.47
27977,21140.244
73493,12712.183
90430,21276.014
31169,7407.7036
25240,22227.578
88062,12431.973
20299,13087.06
55975,15890.451
31153,11016.329
34878,10141.803
84143,30846.762
90782,17617.521
63898,10054.391
12199,18060.432
59916,13045.839
82505,12186.944
89843,15669.778
21110,15613.894
21742,10925.677
90223,10956.131
54675,35321.027
89371,25115.352
53321,16740.691
73379,16629.443
93445,38700.79
29593,8413.079
95183,78254.89
99318,13776.435
72583,5680.846
12397,16132.638
48039,27368.355
51498,29800.625
84217,19216.379
46659,12192.568
65004,13006.862
48054,13157.757
66469,13218.085
27616,12518.394
90229,18606.941
39747,31497.584
69900,11971.034
50962,26646.643
13225,11008.053
71891,16457.648
63788,9563.669
31643,26799.338
23414,75200.95
34510,22407.5
75522,12499.738
81004,9588.062
47108,12065.581
77305,12554.576
97537,19331.262
64627,13056.082
62619,14821.295
20069,24513.65
68013,13985.759
78423,6700.1426
15843,10056.432
57242,23727.193
41531,15990.507
74869,11562.818
18343,17850.283
38876,6459.8315
94173,6871.2227
89763,33392.45
76855,80210.484
93785,11850.205
55656,24368.785
90549,35560.6
73838,14771.16
24382,2020.6685
32939,43879.008
80443,11910.582
75314,13879.297
93721,12333.509
80490,16351.673
90152,8187.568
55456,14444.814
56142,49151.1
95013,30896.621
35617,18641.365
34382,33451.133
40820,13054.587
14343,13461.411
85358,24809.578
57513,18237.61
21774,3033.9707
33736,5762.987
92079,14046.36
43095,20539.957
45852,14147.251
14121,8615.101
36902,2824.8083
40395,16629.043
79245,8884.68
82704,10679.581
74630,32786.434
63094,23386.842
45374,40085.62
23088,34950.383
73368,8897.654
16261,10512.275
91772,17730.963
16747,14082.415
49076,13488.868
56690,8680.449
59416,2312.3706
18709,13203.998
57246,12049.077
23807,9472.423
16539,9212.859
46496,20611.348
47953,11424.448
69614,15460.255
50534,14388.362
13486,14428.713
76440,10296.401
63912,26808.627
14386,21491.55
45107,3660.9263
54358,8225.274
80311,20906.477
33902,18161.54
87906,7167.2046
56027,11916.556
44535,6248.4243
89205,14410.891
26863,19607.365
46778,17194.545
13663,7204.6035
49431,20909.398
11106,11637.111
87615,8125.483
29800,59374.72
65449,20583.52
85470,7576.1084
61813,14142.277
15148,11294.865
75386,19935.8
40493,11524.174
40016,31735.334
17718,11975.603
30223,14051.957
74408,31834.18
95304,13111.714
24684,11988.348
57041,16630.746
76783,4910.4834
74830,48122.582
51051,18275.812
60424,18517.865
42870,20200.662
32909,8820.501
66628,9294.894
63125,8289.907
36395,17489.328
27920,9362.905
68784,20270.178
14992,9786.056
77793,25508.89
19861,12810.263
37160,11900.516
12321,13235.109
44513,13937.004
77118,14440.682
89264,18589.07
79044,8782.88
19457,7490.297
58434,21275.176
87152,7177.303
67231,14742.718
91610,25078.393
23474,28085.102
74742,55333.24
19481,18984.611
40595,13624.45
81717,33185.414
59989,3616.6917
51896,28062.14
21404,17265.078
34545,11950.377
52910,10225.11
63572,17047.094
95031,10014.385
95726,18702.383
24599,9073.886
86870,8714.037
37009,24704.664
51629,9179.877
44016,28126.348
26710,8287.038
41953,12055.396
49937,23119.783
64222,13017.138
69443,30532.229
53739,15020.12
65565,7566.8315
68727,12147.861
60633,14340.917
94440,10458.568
32291,16385.22
85753,29921.354
79300,22366.91
94635,34247.938
27247,21430.56
60052,18155.006
92747,33676.293
66512,5736.9907
72393,13215.159
88177,15882.371
20989,16319.469
59160,10718.326
77068,7288.072
41982,21597.17
35560,23968.729
25584,46293.81
35198,32839.65
97773,22036.58
70737,24879.76
37563,16334.446
95646,13191.817
19567,19120.068
47788,9149.47
71158,8361.178
64701,21014.256
53114,13033.066
43999,10925.677
98933,10929.91
21897,13512.161
62685,15059.391
55739,10912.102
80136,31284.564
22944,73370.71
50677,9849.045
50954,6812.9556
77751,14211.541
86370,9100.615
35064,15993.341
37279,26232.404
65252,16746.51
42168,11693.417
69669,8799.977
93124,18678.08
67744,12535.989
96665,10481.299
51343,10143.309
73774,7268.8306
49686,21030.76
88234,15482.076
70614,7512.5845
90908,13773.023
40409,8853.695
72601,10584.417
53181,17703.45
59177,53559.35
23474,10339.123
79189,22474.992
50107,11313.631
33709,14519.507
30174,53179.863
66151,18645.986
46196,5454.565
79068,18868.285
45541,9033.023
74366,8431.43
70851,25509.37
65623,9646.002
40672,9876.536
96354,9202.551
92917,12852.872
48037,12044.033
67904,16910.203
52957,57432.434
65722,23366.516
38637,12919.886
54545,9354.721
41833,10642.864
60622,10687.212
31014,11438.045
25535,31712.605
26259,14414.717
58526,11821.449
70240,22187.549
29809,10788.133
56351,18909.475
53289,12900.141
20241,8438.013
68325,16525.664
43973,10577.215
26273,7315.994
21337,6848.817
27114,9006.017
16618,24799.998
13757,28139.236
96786,9806.394
45665,9027.747
89160,7429.594
15407,14347.98
91413,9610.667
40038,25649.584
41723,18098.027
67149,20857.459
29675,21187.98
33198,10490.845
54690,20801.066
57839,31510.734
31259,12440.677
70668,6442.9937
72742,25006.26
37884,13620.728
64238,17556.32
29339,4999.8022
65895,52994.652
77385,16997.521
79989,19901.97
80101,18693.408
51363,10406.482
32582,24310.46
15898,18832.787
73160,21465.443
75351,11458.521
43068,10126.348
95874,17158.127
54482,9565.465
65144,11984.34
47588,25074.953
64172,20926.836
47265,10291.297
50624,26417.217
33929,7802.8325
51219,18575.61
79992,9695.084
39018,13631.439
31245,6604.641
92799,10330.496
58532,17956.566
26836,16457.494
22581,13147.753
26223,13667.556
70763,36118.438
95744,31697.068
30710,16140.51
43720,31291.197
22912,11820.969
51996,14240.561
16587,21005.521
32514,26470.457
38458,16461.953
12261,34824.63
60306,14510.5
93037,21787.254
87100,21619.717
24586,25394.98
84383,12953.645
54625,30629.094
77578,11963.338
44559,39235.668
75476,12790.179
43718,14063.512
98203,18252.281
18347,14427.075
43328,9478.483
68642,6298.945
34264,17628.943
47996,16911.36
58769,10525.476
43705,5770.947
50955,34199.83
94988,20840.074
48513,48771.805
67239,13758.857
63557,14820.781
76021,25914.822
82075,7932.525
78865,10523.072
34771,8158.3174
80108,17973.818
70811,15009.199
76560,15076.637
57833,10976.067
14204,10426.947
17837,43220.32
57108,11109.534
82235,12482.749
67016,47161.633
29521,28019.447
13570,14177.612
40297,19591.748
54346,10505.06
86311,16732.984
51400,13669.999
77086,29786.361
88637,8916.282
29738,5400.606
27026,10393.795
35996,16624.852
80406,3463.0327
97884,8805.289
66439,9986.786
57428,11117.125
66181,20786.62
60349,7591.88
39804,18947.496
71019,21963.523
30467,15090.917
83652,10349.422
53524,10159.431
71993,26701.137
10462,11058.465
51764,16090.515
79268,20088.086
19823,13140.801
36814,12280.32
97005,20264.744
22189,6457.2134
78748,11487.35
86950,12132.922
61875,2380.5361
94524,21111.246
90464,13256.321
50982,28241.5
59479,30730.045
39832,14277.339
41124,29625.828
65152,21522.154
17563,30187.057
20925,9355.675
43040,9758.534
73250,56994.867
43815,11015.425
13079,17770.162
34143,21816.31
79365,13253.149
69501,13247.901
40300,9779.358
12920,48776.42
88523,10065.724
90930,26065.455
65608,19906.04
53013,19748.146
70604,13345.434
71930,18198.584
23189,11020.013
90538,18013.406
62294,18331.523
41476,14931.543
16018,13062.457
19693,21935.771
41915,20321.887
75338,30781.807
98953,3429.199
88932,7896.131
82946,34082.9
46081,16514.56
14091,8982.513
29254,9501.988
56813,56601.234
18542,29698.934
32167,14911.505
85408,9246.219
22936,46830.33
38327,21374.848
41658,16355.135
21313,6918.7827
39334,11214.049
13975,24920.08
58857,13190.513
24244,14002.758
25111,13784.488
55672,11958.265
35291,22457.756
16666,21188.293
89597,21078.271
26805,20331.799
41925,30135.494
10549,22033.75
71830,13412.137
83865,15834.942
27205,25731.96
21832,9388.582
23913,41286.133
43159,5955.537
63687,13304.458
12495,20900.482
81984,22232.793
93144,10892.06
22466,16353.495
34847,20988.88
30819,10858.411
30587,7936.4
11318,25291.432
62523,10054.935
61390,12915.585
90290,6456.5005
40499,5722.702
58607,9144.955
43646,13779.507
49341,24606.805
83715,13050.109
78553,1563.7094
50851,23735.969
44623,19528.26
70251,14603.093
49580,9675.724
51458,11887.641
98031,31581.305
59794,19130.39
87531,11402.816
49601,20133.352
36457,21473.396
50847,8214.11
46141,21448.64
32010,34000.418
71599,8194.63
10835,24247.52
38798,10301.852
48446,7489.366
25586,9328.37
31475,8593.303
74112,11495.387
15894,10034.994
94614,20286.617
83110,36166.74
89187,16481.596
43262,17027.238
73962,23934.541
68478,6298.945
15243,13941.587
68941,16514.762
66982,7902.8013
45241,25899.002
11941,8825.504
96922,20670.197
32899,13117.488
54353,50530.01
32728,11735.327
12562,21023.58
32307,12104.645
65301,10542.6045
33715,23059.596
64844,17442.715
70960,11663.499
72321,12128.135
17745,11849.814
27067,20274.105
87685,30657.277
56810,6915.524
78460,9886.088
80374,8349.943
81158,11094.961
89738,8388.822
67130,8754.514
72798,6589.3975
86208,11111.461
71049,10050.208
13572,9714.026
59185,26998.227
63293,18478.182
40532,9883.2
88199,25773.137
18427,13580.941
48940,21539.71
55238,55717.71
77488,9854.909
18131,17605.379
83319,17612.545
28945,11481.186
36676,22869.943
53551,10418.212
36503,15268.259
94006,16214.177
99188,7957.3154
84136,7069.478
14860,6879.982
35700,11182.837
81645,7762.217
94113,18995.475
40728,7577.915
31864,13887.601
58168,30934.266
57752,28662.521
28785,13007.303
65263,23576.29
13667,23303.54
15159,23170.186
68982,20386.127
66046,13904.457
95007,24360.3
24637,15808.625
90721,6716.691
34841,12077.073
46621,12994.273
34266,24398.047
53856,23245.123
33126,22167.809
85452,8607.126
59979,20057.459
73396,21020.604
86000,12404.482
31823,17629.734
44801,16881.516
57570,21931.61
58805,9743.653
59321,16917.432
63549,13476.721
57386,9116.642
68510,6276.5625
54098,19969.666
10884,14892.617
28144,8997.963
33032,16896.234
25503,6387.1885
69249,12174.862
19875,20507.318
42020,7893.424
13777,19696.938
12123,12456.914
14044,11871.348
45941,6449.827
70450,27547.71
46067,51751.332
54509,17232.508
53274,13564.855
23984,10384.956
37968,14098.341
24247,19571.504
47375,7227.8584
28592,10943.544
80077,9759.34
37650,16586.07
37814,12566.335
43202,6003.413
78670,16688.873
42686,30338.723
48605,11930.212
92108,10301.852
13646,8052.386
10318,16060.004
89281,13319.657
48241,16295.364
42654,9266.71
15081,12694.578
57567,25006.26
60645,25717.75
49358,26024.164
53681,14384.544
61631,11490.693
26860,20589.887
32013,19382.125
51973,30074.143
77810,10959.884
27307,25574.129
28271,12213.628
55633,6677.338
36335,11461.461
45613,15901.795
53823,7837.252
13274,14790.887
84402,7108.297
63794,31723.768
65268,22314.781
95649,5271.498
73347,4859.113
91054,14740.125
11109,8194.765
89280,23751.658
47217,20383.465
38001,13916.739
78586,36496.848
26126,4358.879
11655,15205.825
24229,7157.2075
52008,23019.307
24178,9045.685
34796,17254.297
56085,9346.912
19372,11510.462
71383,22591.29
64398,11123.015
33741,16354.879
94087,5491.622
22575,13448.762
14212,6379.5527
11730,10897.144
61384,8866.98
42539,16952.43
45491,18272.357
18829,7507.0093
41352,3881.466
64918,13191.338
54444,24832.387
35159,6005.284
60718,20462.918
75797,6386.8086
34498,11568.905
68875,15163.179
40574,2570.4785
12766,37833.277
73160,34779.793
45691,18688.482
89162,11027.496
45237,10045.125
76621,14715.938
44519,10614.596
44544,15907.417
65541,8973.132
86883,48496.535
45929,24153.832
39366,21712.51
57379,13789.845
52539,16834.45
25264,17503.646
72812,14480.872
73701,7460.1494
61418,24671.361
72855,17409.352
88326,25083.305
81742,16437.086
57966,12739.669
14031,12157.616
40928,8892.351
39800,39046.598
33052,22426.738
67181,8232.452
88416,13939.423
20239,17331.068
18825,16753.814
99327,9153.595
24152,22785.004
94687,9819.282
55379,29860.451
69174,11065.584
10848,13750.346
68695,17139.023
18965,11533.113
10226,10552.796
47007,7163.403
86897,18304.236
55045,12500.796
87762,17550.129
86241,10152.426
32377,14144.394
38463,6667.913
98055,24355.953
77172,12148.287
47332,9596.166
22413,20585.094
15254,10511.018
14592,5500.6597
37265,7720.8164
57052,31277.865
26131,13853.363
54631,10298.693
24654,20351.65
54067,8182.349
66442,18423.99
82977,6531.2856
60712,15104.87
59345,19515.033
44189,13548.272
25465,1435.3907
46026,14305.075
55473,76331.94
34752,11084.391
35787,19134.232
78994,7463.755
84631,15841.559
41093,8242.147
70538,9750.241
87419,10823.822
59569,6051.975
86638,15088.916
61210,31452.037
20548,9257.649
92377,8495.739
21547,29689.086
44950,26202.992
18426,8309.983
33967,23290.076
15045,6538.4507
61422,15570.932
87514,29828.7
77122,12031.034
40239,9383.776
91084,15404.209
46316,9986.927
63756,12573.479
30129,11365.595
94118,15272.363
63309,8120.442
69035,11495.6
79777,27355.873
80817,30412.607
13306,17067.264
21095,15685.301
49802,20507.436
23164,24883.398
20366,13351.883
84453,19259.057
17546,20154.623
89033,19565.986
39943,19461.697
32753,19242.19
64394,8726.002
85935,15838.481
70819,14783.295
78323,24873.266
74546,12327.971
64512,12863.469
35118,20034.348
90758,17241.625
45056,9068.127
85106,28925.717
19850,9793.957
12909,9770.458
49341,10486.134
52219,8721.591
28523,24119.646
98631,19962.78
82991,21365.75
82668,25739.035
98046,15241.614
70356,9612.007
23955,18980.521
70164,20356.73
32982,31895.541
87537,7194.6504
48174,8902.626
53860,18085.906
96951,4695.2417
53747,13501.518
71419,17660.652
74106,9765.074
50847,10584.274
26223,7253.153
90076,24726.074
98280,15322.915
68909,35586.668
43511,8389.9795
82301,20422.773
68937,21159.576
28570,12968.939
83705,14356.839
64313,32502.129
67495,10646.648
66250,10238.746
21487,14306.05
48226,21815.26
14788,15749.121
15961,10558.884
58079,13928.236
90157,38076.1
69703,8781.729
99797,9482.375
84639,24593.785
80705,13078.803
99374,9476.558
69186,22676.852
99710,16068.04
85120,10276.078
35335,25276.688
13897,15779.488
29027,14630.476
60763,25826.73
41718,16779.678
81975,13576.067
62949,22467.652
33019,23226.219
94642,31903.469
84768,8520.973
15413,17371.402
43806,9546.9375
99663,14437.84
37983,4866.391
51335,35785.566
28405,14309.193
36734,9698.97
29606,17445.322
43707,13046.915
45311,13007.931
77361,2185.0796
10120,9323.526
20537,10326.345
87321,6908.3813
41939,7983.12
53649,9931.294
91559,12445.094
19164,14446.83
61830,7355.139
29318,20229.299
94881,7718.4697
38069,16992.346
91162,18745.75
76788,7940.92
19962,8492.004
61972,4497.199
93194,11869.27
63642,19260.92
44143,25260.328
95124,9508.052
33081,16313.15
69411,21010.004
11249,7009.281
55997,8009.418
97817,3584.1145
64579,24833.832
95454,13229.433
90436,7535.5347
81039,19784.018
15597,25150.082
37353,6696.9434
69817,22043.797
40309,8345.359
68289,8931.457
82391,12270.461
63876,17935.84
36653,9012.707
70362,15979.751
46718,13787.895
48361,6104.548
67953,9388.695
68167,20248.607
16374,9174.558
84485,10119.036
30750,25804.246
89283,11309.69
81020,20238.68
62731,32929.125
41015,8965.463
50656,28330.033
46370,18817.393
23892,18127.822
86399,26653.914
62102,7328.0884
39419,58633.633
11559,22880.82
92865,12139.795
66127,14195.789
60062,5345.826
23754,17968.924
57897,8675.124
25894,28132.219
50865,32957.95
19345,9222.958
91518,13677.02
13187,12008.999
41939,16123.534
38635,15127.457
92223,7889.483
16671,11110.758
61666,18492.467
47222,9738.53
85196,9068.79
37001,10029.469
62040,11505.03
83950,23309.404
83831,26484.998
19295,18310.453
91411,27520.613
35035,15743.285
81574,16367.317
19596,14907.143
71023,6674.5854
48184,18886.256
47064,2988.6973
77312,10806.563
89204,11254.194
64966,6262.4766
31344,12744.825
64982,16326.016
55427,12646.749
49246,9757.859
39114,24773.576
16980,19211.87
25801,15213.825
34481,16395.217
87167,38354.836
50324,43082.086
93458,20164.828
17689,14236.457
41353,24351.264
74762,24161.371
97882,57072.465
43470,10052.496
91158,5889.0405
81126,29731.71
17611,13401.928
33759,12888.519
82978,19316.42
95423,6315.8784
27901,10495.355
75494,31229.11
84651,19794.771
15361,9537.446
47966,10703.224
96372,19640.72
25567,18524.502
22765,20003.768
39450,8323.467
29816,6483.678
31146,17373.666
70717,7220.436
31671,10184.526
58882,2713.3628
16596,21325.322
46349,22861.531
94317,9580.406
80038,2868.2844
28344,11723.971
49453,22908.236
20198,5739.9385
54613,10104.213
32822,10869.082
49182,14080.463
35315,20868.629
74773,3020.9644
22079,21870.197
92571,10454.746
58404,22465.855
73355,10420.209
39115,9846.216
98952,21059.383
96131,16005.717
19010,21220.021
39301,12122.581
53700,6934.725
59827,9611.34
12465,11703.117
65326,5743.3525
12745,14475.127
95319,20546.71
81130,10379.756
87836,13071.328
14360,7701.6357
31532,9995.625
26696,20784.137
59107,11095.519
49782,34661.688
35904,18848.82
67550,7000.0444
75794,57194.89
39211,23640.28
83329,22398.064
74815,14020.3545
88752,10862.926
48984,15003.887
89646,12915.585
41598,17938.041
48924,17844.518
13369,16290.808
95874,7349.324
19651,13721.356
73368,27716.662
36449,14507.016
58239,14641.947
11482,18547.322
21554,8060.919
35003,25585.676
24769,12901.327
60382,29432.72
29634,20249.45
13422,9447.716
36359,10547.563
29132,13525.759
99625,15240.784
30181,18470.809
72443,6077.716
61683,20627.135
52164,19869.719
40204,11339.4795
49479,15368.146
84908,43815.24
84724,9464.066
75651,19370.402
42929,31937.39
75976,2552.6602
99882,18373.541
50388,16815.574
97763,11834.524
83431,13074.333
63421,9091.996
48390,23810.9
63367,26940.639
84028,41648.547
40996,7827.236
39819,9518.938
38977,19678.662
74437,12171.563
72273,13693.941
66981,10713.14
20672,14363.009
34025,6011.4062
30458,9891.349
60099,30932.479
12345,18752.62
14198,14297.009
55596,12566.991
44230,7815.851
45523,24869.387
28944,29359.799
92893,23680.775
19927,42653.477
60774,6113.5103
67336,48494.14
12600,9705.52
69277,8726.009
35162,20824.438
76248,17150.86
12658,14082.059
72717,13788.91
23539,17858.328
22010,13079.786
13846,14659.205
40820,31839.25
77251,11958.7
72821,10989.344
77495,8976.162
84109,35096.254
41165,12484.545
52314,5484.4927
94766,6890.7324
77064,6740.7495
37727,17206.422
76799,28115.805
39836,11273.805
86503,13544.305
13057,6256.522
22415,23284.758
14651,57623.184
42105,41383.2
22873,14557.152
48943,6524.1196
30180,24570.299
41452,27114.248
18862,6373.7617
81786,24751.207
36833,8173.996
46861,7078.4165
87094,12825.44
26221,13887.461
60324,14795.436
31811,13399.15
54194,18745.963
82474,23840.6
49000,33184.93
79063,20755.227
55315,18022.568
45579,29830.3
72376,11105.748
55429,11283.276
62830,17601.316
54059,12877.957
34253,24555.754
73837,8799.642
30749,25952.795
30818,10062.093
70878,14750.532
33903,16375.264
36469,29781.111
48073,21116.96
49982,10607.913
23864,18697.338
14796,7637.1187
84231,15926.161
90092,18681.186
55100,10167.466
20244,17082.525
23830,12968.996
73031,35297.84
60987,12494.831
69981,25017.725
29217,7097.9014
41216,8609.342
25613,19486.848
92677,45581.777
23969,5697.826
32536,7364.92
68098,18454.611
34481,15931.526
58037,16011.889
46901,20588.959
20239,11585.71
57177,2252.3074
96659,6716.326
92806,17787.115
38938,14145.077
28376,23485.967
47782,22560.148
11760,6553.902
19257,25823.959
43479,9848.193
87042,10246.682
89757,6975.149
98474,15406.482
78944,36856.277
59269,13677.563
81447,9699.594
69973,21020.479
77433,7338.4204
42697,13919.106
25586,28946.156
99010,12158.141
23224,30800.861
67249,40210.332
93693,16882.576
51838,57121.516
57948,19575.646
84482,16321.182
29251,12332.793
45667,6435.96
30700,13077.708
12001,19399.1
36022,31043.775
37620,23645.258
30078,7840.153
59226,16971.748
74982,10840.704
98223,10016.602
31266,12551.478
14402,14536.998
31760,27380.172
71570,35066.426
89918,18005.508
41045,12227.241
27805,17575.604
37294,36339.19
40175,19356.283
30218,27116.514
65420,19997.684
18276,9617.709
16287,28607.117
98872,16443.586
36561,7888.332
66666,13588.245
87106,23802.252
81142,8265.676
60235,25958.62
70929,10426.947
77526,7093.3867
40475,24321.98
95604,9833.922
59914,5814.8096
81437,5773.4473
62333,30592.648
86867,25792.475
64625,37104.406
54235,21084.322
27614,15509.482
44334,9330.304
11720,21862.344
87832,51928.316
34522,32177.938
72914,40755.88
25733,32769.582
69431,13961.976
66101,17276.635
74793,21087.348
69268,31226.178
58581,7182.088
34270,23770.938
46734,6251.3965
89932,21218.67
27149,13617.092
47324,4456.371
26579,18767.941
79650,30342.648
73843,11554.669
69569,11030.834
39342,21571.58
79767,14647.387
41975,6391.208
49479,8807.655
82314,22763.072
91604,1195.436
37584,14120.898
88927,22492.738
93640,27781.049
64721,15669.151
54896,7289.5737
14217,11316.812
23115,30862.934
91962,22277.217
11511,16067.877
54968,21532.46
28427,7814.0146
63126,9544.206
15892,37177.8
81035,13634.088
40154,19786.77
72290,24182.072
18828,15200.139
17441,39539.46
16341,7365.506
60336,22884.33
84411,22483.543
70102,11063.896
73550,18487.78
16580,55875.086
84322,13414.066
98031,13668.468
49780,19143.902
23155,15641.643
26633,10492.111
50452,9061.317
12822,16329.796
75069,14120.409
66342,18905.607
34540,27399.291
34670,16182.121
38406,30018.693
51465,13160.814
69196,13394.055
82277,10182.174
77373,9530.169
92065,11976.491
56112,5955.143
81183,11893.89
17875,14905.276
17326,12416.469
75810,10106.658
88212,3967.4597
17635,33978.105
49869,15966.311
76891,25110.977
14880,7876.463
56973,13127.345
16070,16404.498
87229,5021.818
69204,26934.352
99361,17111.264
74071,13065.387
33313,17345.16
31492,10372.421
46455,13784.456
25241,14984.496
96017,21302.666
68786,14772.621
63443,7921.5664
97783,15366.993
97568,7570.5664
70397,13536.227
73263,21339.592
83647,37617.996
40960,9594.587
59471,19679.627
27909,15797.55
84728,13538.02
26749,31116.516
16863,7728.5576
42222,10657.936
87179,8022.606
75176,16455.146
54053,9116.622
77298,17371.24
51432,7495.5874
64250,9571.273
24069,15569.324
96557,10481.255
19509,8656.93
69908,36791.727
18569,13780.945
21734,18118.998
91406,28044.875
85170,10511.947
13340,13474.669
83930,13592.585
66181,12137.021
91995,15518.789
97638,12575.091
84580,13207.071
48687,31535.871
50845,23784.83
39780,28639.24
50453,14706.496
59875,15737.8
83512,11172.197
31244,10875.113
47266,12053.365
60685,29926.256
77462,24911.025
57546,26304.182
21771,13567.848
84856,57623.184
71909,31258.375
37776,17850.475
15617,27456.39
73042,11771.148
98653,17339.035
53884,17779.328
21738,22266.357
66083,7807.6313
56211,17836.232
82560,16395.092
74231,62843.88
68082,11158.335
56367,20980.348
12319,26639.646
30629,61987.758
84094,26148.889
98704,21861.549
91845,14322.205
71932,12270.967
71240,33254.273
85474,12763.149
28583,11111.979
81701,12811.101
79697,20605.979
82317,11096.125
57241,22066.326
99058,17361.895
60932,10814.197
98629,7552.9355
78315,11539.821
14603,16076.259
76079,13780.158
64273,20536.555
53659,16150.534
12465,11002.893
80678,6767.3267
31018,12948.602
76877,13508.012
83086,7048.2466
97172,14273.1
16868,10397.204
34469,9957.302
82407,14016.038
86920,19004.545
18208,10455.466
93618,24719.748
24846,24077.445
11327,9555.411
95248,8539.974
37939,13863.322
28222,8806.252
17391,9900.544
10716,19156.758
37289,15107.541
40697,17052.125
59195,7743.3086
71322,19156.646
33719,12855.787
87859,12758.143
73832,10294.466
43246,12311.218
24589,32948.45
21290,19408.51
62392,15626.938
93020,22348.092
54685,35045.355
87131,17261.975
34844,23005.059
69818,18444.578
89333,14521.717
64799,7910.9614
82037,11149.894
75640,14567.662
86614,16496.232
36423,8732.723
70859,6435.07
76126,10368.428
51984,16182.763
81147,19846.172
77050,16594.229
42161,10510.897
43739,12022.417
26288,35624.164
60084,24830.047
99709,15444.597
88140,7630.677
59879,31786.703
10026,17007.486
78495,22040.098
22632,6542.9277
37529,20866.73
86705,9684.151
26931,11312.678
82765,29403.752
99477,13114.04
41827,7438.44
31321,30227.363
98362,7539.5444
10294,14518.353
10483,12599.389
48458,28945.219
98382,11545.857
38290,27023.668
81001,8763.585
70799,9802.05
18096,9192.448
31814,25087.537
42889,54157.14
50163,7451.885
11692,11839.419
96109,23355.309
60461,18880.701
73145,20150.172
61722,16436.316
77099,8421.25
24500,10049.178
59390,19865.732
74690,12170.527
17237,10257.439
36138,17979.814
28447,17050.857
31244,12204.278
41969,21614.93
33163,14329.425
46594,22153.414
14427,11876.403
60334,32202.969
26870,14024.952
23143,13270.935
45895,12318.604
89352,20407.639
11388,13458.8955
87618,21812.982
60089,14303.849
79110,10190.257
14125,30349.941
47765,22291.441
18768,8989.583
55093,7141.0337
12928,12040.822
29243,33188.62
70470,20483.705
39932,12759.257
21256,22479.764
84567,38203.617
21720,26919.5
43926,14488.982
23128,20735.88
65672,8050.4805
34174,10258.26
29020,13488.158
86962,11161.514
90054,28080.617
85888,32523.105
27773,10435.189
24835,9351.534
69776,9810.381
43178,13031.582
68921,22421.432
42142,10503.06
67903,13050.78
85689,11958.528
74542,10147.595
23159,10421.258
46412,15817.735
41914,15048.201
23050,16053.208
72238,38025.06
51553,34621.715
80575,30204.246
48881,24682.984
18693,11036.327
72634,23913.219
23254,16213.757
27560,34367.855
77843,10850.139
56059,10434.137
19099,26855.506
76475,10648.54
80086,7294.397
67793,15301.294
29367,10492.494
27695,18797.602
14293,18128.312
65360,9325.363
11922,23868.707
86249,20522.639
89598,5426.5435
65352,16227.734
54313,23302.824
33417,23340.209
54268,9612.958
48186,9802.707
97567,7249.154
43976,21713.154
22158,10513.28
47727,29896.977
62854,7405.8706
71345,21428.53
49726,11142.26
92214,23515.3
63700,27404.844
23778,16178.27
42384,25748.959
73201,19019.9
87775,5868.5825
57173,17800.113
45695,8795.117
87335,15718.416
86196,6885.65
12924,13194.011
40961,9929.933
22989,7012.744
29931,9148.391
85370,5815.5815
11150,30277.033
43549,17228.559
44556,11487.842
78209,10065.724
86747,7355.8403
69557,48504.215
61669,20800.363
21143,5160.524
12998,9454.048
50340,17863.592
68375,19869.398
68055,25574.123
29397,8284.927
94020,15097.427
13229,17538.346
43532,9085.161
62489,18289.605
18220,14391.659
21377,14257.231
46913,7438.835
86027,30536.943
92553,51490.3
61924,14161.056
73685,15271.841
73075,14905.701
73340,7534.803
59101,42056.523
85709,10374.344
74572,17466.836
54923,20543.182
46439,7935.0728
38913,9502.494
92630,44314.22
73297,10791.869
93242,34936.332
73591,115968.125
80147,11886.772
65351,12343.668
41739,10051.315
20500,11210.687
39298,7122.175
12588,28237.922
94010,13120.401
84802,41314.55
79473,15013.297
80512,12602.464
28430,18861.074
79152,14474.5625
25808,19616.434
12037,22056.484
44468,19301.197
74303,8392.44
19924,21456.426
70674,10165.574
41570,13286.949
41843,10991.168
76164,15823.508
60779,14653.739
54733,10557.892
62120,4092.1833
35598,7171.6133
23097,18444.578
11076,9251.169
96196,21089.932
17690,11393.744
37298,15913.184
55581,16038.753
75200,22974.668
91993,8652.421
75200,35411.64
80780,15100.413
43928,21045.568
65280,8181.7305
49560,21263.996
12857,5176.8257
26101,20880.523
44935,9633.891
10334,6577.468
33602,16913.752
28921,23502.111
51090,11647.444
27855,8670.98
77866,18586.758
22602,16784.361
57641,18390.357
46520,12760.318
35043,7823.149
25347,11340.842
89875,7690.289
89560,3154.013
80015,9718.859
61816,13741.102
10052,21253.81
50524,23802.252
98727,24884.4
48018,33244.273
61385,9404.677
37641,9249.409
97430,7288.146
42207,15010.716
19620,8001.6133
60865,18852.557
56513,9017.968
21365,4756.933
27117,7750.5513
33132,10397.92
66299,18572.725
48603,13662.962
23097,17747.357
97750,25617.486
18910,25528.176
46050,28887.184
70698,11440.197
95153,21067.578
46256,11907.684
60791,20909.834
84632,5487.4473
66973,20775.855
30776,35623.676
28832,20525.447
36935,19817.209
35507,9216.277
39077,22266.086
70218,19874.834
21476,7618.741
21222,8763.337
93292,21990.744
42375,34574.996
67177,12573.326
59486,9866.398
16441,11542.236
44069,13909.865
48188,24537.355
14774,8095.314
67550,9510.85
61127,32109.158
18503,17926.143
95389,10163.691
72458,21043.014
87453,11955.408
66563,6608.547
87929,26072.307
17827,5691.3833
95563,19528.451
69423,19256.564
24744,26080.613
43668,24216.646
31307,25291.791
93515,23439.848
91011,11838.809
22103,12177.729
37626,17195.562
49877,11100.808
46681,28677.283
60211,30377.016
70798,44135.043
77047,11190.183
97273,11638.3
67291,19951.45
13347,11118.356
90073,15293.563
49776,17219.266
95234,14934.459
86043,16468.934
28160,16968.41
65475,14490.88
19448,15963.353
76536,16351.892
24181,16624.95
84523,29602.12
20141,9597.094
51780,24068.41
84806,15537.157
67715,15642.206
63176,15335.779
39286,35754.49
93713,11594.153
59909,23859.035
40556,14089.609
82833,17562.658
49628,13146.838
73538,15742.042
92770,8822.414
38573,14190.994
51417,9619.313
43340,9980.521
27860,14208.896
33293,7412.0474
32938,11371.805
12486,17352.287
18543,18074.867
68483,16839.275
84740,11072.467
70517,16200.824
73358,10176.672
11835,15951.741
21744,9280.722
50769,31481.111
94676,23284.746
10892,22206.227
89416,9684.631
74911,27037.543
35124,18794.645
55706,21092.186
38683,16694.402
33317,10432.311
16801,7324.9316
80389,8174.1543
51447,33410.934
39945,12243.086
90729,15825.75
79658,16113.521
83131,18062.31
29874,15206.374
78725,10539.542
77366,30867.846
80650,23781.867
51306,15668.798
25885,9539.74
41714,17251.2
69633,28863.926
78414,25129.219
34499,9488.552
50692,8826.229
13348,18381.238
82684,7692.1714
47746,9924.058
49575,14425.879
20107,20562.12
42435,22624.734
12774,26090.895
16296,8971.569
36389,22058.172
77590,10844.872
14822,8081.5205
50959,11891.149
36594,24047.959
56338,34593.2
13835,17277.809
97017,22616.482
99884,11405.185
56550,19943.82
30340,19916.514
33651,18649.75
37293,10296.447
75490,14113.244
14277,6530.5586
76539,8180.9497
43872,21099.113
11207,30479.49
99026,16420.467
59386,14742.681
67466,8717.662
74922,20792.59
27657,6571.847
67733,16694.416
41126,12608.643
99818,19713.576
61643,17944.35
17520,27084.887
44502,12660.794
72862,8689.987
37831,13044.94
49786,27212.35
84973,11701.993
26350,14379.627
81357,37438.48
65185,28875.473
14846,15805.205
16903,13270.093
26691,12123.818
43299,17865.75
67576,12755.549
88498,32971.03
77918,13181.225
86448,12893.369
20781,12307.034
17387,24157.697
94990,13749.109
15746,15090.303
10414,27886.48
79487,9867.233
32783,29160.47
54379,11056.832
86043,11498.841
39813,19177.998
10120,47308.81
36179,21851.152
51294,21261.984
57764,25646.133
67274,18869.887
64680,11938.083
42473,11878.051
32156,20501.172
26859,9321.445
22639,14097.917
27798,20873.22
68972,23098.691
11408,22143.174
56458,16596.771
86957,45176.043
17617,10409.2705
44296,23000.754
12071,10702.023
39431,21955.334
43483,26887.684
60097,6845.0737
35277,7538.0703
65254,15416.847
65667,20934.312
50970,10452.885
69368,13735.095
15968,6688.2437
30108,13475.086
32782,12888.519
37361,23206.238
66518,8483.343
75747,12375.355
13882,8196.335
11201,9431.966
41038,23774.158
50203,6950.4087
86585,25834.463
57961,14688.642
71640,11038.43
23148,9369.482
57988,14193.876
70134,21687.809
43059,32422.023
54869,8956.62
13495,16208.4795
57384,24503.527
20337,8638.941
43096,12983.881
92671,10295.614
25844,6270.1704
11489,10230.776
53656,12416.138
88199,21263.383
61210,8078.658
39474,13582.098
51906,1904.026
11173,15386.741
53700,29277.646
21827,31987.15
28017,23001.742
50479,10147.307
30811,9505.933
83433,7070.652
19674,15678.491
94276,5677.963
63241,22498.01
12694,9257.926
60222,12688.215
95577,27654.773
99085,12033.709
49084,22145.104
37041,6010.203
33671,18802.936
38277,20714.82
34961,25389.98
85778,9669.261
99776,8521.532
13630,11795.131
70042,15361.3955
52762,5567.1196
74047,16082.681
71138,14954.24
22154,6124.531
64822,20720.818
88386,39840.105
98931,8008.8364
36749,19032.365
18498,13091.181
20175,11994.23
62221,20414.027
51068,16278.326
36751,11653.943
36513,19808.229
80331,6319.9517
36062,4096.3584
51947,12206.01
67315,35120.65
95964,48346.88
37533,11547.687
64718,13633.706
74677,26616.725
83113,15385.2295
56997,10236.845
90244,10185.59
38129,7237.8467
47758,9805.504
41682,50187.316
47795,16605.168
69252,12224.278
53360,45886.98
74392,16072.577
58058,26348.166
96193,15361.597
47283,31248.049
15220,15084.919
55537,9818.26
59921,12949.955
37180,29177.201
50155,30839.031
82350,8652.948
53282,14377.326
71804,17191.65
96947,13279.804
78350,6372.285
34053,22294.031
84390,27459.627
52564,11324.605
93300,8613.342
26677,8651.9795
30664,14838.075
12290,11142.26
62165,10394.756
99504,11619.338
94061,24080.31
64446,11491.359
86325,12930.809
46662,7921.365
33712,9950.181
46322,12723.774
39619,8839.134
70050,9210.114
70964,8544.754
19908,27090.053
62853,13499.234
65584,31124.514
29625,21631.246
93191,8187.568
92688,20715.441
93051,8508.038
45410,29597.84
45790,26484.998
49539,7733.7964
19520,9390.603
14164,9394.852
67053,13120.806
49193,9198.535
67243,10171.052
19291,8528.239
62603,4397.0684
85960,16295.016
53743,31975.936
78413,11691.847
78090,11480.538
51108,9432.873
30546,15841.909
90711,9830.413
12822,16242.298
30297,11340.1045
97065,14569.8545
11517,13443.863
44206,13591.646
16292,46596.527
71059,20068.531
49186,10165.517
86110,9366.084
79278,44046.848
21097,15003.409
51600,10276.984
36817,10305.211
63879,13086.51
94159,8755.163
65158,46884.258
71932,8692.783
71165,24829.85
47799,16242.298
72145,9670.343
32583,12500.974
75105,26860.295
21736,18719.445
46837,14028.642
74156,24761.0
64903,15743.377
98844,20742.816
68078,11379.557
64369,36751.5
81763,13956.581
23373,13582.153
46979,12352.911
99347,17543.86
25538,10125.025
42088,25250.613
36340,15337.307
40297,8375.9795
21389,11045.565
32287,24461.219
52141,14656.433
38526,21732.12
19640,15407.345
12582,11062.252
17793,17176.709
75851,7120.7407
85031,11074.839
93918,20040.436
11145,45423.938
31378,7795.6475
18703,6037.6714
73535,30562.188
20182,23350.643
22658,16278.746
69655,10943.533
58805,16880.807
46095,10648.554
21484,13509.692
19881,8028.044
88119,18022.34
98266,33396.406
58182,11001.703
52800,14149.871
50210,17196.07
83591,8313.936
88567,17461.389
67340,29252.143
93648,9865.483
68492,15479.841
63504,12392.33
91659,9143.156
73654,12317.879
76975,15324.687
27945,15144.971
24769,32650.943
21159,8054.9775
32246,17550.129
10368,7998.5967
44264,10280.677
57841,6408.593
99516,10504.709
87373,22134.035
60343,8644.853
15640,37448.957
58468,9759.676
93377,47685.88
52646,11110.973
46954,28389.932
99918,4555.049
49566,14190.176
53389,7887.024
47438,15235.954
54811,17719.807
94264,27082.846
64936,15376.965
55460,13208.763
87902,24794.402
46214,9754.498
91851,31320.96
41207,29824.965
62763,13724.321
69563,5744.055
78503,17076.451
41490,18311.678
43426,10039.027
96677,15301.622
26645,7629.5654
87079,19467.281
46505,19626.66
90709,11622.643
28175,16454.953
67967,6654.08
21180,16814.584
98450,11312.876
96872,17262.594
27511,12229.709
94980,19322.6
65637,29168.027
27111,22654.355
40322,10167.466
62514,10672.472
27898,6447.5522
59268,29060.904
76822,36150.785
86400,13184.361
38011,21597.783
85526,12683.06
17896,7832.869
75040,7632.88
87523,14343.905
61875,15451.746
39276,9343.632
15009,15855.707
83287,9497.334
33321,10772.152
63773,21666.191
50228,21049.535
50996,13768.794
43146,11076.378
10501,50527.633
34554,9017.918
31642,20820.639
92177,15338.733
44510,11422.483
91893,8292.233
97772,16013.455
88594,10846.901
52801,17730.926
26256,13140.801
47983,20956.867
59281,9031.698
13541,24693.99
99634,26507.254
63158,24107.555
39236,10807.188
71539,27483.105
37814,11715.104
42825,11215.591
64694,15577.594
12869,19679.46
42751,27339.518
84673,13540.2705
24948,3932.234
39285,24626.701
96795,31795.035
71039,6701.429
13084,11955.889
10506,21281.041
55575,14950.977
28423,18060.686
75073,56696.066
40807,9551.116
57596,9766.366
79203,9397.816
99228,14516.718
57706,15528.395
28830,29380.086
30308,11090.831
47557,5138.7197
52597,15192.566
22965,12093.208
65188,8614.261
93526,9807.323
31400,7635.9155
81459,19907.994
56589,32428.3
38799,12549.252
18150,20589.887
45722,12301.57
79909,28888.947
99248,8747.514
23433,20789.033
76239,22232.518
23857,10121.339
97474,8340.25
69418,21789.889
26742,13409.499
42181,9078.1455
47397,16584.248
46775,8337.105
66298,33438.34
47781,9755.528
97715,14523.63
96812,7125.982
21334,13459.432
83340,9782.248
38279,19936.494
46715,20888.107
44124,8105.3774
17406,21318.703
17042,10913.614
74679,7561.1426
69754,10043.266
82364,19404.113
22768,10646.575
74239,24759.607
51079,7344.472
35053,15516.712
82248,13666.675
19074,17931.94
89130,35161.42
35601,14040.343
60014,20524.15
25245,7765.0845
41531,16540.672
53525,20090.863
63345,17964.732
56917,36168.984
99564,11608.057
11056,10648.96
88432,24437.475
81604,9811.433
75350,30873.06
60859,30829.346
70105,16400.307
67149,13351.883
73130,19757.688
65107,8004.944
16240,10687.768
52526,6783.9624
88428,15735.54
55919,14541.894
62343,9233.888
64236,12669.612
44263,14744.119
67934,35351.69
60370,10906.474
56607,18608.334
11016,22950.414
66772,11644.607
85514,12007.884
62891,12527.623
72163,31790.03
57330,15694.732
37859,8001.342
91751,6363.0776
19741,27620.78
77286,19255.805
14901,24137.598
17837,23196.598
12150,17423.068
82339,18620.176
23560,15228.114
69101,16948.652
64795,23516.535
92761,13335.537
16698,12261.069
27121,24385.562
76632,17543.86
58933,17127.22
59494,51203.26
30681,16579.82
97459,8215.297
67316,19002.113
88332,21474.633
27078,18239.334
53664,29948.283
13420,10355.993
84850,20639.445
83733,20975.848
15481,48024.605
22692,11873.285
67457,13605.57
95963,10247.942
36641,13609.621
22750,19049.535
23297,17538.15
83842,18473.537
90904,20319.227
36382,13391.438
34102,22467.852
80114,12036.674
45123,22590.508
68642,5127.712
71429,29258.688
52615,18194.674
36198,9573.854
34960,10475.175
71756,13849.483
48911,11704.122
11302,6743.422
89206,13424.752
81063,32550.416
29675,11888.601
81741,14126.278
20641,21800.797
11254,24738.572
11833,10996.735
22606,25814.004
19811,10962.593
69603,15560.445
57768,9799.125
25566,14388.85
21211,11635.825
54868,13086.042
24236,19046.625
47168,14568.079
23924,24121.877
17420,12580.26
13097,17382.502
38305,8613.753
52697,14867.349
28010,6812.9556
85849,11680.597
98811,9195.38
27131,7610.841
72235,13096.4375
45700,10561.853
55878,7732.4316
69041,20887.303
53661,25169.742
38143,8826.132
34880,12502.758
80984,7889.483
38026,11145.138
12861,7370.681
92073,30115.578
69719,15248.589
22708,7863.842
33557,65543.19
62236,7886.646
38991,14685.821
60078,10149.18
13306,18401.842
37134,9929.293
81865,7230.125
56703,16284.12
43274,6866.5166
17810,33622.44
41847,9950.1
20790,6444.3555
99650,15856.92
66238,20500.438
20118,24427.43
23533,19330.229
49083,19291.27
80382,15811.092
98475,10521.923
39007,4616.9966
78237,14448.902
98754,7971.5767
89960,36898.027
78966,26687.602
89505,9045.681
52333,7759.9355
98148,9189.616
96248,14738.679
46256,11093.935
93258,21668.734
37879,10667.806
94874,31886.709
71538,15268.327
75463,9848.363
10810,10158.291
23122,15251.955
47681,12599.654
40699,10500.843
67142,16142.565
36537,22504.473
43351,7361.88
25695,9514.515
88993,11155.06
63536,11545.733
54490,19924.11
34198,17418.652
22138,10049.729
63196,13175.7
64707,30344.54
59098,13695.42
35780,12086.244
10470,6332.5967
35484,8556.543
91110,9570.999
31015,21940.17
70825,12863.652
78575,35102.203
21126,23761.479
94711,17047.129
39203,11188.523
86022,14294.566
62568,10408.423
62363,16139.145
81366,3351.435
56536,17447.516
45666,10405.171
41420,11873.285
80164,29389.709
71357,8054.751
61219,16466.943
90540,18098.027
51942,11282.429
26731,10771.136
75218,8765.2295
78547,15953.966
13502,30357.197
91945,19555.357
33360,15701.984
90771,10067.779
87018,9669.261
63392,16404.498
59476,21977.99
56718,21322.438
85385,17965.918
34200,11109.742
44831,17911.414
12259,12798.977
18047,32474.492
30349,10316.969
98714,22580.941
65496,15210.024
74171,7965.65
97962,12432.285
81821,17359.35
18160,29726.701
83119,11447.046
42797,10139.829
91453,34296.332
27277,9616.98
24897,7520.724
10495,15531.495
65983,42105.71
95932,32258.217
71242,13299.374
50677,14683.734
47705,10516.389
43080,14406.07
29423,15682.322
62597,7914.1484
51796,13959.276
99949,16202.613
58191,14322.775
22123,10419.414
87921,14195.098
28194,7250.4473
64666,21525.605
94184,9586.897
62004,11607.234
74962,20544.594
47233,5838.931
73257,27325.812
29821,5078.3643
44814,14724.377
93135,10526.197
14712,10697.299
34326,24580.777
27248,28590.867
57211,7394.625
50402,10095.369
68696,21826.525
24590,8904.254
47721,18298.508
22648,14056.027
58950,9766.213
32348,13284.099
45246,23753.555
99487,13005.462
93081,9247.389
56953,26356.418
73978,15094.674
52687,15103.98
63862,10384.673
10703,11423.872
19146,10170.425
26627,23167.47
61168,16992.01
77218,15932.874
65985,11767.757
48927,6724.8115
20646,19426.268
48193,14340.439
54753,12088.764
98897,13239.719
15644,7970.0327
38753,12742.736
53763,5071.017
22657,22117.924
30999,18383.49
55077,26466.217
74388,28404.646
40007,8016.072
81452,9515.781
55358,21518.486
87920,22230.18
53003,9157.969
73465,30320.734
76046,20708.752
51620,20693.773
89559,38173.484
82913,15402.925
23126,7320.286
73612,38242.254
25283,17094.277
53200,18318.094
55038,20728.957
38533,27442.73
21724,2434.6
61769,15194.223
38466,15056.413
46098,11034.972
73073,17231.057
73134,7938.468
29621,11071.426
34597,8857.115
33663,24175.947
56902,16538.51
15739,24712.959
73541,29390.818
62112,17113.08
63332,28618.771
55510,17310.36
34011,11032.834
95359,19069.967
73957,29098.578
62689,31630.611
71073,14399.129
25067,11451.457
80887,27355.066
55835,17539.553
84050,11267.549
15651,12233.39
64503,12479.092
46507,22050.61
29140,28393.135
88485,8858.447
14288,11402.834
19412,19635.564
26240,29410.4
16752,5614.5044
27320,26399.354
62071,15169.138
69008,13193.779
92884,4325.0107
46659,22349.451
54123,21961.703
56567,86006.25
19902,12283.67
60124,9852.032
19971,15247.32
87735,64517.52
27622,7824.6323
79913,13344.132
16876,12431.391
70082,20444.078
84449,9772.777
53263,14012.754
20180,20011.367
42695,15913.389
35197,7034.425
13461,8842.266
74116,23830.613
86662,9274.966
46775,9868.97
79669,16784.953
44950,14205.993
41657,11371.641
26343,11318.546
21797,30164.645
68445,13970.536
24269,9864.15
22139,21645.7
66069,26757.438
48118,8822.3125
65274,31625.39
47871,11124.14
66235,42468.926
69084,11852.441
59887,24211.447
72468,11883.338
33811,7408.8794
67666,18208.86
93825,14668.53
71547,7398.8843
80396,18789.152
66564,8668.251
31029,18184.525
28474,18226.117
66313,2247.195
36165,9985.339
84836,13116.738
10330,12207.55
77810,15781.195
20250,16988.709
19594,11113.974
93092,17248.273
32087,21172.469
51033,6949.2773
60561,13458.066
58595,15291.335
72393,15782.332
13913,15892.125
84592,22146.758
36457,13194.403
84950,18967.785
24246,12608.494
89861,14961.708
71882,16699.436
48499,16708.19
16629,15731.686
74394,6353.2217
29972,4876.436
86341,16854.518
62795,7804.2896
43082,17388.936
21628,11721.339
81828,15794.977
16171,24571.002
83444,19373.457
10783,7890.6255
76193,5493.3325
65938,11530.064
83544,6068.7446
30786,14410.746
37659,33366.098
51023,8470.016
52712,11413.573
36887,13140.663
88194,27580.627
83317,5965.3716
48236,9938.1
55925,11078.89
54446,9336.674
94866,13830.752
48444,23769.793
78934,24611.53
98669,25944.58
31448,26109.986
21789,18041.787
26642,7569.572
60030,11548.003
37328,7893.1807
79797,14369.667
64677,10576.523
78813,20655.652
99756,21502.31
14721,24262.006
59933,11704.496
66815,18440.402
71827,27436.76
20487,7684.932
26068,6875.7856
46031,47054.945
16976,12859.299
52733,18086.443
17478,8898.495
69032,10373.314
57355,22873.213
44224,29642.43
42750,13604.127
77741,9197.654
34989,8529.924
65199,8695.677
87481,11101.327
95756,10537.792
72586,8241.437
89049,11625.789
68701,24704.584
16160,12226.53
96300,15558.262
93874,8199.195
40881,16533.553
40412,18671.178
36548,20795.125
66010,31852.94
30654,29966.576
34309,43628.54
45388,14906.597
11790,6631.2827
20526,10917.15
34653,7429.783
72640,13834.036
60048,16457.494
46775,27496.957
74686,16303.912
13936,10010.109
27412,10172.574
35817,20863.506
99562,7530.1484
46651,15818.684
93359,41200.566
22130,15021.932
26916,9296.97
24544,7628.2017
76968,9156.502
19086,12565.434
69892,14559.009
97516,13152.806
77089,5124.7056
98041,6520.6157
62802,7179.896
82475,9223.122
10401,13907.437
48512,20850.623
48144,15674.801
96539,16106.082
42414,30930.742
88223,6736.012
84220,20001.871
45148,22241.334
60272,40202.668
73349,14773.177
94617,18720.488
28721,22227.578
24752,11573.487
37880,8107.76
75872,10015.991
58931,14846.35
82212,26399.645
26349,6658.3174
85597,29919.025
53649,18098.133
64285,33987.895
73756,11831.794
76653,8548.314
72168,10899.984
43939,18304.332
61602,7241.06
75364,16170.435
36345,15433.613
56506,7181.656
35872,19536.592
81771,10982.378
45002,6189.3833
44815,17968.602
10994,22420.39
48650,10623.254
13959,9070.253
63378,7170.8086
34928,11414.127
82257,12512.523
87412,9784.604
83611,10808.863
70251,14081.841
91394,7484.534
84854,50537.01
64961,3205.861
28232,19706.701
62826,15130.196
91559,8750.284
15044,10913.338
26546,7314.385
78021,10680.145
99819,19824.27
89631,24620.957
98384,9752.442
39102,22053.854
25789,10926.89
81740,7827.5356
92035,26822.275
95297,11137.576
49054,8717.618
43975,22279.38
99617,12720.051
25215,43347.562
34913,29322.762
40414,6267.0566
40088,10327.415
59444,8399.832
84060,9884.942
53418,9325.13
67870,12807.873
26592,6613.1807
50191,28171.977
81312,5386.897
77336,13980.133
20502,10996.605
45827,12371.584
38302,16049.176
32285,20087.021
56053,19043.133
14449,14964.916
41369,12776.48
68941,21948.018
97540,8424.475
30108,44697.336
10262,10134.36
55852,5866.622
57448,13584.971
73438,30733.488
22842,12897.521
80608,29523.447
82341,2140.9023
71697,16505.047
91167,22178.04
76177,22330.822
72277,11498.868
24121,46914.297
25344,9814.809
51713,18979.312
14125,7953.757
89662,13615.573
80433,18249.115
88274,10028.688
70268,5969.0327
27529,14257.8125
14124,5848.1313
92092,29105.617
51606,13913.819
12025,7603.783
97485,5792.9814
48697,21420.893
77548,21445.557
82474,13963.028
83452,29778.303
79146,31748.758
11461,73352.52
42062,12717.88
53159,20372.07
40181,16604.771
48866,3471.821
46915,19143.586
84946,20424.309
73490,21788.932
99665,40163.793
40487,32247.146
70303,16096.168
82551,20401.87
86741,12681.783
13677,1575.4229
75970,17310.71
87196,20110.941
21941,23763.264
82437,14464.691
22479,27395.076
70717,12595.681
21838,25922.924
59661,29833.203
80228,11363.691
23970,8690.827
50090,13749.681
89859,15105.631
60568,19040.459
37284,4813.6562
37816,16329.669
47271,16657.37
15999,6939.4297
50845,14054.833
86580,9417.936
82501,17446.812
76696,11340.247
98652,6983.1763
80046,10907.974
69850,17964.69
48592,21217.8
38502,17196.932
23764,7849.0757
93814,8018.1973
41477,14431.588
40842,7028.366
70077,7610.841
11984,15784.443
11009,9185.745
82248,9183.13
43826,11159.751
70467,46913.848
93453,7872.8975
22634,11837.212
19015,11514.78
34845,23973.781
79764,6938.272
94852,19546.709
71970,12649.205
25882,17761.748
58321,16378.298
84699,33440.746
68934,18346.926
27693,10730.183
42835,21071.201
43186,21099.729
50853,10397.139
27525,20076.818
52086,12103.483
81862,19253.63
70357,21489.227
64477,34120.645
70306,13562.008
35407,33840.65
55540,15893.114
85618,11067.8545
32380,28124.67
28423,13708.409
11916,11544.569
89453,15317.733
32429,4868.331
52740,14611.808
57788,23678.975
65979,10083.488
24200,10187.113
49307,6814.1313
15426,10118.736
36660,23895.322
52946,17271.773
58170,15972.701
46503,18670.785
20139,12261.924
47334,10161.581
82115,13166.228
79194,11918.452
63759,13797.317
41004,9954.773
11294,27152.098
12020,29521.852
56057,16388.84
15498,16946.764
48647,29605.172
65898,13866.708
58815,24777.05
62290,10958.993
64525,9512.33
35172,19254.3
90557,18623.72
47708,16397.031
82588,16631.83
67685,27950.684
10581,23084.078
72784,30335.582
49170,10064.656
21061,12074.393
44103,8515.287
90085,7170.0757
54443,9766.795
25559,16322.941
45598,10527.706
22899,12990.472
61008,74141.32
57290,8273.229
96844,13335.208
87382,7305.3784
13327,7776.9126
45944,26671.398
79003,16333.775
47545,12621.777
91370,13607.898
21831,18311.824
60342,17249.846
28251,8215.277
60685,5290.447
15059,13687.519
44330,9327.186
63044,7185.746
76212,6210.1553
32285,18472.47
24116,15426.982
73869,28814.697
96910,27835.84
18945,20701.191
70325,14589.544
63107,10645.759
40698,20134.955
41565,35477.31
94944,4906.528
54717,16913.223
45371,9778.313
17023,25106.225
43001,12341.737
88529,16521.328
89747,21747.23
47884,12395.194
45159,33733.465
96174,8414.915
55019,10356.07
93553,11667.644
97781,14557.152
12836,10897.144
82646,6683.394
71840,7763.675
68070,12030.267
91553,12427.123
64777,28742.797
89533,6869.829
36025,17814.244
50827,13371.447
94910,15184.009
90316,29042.451
92039,11426.659
31086,15701.6875
89535,11346.789
68879,20433.553
64965,18499.62
81255,20093.188
84928,9465.189
43487,7694.7036
92459,13519.36
14327,28221.117
92451,43157.957
83033,15277.563
22042,14500.26
15677,7726.4116
10158,21301.105
89903,16041.209
27691,19951.592
25272,8160.5522
71355,21046.594
44014,19994.592
45023,13231.239
38971,15861.579
82648,26341.291
14126,18557.066
61059,3520.1052
60397,18641.523
67109,20783.727
30900,10992.246
53531,12151.808
44217,4488.778
68913,10140.984
35735,10379.756
53751,12817.421
87184,8433.737
39914,30837.592
66599,34838.406
65996,11544.684
41561,10509.756
78400,13632.054
24731,8970.26
84033,26997.299
27599,10129.052
31550,18896.678
10778,52345.83
76658,8504.757
23546,5178.8477
93171,11551.122
35579,20813.885
87691,15644.503
84866,15581.622
77750,30238.164
10874,10003.586
64001,13945.222
52357,24347.398
71641,31634.957
94289,14697.027
68161,22244.492
39291,33988.402
24356,9600.829
40271,10804.246
15746,15687.689
68537,11184.034
33748,10645.911
48817,4902.3125
48439,14321.475
74564,33611.566
95702,25827.992
28914,8936.058
98941,16390.682
66817,22040.969
58354,15647.621
79353,11148.98
19481,16354.999
10868,46583.613
43436,23462.527
23370,27410.582
34267,9810.151
30050,8887.704
11525,32971.848
29903,12084.725
44741,19350.03
83310,11655.973
49909,13831.767
68698,30093.045
42902,14098.02
60633,15116.026
87309,23119.086
14429,12868.595
40090,22232.793
36401,11910.1
17693,18894.393
45812,7047.3687
67760,28925.123
30390,17197.014
34840,22564.695
87512,6616.969
66249,24715.357
94120,4343.022
16249,27389.512
83885,10622.312
42138,17768.701
50206,19292.809
28759,14313.263
80917,25303.352
23322,4915.7773
64694,13520.01
64989,15910.753
59585,12874.241
57738,6830.569
17508,9160.144
89677,24846.822
30483,22051.963
84471,18160.717
81762,6181.4424
74734,19737.123
80275,17291.135
12857,34158.453
76524,17289.26
36086,2789.8604
26456,34561.676
56848,6453.802
95181,16816.6
24309,12057.053
42908,21630.898
64232,17397.594
50650,11448.84
75509,11045.651
28727,10604.493
51420,24292.143
30481,14324.927
88317,15806.121
78452,30333.242
56296,72389.88
42809,7343.223
60568,18781.193
45030,16039.658
12388,21286.127
21015,16618.883
88312,16189.266
64950,12541.516
62765,14593.803
29132,6927.684
13237,15296.328
50072,27453.943
66876,24968.877
66491,15447.906
51057,16334.088
30369,11999.078
65315,19842.342
24662,19626.207
43750,10381.124
69761,22881.361
31307,16777.246
50474,9449.395
52411,9865.822
18180,15770.064
72049,12598.81
97103,14021.761
13818,7276.0747
30576,7285.943
77929,16496.277
24830,17560.477
36159,12047.15
49022,6502.342
26911,7185.5566
25810,11244.099
15821,14041.112
86984,19842.342
23850,5285.0703
55281,12746.764
35828,17729.672
40967,12178.143
81925,8371.3125
69072,11035.032
69424,6622.9834
34018,17120.816
42670,11465.171
33720,17149.95
92063,22697.604
74505,46173.703
94218,10987.592
43656,13117.524
22920,7717.2197
89549,10892.06
37623,10387.524
18340,6483.527
76682,10001.106
19748,14951.883
58938,14768.807
88910,12408.284
31470,10483.056
49222,10427.6
64120,18718.01
10476,26089.943
27731,6481.1895
33244,11025.992
16315,19508.277
21591,9092.381
28341,18133.348
44358,42317.95
56239,36996.645
67483,31288.469
33479,25649.936
35515,16354.11
37529,14742.456
35634,11557.397
77219,2419.6147
85147,18054.283
96749,21211.36
65467,9448.409
92304,20500.193
67528,13035.171
82887,8323.232
60341,13454.877
80325,28189.166
67183,25785.066
18291,7694.806
13765,18319.012
27247,14482.587
90126,13172.879
88440,9269.471
37055,6497.865
98025,14542.8955
20653,9123.22
62362,15797.079
97436,22823.445
59037,20176.314
57349,15836.29
99220,2094.825
57398,17897.773
49233,21428.668
64835,17075.602
53036,11618.694
61956,15246.83
54072,26256.457
90909,22179.557
25617,6448.4854
21169,6810.2715
66081,9057.753
29211,26411.271
73060,17286.299
49227,13814.727
96441,12520.577
73883,22266.457
91957,13523.315
94173,15913.415
95099,21756.299
23806,44320.75
77910,21985.873
26278,7460.3867
61888,21377.416
14085,13375.645
78631,7115.434
31674,10797.114
43193,26918.139
99926,11820.025
15787,6749.233
35858,7385.06
78921,18120.459
99285,7524.9453
15115,20757.965
12052,23503.17
16613,8495.199
93972,12129.326
32504,6787.258
72532,9795.646
66070,10473.691
13240,19621.135
65026,18359.627
48795,14359.633
59356,20235.176
78032,26705.053
64251,7553.256
80037,19041.545
16592,14294.914
72687,5587.522
91906,11092.121
95880,2686.6875
77338,15382.547
93856,12291.819
56501,14344.5625
10993,8383.251
34533,9876.741
64241,6308.653
79359,10801.355
17458,15205.426
54019,11166.206
68067,31536.09
12053,55251.715
38576,34964.145
41257,29420.541
26734,3674.347
64248,12072.469
96780,14702.636
16216,32645.744
75038,14131.024
62244,20122.549
59366,44095.645
91641,17601.719
70380,6633.6333
24284,7401.699
29670,25110.977
56397,19980.621
47872,28616.107
43738,17595.5
23594,11355.228
81944,28989.066
77905,11994.774
61236,10008.8545
16713,14311.102
24931,17903.408
62688,10302.483
80007,10966.721
25889,12467.428
80644,35148.62
75403,24058.629
10186,10333.769
72327,23248.582
81567,16144.091
45998,11798.873
16257,8690.541
91278,9916.692
43667,15193.825
82613,4763.3433
13890,16487.23
79527,31585.49
38067,10481.735
27574,21254.38
55471,21061.996
16511,21002.916
57962,15939.366
24148,7771.7764
60909,10941.737
12921,17068.926
45326,15308.422
15400,4097.8364
94612,9569.387
75421,13246.33
88605,29399.363
18723,23525.252
90842,10896.561
64214,8009.042
42953,12548.768
23086,8394.273
34570,10259.922
68267,24663.658
96314,19179.664
86058,21447.932
40437,11313.436
12850,6497.008
23109,20694.861
90755,14063.666
38586,24586.46
49132,20231.775
57221,9536.733
48974,20226.627
18250,24496.303
74709,15696.926
85664,15086.118
64799,13772.743
82599,22261.604
18838,15187.238
65831,9220.591
92323,18149.605
43196,8661.624
92640,16645.783
22033,13566.674
33701,25104.54
82623,7652.53
26678,26280.162
71873,13391.0
90702,21626.182
35950,17591.305
12766,15235.182
75670,34473.09
27670,9350.956
47205,13091.377
83463,34067.914
11868,18795.537
45473,5900.9487
81996,11806.979
16718,11256.093
93917,14561.007
37956,8888.051
47576,15295.353
86078,8102.164
71964,10197.708
81408,18373.893
96183,6940.474
22639,18771.86
29705,14656.242
25101,6110.7637
46349,15296.727
69477,12180.131
50651,34319.434
35952,9047.173
83478,20268.742
94556,6170.8438
95196,29612.6
29353,11747.123
11463,18339.291
79848,11753.662
77951,16986.324
47392,13456.293
10949,8912.074
64232,27833.123
47058,13614.1045
86908,40258.67
12958,24846.822
20885,18422.24
46624,20697.236
85347,10704.558
94025,6377.2153
42469,8561.485
99901,19289.209
88153,7695.0347
83230,14976.573
44615,16076.731
17877,8995.499
49896,66684.53
97961,19229.016
98326,23287.193
81559,21791.07
27077,42290.516
30507,8420.003
67951,5761.4346
91194,33659.707
44751,18061.283
62977,12150.306
13638,15302.949
39761,7868.946
62631,12495.15
20581,9623.721
18726,9610.273
17396,12450.093
51850,11098.614
66355,6458.668
77572,8572.294
91984,9895.287
89500,7038.7305
81403,11863.189
46196,10156.484
88066,8647.778
70518,26176.215
81808,12255.202
21118,7919.6895
86162,25581.408
95357,72277.93
85702,32945.758
22598,7507.2295
31047,18517.86
46830,25159.312
20325,21354.625
39752,19663.014
77175,7367.7534
59675,28911.178
32697,13232.5
97921,18920.648
19179,8115.476
30348,21938.273
18574,18276.764
71581,10008.081
69071,20325.037
18909,27496.957
99134,10866.529
32669,6293.2383
72056,11152.959
23255,17107.238
21824,5701.9307
90282,15688.217
70986,6194.7485
28394,9467.658
81217,25810.611
89937,5477.7803
31139,10597.6455
84581,7001.6953
18672,15262.842
84343,10684.341
52242,19548.648
60410,22530.496
29714,10457.463
94099,10633.798
96584,10751.043
41185,25291.604
42431,6821.299
82102,8031.1377
84694,12481.246
16464,11787.724
66060,30463.87
23050,16955.799
14271,20258.115
84840,30374.021
92831,26608.18
49544,7859.844
76546,11819.298
98798,6752.726
38527,16067.529
74465,28279.865
98121,9154.006
25888,10380.484
73945,14410.982
55755,13821.47
43298,7785.3193
27098,33828.473
60768,16485.332
41051,42071.848
75968,18689.686
48042,9020.816
11472,9615.27
32220,12949.401
52468,19594.633
46134,9453.69
36522,6819.825
81523,13513.516
20579,20589.887
34606,18794.701
21528,24971.973
83862,11227.281
67785,11632.791
72569,10762.0625
50691,9946.827
74184,11421.376
87506,13102.313
40046,19091.463
72175,10422.175
86138,10276.178
48966,12598.618
48899,33355.0
29609,19076.08
70761,11109.44
70224,16486.557
68093,10404.66
82402,30109.156
55184,46169.02
58120,16527.076
98422,26311.133
11571,7117.7393
49205,30028.688
56232,23856.56
35191,41445.33
45101,7718.942
70311,13687.519
83527,28720.365
66173,29337.27
37535,24063.617
84548,25863.17
15489,28418.773
74639,23715.803
20202,11019.343
46544,15028.836
57268,28773.43
72646,45661.203
76689,35042.758
49982,11402.834
87921,31812.506
81524,9345.418
92917,14231.022
17994,19579.371
94775,12294.96
11345,16176.085
32598,7899.885
14380,18061.283
95227,26462.11
49740,2969.5515
99984,5073.251
66315,25058.162
27794,14881.8955
51002,35411.64
71349,25200.09
41257,12396.95
95493,14161.286
18692,13417.639
51652,35402.754
48227,7787.9214
81288,7414.7837
14039,9800.618
48489,12783.007
19032,4141.2217
59829,5842.386
91060,12966.578
10555,12197.582
41597,13947.067
51677,19140.352
19427,45527.75
53778,6198.7666
76683,24353.906
53334,10319.812
79620,7756.524
18097,10479.154
98300,9080.829
35728,22494.21
50824,10960.961
72792,7326.8325
80930,5578.209
77486,7264.796
68795,8880.455
12157,17926.143
59685,16378.406
93146,18911.104
38145,13871.901
75492,27916.93
12375,30493.19
64739,20709.951
89066,12313.188
34294,10718.532
12149,11787.652
34005,19242.188
97973,16859.291
65882,13192.05
96227,16094.706
26129,26824.129
60720,15096.15
71445,21425.73
45353,14672.465
37050,10983.181
64180,8199.85
79114,24470.617
10121,13698.913
23204,26959.406
88573,7865.093
48576,19783.639
69463,17801.518
78445,14893.177
30310,25393.137
26737,16457.494
58933,9429.674
94165,26464.465
57057,9586.967
70286,11531.003
89697,6842.0317
58167,17416.61
27380,9278.808
58086,14490.821
32726,9685.517
91499,18534.094
84725,17648.865
24259,28113.22
34739,13883.494
77805,10941.55
23301,36251.816
55060,28160.012
91594,18216.352
36263,16289.266
63361,7933.422
50720,20401.918
47385,9754.856
15733,11227.73
50608,31495.82
55978,6973.086
69969,13334.289
17165,9569.211
27697,5073.2153
25608,12771.629
96596,14618.378
72621,7333.9805
99467,4686.9233
69184,18509.68
95697,27869.043
54191,9899.161
74418,2200.553
60038,7316.057
78186,4468.246
46021,18579.324
11351,10342.683
86577,20382.238
59411,7318.932
67420,9901.833
36033,30611.16
85751,7683.692
57886,13113.6875
36666,11944.841
11386,27872.867
70575,19305.133
93882,12639.634
21936,8026.4087
32406,11858.997
89583,24947.078
61282,7590.1953
47335,14960.592
10639,9749.359
20786,20890.568
93261,10318.215
75044,5932.3633
60465,11875.232
62977,12805.001
79302,15008.743
32297,18873.254
79159,24455.055
13926,23881.18
91611,8985.089
11045,17863.375
91118,17169.951
76136,26286.977
55699,18580.777
54639,8347.233
27895,12158.541
13100,15194.334
83601,17010.977
29088,30063.027
62644,22738.148
98087,12582.249
13480,18215.492
14743,8189.987
21334,18577.123
44747,13032.79
18758,9806.394
16066,8118.1343
18861,7158.687
30278,13510.451
49798,13517.277
20846,11842.102
55717,19827.355
62086,18956.268
62803,14664.521
95747,12371.576
99223,7014.255
12439,19856.637
91211,15073.019
33572,7118.849
46769,25574.123
36798,11089.982
53476,9559.105
99505,35319.742
37339,12635.849
68591,20698.592
23177,11487.019
39913,8117.3853
68106,7771.6406
67052,12712.621
72432,34661.008
76903,16326.722
27718,27126.322
52661,27153.021
55665,21011.129
45055,7292.1587
55666,20318.387
42223,11498.366
20994,7770.7217
68263,10807.511
64068,21194.62
54406,10756.706
78923,11525.301
33057,29379.62
83070,7562.8047
48570,17158.37
23490,12336.651
74229,13188.973
65923,28564.422
94825,6119.5913
98874,12354.922
76834,11806.123
50392,5073.5654
92173,36171.098
55937,7518.7314
66432,9940.108
54849,11311.996
64869,22601.744
38516,8397.628
72951,23567.822
72692,12610.343
54320,24805.459
89947,6132.578
51069,26162.861
26367,29014.922
52128,21284.7
10709,15748.39
82127,46789.9
63449,13229.509
82451,6774.7007
37222,16541.594
32687,8760.868
55124,8401.198
59376,19510.24
32733,11000.012
11338,11500.828
37112,27124.457
23605,8519.832
86106,11375.123
62913,19250.812
14249,8813.23
91305,27464.996
29837,16420.635
21367,21034.53
70658,6960.5947
93944,13781.136
60491,23529.732
88979,10927.851
56893,7608.098
16728,7898.2515
44348,18623.822
38344,7632.7173
79629,24140.693
55251,4358.879
95235,9568.354
63735,22051.432
90980,13487.67
15531,14434.683
55029,10144.409
27838,36778.55
55168,9476.314
92871,14577.606
19459,21114.066
73104,15393.793
79534,13481.716
87427,9989.34
68898,46997.29
62458,21182.8
70760,16995.46
58804,32265.373
52024,14327.204
61338,7179.591
23810,17029.77
57113,19995.154
26947,14193.09
22517,7786.1226
46134,24413.744
12401,18331.88
58861,95329.21
31213,8249.116
71019,10583.312
53369,10936.786
54226,21184.96
65575,20938.52
39617,19725.805
90953,10733.398
37037,24680.926
56832,50296.59
84480,13761.512
41469,13165.301
45427,17753.94
58056,9302.227
98265,14329.928
37791,14922.238
75097,6377.634
87802,16789.867
57798,21492.156
27725,17984.35
60408,20032.412
52976,14393.564
83227,14531.761
11640,16262.401
69409,10963.769
23930,49679.207
97556,29962.469
51521,11931.485
31800,19657.697
26738,8453.792
78405,30490.223
35108,29172.69
86220,7832.3403
31663,11561.376
60555,28880.467
92681,20853.262
81652,6985.3735
59142,26870.76
79528,19791.953
98386,14415.26
73030,19258.73
54940,29420.541
10594,17201.982
70653,29418.871
53706,9585.684
70853,14078.052
16903,8582.99
85684,13493.306
54415,19555.918
25583,26692.162
74390,20568.244
85664,19700.186
62676,11877.455
53788,17062.002
77792,7514.377
22535,7116.1187
81110,9391.133
29673,21713.084
54571,24221.625
14389,12042.752
65164,8144.959
80164,14046.273
84817,14024.103
33322,11139.868
54701,23046.629
95133,14447.997
81927,26602.943
42342,12523.021
77460,22040.44
15564,14056.12
58477,14737.921
56674,14217.756
21102,25247.85
41799,13373.897
74677,7791.5186
24110,13073.579
15958,10914.939
39789,15234.712
23227,14093.822
13891,22826.955
12500,11603.377
80062,27885.541
26704,11185.931
58645,20801.31
51947,10542.688
62793,7060.693
96489,13413.467
70713,7787.3447
66394,16910.885
92089,12288.884
17193,27506.254
93295,25180.78
14086,3646.854
59515,8939.956
53833,20184.838
50471,22959.064
62310,13717.002
75272,19543.45
50276,17846.943
24139,14259.799
27777,8036.6406
75389,25020.035
91252,37319.72
70023,7076.685
35958,12031.866
29548,5733.335
24743,9561.445
59114,22251.412
64229,13313.468
56756,17337.113
30165,10205.568
18830,18806.668
66416,12502.7
57880,33862.867
68961,11039.665
82394,14057.43
70994,33136.957
36077,11696.0625
88652,12628.928
51985,15067.882
37780,39786.41
69473,32753.818
85778,11644.41
68781,4285.707
72468,19483.938
20153,27001.04
60893,8819.129
34291,12680.878
41676,13049.009
81582,6237.0737
19214,12902.923
27065,33473.17
92486,18929.545
94945,12662.781
39113,10641.051
61649,14619.628
54728,37809.734
83048,25250.613
20341,13525.743
62168,13168.203
12945,10462.085
94039,9097.619
71366,31464.748
85451,6493.7637
33543,11127.737
15519,8854.709
28899,36372.727
11083,16545.621
25452,14210.908
79406,9944.075
70851,8948.607
75579,29715.26
99161,5470.5156
83895,11931.483
96652,15299.737
60807,18332.25
51278,7970.9453
67223,22256.121
43450,7377.4336
72003,9377.883
17612,50408.965
43039,18776.133
70764,13672.476
63346,15700.821
50191,15559.254
65207,14521.873
73328,7251.46
28185,32520.283
51472,10137.579
21903,8154.165
52517,10383.65
23970,20875.576
64530,26719.938
90076,16113.829
13958,12827.84
92509,26287.59
41352,8262.876
28086,29595.684
74403,15233.082
48024,11548.256
62591,33525.957
12929,27329.938
25269,15324.638
34215,28896.346
80553,9268.406
14067,35941.938
33832,21869.594
72543,12630.764
27368,29171.334
85534,12402.92
81645,9768.458
32960,12549.755
65999,17643.742
44200,13353.069
92898,7606.999
76537,21062.1
39036,9691.084
34099,15654.204
44898,14988.424
44123,26801.611
36309,24062.31
50559,14572.878
52344,11786.89
89782,11483.004
86444,13960.1
17429,20838.092
42226,21194.62
74590,15258.725
28605,19655.885
51012,24737.465
33742,15474.174
98822,11660.426
68659,15695.391
52482,9509.613
73159,18667.904
55307,8196.312
60122,17596.967
41230,5801.4824
34424,12983.573
18098,8365.575
35316,5762.838
47006,339.28833
79331,16806.496
62723,14412.526
43217,24659.771
23585,12613.679
32616,18467.639
94143,10007.146
64675,19005.885
72232,14386.184
40406,20206.988
82760,3735.7258
16427,15932.643
20767,25262.352
93658,7511.926
87505,17053.6
74091,97902.51
98824,14149.384
24552,13988.247
51985,40049.96
26286,9378.515
27502,22264.045
69954,3931.8647
21632,28182.018
51994,17221.902
45480,568.80865
97163,8074.8315
23493,9605.4
87849,13125.925
86964,15406.331
48581,8446.395
27181,11185.931
28517,27868.828
52760,14404.858
11808,19875.117
44980,6377.7144
17648,26333.088
44450,7626.9746
87848,7349.324
47335,14143.55
54375,20240.408
52356,10343.456
69853,11399.412
31962,11977.725
66905,16892.982
64700,8880.539
61747,25057.92
86657,14718.022
11556,9515.919
17928,12135.475
88772,43450.203
50054,20691.582
19945,11471.079
55311,8163.483
77211,30040.908
33528,8413.999
38937,8602.813
78089,9112.528
84329,12312.753
66562,37625.496
56273,26744.898
62342,23677.707
50212,20639.47
22555,15360.554
79988,17146.664
13366,23606.17
42278,9218.8545
79520,35991.19
70805,20862.125
67475,7524.571
28817,11285.552
58087,14978.139
64239,10712.6875
10415,24575.719
67128,6854.189
21354,24023.115
97463,22418.78
32318,20541.85
68956,15410.307
39685,19112.098
12141,35088.227
76569,10282.559
47308,9629.041
57769,23617.656
36070,16512.408
19090,8668.317
65709,12882.326
27192,13723.199
80463,12836.168
98207,12569.058
19496,34558.81
68692,13102.486
44810,20407.639
15299,14705.162
30485,24056.736
29551,20958.818
10326,14233.6045
29446,12064.558
51882,16414.227
72260,11678.784
77414,5889.6
19918,18541.191
16796,19700.031
88530,17771.146
45761,12366.586
10315,7340.1587
11662,15065.299
32104,23764.139
37986,8811.748
37959,13817.384
65917,10635.45
17977,10803.307
41772,6804.87
57497,14661.06
23676,10033.301
23224,27419.436
23471,10397.687
46607,10994.043
13544,9764.256
91932,13456.796
18173,8835.018
32128,11254.963
79415,15144.3955
81565,13737.852
55263,22801.75
73021,14552.224
10212,14855.997
74176,24542.088
98090,13507.989
65560,9729.449
10441,25071.098
96939,18588.412
96378,9392.227
93030,20884.217
58296,8327.12
67372,12440.251
16898,20672.559
80415,45763.03
44251,10091.608
86546,14739.63
41707,11451.115
11904,13484.29
93980,11341.395
73464,16156.029
49510,13797.002
19873,32589.15
31447,8075.799
58962,8834.84
81222,20947.188
61467,14657.444
26560,13378.79
84874,10186.732
78375,15732.709
52693,18499.752
21671,19817.379
94066,14790.442
50803,42680.664
22339,13271.109
76734,12930.144
23870,16953.951
62345,9296.97
44088,8940.481
57000,15806.121
92292,18911.025
52116,22520.018
57006,27508.027
45008,6914.559
34798,22722.805
61832,35945.664
90366,7533.277
54602,14134.309
94754,11788.779
21790,11131.717
23939,14792.716
95515,32824.387
61880,15501.057
73975,16323.96
77462,15960.996
73722,8149.212
99252,26131.848
59951,14685.783
86618,26938.695
67974,7613.6074
27370,11905.472
88731,12538.689
33661,7898.165
89032,3709.5186
28295,20070.082
69790,17592.621
24158,21138.496
11116,22877.475
33492,6121.362
89017,15564.521
65162,8795.229
27499,10824.986
75834,12630.991
89379,13534.322
88239,12763.852
63288,19178.336
50012,8949.984
50400,21303.168
20932,18074.455
42731,9274.132
90955,56108.84
41511,17606.664
91513,28190.229
42126,25809.674
72887,20188.053
37483,15935.478
27719,11421.489
85352,22780.463
54332,8784.48
40569,22949.555
86082,11281.133
35868,11286.781
82760,12302.604
25113,4938.936
10510,11321.984
45078,4471.1353
89244,27524.34
32188,21906.447
92000,10062.851
51671,17121.656
37507,11336.101
43284,28547.148
43037,13202.293
62392,9618.919
50825,6137.4272
36409,17059.193
52966,21597.17
28511,16295.016
43314,19343.527
22843,18532.396
36556,10292.587
76395,10144.481
70386,10173.11
19885,12030.798
97940,11993.23
53524,16176.085
99428,28037.143
41284,16893.078
91936,30906.42
36613,9721.275
71821,23549.162
49409,12455.704
44800,20458.137
32341,15369.937
21799,48305.047
74155,28200.754
46043,29214.494
57590,67320.82
77050,5600.5815
45238,33265.727
21496,9552.474
19990,8769.818
73675,8661.777
81994,6082.268
27316,10324.385
56100,10928.503
74949,14660.527
19346,17322.398
59903,26003.705
62603,10405.748
34706,10450.681
75837,18765.924
20658,23187.168
42949,11434.265
51620,14481.027
47794,19094.604
47449,18190.455
61770,29347.695
16242,19106.135
43446,22784.596
15459,7767.541
93765,9058.846
12411,18293.389
61949,23951.453
35683,9587.553
90554,6976.3154
64997,19589.123
22851,19558.307
53135,43995.406
52669,13069.381
19799,15004.29
47634,30934.266
14436,15389.972
43284,15765.48
30888,21203.053
28774,46728.49
77156,7657.533
71568,19437.188
60836,8999.618
58024,67676.516
12504,8513.372
81600,14611.405
72583,17190.428
73070,13842.393
74185,16422.482
96448,17417.617
73350,14702.8545
28049,10571.081
77564,12199.066
31019,13435.499
33983,19207.83
89275,13740.957
32997,13404.766
33170,12564.788
95470,8500.5205
88959,7489.2026
72516,9592.507
92654,11162.427
78898,13598.319
70941,13898.21
97015,10854.301
48298,9542.19
37779,12473.63
70794,14269.627
55163,8991.089
29898,16773.705
16468,24165.523
14226,10374.01
87356,9234.436
67140,9818.01
75367,7336.383
25170,9874.72
86485,3111.9666
85517,18150.543
43094,31727.021
66501,16220.617
81460,25454.486
18161,32201.176
67503,19435.256
54420,19382.125
55129,61913.85
31272,13438.907
24862,12394.275
38710,31178.201
37886,38538.39
72168,8084.817
22523,20260.408
25445,7210.478
87639,15084.75
30530,25387.39
23070,8070.8506
93639,14141.783
22808,68914.29
28039,6775.778
73941,36306.84
49192,19847.69
33982,19735.256
38023,12013.637
25206,31138.064
63023,23079.314
81007,9730.877
87485,14047.514
69776,17420.814
62809,7063.451
90953,11792.278
20762,24384.053
59545,36802.914
97184,24290.41
99106,14421.254
96867,10329.653
16940,9548.553
89356,21561.273
82338,21049.434
95342,18194.875
37802,10606.612
29934,6971.534
70376,26460.332
49766,18309.475
72043,25269.812
78662,15581.676
15818,36161.62
76193,6674.2617
17985,7455.212
72664,14273.663
86224,8953.447
45268,14897.134
23982,9893.63
64747,17295.326
49403,15805.012
55200,8699.211
82549,15263.061
17309,66032.664
82990,19342.887
30121,12601.029
45989,47292.887
25142,12748.881
64146,23727.307
35854,9745.992
46246,7914.284
50869,11440.645
55431,55428.086
13487,17529.662
63581,33970.203
82288,24646.08
85586,9103.38
26992,12044.495
52037,11385.94
82413,24552.682
56310,12471.598
20930,6340.762
36798,7205.109
20537,15969.872
68537,11006.356
97454,13162.789
53010,7644.8853
21253,8109.562
13565,17833.26
29643,6026.923
91706,28484.912
98110,14931.109
21412,21363.959
81630,16254.594
45636,13320.693
38156,18614.393
80076,8001.3794
97394,14530.936
32059,18488.934
16071,7743.22
76283,10857.527
36230,6713.2803
98332,33289.78
56211,16874.713
47148,9474.742
47613,15601.038
64629,6834.08
43067,1868.1587
58412,9823.303
22891,8864.753
56535,10863.238
53144,8302.268
79060,25518.008
84298,4445.3286
58239,8863.746
26522,12963.455
51575,12607.581
21234,13603.472
34936,18480.55
37201,19588.318
97976,31114.627
92820,19246.732
55390,37562.78
66435,27212.344
27199,5110.979
19621,19838.168
82572,14625.74
35988,12950.276
14616,39471.066
77991,26507.254
27750,18094.578
60471,24456.387
46087,26130.748
50607,25255.088
94806,12933.226
35770,9104.154
19336,15507.598
31620,19613.404
18421,20101.424
34989,17501.676
72358,16347.909
14600,14684.247
93188,9993.123
94182,10096.44
24727,19087.783
14639,5872.4995
49863,27972.783
81590,6477.3174
40316,9623.689
89168,10793.608
73095,30177.428
75310,18893.773
41679,14695.077
50382,21342.121
16823,11845.052
34715,7452.9966
32686,17356.299
59449,13482.6045
52417,7582.9414
54776,19693.955
78076,15640.009
65243,22119.33
45570,32991.242
39552,3839.7764
28052,24460.146
25700,6868.5786
71765,20349.715
36057,35915.74
40247,6150.089
12639,30541.635
16906,29134.113
11417,14332.194
11523,15887.447
34706,20425.549
66823,15432.47
74346,9566.832
26715,26130.135
22881,13656.991
26095,59550.55
24479,8738.734
18647,10691.599
45242,7281.7065
64479,9515.949
68805,8985.068
99157,6902.1963
11503,6918.7827
25474,23990.344
96802,37752.27
98166,28498.248
61791,34052.113
53401,43739.52
64981,6946.879
33447,21157.27
30519,15300.918
75301,9794.481
90453,18129.63
46752,11178.12
54393,12727.798
31074,19912.492
65493,24917.324
40902,37780.844
47493,10268.448
43710,21419.377
21403,17577.725
15592,9865.822
51303,7875.11
16127,14034.494
72102,8095.0854
36638,28365.65
95400,20480.832
59196,11987.602
58919,30097.834
50091,22191.328
39130,14712.612
94174,7970.862
50921,30763.947
43357,19953.844
61155,21810.7
13520,6125.254
38346,31340.88
70205,14299.4375
18483,13511.848
46877,10929.674
97118,11754.622
64117,15500.383
64424,9756.8545
93355,9357.132
55690,13205.163
77617,6980.187
25522,10208.018
16911,25423.604
43960,24176.71
93888,10266.761
16398,18506.105
47921,11759.066
36095,8347.27
89525,14311.242
13325,4444.5923
24919,43561.113
24276,9905.843
80589,26984.9
98120,9364.145
69167,3896.4407
62092,17426.562
83462,13357.998
45884,9150.188
88658,19099.023
33271,20095.24
48327,9999.906
85313,14007.796
94232,10549.561
40496,22298.629
99716,18169.646
99582,9976.593
43253,6137.4272
55645,20964.084
82636,32038.143
30144,19662.596
95217,7154.8906
26255,13528.315
26817,30032.807
86193,15973.398
30783,14240.637
99670,8958.749
82680,13609.769
19362,14367.686
65406,17093.74
76934,8364.221
30160,8800.95
79829,47345.277
24421,9012.883
90617,28759.387
20444,6891.479
15236,3497.146
24477,8137.764
55905,57539.14
39648,7239.034
51158,47720.957
18179,8274.192
94835,27030.057
90349,20964.21
46563,16202.728
84754,10013.541
36186,22108.9
92146,9863.121
76328,10190.69
14221,21447.305
65498,32957.95
55084,24062.31
79528,25132.887
28816,16964.84
72144,21765.648
98117,27908.94
70918,28743.357
39171,13589.02
24162,20837.701
43722,23929.477
21827,11227.111
87112,8097.358
56576,25334.4
40982,17338.332
39930,13435.148
83666,9995.112
44272,7430.189
54606,21150.754
14647,16461.092
49905,23369.309
71067,14760.1
89616,12827.96
56835,14146.537
78761,14518.247
69961,14938.722
45698,14765.044
29259,23466.639
41141,9359.804
54616,9240.594
75948,27518.496
40203,10676.63
27511,13476.693
91147,7927.832
59910,9130.781
80311,13807.685
30894,7524.571
32854,19711.646
20574,16934.383
74351,17054.562
95259,14348.295
13118,34542.156
64763,12935.114
64581,11457.179
24738,9978.533
70059,30233.05
74661,18782.09
83794,31562.475
26804,9717.89
51609,9530.687
81442,7093.5474
33150,7145.898
99130,10336.403
12311,13591.646
25740,10259.703
53209,15196.893
86715,37184.42
21975,7688.431
24047,33348.367
16201,4950.654
20129,28887.03
69066,20937.695
73609,16375.562
55776,14319.641
21397,12936.169
20119,20497.0
19977,13252.965
87925,13095.717
24461,7696.9785
99481,8923.415
92169,27326.445
59506,8620.611
59396,12505.505
14293,20026.963
62560,17624.096
79142,8393.284
96644,7125.077
30936,16503.63
29997,11007.544
54811,10383.503
89383,21395.723
82789,2209.7021
20641,17545.184
79919,10688.727
60369,28666.846
33632,14391.595
85368,9135.447
79189,7788.038
33213,9595.308
20292,25761.805
21406,14631.51
52525,7294.0312
65729,10049.919
31644,7351.92
19876,8014.504
90546,27942.99
59770,7472.517
94869,6945.5005
85817,11564.049
60765,14922.533
91630,12598.708
43745,14826.847
92420,45084.973
60703,9356.535
89155,22670.393
82394,19102.314
52761,16129.308
61068,40413.2
87767,9507.012
18265,7145.898
36403,7601.8164
59085,18150.998
99462,15256.876
49453,14771.357
84518,26001.207
63864,29635.867
14408,9265.589
62171,7951.18
17318,17527.611
30447,8743.718
74330,14876.024
19530,9352.756
90007,12504.585
60386,16472.275
30595,19269.793
99325,9315.795
37185,20718.334
36277,9586.284
36755,24112.373
16309,15209.318
72731,9521.274
57748,29378.402
35022,34797.16
18030,20134.955
14220,9966.049
53917,12392.032
61960,10427.6
55605,12873.719
73898,13995.527
17161,22825.78
61930,18962.242
13752,9923.767
39132,8721.442
84015,10171.722
26526,23590.7
58418,22401.09
86228,12126.12
41170,7264.75
78252,8078.634
89419,19689.7
74729,9797.092
61459,15541.099
12112,22022.863
33803,7076.1914
78413,15478.584
27032,18381.1
76905,7203.8364
54381,21532.094
97237,11155.06
38285,25751.205
55933,11162.349
83931,33582.01
28070,11557.934
93798,8779.275
34457,6624.772
62697,24075.908
14925,15376.011
42757,27209.46
28899,9836.786
32989,9905.54
61151,27541.607
40811,17324.828
11926,20045.494
97177,30377.969
92232,3536.231
59636,14535.537
59009,19408.443
75912,23692.992
92959,9555.09
17401,19292.426
49584,11598.144
91767,7018.0903
62113,5382.3823
65874,7201.55
34845,8913.039
74562,10163.085
14702,20845.941
68423,5132.9746
95080,13411.306
25844,8172.057
83824,8417.655
57501,28431.896
59667,10885.757
97198,28760.998
85783,18521.848
79243,7359.9517
13550,8961.191
47629,15707.676
40258,19896.646
18988,25467.451
81510,29982.334
51531,7454.5264
30112,18622.832
11490,53451.395
66274,11734.475
71207,29069.47
54185,10867.892
65550,16017.41
56976,14450.054
39980,9088.485
25397,15382.941
32415,12607.581
50147,19776.738
62806,13547.506
74025,11203.849
61534,18819.791
78351,8820.501
88722,17210.104
71984,22035.85
82086,19933.012
38819,11264.641
37578,12694.591
59675,33959.55
44093,7811.6567
24565,23272.654
52120,36150.566
12737,26905.03
41276,21540.936
59499,14764.889
33046,42980.996
94170,19784.678
21271,17387.938
47249,20524.56
37861,9730.118
26304,7376.6074
68791,11175.633
78337,20436.035
54400,8343.374
52758,25518.008
54771,13645.286
84898,28905.734
11604,7297.4883
99919,31197.865
66974,6984.449
13689,14042.892
70811,36161.62
66350,22138.783
79303,7712.074
95093,23054.22
94736,10743.37
16244,6636.2183
44458,8053.212
17433,5479.8525
45890,17770.947
99797,12486.829
41435,10697.039
70772,12541.687
34350,7143.1855
68266,24858.883
45575,19326.771
47228,30833.234
15212,11667.74
68622,11077.522
22804,16211.317
61041,24253.6
23041,14410.717
80400,13352.86
92359,11457.082
90215,12329.576
60230,15708.727
52841,50329.445
75681,47193.094
90587,9768.666
74789,15322.755
93364,9047.284
67319,6767.3267
81532,8317.828
83911,10439.816
39711,39211.812
59595,25417.953
26634,19168.451
66038,15819.81
87201,30024.404
53714,10583.501
41677,21043.299
52346,30798.355
64849,23850.32
54389,24365.195
36804,20909.97
98349,19937.697
48764,15647.681
54757,8675.487
60196,8769.224
39004,21317.338
48680,9794.036
73237,23015.125
87390,33496.227
75804,9799.595
33718,11454.79
95036,13185.672
87037,16190.223
11773,12105.103
96412,33155.883
72228,11059.318
68580,24931.506
45004,18119.756
30830,9209.231
79614,13853.171
32683,8986.538
82250,20302.049
50282,16326.145
31462,15313.487
59967,19292.271
24650,14589.544
62192,6244.6284
21027,14209.073
50285,16100.583
83131,16594.197
32031,36793.145
15694,9367.862
62367,15673.508
45978,19836.324
61358,22754.174
23782,23790.87
11788,11715.933
15501,19874.02
92090,9294.894
19882,7154.038
51153,20394.86
67530,25848.756
54329,16640.219
35998,10628.406
19015,19002.688
82867,22065.195
28540,27816.287
18718,9055.356
55319,11466.106
94171,12668.283
32747,10294.793
63784,12574.942
55039,6258.414
89651,8335.368
81615,12074.58
86702,17973.016
20750,13679.672
83333,12217.478
37698,19363.975
49467,12914.489
11315,15908.105
10156,7812.6025
88168,11483.498
95360,52842.895
32164,19492.012
77371,17364.475
29166,8790.751
17872,11435.153
58409,13316.22
74835,17682.734
77969,10178.101
69328,12396.573
93347,10866.389
51153,13127.593
14531,20873.955
30735,11837.153
61816,28838.334
65273,7319.9727
93374,16965.83
77272,16036.028
51524,10441.106
86288,21565.842
97132,20357.541
39353,7791.3516
32520,7923.267
81656,34891.39
38164,12925.156
13570,39929.605
50179,14619.445
63554,9099.6045
14070,24085.047
54760,6942.672
68784,20363.938
19368,16044.199
16630,13123.04
33605,29714.875
89033,15239.685
83830,13466.606
49471,18549.404
47224,10771.957
36287,32197.96
71660,26968.35
44319,12275.858
74039,42862.836
19827,32790.742
90312,14096.413
65646,6859.863
94013,25102.203
28384,17357.338
13050,14025.482
72272,6607.419
50128,8023.7944
10239,6557.198
93596,9849.211
16471,9465.189
31626,10607.721
78663,11211.978
29782,20145.305
74901,29164.426
20331,12613.732
21039,7582.9414
30688,40852.58
95630,17223.19
57242,11914.116
55989,11788.547
91267,9946.686
33876,15349.615
63821,11471.586
23389,22991.184
11706,16187.912
37609,15106.674
82423,13839.767
19391,16443.822
79378,23285.516
55257,16697.055
38502,23270.826
35585,7150.765
82776,24132.37
81748,21771.861
54861,17536.102
55904,13672.096
46485,12443.127
77947,6603.88
58712,16078.015
90311,16732.404
16022,22795.447
83892,11899.133
65719,9038.636
80639,15195.757
57685,11861.003
45200,5622.358
18475,26111.781
78116,9079.198
85526,10325.97
36749,18223.377
24183,14916.588
99696,12128.465
30134,10373.783
40796,23657.078
18677,24242.834
26241,9669.658
77828,10018.248
47503,18359.28
12498,7743.566
93015,9862.609
82702,27191.715
33045,10173.527
99032,13310.07
25256,51312.965
89641,16817.723
88448,5704.3203
20102,10156.184
88816,15425.378
63189,9846.57
38018,4541.7886
63773,22277.484
94091,14651.94
35991,14704.017
57529,22484.508
12362,14779.494
69495,5386.4185
10428,8497.29
28120,6135.3345
39628,17154.416
93226,87057.75
97657,11511.135
14714,13306.595
90213,16738.094
60933,29886.12
48438,9799.846
42868,21325.209
17025,30764.668
69122,12871.744
98375,12357.545
28416,33786.9
32829,13647.731
20894,6688.2437
60498,22627.256
36415,23118.09
70319,10099.953
80983,18418.783
58427,9673.118
70968,7537.9585
46838,17464.986
86726,14225.449
11996,11542.301
32867,7317.4243
20408,7268.1035
93543,8900.978
12073,12768.684
43942,10337.68
83129,10667.829
78532,10718.23
90675,34199.83
14735,24232.9
22188,22055.299
48938,12197.694
80617,13943.257
96525,9243.365
23014,6908.0815
60482,8991.279
97588,14649.403
14103,9573.703
85861,22665.193
50516,12600.091
29540,33434.613
56770,18722.965
10077,4868.331
16880,6233.0005
94712,21163.271
64698,12933.435
24337,25527.062
47994,17996.148
63393,9605.863
90155,7702.7505
89061,19146.574
87355,8884.95
73816,17716.018
23637,13310.07
70742,15913.536
64363,14202.54
46829,9426.173
55667,7055.099
49895,6548.5693
27136,12480.438
48015,35808.72
70523,12805.035
63056,13144.077
28988,9017.334
57190,14536.736
82750,15020.366
76006,8022.212
97939,20520.484
29183,14523.63
92381,6997.7993
45642,20673.197
26410,13961.676
95942,19523.06
61811,10782.289
89626,24376.068
18208,11074.064
55302,13134.353
15278,29638.238
16293,10972.83
64919,12696.079
19123,15081.672
95183,11896.815
55708,5085.031
56013,8869.326
97429,15655.103
59376,19435.973
97857,8102.7285
38512,14464.589
85078,11222.311
20589,30341.56
93192,8021.6904
11909,10601.727
76315,15746.376
95057,16297.997
73119,12443.183
96100,25717.75
56887,9951.177
54349,32987.57
25270,15529.44
36266,29934.184
21088,13394.807
76882,7169.663
49531,20631.861
18780,18253.965
46135,28538.004
97889,33433.45
31138,18949.443
66712,11356.42
80599,16609.654
28938,8253.053
84478,11260.234
44395,18052.344
23994,10506.886
76153,21923.27
48337,31499.69
88881,11283.071
15414,21281.229
48008,13346.556
15189,20621.842
16162,9323.262
88647,21202.059
60019,9744.009
53358,18584.994
89269,18193.973
87540,15789.193
52662,22291.361
56097,11813.413
40763,6300.1577
42854,13408.016
69443,8345.899
25660,17234.775
11663,14755.883
22624,9643.254
14895,7784.319
29414,11448.599
50560,12955.697
77067,35874.836
93905,11453.834
85028,47162.258
36863,20640.324
65086,28274.559
92904,18053.969
67473,22620.777
82624,13183.046
51805,12810.928
57261,17451.285
60693,9960.884
37678,10052.496
44747,16274.73
92292,14503.298
55430,32168.424
35887,27124.707
94514,9872.656
29571,15140.2
73701,14134.626
64903,12242.043
17778,22005.719
91994,11054.074
65568,17508.281
75753,7926.264
70373,33153.434
86765,9628.314
46266,11342.057
98314,6075.436
81011,20225.373
12987,25620.818
95156,41416.375
90840,9951.294
41170,23835.59
18614,33711.77
71016,17104.398
85034,26622.223
41337,9802.877
34626,23202.39
97432,6320.744
67075,14893.806
28274,8456.954
19435,8747.303
67513,7895.3613
25156,17162.482
23737,7806.4595
72952,14524.313
25318,13364.92
84158,6338.841
65788,17120.229
59166,6980.9214
73310,10078.887
58239,15741.202
95187,8030.9307
66549,16511.506
95667,13160.324
33516,6386.987
57919,11444.584
11804,15942.541
51507,10517.967
11738,12750.9375
45472,10495.322
80093,26816.5
93623,15908.105
34691,9335.069
27265,18496.354
87379,9064.662
37883,26656.777
98540,35721.156
44622,6209.2627
40037,28259.639
48849,10784.996
98127,2338.7793
67700,13860.387
89095,9821.692
19223,44264.375
80957,18288.727
85692,9142.462
45451,15563.699
48996,14422.967
50054,22438.516
26896,22357.707
99082,8604.797
24068,12167.675
55840,8403.557
33173,13621.598
76126,20406.35
43438,13252.845
30669,9831.474
98508,21889.848
93123,19101.816
18271,34343.11
50465,7884.0776
33602,9725.834
34060,29957.934
88371,30645.717
78350,10276.638
13612,14124.604
73093,48506.02
13730,19216.328
38252,7966.95
26034,13333.03
11706,47442.27
13489,14187.05
55549,44415.254
29256,12914.118
46521,20663.22
83398,9133.072
26332,15952.139
99815,6430.3193
78507,10723.072
12946,23591.123
38258,56295.277
38858,15286.021
28404,22700.252
56745,29183.672
72615,28297.77
99554,10181.327
38209,15719.834
30200,7448.3223
85859,11473.81
26052,14344.258
48299,10399.763
16905,36957.96
64285,13157.552
27258,10201.226
21018,12669.547
52329,47986.145
21436,6668.193
97970,23599.436
73837,11010.631
72176,10994.043
76535,17579.75
12964,14210.08
72396,14164.615
64174,13748.15
97473,10297.004
28015,17705.47
69387,20836.166
20337,24539.371
26536,17082.662
42538,15723.496
88554,6616.204
62375,14784.5625
57217,7703.984
62238,31687.396
15193,15707.485
78860,6035.1294
75877,3108.9465
93064,3823.613
42288,10967.187
10922,16953.66
43658,15079.013
47895,17795.658
82499,13011.026
53665,9349.018
55303,14271.952
11236,11563.699
74066,11604.53
47703,10368.195
58273,14020.28
83813,16167.158
21128,10130.73
87772,17901.707
24121,14414.842
86958,21935.639
67588,20404.008
31508,20097.988
23914,12484.408
70437,17068.293
25837,13445.973
80328,8062.803
54580,21219.242
26315,15066.667
45769,18852.557
43596,10101.797
17671,9148.997
10932,16508.566
43392,9302.227
53930,9816.107
76246,13095.054
65476,9398.109
45503,19899.564
84092,34082.86
18839,10008.557
31316,7671.213
47278,27713.803
18664,8315.806
94116,30078.363
20699,20440.93
48776,24783.484
92763,7373.7153
58861,14194.709
83423,10231.499
57477,13751.045
12492,8712.346
86970,15701.6875
63803,19458.402
66779,6405.674
36987,19200.146
95293,31309.66
99411,8909.337
80428,11078.469
73379,29404.344
62433,26974.455
28959,20729.652
68546,25675.05
37001,6686.982
70759,15930.411
72257,12284.169
24158,6305.9927
38723,20746.363
85734,7498.97
84279,13429.483
66183,13460.718
31650,10383.503
67732,29020.291
43980,7692.4414
11656,12488.584
25729,9723.167
95300,15432.683
99903,6058.825
19949,12230.875
37730,11396.267
80484,10849.5625
46680,14687.052
35623,16817.385
50286,5398.772
17419,24531.268
32980,493.04248
45002,13647.637
19307,11715.383
56991,13978.751
75625,7623.206
37337,14941.426
66266,50084.062
29247,6949.443
24566,8650.115
14765,11565.483
49261,19446.027
49333,11085.928
57608,9316.232
98170,9638.788
95066,22225.348
14262,49008.188
16873,30216.674
22561,29532.99
10549,6941.815
74570,18611.764
60549,10059.595
37985,15107.8125
70500,22025.908
46341,27121.518
42120,29353.924
49894,14643.362
87634,9708.864
11961,8904.375
80804,15746.958
31694,14412.974
13801,22118.953
87630,16594.484
75728,9643.254
38525,7610.0054
24095,10368.699
35597,12419.788
21329,4308.925
23635,18345.828
85696,9555.67
11890,11832.017
14416,50666.125
86341,14874.842
31540,7020.4277
56608,14822.59
15443,13231.525
71882,14651.008
47899,13307.699
50399,15762.166
62470,7676.736
38740,13063.083
80327,27961.795
23612,7541.968
94369,11393.397
46956,10657.936
18881,25253.7
88705,8294.258
78938,11198.813
13445,22478.64
55770,10087.417
85485,8253.245
83832,8376.5
11303,20157.842
82746,13206.098
88244,9724.348
64157,27125.826
50803,16610.826
57513,14642.104
32772,14934.437
51520,12679.693
98865,10628.162
42957,10920.443
14998,5878.6025
77592,7787.9214
20664,2532.5422
84091,29669.076
54719,7650.505
76457,7185.984
10568,9979.591
24683,18787.111
49839,19377.227
17946,8596.239
17589,21010.5
20408,8575.419
13610,26722.652
97675,7384.528
50725,12624.514
97927,25683.135
85593,24546.701
97134,24156.072
11671,15599.327
39942,17357.355
52634,13375.645
94496,8948.442
84539,11512.041
64884,25039.166
89770,11936.44
89237,6671.08
21921,20298.127
29596,10465.621
90447,20481.533
15531,31703.055
54010,9652.117
22334,7091.87
42713,27421.814
87726,11629.16
48666,15110.066
66770,22834.68
19773,5038.4717
77476,21639.684
78372,24935.08
28712,31340.236
53054,12908.549
55846,8474.083
88577,35467.906
81340,17160.71
72507,22527.963
99187,10366.162
50278,17061.977
29097,39386.95
21359,12455.133
47327,5055.6675
84371,19198.549
22672,10358.077
39507,7813.034
19209,15990.195
43149,21602.184
34559,35197.465
33464,15209.743
52086,12003.718
55451,23077.191
69473,24981.96
13651,12213.367
46390,13389.368
12497,50521.93
17743,7510.4565
54348,14422.179
59859,13915.671
38049,10439.816
52219,7458.7617
21565,6508.4414
23949,25847.498
67739,24441.457
60183,14344.258
44410,10843.575
76674,11800.723
73061,21691.664
14218,16851.588
47389,17588.844
66698,26425.408
86631,13298.697
21061,7651.4277
45193,16322.941
12838,14947.278
55582,13382.289
34631,8365.575
43460,29963.041
51091,20310.764
73255,16189.407
67597,11101.425
54840,23619.732
17722,17215.729
18351,9258.729
37538,31030.232
29095,22463.934
22633,10325.396
44657,7908.499
87026,17151.822
69387,11176.268
19796,8872.35
17072,8848.199
41502,16651.084
70524,14228.04
57489,10032.227
36987,13951.3955
55269,10637.037
30237,17189.773
51812,18113.715
72874,27489.54
97176,9976.294
87516,9835.965
69667,12364.581
71720,11963.981
29990,18864.426
29660,8677.527
21757,12620.723
11643,38061.32
59690,36286.16
86450,7430.6875
13768,17309.21
96681,17373.662
64596,13102.462
46402,20870.867
21829,9974.414
49579,19304.791
52693,48459.55
54796,7174.931
44829,16204.233
18403,20046.51
57973,9142.217
13524,7189.0654
99076,8202.903
57491,7177.415
14643,9011.396
29052,6866.5166
22645,15171.249
40469,16482.596
60083,16428.86
31524,19743.441
86553,11223.251
47697,14107.715
67131,11707.735
48624,10100.923
32859,10463.859
37634,9438.985
77839,16774.102
83313,18733.564
28201,80117.02
10194,25650.621
78921,13769.337
54270,10075.316
58876,9731.042
96938,6775.663
88450,23158.738
20028,6554.428
91911,29185.748
17629,10872.593
26637,20918.375
94482,19827.979
21300,13779.944
96855,13656.247
47708,9263.189
14588,20183.508
66865,7837.879
10525,14204.983
70841,10556.39
18000,15675.841
86437,13537.494
69539,9549.044
34570,18602.21
18109,8006.376
91058,4935.8423
16357,36390.395
60182,27463.29
45526,15919.222
32419,27729.219
76581,30184.123
62070,15700.986
55649,27796.229
83885,9593.536
36605,67040.98
90498,16267.417
84049,9574.391
10548,10547.885
22408,18345.527
28953,9332.887
93693,7406.3867
66183,7761.976
87395,22947.842
93835,9306.947
11508,10399.907
94206,4510.36
87834,18548.922
27343,10040.077
83309,9190.769
13323,26813.88
22039,20274.658
91574,19296.086
79522,19057.408
71667,26705.52
44103,10367.948
58302,15794.36
74449,23553.223
49893,19190.043
93391,11919.55
24911,5029.8433
70993,17729.758
92788,8968.473
78339,11178.12
59795,21640.383
68184,9460.253
26622,28284.441
89547,17594.535
88783,27012.795
14272,23227.645
74441,17174.9
89239,10240.078
51872,9709.973
31820,20484.676
31599,8972.555
69415,9570.842
82705,13922.467
81436,18782.703
58849,13568.745
70337,18281.62
19655,20470.094
98288,10704.497
60462,48622.523
10528,9241.457
37729,16614.309
34754,15096.715
39485,29315.145
78878,33065.01
13883,11629.414
24100,15094.768
83791,10956.284
87325,32750.926
82851,11274.357
15367,4786.147
91041,7888.0566
81923,21547.818
42399,6809.866
59863,18987.926
67743,5892.309
38994,25152.186
53696,17401.543
14372,22397.121
76533,32583.002
10441,36450.266
71203,13868.595
12647,12713.255
73277,9644.874
87861,10413.755
26299,8111.3813
48002,24362.707
32314,16189.417
13253,17271.264
26002,16866.984
11096,7303.716
66570,11502.441
98016,23755.496
18485,18606.375
24083,19057.592
66413,15229.126
37018,19522.43
61655,15811.701
67016,51797.363
87113,25610.623
32392,20837.002
14245,6293.2383
53556,16795.334
35026,10489.125
76609,22356.879
91221,17144.3
68000,28171.096
73591,34133.957
62551,12669.079
97226,29277.695
82306,14457.986
51907,10270.441
46051,30933.441
37377,11666.991
84434,20044.932
48269,15520.459
94067,8068.9863
62641,11810.087
56982,11671.221
30749,8475.249
23619,11408.77
11611,11684.444
39468,17224.176
30612,24568.219
65001,16686.076
32733,7762.238
48968,11199.582
46070,7415.9805
92245,9628.314
94539,10931.4795
11955,10139.599
87972,7779.8394
43604,7711.637
89083,25475.85
31080,25483.008
89030,20748.512
83370,12277.428
47878,10688.562
52619,13702.798
48695,14504.415
66384,34988.895
80288,13160.084
29113,13723.631
37724,10112.565
87287,18593.023
11070,16531.05
10705,13504.893
44062,24433.998
95498,46836.203
26062,27478.23
50904,10675.8125
15018,37422.96
37494,11781.966
34609,7060.447
60057,19486.732
48363,15880.688
20072,12255.568
13785,11237.945
99420,21218.043
55003,13716.094
97836,9352.756
48316,19912.969
21640,14951.282
85942,7163.403
60158,15776.17
23133,37753.875
60512,7714.3296
23489,14688.869
87091,18331.387
71800,7203.5728
21316,26883.344
36628,26411.367
36211,20059.604
41049,15553.726
36071,25038.059
13965,11789.409
89158,32554.475
78758,13932.716
39916,16940.3
75130,23217.594
17044,20751.264
58471,16358.249
69307,17235.588
60259,33157.65
35164,9196.662
34012,14599.362
64945,7351.92
72620,2742.6382
60959,7509.5146
18728,25014.3
46778,6597.7373
29547,7500.3315
82720,5621.532
36558,12273.793
24622,13781.517
91502,7367.973
37990,20033.768
93159,5799.1577
10443,7365.963
10194,9145.45
64306,27791.457
52391,21408.81
45430,12083.405
16219,27705.84
69252,16812.346
88564,7720.431
73528,16416.115
24270,14923.991
97026,21947.695
11874,17902.957
66637,9706.858
11351,13986.02
50403,10042.011
95002,16126.947
53645,13710.753
40490,23336.621
52746,11531.726
27983,29258.062
51039,10166.488
46000,9944.075
80072,10364.221
20536,35011.598
49646,31915.342
40680,8167.675
85218,10349.027
92280,26536.438
61630,7963.7837
96497,34808.76
89943,29023.693
94807,31306.8
64692,18589.42
80027,9504.668
78547,24104.213
21769,19022.453
43539,21698.326
80692,42294.098
16764,14492.518
74811,8319.492
69637,15034.744
30194,20179.236
29588,9199.665
90985,14402.798
35254,7562.642
70588,17349.088
68219,22235.672
25776,23492.988
75691,16263.731
63724,30867.846
20839,9376.955
82329,30273.174
46116,33877.453
19783,29754.922
67620,12800.575
90306,35792.88
60783,12153.416
64927,12871.381
53903,10000.592
73326,11365.323
69279,10790.835
57092,8832.207
10728,18731.102
32130,13804.789
52214,8374.952
32413,16316.052
11564,12046.082
74384,14785.921
32000,13070.874
27384,22807.64
32083,16574.865
90210,16319.795
66764,29168.463
33514,7408.856
30289,22343.8
91927,27804.023
98457,31052.656
58342,3822.8643
21444,12314.65
10568,12022.87
96543,8361.385
92759,40814.184
85155,13682.122
34372,11491.179
36280,64241.13
29933,4828.4893
83731,9563.616
40927,14629.605
52392,12229.951
68349,17458.344
52500,22414.924
46490,8869.616
52906,18353.809
29874,13741.105
37904,19374.613
85169,10858.77
81263,12183.6
94320,12603.689
12196,13598.445
66748,10578.336
44272,16809.434
18391,15306.372
99483,26703.658
99112,19461.768
46578,10009.235
94172,6281.8257
48090,20375.742
78701,27447.072
24653,22680.945
26916,18104.658
67627,6577.15
92562,10165.51
32597,7148.924
12294,9595.927
19117,14803.784
98772,10650.392
61156,6358.1616
79012,17106.223
14774,8892.328
48108,8792.893
93045,25205.887
25352,26661.732
78421,16259.921
35953,11256.334
87083,11435.676
72429,15383.621
81912,8226.554
72643,57870.277
69219,16656.928
13074,46909.586
77263,21994.125
47009,17509.23
82234,12105.402
92721,13055.067
82123,14548.386
67047,11970.945
23912,14686.382
64648,40117.12
96732,27738.396
13402,22777.025
57727,26045.2
94611,24518.775
87203,13435.499
72357,7228.0923
59976,9616.98
17873,24875.73
64729,13014.54
63016,33601.863
23897,11311.996
27964,24493.732
33724,32524.258
75551,9097.76
23668,18965.967
95547,13778.488
49324,15355.193
16143,19538.158
86611,9748.196
98157,12401.832
96617,7020.4277
84486,19243.01
80528,8080.689
88288,20155.125
54534,21501.152
55847,7087.0723
35126,11224.406
66145,21362.895
45938,5580.4663
14898,34796.363
84171,8388.843
14656,12828.743
46533,13611.392
87466,13053.502
26654,10926.918
82235,31000.834
31162,23620.65
84434,13592.673
20764,4627.9546
52818,13382.931
29418,17493.89
92118,12763.803
18157,12979.815
47613,8215.277
90428,22804.178
76441,11625.373
36329,16089.411
22837,9851.498
41312,12218.749
98793,9522.945
84753,8932.504
79963,11654.64
93889,22754.283
51496,19342.521
46022,23659.797
95948,6868.23
67821,18867.547
28529,25450.615
96699,11932.739
62736,9241.457
60154,39647.73
99985,17861.518
10864,21931.256
63660,20108.363
42101,10344.613
73719,11211.715
47071,19721.53
31428,13259.347
42343,8621.219
60464,10325.7
35218,9939.3545
39613,9070.564
74822,19500.146
70027,12972.843
19861,24668.318
92164,14028.7705
53770,12230.923
83704,8964.155
94503,30604.074
39455,25195.629
91874,18347.107
76738,15201.277
60719,6167.4653
95507,8026.0293
55025,19313.059
96233,24674.691
21193,27382.021
38898,9853.151
94553,16711.395
62351,21411.021
20347,17850.57
84293,5898.1885
64379,7974.4155
64372,17118.176
82204,6636.884
79227,13585.906
59833,18981.04
58784,10333.5625
65299,25551.125
54548,19647.807
28363,23956.158
92058,13118.129
56889,7093.0884
37310,14996.592
16186,25992.361
48311,13127.815
86942,16916.979
74777,11086.306
78590,13886.57
63119,7007.0986
20589,9858.866
66127,12422.081
12183,6658.7437
40619,12525.84
29640,10210.739
74481,10100.101
67033,13134.737
64998,13949.111
26884,15459.923
92392,10080.549
18754,12705.8955
38376,9887.786
52388,11614.691
48485,18445.773
91401,11578.63
78137,15813.755
70965,11734.609
80983,17972.834
51342,17022.738
27353,17728.652
47692,11141.67
58379,9429.356
68259,10662.917
72570,11727.954
57001,23931.371
21480,3531.8828
53919,24524.096
36393,19269.293
82852,11240.202
89095,63810.992
10348,15226.965
48820,10693.415
84578,10851.518
10805,27184.035
23256,13346.556
40616,19143.586
45340,22204.12
90696,7142.584
21082,10587.622
62142,10772.012
61179,16004.742
78279,7170.133
26049,21068.133
68454,14398.882
33468,10458.75
24183,23588.498
83192,34781.14
92194,1567.3818
69811,63905.043
87557,7202.032
57258,10054.44
19482,20907.184
63378,15719.548
90042,31726.39
64341,13045.191
92318,14061.566
25324,9948.484
43619,12193.099
16989,15586.396
27828,21139.58
92151,10610.453
54147,9371.05
28112,14014.721
64399,17944.646
41029,28053.379
82909,9695.373
76209,17461.473
89040,13465.459
83046,50938.246
96139,10491.726
53297,16126.947
77450,18085.725
60533,9613.87
94667,23808.379
13843,10386.825
54749,21366.518
52588,8028.8984
93194,11061.617
64768,26111.287
22256,30874.186
59226,19570.264
14517,10466.999
64905,10470.442
38287,22206.928
43354,55946.105
35339,7093.0776
40262,31103.7
81673,16085.1875
47523,19399.244
26773,10112.565
62022,9861.149
32398,28127.598
69380,30484.951
58007,14093.715
22910,7181.217
42870,21929.635
92908,9520.227
98015,14480.008
52671,24569.855
15574,34054.285
46156,17094.88
63705,8129.103
67564,10608.4375
32849,17113.717
14535,21754.084
55111,50106.3
26138,13697.683
68456,9055.356
28894,11507.184
72292,13445.176
94538,15952.545
89870,11499.382
21637,14139.743
63398,6036.569
56607,2636.59
27643,13849.578
19686,22078.113
11475,27940.166
19766,21142.258
49348,9657.326
35442,9936.212
62564,9123.209
26910,34070.406
34150,13034.093
17117,12654.012
72677,19345.586
95176,24032.598
54046,23292.674
94146,20324.072
23822,11865.914
80081,11108.02
31752,10879.619
68521,15741.808
67362,19998.936
24202,16178.723
20674,10282.804
83835,22012.54
14700,20647.54
18892,16847.236
13883,12433.013
52074,42162.582
23639,9515.108
73638,9033.089
50503,18573.84
99592,13510.683
95344,24916.01
72442,14191.726
94284,34981.855
35755,37109.33
28878,8720.366
51151,15691.014
39517,10992.428
78919,13769.133
35037,6180.7246
39732,4723.2617
29887,13203.488
98156,19247.691
85329,11955.157
54962,20801.992
55112,5389.987
53185,30403.17
58309,22560.756
59179,22481.49
96054,5913.805
70901,22070.97
27278,6974.1084
79544,18408.78
16732,19616.857
56944,16747.484
87393,29672.799
10230,8089.519
85401,25161.816
95576,58950.37
82493,12424.499
45403,8587.037
76062,14067.816
72582,16858.254
62537,13423.996
53202,32678.545
65111,28335.66
86273,16477.307
82981,26614.45
18467,15111.213
35346,15912.687
45923,10979.135
19685,10426.9
23192,31325.62
51495,27634.053
53973,29004.178
84084,14163.094
30679,34059.277
17241,22236.582
29158,14648.49
50411,21554.264
69074,7170.8086
76334,12867.694
90332,10932.476
75732,20677.652
32994,12146.368
80516,7704.4355
93811,31273.184
96218,27302.393
83643,9338.547
50022,17841.787
53396,17953.281
18139,12887.811
64044,8452.456
92050,17773.61
94253,24642.854
43925,18770.115
25827,9396.068
31552,28254.793
26249,14070.223
48098,25386.152
82719,11454.405
87434,18903.15
69245,13264.502
74613,6596.1504
72265,8119.683
60742,9581.997
51521,27758.904
43003,8136.4077
37149,21097.277
50694,20084.934
88404,9573.703
92129,29430.848
91593,8720.326
42433,9210.835
85602,31162.83
85709,18807.229
12950,6991.9316
47517,9925.613
74143,12777.225
65643,5747.485
67972,21345.418
28154,11951.43
71457,13167.521
78313,36827.13
99944,20305.543
11431,22590.64
17035,20275.922
86954,8989.569
18305,13337.854
28959,14646.319
56561,12954.401
41497,11887.875
21842,7258.7017
68055,20749.332
21443,13462.706
80087,26085.316
51008,9571.146
12512,6805.288
13540,12037.603
80069,12502.266
23012,15161.381
83962,26889.27
11229,15156.185
54744,8264.938
65950,25095.67
86536,25530.51
72369,11396.812
74307,15390.35
86422,19473.924
34096,18937.93
18208,5994.4736
50919,35973.555
83393,7024.759
84427,30925.53
72483,9567.007
36958,44453.98
61210,8013.3906
24855,26094.674
85646,16777.033
14297,13307.232
31556,10652.671
66045,6712.98
51480,9015.894
96132,15484.874
46285,55354.996
88237,13157.773
58695,7550.877
52490,40151.043
68525,24256.064
92595,18101.557
16760,21614.775
54188,20123.584
72391,7673.5283
21364,12068.072
63652,9781.276
78220,17004.906
63737,14170.295
51433,20359.686
11389,37638.83
23028,13333.645
30140,20583.738
11293,19676.219
40445,9295.82
56812,27314.451
98582,10514.94
29077,16517.623
92690,11546.234
28354,8191.7188
56293,26017.215
80234,22301.2
38063,19349.125
67794,6530.016
94723,15253.917
61450,4235.4277
13124,9746.309
73761,20054.387
85968,23613.832
24319,27575.316
57742,13108.325
65324,29272.072
68945,17269.566
44914,15853.678
93758,14252.737
26757,11140.737
88645,25794.668
18617,11275.877
58137,6671.4004
78264,11444.817
59879,12157.139
25735,6967.7637
20946,17971.06
39577,28424.709
66063,12656.238
86243,8847.349
62273,22922.973
91861,1558.8351
70714,12937.013
89610,21016.324
56985,10781.57
31450,15047.103
99635,17805.057
65562,20982.639
76001,26708.547
53704,10054.723
74253,27182.062
98382,11198.779
86602,8055.311
31174,25270.918
64747,56213.27
57955,24429.867
95856,12020.078
54685,37312.965
83341,14373.793
46078,30963.86
14633,14219.107
78789,8961.414
77738,12433.289
96163,6438.806
95953,13210.596
31827,9175.994
32127,7631.828
16386,8747.605
50323,13943.882
57905,31944.656
86687,13947.476
33424,9135.6455
38425,18480.986
55491,21764.236
52080,13526.291
56425,7698.255
80816,23832.346
28963,19435.664
19350,10125.473
56298,11886.857
50646,14473.816
92934,25754.855
44320,10899.901
71049,8936.238
95338,22994.578
40981,14894.497
59433,12601.856
90356,19405.213
86148,34336.355
76163,7103.365
38079,16619.635
60474,8600.263
60247,15163.3955
70538,15341.276
52004,7465.24
37628,14526.334
42035,12916.443
18713,19966.121
10949,14025.055
34658,11111.979
47697,10406.415
42783,5765.5723
70714,23832.262
78020,18367.771
32611,11692.671
92541,28915.373
43655,22010.32
33391,10573.147
17488,10906.61
90017,27315.512
70606,38783.656
90927,11742.665
95866,15800.935
57840,16814.38
98426,9247.151
38208,18726.016
31798,10767.343
91774,20660.027
74037,2668.6848
30979,34128.58
64451,11563.27
13631,24822.195
30361,25334.389
94107,10340.505
37405,10568.083
91698,25529.506
36987,29877.613
76074,11183.801
12556,15562.491
75658,18224.215
63452,16153.597
75274,10397.015
96332,11472.759
26578,4552.976
83132,19333.95
68287,17315.506
27925,23793.104
19086,11201.933
35788,26739.77
57346,9190.769
72258,17096.97
18703,19753.588
64135,15786.32
63760,10021.448
97833,9651.034
41643,48443.98
69399,17227.184
96603,27420.0
29632,10733.404
87340,17179.422
58703,17310.71
84705,10465.091
77523,7777.9854
79974,11514.885
28163,21598.248
69590,19301.057
74970,11494.072
32373,17882.576
90783,10727.101
31874,11318.802
75454,25089.445
32875,12855.253
31274,27358.66
43826,24095.533
41061,10165.692
40140,22037.238
93031,12103.428
92366,14971.979
19542,9432.873
83231,15917.71
48183,13189.502
43913,9030.085
25053,4650.858
83754,19898.402
94018,26491.398
96288,10631.458
64336,15980.919
31706,10540.856
28622,6647.9966
61801,26522.795
87037,59758.453
98733,6897.3228
59300,17628.047
71028,9369.615
92772,25249.818
92583,41402.023
64924,29224.096
66294,8223.434
14424,21190.883
23165,13248.171
45790,10493.893
68557,8440.909
46759,13687.941
69896,9605.001
68846,21611.855
10456,11658.258
97693,16794.025
50008,19646.037
96900,29922.605
95067,8554.387
42500,18527.178
63105,8600.327
22901,23242.121
66595,5483.495
79303,29126.533
43345,24326.693
78640,19662.85
70936,19864.639
82953,10221.563
10712,13546.679
87228,14337.424
10213,11728.451
44188,21481.047
99680,14965.025
19153,11107.251
18989,9793.771
16643,11505.341
93220,29232.172
62208,8561.202
74412,15601.915
85374,12738.567
30805,11121.399
40036,4726.807
31095,16259.643
62207,14082.404
85202,14905.37
50770,10160.55
23515,9137.049
38049,19962.168
99426,9005.752
90163,11451.215
16937,13554.365
90146,24704.783
59443,18135.879
79209,15115.502
49659,27202.156
35485,15107.814
22789,9469.606
20876,10414.739
93292,33902.246
73583,19069.967
19451,26569.082
33056,16161.835
86030,14950.445
35737,8566.19
76844,28023.01
13135,31010.764
95264,14841.066
52037,13341.969
36644,25204.35
64820,23485.217
68700,15840.225
30009,37282.76
86203,19248.604
54244,20004.947
20267,13144.715
83078,12697.47
29072,20674.043
20643,7604.0254
48208,10633.09
42187,9296.922
67339,9162.983
14287,21558.873
28420,14509.675
86232,15967.249
85423,17983.258
70552,15711.337
39291,13190.513
30241,4343.723
85196,6972.802
22986,19736.516
20449,11543.574
66840,9439.765
40453,16168.697
90547,11875.232
40734,7010.7593
55150,24759.32
15842,14294.704
62613,23917.21
83351,11345.495
44677,23583.697
40159,15154.474
47504,15726.885
67816,16258.703
97174,9474.821
25455,11747.331
22769,16936.396
22150,9417.72
27681,7289.5415
76917,12723.29
64693,28706.62
49809,11022.538
66387,21078.834
35633,9801.702
89497,13344.453
75123,17852.195
55914,9172.2295
77951,30700.184
94609,24027.377
72543,11076.95
99188,7203.594
11318,12097.96
26829,21026.371
86666,14006.858
60965,9082.34
37974,13726.266
82994,9401.42
17348,7169.663
68062,8693.278
67141,16918.646
86397,22624.438
79872,10186.455
98722,12025.366
53888,34890.625
47633,11959.947
14125,14228.473
61591,15769.152
12095,14064.61
52068,32779.043
34713,26767.29
27608,14790.102
90867,17551.326
67062,7542.1025
91711,17802.674
54654,7341.3154
99477,12573.916
41095,9904.396
80901,20040.352
35477,11464.586
53998,19331.432
23560,9732.933
90258,28328.846
47414,20258.273
30822,6983.9673
96848,9063.855
46548,21411.738
18750,30155.342
43899,7399.4004
19567,17124.701
31212,16436.707
29784,8669.8
79105,31493.414
31163,7997.686
60322,5299.4365
96702,21635.912
54914,20538.434
64238,12948.873
75996,18466.602
88276,11723.435
43095,10404.672
79971,9933.939
35202,24277.148
52141,16083.247
48293,36036.008
31836,11513.683
37608,15648.086
51147,21351.701
22548,29367.7
43614,15761.152
68958,16457.494
54104,26207.236
33620,9823.151
82249,6809.8677
14463,12897.521
25624,18477.568
50216,12287.367
66463,54205.277
88268,11913.944
60471,24525.588
69373,13414.74
82409,14469.378
63134,8708.186
93068,9420.721
11203,5693.9883
39849,9593.487
55954,14314.879
10925,5091.471
42340,42762.77
34462,19118.508
55876,21822.588
95022,8968.473
64827,14210.854
16980,10862.815
95425,7532.0483
91221,17123.191
18060,13438.693
24382,20870.867
47802,6760.7935
96487,27608.639
92157,10178.454
75169,23865.967
92389,17920.361
48327,11771.026
10394,11501.584
85503,21806.836
49189,31615.11
95393,16874.352
41025,7763.0005
59054,18510.713
63306,2532.2307
96856,16287.511
44018,23292.846
78374,7685.823
39014,13793.594
50221,18829.717
71546,7678.1523
16965,14737.813
61917,23836.344
11855,27428.338
51269,33883.656
93144,12599.1455
99673,9602.6875
25433,37727.23
63062,30772.299
95683,35979.742
54288,14321.762
16926,14168.583
54552,47828.19
88598,7437.6157
81802,26767.701
44988,11370.385
43058,20334.186
80557,12374.918
15849,10652.08
16230,11786.994
26897,11531.003
72346,20375.893
94208,30281.344
47851,18405.094
63145,55251.945
52804,10687.699
81915,13662.553
70306,12348.379
79269,13108.587
72171,6499.271
69814,7863.8325
19597,17044.857
11998,7344.9937
18364,8653.88
91526,14357.378
49821,19759.146
49319,13705.308
40421,9846.231
40773,19522.514
34193,7028.062
98048,7245.835
41416,8564.622
44701,7959.8027
78819,13803.084
43451,8841.576
34274,10778.548
46987,21376.865
37552,10961.505
65790,10761.888
30603,8118.331
24020,22301.354
62225,8383.56
65669,6373.7617
78229,16351.64
20764,16899.7
65302,16814.38
31791,29244.883
62595,15523.968
30614,21397.975
59725,17308.01
65939,10718.527
44342,9778.033
73223,12955.697
30487,29502.062
36816,10153.707
86671,17073.357
94585,27029.46
97824,9776.753
75534,12718.039
83264,15030.682
57356,3316.4553
84847,16057.123
22957,19090.252
24840,7290.815
74491,11751.368
94228,20167.535
27246,29978.818
65087,13348.332
48663,6443.4043
57314,15397.787
63010,20419.748
12817,9052.362
48710,18427.502
23357,15200.336
67579,18608.895
63528,14563.727
22152,13779.853
28133,12487.37
76769,30324.45
90432,11727.302
63693,13599.847
61793,7104.076
35830,16582.94
82923,20027.174
46932,17967.078
97483,9761.293
13660,18244.344
92115,14988.007
22462,13605.145
89543,20259.053
34181,29214.494
82254,5550.3203
67267,9360.241
30238,16550.201
80786,10836.625
44488,19626.605
73517,9591.099
96065,37467.164
68809,6780.2227
61833,8290.628
47110,8402.727
83387,11256.814
77896,7935.68
23879,14166.997
67325,9489.274
20140,12290.653
42831,13169.543
16911,16668.791
55472,7063.727
96558,27713.297
55092,32465.377
74754,20922.781
58622,16171.669
32917,12052.412
70207,10837.382
28138,13588.533
36410,14288.601
27527,30604.867
80518,9535.895
49146,117772.35
37778,17544.45
51577,8130.5386
44712,6877.384
98548,13967.974
59106,13716.514
22112,9221.698
93669,22860.424
12412,4781.3604
85854,20337.615
38025,33573.145
61353,13556.154
12638,5138.0195
29747,15335.2295
53395,16226.6045
28689,13982.863
58738,11876.447
78677,7052.748
76910,12300.545
20968,8439.045
39680,14647.64
64662,34932.46
24660,7673.1978
24624,10994.043
85170,7727.894
47826,29070.086
80446,10740.742
13731,24062.31
31226,13391.227
76834,7793.3833
66784,8165.655
65449,11857.229
96303,16413.521
88382,16804.332
15545,11366.928
29435,12738.532
96980,21866.537
77585,9358.878
51052,9719.195
40562,11161.073
58588,22914.217
32173,8538.465
35210,13713.322
20553,24463.066
26112,19627.959
13172,18232.66
59755,9997.272
57516,17225.965
61325,27082.64
84788,16359.41
46164,11735.876
98733,27738.0
95764,14406.664
56658,7534.803
58071,10056.957
89861,9388.695
55768,11920.691
80591,24402.9
54981,27426.088
42826,15875.349
63623,20261.22
86736,9107.161
68750,10267.985
70501,13845.628
94069,14304.672
41462,5683.8296
65295,5860.21
51400,23467.135
26918,7650.736
41282,21094.58
20215,16377.851
36359,20957.174
17567,8302.289
60038,8827.973
37654,12779.086
86875,12390.015
59210,18206.389
14989,19102.768
24769,24315.785
55721,12476.506
16280,8316.193
72948,10359.007
40859,11645.765
84962,16506.354
35107,21188.56
79381,7355.5176
14027,9662.108
12355,16809.557
65534,9782.709
94215,7902.3164
48615,6887.659
52916,24122.422
46940,15924.038
15784,28734.059
52165,14246.666
27888,11112.439
47165,13695.154
28435,11748.823
62402,20153.16
42907,7892.9253
81429,21562.158
18844,7099.662
15155,15980.353
65773,21600.578
43725,10298.131
65248,26670.553
25102,20748.568
14356,15412.093
69304,11407.95
77750,7186.041
34677,13435.464
39817,22236.041
38912,29970.115
53695,17971.562
76606,18366.781
23033,13161.818
57749,30832.725
68820,8834.508
82744,19573.87
14287,19347.982
36721,12504.563
41069,24815.822
68990,23996.686
95161,13766.311
69840,11885.144
69061,10996.751
52432,18969.121
27108,11932.627
75041,28977.666
10075,21759.87
69881,20845.295
54276,6976.4917
56626,22225.348
59432,8897.174
65610,28842.805
55030,15835.961
60332,9705.543
84441,16856.615
33037,31584.389
29448,13546.054
68851,24068.951
34900,16715.516
50472,10976.972
48290,16109.682
43474,12164.585
98950,13619.005
32790,29028.064
48003,29604.188
95375,13848.151
79475,9362.915
21239,14566.176
91542,7890.9985
26860,54555.562
48877,12435.314
33593,22558.496
88421,12264.204
28363,28946.123
64725,36339.43
70317,10073.684
50403,16730.596
85082,8637.753
34146,21385.77
19980,21396.7
56654,14278.537
97736,11359.925
41087,14271.874
28488,8296.509
93753,10609.095
25530,8105.3276
50428,10650.392
47232,23802.252
28999,14424.413
56523,19615.709
98596,28371.195
46549,16717.672
26553,16043.269
19579,33013.95
71262,10166.902
67742,28498.617
64215,9608.62
11419,11336.244
90433,56200.117
19887,21047.217
26071,13425.824
61858,24493.334
85781,6985.9907
15185,23775.28
58768,39858.88
61750,53282.742
39948,11794.315
92703,27583.666
48270,10705.863
25626,8913.902
52916,14181.216
23286,23237.309
37295,24598.988
27347,13390.804
52033,6574.4834
14670,24427.674
77723,8095.7793
23810,21924.973
98800,10987.305
50020,26438.668
15485,26249.135
48469,7153.953
94320,11780.252
54575,14748.544
43210,10325.792
65768,20858.547
50630,23263.197
25128,33496.83
59382,18386.473
65686,17692.92
74092,24801.557
88565,14789.369
44261,32137.705
58267,42056.81
55005,15967.181
55961,12993.176
74584,12541.246
46618,30107.996
35887,13699.66
13878,6844.955
12938,8439.076
88181,14229.119
17807,7896.2573
81973,10225.319
25284,21231.346
51301,6396.1826
41485,22292.533
79432,21399.344
62329,44354.926
49566,19321.012
78197,20486.688
22043,4998.9077
82058,2982.934
80840,24465.768
46707,27725.207
38978,10112.648
36638,14442.935
25851,19078.504
79495,20504.445
84537,8380.939
45323,7555.1445
70355,14001.415
60611,23937.148
74039,17420.236
41433,22339.354
30187,13497.702
44054,20891.027
21447,32854.164
86990,24476.068
60053,1411.6179
69070,7694.122
43120,12178.376
40995,9710.631
19586,16875.588
66784,13223.3955
12541,13281.919
42750,28928.895
19047,5421.616
66034,4881.7485
86735,8911.025
39263,10476.49
51970,8063.9624
30483,12015.884
84569,20640.219
38232,14186.784
73483,25563.395
72891,15153.749
83826,10223.287
70213,9469.814
16426,25074.422
64487,3193.8093
69741,9711.27
46589,32974.13
51759,16546.074
48719,24294.002
90373,10238.155
56548,16180.451
50046,9930.149
18154,16469.463
62008,11089.114
96119,9813.557
82653,20837.752
95040,21385.77
17509,23814.035
62467,7787.9214
96453,23155.783
48879,21529.855
31473,9889.758
39720,31193.484
73999,23246.43
24843,8572.157
62606,6750.8394
90941,23983.152
55118,11790.787
92087,11865.842
26156,7728.7837
18240,25263.47
16139,11796.974
11407,14623.573
62216,17580.91
35498,19927.459
97967,14881.547
47586,15872.288
80762,36788.562
30249,10681.034
31836,11076.903
19461,10036.835
31069,9938.741
40190,21337.012
33165,18819.887
83265,34779.793
87171,20240.566
90959,22511.713
16566,22635.379
44468,10307.471
49953,15675.732
19672,6688.908
40341,21319.264
50903,12280.212
78760,10703.224
99937,49096.06
85361,29684.75
60265,7978.036
62595,19037.137
91952,49964.637
90039,22819.414
55481,7007.8506
53782,13743.56
60351,22141.424
29785,15902.044
13640,14777.013
54133,13309.64
76170,8180.1055
94658,16643.834
97430,19614.555
26390,14842.396
97903,30110.01
43988,8401.198
37532,14911.981
48965,18638.21
73749,17304.064
73581,13118.579
38810,10387.988
26831,12389.781
45501,20513.041
85522,16423.604
10735,11913.133
42336,10364.676
18401,30006.416
55820,28592.703
48589,27085.879
72003,21767.178
52403,9474.23
97547,19981.959
69759,9725.182
27891,7337.4844
31623,15696.766
19922,19852.695
21385,11786.354
91583,8960.052
97041,8165.067
18202,24350.832
59480,18532.688
28880,12871.446
72798,13278.16
57699,30089.701
63380,8646.232
17641,5827.9795
83721,12832.3
45889,28918.908
58245,44963.367
12661,8553.974
47581,14447.668
69262,59501.61
84661,10581.3545
45244,12599.176
53209,17389.857
57048,11957.768
13165,30530.049
92729,18326.805
36210,7779.3296
41407,21281.951
71909,28931.453
26151,9793.011
17224,15557.728
65999,10821.67
75970,15686.248
85513,7968.3594
20092,21010.463
12397,18179.174
18079,2639.215
64782,9444.281
38048,2845.5518
89933,13182.441
85503,9953.402
53373,48363.523
77147,12698.006
39300,18589.42
87133,16148.48
81957,38354.836
29735,37998.984
33857,11483.004
94824,23593.576
35946,16469.84
82003,5617.3145
87751,22354.896
15149,9732.2705
91183,42340.715
49556,6814.1313
81173,9816.908
52697,9199.719
98433,13157.081
19683,10227.937
77095,21529.15
92487,17084.838
11086,30638.34
33148,8933.485
12058,24794.838
48064,7559.1294
52882,15695.106
43908,11645.3
20333,18549.385
69913,30267.633
31582,13220.694
23659,19389.07
31811,8715.937
29432,13251.816
96482,6549.532
14485,7127.6367
75215,18779.123
22722,20658.604
94889,29180.25
94441,9987.199
83093,14136.652
32920,7612.9766
80384,21367.54
49941,6533.41
63994,13105.322
58264,28685.562
62959,10258.925
31687,40638.21
52197,6876.867
25386,10134.36
52958,24156.791
28485,9423.416
45735,23697.113
30465,33768.113
42270,16385.55
42102,30361.768
81662,10661.05
21444,9173.15
27521,15657.902
48346,6182.255
23240,8476.309
17573,10139.627
35696,10276.651
29443,14569.241
74955,28007.502
96363,18170.76
60387,9757.222
78520,9783.096
61778,30474.873
41791,21153.857
17867,42619.43
76300,20027.742
38707,11268.008
92525,30339.451
50271,21703.021
21910,8181.571
23097,7563.5977
15299,34275.0
91089,6798.8013
74922,8742.902
25448,33677.156
22804,7386.992
71958,18055.973
61499,20242.309
47747,6292.699
49357,6428.323
24999,8704.527
88511,15592.879
15744,24119.875
76331,14260.847
31582,12483.667
95274,16841.695
38028,30959.25
73427,21845.5
90436,19003.537
67325,12044.6045
52769,7020.4277
66058,14076.507
65445,18992.758
31492,27817.566
56043,10169.727
65742,19664.639
23068,18072.758
86282,10550.736
85903,32226.055
54976,17970.553
85581,16194.658
14809,17327.02
72810,29457.4
48588,13462.55
11315,18780.676
76941,9795.514
43831,9609.009
32536,20086.104
64718,19650.037
89095,12603.618
98092,7394.559
48663,15876.03
64887,8551.979
71536,31597.115
28396,13752.585
18250,11927.217
51781,9650.038
55692,17191.162
61847,6217.5767
89864,21189.078
94161,14596.575
32087,10532.549
34677,9997.283
69454,20799.158
17341,8947.801
74661,19456.43
52908,9744.009
78290,12860.663
68971,6843.086
22868,9944.514
86072,24277.775
47514,7776.004
30061,9548.923
67425,32692.578
31391,5788.8945
40559,18516.217
70315,18118.062
60556,12911.144
89011,21605.855
47160,10687.0205
64539,8585.671
19440,9547.25
73313,20351.777
19943,11860.634
59819,24476.148
52283,21854.846
50608,14319.296
98008,31689.186
28477,2691.028
63011,18424.562
53649,10385.94
89054,7209.025
14465,17440.395
47263,14563.907
16584,11530.947
75089,9815.727
35246,25208.402
43340,14650.259
78465,29253.64
69703,4060.9385
17286,13142.7
68929,8204.512
76562,10396.983
38493,10613.694
36359,7611.8257
68505,26077.531
88820,31988.383
59018,10483.642
98881,15970.773
57487,25685.021
53072,14005.609
10698,14266.726
33869,11942.869
10315,20003.768
44629,42007.11
29372,6732.5474
46606,14908.066
88461,15483.023
76628,29037.111
99199,24440.19
85811,6727.068
90815,9219.41
99442,7400.2437
20068,19936.283
87024,10107.676
33189,20650.389
33257,24136.588
66311,6585.257
47221,13881.923
42451,29243.824
94892,12179.126
15832,19531.389
12501,10256.856
42921,12314.425
34395,16341.36
47986,21107.809
40092,8007.295
10368,24999.062
53014,11125.609
86862,6450.9253
10251,12720.785
83361,13705.4795
36261,11424.114
30548,23170.77
68475,18991.375
58003,9737.96
16332,15947.968
97225,7864.626
68482,20979.76
53636,12503.126
78381,11398.354
35314,14743.381
93707,7370.4893
95620,17411.857
67807,20095.479
38183,24815.002
60179,13878.892
25580,11006.356
39502,14366.161
78669,20127.336
21761,28951.783
93463,12052.668
40537,11986.178
32896,18713.19
95600,18399.082
24800,13739.448
80460,7232.4097
11370,8265.462
19029,27579.15
95294,38955.414
86467,9567.948
41523,21521.467
72204,15139.983
56320,19523.736
23118,24902.568
36584,12107.224
14182,18127.822
71039,14661.236
27949,15825.645
85002,14851.695
74403,6792.1475
62484,13617.893
17017,9738.15
73500,9219.954
62826,24087.033
64030,15705.34
42914,16179.898
78610,10187.113
40457,30785.822
59600,8340.513
58288,13335.178
81844,28758.602
22138,12185.597
86196,6226.288
92757,15952.319
11334,14831.012
17557,11701.657
86259,9680.825
45974,14959.385
78085,16288.052
45666,33177.55
92052,21621.258
81468,22216.217
51402,31131.518
42476,14064.737
52701,13105.718
59029,14090.924
15482,16371.47
92820,14868.707
20859,13723.695
77290,10093.867
60335,24836.176
96832,16338.373
21629,25289.912
50484,39822.242
83404,11745.093
59199,11207.64
74270,7433.6934
63233,10845.316
30140,11827.321
16064,8201.538
47710,8660.646
14559,18493.287
32803,22452.975
34579,17067.264
75668,10386.484
99173,9944.402
66208,19321.88
39481,31132.514
88581,10715.372
15039,22583.64
62360,14690.079
75800,6662.637
25397,12760.719
12016,12952.529
11089,65364.754
57702,10589.824
97719,16300.418
82442,9318.1
95960,20276.176
41547,7020.4277
19094,11936.401
58156,16474.816
74848,22507.66
76231,16240.008
94950,24574.691
33553,11480.538
78502,8474.814
79573,6878.034
18135,30605.766
79144,9404.883
38167,9236.27
81276,16225.819
55920,9664.808
34619,26370.424
36022,13472.901
51306,21830.496
98322,22137.05
47220,9757.862
20144,9486.9
10329,6858.267
87725,7790.334
67531,29052.484
88755,8582.028
85152,23928.363
80879,10337.972
58936,9904.703
28856,11540.965
99718,35357.285
26548,31035.904
25578,55780.79
23206,7822.454
45860,7927.832
67873,7716.7344
66206,8500.594
72728,10589.177
64259,18433.168
62150,15867.478
55745,27948.729
80814,11671.999
75809,9675.4375
80316,27523.885
22084,3317.6948
43556,32414.357
31329,16333.375
97154,11032.052
46270,6350.0347
86479,31456.494
77369,24508.355
75436,14010.249
48182,16363.583
71057,19207.623
17786,18648.256
31392,10141.646
92092,22197.143
14110,7726.4116
11122,19496.402
32344,55299.215
16951,16134.09
19179,15551.178
58225,30867.846
61215,7561.534
28311,10509.377
57796,12728.6
45660,13516.641
53139,17735.914
11809,9944.402
71912,9546.94
68473,35779.395
50307,10207.36
93741,25291.225
64168,11318.221
40281,28098.42
82630,11579.195
72161,9025.719
36023,14942.512
76306,17240.824
72966,13298.961
62551,13211.46
16693,34794.645
70121,13172.946
10061,10951.057
55558,10583.501
59635,14783.135
66065,19370.307
67348,11826.573
90879,11355.897
54774,10542.048
99522,20172.307
49502,38643.82
82813,11645.987
79294,12288.884
83549,15758.158
89492,13183.638
44620,13285.004
70669,6852.8228
38556,17435.824
92749,12378.969
29854,12339.392
90317,20877.89
13844,15324.797
85423,16835.953
50564,13118.954
72997,12033.296
23347,21278.305
22858,18982.992
74734,16069.702
81254,8289.906
18246,31142.504
90194,45663.168
88154,9268.107
35289,17925.445
34103,14477.076
43803,13848.658
99051,13047.765
43725,14997.935
50808,11353.729
97397,9610.798
11684,10464.029
57848,28340.234
71736,16818.904
34892,7618.741
51990,24422.83
35348,15895.472
14477,25312.955
25158,5680.846
97830,18202.508
57508,30636.402
14440,12964.088
13990,10483.797
86300,4943.2183
88634,24821.7
68416,15870.931
47578,33700.836
42289,18566.934
84352,8139.207
59338,13935.047
36178,8693.455
92484,8047.814
84686,6708.131
61800,20224.908
85685,11282.858
75263,20369.018
71517,48707.594
50693,10009.331
77925,11340.842
87614,16437.75
11395,11560.352
13617,11764.564
29359,10164.273
46030,17620.637
69178,7601.434
97223,15779.968
57514,18944.553
42806,28443.719
82952,16483.6
47601,7160.676
34457,20909.383
50418,7326.8325
77435,17277.244
53883,8508.447
32276,27401.992
61016,18284.564
27111,13414.066
86128,14981.42
50323,11111.979
54861,21018.312
65491,13183.389
86860,6311.9297
82963,14901.172
95277,10080.277
69125,7165.1763
15461,7527.322
14992,10257.159
28513,15367.521
30537,13931.0205
24382,28941.002
63808,16434.824
41180,12591.011
61927,30146.51
79263,14342.727
87084,16136.078
42698,36610.816
15680,27311.846
31351,11564.806
14975,28180.268
15514,20008.402
72254,4540.857
26144,16064.805
44553,16952.254
15200,17221.902
84982,26537.639
49839,12184.078
52014,9775.892
53736,11320.859
70921,11134.852
44813,17660.547
79395,8015.8994
85295,21313.441
92913,6938.7646
20883,34260.055
13512,16260.152
98894,14535.566
86993,29023.885
28432,20140.752
83924,27851.857
96491,9944.402
88560,16540.672
74360,13544.542
97976,17706.27
95428,8196.322
54726,24871.652
59345,17977.299
46998,25042.799
91636,9704.943
82973,33261.383
73478,12056.877
20389,25073.201
54395,13119.257
87762,7045.9043
51765,16111.867
34863,9284.481
86761,20730.082
30768,6797.127
68906,21177.15
34931,38592.707
29376,30625.414
43322,17063.854
65105,12871.325
22662,10896.211
32941,9709.973
91649,10690.933
75094,8445.729
38707,17827.545
10947,10345.738
61697,10863.414
86076,41062.438
58388,11116.237
58080,15087.545
14794,30813.354
12314,13047.009
32791,4235.24
92825,14285.997
77654,22499.695
54470,7344.4478
48211,11487.825
31664,14837.61
20079,13576.238
24345,14848.625
95448,28878.395
54169,51888.047
77171,8975.134
64031,31384.086
21346,22169.535
58130,8965.555
10208,11098.614
97445,17015.578
95491,7347.073
77777,10138.21
41264,14210.08
80248,12789.914
80745,27364.129
45932,14272.89
46064,7773.472
80337,14553.915
13202,33296.09
35261,12081.328
88868,51779.965
82646,13600.059
42316,8609.036
24367,6222.938
12977,25771.008
47992,27546.764
36181,20899.729
55272,15410.778
82678,31303.918
32087,11102.078
51592,9859.401
68968,10238.686
11353,10983.181
98481,15079.848
23427,20589.562
84112,14074.261
39577,20904.924
89421,82561.914
17747,7568.4473
43658,14013.914
15840,17114.166
89242,28676.74
40723,35567.164
27269,11241.194
73296,14425.843
94388,10908.064
32290,13399.322
83731,12452.556
23739,16720.326
21504,27738.396
67267,6503.7915
30843,15764.182
11477,9131.745
73453,11445.128
77678,24350.832
65602,16038.753
88186,21161.36
93561,15949.568
34462,20039.46
49308,11823.705
86506,13608.454
92301,19365.799
63976,14320.556
62621,16599.516
65230,10336.376
86447,13552.807
25354,16326.016
61973,10020.034
22997,12630.396
97974,29732.473
80027,17780.592
36664,12011.789
34257,22393.82
37188,26331.168
86701,17098.75
80219,9186.924
30701,9976.907
51362,5209.7754
52225,11441.438
43073,10878.269
19210,21916.56
24813,23171.926
52391,23551.996
10841,28629.479
31052,17459.48
24435,10929.138
78691,10817.361
43970,12241.051
45072,52772.105
54419,13381.124
31124,10710.144
88946,40263.62
89200,31854.64
98073,6659.144
54330,15901.883
20419,27206.096
63061,20129.95
24677,20623.96
67164,16877.24
28162,14448.599
88187,20905.56
55577,9770.458
94064,14114.605
46287,12789.226
28486,6181.4424
20325,21544.66
24511,11638.537
24453,12385.792
49574,9172.2295
91798,12190.564
12744,10452.885
20521,11739.53
41570,12604.415
12089,7023.682
60503,28828.58
76834,14854.605
97247,17007.639
73441,20715.861
70762,4683.2803
91058,22463.43
60254,14962.702
62407,5048.806
26986,16972.117
48654,12754.454
78554,30932.025
46167,18885.309
71442,26142.309
22873,26361.5
87908,30922.387
58472,15333.832
63322,11759.066
49457,10732.4
21942,36026.75
75731,8341.051
55212,7447.545
69938,12239.404
22485,31051.762
42203,5564.181
18126,9382.219
57987,11527.742
77153,13554.078
89843,8022.212
87545,11819.038
90336,13464.808
89218,13475.249
54705,22534.008
40474,19527.326
92042,15479.967
10220,10861.705
33146,13213.534
23581,13639.796
75795,54826.645
81759,7711.479
71195,23151.889
15528,12549.064
83794,37330.758
86316,10255.266
54049,15042.79
56902,26696.104
98893,11313.746
85908,7712.694
77214,8537.06
10375,9000.273
35220,10461.077
40885,17572.121
70997,7456.649
75908,39684.387
63783,8528.158
73312,20820.617
50569,13785.965
90554,6058.4565
74664,16137.416
49582,17730.852
21109,8047.2246
82754,13857.324
89406,5762.8066
51129,23828.623
92717,8161.1763
38350,11312.408
51601,19002.129
95246,5839.864
98631,10871.689
60358,33486.695
56925,13102.088
19175,13312.043
66022,9399.0
79928,18311.95
72176,10864.822
22305,11900.565
17716,21172.473
26827,7302.388
12640,31087.674
41571,32691.959
13762,14425.947
38387,24040.74
27920,29651.613
76104,14120.655
74804,20077.01
18675,28285.24
73539,16271.804
41894,50586.24
12615,10399.294
86599,17721.506
71642,11769.159
81507,7919.9873
39359,33686.977
32974,23241.041
83174,10802.561
35130,12238.467
94548,15779.713
13149,9742.855
12981,18238.113
96960,21323.482
87973,16439.81
35345,11496.199
81538,25214.21
87540,7778.0854
58396,23149.129
44702,12003.209
66969,12864.705
77313,13910.121
17808,8158.3027
83957,10224.379
25652,11071.5
29386,25505.908
76000,9927.062
41590,26996.936
39734,11386.044
76046,19701.672
64623,34348.855
53531,21454.434
29448,10416.163
30320,13808.728
50294,10664.891
87252,36806.168
34484,10549.819
95425,19746.39
14674,9270.138
10410,8666.832
48665,10916.818
13267,6829.7676
77359,31412.988
10266,10703.224
85474,9425.275
51239,18051.39
38430,9910.514
79966,8694.235
64456,31075.854
61348,19360.361
51507,10027.723
89605,12774.823
49374,8537.431
25362,20884.818
98208,25852.396
33785,7567.588
24248,19096.797
73905,87918.41
45661,14166.548
13301,24500.879
56954,21061.508
10103,12514.318
49038,13351.883
72645,15683.51
77991,9479.957
44774,11803.468
98951,8234.2705
58663,16469.35
33917,24375.207
57844,15553.477
28393,30476.766
26336,10667.116
27905,12476.885
93027,26560.469
37328,11913.938
23010,12004.644
36644,22972.219
77229,33991.465
82118,19791.486
22228,8491.268
37018,9846.231
79314,7997.305
27644,12477.127
20279,33564.574
68509,44784.72
53487,29575.27
37755,15754.859
76580,13638.774
75373,19588.705
64065,7634.771
52828,9029.874
23232,23806.918
39515,27620.78
44685,8656.904
47133,11982.132
92628,12690.391
21994,12763.149
72813,13971.167
42000,16461.092
79124,5289.941
65025,15863.727
14428,7693.9297
49757,11540.976
37945,10473.155
62392,14155.417
92003,13666.082
52881,20129.496
33795,3985.296
84288,13689.321
97303,11185.141
24603,29344.19
91471,16495.217
69195,23390.49
70863,12621.717
20515,23879.73
13854,22507.66
76100,29974.967
22104,45226.23
41068,8889.393
28992,8274.322
46143,15653.969
85793,8218.318
32652,25563.746
65105,7106.5015
10286,18834.055
44927,9862.874
85960,22905.016
33132,27924.861
10923,13108.594
97624,11089.545
91169,18618.65
60002,19675.387
89342,29867.73
90215,18944.504
20468,6946.879
50274,11352.381
89561,11334.743
40975,8660.646
47703,7300.6123
53239,8971.146
87238,17318.271
36968,22365.273
21614,13592.315
35315,9600.058
38138,6699.62
86790,10493.961
31779,21481.33
18063,18292.383
21365,11574.913
92220,24008.385
66747,2553.2654
22576,15690.718
47664,10223.612
83597,24228.879
90578,14269.885
43780,14620.688
64383,31695.379
55597,5951.717
61604,9728.581
56255,14135.618
78961,13420.708
51410,12933.731
83692,12816.42
32558,10550.618
15084,19275.848
83839,13908.192
75007,33980.633
39777,50959.523
87749,20436.035
95596,7963.4424
26450,9628.499
39825,25945.03
73733,20629.393
71145,26440.229
77180,7671.716
74600,9130.702
62389,17717.783
41190,16847.46
80813,14132.847
32616,15758.743
33970,9501.449
14357,9575.25
35768,9201.65
84436,11861.103
77705,8538.042
96498,19924.818
64900,22024.611
35849,31397.393
21041,6797.3594
61358,10651.395
57303,10951.057
13399,8976.3
17804,4291.679
17830,3170.0046
54515,12655.666
31244,22789.08
38599,9410.206
46437,10755.321
25564,19201.318
31089,10506.169
71649,15458.179
84344,6263.0757
32022,23691.533
86899,18047.645
27342,34987.555
44155,18787.844
73842,12744.825
62779,11609.385
28580,10776.503
38460,10167.861
59386,11397.771
22316,23925.488
13121,14233.692
36365,23745.102
78530,9366.865
81467,10747.915
77536,11361.226
81669,24240.541
45576,27455.205
37980,27467.672
70177,17562.816
17528,18856.863
74696,9110.687
74243,8184.3486
54672,8296.731
17652,16685.615
76116,16424.48
70014,26597.088
24189,10885.804
19971,12949.962
31112,15198.806
73258,15752.0
93081,7317.041
49896,15261.876
83400,14066.425
23171,18507.848
47284,13521.304
39588,13778.76
23937,3184.6233
18318,9099.456
12753,11941.812
71933,7559.764
37253,17026.465
92880,16883.168
10291,9298.1045
89086,10465.244
44807,50846.266
51805,19151.625
17720,16882.521
67840,8799.153
58857,6018.621
80493,9195.861
61234,37247.793
57821,7146.501
18437,29907.312
22058,26497.473
16005,21930.072
44735,22551.213
47871,10743.509
38089,58022.277
93033,15499.282
96069,18523.768
16727,9564.79
55234,13565.438
94310,30845.113
88441,13588.245
41043,9051.921
37341,20152.787
40600,19452.762
57645,12443.894
33039,3537.7654
19180,12012.865
34206,16287.15
60395,7139.302
59294,31235.434
73701,6975.2993
61135,14649.267
91443,9201.253
96713,20356.639
45172,9728.581
17475,7646.0283
96077,16119.456
42766,14758.336
53088,10969.757
76103,14690.181
39820,8801.989
13832,9871.506
79979,9782.087
97324,7826.002
23834,9709.973
35712,4911.4185
76468,6915.524
26711,40863.105
41201,34135.0
34914,11167.769
51451,10976.613
84732,14810.505
20139,19405.932
85881,9368.32
87063,9520.341
81240,21087.232
15582,13872.706
35276,10004.804
72921,30508.428
48137,19748.373
90225,18742.1
60100,30519.46
59799,21985.873
40851,27792.518
84111,37478.37
79705,28534.424
65175,16231.006
15406,25290.486
81953,49380.566
52427,17716.006
99582,21313.21
49969,12827.128
91501,3511.8486
53057,28606.854
51362,7926.1377
96029,13424.829
68139,8237.771
46378,14610.623
31827,20061.365
42830,18454.873
38982,17334.23
75759,19355.041
37678,13088.263
55552,7166.184
26626,17816.676
63532,12831.3545
68600,14759.899
54673,13424.752
45119,15641.403
39884,8673.526
37372,10552.688
64772,23769.068
60995,22409.88
77448,10838.171
94172,9248.559
57763,20955.184
97191,11038.821
73906,35043.316
56864,20493.562
51499,15949.014
22390,19939.658
28088,11258.377
25490,14065.714
12179,7022.5723
63524,23737.432
22048,13065.19
60122,15155.727
77577,19855.7
46784,9981.605
46004,21426.715
54296,18786.91
98799,11510.462
64750,9325.363
57642,27148.299
59166,13797.188
63164,15860.659
18047,11945.763
55232,12194.555
79497,13241.619
72611,61000.973
26305,10214.68
93840,9535.474
15543,9529.992
24820,11048.108
84128,13151.872
61816,19269.965
75499,49308.008
93146,10266.028
41065,27379.506
14679,12710.68
33031,13987.175
60739,23198.428
30444,13687.519
99706,25909.707
59981,56265.156
40596,15678.167
28650,11024.413
79112,32937.363
79669,32572.482
68341,11490.693
93616,9188.09
20479,25709.568
18091,8721.704
15375,22248.016
94843,18000.254
16734,10210.269
98080,9109.461
67397,11586.241
13784,18196.928
64708,7953.668
85933,21890.715
42663,21256.66
41070,11671.561
42690,7752.1206
65971,10022.238
47294,7045.3213
97289,21348.277
95941,24834.559
52600,16779.629
98514,18305.443
81907,5393.0977
93412,9526.889
24129,13637.38
68227,31935.447
82919,11933.865
41510,9130.705
68815,28867.945
91870,8768.608
61263,20809.424
18106,24132.37
87645,8361.917
49251,10064.163
13989,45948.746
54584,9111.452
63708,13485.266
35294,17335.543
17565,49129.676
82200,10368.742
16714,18780.383
53839,34793.83
10466,22290.139
69236,13547.674
33055,20870.258
20273,7973.8906
55987,41893.94
70898,19808.906
63575,24799.156
65349,9677.938
47853,15312.442
20511,7292.3916
33398,17194.16
12423,11745.114
63749,14279.986
23641,43938.51
12160,7830.857
63864,9059.053
75489,11473.81
68447,16514.56
11138,18321.168
97247,28499.402
73287,14685.015
13802,24729.895
43357,21848.168
11997,9199.44
71898,9336.07
66986,20907.377
66936,19710.738
82858,9835.587
27099,6853.4126
67291,7384.0205
80598,19421.027
99531,14824.0205
99433,24281.54
10551,25748.242
57684,22193.355
32164,23140.273
90012,10967.068
58004,29080.72
90058,13608.179
69462,7692.4414
66960,10074.877
74194,9449.609
34296,15793.397
20978,24092.984
44541,15467.519
12685,9856.613
56604,11435.697
42606,50182.258
10851,19751.604
92749,11520.113
44293,17574.742
75873,21581.178
18026,16697.533
99260,28454.898
72080,27658.146
50947,6979.173
96662,30623.287
38967,38994.117
29773,6945.9053
41318,22448.111
78440,19020.852
96615,25743.953
14304,9708.449
80790,18560.219
80613,12887.604
19491,13669.041
42462,4606.0674
74785,17355.584
85955,6172.5947
23014,19850.525
42934,25677.15
20910,30032.871
24284,16733.537
36017,9578.093
96305,35049.402
15544,7207.325
87272,12492.692
77477,9649.027
50073,30226.041
37964,15015.43
24924,10629.371
40828,4683.9307
57352,7784.4727
99553,10032.496
38887,14734.134
15672,27072.19
97838,9908.714
70685,13455.145
34343,14034.63
90382,11724.861
34120,8966.091
80159,17050.275
89101,24510.238
95251,6532.922
81027,10636.576
75121,15338.733
25887,17231.658
44533,24440.979
15132,8053.8164
98953,16929.479
55792,27788.172
33722,19808.229
11348,16018.041
86846,14392.825
65305,6556.6147
14274,25947.828
96081,18324.3
33646,8092.6235
80343,15702.355
75657,7358.773
51092,9791.574
33769,7473.6504
36812,25453.83
20970,15105.724
60292,11145.109
85699,8112.168
41969,6633.599
77216,53677.67
65154,20088.385
33707,12955.683
46970,27297.92
71629,5973.5044
56569,9915.212
50729,28020.328
41052,19279.447
26863,13315.556
64284,12249.758
70631,69438.54
77045,10158.646
87848,10342.615
32017,13321.469
77254,13140.663
26258,35206.727
13765,20141.332
72921,19408.164
65920,19701.5
55441,8320.893
76003,12712.621
14491,7250.113
29527,30855.588
43311,18541.088
28741,8942.381
87564,25926.514
48657,11164.137
96699,24138.35
29925,9160.816
10521,41701.74
94820,19186.719
84938,16756.06
98105,13573.572
98517,9567.512
33380,7822.992
96476,7999.168
77175,25865.066
10773,14149.477
68074,31036.473
40991,7701.393
40942,16516.4
71553,14475.004
58348,24611.287
45479,25635.348
44425,27972.783
50485,4427.458
32129,28951.268
30353,27268.2
84474,44566.207
88366,9486.9
95033,8726.56
68462,9974.746
44110,19109.125
41545,11028.363
92054,16459.238
14361,23342.021
17216,20097.645
55415,14831.6
72494,11348.166
87066,11256.093
16498,7118.1675
23786,23242.65
46753,20856.498
84574,7413.674
38736,13470.314
99121,11261.146
13516,20142.041
96995,37201.88
79845,21071.94
75233,47847.49
21150,19555.209
68126,16508.566
79462,11120.116
98082,14658.298
80606,21276.117
84688,21872.082
51899,19373.402
67247,47406.37
97173,15020.699
39062,31860.297
73123,16728.314
91306,14815.038
21273,8608.956
66710,17226.322
62772,11857.513
38155,6160.8003
70980,9925.299
69210,6689.7515
47849,11556.047
50107,24660.797
50062,14007.262
56418,8677.3125
50820,19285.69
98032,13826.136
61123,24367.072
84024,21223.957
89132,16372.666
46407,7007.8506
28219,13487.647
74922,10667.559
62520,13544.465
44693,13116.717
42328,24882.613
32226,21312.047
59453,16775.191
60452,7743.3057
70227,6293.008
43914,29279.668
45084,6586.5894
61494,9917.226
14788,17318.92
74761,18413.81
19646,14142.504
46414,17658.682
21921,20477.81
19700,13712.511
39274,9851.498
98863,15822.819
66933,8205.493
11580,15057.904
10897,14806.094
24955,6024.3604
71922,5260.0996
50679,11990.935
27976,27449.797
38662,10550.301
67627,6532.634
35266,12344.0205
51210,7953.668
41282,13287.138
50867,15547.459
92206,11788.009
56106,19358.334
92475,17958.318
82314,24121.701
54571,21673.014
66683,10777.182
26842,21700.918
32507,9872.927
23511,15784.622
78729,28734.09
58636,20130.768
61552,16504.043
10480,12000.057
51223,7542.1025
95661,8287.155
67520,4642.3135
19475,13056.1455
44065,18473.074
32851,17802.424
81000,16247.784
74690,25716.984
97112,13292.588
65366,8830.605
77235,17124.666
17262,14768.541
24370,14142.019
78242,11244.178
69507,20581.797
56169,22244.447
28059,7854.519
34894,11416.75
78939,15963.353
17667,6794.5264
52526,9657.326
84680,18501.197
62792,28525.127
68458,21430.084
88948,7264.767
83509,25099.998
56253,6912.3394
56831,14047.319
64775,12411.855
51321,14533.984
58543,12022.046
57053,53285.78
90450,31336.68
96880,24812.078
65428,24675.434
33992,30385.598
60177,17337.102
55950,16074.521
58510,9371.541
65946,10387.584
43236,10776.488
36498,42742.156
64798,12271.087
26999,9199.719
17371,8028.4355
52211,22709.533
78941,17261.758
42917,18013.738
73186,7154.0786
51142,8180.4966
87023,15269.253
22052,17251.533
79729,11439.149
29459,6902.7812
24546,6889.9424
58159,56485.242
10326,9244.349
20613,9761.293
25814,14507.981
67112,12937.318
30109,10172.946
53951,23664.492
25746,28585.97
17233,35225.293
43803,36570.855
85227,14344.5625
52178,12109.708
57327,16113.829
65525,17382.432
20057,28427.098
83211,12537.487
35373,18112.672
41459,9162.523
45048,13871.81
43250,26745.191
91513,6425.489
82920,11451.817
83997,8875.672
80995,45415.367
68756,10685.425
77412,19459.312
11196,4709.717
55412,24980.64
17395,57123.4
23817,7001.8877
80209,7046.1733
69300,12657.682
54721,17295.932
92171,30091.459
74689,7414.2153
85810,12640.28
51524,18057.773
93215,8879.447
84388,10510.797
82068,14155.109
75054,10329.733
73944,24864.95
77056,30272.8
86273,11105.544
59816,8265.64
43115,17933.053
67751,7941.607
97566,5635.4736
78647,27408.027
55506,10610.974
52337,17494.13
12029,8498.676
79195,10653.258
86768,32024.748
29402,15491.613
11586,6569.1963
22931,26345.85
35804,9318.478
99094,6655.9956
33976,5996.1763
33135,2668.6848
81378,19791.393
54399,13036.289
40290,25581.408
86838,12761.151
99387,25076.682
91424,16166.081
98678,18206.828
13781,7984.7456
14950,11965.611
49218,15339.492
38529,8116.7983
18844,5511.0825
59383,9548.049
64199,9731.435
70308,22569.336
83834,12206.921
66766,9131.142
13430,15189.098
91862,23973.498
31994,17631.293
88354,7090.478
60651,9031.243
79601,8884.628
41472,12345.441
70675,20342.932
56140,24370.85
17150,11061.388
92422,8878.287
81756,12097.256
66131,19203.47
67068,8802.365
92205,10127.072
10721,50686.117
62618,18782.871
44836,9954.206
32052,27538.787
99724,16538.584
50260,33673.8
95690,23617.45
14355,11716.64
92050,11715.383
27797,9146.029
78866,14881.716
89595,8746.402
66440,8866.914
58579,11039.665
48814,10478.66
90013,10942.739
19344,11556.418
14089,21323.969
78958,27845.7
61168,9923.127
19415,16898.465
57259,19852.904
67060,21410.744
45454,17560.299
22031,16956.28
57084,7976.352
29133,16590.736
13640,12438.173
90400,20385.85
11745,52830.117
61681,36637.883
34028,12051.107
77581,12181.342
31796,2232.9316
57178,7625.956
45801,24398.291
44001,18057.9
92337,17185.422
32137,7597.492
84720,19645.857
67217,22409.324
69083,9586.859
26881,9051.774
49049,6654.587
25912,8544.823
34217,54826.645
44627,15518.284
13122,19972.926
42812,20440.93
56125,5240.9937
23575,37205.023
84907,14016.836
60445,13122.171
60177,14832.785
76958,21959.328
12632,12420.19
12144,8469.956
92988,24808.273
40913,13052.885
92697,29480.936
89314,13076.022
93543,9507.012
44740,12610.6875
33314,12449.874
18631,28125.965
18910,17066.504
94013,10435.281
97099,7981.0625
72925,11469.781
46102,26854.22
48437,6851.0776
11686,17643.855
63328,28410.207
63623,11723.179
35266,8770.241
28766,31398.756
13513,53095.016
13694,10456.433
47601,21292.078
14360,8585.752
15223,14415.359
56499,15061.91
13207,10301.062
90257,17126.715
95582,10337.91
75740,14190.17
27782,37776.336
55412,21877.887
77959,5460.41
97266,17219.066
91017,17184.863
10916,7472.398
40579,4756.7
90532,14354.119
33411,9438.502
84620,16046.646
97340,16663.453
98084,13579.755
46667,7572.7285
87464,8702.458
44550,15906.244
23082,12464.736
69343,14909.326
74777,15450.795
14604,20796.78
96796,8188.931
68009,14267.251
41538,7942.6997
96949,6559.359
77723,14165.704
24025,11645.177
36471,12439.958
74511,9513.669
10567,9830.413
50820,9240.822
61619,9176.367
51300,9055.653
84455,18393.732
40033,13234.462
72520,6833.338
49037,6874.3765
25629,7091.324
28102,30672.783
62320,16642.506
48600,6898.6665
31913,16956.115
74735,28214.799
59337,19817.209
52520,26358.373
96616,22683.934
65321,9746.125
38034,11770.568
42761,14131.063
62464,14479.683
36355,28375.89
35546,14281.39
33602,12645.22
88572,12476.622
22180,34285.344
62200,14407.05
50914,17156.668
41716,9643.254
52590,27482.465
11353,22649.102
94062,15683.862
42620,17213.033
12746,41951.82
98638,12688.377
84682,10821.344
99874,33376.805
90560,20924.988
77524,14042.024
46492,4645.363
66650,28009.74
55962,15302.596
77199,31070.078
73189,16902.697
50756,36041.055
26675,8909.477
34784,6511.5366
52101,11020.2295
86791,10497.922
78321,14476.217
98582,11739.432
68898,13331.244
68744,8500.5205
27738,12239.131
65383,7736.436
38008,31710.027
27728,15931.078
69096,17540.648
99552,8921.566
32191,14122.217
75761,7374.187
91742,19107.781
39080,12212.167
35940,17328.127
72944,13255.024
41776,8867.657
80642,38931.535
48396,12890.1875
67799,23817.67
89276,13777.1455
68072,4101.7505
82302,3531.4048
55365,21426.99
66703,21509.803
34676,21803.516
52211,17842.78
12270,18873.008
74285,12640.21
37649,26232.404
59481,16783.463
65453,10858.749
82223,16178.193
48221,6687.837
49652,34180.9
19383,17803.918
64001,7653.1865
87800,8303.796
41759,21647.479
34433,19430.11
99664,12104.669
25841,14912.19
38130,9885.566
96291,17150.012
83988,13382.289
51635,7120.2935
10658,4955.7354
38626,6870.636
13690,21746.742
97239,14243.799
42994,18433.633
60809,13169.678
28976,13097.678
24823,7220.986
66932,9738.96
54442,5840.1357
87465,61795.01
98114,10066.092
31037,9274.408
57484,11628.304
70910,5465.5728
90758,32721.96
73520,37431.04
85513,30106.225
21391,26257.898
93567,6502.5537
20772,5880.786
42655,8116.9556
83725,26342.084
42371,18449.889
70174,9715.248
53882,12112.248
86806,21638.58
74205,24749.273
95976,18345.467
92467,15561.276
48791,17420.568
88860,16585.494
12457,10740.849
48678,14804.629
12536,7055.3057
81560,25878.68
80034,7030.789
21654,14014.721
72338,12355.224
31922,12456.815
10722,24127.566
50229,9972.861
68976,11708.544
89262,19586.645
22558,22008.826
69152,8761.078
80021,21018.693
64906,16734.459
84390,28226.71
58254,15945.363
42530,20482.424
28847,15766.308
31964,10449.624
82833,26968.35
92919,15261.878
12835,24652.918
94733,8461.746
52011,33018.81
80056,12937.466
11369,9680.258
54807,14789.354
60333,13670.929
56802,10069.987
47706,26107.512
11554,10897.197
44988,19800.217
99127,5339.2373
59316,15937.068
28964,11578.63
47873,12148.016
74604,16393.115
66214,31065.072
72139,10578.801
13270,15290.853
68961,17696.326
91918,26072.291
21254,10356.711
29502,46581.836
51409,10025.301
42984,23981.475
55744,19610.338
41162,14799.341
72940,10483.108
75484,8941.908
17827,13304.169
69873,10199.244
83763,27641.062
90906,20391.326
30145,7269.836
28036,10918.062
84810,15621.192
83981,10871.856
77502,22300.926
22169,8897.654
30336,15669.685
55991,14177.856
35016,7192.1543
68902,18875.492
13287,6380.3516
26192,21037.47
15976,9839.866
69104,11096.923
25299,9957.672
72570,6567.0522
61892,16744.758
99822,14081.503
32330,12165.806
63019,27632.842
34318,22668.691
82793,7582.8022
79339,13972.476
17659,23243.42
94388,9307.53
39853,15014.834
84729,14453.427
51553,6090.104
95046,13004.346
22288,10979.991
11760,7775.4023
98252,11834.168
78179,11242.077
74493,14013.89
39694,8441.259
30984,14313.966
76907,25483.004
92999,10793.678
59593,27405.5
96455,19277.096
18277,19476.5
22966,24959.053
55869,26656.889
60134,10536.806
56592,13478.253
82171,20184.652
54701,13380.632
13270,14631.737
46989,22208.068
48977,15442.468
37315,21506.754
97678,13664.686
86526,9806.394
16063,11145.587
66695,16922.018
93397,28165.586
29733,18667.174
67891,9708.449
31801,17173.47
10367,18578.096
15019,15896.989
50224,10977.224
42331,44848.227
62916,20311.893
89284,17076.193
68788,19006.729
37068,18864.28
82811,13623.662
27039,9581.997
65300,28075.701
63897,5704.9297
88282,10267.933
30438,10767.808
68744,29316.023
25103,20689.428
44939,1832.2008
68332,8411.487
51552,9312.264
49602,14823.714
75961,16176.085
19586,12887.604
64597,10077.368
78711,26217.727
32763,10249.443
48862,24785.152
52695,31346.139
38689,21115.352
29140,21854.846
19982,16319.301
56920,18541.758
55353,6889.515
21725,10384.692
99003,14816.197
51374,9076.538
27470,22175.896
19531,8688.373
21792,8847.349
32077,12935.234
59725,6984.0635
65938,14599.991
18388,17424.232
18548,5388.525
13515,8844.159
78036,16276.466
96887,20171.254
54717,10945.234
73982,13461.7295
97506,9010.568
88509,8673.562
67149,20859.33
36323,7379.4834
42029,34715.47
91021,21091.564
49843,14516.648
52638,22392.021
18848,16512.877
45223,12662.319
14315,9709.973
63682,25954.08
43472,27282.963
90572,8724.222
26019,17545.928
67707,9404.201
51634,11078.469
68882,1885.2893
29321,10121.339
85302,27923.506
42423,15489.694
22051,18268.068
93406,1016.3892
58799,19629.68
76491,16929.13
15450,10218.314
51338,15575.144
14338,22320.291
35223,17930.814
97034,15469.01
43214,19247.691
53542,14212.053
79790,10340.722
77194,20735.732
34174,20224.717
29088,21145.344
69017,29378.402
72040,17692.264
61213,7748.4727
26803,29731.479
39592,29767.535
38702,7656.9653
92101,15435.261
96740,9420.773
80311,24891.38
92571,29104.588
36787,8183.908
68381,22062.201
67696,12798.871
72891,7644.317
15285,12593.471
49532,8628.594
36798,12783.142
17104,11573.959
96570,18739.404
34612,25672.174
80480,3043.056
82715,27364.994
78002,9602.97
68138,3816.2214
86665,13418.791
13849,9851.149
25261,14686.213
71337,12478.949
32903,29246.828
72059,12399.185
37899,21906.184
64452,8205.719
42782,11534.346
99376,7634.572
67217,25082.941
99202,35186.938
37755,10989.955
47005,13246.946
91608,32264.322
88988,6026.0234
49462,11061.692
95039,13526.165
54016,12983.51
34487,13553.466
29403,16357.071
37299,10101.088
44354,12481.647
91231,8753.864
77206,24519.006
56006,18546.049
76575,8374.742
25149,11634.219
41784,23133.77
91282,4149.7593
30650,49201.586
85265,10198.821
48004,49881.027
11028,57099.777
29618,10552.305
27827,9815.727
42139,23441.48
88428,11487.282
63336,15219.512
77761,12941.773
26688,31149.037
98050,3727.4426
37325,8735.451
93046,14142.015
72791,6915.524
38047,8609.621
69299,16117.443
78160,3557.8
85954,21592.586
60216,25672.842
75730,6506.7993
18312,13545.493
19814,9335.171
41619,13562.337
66999,12950.142
83096,11060.36
41011,34500.83
45850,9796.05
80887,28912.424
28092,20255.547
42786,32623.484
80887,30405.113
74015,28029.744
65050,18062.27
99092,14222.413
22373,20761.875
81615,21593.203
93018,20049.637
64551,11602.7
19532,9572.138
35607,14351.434
27287,18828.934
83476,9238.284
81168,12668.97
56498,15950.131
17655,12144.473
92198,6900.1157
68756,30796.426
26625,26444.676
31429,14581.669
68540,12770.821
68015,9553.741
96692,18453.814
48789,8081.5264
24353,16392.732
41725,19446.027
55134,48815.04
99433,17564.45
36512,50285.047
88421,18489.68
89788,10576.911
51922,17583.861
98957,12094.39
48174,9509.359
25491,10282.2705
60824,13250.86
93065,25204.074
45709,9518.021
40929,9574.814
30230,29529.648
99573,5098.7446
82793,8373.808
36834,8071.483
64164,10739.72
59758,16576.004
65401,8210.08
49776,36161.62
73035,17501.326
56496,14461.131
32478,30388.424
30412,6819.328
19000,25414.166
26456,12592.779
83183,12039.417
11476,9612.902
91395,11067.633
56439,14233.552
83397,7227.323
76209,14510.323
82627,22591.262
10882,10358.095
58690,31839.523
59144,11213.495
44058,14820.817
78071,46271.45
48067,9760.284
10066,16053.723
88029,12350.489
50890,21075.742
18919,22050.828
98634,7351.92
63179,27673.045
58061,21873.434
60010,10080.419
31096,11994.777
98916,13675.047
51210,10264.693
68116,16106.209
51620,20784.81
51759,12461.007
11862,13000.418
59250,15096.639
95647,19274.406
73556,8991.396
36694,10457.36
53926,20165.4
24431,20024.102
49573,11742.946
88073,9582.916
90070,11361.094
64730,7087.99
77583,15925.585
34927,19797.748
52655,30162.871
85751,25370.16
50285,10444.269
83223,26751.531
25142,9529.285
20674,13463.252
24063,13563.091
66344,9283.79
26584,8389.721
34945,9684.725
87178,8339.165
19938,9861.611
92472,24643.2
66836,12117.352
61414,29292.242
47965,17637.764
15259,10370.706
12570,11227.281
90458,10966.805
48912,12327.904
56779,5866.694
94431,8395.394
63871,9038.422
14057,1852.5353
19988,8015.8833
26130,49893.78
56773,8875.921
62124,15440.878
86784,13757.967
55751,11201.812
23945,12931.991
43852,26555.01
94367,11261.947
70731,9962.134
33939,11818.427
29975,11397.39
38875,17522.658
74402,12898.349
83103,10574.28
87554,25840.74
77003,10070.755
88912,9014.133
86091,16938.375
23268,9097.76
52423,11598.186
31054,9379.833
65205,15571.177
97956,16844.863
92268,13334.925
61310,10007.146
80326,6484.244
55572,11144.081
89642,11996.146
37887,9318.648
73687,11886.464
31637,7954.299
78813,12301.944
68322,8437.185
86504,19879.064
21869,12868.946
44412,27934.434
52276,8206.701
92375,7209.844
46079,11116.237
80372,18283.809
27147,8735.462
47008,19069.967
99762,4950.7217
19504,6885.2095
42830,41413.375
88446,11379.239
62552,15365.606
69737,11260.102
91451,16606.729
17907,6531.7676
27030,14219.35
62983,16279.56
99801,13790.95
37681,13154.527
57569,9724.778
22294,17132.717
72876,26183.127
65722,6154.2427
58685,2845.9138
34884,11369.271
85677,6454.3525
60747,12638.53
68114,22876.588
58663,35725.4
74072,17123.273
16860,28369.79
11505,7480.9336
18211,30659.508
15747,13229.271
19062,17105.674
87449,17742.822
90001,9615.924
57742,8395.336
38483,11116.237
15414,11945.726
88777,14195.497
89635,25904.117
32187,5892.717
49702,11586.996
41470,14986.745
69520,9179.878
84715,22667.596
87717,15903.085
41814,19580.29
85780,22609.639
38756,18996.984
64865,15596.903
51020,27425.662
65858,12900.692
27524,13338.625
38453,7173.9937
54480,8612.035
42442,16552.254
17736,4643.526
48473,6375.3066
82297,26614.465
17034,10449.318
65006,16794.129
31823,38350.125
77432,16751.803
28864,6697.3755
87302,9557.209
48697,7840.17
43589,21105.305
26552,9500.372
27419,21316.06
56975,17595.07
56484,11763.991
73856,9277.989
39380,15578.324
16969,12990.95
80784,22563.184
92552,15334.61
52271,21613.494
25492,14418.207
30392,19274.406
99417,25859.322
55191,30723.107
76902,4921.6704
61508,33474.242
79629,5629.163
40804,7142.1646
91374,18475.324
67399,27241.262
38935,10393.732
75205,10359.435
84510,8864.071
40461,10451.515
18693,12271.56
97951,9476.469
25334,17645.049
65440,7110.4375
54931,48338.926
50395,13368.894
56289,26936.123
69664,15639.176
22201,11427.15
54992,22185.896
85580,29316.023
80692,17705.502
73094,27507.412
72023,12394.447
38029,18859.713
97023,29322.701
77482,18418.678
47996,33868.945
93021,7587.379
39332,23804.006
29073,31755.014
90589,13481.716
93734,17254.02
48361,30165.068
90665,22230.18
70416,11803.318
94327,10574.331
42649,7097.7007
68389,26987.223
55675,14171.072
71035,13690.522
57774,12361.196
78072,9764.153
78553,36669.336
42764,10504.824
84103,9980.135
29176,2485.5308
69175,9834.772
38577,10595.723
30755,39688.934
78779,11268.614
96326,10299.388
44176,10365.333
54448,17760.58
66327,31181.732
45666,14750.848
14550,13444.952
55126,11772.293
52616,15009.679
93766,22644.334
65562,24608.787
28009,9737.573
35972,13186.081
47176,8509.011
11148,8752.844
96733,14228.04
93461,17789.96
27271,7674.255
33444,11109.984
60120,9772.007
98377,10293.251
56582,21715.316
36878,14510.695
36688,9900.544
74971,12265.62
45554,33809.99
54670,9832.659
93393,17134.281
67191,16692.36
18211,13963.655
38460,11075.341
31558,6580.817
43586,11974.012
29261,14062.509
32079,13847.358
16335,53889.656
68706,37191.01
24086,37754.01
53905,14075.254
29906,7926.9727
73988,18412.553
93154,19013.12
13852,8495.083
98632,13623.445
30276,19943.5
62628,19875.914
30020,11450.078
28310,6212.1333
59304,1443.5204
75960,6919.7944
77159,35641.516
84843,6958.035
32506,29149.871
32778,12396.002
63944,34133.66
60260,17496.643
25212,11057.655
54283,12039.417
90875,5207.6895
91783,45483.13
54732,22279.666
93550,10852.7295
29961,22062.201
73932,6543.623
19876,12228.587
45103,15939.032
47552,12407.11
49469,26042.525
21457,8536.2
69848,9647.2295
80442,8373.808
49770,11464.808
30092,8778.872
90747,19980.309
55851,24336.965
46946,9914.941
37732,16603.893
13097,18724.783
94011,6666.9033
64584,11089.592
96191,23698.268
95798,9424.926
88371,11638.008
80633,10239.56
73548,31703.223
75675,9094.028
97614,13144.185
36763,11732.317
74601,20225.697
15742,6814.1313
61569,15545.724
55736,10149.18
35946,16332.036
73701,22317.488
74703,15736.152
55075,14638.83
52733,6341.204
68521,10389.064
64577,13625.118
12059,31464.209
37395,11190.183
86631,13684.745
84295,6717.0586
66891,12922.272
47730,7680.23
19068,7835.8794
33843,13921.164
23689,12040.653
16352,68324.74
18155,17933.408
97237,18825.953
15039,12463.302
63018,18531.807
96506,10595.81
17149,35814.28
50454,17021.014
69211,18742.2
76484,10148.087
39680,11158.335
31857,34034.29
96010,31396.498
75292,26825.396
87730,21049.139
45349,9944.769
30997,29092.736
41832,15030.27
93415,12585.284
17117,23709.822
78596,10367.948
17175,14209.073
73441,55272.66
56781,30191.344
97260,10931.262
56377,30986.162
78134,40333.54
88838,10134.36
90133,20057.86
27228,26295.383
66171,17957.375
40542,26232.996
36079,8091.559
80877,7726.5947
28161,12412.589
50689,18984.502
61240,5182.3647
69654,21385.77
79557,7748.094
26740,19506.635
69058,37992.504
87139,12836.969
11956,8873.928
91775,8481.62
60266,7332.7515
18499,19035.482
74885,7852.987
15397,8500.5205
21682,7139.0625
59429,15676.45
17711,12910.475
68857,15588.099
19014,10893.274
47467,9427.681
46000,20406.13
26186,10922.665
17425,7429.1646
27532,18366.639
67707,8974.69
62172,18508.059
29567,30360.99
15001,13537.494
46678,44785.023
21889,47757.324
12698,27586.791
45566,11944.158
46440,19710.05
25822,25049.424
20692,23079.31
13934,6679.024
32258,21176.531
87201,24958.799
37652,8224.5
63280,18166.15
36081,14026.697
90734,11089.938
22438,12114.618
77946,9819.61
55216,31875.693
56330,9054.659
54320,14915.329
49779,8961.249
54739,30835.76
15780,9865.225
67432,42668.05
46666,8548.547
74616,36569.848
59550,2157.1956
14104,19909.598
59315,16176.085
43464,13886.377
59729,13088.299
62231,17358.805
63487,22602.57
41559,11795.131
32404,51259.26
55923,15722.552
78623,12176.572
44035,23337.752
78646,7957.0884
80958,17326.812
98375,12871.75
87854,26915.654
74495,9098.632
86278,7473.657
34557,18125.89
55256,9997.625
24028,16249.821
92451,8462.325
89737,6724.94
25093,14547.473
23061,12655.114
64301,14308.598
92595,7133.1724
69177,12507.567
38569,44723.387
27108,10681.205
19420,26573.771
21937,16160.447
49536,28369.371
73845,10967.527
92383,19370.234
41727,11917.909
69203,11463.043
72460,13406.548
76919,10573.31
42040,27546.135
95436,3648.6484
35007,21099.53
48381,35778.824
17336,22806.094
84917,13355.11
14819,8018.4707
85572,17971.293
24203,10842.171
60137,9361.778
20074,14823.875
44169,10644.441
20123,18854.387
25486,6411.6343
14882,13041.123
83318,9997.951
80733,31147.771
55605,9670.253
81296,8399.635
68459,17379.914
46329,8548.345
13311,9588.682
34505,27373.217
70797,14171.845
79997,22173.906
69238,15446.518
75197,33506.746
93426,6070.299
36420,10066.97
94037,13394.055
88841,10590.911
37102,7529.5776
40097,12468.966
83896,16628.018
29986,26705.145
91918,7741.4194
85913,11210.269
10486,7117.334
74893,32215.334
89653,8539.974
15266,5518.085
21492,8813.718
43231,18521.893
97616,8052.386
36406,16627.764
77239,29511.154
78952,11882.6875
16795,15449.457
27372,13240.854
24595,17312.375
78635,11030.656
16302,15608.785
84513,25890.105
85985,27197.121
13955,33654.293
29963,13387.42
65313,17239.03
49888,14841.997
57737,13192.425
19230,11860.876
26495,24473.91
98650,17384.523
44997,10295.8125
81448,19681.385
50151,14863.285
34350,3503.8914
98813,9375.744
46899,12228.511
86500,14962.917
72849,27829.693
65674,20677.217
65864,12810.867
48491,8563.827
59395,23924.408
19664,5356.399
72804,13509.993
44646,27098.799
11437,11739.554
64235,15369.722
48236,10846.307
64393,14656.099
50069,9737.386
32902,29738.297
48054,22734.117
47926,8673.4
58457,15099.349
82175,13995.368
89107,11621.201
24630,10387.931
77968,8444.504
11346,19365.445
29484,9376.781
49829,20594.494
87479,46150.92
56525,14761.688
87768,24392.154
47552,14715.309
77985,23986.453
32748,10699.356
35081,24442.285
72158,25292.107
98902,18271.791
25797,8886.538
22798,18323.357
66669,7930.692
56614,24245.473
50563,28762.26
73796,20748.168
21588,23438.13
28589,10744.813
55393,18207.412
71929,9052.444
81707,25708.662
49732,5845.0737
30466,14130.493
28472,9768.666
29117,15642.206
69820,7541.6836
65149,7145.2856
91236,9492.673
22837,58307.75
10440,19817.67
12887,26102.63
48779,10556.932
37687,18776.742
91042,10400.789
37865,13507.771
87431,7628.219
86069,14833.289
98907,48364.625
38008,10652.012
77652,15312.671
56994,19228.234
68734,20759.545
29315,18110.791
72903,10712.6875
44414,12596.478
34970,21889.348
68618,17104.432
98992,3587.8354
88116,17946.342
87943,12864.275
82168,18500.309
30372,22873.611
91741,14115.109
47695,14358.76
72882,7477.3965
90039,18141.717
55902,7430.6875
36258,29961.986
12766,9486.237
69278,11691.038
50081,18380.686
17380,17820.387
52053,28607.47
52258,14784.718
54243,17195.398
89212,24449.1
77965,10841.914
57660,15498.69
63465,16260.183
40228,15780.816
62374,9413.716
19526,20963.059
35175,7126.4336
46970,9875.154
31651,15986.32
82457,10866.849
88172,33248.668
12906,20094.799
42521,28203.75
65031,4195.4966
11786,25634.965
92156,26920.627
30357,13486.481
49463,11583.683
59899,12842.445
60669,10381.847
64438,11854.962
14302,12044.855
86830,10470.68
19122,8218.465
56042,35827.582
34066,32304.395
73333,6116.808
94235,24555.264
99424,20613.174
28025,36248.016
22414,22193.643
29611,14445.76
89415,4129.9116
36575,9827.919
19123,12465.931
32876,11089.081
81595,45607.78
36841,11427.457
77842,6323.5303
95031,9784.286
22478,22507.584
16385,8146.539
16246,18142.826
92563,15189.04
90683,22119.373
67360,22279.64
86794,2335.8975
24156,10165.533
21047,20185.879
54519,15406.174
64566,9606.6455
29646,11055.589
40820,23940.459
53192,3248.4504
68956,9055.105
83843,18320.693
21786,12456.047
76303,22728.936
52802,20302.32
77324,9650.138
46223,12289.696
25261,14672.719
79804,16095.757
66593,24115.268
79055,10352.285
70986,6229.591
64568,10641.588
90458,47223.13
98460,19692.258
71117,68611.805
10132,10513.31
50856,18477.037
58522,16910.203
19610,21223.957
36027,10694.665
62580,26611.373
73104,12953.688
29862,15946.5
13556,22309.42
15598,7278.4067
63606,7688.8916
58189,11600.243
54401,25759.51
39931,12430.538
92502,18709.037
76316,35661.523
41515,13781.062
24362,21261.984
97234,11721.5205
77318,22462.99
78787,27533.754
43676,7618.741
78039,18721.426
21684,10707.703
68321,11137.441
68267,2639.5378
13529,9684.385
67285,13906.96
42385,10391.988
24581,19620.457
46422,22376.744
81220,7929.432
86750,9995.828
18146,21751.047
23811,5729.4707
62779,18874.191
54559,19606.58
62834,20700.186
94557,18228.508
81816,16068.959
19953,13929.332
21303,7129.4766
24443,6624.5225
46525,7317.0127
32362,21474.633
28360,15747.131
79595,16489.559
51629,19570.318
45067,14823.611
69984,16974.088
82582,11781.198
99650,10984.639
32947,23077.191
98929,11190.183
67650,26152.559
84725,19313.96
85133,6634.705
63373,14596.637
75611,18770.072
38050,19724.312
34465,6516.709
57590,22965.021
80581,24632.049
37317,15614.714
14018,8858.407
13064,28488.947
57786,8141.161
62808,14699.178
73155,13821.643
42339,24945.5
59955,6635.4253
58007,16527.17
27200,15162.556
28194,31014.053
46053,19811.705
83381,11160.5625
46047,11221.791
66627,18945.074
99136,13166.814
13059,28211.824
14344,7869.3096
25017,21239.398
37381,20649.904
55545,31786.664
42336,13435.499
77836,16203.295
93151,17024.625
29578,18364.041
29263,31749.336
33923,49964.453
43018,65532.02
27606,13159.77
91080,22012.168
56239,16069.159
48128,108313.914
68285,5141.435
37962,31326.148
16721,13918.631
36800,14180.494
76306,43088.84
81686,11019.78
59375,8847.349
44426,9914.022
82338,9721.216
83902,11442.89
50186,18226.139
88444,12152.261
44917,27989.102
57378,16542.219
10592,10857.224
11834,12049.927
63322,15985.799
55422,9515.162
55727,9511.627
37965,11620.109
99162,46999.023
55019,18606.73
81712,18618.008
43354,8026.4487
95288,6732.7627
39260,21132.402
60448,40144.18
27140,14569.319
46261,18327.28
46191,9578.266
45137,7941.42
47389,9404.677
95001,10188.699
69871,13873.023
83336,7499.7803
18680,11500.911
32685,12763.708
57823,39509.23
99032,21215.22
63157,8877.397
36646,18264.229
20702,32813.76
28403,22696.93
39642,19167.06
62654,31259.305
92992,12072.065
71940,34483.496
11420,10584.48
33841,20308.402
89059,19717.045
23136,14651.327
74814,6650.098
49141,35281.88
52486,17185.752
39168,8553.005
95949,17145.62
20377,14452.469
38960,13986.091
28849,15468.371
82423,25582.668
73746,20417.053
21242,26143.527
76656,18047.627
58214,11958.402
23102,17917.852
30549,13706.317
89362,37057.48
11263,17442.938
80243,10119.036
47698,20483.43
62634,21880.293
85081,9891.349
11688,28622.111
65141,29578.44
50729,28840.225
24650,12835.822
51504,14767.936
18416,33194.1
85207,8393.855
85343,21145.686
25622,25225.986
25230,7034.4595
27739,20059.332
48222,7958.138
79804,9251.169
84150,12497.675
65400,9455.183
64859,9813.777
52598,5151.2295
50975,5493.666
94875,25800.03
96268,6445.3066
63913,31645.902
81503,1790.5303
24763,9725.727
85553,14060.122
80104,14790.116
47310,5930.152
61743,20237.459
39836,29815.588
14347,8757.747
49434,8894.697
51116,23325.553
28853,5359.141
12911,21867.941
87366,34422.863
43838,18091.225
62084,6845.721
65565,22731.445
99286,123770.875
11040,22949.555
82044,11979.427
42544,25295.445
94708,22925.71
32753,14972.557
56324,7682.9653
57914,13914.006
25409,27981.008
64578,11353.4795
72486,25463.797
24758,7315.9995
18038,30433.238
78105,6653.8853
60593,18579.365
71347,79788.484
51935,7268.301
11352,23795.371
27603,19952.453
99581,31477.738
94809,14376.412
99285,29082.574
78735,27172.863
59590,11626.802
15577,30294.084
46936,46630.605
43239,18393.69
47191,17320.99
99770,14519.794
27399,14376.163
94077,9746.701
44447,18476.873
20653,21291.902
39289,8169.0176
88357,19124.127
36717,27656.45
10399,9195.21
48396,17043.227
30449,6900.3643
51264,18819.785
17239,19190.803
86800,7529.4766
91762,21836.42
60891,15469.419
92837,10985.796
38990,14453.564
33495,27726.508
93799,10849.766
40421,41365.79
89988,9266.332
83699,13000.445
41737,14014.721
68048,12276.822
37434,28097.559
98838,44676.418
20942,10650.149
77822,13915.651
70272,19724.336
50642,7166.184
68821,13758.732
70914,15406.355
27359,11213.926
87372,10407.197
23288,35589.242
91696,25806.71
96232,8705.646
38658,10512.13
50053,20557.041
52472,12928.967
73599,7433.6934
92062,25288.227
57079,24253.658
16121,10642.569
14476,20589.842
48080,24475.61
91993,16256.981
13416,16560.596
97458,2255.9744
25430,9102.474
80333,6981.346
80180,8035.751
78670,9046.562
95390,21856.473
77710,16311.3955
49082,12579.885
76864,7799.0356
53390,19184.355
49047,7876.9917
19681,26329.053
26467,18542.023
25470,9573.264
62972,9580.46
62197,12080.756
26733,8543.584
99984,15613.918
72866,17214.078
71878,32941.562
97379,39285.082
68877,12683.895
88841,14245.083
87609,7668.0825
30770,17040.953
90759,16796.219
13751,25912.729
10934,20044.516
77619,17682.734
52811,17386.695
28459,20721.018
11446,15801.719
48282,16950.78
41640,22547.234
66438,12082.57
99630,49326.145
24506,48315.25
20504,12456.31
18962,25291.893
20350,49985.207
81591,10901.557
17642,12987.623
99347,14611.405
56823,31929.387
95629,26522.375
97710,24026.121
13718,13236.905
15350,22306.988
53425,13898.313
38309,13632.729
44026,10526.491
94693,18069.555
91517,12298.845
73372,18391.104
47682,11904.516
90894,25731.846
13113,6806.3936
38504,5376.1157
80035,8555.426
37016,16297.37
29664,8462.434
79076,9193.113
54626,21523.732
27887,45705.74
21137,15529.39
31699,7715.807
85862,18819.283
73881,6319.655
31653,21669.379
41488,41279.234
28392,50591.76
88159,11677.927
52990,8018.1323
43734,9875.787
27544,48002.77
64555,17001.385
43968,8441.849
57977,14613.316
83805,26178.992
17586,9289.112
48422,19669.55
48710,21178.139
73071,5385.6406
96916,29243.19
24936,16122.399
70095,16098.124
25273,9836.128
81570,17805.615
79121,21396.469
38512,10442.7295
77000,17147.785
86052,10316.076
63810,15122.3955
46335,13732.402
55845,18982.229
29252,40555.223
68719,15158.879
42595,10435.356
38909,17215.332
37790,21119.395
14167,10818.849
78560,10448.84
67195,4858.2534
14374,12334.224
39882,8547.165
97735,23069.0
84729,10095.676
73229,9064.142
30257,18450.943
98140,19371.469
14863,32568.693
65834,18074.94
21343,16903.23
15886,6148.9233
48209,1740.9515
12171,21542.588
29873,26039.371
86784,15710.452
92156,10438.39
91185,7382.969
81613,14755.587
73109,21634.086
96538,35226.176
88853,13303.167
65806,8103.997
68624,23994.312
85738,24424.893
39363,8832.567
66339,13268.325
98414,11358.787
69560,13079.576
63329,8726.158
24784,18693.902
15380,6971.78
85347,27979.602
53811,10152.07
47012,5621.829
16870,11703.874
41742,11603.51
61724,13943.117
44521,10464.575
63541,24057.83
41539,16490.807
94647,20043.441
80706,9175.643
75721,18582.379
69437,18778.775
90854,21762.486
78658,11340.037
20089,18170.701
17667,9533.768
77162,10488.51
81571,17802.424
64751,14727.444
11481,13271.979
92700,15615.813
77028,9767.773
55095,14732.3955
45797,17288.475
31070,7770.905
62463,25380.166
79227,14945.976
80750,14364.273
42376,7116.811
65605,6664.4365
22571,13191.338
20065,10310.184
23211,12532.813
89048,8913.543
85223,15376.965
16517,9801.274
11534,13722.725
22457,16964.209
53571,9135.6455
97708,44293.637
66356,15936.638
25028,6975.149
11413,15474.3955
19302,22229.404
13105,13381.243
15087,16153.432
58889,9077.018
90018,21797.953
13393,13613.735
81605,14621.472
62889,13889.101
25863,10161.233
42181,57437.953
21874,21719.105
29327,12896.459
86101,13129.059
36204,13085.5205
48675,10396.14
49173,29308.84
97972,11595.208
39278,31430.18
77058,13630.979
29670,30321.809
33146,9180.912
42384,9978.846
34880,29229.67
44759,20392.857
30739,20157.2
33209,7519.5654
40405,54302.137
91015,15673.085
68095,8038.7876
77047,8239.114
95752,41147.895
71464,9507.012
76290,4131.72
10570,18331.396
44951,34403.723
68375,13061.093
99530,11071.539
77848,9126.076
41576,15437.6
60985,10518.897
60329,19246.732
69870,13813.237
33808,26872.71
53824,13641.061
69947,19133.928
79650,20385.09
28028,16559.342
19426,8441.151
95651,16553.693
45424,17975.633
64479,12484.445
50242,19701.7
87284,11756.192
65938,21583.74
49183,9148.047
73912,28412.09
15187,15867.343
23271,10471.38
66916,27722.674
26336,7077.0327
36947,10598.545
35576,9061.348
67302,19853.76
75116,15091.129
52542,10857.546
80707,18395.191
74152,25804.37
60116,17410.236
91523,15087.639
93387,23406.855
37357,13484.353
78694,23667.8
42076,24454.03
39922,10754.304
63325,15667.614
18604,29910.28
91107,7407.7847
19848,19993.094
35030,8250.323
60240,14205.047
81183,12119.741
44325,16861.135
93923,6550.907
25878,10645.759
63703,13010.022
36187,9124.115
78693,21141.443
72943,15837.197
23315,11850.259
19522,1352.1084
82934,17842.535
82672,13138.513
42546,5562.131
22758,15842.605
56961,12097.211
11777,14299.04
72390,13026.876
94354,18452.361
51150,6668.278
95987,4994.401
31951,8230.135
68772,20476.066
55183,3316.3848
10402,5932.417
46311,13690.987
76192,20598.877
16968,22091.742
62548,20690.941
48007,7187.5005
60832,9947.155
49801,27088.627
24726,9226.802
16494,28061.016
84626,21994.41
92674,6256.522
68724,20642.037
76160,7266.5376
51073,15336.184
46933,20724.477
53994,44085.457
10131,14198.61
67351,36941.223
47324,6775.5156
32571,8592.416
92564,9917.964
78457,15580.946
74204,11778.859
34960,21720.777
44436,26508.158
27073,29334.62
50488,18393.936
92989,31322.357
43210,27036.521
81329,18711.94
63280,38759.9
30716,25284.627
14437,15513.471
11966,12864.275
45044,8300.917
17466,19845.037
18157,14639.644
82494,12679.449
52178,27536.0
69470,15561.609
65749,8574.21
33697,50318.4
26063,12644.254
70395,16278.555
41071,35648.86
15404,4008.2441
26511,29371.799
53534,7160.7173
53559,7017.931
35948,13609.621
21240,17681.209
79158,11293.593
91187,10638.5625
37536,5790.974
36815,12096.247
67755,17759.857
21843,9826.353
98806,28535.61
76621,8712.228
50949,17476.646
43250,15732.186
26986,14696.064
59358,10963.007
44334,27606.912
62848,14715.938
61519,5466.694
73528,17381.451
88654,24068.41
98402,44117.445
11735,19120.305
65499,27174.625
53416,21241.166
20081,23655.307
87390,5162.114
50515,13629.342
56134,21305.791
53879,19324.697
42691,8503.069
82832,8985.413
75212,6357.6167
94838,17430.213
29872,23314.78
77801,12055.396
25106,15211.596
10615,12885.619
34509,7004.21
53263,14599.991
33319,11267.416
56522,9135.901
56772,16475.68
64252,10803.738
42094,29516.4
18835,12029.785
82632,14914.704
58653,18953.414
44088,9756.654
50386,15451.509
30171,10516.085
98990,7743.956
54642,13185.679
76880,19287.217
24130,11510.462
37404,22412.125
49770,29287.543
81076,36187.906
69172,15702.89
65141,11271.497
59816,31576.068
18805,24529.781
62408,10380.64
93773,22945.637
56776,18708.334
90102,9542.96
97295,7395.1494
80827,5281.762
13074,16350.135
48583,13378.846
85069,13559.609
33236,29159.064
90695,25613.252
30681,9400.123
41829,18706.031
28104,7488.697
51303,9338.035
33153,13799.573
26412,8824.985
98181,9284.6045
30590,18967.184
81399,13444.768
31559,10394.134
73968,21129.496
35413,19043.318
93163,9463.037
26105,14382.193
77114,12955.034
41691,13372.411
33666,33744.67
20355,16461.092
51280,12921.558
11324,17301.176
71606,12079.6
63665,8681.305
37323,16806.918
75149,23885.771
50519,14231.022
12769,17476.447
22373,7752.1206
84643,13956.611
30193,16164.577
63646,13456.217
69124,19053.545
87664,15855.707
60740,40969.33
12443,12958.449
96617,19087.508
89778,11216.921
90957,14610.063
96163,8168.763
23392,13810.901
94111,10143.138
40119,20555.248
42909,20392.184
49122,14704.606
64207,12513.532
67985,28711.184
44677,45084.973
52858,24963.688
88626,7670.765
96130,26806.025
27897,8301.35
34577,28103.666
51296,17983.871
48243,18926.082
62318,16362.241
41669,13452.641
58036,13676.777
76479,10678.46
87122,30793.762
49667,20756.982
12333,24028.309
81137,28870.11
94885,44072.75
51839,25382.947
15006,12375.474
69693,12622.575
91125,20594.883
98034,17321.736
71263,10447.481
65227,17045.953
49912,13394.055
78755,7830.255
54592,7255.42
69796,22210.07
53311,39460.742
31735,19855.295
49505,20905.514
79541,10071.287
96328,17278.469
10278,16013.083
39987,11529.409
69344,9296.291
76306,10955.693
14410,22549.777
53338,10787.39
11320,10379.133
84194,9156.112
85017,24164.334
96655,12359.626
67671,16522.977
53916,16673.166
59992,19664.738
69452,9449.38
69665,9830.467
46039,30423.844
55091,25226.23
69641,4590.029
62816,9700.049
82269,8063.998
72337,23559.941
79341,21424.557
54530,12882.147
56812,6914.6484
66449,13506.655
26442,18832.365
44712,5129.46
79171,8228.052
93555,21058.215
82742,28582.54
62196,9623.528
48022,13014.243
18710,44661.7
26161,10889.061
21144,21845.297
57218,18265.889
65208,17554.607
13261,5816.476
37114,22738.275
33461,9666.0625
14290,13259.027
38023,13196.502
13123,6348.12
93118,18112.377
98160,11462.9
15226,7049.7725
86303,17179.357
14677,22567.656
53903,18356.21
80275,20627.793
79988,10173.527
88022,25533.176
76940,20862.57
47032,12319.677
60326,10176.476
62394,13017.262
75505,11061.692
14007,6905.883
98880,24077.975
20376,23592.047
58357,19930.496
11680,17358.898
89878,11987.107
83182,18162.873
30134,4690.1
30336,22716.756
92109,15307.77
31263,18727.545
82316,24975.217
26312,21436.232
79476,10513.28
46139,28758.229
71987,49493.13
12703,7120.2515
57594,7509.348
15511,22938.25
64020,28136.768
62501,11089.706
58561,16495.178
42838,13650.901
35384,10878.865
85900,10888.595
37367,21288.152
42909,7428.9688
35687,27125.645
21592,12631.177
29895,4626.717
50725,28285.037
87463,10673.042
95295,23089.13
91627,12881.432
41226,13321.27
36147,17342.04
39601,14244.094
85819,14620.688
73479,17607.057
55560,12149.145
71469,11289.091
10949,12314.386
88651,25250.613
52971,4816.0186
74808,17266.754
40131,19170.672
66489,12295.953
18540,8483.337
90483,28448.615
97878,15967.438
53060,9478.483
96655,18467.693
35068,21368.0
14231,11024.332
51164,24126.777
36351,11398.394
82699,16186.001
63152,15957.005
26073,54000.67
66657,6666.2017
92434,13863.8
28851,11113.876
51272,11850.327
70588,13998.101
78888,14366.13
71434,20481.484
86510,10735.13
23042,10473.691
89172,10702.683
69951,9901.258
12098,9830.511
98298,10380.023
36255,6638.445
26782,40528.04
46426,10632.284
55195,26312.96
41896,7198.144
96982,19881.387
40835,8394.762
47353,17565.242
11261,12842.308
74789,21493.766
14860,24583.863
93848,22917.217
84323,21591.621
62262,6131.5854
18692,11010.229
58416,12719.457
60378,13830.257
49256,10291.829
64740,10675.193
28368,18061.283
18185,31512.723
19493,8707.71
42975,4880.6475
34052,19184.541
68948,26808.49
22097,11663.701
76868,49506.56
97149,32432.787
77289,5877.0967
40940,9416.685
62104,12224.278
96109,7868.287
57869,7740.655
58478,28395.13
33281,57438.844
91545,25051.762
22924,16012.958
18397,6974.2876
17053,18492.814
72350,15576.053
30976,11898.174
28546,10485.493
11570,31739.998
40756,9005.276
32834,11786.867
93566,11116.237
35076,20658.145
13246,10543.837
73032,8318.945
68965,12100.232
91109,19642.094
88955,9154.015
12102,24195.951
50545,19377.055
70023,24212.484
44632,13175.555
68462,22652.06
32461,26339.836
60184,22046.814
59654,12885.272
34887,7971.852
40794,17614.277
22541,7814.184
49507,8811.748
80437,11255.71
45997,7517.914
82258,9061.234
71047,12655.114
48320,19794.107
78320,10464.915
12517,16502.297
50302,33945.223
90016,18409.328
64497,15646.609
35485,9483.606
69001,14136.209
64418,7968.3594
10803,24346.473
50360,18529.916
74630,21495.502
49633,12599.921
74843,26936.4
38473,17499.553
64593,47238.445
75757,23792.252
65738,26762.168
79061,19005.309
82130,13611.953
12555,12888.527
44998,19165.473
43426,30081.463
22258,10210.269
58102,16856.287
50696,24451.492
39805,19335.367
99699,9682.939
17359,12124.82
11216,9324.923
25361,12677.113
56405,13498.013
72247,7520.38
38299,12455.176
11556,24385.73
27433,12777.225
88368,45079.8
52280,13143.7
54858,17081.91
31422,15893.909
59543,14396.563
91551,11452.162
17427,11397.771
42866,19125.533
48802,22686.79
74199,12935.114
22075,9579.412
89823,14760.637
26510,7743.3057
10431,10818.963
59538,15095.67
27507,30498.871
64204,24645.037
16405,13055.141
40891,9627.35
53437,24346.861
57396,8921.606
18150,26638.205
97905,14909.265
61992,40024.46
66381,52804.77
97441,23922.193
71941,31036.473
94101,26143.766
54082,10471.4
72113,14030.957
19540,19154.686
92355,11109.742
73431,9934.288
86042,16979.074
14784,11875.882
42904,11340.1045
22904,19377.713
62075,13872.616
51015,56067.344
82737,9441.643
39679,5328.693
21517,8527.757
36681,19263.734
52506,15770.064
20683,8909.337
30394,14844.695
70439,22070.447
75976,18004.344
72974,12133.015
51230,9990.9
93669,17743.518
39992,9416.588
14234,21133.275
85757,25298.137
35006,19780.268
56311,27866.885
70673,8313.936
52383,23971.42
10792,6875.698
78642,8665.755
25646,18223.225
55582,16684.482
38274,20215.691
56160,12753.389
76471,24175.486
42237,9615.27
75206,21712.979
57258,12014.254
17959,14045.851
22002,56927.28
96511,10368.742
90473,19845.254
21948,12748.722
56780,15018.526
28621,8428.75
46448,13991.215
29167,6311.9297
46844,18261.678
95441,7410.0537
83281,10205.174
98914,27067.752
13268,12029.839
28086,8130.5386
81589,12227.241
85305,15464.504
15433,12566.724
79713,15087.545
30677,6869.4785
40242,16394.154
69283,18885.682
26735,11937.429
33705,10753.032
94749,28961.574
87619,53106.004
21937,18496.871
21825,18625.97
95466,20046.264
14415,31350.494
92059,24959.436
68624,14668.727
51611,14222.413
21099,33118.062
68195,3335.747
27133,17050.52
15616,6938.7646
49381,48795.457
93052,11081.015
68383,17295.531
26454,32108.744
33165,11840.734
19779,10521.284
99370,27238.857
24006,9837.681
42657,15155.961
23083,10412.805
49156,15772.889
30393,14623.7
11210,25355.871
98074,12468.468
45781,12693.051
24787,9409.762
66441,27682.713
26506,22291.426
93062,12170.328
97356,10326.345
66399,12192.374
82024,15486.992
55000,20659.764
68455,13026.185
47233,10257.364
27812,5585.6016
66690,7564.3296
53739,15864.738
10045,13648.425
57895,10791.5
46808,23438.781
49211,5989.1587
37518,20563.473
74293,11500.754
52609,14081.027
14811,42094.7
62433,24169.7
42504,8166.205
84476,11514.864
63969,17635.744
96136,15894.711
76502,8421.783
44976,25735.465
64755,11418.355
64246,9051.669
22410,14808.435
39748,14480.294
70103,11469.598
99663,18794.191
89724,11589.469
89176,26782.674
63580,17921.262
20976,9687.105
64743,9922.042
32372,23895.23
16476,6785.9897
33941,17045.71
42262,10944.069
63002,6534.3364
78002,56080.695
25408,13198.465
94667,15749.872
97330,10570.499
53444,10720.542
52640,13111.433
34385,20677.86
85366,16862.057
25352,10113.683
40338,8831.356
87156,15774.813
88851,17268.703
44083,22690.898
52741,8465.966
35430,30786.488
81061,6156.676
56464,36994.594
34592,12700.581
85929,11887.224
93374,8399.96
26879,31878.176
93839,21148.5
62016,7920.0215
65230,15903.686
16581,8951.66
92393,18828.791
75692,11950.145
55852,30719.36
55944,12580.46
10697,17770.162
24756,10054.201
49336,15624.213
92572,16461.092
25119,17256.865
98719,18597.416
98658,8390.367
50506,40128.61
38005,29731.592
79752,9490.731
40306,22577.686
51264,48835.16
81121,18246.863
16377,14931.583
81363,9792.242
22962,21377.434
66262,34536.863
35449,34608.242
14918,15879.257
49384,11105.3
22224,13543.279
80394,10094.366
14024,20813.18
61562,14505.338
88266,13350.283
88811,13371.106
99116,20298.926
77366,18550.969
82339,11852.199
49027,20602.766
80834,9963.518
60806,18182.215
15818,25133.398
18376,7439.0894
92145,12085.9375
61832,13726.565
34108,6282.0405
23014,33540.875
67572,19090.613
16500,34757.324
77178,15996.404
81219,11502.364
77221,8961.249
38505,16774.625
81558,10855.485
82980,9853.044
29983,17807.99
71722,1844.7953
66155,12244.215
70933,10747.961
27742,11649.15
14361,32113.492
38293,18252.37
89302,16385.645
73641,6183.596
81522,22446.64
49278,15621.235
62196,2845.721
38092,31562.867
87025,15368.306
57850,41726.24
95473,11633.589
90732,16341.827
52289,10210.814
72105,17862.088
87352,10035.834
43773,15359.386
32231,21107.354
48090,7137.5854
80663,9123.106
54373,17134.568
99845,10556.909
49757,11626.037
90732,13704.848
76333,16021.293
38007,5474.881
36147,8596.058
69438,12136.299
94123,20439.092
79696,14725.42
55645,21193.174
42156,29808.018
53284,7728.463
27076,13154.89
15325,10639.653
89221,9951.791
67472,39621.047
84883,9947.205
66831,12646.808
27464,17288.365
28972,20133.184
80555,16973.408
78639,10648.458
75172,26158.47
85767,13481.416
99777,11138.85
36314,7879.445
15809,8839.036
46478,9508.2
93904,7959.484
22226,8021.6904
47035,20793.88
55544,29795.328
69601,11605.777
27771,10017.03
85727,4120.5044
47648,8858.447
48081,19253.568
74616,18451.385
76305,26455.22
82563,14733.828
61219,11588.806
41543,8514.896
49786,15892.898
62258,8061.959
70185,16485.963
44202,12254.193
16319,21260.436
44900,20388.363
76809,9340.373
98037,30385.928
76019,10903.437
95256,46739.004
34710,8895.849
81528,26985.977
90416,32293.047
37705,13196.611
43434,17052.803
15732,26698.387
52582,7726.4116
55000,12735.876
37096,7970.862
25222,25174.807
73408,10139.576
32725,16032.877
79321,21224.805
85456,12691.147
16582,19747.135
57226,18438.809
13336,6461.6816
97629,6448.0576
70443,5946.891
75492,3537.272
46397,17217.033
85926,8482.058
33936,8036.039
35056,12225.972
38322,12795.58
56807,4651.9526
29686,56707.23
87461,12983.881
40825,9031.737
87125,10008.1
45136,30017.291
99294,13458.627
31495,18534.219
34976,50981.957
15991,9742.966
66507,30591.701
65228,22753.867
33556,7674.7134
31543,11805.722
57637,22987.135
46867,16728.84
88758,9874.456
93088,18313.83
35038,11932.739
35584,7666.7104
56272,37629.69
90991,8706.623
59270,9859.758
58869,7910.6675
40358,11616.02
74351,19359.598
40140,21880.902
61499,9378.712
37067,22432.496
50173,28255.076
39113,8081.166
51819,53450.14
29713,13573.822
50384,8188.5117
44777,3289.0884
41966,17455.18
47690,8567.509
36661,12613.465
92248,13786.368
22952,15601.654
73508,15158.48
41396,16206.524
20712,10462.543
93415,54093.715
49157,9985.933
39564,36582.42
63299,9083.922
38142,13937.079
55014,16056.66
28404,18317.28
70641,20404.072
92194,9930.931
21235,12637.497
66050,20658.846
47206,30858.832
21802,21695.213
74128,9030.645
46244,9296.992
16803,12332.921
12672,14707.318
30664,22639.236
16845,27676.469
97487,15941.323
47931,10410.354
34939,7752.6143
13720,13379.814
18013,15828.813
61074,12130.276
17161,10940.09
14895,29053.404
36858,9907.772
24522,10339.382
57824,7682.7744
63766,13121.46
42015,10195.716
82499,18619.113
31509,17070.334
38423,21180.068
43943,21614.275
57763,46507.67
50681,22395.656
93107,8085.4736
44813,26384.57
39324,8942.689
37262,10103.081
18235,13179.956
86306,13944.865
92413,25831.406
13932,19837.623
24574,30178.744
66900,15272.045
89444,45822.74
97567,11640.478
32553,5113.5415
57356,9675.34
82701,27347.729
21007,17955.342
13407,19002.074
95784,7596.2163
69490,20516.857
21164,4974.9717
73839,19889.697
33365,33416.586
47903,12499.738
44119,36019.145
81755,32460.172
66874,19419.23
95926,8142.5425
12808,32957.95
36716,11455.828
50838,33559.02
19874,8372.847
93861,13333.802
31334,6026.315
15469,20767.027
32444,26589.121
59771,7461.3145
22902,7395.351
62994,21399.232
52994,17765.154
76644,13565.978
80022,14064.197
25949,10902.043
92724,8771.55
85562,41407.438
27750,10084.099
24036,12852.425
48411,15851.422
43848,14090.143
41825,16682.523
33513,18303.516
27016,11224.854
12174,8305.654
57505,6514.0444
96079,32449.658
91041,8114.4116
51821,53254.785
10033,15925.5625
55682,10117.05
73513,11842.883
58228,1190.9343
68228,18947.318
59478,30082.98
88120,11178.12
53190,14212.703
59589,25592.287
30134,21861.262
91798,7650.736
80249,13116.424
87303,9588.311
70671,12775.849
98077,27288.498
19389,13411.482
92869,8286.976
67356,11002.374
65361,7319.161
80121,43914.08
52506,5582.1436
48415,6104.548
55495,6725.696
73015,10337.68
32165,28962.656
53235,12615.427
33040,29802.469
79850,9322.798
74929,15728.981
96487,15310.257
23476,17034.506
26953,10646.38
12516,7400.2437
90545,38717.4
10694,13586.856
21555,9799.5205
85199,18063.475
50027,14127.781
34387,8564.988
71307,24742.238
28230,7729.2495
25689,5456.1597
18348,18311.012
69368,20793.59
82689,25920.787
57599,47885.176
57968,9864.391
44284,12151.01
60275,27861.281
15062,22319.174
88200,9838.795
90202,26950.592
69619,23559.72
50017,10799.035
75042,28981.193
69303,19655.885
88990,15851.892
72039,5551.473
43644,33296.09
91979,6862.4653
71637,16546.074
73318,20594.178
86579,22110.164
94564,32320.082
87429,14667.752
37265,52113.793
63227,9139.035
73052,10158.498
53233,24442.246
99678,11653.723
14033,59802.688
10951,24600.357
92230,7451.885
76598,11487.219
62733,13687.941
61753,9607.317
67044,11342.231
63376,30772.166
94159,8795.075
63103,16099.398
11993,22334.973
46655,18586.457
45959,15511.839
95871,33785.285
43317,8689.293
89388,7079.9546
62744,23696.482
64143,6744.867
46202,29787.355
99955,20134.234
96487,42022.13
34786,14922.292
65227,10268.157
29295,11493.725
24604,19895.197
52087,15660.723
59142,16144.105
90741,24193.76
79056,14734.974
49776,10181.327
40593,20975.096
31811,20308.166
56277,15069.016
20787,21587.19
83685,10886.196
25072,14482.857
93954,9378.712
21230,33871.594
45538,22008.826
75247,22438.596
84061,12711.985
46471,4527.33
68243,22874.441
15850,10878.957
20222,15153.591
11192,22097.963
25347,8467.079
19805,20826.748
26838,7884.3657
16422,16104.853
33903,33098.742
80313,7119.7983
24633,17366.25
80777,9530.896
66559,9529.027
38340,31998.957
21351,19662.686
65854,11507.552
91351,29096.447
30551,32678.076
85478,6470.946
27391,18280.75
16813,13855.442
84149,4265.313
13909,17040.053
30808,34082.86
59775,15568.365
39635,29666.264
19774,25760.705
61536,19362.236
53449,14653.181
24603,20458.787
44875,33553.92
13414,6204.315
90921,18834.055
46113,11644.856
14062,15775.227
73621,18334.893
12821,24152.678
59741,5484.2124
44096,8302.1455
42976,14112.468
86323,16516.299
97372,14088.238
56978,7154.3022
50336,10173.258
27448,13381.124
67117,23973.299
28390,19832.115
56862,8467.69
68493,9995.238
33243,8139.2637
77010,12428.116
83801,26968.35
54819,29336.14
44955,10068.082
52713,11067.8545
32698,4973.699
74484,11355.897
58586,24091.4
11631,17069.256
14934,10789.096
62433,40771.477
48356,15631.546
95225,7825.5713
38736,26013.234
24763,38364.926
45373,16584.385
97825,17049.498
52330,11619.022
51368,12683.48
75285,7790.457
93969,13282.044
32417,14948.92
63598,17643.41
19644,9985.083
94089,16123.925
76536,15157.374
81207,12212.881
69448,15863.203
60938,29291.867
28149,13559.363
70376,10903.333
33433,17944.908
91412,23594.803
16844,11729.658
39339,26538.396
69351,18937.762
66866,10354.232
40818,11456.57
75650,16600.709
58884,13899.29
52565,19252.635
59429,16371.23
90773,22942.188
16449,13160.653
18772,11766.313
89976,5573.0093
56596,15975.86
75438,49510.887
42266,13417.014
55939,15913.898
57846,9054.272
40271,11445.733
97056,19648.025
13624,12424.036
65018,9047.78
59569,27329.025
84587,19446.174
34815,9070.564
66754,6519.8726
18586,18871.63
70412,21234.719
15742,17147.592
25560,9000.817
80507,9055.551
10153,33968.91
57876,10087.708
37324,28035.758
71898,17131.764
28802,11106.462
65496,20023.066
36378,11567.283
45139,21243.18
34198,18092.729
31370,9602.6875
36445,15725.41
21148,32448.824
17328,18312.262
85113,10013.364
61750,6111.098
16262,14548.6455
20314,22395.117
43326,20742.178
66320,25699.145
93867,24524.098
49715,12251.173
62220,18502.465
25507,7749.2773
81560,11368.819
32415,11377.981
66988,27708.287
15864,26777.432
63989,18511.7
81958,13654.326
29177,10500.395
90625,13990.6045
60539,7937.27
85454,16187.912
49786,15567.988
83426,7568.003
94810,13596.888
27550,14293.983
57544,12350.002
28578,22357.895
84152,7966.1987
85498,13162.575
31272,7582.3877
57052,12090.607
53320,7514.658
97803,3462.535
88555,7253.153
99480,14391.659
17134,23708.559
27261,27661.447
56375,9490.664
41913,6869.1553
10143,28703.691
24857,10149.113
85280,29460.77
73990,6221.989
16876,17336.719
65473,7173.9937
96847,5955.7324
82958,9956.427
99778,24366.205
95296,74050.06
51418,20898.074
50920,27482.834
88723,14784.013
81395,9570.226
54309,26647.016
84267,12656.641
60416,17632.367
67962,12025.867
68115,15448.135
99914,26591.812
51391,22970.447
34625,19326.06
98823,17636.324
61084,17383.76
90029,13760.0205
58643,8182.858
32401,8313.8545
94237,16958.25
26602,12224.438
42070,12857.911
57813,13401.928
61527,15642.534
94431,13771.728
17699,12812.216
35672,28705.523
59927,10726.323
61610,19559.83
60775,18861.182
81312,19475.656
88695,15688.443
98701,10513.297
75806,7106.022
17324,38625.81
64088,18664.053
77721,29144.879
37701,14094.852
10974,10797.724
79999,8750.515
32680,17415.396
43089,9724.518
28819,14816.406
21833,6157.1016
68907,14541.369
66825,16763.71
89850,13137.234
89893,10766.747
45254,10433.028
86129,10494.446
75069,29198.71
88459,26709.695
67488,13887.635
24351,24479.086
38737,9984.729
34171,10033.418
57421,10333.364
14892,26606.61
47615,6007.7236
78532,14498.4375
70296,30543.254
21802,13086.784
73217,30508.428
93555,15933.362
26426,3123.2043
84144,7518.742
93458,13648.232
31354,9468.602
31864,7651.518
92434,9914.381
86458,30337.064
11240,25145.633
19975,20021.32
40571,14834.107
27463,21691.164
91850,14073.988
51335,9179.878
57470,14903.036
81461,12217.405
27590,6018.9097
58259,13684.601
91193,12738.511
74841,6603.872
27678,40952.777
38497,16181.583
76388,29472.111
27073,8458.867
70141,7807.2563
31605,9832.486
29433,3264.3855
29216,5697.4976
84737,8260.563
77417,13163.568
62548,18894.34
32057,5727.686
12357,5139.715
91339,7832.052
68234,10810.949
84306,5830.1514
98913,6794.5264
30335,21906.479
98361,15731.488
58028,13720.992
54614,8162.4043
12907,9575.685
99695,5576.637
76545,14541.288
12582,13586.316
63093,30596.258
90361,22904.791
22323,21239.768
78986,24365.738
30224,24122.588
16910,34348.117
60494,19017.777
95385,9543.829
72487,7031.7217
57259,14100.518
34159,8763.656
27001,20146.975
11365,19711.652
15293,29454.473
42339,21174.605
91626,16432.926
78252,4458.447
22544,8572.661
35211,9081.979
69375,17920.383
64303,15495.165
73685,10901.329
68643,14428.465
79386,25681.938
85923,20401.527
84212,30369.771
11142,14237.054
43591,20150.637
25081,10119.036
44679,7772.5317
22973,14548.8
22796,11660.917
75164,7798.1284
47119,14673.161
80779,14711.578
71155,3271.9482
46916,14816.337
93006,18151.18
93254,24916.127
58551,7732.0835
20142,21183.062
45667,12101.582
22276,33862.867
58105,9198.739
83457,14464.625
40540,2035.1803
22708,36431.79
10723,21487.871
32114,28013.596
84111,12719.728
29927,12517.346
74558,20272.293
55545,12274.955
96572,40269.11
67475,7276.3003
96796,30519.09
14423,26776.057
28491,11731.983
40287,20382.709
15427,11409.865
79843,28571.64
34813,24248.379
71684,12048.8125
18260,53999.2
76742,18256.848
24130,21466.455
33556,6985.371
85480,8315.332
37853,7780.3154
14427,14593.659
68077,11350.607
28298,10181.327
75233,35397.6
24901,11116.237
86754,22790.758
81391,24561.963
14220,6787.887
19378,16417.654
64597,15972.873
38445,32752.674
33622,17226.623
58590,21512.12
62456,8439.117
44346,19066.84
98575,24658.12
18558,9944.711
78733,15701.428
16095,9045.185
75719,7089.3003
44804,14604.648
95439,30937.178
34305,20904.703
69420,10526.971
66655,38900.094
89388,28421.809
67677,13310.405
99570,8367.417
31030,4237.965
86306,17405.504
16602,10696.597
33851,8934.641
87761,17138.553
84962,15581.471
80128,10705.623
47134,16900.244
33008,30852.22
32741,11276.914
72073,44292.387
85199,11099.991
28421,9107.749
17210,20033.062
30043,40492.273
89712,26890.406
27658,46411.223
46645,30735.201
18141,14679.751
79194,22024.53
71047,18618.46
30043,13109.884
51702,21485.617
95882,10432.311
83088,10276.178
24156,13373.41
11649,11464.794
19468,18170.88
20759,26579.617
57669,19403.691
49407,13765.437
19239,4917.91
90686,28847.191
28300,9226.6455
48209,17918.418
92906,17722.592
86729,6591.437
74296,9245.658
51907,12973.334
33555,9046.107
91817,9136.505
21579,16382.643
73067,6596.4766
56791,12714.412
46262,27656.607
48702,6391.5312
45443,9922.295
47854,20949.139
60630,16469.23
47630,8537.56
96579,25147.396
14007,30568.656
46057,19867.645
97567,21082.09
14686,12121.461
15877,10035.732
30153,4770.502
10850,6525.5557
93707,15098.141
56183,58232.12
20713,7697.1655
66084,23624.197
55359,45598.67
97129,14060.012
31314,22762.012
62423,21769.979
53394,14890.476
10392,18262.588
54466,20519.406
50351,11401.153
40909,15800.411
91364,12563.316
40055,20134.168
71416,18775.994
27164,16717.385
60348,16617.031
61405,6400.389
65213,5490.884
66023,14270.328
45384,28443.924
18180,15779.259
86488,16113.829
25786,13266.963
99042,10337.935
86307,22166.916
89172,23756.393
80688,23644.166
25855,9670.253
52527,9959.695
26372,10581.709
59971,22583.271
38259,8584.141
66745,34139.54
59964,21058.79
41615,21795.143
24305,19602.896
40499,10739.618
35355,6711.568
41148,20979.984
61442,9884.609
78585,8413.079
20535,9744.429
43990,24510.18
12234,11703.482
38738,18127.822
95171,18606.11
17460,9327.336
88594,30722.455
26956,7233.478
51919,10705.731
15505,27727.865
82480,22686.148
19252,22763.34
60116,10762.3545
12093,21187.904
80997,7269.2246
57449,22156.752
18773,8797.257
58160,15993.407
78162,21683.232
48242,19007.416
67048,15882.371
69246,7494.253
33836,13959.447
54430,18791.441
11283,29696.57
29701,14372.533
95789,26922.635
85932,13648.624
64723,35463.727
85742,16514.012
27326,34365.68
42004,13349.447
50690,9458.608
28522,20188.15
96183,8432.87
20442,14932.314
43471,10760.411
56397,12214.0625
36895,6836.2534
50394,19022.453
82516,11544.435
42960,53976.824
87162,30609.234
90211,7730.878
27138,17881.922
39306,32216.96
46078,6905.4985
60696,7789.8535
60704,7728.3823
31732,26113.15
16151,31595.213
76664,7193.7954
10808,19290.084
34152,30046.246
83593,16444.227
92318,11287.223
56041,9583.475
89127,7114.2627
78537,7112.9375
56567,22608.154
58765,13896.696
86311,11285.606
11354,21537.527
98898,16126.947
50644,14831.874
82869,7721.7563
29977,15378.933
79818,18553.951
45880,63471.85
87992,11387.598
96758,6461.6816
41279,14768.974
62287,32764.588
77223,27259.4
41985,33254.273
40710,6866.608
34133,16532.768
61036,21178.225
29421,15433.711
44053,12019.505
96984,6269.435
75242,22842.348
75499,8627.702
80865,4216.752
99110,25474.088
99706,13928.855
90714,24814.428
75535,16849.316
99077,14920.744
26805,12789.986
49038,24173.658
85943,7879.445
72359,16849.316
29811,19902.451
75286,11905.082
22640,5320.065
27139,28568.852
55177,17052.803
59520,28977.18
83635,4855.418
41180,10612.589
88564,6619.9634
58802,12215.929
59760,15539.014
21650,22361.152
67710,8943.312
80199,22137.05
17970,7308.843
66252,25477.676
55151,10182.165
40595,9346.185
37965,7957.1104
65039,13314.681
16417,10585.834
73334,34253.863
55223,11018.816
78453,7708.9194
84195,12949.258
63954,13762.487
27718,21118.428
55185,16735.803
50672,23983.152
41562,20626.736
93466,25849.332
15802,15963.353
29642,13142.519
44578,10859.839
33664,14421.045
31985,15426.583
21612,23930.467
37447,21726.139
70507,27846.178
36569,10993.464
81028,16177.929
70743,12355.589
53604,17044.29
79116,9371.9375
41543,14520.0625
63882,11494.668
54135,7527.7715
60003,10768.295
83267,18484.816
96834,4933.4077
36365,16163.775
79358,60205.695
69613,9831.521
16268,10772.012
19739,27956.51
72191,13612.812
10878,19329.47
77746,9322.934
66569,23255.059
10541,17003.543
44268,15864.176
30093,15722.784
58091,19634.885
77594,12299.593
62629,4335.5605
86571,40298.695
22823,10129.821
14579,9589.736
60575,12508.67
60445,16788.584
57581,25748.959
48941,12719.339
58481,20785.287
86795,8614.26
22018,12482.008
45698,14899.244
94222,15781.558
20910,20120.662
40896,16134.375
62319,7683.692
45566,12724.817
70682,9371.975
72613,4562.4746
85291,11336.126
87557,16295.016
81927,15462.995
84786,7256.2246
28725,25963.262
78184,15254.292
51736,8803.444
42618,6561.224
25397,18225.328
18155,13288.66
27372,15137.768
88006,19384.297
55813,16918.162
71889,7956.2354
94322,14075.643
49354,9774.089
60505,15833.075
80146,14186.06
64879,20659.148
30131,26968.775
16065,9782.1875
28860,22566.25
10755,22092.76
58456,18412.78
38733,9356.646
72665,15491.192
67570,45283.137
60823,10064.839
96039,12056.029
99252,9311.645
46610,11002.232
11630,12552.397
57300,9609.009
15910,10134.078
93992,18173.959
90966,20419.576
12698,14167.353
27098,21806.836
38390,38161.8
45919,7846.3867
41470,10482.357
56003,11565.483
42814,7327.653
11259,61577.445
52278,8030.7485
27645,9345.287
76076,10763.862
60054,9068.497
72023,30618.654
61063,29798.42
71372,10637.117
11254,10926.805
89479,31161.105
53039,13815.301
69110,27397.01
97148,11965.777
34294,12876.47
47869,12369.477
52643,6274.957
41532,14599.991
75631,7415.0166
15878,14416.419
23595,16441.004
67429,16899.639
96998,7610.841
82743,12097.096
21982,30019.096
83091,10005.66
21449,10129.475
19227,26225.326
41487,19110.568
96204,41233.773
94381,10104.756
56345,36339.19
68351,8977.757
86523,8024.302
91163,14120.392
68150,13391.227
53109,21342.727
92160,14075.183
78566,31124.639
91965,10472.639
25399,42545.836
47298,7263.4297
95820,10790.579
54921,28331.139
45115,17759.385
98902,27330.63
54278,10752.898
37399,22885.209
18626,8698.027
35628,6970.4136
20981,14737.09
81931,29576.611
43553,16128.503
29181,15632.489
27789,21316.492
96204,29595.684
52299,8423.928
27330,27698.3
21131,21919.574
95890,15392.997
49335,7797.5
96637,9856.184
53535,6128.687
43113,3354.4143
51107,19920.225
12962,9318.1
31469,41552.055
12333,45305.184
57269,12367.805
65554,21871.725
58429,15485.366
43627,10184.526
95574,33091.09
53700,5308.887
66907,6832.7197
46290,9944.514
72467,8106.332
17874,10935.238
37266,9723.883
50515,19266.113
68188,-1851.9207
18898,13766.795
21912,15275.447
14628,23561.562
79784,34295.715
92149,14443.428
48668,11460.6455
30686,21338.615
45515,48149.98
39885,8736.417
10141,9828.612
42750,28078.295
43573,8621.435
58657,8654.709
22538,12847.163
92602,21082.09
55932,21055.826
91270,9548.601
37042,14286.566
23584,28843.846
10769,10131.806
72600,-455.72238
13445,27931.127
42722,17535.215
34370,9419.478
50195,17925.912
93758,11064.385
36172,10116.978
53807,21458.814
64545,23096.22
80464,9181.471
65471,16935.281
18297,6650.2856
70723,6858.0093
57697,12381.39
59357,12535.289
42010,5778.2495
63525,16109.852
33081,20770.916
18939,6824.5107
57117,8756.126
28197,9329.334
71827,15352.653
48940,16514.365
30581,9516.862
48525,9183.847
41019,10312.171
84453,20531.87
37391,18777.146
94761,17713.031
68874,8547.237
57437,10200.261
87176,7044.6074
73634,23341.955
14309,17930.174
56954,8902.802
23642,61288.938
49277,12102.101
35568,18782.455
15357,9829.947
80422,8620.973
26919,26341.686
31385,19922.686
40548,12559.522
94823,12457.424
90624,12950.142
37529,17786.61
18634,7462.85
42502,9939.507
22199,13169.983
44208,9383.586
96624,28399.385
41067,16211.369
17952,21959.094
79488,5951.519
61424,9465.189
19228,15956.945
48918,24136.648
57334,21164.062
49894,21586.355
42760,12308.452
52291,14045.545
66503,9643.254
91823,34376.387
94777,13919.724
89280,13870.783
66233,10216.954
91761,33044.797
76582,18793.145
97062,27926.56
83991,5941.344
93039,16013.662
64425,9408.442
36823,9977.454
96997,7284.8296
50884,11925.933
32280,9238.657
33357,13899.257
65935,19610.783
69364,13431.526
74362,8657.588
80520,7267.6123
94558,19197.479
43418,11380.842
35550,19450.162
21092,16089.162
66294,21215.914
70230,11918.081
99491,35694.26
13134,18325.154
23484,12768.017
60793,26113.775
15253,11193.971
77393,23091.059
66702,10435.356
86778,16435.674
95833,20003.768
47233,18401.627
78313,7032.547
40264,18480.55
90024,9445.484
29352,10171.883
42686,8316.996
70530,20537.848
89917,10208.101
34136,31858.229
93294,25236.697
19004,10926.805
75927,12980.506
33341,17239.785
95906,11415.292
75267,22168.191
72722,20413.951
44185,13777.07
52526,15663.555
90993,29173.764
64408,13089.536
81180,15433.644
86619,10464.22
54209,8802.666
50952,14136.282
68862,6771.242
96388,28021.723
58691,13260.505
53453,10255.471
76905,12197.187
40324,24159.965
36569,35166.98
28727,20868.629
43883,6340.5664
68021,10404.818
21969,12033.709
84003,20900.22
23560,19035.57
43740,16765.54
48819,18558.037
10200,20594.904
56764,14119.853
27484,19798.617
50035,10602.03
23593,11297.06
72936,9362.509
74439,19296.69
46416,27437.727
43184,13901.896
85095,33517.816
77453,19371.96
89130,9489.274
22865,17594.162
72278,20334.158
69348,34087.965
52788,20265.629
97097,8000.739
69265,9866.713
34384,6841.8096
32619,7088.7207
49216,33967.812
48929,8365.267
84354,11260.514
94552,19782.834
11086,55530.977
21770,11692.856
14103,26392.58
11913,17066.504
94058,41155.375
29304,22769.447
81455,19313.162
64074,16802.203
49550,10407.852
80033,17500.717
91048,22038.977
70677,8011.044
89809,11842.758
87791,25549.838
64856,54601.02
11872,12342.068
43365,8174.8013
63821,10690.527
90377,47662.848
19653,15238.006
19941,13141.85
60408,10361.2295
48679,19289.58
92532,18038.531
50620,13477.559
13293,18894.686
84135,10073.684
37904,32999.125
62737,14492.371
26203,34492.594
93251,18338.254
74393,9894.812
37706,46931.445
93968,17225.156
78612,23447.447
41845,44190.38
72322,17916.205
26025,8735.157
67758,11287.323
58318,17854.258
89312,16194.349
10632,9416.581
95326,15873.356
53649,9630.019
19104,10060.952
50817,8646.765
28964,13168.181
44788,32793.92
45748,16989.336
66399,10269.739
16353,6152.4663
58140,17271.994
10800,48228.508
95147,23424.918
28679,6673.841
31105,22349.703
46401,16953.594
95655,21029.082
48260,12612.221
81856,16085.358
42983,10294.947
43231,11781.831
20601,30685.11
48955,7068.9087
48837,17185.785
96293,32045.27
48238,9271.07
34885,24409.879
78676,23777.959
90155,15615.848
20028,9450.118
49466,24929.688
78106,17876.16
34214,15301.818
60228,13578.077
49095,9949.852
99014,19655.066
86364,15224.814
93640,10853.899
68286,14413.347
98351,9127.967
60104,12594.432
96470,16032.622
51424,15278.44
77492,9699.089
55777,10030.421
55672,11776.467
86854,45268.35
12939,8884.344
25475,39189.137
68239,12480.08
75546,9540.622
96371,23065.47
84800,27918.412
32084,26741.814
48153,14017.025
43819,9929.933
20230,6810.1045
93934,6462.3555
13627,15320.853
80001,9301.442
26341,27666.525
78185,30224.482
14805,52435.1
95065,6663.66
65729,12569.215
63779,20624.85
30285,30644.436
12077,13988.621
72259,12135.067
99949,10258.122
90673,6733.2007
52029,11823.433
31993,5726.9927
59874,18827.592
99705,11479.938
78845,13946.574
40359,10322.447
70132,19275.852
41337,15344.82
12034,16322.941
59695,43956.785
42889,11094.89
32694,20126.68
47474,11898.91
76200,27017.031
72012,11571.651
98389,21380.174
43397,6152.5234
77385,12697.941
21395,7959.3438
64689,14840.567
18745,13201.002
38992,21923.494
24911,14410.48
86851,6898.6665
13088,25158.12
64667,13118.025
31602,17209.262
18656,11257.495
89945,9518.645
98871,7019.9634
14605,10380.312
13791,29375.547
90807,17472.314
29748,7027.451
55855,25074.953
17591,13798.136
43441,18329.455
37068,21428.107
98142,14272.89
98320,47602.33
77799,7064.4434
46234,6896.081
75708,5076.657
31047,22298.176
57387,8120.97
70162,8565.441
74856,6102.833
24175,36848.004
88523,20728.346
89473,7341.6094
36387,9100.126
78835,26810.506
49993,26469.31
89625,10178.997
16221,8729.929
55592,17733.031
82742,43337.88
52465,24225.16
68689,9196.891
87316,12033.957
57707,10338.848
18606,20085.729
44577,9070.862
37624,6876.402
51719,17401.955
45729,13484.353
19528,15896.373
11120,4118.347
43274,9618.919
52796,38470.695
51043,15512.815
51170,19425.645
42420,12881.25
45615,13117.524
39964,19373.754
16879,16246.087
74822,14271.4375
29207,12570.721
44519,14162.995
58422,48411.734
27419,13475.545
19540,28575.758
71607,7937.6597
87942,13681.713
56545,16597.205
94239,96509.56
40062,18771.879
22023,7347.475
66548,26886.01
31669,34673.332
78715,17328.006
76005,29396.826
83020,46150.92
37140,27924.111
67500,17788.54
39396,21132.12
24049,16991.207
48881,10902.098
69076,15226.601
21246,28172.713
50411,27393.7
39832,15068.264
79531,9540.491
20864,11265.06
52606,11735.607
51634,52571.02
31285,11508.6455
70447,9206.66
11348,27160.328
25819,17841.787
17867,21261.584
42057,7971.928
28702,12383.836
82058,4827.561
86438,9949.493
65360,7759.5493
12642,7666.5054
78134,17226.799
46167,10390.003
14701,8975.693
61901,18602.682
27273,11116.237
37626,18672.32
18633,24112.373
75204,22930.625
12614,18543.234
67394,6285.4575
32334,10521.284
45187,21279.72
35108,6265.4556
98204,23550.604
84355,11880.032
84934,13256.429
37700,18022.799
56813,19528.451
53301,15005.22
75935,12174.613
47948,16348.778
42802,13217.938
81200,11731.3955
24746,7165.479
35113,21099.613
86382,16785.033
50491,13872.943
46030,21645.697
55411,10313.398
73697,19141.865
43899,17157.426
64664,24736.496
31211,10163.03
50418,30654.877
91418,22087.268
26579,11639.153
53124,20757.15
22556,8593.886
63154,33453.754
97840,20492.848
44224,13669.041
34891,19957.61
90894,21757.848
83936,27388.283
34909,15998.653
78723,11700.599
87917,7779.565
79347,26434.172
97077,13202.509
96768,21288.398
87728,18006.188
74492,29947.932
64441,16238.284
74723,13512.033
66348,17567.674
56849,23474.395
65927,5142.7334
97851,27551.418
56180,20829.213
96201,21953.26
15703,20034.176
76711,27993.322
58129,18141.475
91538,7013.3354
78185,10016.993
95466,13730.984
10361,15968.654
18385,3528.8477
16160,37533.426
45999,14278.772
56502,19047.748
97553,13513.443
50039,21638.736
70953,12016.615
12145,13634.579
82748,12996.114
43349,11913.749
75463,11085.128
69007,14120.655
99130,16045.241
28943,21517.45
64199,15993.714
57589,11076.95
39714,8313.936
34151,11111.979
53346,9402.895
17305,13691.976
41826,7340.8667
79043,24558.246
89264,9606.86
52705,13938.937
68667,43530.383
37980,12356.663
21642,13367.443
15456,13073.036
35271,18559.334
40343,19390.28
99048,17409.473
52004,23994.799
59177,5962.6475
95837,10208.938
25552,32526.219
82845,13092.586
14983,27760.36
61206,16720.283
60895,13435.499
75714,12837.153
60380,8106.053
87166,14366.772
34927,19901.957
63899,21040.174
69220,17545.428
74340,19005.324
16124,11809.998
62891,13201.03
71895,44064.992
70149,14801.496
15554,19049.414
56989,18916.867
25347,9926.542
18525,14044.042
70546,33536.754
92213,20489.805
11552,11521.72
16661,19787.705
22521,9279.051
87963,23775.912
95471,17329.447
56061,9410.206
68231,14085.936
64708,20612.424
85324,18801.1
44532,11431.835
81810,9534.426
90803,8257.373
46654,22619.64
75967,14063.813
51765,13955.49
97080,10237.755
17136,14933.536
45385,12690.157
57017,9664.382
57183,21200.547
64978,8382.24
83052,14655.933
54850,11271.497
80589,9281.486
84827,17193.115
61928,7764.6235
85273,12600.091
56585,11428.062
74364,16305.406
41711,10050.544
59857,29795.328
11658,19607.91
75980,19976.121
37334,29086.508
22746,19847.957
27226,7147.666
97719,8356.981
27842,20094.828
45329,12822.122
97110,16452.742
35439,26232.996
92743,14042.196
27655,28793.75
38313,17601.604
61671,19282.861
20024,15298.545
21041,20639.531
98192,36225.117
12484,15745.273
83956,15969.872
79664,12798.928
22791,15329.171
94163,5551.3257
69952,24571.346
34229,11989.936
40025,8177.329
28563,5537.9727
82238,18128.418
10343,14149.418
24178,27571.463
34329,19043.318
95962,12794.223
73268,8863.746
16538,19270.72
13928,15095.604
45298,24663.762
85632,15286.213
47899,9395.601
15907,26433.045
52063,8091.559
39809,16674.72
18369,34335.652
91326,16271.804
57582,16121.782
34618,10734.443
54679,7533.102
52899,16682.547
98949,13777.049
43190,16458.744
55211,50350.258
27596,20224.828
27004,14122.826
37546,27878.246
69496,24371.816
22090,18605.39
96266,33185.414
89971,22027.768
66842,7062.0996
44913,11748.293
41528,8751.913
89965,17119.865
20181,15643.323
14028,9051.914
49074,14013.757
59992,19332.502
77550,13022.952
26504,9797.6455
61753,8882.275
30759,16744.113
43375,17807.365
85235,2552.1694
94121,14501.779
41816,22478.771
85011,13675.584
71899,9033.865
44098,12122.393
83529,7285.4297
74255,23373.59
11590,71353.58
29260,28732.996
49577,16816.021
25509,29129.385
24760,10042.541
10950,22984.102
32669,17746.82
68897,20457.207
87820,10786.848
42519,22610.393
20273,7812.3633
80620,56040.65
58884,14249.919
67614,6834.3276
93175,10236.24
88165,11592.779
45097,51227.69
53452,10765.8
36264,32005.756
35162,31246.49
63851,18917.307
76670,11353.66
17336,22997.549
62445,9864.542
58603,9818.26
38744,15677.812
67409,24882.455
66900,2058.8777
14319,8058.607
54643,9660.608
52766,11487.567
38399,19040.3
33532,31734.656
18005,11085.553
37034,16087.855
51727,12474.794
31361,16013.712
12535,55613.22
95626,14100.221
32881,11063.939
17251,16091.61
10483,22115.973
35502,12010.028
25021,20503.232
27358,23085.16
29728,17467.475
50821,10263.575
79548,9082.992
77226,17462.611
54455,22959.61
68776,39577.812
32045,6361.158
37757,24357.176
35068,6278.126
78667,11317.734
43516,18706.12
87474,19915.691
43198,10295.805
89356,20761.396
31183,18440.525
16170,19150.14
55195,16297.37
98148,15536.414
76393,11160.127
55991,17960.94
80383,26518.998
54468,11026.049
63673,12666.425
86045,8708.7295
93182,18027.857
40981,9870.626
85706,20921.578
97088,35902.754
35425,24662.75
35950,28602.145
28324,18894.121
85425,22134.492
87654,13968.882
19321,11210.186
45858,32665.463
61838,7167.1284
54416,13523.713
29339,7013.992
20813,13167.763
43576,9985.933
70090,24012.025
93139,9006.879
67081,9545.241
24047,19448.277
51052,12973.014
77933,7777.9854
77661,17542.523
74845,13257.574
52105,5760.2666
44490,15278.232
96546,8900.158
34548,8163.238
32443,24608.787
88693,33374.23
43312,11997.631
31315,7057.188
33631,2580.6782
47172,10240.52
44110,10571.228
99307,16176.085
76778,26421.938
56922,24459.035
45730,19790.3
65212,23804.87
83672,19535.74
13164,14206.309
63285,11008.049
87386,10186.259
72025,7446.283
19040,23224.305
93982,15372.223
47923,10879.778
80081,11739.22
57538,17505.047
29468,19752.61
23813,32813.55
37981,24472.604
85360,24787.752
71029,7250.425
60547,14921.619
68250,33142.098
17919,17217.295
69892,15307.926
46039,27198.502
14694,20876.701
43281,10298.131
86748,13709.605
48547,15663.06
10778,25429.645
65195,12431.14
10115,10625.945
95135,6199.322
36766,8728.081
71969,20856.102
47831,40145.08
40822,28926.447
89016,10420.326
63731,9790.296
97513,31640.31
15040,19634.254
30803,22916.414
50264,3966.7954
15065,19529.377
38354,28954.871
62187,13819.125
98863,7296.6177
16040,24713.662
43021,13540.182
96019,17162.482
95933,24645.932
31113,7454.074
52326,32742.502
54737,11310.52
96544,13546.757
12346,25642.531
64689,10208.101
92693,20180.955
68196,13640.961
56475,23830.414
61608,15235.682
92521,20850.586
34078,8296.524
97262,13574.131
35838,10908.389
73613,25275.174
26986,12808.992
36363,25522.098
13446,6505.345
34871,56205.01
61909,11116.237
98908,14306.649
38457,7181.217
93049,7920.028
64796,16618.172
78804,20754.287
84442,8166.3594
24172,5727.686
12274,13949.741
38066,36447.86
59540,8386.97
29300,22520.93
91237,16023.499
40942,10055.043
98691,8459.634
84686,30878.16
10469,14512.73
94417,19334.623
89676,12514.82
20818,11775.202
99381,22520.947
73340,14835.096
13761,11945.13
81032,9560.349
93989,21500.527
42547,17113.44
63946,12920.788
41347,7144.9116
15246,10042.541
32814,35477.418
48366,8105.581
26720,4392.101
28751,16277.89
32663,10994.206
55028,20007.914
78784,7987.1157
38445,14617.969
68680,18665.977
26837,15654.357
20428,16952.43
37369,6928.949
81551,6714.305
79071,70423.65
32636,11058.087
63924,14932.9375
62574,19616.777
91435,46273.895
13646,17130.223
59050,8254.53
57495,8068.646
70906,25207.402
92762,16393.625
95691,11199.718
36613,12618.235
93899,8575.58
96609,11596.37
82039,11250.07
72889,18000.03
64940,9997.17
34315,21698.242
77786,9559.459
61327,9052.245
44925,25807.646
10883,13461.67
15654,23312.236
14029,8168.1504
72354,38901.746
16802,11450.078
15443,11455.197
63059,17821.94
94002,20926.836
48444,9532.032
65353,7261.2866
58150,10107.678
58992,15384.015
98585,36833.12
36876,23254.338
67310,35043.707
15698,9715.505
28800,26145.438
77788,12141.276
67283,23555.078
80834,15535.985
24540,12129.372
25541,30835.44
88582,19656.387
51272,21310.432
50221,15456.2295
72231,21615.654
53257,21906.447
76863,13455.502
63512,7009.449
70149,15396.394
43042,10255.471
95953,13653.682
37306,17758.898
89980,19299.879
50399,14918.246
88613,12097.096
63883,9823.151
93502,19539.63
62825,17600.322
64636,8365.671
39870,10442.023
36857,14021.511
82914,23767.148
87369,27126.744
79639,8902.888
56093,10536.076
60890,20253.355
21146,28415.5
48552,23501.355
28022,14669.965
83757,7707.1885
99041,20056.105
36798,19836.05
60711,11803.302
13626,19208.645
54360,15326.099
73883,17769.248
13624,6577.4297
39337,20948.879
18864,10315.972
14266,10900.758
32804,11913.749
83467,20553.545
29005,24505.312
23071,10230.835
98269,20845.898
31817,4569.264
34706,7974.1157
82619,13199.539
24331,11602.751
43243,10338.578
72932,15136.166
94715,12277.037
93758,13218.4795
28936,15373.164
13920,27320.264
98922,6976.3696
13902,7031.7217
71325,11692.671
83439,12952.429
89612,12205.687
54712,29007.342
54759,9164.609
59138,11039.433
69301,18298.416
51930,13396.663
12815,8950.429
84040,47913.516
10207,11547.886
73847,9534.553
39657,10647.591
25375,6711.2637
40765,24372.854
60517,4349.0137
89940,10513.297
57402,10991.209
59272,5524.419
22401,15503.776
62003,8525.301
27895,10739.733
24966,13407.942
96396,6302.4585
12912,17335.543
25281,18657.11
15012,31287.28
43391,9868.71
59474,10046.828
93180,13160.324
96759,7712.694
30631,17246.324
47713,12685.158
56498,17202.424
81657,17177.082
90744,4902.728
51343,13488.359
84583,6312.3784
31352,20895.646
74778,15101.753
92471,21620.426
27855,8502.651
35526,24670.568
26329,15212.263
52848,7166.662
72287,30430.436
57028,10437.543
94969,27389.79
49359,10276.078
48866,14586.455
22549,20039.785
36305,11130.585
92655,10829.205
53311,11268.1875
80314,15283.198
69730,29391.451
60171,8520.973
30332,33077.14
28297,9273.836
71747,14307.638
47854,11640.689
23230,34448.848
97989,9690.388
55709,14453.399
38469,6746.581
91717,29766.299
27407,1693.0541
69810,26608.678
61012,9460.916
30867,7430.6875
29842,9487.691
46903,8438.43
12206,16006.626
74735,33809.8
10716,12767.255
69874,10516.389
84245,9147.937
12243,18096.027
25624,9117.514
81254,25139.277
33343,17693.127
38954,14336.937
54656,24679.822
41069,13734.504
23157,7925.9473
91308,10783.735
39580,17126.82
77013,12860.654
43214,14286.406
93492,7137.862
65884,20739.469
20032,9393.693
41228,13441.227
68218,14934.826
36740,11484.724
13225,17354.697
14728,11356.676
16442,11399.067
14885,9917.402
75960,22087.676
28491,10615.258
66840,17646.26
47606,11596.081
87228,29450.734
48278,26445.451
81662,10254.603
11152,13680.044
87285,6885.2627
78688,8236.295
93046,21827.94
74193,10214.497
27073,20393.367
36965,12933.851
65764,48024.6
53076,12213.574
96610,13016.024
10466,21970.104
53464,10874.732
66643,8001.3257
76079,7106.022
76306,9425.275
37180,16518.314
17880,10298.131
82257,20670.443
93772,7944.6733
43788,13096.091
25067,13179.355
94835,12519.997
73540,22231.66
82179,27540.914
57747,12795.613
48824,32410.697
16252,16822.299
16064,15706.053
14369,10704.633
47641,9371.036
40156,9243.088
56440,13628.368
86528,19622.135
54722,10977.844
58837,31138.633
79750,12537.813
49566,10311.551
63512,16532.186
66416,10244.825
51539,14464.662
11988,14960.638
96030,9063.177
62029,4593.202
84677,25383.508
82368,19982.36
97102,15017.526
52303,27938.13
29356,13253.618
12606,22919.879
68868,13094.045
63276,7749.6035
28463,20660.135
23407,15593.261
11615,10746.372
98338,19770.48
10794,21354.633
86062,14648.079
16209,48921.145
72729,8787.901
66034,14393.935
99034,22588.662
41996,12322.755
14035,12320.629
23458,16738.742
12669,27193.262
88863,15607.79
76302,22140.873
54860,8883.265
28341,18880.916
17927,9678.939
19160,14963.493
38235,15634.62
99959,31447.385
11311,9448.827
68040,14714.835
31071,14541.946
44004,10713.926
40648,29596.076
37004,14520.363
70189,13792.124
71782,24573.021
42598,14186.541
12011,17167.639
39484,12258.266
76290,12066.991
43402,10297.512
66353,13028.548
24114,14938.162
79398,4731.1733
71178,10099.602
83875,11359.925
15302,11531.922
97356,10201.226
99704,8769.861
33411,22941.19
32302,18253.938
28791,11870.396
96159,14441.811
66212,12617.04
35778,8506.159
66440,6625.569
40393,11861.103
48708,17355.818
17328,8613.524
15972,17463.883
89259,16443.479
53345,32565.717
85852,7291.899
91186,33516.29
29687,13720.532
54841,10287.118
47113,11659.587
71622,15828.813
23030,19305.37
73776,6078.891
40688,7671.148
71664,54157.51
79775,27832.438
17039,26195.318
22639,21566.502
43410,33938.605
64468,22464.4
75225,6946.879
81883,11480.485
94807,18531.953
24809,15946.461
50004,7731.055
43093,20530.242
28559,17633.857
22070,10855.278
12125,8989.373
18414,12675.477
16556,28072.674
42784,27597.568
38612,26836.84
78020,14820.975
39685,11186.679
29480,12109.994
69911,23309.441
77540,14088.101
82857,10050.591
62809,12136.777
61033,7114.481
91112,29454.215
81839,9853.28
35568,13454.877
91095,9529.789
73615,21383.908
39779,10118.912
35121,12843.013
39783,20965.828
78143,38176.906
45761,17994.316
41879,19848.303
68197,11087.829
46530,9241.457
80222,15301.622
67522,8792.296
55600,7154.038
14061,8041.99
83567,9138.67
52763,13610.302
69862,20107.004
49338,10859.899
73946,12069.454
41616,9854.09
71650,19946.943
68541,16646.363
98650,6832.5674
80756,25780.998
77843,14613.69
63437,25379.846
48463,11294.194
35157,9105.166
67717,19412.277
15401,14958.405
19800,30606.135
64072,14180.597
99962,23098.357
57175,12891.43
97239,12042.236
30826,9526.697
88355,17074.723
67064,14048.099
71247,9799.125
36891,11887.206
35513,20593.637
38128,24918.371
23320,32522.445
80917,15974.0205
55103,9203.264
66866,20722.34
35124,7482.6484
12170,16390.338
23275,9267.316
87704,9483.352
29282,19617.13
61440,13808.32
21934,31220.033
28193,29761.248
50978,13523.91
39814,7644.7163
25747,2398.9
28402,24113.814
44255,10992.801
65470,11164.534
40306,12070.51
46979,17528.732
76078,17143.451
80580,10128.267
82575,14303.761
73029,9800.618
54404,5493.3325
47736,12323.435
51742,11111.979
47298,13865.932
80582,38629.76
84456,11281.61
12463,24400.404
51694,6985.6934
90444,6452.8965
57507,8589.395
93180,17205.908
71107,11804.246
71803,20182.555
14909,9112.733
59871,7328.404
14911,20936.227
15234,20106.686
12521,9595.308
23821,13863.163
40771,23762.898
46213,9301.873
15673,11089.114
50642,8568.112
86815,16063.538
93865,20027.654
99761,18203.643
76550,11424.114
38662,7591.5723
45957,21079.406
74921,27963.44
68766,13502.168
17688,11418.912
96252,21483.014
57691,18193.855
74492,7072.6504
47423,14924.6045
25363,7007.181
64813,12276.99
81969,25181.111
24421,9381.73
91280,6540.616
19799,17184.863
72654,9660.943
27000,3004.6323
51618,9469.879
87951,24653.988
68229,29802.672
28645,19260.568
88090,20661.574
17064,10737.215
77187,10094.082
75210,23574.158
42036,7271.858
84106,6680.1816
84459,19106.605
71894,12705.04
99844,20503.596
40745,17710.36
86525,20846.717
83353,20649.904
32469,17416.7
39942,15076.142
54253,13054.247
42633,7315.299
64751,26206.443
53804,14248.068
69291,12744.028
24031,39905.348
55081,10404.98
77361,8060.1216
31430,22965.455
49739,22260.766
22012,18935.453
99281,47007.895
87328,9714.908
28461,19307.684
53536,16622.055
75064,11222.311
12774,18746.76
38664,16504.389
71208,3531.0752
44438,19781.572
15597,15090.881
33672,27634.703
88324,29281.406
40018,12164.95
19414,40662.023
91355,27384.37
45695,14372.799
52916,22174.045
12248,14657.4375
26822,18082.533
39278,8043.9653
29402,19657.066
18135,28011.412
82085,9770.551
95646,9962.218
28161,16844.666
74267,18183.002
39474,13493.706
49590,17332.262
60368,18662.084
81786,18464.057
85863,17673.193
24572,10065.337
55509,10058.139
37731,24157.697
76024,16934.854
83474,3228.6462
42179,25337.223
16590,11527.187
27690,16126.947
96682,9442.338
21133,10659.457
87502,10402.678
86917,30006.729
91266,11923.682
45316,31713.3
56552,14355.973
99042,13455.502
51349,19012.89
48907,15508.312
49575,7167.4556
46477,14023.309
29576,49767.336
33697,16424.508
23426,14425.163
23723,11529.049
46625,4607.767
21648,15091.076
11628,21020.525
57700,13094.045
72763,4709.971
61148,10739.633
20999,14565.147
71725,17256.24
24842,20270.025
87735,26411.271
83259,20534.172
85419,11382.461
13565,20915.799
21710,15944.17
89021,13459.2295
73265,8996.395
88853,8018.1973
54368,10155.614
23239,19019.209
14497,21144.178
93750,20885.328
39529,10349.713
78885,9905.983
32335,12532.464
43921,29296.732
76400,14935.087
25696,8271.025
83899,24548.498
52006,20795.217
98229,25258.67
49104,112910.984
51026,26617.986
59496,35388.594
97640,10916.585
94467,6829.6924
18828,65610.41
35231,23839.904
57045,11985.73
28877,17013.793
89884,20192.47
35160,18056.102
49120,11805.752
36797,27521.943
27141,9069.055
88139,33200.625
10127,15591.363
56001,5649.2134
23058,13789.771
14494,9237.837
18210,12212.243
22670,11859.222
31975,20514.059
34627,14915.282
87999,13640.253
13553,21580.309
76063,17024.625
31292,13097.327
74687,18847.924
58674,7108.007
91267,18883.332
55203,11860.77
57648,12487.408
14957,8786.316
22798,13800.184
17618,20574.455
20689,10828.519
11871,28102.715
87625,32548.686
85746,26915.812
18201,15093.707
67467,52279.863
65811,6183.3486
68438,20586.156
53450,1284.7421
64157,9016.415
43954,11756.283
81989,25739.035
20847,3893.873
40016,40150.633
36478,31484.246
73692,22901.871
22043,30896.19
50893,16247.784
90311,20068.848
75100,5870.4404
31810,8320.187
24360,12354.73
84885,7115.434
34546,4012.6326
25703,12206.921
33190,11051.382
12932,9156.633
41904,20608.2
61592,11178.12
41600,21629.809
60793,18591.637
13516,25703.559
11633,14959.225
56851,12192.39
41287,15362.162
83868,7506.8423
31013,19369.166
27861,14500.674
93427,14168.26
12583,23295.379
25543,22691.365
83823,11498.104
99736,15606.587
80768,6440.26
44433,11814.017
39646,7317.0947
26700,21268.502
44231,11792.02
25548,9101.956
43752,15671.997
33058,30202.254
78411,26679.195
18245,7357.295
44127,9593.807
51738,12713.255
41713,22548.756
53896,14738.317
88905,7257.923
56457,25346.809
11120,20736.736
90562,11312.21
74778,48981.695
57725,7057.9634
39518,18297.922
56438,9061.081
85758,18116.498
97213,9980.454
67377,11583.298
15928,17110.95
93488,44658.312
95789,20005.645
53399,17389.217
61918,30297.402
81174,21472.203
15116,32050.863
70488,15091.076
23509,16755.047
56448,8781.853
90112,7189.1597
25231,27582.51
57596,18334.76
15659,12155.717
90766,23215.45
99134,5096.022
31756,50937.312
72653,10173.028
90911,41559.773
69235,12812.26
93413,12388.401
86618,9025.26
22271,9749.642
90105,41155.375
91610,10133.687
96394,10015.791
58639,13491.767
19737,13218.636
51432,9636.229
43720,7976.353
22200,26340.236
28906,21940.793
93117,20627.225
63763,11493.061
92116,9976.194
47176,18330.191
24158,17084.043
73188,31267.57
92082,20498.025
40061,15831.474
57536,11080.161
50468,6991.666
77275,22796.863
60965,26915.654
58935,26774.943
44430,19738.672
71455,17035.979
44944,16006.681
43385,9460.13
29094,8826.445
35582,14242.143
14478,14921.019
19273,6951.312
37670,3076.7695
78244,14562.626
65687,8206.122
57035,27861.36
85782,49939.344
34182,18637.445
92113,21118.82
96603,18174.793
96263,10318.895
46577,20950.48
90866,29454.375
48551,7846.598
16981,13674.004
42909,21887.266
39288,16602.992
98551,23350.643
33585,35089.902
44149,7855.502
34332,2313.2773
63387,2319.8328
95436,5926.4004
39342,8178.8286
42344,8790.535
18814,18422.238
99145,19105.074
84180,12302.5
36165,7632.575
58477,25254.637
76918,10909.263
78922,31048.846
16637,9829.612
53188,15089.509
49019,47202.023
66063,27706.33
98642,14056.552
98453,8642.957
56184,13719.872
89328,9203.529
37951,10998.421
10473,57091.766
99570,5476.428
69072,10576.523
51863,10552.044
67806,18154.58
50306,31320.422
30896,9707.255
18949,11228.722
29096,28540.082
99028,15920.976
91674,14366.13
78841,20012.047
33734,12927.216
48347,13453.792
76468,13129.881
94454,29698.764
90030,7841.3125
51420,11450.544
27090,17070.447
42124,13102.088
44146,18831.572
31088,13578.925
25094,13381.124
74712,40150.633
89210,7287.5576
81323,34457.293
22529,13208.368
77728,7881.5557
36788,8976.755
34144,25007.541
96619,7615.855
28659,6059.2183
74793,20955.934
55665,6025.8647
80575,112984.78
61912,20039.965
13677,7865.2573
75014,31889.744
54803,10699.317
72324,14359.027
79680,12500.701
96315,36716.117
84086,9873.22
91601,13185.661
70057,46247.594
54587,13303.512
50677,29618.426
90638,35130.88
43594,20928.29
45358,7065.133
36824,26094.24
35281,12916.649
45795,16973.86
70890,12477.201
36617,11107.26
43981,15741.417
95798,12051.107
54044,24815.586
12845,11418.912
18460,11695.711
44558,13049.882
93321,17274.588
56755,11048.346
62830,16182.362
60764,12324.359
90677,13043.337
75756,9362.494
27124,27853.863
90801,47653.48
71134,15398.39
69223,14733.491
32728,14021.144
14718,23724.086
64210,6473.483
74593,5481.9175
99084,22235.672
36864,22040.098
31912,16908.686
79953,13054.247
90509,27716.475
57546,14020.723
90502,19095.666
17264,5886.6353
76071,20669.135
81031,16421.611
39835,7466.2686
30312,9467.758
74289,12581.856
76323,22329.898
45417,10754.987
71321,10315.431
29361,9579.466
34241,10784.679
78420,23397.654
32279,23467.72
50337,10675.8125
40823,12241.099
91645,19157.25
91398,16550.188
59084,19818.145
10897,8939.411
46311,10124.194
94628,11379.839
66180,31128.863
28132,18175.047
85654,10567.71
53618,11033.069
65646,3059.7612
50946,6853.914
99144,14502.798
33510,20964.084
85218,6675.542
87381,10161.416
94596,16469.463
37017,8111.876
98709,20589.918
44489,16171.463
60400,12286.078
52223,9591.579
20384,19609.559
67624,28748.81
96172,13588.67
76299,16592.152
71123,20171.0
21268,26372.799
83206,10616.512
32096,23687.31
87093,7647.933
43061,13670.112
24524,7931.5273
45636,20342.56
19155,10316.076
69770,27168.281
23723,9690.668
17440,10147.3545
10556,16282.66
49049,18746.2
79622,12430.425
51958,12954.621
35390,20281.396
31901,14655.933
26805,20821.635
16160,30042.803
58447,24301.91
41286,17381.004
34803,10509.63
50471,5485.134
67602,17878.768
77832,13067.325
77288,2366.6973
75715,27712.428
41305,8942.381
84039,14535.017
69838,13554.131
30880,25452.91
88348,29334.459
70979,7402.93
75500,10592.991
31128,9673.392
86881,7696.444
33350,10591.155
43643,10140.682
61946,17844.658
10665,6353.177
19502,19741.25
19927,29600.566
12188,57087.926
32137,61186.35
38299,8102.532
41278,13875.492
40746,6398.251
80281,27557.688
80895,18532.479
71650,13794.588
32099,19927.498
41030,18556.547
55235,9876.295
50285,18510.805
33257,31045.098
76015,32025.602
10503,3455.3274
87916,15821.083
97052,13338.235
20420,10382.569
44808,20847.68
90741,13351.821
74266,10854.512
95230,22364.812
38242,7687.615
16150,13163.298
99032,8254.495
42087,10745.341
66286,29580.717
53475,7535.3154
40567,13711.1875
29285,19232.951
16813,19669.545
40885,11039.427
94371,16645.312
51982,19049.742
27262,12944.642
24631,21759.469
30624,14743.805
94975,25876.771
90656,19137.635
85614,7090.9688
97013,23226.406
84591,12261.207
66284,17877.691
79664,16534.82
18339,7367.3193
85630,8968.473
93938,16684.729
29955,9050.713
83032,14523.902
51327,17828.914
13684,12623.458
17985,36751.133
54527,10552.881
79648,18152.262
27323,13194.166
97741,8928.615
79468,14261.145
19138,13246.09
68510,10568.389
21316,24730.695
27392,20987.201
14529,13513.273
78122,15903.396
28180,11596.731
17322,6758.924
22252,20516.05
58806,56580.992
60195,19919.121
73293,20470.918
12841,10629.592
40750,10703.317
18267,8368.272
99576,18626.146
86193,12555.915
28906,11131.042
15826,5513.865
82701,24000.127
45110,10866.858
68985,10927.805
52290,19149.037
87982,28232.953
21196,12156.225
30578,7792.18
43279,22870.434
40255,17685.248
93230,7054.8457
69209,13546.648
66679,38677.7
58628,5819.515
53162,8994.159
31838,9273.501
67096,15944.372
86648,17571.479
93362,7534.069
89239,13447.854
76450,19518.164
27164,13032.096
13079,41400.184
51299,52838.58
21685,6601.6274
11718,16303.085
42748,19600.215
26507,13293.1045
57216,10432.311
65712,19757.943
55030,32334.875
50776,18485.195
84257,12520.135
82711,6955.3022
13611,10106.659
26788,6960.803
50596,20156.137
55035,14343.786
21341,7898.434
23267,30508.428
50348,12879.358
74298,9937.722
63824,26527.777
98540,13538.2295
42134,15537.153
11490,21994.648
96036,9484.618
46982,16414.06
56391,25347.262
34086,24310.096
26894,9682.721
97842,27628.498
16016,13585.846
10676,12357.747
40761,12259.841
60478,20858.18
51966,8268.934
39062,8166.433
28989,6829.0176
84717,9317.687
23161,11309.105
40116,16824.697
51925,9292.451
93343,9274.408
58726,17692.027
76704,16898.64
39236,47959.473
38001,17446.824
38935,11362.001
86388,12916.101
64725,8332.952
59647,10072.078
73748,15901.906
68227,14255.452
27588,7957.472
44542,14953.718
14091,50286.03
81320,13269.411
84816,13709.144
25067,18154.518
34065,26960.19
19075,16626.04
76627,13602.598
66337,15239.281
22410,18803.889
35782,14239.029
30250,7769.9175
42387,10052.705
46146,10621.553
80241,19969.822
82814,15898.886
68763,14947.072
24476,10895.402
91864,39028.594
61902,31345.262
63969,15788.788
23069,10472.931
60221,12193.616
31078,19322.361
16048,4081.395
14388,23348.953
55718,13654.235
42607,21707.943
25557,10099.953
30477,21761.938
78643,13010.313
26548,19381.14
80273,7909.0244
94320,63542.812
60891,8972.69
53105,14363.503
34240,16467.242
69427,18894.133
49532,35579.96
89230,16101.63
96564,30067.754
51153,18551.756
46484,6983.6567
45027,21159.773
94737,8513.372
27480,16990.38
59822,10510.797
41223,12458.179
98576,11046.656
58726,8028.279
49154,12891.885
36904,41954.023
94693,15223.459
90145,22841.098
32519,21594.518
85376,5853.9673
58828,13404.766
43960,9576.259
34840,11951.539
34523,5305.877
69436,17472.643
68362,11683.539
37847,17436.594
34609,11859.222
98471,12221.009
69969,18135.857
22893,9840.208
24617,15028.703
48602,7691.4507
63791,29021.234
62134,1934.2753
19555,10516.234
77862,25798.41
19034,18946.12
60347,9807.431
23130,21881.572
58653,12942.453
72247,11619.421
29499,12879.11
94809,17826.238
49785,21061.713
98200,14105.895
95537,7675.8315
71614,18195.627
26240,21259.658
36119,27062.227
76380,31951.992
24933,23230.441
90800,11473.631
73403,16513.734
26951,7258.4014
12812,13631.229
88814,8478.137
90953,19689.139
35913,14712.966
12444,40984.66
68857,24709.15
27874,11482.798
93613,5264.1265
30222,9560.641
54534,17807.365
38619,12100.861
31506,9893.588
60464,24532.527
42006,12585.817
50593,10622.971
86880,15345.288
59079,14200.018
30864,12921.275
13214,24412.994
51021,18581.504
10894,10402.944
18983,21457.908
66320,8915.595
89342,16846.775
85671,10131.112
48685,13046.124
68717,19010.156
25612,22223.51
96550,18591.572
21464,15079.013
51486,27956.967
22369,14764.868
28578,15278.9795
77396,6759.3813
77373,10616.38
67004,7888.004
68563,30763.947
91408,11699.6045
95382,13348.7705
98119,25304.062
75409,45548.582
99133,17614.32
49470,19562.922
96566,4716.7983
65681,31833.568
95630,9547.407
39429,6901.8984
47834,13716.044
75912,10144.481
82292,7832.5933
99868,29975.258
94767,5488.749
89094,10775.308
14214,11625.986
52039,28828.04
23905,20402.506
26490,7235.5107
41924,26246.334
92555,10841.092
14453,6423.529
94586,19465.799
40364,22032.36
58915,29190.145
40540,68714.78
58510,7147.6787
18293,7596.1494
71944,30813.354
22878,13413.812
18175,12521.885
13395,22694.936
41834,24241.605
33112,21244.887
50069,22219.379
69629,19345.049
46212,13131.235
34268,5764.6704
13749,12586.57
50504,7689.5938
57627,6872.013
89680,9853.044
36956,8545.181
69710,7098.9873
78217,10777.462
75501,19819.723
75219,19526.738
33408,7401.7017
52870,12563.749
86384,14926.093
99984,28960.041
78710,20508.64
78906,5743.3525
22041,15579.193
18386,10723.442
61778,8195.835
15419,12925.732
62813,15651.092
69734,6681.983
59326,6726.7812
12741,42929.664
15525,7923.294
93955,13041.597
74258,18305.72
19966,21115.932
95857,18731.572
81983,16443.107
59192,27867.19
39000,27177.766
50030,9118.88
15960,18601.756
21112,13513.139
66687,16488.283
63611,7895.2256
95711,16616.55
60072,21839.05
25734,49224.43
67092,17397.996
31774,33128.99
80683,9879.23
58091,8844.661
51150,13360.934
44423,12548.134
91767,15833.109
13234,28799.13
29276,9680.862
55612,30624.074
71238,20707.713
49145,11396.267
99908,13743.772
79559,20131.385
96949,15505.072
83060,13665.037
39925,22061.666
12533,26276.533
69487,25563.395
84871,52554.504
94357,13418.553
17159,19475.51
95690,12377.532
42318,16505.084
65023,15540.457
77067,11910.368
68558,2850.2188
84018,26467.156
82929,14864.167
88048,27146.287
87270,10996.735
61578,8291.662
19642,10705.846
58718,16003.712
98102,7405.91
86856,8848.791
60401,22261.357
67872,12795.625
93733,11412.967
13225,19842.582
71739,7792.18
96476,10687.299
47423,9377.227
14037,19398.252
19507,21777.004
67814,11236.779
78686,15338.745
24555,25717.521
18324,18116.262
47877,10432.107
60111,11954.456
35769,17926.887
32496,9443.128
67607,23864.92
82987,28548.184
17097,9021.056
76777,27511.615
70466,8958.954
73292,26684.271
22520,20183.654
13367,37599.152
26686,29730.51
65919,13228.408
33010,10629.567
15710,9934.6045
84705,1344.7433
93156,30405.596
23166,6515.7
84803,31923.402
31800,24538.465
85346,7726.101
66896,65436.508
17006,4703.1343
33712,13385.174
24104,11928.016
50981,11554.761
99303,6303.025
81571,11086.512
54878,21962.621
81288,7212.0786
64982,12549.66
57147,8302.289
93482,27719.346
47710,12873.306
34478,13512.053
43374,11451.303
63246,8494.043
50969,14976.758
43099,20639.445
88007,19711.727
79936,6364.778
79905,27497.451
30774,19739.695
55095,27529.893
52610,57245.676
76039,34937.207
62224,19810.775
50614,6057.053
99075,13377.2
71756,36340.242
28710,17312.26
71511,29989.014
31748,21251.791
49140,29807.771
55354,27239.582
17724,9839.61
58295,14475.787
80689,24417.508
36156,11638.702
16129,18442.523
88118,9945.597
77259,46112.79
20500,9965.191
69772,19506.818
99358,17032.64
78733,12756.774
46392,12682.819
29912,18241.75
31501,9860.578
98932,18559.371
71662,18417.416
20544,11910.314
22239,28371.697
16502,19354.42
52831,20579.908
99902,5164.102
89737,14395.257
22350,20700.215
77367,18540.014
86652,7029.6914
35164,16392.035
82006,10546.751
29801,10003.591
32395,27385.38
97247,12203.425
79753,16574.736
83807,16438.527
12621,21979.188
47149,9914.559
41753,13181.205
73995,18011.754
83421,11851.124
18053,21847.498
28376,17006.225
62840,17728.857
28960,25841.545
33546,25662.65
31873,10152.578
62540,12597.197
69304,6890.9785
46500,12269.026
28723,8024.878
68684,10667.036
29405,11551.882
44859,9683.35
54887,21262.656
63461,7729.1353
37517,12264.041
78927,13120.806
39054,8323.467
95967,10149.113
43328,14175.931
81393,9508.702
28038,7918.7437
90437,8628.7705
47917,25845.883
38209,16618.494
35974,18668.186
16832,11609.446
41771,17793.838
53141,9503.433
80793,24088.953
32829,10444.228
44626,20444.8
32648,8316.549
48202,37478.406
90453,11996.667
72615,18047.037
26667,2238.9656
99316,13896.696
76412,23827.09
39667,17254.94
73667,17651.066
18235,8963.345
24559,11960.251
88552,11681.524
23054,10990.732
20414,18956.613
27126,4054.6729
33694,10084.673
70925,22539.748
12645,43326.176
62771,8954.245
21958,14525.498
99927,11272.284
70619,13147.013
30327,8453.672
64938,10965.78
11585,13892.453
72551,7820.6597
79526,23284.746
41233,6807.261
18276,7925.594
87829,15035.219
97183,7300.096
65993,13931.161
16089,12947.45
98043,13596.148
79973,26611.0
69063,8219.626
13705,15510.856
43252,9666.659
20790,17530.52
11707,16400.89
54445,7213.4624
64100,21126.926
55670,12794.656
21523,47143.32
21110,22599.89
87681,7536.7397
64059,14603.412
22040,14422.198
83676,14578.775
13328,20095.7
14796,6664.1025
36644,15410.098
49537,20412.812
76982,13346.556
92201,12141.637
59553,3695.0173
40036,15246.729
93349,11846.171
91107,12646.315
81205,9617.482
68043,27534.193
80773,16909.186
10882,22522.473
73858,13037.588
81984,20281.834
91671,17237.96
30898,10515.962
48418,12743.387
19520,6535.9873
43650,7419.451
10991,5918.014
56786,9068.086
75712,22136.385
21456,18328.275
31535,6553.902
83097,14022.466
46647,17184.02
85102,4605.4277
65052,12779.545
72062,21535.854
53547,20816.635
85802,14702.294
55099,35652.6
55937,7417.593
50615,10601.916
59331,12245.008
36677,7516.4272
32850,36584.703
71029,8432.352
69082,16952.373
69917,11688.56
78610,8001.2827
24019,15749.337
75553,8673.337
52865,15300.648
97561,32208.95
58231,18127.473
93647,11339.484
24639,15586.381
57232,11128.524
13352,16147.749
64465,15160.346
70776,9485.821
54695,9365.246
10633,22898.037
34121,7071.078
18077,13944.671
28930,16513.734
54363,14158.061
10592,10833.5625
53110,9715.204
63549,17470.387
52821,21311.25
62106,8606.649
44182,14298.7
31602,14566.347
65815,14266.001
43410,13081.794
85781,35111.113
13517,14439.736
12807,16718.53
84718,30544.732
48802,5609.3203
22093,31778.295
24649,24078.232
74106,15906.125
16191,13476.293
89160,10650.149
19829,25996.104
86447,11046.86
60623,22173.574
50892,13832.437
22478,27878.36
27899,13638.643
37111,7842.523
12182,16835.932
92219,10547.989
71265,13151.315
30827,14017.975
48823,51900.605
29672,48623.766
25082,19444.836
37332,11003.407
20202,18726.299
39498,20441.451
45687,14276.772
18111,16868.105
86344,13250.131
90688,23757.31
85360,29324.709
32018,28708.115
57548,8063.163
94843,8099.4263
62942,14240.999
31118,18927.22
95578,8966.249
17008,12862.517
87484,21761.244
28699,24429.057
30059,9372.592
88582,15385.806
66148,12730.169
19053,11369.13
12060,30689.4
67872,23661.725
87455,29736.361
96352,17227.643
14601,19029.959
54231,21835.787
42281,22005.654
54004,10201.659
49586,19685.244
85807,9329.875
77158,11052.793
11868,10098.516
39632,8864.418
62159,17309.953
49022,16655.922
37213,14853.037
30495,18043.174
54247,6987.986
95306,5854.388
82749,14297.708
17319,12835.778
10265,34630.36
69556,9190.769
44815,11968.509
15824,7296.351
34287,11222.311
49492,19503.701
23118,10235.197
35361,11321.442
90021,12161.755
17837,9179.537
86786,20497.445
21334,23129.129
62818,31219.697
73540,8149.2974
98303,17900.63
43409,10294.467
44680,14584.518
50021,11359.925
74229,22667.266
97894,12168.641
86442,9353.2705
10333,10153.146
13181,19016.023
26231,9310.57
11176,13055.824
98923,17458.941
82722,8146.28
72613,11689.031
39653,11998.469
58016,8326.334
87339,14393.905
98810,19471.748
23126,19735.016
31560,24979.457
16191,10591.354
11415,18037.887
68374,16959.518
62173,10134.658
47067,9283.28
44743,15663.731
48760,15661.292
41518,20601.271
81292,15198.682
85232,17056.268
84092,18237.094
35297,12607.476
84603,11631.728
80584,19523.184
46674,6868.5786
80829,11282.282
35793,17888.844
69375,4804.3623
49164,17239.42
46441,43345.58
62733,13353.069
10767,16836.21
77396,5978.481
43269,13343.466
42444,12789.226
38319,19901.268
35907,11611.641
23009,8565.453
15505,17807.156
75325,13094.852
71690,12040.663
62744,36161.62
69319,17188.564
36141,7527.263
56225,17220.943
56256,20531.533
29128,6960.7354
42834,11671.079
72810,6561.2354
19283,9801.702
96580,22386.705
57157,18404.777
64815,22592.76
32923,13523.898
47518,5542.2397
45244,13237.499
42888,33553.8
31370,32358.578
83496,26764.072
80605,11980.871
42512,18582.19
32068,13370.65
93878,27824.092
81673,11183.054
56404,13723.227
44770,19502.414
51092,9917.402
77079,21861.262
41669,51938.04
74821,7077.744
97076,11236.206
74832,6079.1006
56474,11839.151
45065,15825.736
76940,14796.42
44808,12039.417
40756,14834.514
47240,11800.769
59537,11172.269
72445,23222.797
34264,10737.775
26004,11189.097
25191,23460.703
26497,15078.001
93540,18119.494
91913,17779.518
86379,24444.674
50692,7768.599
55324,4238.9565
97127,18289.28
34796,30295.674
16141,9222.698
23104,6346.96
59614,22072.092
53427,42661.293
25764,7636.97
37981,5894.304
76295,15806.468
72585,15140.203
12285,53187.918
65495,15265.645
18464,13011.234
80713,44470.367
61743,4159.008
98221,15894.148
55786,22544.361
87000,15077.437
49894,11564.806
49245,19394.732
66089,11366.928
79550,28618.668
85629,51641.668
63801,17680.723
11292,9854.183
22206,8773.33
54488,12288.416
73121,19758.586
22314,16610.004
84109,18233.844
77043,13466.626
17598,9596.769
86804,13839.767
71140,23836.951
50133,18664.014
33789,17046.46
21830,22871.63
98644,22068.887
29119,12932.199
64171,16192.448
45162,7160.3945
49319,13515.552
50242,15350.495
53213,13573.184
67350,17602.455
66105,23345.307
85264,14238.792
79802,10522.045
26813,23097.135
40884,13284.689
69228,12578.028
22095,12598.194
84526,14712.283
14319,15384.476
99678,19541.254
58937,10646.648
56081,19787.838
27618,13067.809
75728,23739.807
60526,18154.945
93655,9191.008
13686,32048.398
73615,10384.956
98926,10721.124
28963,15435.332
82195,15215.324
93620,13435.549
33095,19671.744
35927,14488.042
74744,15726.281
85868,19943.496
19171,22136.627
35868,14137.616
80426,10454.037
93756,7621.5083
61813,11777.65
35466,21002.916
73331,15306.157
33959,14363.437
98226,12549.388
13508,20208.225
76939,20052.002
40447,10381.977
96003,12296.199
89498,22079.027
63429,9368.115
87078,7422.4385
94877,19215.057
51087,27423.354
10422,28564.83
29943,10522.485
19854,7075.9995
12738,8524.066
49172,11683.815
65513,7222.532
79099,27630.719
59051,20177.412
46415,23232.121
57150,9330.662
44323,12760.789
24008,9718.69
10889,15975.86
81650,8695.373
16063,9052.444
34563,9622.683
59923,16163.999
74799,20324.072
81986,17810.318
40644,15975.86
44784,36865.35
62909,4981.687
42084,22935.793
42128,7623.8945
74943,9390.534
31314,30638.34
85500,3072.707
44691,24002.332
18916,10240.283
90195,23618.21
31732,23907.697
96696,21623.281
45466,16142.172
74224,16176.085
95430,19938.936
39697,6513.262
15684,7611.734
17622,10804.651
72106,14183.446
61700,8669.902
90018,7293.92
93405,32433.938
98441,6495.7964
78759,11789.02
92235,19689.762
97652,22579.043
77145,18667.082
80839,19877.645
49736,9320.537
33012,17477.584
55453,20993.918
90100,13140.976
95286,22097.207
58709,31448.271
59927,11547.98
41528,8902.802
86013,18252.219
47211,19727.283
23055,13024.791
79909,40376.05
98197,27031.197
94216,10189.422
33365,37580.895
23985,23609.562
22958,9588.823
72828,12504.751
23378,27585.207
46155,10094.404
86887,6851.1953
10208,10780.379
27291,14202.2705
36378,22664.285
24662,13455.148
39235,13344.046
35519,4897.8223
23967,10530.761
88403,20787.008
46399,10115.382
20813,6861.037
99357,34346.312
18672,10190.367
56129,20284.664
20503,15491.333
64995,9105.907
58012,30727.064
34919,15766.383
70702,26163.477
76038,8203.912
97275,8018.5728
27286,25876.1
26138,10933.238
30652,11533.736
25906,12720.211
94233,10154.434
47374,17384.771
50227,12237.09
12913,31115.15
15227,6728.4526
37558,19765.002
29722,30635.291
22050,31710.045
83459,12635.025
21151,19854.246
89474,22050.79
37108,36430.195
24720,38946.418
91397,20882.35
20136,25317.412
49684,5707.5737
27647,10899.901
22147,21214.486
61187,16832.492
45847,18109.941
44728,9285.55
96652,7408.856
12540,18780.754
99179,3425.5076
76166,28986.828
80587,9900.486
73837,4067.718
50937,24725.729
38143,13534.887
44308,25637.186
30239,35133.11
20873,16400.045
19628,8707.261
67447,21520.219
43074,11762.597
71941,7104.076
95767,16923.54
88706,35385.125
97782,7200.8535
32567,19188.508
87592,28331.139
26568,17958.584
79670,24487.873
43146,9154.548
57819,13455.502
28537,9944.402
26049,10904.831
81715,17342.672
78256,29776.69
29968,7856.5947
81916,34212.68
82943,11361.648
44506,33297.855
26996,23830.428
16308,27353.906
43992,9948.644
74485,8675.011
21359,55866.42
95795,46371.848
44874,25401.34
99955,24359.467
45794,12650.45
58103,25204.914
85236,20029.85
77896,10902.745
48612,8903.153
24207,34105.87
40517,13013.6045
81607,5328.837
54858,10531.614
39425,19989.51
29460,20326.93
35884,7045.9043
63271,6985.752
65159,6070.9976
80073,7292.4434
26867,16716.592
75834,13360.381
77050,20164.38
93849,24146.514
44614,14860.717
68873,6175.704
23556,7497.1963
47197,14485.989
40435,20904.875
38411,10085.243
14075,6968.4893
89722,15349.789
34041,17242.87
31211,9950.961
83233,31080.867
73398,12637.799
80185,18752.312
38592,45169.656
21475,11637.09
53800,19310.69
70529,19885.584
32679,15551.758
36867,16146.706
37863,14547.693
22406,16566.021
74863,7494.879
18607,10057.459
75637,9537.779
78789,7410.0537
85533,12317.879
22715,13625.518
24706,15579.101
45548,16780.56
84072,6213.915
25301,26267.861
53988,20941.732
20431,35869.043
78464,16584.803
47512,30438.143
52970,12825.397
29891,9606.644
29916,16832.654
82487,29337.852
57217,10858.77
58960,15423.032
52941,13814.868
72001,13877.903
22864,14923.342
93910,21897.654
45261,7531.8667
18458,10019.263
50101,15048.334
24348,7320.736
30987,23617.56
50316,29282.92
76988,10303.413
55931,15786.393
86317,28976.406
53091,11237.614
47887,42134.926
58320,18827.592
69135,22143.695
92761,10444.228
47537,31245.242
47400,14610.989
26976,6015.2026
39704,27753.502
19114,8502.397
76350,23486.258
47877,6490.416
71372,14464.595
75774,10093.663
21348,15421.757
94988,8017.3813
93405,6960.519
76267,8418.279
48394,23951.35
48353,7684.4307
99258,29077.643
46819,12502.758
89864,17947.232
98888,14915.282
94901,9291.008
38540,15604.916
35114,10157.243
63562,21651.703
10611,12814.678
92718,21733.73
85328,22124.314
54752,42391.477
73322,10231.717
30050,12768.051
38706,22757.338
47890,29813.639
47638,20424.309
42028,24027.842
17520,11444.554
32872,12159.79
86337,27208.791
57783,17464.428
46625,10885.916
40037,32946.1
78487,10337.404
51926,15231.874
90472,18950.396
66355,28345.838
84515,14264.577
65241,6281.9453
66899,16829.598
81362,6406.2783
60670,12781.864
74798,13829.73
49393,13405.831
73374,22003.549
58219,6712.0723
13910,20663.18
95977,27104.506
75610,10094.404
82320,15842.736
41184,26835.11
13017,13351.941
29717,15012.99
95213,9182.001
29318,16012.012
19286,8379.463
61136,12215.054
78636,12292.4
77483,31452.037
28956,29994.725
86295,6044.326
48504,18892.414
91232,5316.5166
82293,14757.261
33073,32616.016
29016,10291.184
60781,3479.717
92892,12100.829
22626,10002.537
18119,33184.93
15078,18539.615
29309,11017.688
15474,19246.354
93220,7995.3994
35108,20585.264
39503,51955.87
65278,13919.724
54738,17109.396
16537,9566.54
10101,17092.436
74915,41317.71
10344,17482.72
31762,19155.438
51503,13355.16
30125,14088.913
15005,6571.6523
68615,7614.2534
99800,13485.11
99920,8500.5205
18930,10632.998
27261,8309.572
50177,12589.15
57570,16898.945
50401,20249.766
29608,6242.69
25282,13216.459
59061,9361.947
56946,19857.184
99052,11431.02
90604,49468.133
40234,7392.9614
19804,16750.79
91056,5036.51
20463,21795.143
52469,14487.923
68701,6776.668
38466,12863.469
98292,17289.055
30842,28488.947
53627,27180.744
91396,14686.382
91855,10405.797
41280,13582.383
46119,16436.09
68647,13050.109
59344,31122.334
13161,11382.303
66988,12346.324
64199,10063.425
66028,15589.539
63444,24139.799
56640,6851.4644
51072,23397.459
30722,7649.0596
46220,18749.275
96260,9798.631
60021,16927.81
45112,25870.05
57448,22498.77
59765,11038.821
62784,9698.329
69203,22340.547
45399,20756.053
88690,25280.195
18449,8404.533
53967,11512.041
61777,8457.28
13887,11616.243
58169,6428.323
94983,8762.144
64868,28253.385
66824,10135.228
53949,11590.549
15578,8528.667
72642,8627.4
74884,13403.726
58783,15033.105
40786,31806.914
82739,11639.079
71291,9070.347
28592,19625.283
98670,11102.502
83745,15899.599
45679,33397.094
11909,9974.271
27266,9753.839
85442,12955.92
66144,16844.666
47389,15383.725
80797,11871.291
19572,14814.714
77760,41066.145
64242,2594.0771
70976,17540.488
97242,13268.521
82109,6781.7144
61003,9998.645
34370,9768.385
61016,16172.792
74328,28885.586
31683,15782.187
26311,14884.806
12160,25032.959
53741,17472.643
13761,19316.201
51187,30549.518
96513,59411.582
58023,9659.132
77063,6053.399
54933,19793.996
82218,33184.93
73372,7597.492
25650,10527.717
51990,52260.656
34914,20420.182
45942,10165.508
78576,28821.312
46100,14638.266
25969,14790.4795
94344,18084.928
46741,22941.443
46688,17452.96
20183,10747.058
65975,14417.315
98646,14563.907
56593,21385.77
45957,24816.516
65933,12580.372
67132,21863.77
60606,6365.1973
72597,20806.816
92821,20798.305
33031,7844.218
50895,30241.164
46575,16363.249
69237,10342.05
96773,15141.675
73777,26071.748
23658,8767.374
71684,13341.178
42928,14228.573
29742,9588.596
83982,15520.79
61233,17938.36
23894,18175.203
88201,16916.28
57477,28627.807
35054,7751.9526
65017,29839.385
41431,17719.229
14097,9950.961
36923,16984.97
23368,10535.517
30453,19506.764
44102,41834.938
97237,11841.444
54104,13652.891
14573,12632.22
73631,10920.044
46220,10085.592
98637,14886.023
19321,17585.006
20391,18340.52
52035,12359.258
41136,17588.426
47633,15920.033
47689,23083.162
33238,14663.225
19776,23248.105
94736,20931.818
81954,19018.81
63715,9808.701
62376,10230.829
65458,9446.107
81109,15850.795
30335,12728.522
13768,17212.857
67843,17559.209
88455,11597.468
25158,14630.0625
41826,19946.926
13767,12459.492
37587,25278.045
50167,21392.41
81555,65509.78
95266,10297.982
54262,6216.857
75703,14721.028
96447,10141.857
96438,8185.313
12409,12109.379
25495,13858.286
24623,14988.909
26106,21659.477
34056,18902.648
71253,16720.496
69064,10524.649
56002,22155.545
54318,7631.316
11031,8360.348
24287,23309.639
61401,12960.51
10580,17531.518
37376,13234.271
60185,9308.697
34407,14286.406
23585,26111.781
47176,7427.9805
48589,12238.654
65857,17612.818
69488,20722.736
95628,18382.402
22624,11866.79
28266,14493.924
78236,7623.332
47888,13747.408
16815,12633.126
88147,12599.49
11698,29523.648
30307,40923.0
44353,14435.85
70092,14881.95
96369,27152.652
47637,8414.82
59206,10018.507
66367,7478.5967
30044,9593.9375
92589,31869.578
27468,5202.157
77419,18567.098
82139,10697.008
62912,7224.3687
79878,25600.525
56905,9516.862
88976,16530.912
73305,23832.441
64741,7992.4463
12648,14840.567
98892,18117.754
39966,15590.305
42614,11032.001
86238,20256.656
79944,7995.744
76687,13150.956
17672,17097.652
58910,20122.95
90641,9404.883
22957,7853.609
62306,46323.605
55693,15157.588
39932,1598.4077
95569,18282.174
97330,5840.049
22308,8145.5015
88119,26242.703
55367,26538.396
13729,21646.17
36858,12499.014
44821,12204.337
53692,6990.1313
20301,27964.111
93968,10690.527
18787,11955.644
39994,12167.253
21887,10780.315
62922,14191.726
84595,20835.625
45223,18681.033
32572,11427.076
40409,49840.29
73195,12460.811
68189,23783.154
78349,13501.602
37237,25313.021
31510,13618.872
68722,13373.961
60594,18831.605
51369,13444.613
80300,13754.023
89681,18285.453
11178,15549.264
42422,15425.787
67644,20805.693
24169,12283.853
73703,10985.796
21485,23732.242
55232,47660.242
88499,10880.45
64038,9079.198
11575,14424.939
11060,38429.89
43618,7143.7007
66684,24532.217
70709,14933.321
12701,45495.203
58496,10643.322
74068,16029.718
13083,17593.104
62983,28313.28
98491,12409.925
69634,13636.37
95320,13317.028
67954,10922.731
97386,6304.903
28490,16500.195
19591,33286.54
48148,20575.93
22558,10663.355
11383,10387.988
48593,17517.396
90602,16056.56
52054,13751.1045
94149,11871.084
82814,16622.537
93511,11627.172
16464,5175.8125
41296,10862.926
48686,56419.93
24836,8670.079
35448,19920.947
67762,24448.809
44577,14472.649
12954,16372.524
47225,20416.69
82302,12511.87
32673,44864.953
22661,9042.408
13370,14251.543
56047,20647.379
76907,13104.212
14323,25148.332
63129,29552.588
23034,10580.366
42051,23610.91
70230,27064.426
13067,27878.246
69485,17006.895
41816,23216.62
22349,9452.055
24126,20562.965
94694,18129.182
98244,14769.728
40309,15757.509
91836,15642.206
27583,30760.775
86550,18859.865
21401,11237.156
98562,10056.942
26073,8223.635
87068,12309.669
91819,27647.535
90715,11964.959
95496,10648.93
19051,13394.055
55770,7232.593
11658,14461.247
96906,11640.368
66522,17678.73
43806,13985.07
67370,21642.986
46658,13346.395
55353,31464.77
99812,21323.62
35754,6423.845
39669,9313.042
56747,11070.349
77771,36016.074
56938,14899.172
19108,29761.248
93054,31659.541
69128,18423.896
31626,34608.88
51328,11658.935
91455,17076.977
84121,12571.287
24702,11450.078
54677,9569.632
68742,7677.4375
43317,16204.127
13416,9871.289
17634,21085.176
88773,23667.396
21849,24112.373
58326,17191.715
51327,10530.761
65672,9642.095
76757,14135.404
17603,16764.902
61945,19976.47
66922,21061.238
16667,10459.554
63598,20715.666
30112,9016.198
38389,10414.652
69530,17780.234
63369,11860.758
41761,8761.245
72837,50062.527
39106,15679.22
90108,7091.8853
60590,6292.209
84209,3305.7095
83214,9872.046
27938,11490.319
23960,19475.414
43001,21260.166
45244,18358.76
24962,12124.935
84840,11729.92
58153,11067.718
52265,9460.13
94162,18519.87
41916,15428.536
63827,10426.174
92984,15677.101
27611,20071.406
47261,26860.295
95747,12655.601
45671,27472.379
67978,15755.618
79723,12258.576
29525,3454.109
37487,35308.145
35063,7018.123
87087,31336.68
96719,14753.012
46588,9470.273
76680,26989.062
18123,20652.203
62480,10668.986
40838,13576.067
97640,21190.582
95915,9428.155
57600,28245.95
22774,13455.502
53696,7218.483
18478,10960.961
70572,22554.102
83880,16256.753
29730,16154.02
30278,21802.06
59179,8381.345
47596,24133.906
90362,8718.571
80851,19371.46
50278,16923.54
24110,13076.04
32493,6739.0166
30862,18326.98
34982,4626.2793
57543,18450.564
16420,49475.04
56272,7233.478
78604,8017.3843
76679,11128.938
42701,10037.643
89078,19798.656
15143,14845.624
45521,21193.719
76452,12897.187
37753,8975.693
99499,10828.875
86001,39090.93
46579,8028.4355
30898,7807.648
40420,8552.559
33572,17109.777
81371,13497.598
89080,10286.964
67929,9154.548
14641,14032.535
96248,29898.783
76316,9456.561
78020,11132.894
22343,11518.915
23467,10113.955
78616,7491.3857
51732,12719.177
13512,14089.872
24851,18307.203
83829,17510.934
74121,9994.579
77084,5680.814
93418,21090.014
35897,14800.635
72835,10940.09
68815,12889.731
10011,31486.533
61089,16629.168
66100,15705.425
38799,11615.053
31748,33430.043
17912,21046.203
46545,13493.617
78070,4781.763
86825,13103.769
32810,26015.344
23596,13555.627
70869,11268.791
74379,25646.133
48549,11089.046
46827,30704.342
27037,14566.784
69546,7732.0835
15529,9246.623
60991,9422.399
53054,26097.768
72195,23160.754
22780,11366.742
63482,10880.45
21083,18478.857
91008,20255.547
38394,11623.046
93459,13773.909
39023,10785.579
79459,8314.236
80851,15840.892
40101,9864.791
90699,11461.977
50154,12587.55
80967,13904.989
22920,16415.691
48790,26592.44
41992,11038.821
74250,17528.31
23745,10421.971
15474,15688.018
91439,11916.556
92767,8340.251
99417,12909.641
77503,13268.51
91892,21889.643
17204,14562.626
59518,10071.542
80860,33725.363
96054,22919.672
87572,5074.3657
11090,32046.408
71674,31284.213
75144,33898.363
69440,12945.014
32242,11398.307
69986,18998.305
20371,10605.804
94662,20139.432
60579,10447.504
84944,15516.455
22210,14568.742
24594,10068.421
85282,8512.833
53157,30651.334
61996,9862.407
61102,9910.801
86449,7228.2954
71825,12177.855
70655,9605.934
32508,10161.416
28256,9834.482
66608,16426.21
13656,18550.756
50706,11596.731
23799,45512.797
70559,28920.453
61982,12150.047
59229,17267.088
46008,11969.385
37278,20723.838
26897,13379.583
62229,22274.809
98182,12387.536
87361,10533.903
32108,15676.779
42829,20392.184
44043,17044.19
44721,12600.28
93975,15973.961
84583,23971.738
97438,16103.97
77242,13915.671
58420,38903.863
15908,28091.045
34741,15653.838
12865,7820.144
26423,8676.602
79813,18627.771
77031,11326.098
50466,10127.201
88775,21617.902
46244,29740.457
76706,8900.978
47558,13409.691
56813,30369.951
92368,29229.67
92729,17884.727
10800,18918.156
21586,8782.938
53362,13253.618
19605,29592.477
21101,12674.913
11742,43615.28
67889,17623.375
65756,8314.236
60130,9400.169
45416,9741.988
27800,19105.074
49421,25291.604
66602,16355.491
30144,15200.202
80243,11551.345
48196,15341.244
91180,10439.68
77296,16716.537
71284,20052.002
31169,7618.781
76784,11704.685
58338,8186.4683
79120,17170.62
82488,19186.865
19886,30617.35
58546,6991.1562
71752,33795.184
74906,22977.193
17328,10996.974
56172,16849.205
26997,12673.889
47840,18413.717
91742,20814.27
88607,10240.861
88558,23062.352
47119,11837.839
18210,14596.631
40658,31131.518
93317,8005.7866
95293,22784.148
84570,19350.936
65289,25569.771
80699,17572.137
72479,9645.185
55272,15780.608
75702,8924.343
45012,7596.1807
89510,20598.936
49590,15933.448
55075,10646.026
43271,16920.969
38804,28424.67
11344,19435.973
72922,13124.863
14258,26090.936
96202,13210.275
26320,20692.652
85163,12638.123
15779,36592.484
44672,13211.249
30301,6501.1914
90949,9909.27
98276,13111.814
71833,13171.963
86196,17034.697
73481,12616.037
52584,18820.955
76323,7092.903
34393,11809.605
15217,11804.959
83851,11184.079
30273,10214.835
83953,10286.49
68056,10373.142
34508,16261.207
75005,15581.641
65022,11482.821
71290,13105.336
69193,17701.045
99607,10035.834
15893,6444.184
76390,19389.395
69776,20058.338
12319,25653.021
63512,6578.2397
60250,7538.0317
91575,35495.72
55702,13886.307
95690,8468.172
35494,9074.305
18787,16122.926
53541,16854.771
97628,7509.2686
74653,8122.4146
29983,31800.832
73759,14932.87
97383,10473.691
77873,10729.752
78861,17560.783
31657,12767.166
37942,16360.76
29617,23316.404
88901,4608.0483
54223,11554.776
98932,11580.668
96316,10019.704
86021,8516.255
68883,9901.405
40943,22458.264
94792,14226.385
62379,19348.078
32940,18365.713
20177,21730.615
72567,8291.194
47370,13388.402
92271,15209.788
61434,8615.8955
82936,8957.641
87014,9709.973
71431,8026.501
12848,23148.094
21421,22542.322
40356,15207.57
61801,5112.808
62567,18435.72
35375,15613.918
97742,11362.684
71250,20870.145
25936,19472.719
47925,25935.516
77698,12473.625
98345,12737.592
32822,9480.384
53274,17389.441
24258,9738.53
37964,20630.945
94375,9613.801
70836,16337.921
98625,11895.8955
24351,21610.748
10487,5792.806
12039,15358.679
14484,4929.5576
15176,6573.918
10836,25034.86
65616,9854.886
95309,19414.107
22466,6992.22
33844,18978.004
64435,9369.977
28845,35115.918
33393,19081.658
44596,28051.334
71421,12280.458
96916,14374.923
67026,8079.2837
91404,24664.568
60963,14584.313
34460,10553.769
84554,12712.248
31633,7198.7773
88750,8666.913
25886,8364.621
21517,12837.666
47078,26859.8
69380,53859.293
77008,10806.461
88655,17538.68
64851,12134.294
74037,20004.947
13832,18495.053
51920,16925.143
56876,13095.283
35916,6957.869
89049,49066.465
66197,18341.893
62026,5908.097
31361,4678.977
38283,13767.895
67228,9181.568
98110,30914.316
29359,14571.395
33464,14283.333
99844,12133.748
37393,9099.081
48544,7426.9214
21752,16812.12
24625,14111.124
24775,5463.2275
89966,21303.438
75568,18836.902
10803,23634.871
57067,10483.624
55154,10234.409
61329,19635.486
15091,16551.4
51630,16178.689
43103,13205.999
65240,9655.259
47290,20815.625
62629,6282.3525
95295,10002.656
61424,14374.834
58086,11884.228
13818,7898.434
44973,9588.628
31115,27223.352
51087,56798.105
61615,20562.293
40003,6311.9297
68622,14428.726
38898,14416.627
33162,17484.47
24272,10318.732
50506,38457.47
23852,8900.693
33744,12900.541
74518,24815.586
54850,13344.74
73459,29180.32
68202,15502.271
18636,8014.3564
93706,16275.699
11812,6829.1895
82010,8289.608
55937,20085.104
80501,19169.246
69867,17752.133
71772,16751.65
57909,10474.992
56168,9655.082
93065,15894.335
34023,11760.68
23511,11082.615
54150,5785.453
77705,7613.198
90084,19999.787
11910,9324.381
64833,23242.79
77496,1090.2474
39418,8413.079
65364,14331.449
75435,15634.714
86347,9094.028
69940,13451.182
37840,32115.697
92860,13099.3
57200,49072.695
11603,11430.479
30724,10236.738
99360,7556.31
72796,21110.66
70650,28802.705
59195,14513.415
37129,12134.612
25042,9800.858
89651,7189.212
49494,9441.295
98421,15565.081
15849,8594.764
63062,8019.402
96162,6955.547
29051,16535.873
41751,47823.99
92841,20385.09
86044,13676.926
73796,16324.949
76446,8844.745
90959,21816.887
84434,9404.883
29651,12107.171
15314,27342.223
13471,11383.329
99899,17277.959
94747,8088.963
77721,11314.128
74246,6272.2515
91986,11303.159
87118,10366.479
10168,30229.637
27748,19661.037
86963,21394.45
42418,20769.695
31057,16730.258
50670,7742.69
43087,14923.945
78337,18085.682
80224,23696.389
13472,34869.242
27436,8495.275
30160,6442.713
14344,19290.61
97377,6767.3643
34407,15567.836
93232,23654.377
62018,21639.584
39387,18385.227
73579,9514.266
26499,6534.915
88525,16624.732
44976,7235.58
45440,20050.254
73358,22126.291
38921,11856.961
69348,16024.79
83277,25764.57
61300,10667.829
10898,5199.2285
38895,14843.811
67582,15655.913
27540,17214.717
96184,16187.767
89534,9949.985
26619,7429.7056
34277,17070.57
31133,16518.434
44345,14445.78
84658,19966.611
29058,11682.181
31952,29379.6
75817,20179.236
95806,14377.091
72914,10933.039
49816,26470.63
51080,25768.371
61949,28587.398
69995,13664.313
46049,16773.371
45958,22189.623
54708,26058.688
72564,12151.823
18848,7787.3447
80377,9602.485
64639,27391.76
87332,14293.926
29138,10838.889
97749,27805.379
78628,9632.661
58605,11531.1875
27278,13538.02
89572,2255.9744
41098,14017.036
63789,14765.955
46075,10071.287
14445,31336.037
46762,18121.111
27132,12037.183
77525,8710.9795
54073,20885.695
80886,16998.852
43773,9100.093
94288,14339.175
69792,19483.658
69336,9341.981
37285,10284.109
42185,7701.5635
79192,11416.412
11437,12833.513
82311,5433.076
26770,9852.53
36192,14202.379
59770,17252.705
99282,9533.366
29143,14217.217
69338,22731.445
32083,16563.379
92566,19810.635
48607,14202.539
20784,20448.459
66748,5490.5435
16045,26453.377
61016,12228.983
58821,23256.244
67303,29469.285
36620,28602.686
19959,5642.1245
77318,16601.244
34399,6754.6934
20011,9892.756
52980,10476.009
32055,44235.47
74708,22224.709
67831,12694.958
93787,9061.081
74563,12877.511
43248,9559.459
78838,8892.249
65433,12910.475
80490,18951.854
28849,16762.523
45978,27467.049
90071,14087.609
36294,6167.7217
29835,23405.51
57615,10162.635
88681,2450.6797
85206,11910.974
67034,19873.463
66443,34120.645
58436,14987.754
65354,10649.825
51101,26647.865
71283,18232.664
47373,10166.272
17382,25545.35
89549,21575.008
55222,6242.7437
79459,16316.052
74679,36480.24
25523,20232.6
72481,11494.072
23842,10037.442
75563,17049.855
34679,10923.927
60839,21154.898
21567,19067.516
18595,25922.674
65518,19318.482
45707,9352.756
14429,56798.105
42191,32342.85
62721,18923.893
13087,8442.314
34253,12853.293
37908,32994.047
69132,13832.209
62120,16596.666
71967,11664.483
16435,4461.2217
44708,11411.506
96864,8984.862
30385,25356.713
51531,27126.73
72176,37964.145
75016,4035.728
98281,8929.7705
63130,9349.651
77817,20463.943
26197,17446.053
58431,9971.827
48165,8877.564
58734,11543.661
70376,22459.172
92892,15499.865
96983,12232.164
75463,11143.611
47747,49618.29
59653,18105.201
45759,14070.103
49514,9743.28
34500,9964.222
30082,12772.964
31489,28840.6
23593,16343.801
23123,15755.287
96566,13465.008
53196,17669.023
64136,23867.979
12782,13056.56
95227,10678.539
91276,27665.344
29258,10457.102
59109,25905.086
90947,29541.43
34193,18232.441
54624,20311.953
74268,11588.521
87983,14554.412
27357,13111.157
35513,12027.986
69857,6350.0347
14633,24951.225
47124,10853.068
95112,31978.938
10056,8803.643
70888,8899.169
68213,12502.248
36602,13747.262
35256,10141.128
83032,23017.057
77819,14732.501
82868,43430.32
46807,13568.479
80518,7936.2646
30890,9822.88
61812,16650.809
95522,8300.917
25862,6906.569
92600,11061.692
28016,12060.775
41943,9189.72
29004,17169.44
24518,8046.016
78626,7139.2217
78208,13590.127
20327,21604.922
67282,16275.749
51652,23345.307
67554,20449.412
18561,19024.328
66925,20488.943
78346,14292.273
70988,19574.787
62330,15616.593
59159,27261.547
43262,39186.594
36719,20635.021
88019,24910.695
71716,10935.827
21446,8786.624
64272,3204.71
96654,14819.0625
85028,48795.695
82953,15495.057
50041,18833.982
35984,6286.6904
80367,11935.1455
64789,26660.225
32043,118848.125
95938,20646.334
86674,7393.509
29498,12162.717
47008,8610.373
60584,21785.963
63605,15645.539
71620,37660.168
25687,16752.611
76540,10859.487
99444,27529.324
29021,23871.244
59177,16741.738
34625,9631.664
24589,42340.715
19198,10531.198
89553,12742.736
88494,2774.0664
16161,9154.747
64155,6796.5
39937,10685.699
78435,5324.263
71146,15108.359
47530,28540.31
34082,18778.826
58036,7932.851
17456,10394.756
89112,7391.601
58192,22966.615
59270,1894.5168
68672,8284.459
47350,22163.451
98697,10005.168
74614,11505.133
34765,29939.45
37827,20734.54
98232,18309.697
57972,8192.201
67146,11116.237
80268,16486.668
26153,11158.134
54626,15055.643
58883,10209.059
15126,19143.586
66911,8505.212
46671,17886.79
81613,29661.902
82954,27951.785
15491,12932.928
65049,20293.303
67992,10201.43
72179,13621.598
91836,23013.365
60969,14527.067
10462,32287.396
73722,25634.26
27535,8566.072
18438,29828.7
38921,18368.979
51786,9460.422
29124,9366.978
95355,7160.0757
44138,9155.112
81043,15758.743
35703,17592.344
61437,17789.96
17868,18887.873
42159,26900.896
80140,7167.5854
17567,11153.147
20724,4690.49
41168,22531.016
50356,21399.68
72763,6687.468
34244,11139.108
68239,20851.695
90674,14923.031
17065,5248.774
30036,4267.157
76502,12376.247
17246,16324.752
93821,11022.538
94114,26572.328
17742,10388.562
38243,15690.881
80789,20508.855
33487,16598.441
68313,15621.189
56853,10751.428
98819,15056.25
21791,26979.834
63699,7645.4023
65898,9217.033
62751,11787.175
76814,20661.887
50612,17246.324
39591,7711.637
60652,8438.013
54500,13839.767
48590,13801.013
27330,21225.084
40873,7745.0596
60805,10102.066
63358,54826.645
99552,11773.139
95487,21023.74
15280,10028.595
47534,7084.3203
90463,27639.389
25611,9821.964
12005,10929.494
84331,12003.932
98171,7687.7153
49340,16587.51
33259,21041.014
65026,5881.1245
10855,11656.753
61552,11568.847
65574,20271.72
26981,14636.802
53002,17441.416
26476,14998.155
19311,6209.065
45059,10910.042
23615,12340.351
69647,5419.8633
10272,8732.087
74244,21920.979
88991,8888.653
33783,11596.298
32331,15902.549
61803,11091.893
95652,6963.5474
93988,20556.926
52945,28453.373
22159,8683.988
12693,9219.909
44560,24959.695
42831,7634.016
22566,25078.746
94859,13105.668
10367,28765.31
11990,19912.28
94085,7341.7524
34346,10854.301
74366,9779.512
14792,8125.2695
90164,14004.544
52257,11807.548
99850,11356.676
13044,7062.4136
80525,18340.383
91590,10483.01
97510,13440.18
27967,8099.4824
65244,9892.876
32852,9077.157
43272,30565.121
33187,9259.447
19003,49507.1
44269,18168.498
54741,7142.3906
78372,29684.045
69909,9749.935
89050,16646.672
80417,6427.9966
31001,45005.004
71618,18588.81
86549,6904.654
22119,14889.217
35389,41512.797
93753,27085.338
68380,25527.113
54211,4908.4526
49811,2496.3623
28420,21256.004
85528,18816.326
98704,23842.934
24167,16945.734
21866,6962.9795
72608,15428.536
65244,8483.45
63414,12735.876
92969,7660.913
91926,14518.247
11924,31135.041
15659,10910.695
56863,13211.095
88805,10761.893
30592,17578.834
23307,31410.244
26745,24028.309
49641,16651.342
84164,5118.1333
68749,13429.069
98044,55251.945
12648,12095.029
69190,7266.5923
51878,9536.535
52266,14713.997
22288,14619.836
10896,15977.476
81026,6812.281
64959,22880.902
58649,16749.145
68938,10927.279
54015,12726.061
79096,11411.915
10355,10948.028
71359,14347.203
57542,30333.229
91678,45710.562
70018,17047.846
55372,30227.926
67154,4742.2407
12799,18966.531
92167,10330.476
90014,18676.281
56366,19536.387
79911,49321.586
83278,11720.941
77456,6997.7993
30792,31440.334
82860,10375.788
24290,9404.883
82108,11510.543
91205,20102.887
37146,16446.041
68068,14462.359
11472,20394.838
67593,13358.085
76339,14694.558
79576,14624.214
58667,17645.213
19132,6426.0366
47035,7237.731
53794,20791.84
36912,11105.755
44884,17342.672
42634,29035.879
26387,25382.066
20997,25832.674
12440,7144.9473
46178,45104.254
29716,9371.634
97709,16092.598
91719,7972.207
62257,18136.553
62384,10944.919
30098,21034.752
73907,9528.135
63521,73838.03
88463,12224.092
14762,19722.535
63356,14374.912
59937,6863.863
83558,19682.088
18444,34074.81
25475,14144.914
84955,11262.807
17027,12312.812
27458,21281.041
90783,12939.822
20529,36225.117
46042,16980.592
19349,11086.306
64813,38933.344
53193,6101.627
25574,6820.9087
92059,26082.19
40895,16782.03
60849,9105.617
38996,20766.742
97830,10145.079
62186,20752.635
68244,8925.8955
24965,18722.668
34437,9181.121
36713,22754.436
85861,8279.45
69159,12977.522
97091,14036.246
38432,20532.307
37557,11762.257
47227,17884.648
44055,27050.531
31726,8050.5425
67295,19106.84
96486,19916.9
32100,13297.378
38275,15011.434
64450,8279.017
88120,17458.46
67958,9394.574
85123,9057.289
11553,10292.221
68715,34890.434
15839,16976.854
95718,26113.947
52387,24222.893
92332,20965.146
41152,22225.172
62733,19982.734
76206,19372.443
61401,29815.076
66407,18271.334
99927,25593.412
68120,18335.488
81770,27108.59
18419,8544.754
33767,13934.83
53231,13991.595
14770,19880.793
19499,11144.016
54803,18998.732
96611,8791.894
69846,14771.505
84481,12237.09
68465,10899.286
75417,20328.164
80305,6449.506
56398,7794.0205
35814,9961.109
13338,17396.14
67159,20973.66
42969,11515.433
55476,31817.498
55176,16910.203
30500,28864.266
32829,27972.014
85262,13650.674
93558,13963.028
93144,9925.299
81792,11983.715
98306,10678.2
34383,18857.166
12727,16318.502
26040,24456.387
59446,11957.466
83961,13228.408
88018,12722.476
61998,4800.33
23563,19184.355
58553,14594.849
54584,15750.265
82256,19388.97
65814,6531.7676
25885,7397.523
48512,12431.871
80184,20230.363
10059,18940.686
20922,10525.947
79800,8135.838
94223,14542.653
61832,16009.363
50386,14356.839
76454,17672.002
29542,16209.221
45638,14491.024
64763,10259.922
59192,10829.517
24699,41227.74
64134,9509.613
81944,19999.787
64797,10318.17
69678,8260.711
90682,11235.107
51771,1763.1179
80309,11645.765
98818,4206.993
51914,20406.13
20138,5831.285
37062,9136.475
87221,12229.955
20556,15548.661
93578,9561.464
84453,22244.615
24626,15389.688
56017,18809.943
74874,15850.309
56338,15943.945
63747,12130.622
37040,17662.873
51701,9352.297
20564,46665.46
69386,20164.828
36849,8246.322
27228,16901.416
50434,16363.783
20059,14336.46
17455,12359.412
10843,8437.236
25350,7968.3594
13508,5181.79
82107,39447.188
60667,11251.971
24313,9015.615
14976,10403.795
86619,23617.398
97809,12404.414
29946,14186.288
54817,18652.521
80377,10081.112
47330,18796.572
92261,15555.387
77679,7264.796
68736,11612.463
15623,11301.974
10292,14267.588
17852,33355.797
74065,31295.566
24611,12861.16
90857,53179.64
68266,43628.945
37162,7203.343
47361,8215.848
40930,11264.523
90727,16789.963
95590,36978.84
82600,17629.906
41499,15382.576
67277,27913.65
58698,22638.967
11085,20330.7
54312,15874.718
68085,24709.71
47184,6513.58
93089,12372.33
58333,34232.56
65325,21064.203
54282,12357.798
97175,8476.429
95976,6030.104
32026,38251.613
72915,9937.381
79503,30663.982
38024,10751.043
15775,7743.956
62909,4217.654
72769,20975.943
44525,7010.831
57486,13393.449
77321,27944.127
94808,17524.879
18703,21016.512
44904,24797.846
78968,20113.701
35962,16672.736
30505,11753.662
45693,14987.906
57435,16051.733
81977,17877.219
87912,12423.48
17530,12071.564
85129,17760.295
61951,28657.203
20807,20239.502
88185,50725.746
89618,3324.3933
60542,16618.723
81255,17140.242
85212,9128.493
13665,19346.951
93835,11579.86
31546,18380.676
22401,10459.206
73097,4229.476
63541,22005.654
33768,7100.617
44205,14185.959
53318,8782.88
11294,12155.111
41297,7668.417
51888,10427.99
58304,10388.329
92593,41281.047
37009,12988.175
84688,11939.367
78296,43853.273
68318,13489.497
24619,17822.979
77746,7350.5854
40996,4055.4207
47413,44754.395
38968,33652.94
74022,5168.3936
99300,13774.748
89704,6177.503
71600,17575.486
97607,11401.798
79851,11438.585
53037,20994.285
60259,18490.986
87096,11060.056
46952,18231.16
52584,24779.516
61706,18895.709
81270,20159.055
94359,6826.3325
37805,17140.178
42321,14642.035
25572,19791.447
52575,19925.6
45176,13350.503
19809,8782.308
60903,14065.021
14023,7329.209
79871,17861.17
77202,11431.835
35415,16366.341
60496,19877.207
67871,28727.96
88644,11690.279
34414,19614.12
48502,10058.635
86641,11032.881
56029,17160.383
15847,17952.182
84403,10722.785
23024,9428.466
98539,16507.328
24216,50008.57
56957,31276.604
87955,20733.19
59180,15013.471
27137,10122.269
73856,37590.734
14532,10004.173
50142,15634.496
48436,12188.138
40929,7219.6963
53013,6038.591
13965,40180.332
33287,18580.152
79327,9669.49
77832,6377.7827
15987,29215.553
54354,8540.126
87943,16711.605
10478,11068.629
74102,24341.621
75438,19795.098
71639,23150.229
32819,23563.115
20403,7656.7095
52868,8305.787
65927,6341.777
32880,7653.405
95024,13214.926
52397,9548.812
50885,18586.043
65555,24289.488
97776,13383.947
29822,13574.518
46569,6416.3633
23125,6911.295
25139,10036.835
85251,11852.276
55037,12063.383
45251,21225.084
27986,18589.578
90458,36737.684
37805,48834.52
27085,8543.584
19412,29202.59
62714,11283.25
15163,10941.576
29525,16751.803
76005,5572.066
97582,15873.727
21411,14630.637
61949,7909.708
63706,7895.9785
84836,13181.891
93376,17145.738
49090,39521.79
79629,12937.609
80471,19424.04
53507,22333.418
24418,17205.488
49151,20606.92
12403,8336.709
79947,10631.672
57135,21367.906
28127,29437.572
53025,18680.062
47832,33792.406
66544,11717.495
45645,22012.574
70752,9317.628
80341,17309.992
49586,22224.574
85072,10275.193
89137,12657.842
73345,20363.082
93304,13452.594
82785,18091.225
87647,20802.123
60107,11283.25
84918,9129.07
81752,6964.8623
88186,18721.426
98909,23212.02
14463,16110.988
18730,14823.714
69596,11786.421
17105,11022.225
27309,65436.508
13916,7465.2656
22304,6726.064
45183,17201.025
13968,8889.601
62817,15802.067
23166,5022.3623
61954,30181.59
98092,18976.492
33968,16242.736
58227,25458.305
21496,11973.62
78702,20853.521
19139,18739.59
27281,12469.009
93181,12777.225
76358,22845.498
11356,32556.172
58345,30455.463
42065,7721.3413
88023,8591.094
82115,48576.387
42596,36469.504
53752,6337.6284
11076,10772.012
88065,10893.158
70811,16800.129
63342,11061.692
60523,23999.123
25905,24988.348
66635,7817.317
18340,62681.863
21544,3498.1587
23406,11945.579
51597,6474.545
47257,17784.38
93159,16927.09
69969,26923.307
52852,10310.317
84817,16263.101
21699,27332.066
48879,20881.914
76098,14451.012
67101,12294.02
34039,11413.545
46245,7781.4727
55820,30921.47
41676,16380.085
55699,21313.115
31290,12086.389
55389,28623.883
79386,13842.342
40788,22199.713
60268,15034.911
35712,15662.047
96626,18400.424
18773,10920.479
36138,1670.5658
59840,19261.223
39837,46321.07
51638,15555.996
61878,12483.693
25668,33192.293
60098,6024.3604
48629,19496.664
93542,21781.03
40287,10363.952
33943,19149.223
59224,24885.352
37702,14111.163
20145,31735.334
90481,23384.412
86387,27232.635
80092,40992.15
59856,13890.446
97254,8327.84
20289,34766.74
90385,19026.871
68039,17333.85
54958,10248.583
15082,4086.0999
34385,33305.043
54229,12168.079
79943,21879.627
37883,11059.902
78972,23816.98
25153,29217.344
58056,16234.255
92952,12708.653
56603,12252.277
98902,19902.434
62965,26918.465
18098,19297.225
77704,27402.89
74634,7861.464
22138,34603.23
42502,7546.842
98971,20119.992
98046,10224.907
54240,25920.469
73402,11462.172
13383,23298.287
90963,14419.051
63808,21639.412
89547,11181.184
60395,19368.39
42466,15017.324
60495,10920.492
62912,15117.201
81447,30141.967
31799,19869.465
62668,15943.241
67330,13318.11
82421,7949.208
69207,12048.209
57505,18934.3
46172,7317.2964
13333,15321.641
88867,10363.265
25568,10698.41
70883,9260.203
36481,9847.831
87631,12969.1
51397,11638.598
52332,12345.067
52380,9994.668
66947,9024.857
25550,25981.758
16621,10063.232
29766,10887.457
42624,5418.744
10264,12150.409
17171,23986.242
87335,46762.293
62694,10915.858
43337,26359.898
55851,12413.471
76810,14629.348
79493,13386.143
55368,6619.3228
33796,9388.695
11407,11606.938
39145,7391.345
15557,6231.3286
95285,10701.29
55508,4716.519
57292,32367.812
91400,20606.77
40351,22573.293
60162,3579.6465
36446,11491.51
79515,9505.319
57701,58505.047
33862,24452.809
24738,9866.065
78429,17082.963
16717,10469.591
99771,16498.516
28870,23330.854
79576,4340.4297
47071,11568.847
67044,21760.79
89838,22959.98
38037,24664.4
84001,10494.536
96698,20287.674
74801,10510.797
22062,21602.521
60932,6660.445
19349,15880.963
44258,18500.963
43280,10336.61
38254,25354.21
17689,31753.723
40260,10150.408
76156,17135.457
22261,7583.2637
77061,35588.43
78809,10826.922
30641,11755.449
40778,13513.516
47420,32168.979
52501,13747.726
21291,13538.425
62533,19828.092
60422,19435.045
56568,9905.54
52164,17399.271
43507,11210.913
78131,10783.777
55271,17669.873
26187,17810.594
26473,7507.976
48516,8185.03
81079,24909.213
27483,15247.76
15793,6160.0854
40080,10035.79
44642,41982.87
32117,11463.858
94863,24228.295
52971,16402.885
43398,12443.341
93534,14132.847
30301,42316.934
92780,34890.652
43093,11946.636
51043,17374.646
20500,15321.641
44625,12164.422
74523,5359.801
77781,30554.658
90981,19619.578
68812,47316.45
12667,11607.851
14367,10966.448
24279,10893.833
35131,9089.377
28077,6954.2544
63564,7647.599
51459,8752.6455
70333,8405.588
97214,39432.78
21779,8000.144
59693,10950.032
62365,15718.615
95547,9832.486
30012,17488.705
65978,29402.656
32225,28209.777
54034,16219.266
34540,25935.59
75173,6476.377
95861,9454.048
47357,20696.66
75968,13046.915
81142,30327.422
85167,12776.346
25579,15837.816
77685,11334.743
65809,11818.596
65696,7077.1494
27755,27376.408
38085,15445.113
98804,13612.644
85137,9807.413
81518,22470.604
48360,1916.321
68076,5706.0894
95659,12754.635
77736,6694.785
97088,9189.693
63616,6975.149
48917,17350.74
91390,12825.44
15741,19969.053
91963,12331.112
37688,11951.539
55866,15611.22
22111,14740.059
12565,7107.2373
70951,12163.847
12129,9807.754
14673,15081.431
69265,12964.734
96851,23686.89
33247,29884.393
15043,8733.005
66480,12324.529
26960,8966.059
73059,16203.572
24081,18681.426
26574,17420.545
95469,4396.22
65752,15301.615
79849,27667.143
57207,8880.773
79874,31861.912
29991,22633.66
93424,13669.64
60247,21901.787
62517,17179.549
84740,32734.195
82247,16510.492
76450,10380.786
84296,8613.753
51975,11723.514
84557,24595.945
30371,14793.046
10948,13981.26
63402,10206.412
25353,15846.669
38332,9948.573
30102,12942.831
92239,19894.44
66811,29189.908
59871,13829.136
86781,7270.021
56524,13692.172
18374,18455.156
36636,9175.034
30289,13086.042
38691,12234.351
93934,8972.555
95920,7881.379
53597,59304.52
35167,13520.822
33322,10248.159
43336,26190.627
86914,44117.445
68221,13584.605
24216,8663.748
64884,31009.824
96756,11368.516
30000,6507.0063
69671,20552.994
18859,27384.688
59849,11703.051
93012,29360.084
58716,13323.897
67845,22083.6
53750,31757.453
19706,13032.79
71524,11586.044
27521,15091.076
45912,6936.771
77725,9813.594
81635,17176.602
16032,22273.738
29760,29578.934
39648,18593.62
13796,14420.594
67670,13803.898
48137,14969.689
85696,29305.576
42357,11325.185
13624,14688.445
72146,21869.988
30713,28155.74
48245,13701.6875
24183,19902.598
10376,56256.473
72271,51824.92
42409,31326.148
93606,10928.798
28506,7822.992
97275,8447.778
79369,13408.91
45990,15669.189
64794,9963.367
77141,14849.878
72159,20212.738
26284,29676.393
50684,65141.16
81691,9105.513
63471,12147.067
54328,11127.287
17405,15776.268
77205,6855.9995
84536,5353.4043
95550,12561.266
72533,34155.773
24719,10414.582
20531,9342.513
79252,11356.938
12822,27821.459
17393,9912.751
62570,27463.494
89689,15708.65
88973,7570.113
39289,8613.424
87228,18780.717
35444,12812.095
81550,29118.49
28725,12626.355
41405,8159.366
85448,6813.7207
52373,11261.854
82112,10971.172
53337,28814.314
38532,11806.08
21780,9858.866
52651,20131.855
29912,20872.326
30761,19089.504
34904,19665.033
54393,10613.392
88813,7568.1147
35936,8597.002
34758,10553.077
63300,21011.488
41601,42213.863
50691,41142.89
94254,25652.078
75105,8001.168
98096,14067.117
58237,9535.474
66774,19685.553
86441,36039.473
85648,19637.238
74547,16317.251
73390,27469.475
61351,6256.02
53501,13782.048
48356,13412.478
50787,9756.8545
25066,7667.7705
76406,3466.885
74530,19304.07
34869,21326.246
85714,11120.116
84899,8584.652
29516,5746.6587
43089,5114.9165
75026,11806.972
57081,16303.656
81968,8175.303
21764,6351.96
12433,10756.695
14996,7266.5376
84704,17381.207
77523,10357.217
26799,18356.922
25427,10385.827
20754,10441.698
32627,9300.434
46557,9908.946
21696,11410.0625
76740,23111.158
98435,34090.242
37312,19547.623
89439,23316.887
36923,10173.816
28380,25676.133
20036,25767.904
36568,25553.512
64807,8772.267
91453,8657.936
93060,20482.506
59567,12042.501
41595,6469.5923
32997,8143.15
75280,8456.954
23160,10524.29
21771,11341.153
28262,5717.452
15990,15697.426
78668,34039.06
21639,12412.254
81510,13741.105
30668,7432.9165
85050,15753.718
34094,9196.206
98715,10758.193
15416,16952.43
87292,21209.467
70595,26717.432
17009,13963.028
92298,17592.654
85834,8540.126
95066,14302.482
95075,9847.831
68796,9040.965
18918,19691.04
36124,6257.028
82197,12959.615
26582,11304.32
85451,9219.521
63156,34103.637
49633,12670.504
84625,7652.8726
86641,13509.733
32836,10797.467
48160,8954.245
68280,8711.073
52647,11113.974
57774,5965.0903
73151,8869.56
96816,9325.24
89516,7288.2183
76146,9424.957
43269,12976.156
89174,9624.551
16686,23998.178
49875,18983.463
75942,22432.934
26639,29718.018
72727,7037.0747
28775,23157.457
14328,24943.691
54978,12491.409
22836,31738.746
53866,6475.4146
83487,10124.861
86631,19788.574
20810,24099.729
63117,11684.044
90946,24234.086
36452,27478.977
90581,25176.139
74238,26114.281
33110,11846.87
31485,21560.186
25257,15936.175
59589,11730.107
49577,14543.493
23286,9830.091
27980,7958.5894
92682,25889.404
30362,20464.225
11010,19610.72
73980,23945.047
99055,10889.145
46462,19062.863
90422,9932.64
62886,10513.297
83147,17275.795
87935,10727.78
75519,10051.344
25083,39355.395
79596,10184.695
93621,14228.524
62852,9740.724
89054,9994.989
31044,21391.197
67533,22579.043
53208,8197.764
90477,15094.568
40471,12895.461
53782,16706.762
96230,10831.462
38338,16617.031
69589,8396.903
15461,9607.814
14005,12158.141
59252,15888.242
37202,13826.622
99688,14904.947
89139,13190.7295
11215,11350.174
23695,9438.095
81952,36340.773
19227,15908.751
79936,24112.178
56907,7072.029
17465,14382.083
18320,56899.94
88778,5212.3423
35526,44020.016
77168,20683.895
58470,24115.633
27254,14054.09
46216,12828.71
78735,7170.568
19634,7019.8477
39765,35882.137
71390,441.58847
22259,5412.0073
84702,34274.492
58547,29430.271
70934,14091.251
26198,13739.985
49027,17083.678
51302,11836.971
55532,8301.446
74776,7136.943
36542,21144.936
56975,11344.088
98832,31535.871
18069,7005.152
10806,8848.921
23797,15714.997
55128,14983.415
26789,13373.083
55544,8201.118
28520,21451.088
86189,13413.009
82967,8507.928
46290,7206.94
70771,32427.068
19746,20300.531
58511,8264.23
93431,9680.983
44465,8299.89
44446,20513.969
18055,20794.0
28430,32546.965
51430,31348.223
97864,19642.639
90764,21603.662
86669,35011.598
90518,10384.97
52455,11031.022
25183,10872.593
52501,16127.845
27942,18496.594
64917,24873.494
95468,18983.86
61999,12017.665
12027,13290.461
35456,10918.062
55672,8046.977
24640,16120.446
81060,25647.63
85344,6157.332
26990,10968.6455
77921,3672.4226
75090,18744.1
62331,33143.668
96321,29985.385
13966,10482.618
18591,13669.45
13546,5132.414
17380,27522.549
57361,24241.344
71135,23107.535
27797,32194.408
27592,4410.6577
83873,12351.944
28723,16409.057
60318,8101.7744
27393,45044.492
65254,16548.092
31420,15185.059
21250,9653.984
59898,9291.683
45312,17268.453
45793,8150.2505
67382,10645.759
70986,11239.433
77434,33784.242
48748,11497.853
74589,13742.292
28297,20194.232
82735,16474.91
74528,26550.23
67242,12250.103
85482,20938.254
39970,8850.398
80454,25196.62
14578,6189.6523
98951,11651.938
64649,16625.068
39939,20003.768
57299,8043.792
24752,16436.14
98395,15603.529
42786,28040.21
94289,26026.502
67034,38072.87
77110,31594.71
96887,15190.443
77748,18538.137
14591,15618.011
64426,7543.2485
12372,9856.793
89011,15284.484
76462,19137.652
20983,15526.471
31443,16114.301
85679,44471.28
34480,5770.188
11509,29262.754
68033,9860.095
42499,15658.23
53008,10937.544
93305,12442.486
94038,29131.947
67168,28379.725
61908,9275.379
56051,12391.431
69931,18269.143
54364,11057.954
70604,14006.803
89739,9666.191
32102,19662.287
94576,10952.653
39189,17690.354
30346,18793.717
65259,29595.885
30349,10724.778
36380,20013.049
98602,14671.784
76918,8450.033
76727,20701.771
67531,9199.719
26420,7893.64
24447,12001.083
28144,12803.025
44444,8929.7705
86434,11962.647
75426,12531.306
44453,45795.9
67082,11381.721
76886,10487.208
31572,19113.174
54613,27955.893
61204,8891.886
20714,3185.9343
11293,24684.605
98763,13430.294
75265,10010.579
78507,6987.199
99825,7741.853
62867,25159.016
98897,28124.186
20588,13596.848
75854,13257.898
51672,11134.102
90752,16746.412
41723,9310.454
30320,12895.401
74789,11530.118
11184,9802.655
51244,7575.2817
10183,14790.102
62237,21361.766
54030,43103.227
44830,22108.984
72580,39034.074
66129,7541.6836
18563,16417.094
90537,9542.413
28278,21227.75
91395,8149.8813
41676,14018.938
74230,6957.869
49372,16092.822
92689,27206.166
35866,6838.6772
16502,3987.9019
15742,57075.805
56245,47176.016
10946,16387.467
26542,25110.977
77608,7322.0757
49316,32533.162
25494,8120.6035
36511,10710.993
26136,9462.683
32056,7203.343
41288,22143.695
25550,13510.46
65444,16580.63
36027,3816.0251
91625,8146.8706
82580,26726.957
86953,19227.807
26118,24644.531
75705,23712.168
84486,8036.241
98330,17265.43
39087,18574.082
81190,14947.683
83675,5087.6685
75797,13203.336
12044,8452.472
93877,10794.111
89598,15718.748
13926,14744.16
98227,18654.596
19474,7425.0513
89086,16320.37
46907,8163.483
18506,11877.834
90708,22934.94
96990,11345.626
52346,3785.551
29541,9709.973
29181,5029.575
37341,9390.773
79993,25620.227
12648,8125.2695
37858,14604.629
67018,32610.92
33718,10216.098
69833,38150.61
20066,9864.15
56974,13836.943
58133,19093.367
65516,15569.764
45500,12451.063
80560,26330.223
18854,10516.389
50662,7811.6567
52020,15712.677
62543,25508.066
70562,10613.197
40753,7979.0547
87773,16817.518
11416,12985.129
76639,13562.718
90938,18395.717
76064,19759.465
92945,8980.934
30027,43807.51
97231,23067.926
52654,7387.3413
62313,26450.557
31385,15873.086
36095,16315.398
54788,7407.653
24761,2325.29
41052,13676.777
72622,20359.348
43384,28307.324
71357,8907.035
81108,25432.857
51234,19033.988
29283,9861.315
23669,15896.326
52124,6493.415
87136,68681.86
61843,28700.502
10850,9854.552
92325,10508.0205
44130,13349.956
56883,28053.379
65958,10522.286
13465,14248.298
94318,20607.879
13879,29396.97
83233,28809.021
91185,28047.842
22961,10574.87
46390,9317.648
27277,19139.441
39087,22441.55
77081,4235.4277
22680,13300.192
16179,18186.47
57324,13943.336
52064,19076.977
16658,10190.321
35425,12370.061
59568,10003.39
30567,9259.526
36708,13157.431
43782,10329.079
73083,9117.091
92371,24285.723
54348,12192.568
29625,5870.259
75731,10605.99
72605,24304.219
71866,33405.074
69604,9715.217
85453,14027.462
48328,15617.372
59044,10561.958
50031,14558.294
48052,34564.99
16725,12828.648
18147,45761.32
62129,18401.73
90662,10151.475
60346,12068.856
48708,27027.805
15809,3967.4312
39610,23984.94
99558,18671.232
62420,9640.568
88210,6878.6123
33034,8600.258
46848,9030.645
53580,10878.957
93843,21826.803
48730,10979.017
93401,9701.293
75078,8932.9
86488,8513.388
16048,9967.694
44515,12837.283
64622,6198.7666
75418,29143.94
11932,17360.871
39369,9341.981
28851,31984.502
98892,10620.893
98591,9681.629
28197,13007.844
42190,20824.438
48009,12853.293
28030,11743.8
18321,17143.955
84110,10486.543
21529,21527.94
77380,12916.612
13964,12356.173
94085,6807.0386
84602,7160.3945
35226,12782.405
76640,7356.5938
91321,11445.733
73800,4365.635
62071,9732.556
63032,19155.725
68865,57947.52
63505,20545.193
43135,11081.5
99994,27489.402
68121,20314.88
55818,16815.4
40872,10183.366
43336,19643.582
19716,9444.55
19874,13401.928
10898,29830.14
79794,7896.2915
27619,34682.58
95927,26329.213
75121,12003.622
55147,16631.725
49078,17671.273
41476,13612.568
52439,44753.633
62352,19169.537
48435,9734.332
40049,13303.133
25930,7828.3965
38777,32487.469
91812,18012.86
90215,10518.592
33917,13970.541
28522,22154.234
56371,13247.871
17828,18634.277
47741,16656.654
72613,23567.404
17205,9978.325
23620,25563.154
36344,20050.35
52754,38423.945
28042,13462.301
85552,11899.348
66757,29472.219
85444,10468.406
79867,15003.026
14034,14357.1455
43712,11815.182
48028,13906.656
45851,18251.547
18166,10003.013
31055,16418.908
50850,16835.092
46132,10384.123
18955,13292.588
66740,16157.193
98925,24971.89
17607,22032.57
84313,8998.707
34126,6804.081
30031,10807.511
50744,12077.794
31375,3638.0764
22827,7010.7593
75829,33132.61
58600,19405.459
64800,9657.326
27969,11737.568
57973,19609.535
80841,10336.304
10678,8778.595
53353,21117.84
34982,20605.42
27845,20252.266
14118,9783.721
46033,31488.371
72085,19367.084
59780,53385.23
78318,17124.184
98726,7106.91
72009,17861.596
30335,12082.075
52699,12040.293
74727,20146.873
50427,10527.102
11429,9143.119
96424,11923.989
36660,9492.673
28342,8094.161
83557,22488.264
16321,34451.418
54018,16656.201
54242,10986.055
65006,16235.946
51150,18834.54
92229,10526.087
70203,11998.25
77024,19896.44
80221,16335.362
40446,5059.9697
70408,23963.707
46971,21083.662
67296,18731.678
23591,11181.291
19321,25230.924
44053,25012.373
81395,9696.143
26311,7742.387
68816,12826.733
29393,7533.38
13172,3986.7915
90063,8854.682
92025,39013.61
10504,7344.4614
93170,11382.182
71223,8273.331
26224,9398.461
72919,12334.46
52378,14131.063
23703,12881.416
88209,32271.246
51537,11628.205
47516,16462.03
98577,21037.47
37005,18021.477
85179,10808.308
20508,30229.092
31677,46592.66
69309,21260.436
74177,12224.456
14641,13040.879
67686,20003.768
19079,3163.8835
74274,17852.648
66001,14365.267
87360,8361.178
34086,35145.438
22766,20657.582
53041,31657.28
74714,14868.223
32582,36796.81
81577,12903.525
97406,29644.729
56037,19536.41
23599,18984.986
64617,11794.365
83552,10794.217
36827,25690.125
15875,16928.559
33656,24900.53
76189,22979.93
28509,9296.2705
95546,24807.186
73843,8834.306
97452,10990.38
24463,15471.659
12221,13220.67
13608,10246.74
69871,13646.239
69240,31725.893
13837,13800.866
38891,5640.0327
56364,14231.361
87936,12195.407
99320,2554.2925
95834,14597.96
77097,10747.019
49718,5067.8125
87523,15969.872
76925,16289.081
75688,26086.893
64977,26809.05
81884,5930.563
97718,10459.9795
80590,26051.373
37046,7285.943
86043,11267.446
47514,93058.74
12989,14398.368
96849,11339.016
75412,20710.332
61387,41185.793
92710,8154.249
64619,25754.258
64843,16326.016
12665,11176.772
31304,18267.188
40617,12301.313
25945,16855.105
53046,17753.525
56052,15219.127
17527,93249.76
59227,12696.889
25528,7010.996
28692,14711.118
41633,17059.193
24288,16224.265
97361,15486.766
17995,7016.7686
36907,8148.944
65664,10488.834
66105,27060.861
30974,13507.004
40209,45630.766
82282,36078.195
62775,14697.141
21251,12465.038
60256,19927.574
53940,17778.758
98038,21348.504
84127,17172.498
83991,11583.094
89727,50660.97
78276,19354.273
14542,13862.922
73752,13436.764
44639,12723.919
46441,28397.85
10832,32424.406
88671,8987.322
64661,17791.146
92539,29839.209
49898,20722.34
55153,24132.67
61948,10506.072
97283,7814.1
11509,11393.132
59197,17791.434
89924,24715.092
49480,26808.854
23417,11779.712
95630,11911.755
90205,11987.503
37295,11418.355
45461,15081.542
66600,32637.836
64020,7855.2305
30546,6661.261
29732,6930.949
64791,8042.5977
22412,14506.05
73152,20921.365
92814,31165.041
30905,11403.96
91697,19298.66
12967,6758.863
63966,19822.217
46928,20333.441
73889,15748.566
45330,30529.533
19125,18129.635
85686,15473.762
79084,18664.775
59180,31336.17
58719,20835.752
98636,19409.426
12734,10232.125
22537,14615.139
63824,24728.402
75949,54000.67
22568,4025.0647
23525,26673.713
66966,22731.395
90325,24376.068
24694,24939.756
98926,20767.951
69211,7562.8047
12673,29561.244
92956,9486.9
94875,30715.705
72746,7727.632
35323,3201.5654
34367,7158.687
14501,10635.19
15768,10157.081
69326,6753.8813
30690,10994.0205
66914,7911.6377
50653,14146.42
37083,14580.546
96758,13102.486
91370,33664.523
42460,20918.678
43213,14015.676
63517,11036.893
13886,11121.342
64527,12892.27
51394,48651.78
81321,15005.22
56989,22711.762
61153,14664.798
20949,21076.453
81841,10567.238
78008,9288.565
37341,30141.967
45841,14890.994
71188,26118.857
78554,15034.995
68242,17350.74
82755,18441.197
68973,14453.361
22878,25683.162
94573,6814.1313
79199,33424.004
98967,7076.685
25119,19756.63
78101,25901.492
11376,7860.2334
85330,14809.075
42301,10749.3955
55900,8958.916
60997,18515.275
96029,26389.059
74423,40760.176
31845,15212.447
52160,7384.0146
20870,18164.46
22060,10253.117
85370,6952.703
24839,14693.442
71698,7744.3745
67605,23887.041
54287,17755.547
43852,20541.549
17936,25063.176
55293,9778.033
38395,12436.305
39333,17049.459
57645,19413.102
39981,27824.768
40070,11129.722
40313,10546.27
78347,14130.818
25478,18943.39
44964,16197.244
45347,15883.236
52373,13391.227
21073,14596.742
40761,12797.208
90314,11675.3
66456,19575.348
13398,15838.481
95927,18726.766
15117,24385.562
91963,12343.825
94398,8592.98
83487,18730.787
37228,20827.459
15480,9212.983
40106,27963.74
82885,11160.315
58339,29762.521
68256,6660.389
44845,18726.41
45094,26887.07
46354,9830.091
63121,22196.734
11893,12856.378
42812,20337.287
73652,19782.834
74407,10963.357
83395,10007.379
75825,7662.4897
32897,15965.021
73939,14630.848
59910,26052.13
91486,9521.618
32732,16015.421
86056,21079.852
67360,20676.707
59900,14120.205
45821,13335.175
77083,16375.523
16091,13564.72
72537,19129.498
68202,8352.481
87791,7733.718
58942,10116.757
81999,11965.147
96532,6788.9214
15356,24865.602
12621,25532.098
87265,10144.922
54284,10952.388
51067,10038.299
29866,13724.883
22973,19550.428
43613,21073.883
89431,17900.053
67251,6114.9585
90939,13931.682
77842,11136.455
75439,28916.367
33961,28457.994
29345,26115.217
84995,15485.732
39994,29871.666
97675,8091.183
26705,10763.955
62395,9957.181
18638,21640.383
24393,10440.241
80703,10334.7705
16120,20560.482
88149,12486.995
11598,8605.202
96281,9048.589
71170,19373.998
43150,10747.129
76077,8210.08
52074,7469.9165
37185,29975.492
24753,28779.648
21397,18519.445
37227,11931.485
42869,8788.955
83890,10370.101
80399,7074.19
43805,9403.444
51165,11099.931
41198,12968.5625
70560,14523.063
97000,10827.572
46116,18595.053
29393,11275.556
63610,22873.79
62318,32150.559
98352,21569.562
81518,21366.025
61256,8366.601
36899,11753.804
55842,25797.533
78637,21284.969
15045,16630.371
72949,50430.035
22797,14735.765
98051,7842.2056
92954,9251.266
95089,22332.021
22287,9745.366
49384,7047.0205
14169,21586.625
96448,12334.46
48337,10696.659
52483,18019.213
81473,9987.956
33847,30801.057
96228,22558.496
14157,16929.607
28231,27444.805
83429,14819.832
38116,10956.913
50875,23810.547
89031,24084.402
82530,16121.423
88724,9302.015
42197,10707.923
64766,72603.56
36814,7856.1963
36758,17112.271
27007,15571.774
59442,10761.006
80579,22629.646
11719,24112.373
26611,9460.154
88360,10824.486
91305,28072.07
28254,30819.408
20341,19290.225
98346,8705.646
39449,9643.977
78292,4890.552
19925,23745.346
73594,8819.642
38160,6102.1187
29646,13710.753
65270,10088.369
26868,23938.717
71425,22922.111
29940,19102.693
45466,6671.852
50079,9597.123
18599,13389.368
69699,13037.922
86846,9650.868
97260,29959.125
37972,21364.139
35780,8761.078
60659,7510.4565
95755,21285.676
29984,10960.961
84722,13127.671
81575,36427.707
21473,16893.584
66690,11038.301
51829,7566.077
27848,15870.323
90999,17404.371
13915,18445.656
43861,10663.051
53551,11228.89
37594,5988.461
58532,44088.785
92549,15420.093
52875,7150.5376
40933,24744.111
74241,9468.531
95492,13603.39
68263,18104.934
60806,20776.516
71151,21194.62
82204,26899.854
30238,11015.966
14931,7419.3965
41281,21155.643
61711,15696.477
64991,12718.147
93773,7743.3057
76248,30686.611
29022,13737.912
82238,5972.9004
64996,21921.47
87923,10135.113
24164,24961.229
53328,10865.47
86363,20136.143
78241,8751.542
63024,10889.124
80692,9645.946
25768,14750.019
47304,14417.382
39032,10548.505
34725,8238.42
12280,21356.434
64287,6980.077
35564,9507.507
15859,9953.637
76540,9751.454
64293,8951.911
25674,35875.8
93586,31315.754
32017,11372.192
49100,13408.6875
76904,7237.022
23878,14887.77
32439,11895.039
85492,15337.266
42126,6845.9473
57423,20033.768
17203,13811.241
37029,36497.598
38217,20426.264
32264,24616.428
25477,28345.84
79577,18588.412
63977,10085.474
61503,12189.227
42880,14796.398
73062,7762.5166
12593,23537.484
77041,11327.473
69852,34161.87
44330,34687.68
73195,14586.17
85646,21004.938
80880,16126.947
50416,13413.994
16311,11671.561
17127,10145.079
87539,9864.864
70526,21401.043
96680,11637.541
14133,14162.274
13256,48409.836
55747,15330.55
35558,13816.737
81854,15281.472
33931,10781.298
69279,30608.406
30086,6399.7637
27166,20629.672
38503,15847.902
61807,11066.326
34594,6887.35
28032,8901.094
56868,14782.861
68156,11598.731
81725,21617.791
72193,11671.527
15641,14371.186
44446,10212.82
85906,11680.36
43191,19656.39
26033,25504.87
73419,19272.957
92624,12468.418
38006,16139.195
86349,8939.6
78815,27136.88
71698,14441.811
91431,25535.535
72887,10793.77
64278,31361.47
83800,18291.031
94282,17364.865
30130,15283.693
24813,23762.082
61971,10610.274
87227,19143.617
64803,8475.3955
83504,13752.073
24468,18297.588
56945,12952.545
60430,22685.72
53501,34292.504
31374,5460.129
83636,27015.117
86213,30402.422
75085,8831.358
71374,8974.442
35027,16669.928
21600,30044.645
72481,10020.494
36886,17768.229
24616,22477.67
11916,18200.047
83301,9218.517
10227,12431.391
51182,8626.863
46968,7018.052
46220,12066.86
28611,6533.13
85758,15059.918
23510,34705.645
23130,9467.65
70836,18524.412
23369,6858.3677
36107,10466.61
15228,6157.725
64583,13418.165
49812,9601.844
53551,39183.01
38998,13971.227
23996,6682.6367
63715,16050.499
71456,16375.923
54426,13560.24
67048,27513.127
58286,27343.098
38620,9508.104
98485,21614.93
41136,12680.646
82117,8019.953
81208,17419.707
33958,14446.123
77229,16386.742
48707,26117.918
72401,7704.0303
69985,7539.5444
97753,7613.2026
40545,33666.086
89672,11310.472
88947,10366.139
73622,9793.683
70422,34687.68
72828,10996.735
52842,16745.229
91497,18705.041
64778,9806.782
14907,4864.783
45737,20235.86
20557,27991.31
55117,27077.484
60415,21958.045
47967,9467.682
87160,27658.406
76765,8250.266
68936,23381.455
78274,11490.693
98391,12152.692
14167,25085.666
46618,40693.836
48043,7751.4995
46719,16909.928
80092,7407.402
99304,14420.18
11900,17124.701
42248,13347.819
49916,19304.86
58578,10121.397
92861,12004.9795
55460,16281.661
36883,9782.709
75411,14634.358
54162,66094.875
54230,5627.786
76088,15979.388
71848,11563.889
90866,5328.563
76129,14904.534
76982,12896.348
33425,34591.28
24216,19571.154
61804,11397.166
19005,26005.0
28475,17511.357
36747,5935.8247
86736,13939.086
50891,12172.4795
18232,21508.0
49957,29127.643
32890,14023.492
71654,9391.333
88900,29921.504
68964,7613.1055
96366,20926.426
51352,16739.615
14050,20980.81
42199,14586.149
58425,11950.377
97810,6819.4136
50888,16461.092
44408,19983.594
93106,16616.55
76064,14172.887
80032,31967.982
72787,8128.971
38143,20484.584
62475,7696.444
18779,19082.979
68383,21950.225
62036,10413.465
25307,16752.611
28529,19060.15
16000,6704.217
47744,22182.244
20347,17803.006
96872,6312.5117
37385,28966.078
37049,7630.573
18160,18748.621
31296,19009.504
50434,34839.633
48715,46504.92
82524,25949.646
27563,9481.28
34045,21014.887
43118,10531.102
23347,38592.484
46639,15906.714
25175,19257.666
52803,9864.15
66302,41570.047
30970,10884.72
48969,23890.004
96362,11988.493
36415,17305.803
46567,27576.639
46196,9025.485
89413,28930.76
54875,16991.69
15854,21783.004
42865,7000.474
58937,45286.277
57482,12263.969
47167,9632.072
28671,28333.336
25100,7641.0957
17817,17513.367
53417,11311.94
85604,10859.614
26345,14326.954
80483,20874.832
46464,33972.918
78973,25961.418
50778,3964.5725
25153,15097.862
28710,10193.689
46084,20210.896
67130,11701.875
45401,17402.86
85573,35164.96
36865,19160.516
80330,16126.947
48143,9786.056
44386,10822.347
86312,8488.536
58510,19130.83
74778,16103.878
79715,19994.438
18468,11887.581
47210,13872.478
12969,68354.86
22314,16966.793
69766,16252.856
64262,30693.588
92446,7136.315
73903,24682.316
75939,14330.259
12837,15313.487
20649,18061.283
84699,7632.645
60115,33724.188
29347,22923.535
48076,20475.838
30710,13602.425
34698,28534.4
27038,6812.281
58226,9800.618
50936,15583.226
41488,28052.443
56241,15889.727
47018,11677.147
62138,14103.959
16856,13891.895
12689,18697.592
21952,21907.58
21212,1737.2196
85433,14200.167
97185,29672.967
51223,10919.135
63655,7484.8545
37742,17187.697
92777,10178.864
56266,19575.436
27759,7587.379
16253,11576.318
40074,32276.139
46830,13414.066
61018,11678.279
79777,17523.057
65402,15066.896
44453,11027.642
31061,16343.192
69727,14127.189
85809,9620.929
22312,37237.633
50672,13024.168
21337,21517.63
48466,12532.867
75440,2006.4435
63610,10924.486
62107,12630.619
75395,19735.418
33740,7748.197
41889,12414.547
23112,9916.692
32618,7992.977
57273,8392.702
54357,11134.069
73953,12768.684
32738,13783.144
47614,10063.425
19389,20047.719
78300,21721.09
35857,7434.6147
44381,14822.348
43712,22955.574
29563,26615.553
68616,15839.797
72758,21646.299
10315,41194.53
85928,27357.186
71384,25308.258
16592,7132.4243
76811,10756.392
94033,31913.258
90508,26689.19
23200,16176.085
35182,10983.108
21558,17524.254
60803,7913.4375
80735,12833.642
38461,9741.557
82585,17100.441
58691,21291.209
25348,23127.445
27689,13673.731
91096,14784.718
28684,34749.973
57288,13815.154
77066,30319.45
43615,8462.394
16908,12250.1045
93737,8969.402
82154,25978.39
54230,4862.3833
50690,10106.165
95223,10184.041
86628,7539.2686
40787,18607.043
46553,13451.789
71287,11764.618
20875,24483.168
67599,15907.689
75922,23149.418
48088,26552.143
81737,8356.558
50410,22701.984
62979,48567.87
45058,29206.396
58278,21753.242
78669,9064.142
80013,33744.67
38420,10123.292
35519,21323.201
52482,14827.497
63383,56419.93
10022,46385.41
34782,17726.79
90117,27089.549
19791,19461.768
11523,11788.779
28138,17461.697
17815,26347.732
59091,15253.917
58920,14784.889
20880,10268.326
93959,7979.0205
97396,10190.367
50430,28214.766
10325,16064.645
89010,17055.54
13840,12987.384
43166,26552.143
67017,15549.652
77723,21586.102
59191,62903.582
75417,8822.876
73075,24059.363
70135,8524.035
74628,29159.652
66443,9463.023
33269,14133.602
10719,9176.466
30337,13774.1045
19191,43204.125
55867,13812.702
99114,9561.576
67215,11466.71
66944,18283.77
47837,29057.256
81205,12876.021
72404,14246.296
51999,34239.363
16577,12369.477
31223,22491.1
72555,8242.03
38874,19367.424
52723,11817.034
16924,12870.707
85145,27514.39
80137,16589.982
87878,15203.684
33897,23684.943
78131,9888.117
75719,19065.22
25117,43748.285
50059,11149.992
83482,10087.71
23879,21207.467
51805,15551.393
53874,8293.5205
91061,12000.952
80349,7558.938
21722,7264.796
65095,3702.676
83787,35094.63
34342,50088.54
50413,9688.117
77662,36995.734
68860,20605.564
57747,11966.618
35241,8224.63
18457,13645.628
90568,14081.841
69365,5126.894
13287,11981.461
14885,19074.258
35943,15159.875
13210,13231.11
22507,34213.598
44911,8577.951
51972,37279.812
63444,31062.63
70638,9481.698
99637,7602.4976
54817,9727.1875
77386,9112.881
96944,12122.329
26600,13528.479
92059,20231.9
95396,17464.23
81472,13639.866
25333,13521.204
11623,12694.567
31695,6806.734
86095,48169.566
63396,12687.338
41595,22018.611
98886,17470.025
24304,24645.555
67699,10787.527
14320,15948.482
47319,27409.26
35647,8227.045
93351,22905.395
57567,12510.771
11708,18165.992
36010,22301.135
72536,15846.165
67254,15655.103
10265,20571.408
72985,12954.641
27787,19617.38
38606,9055.356
13710,9436.553
48141,9924.254
34714,50106.3
43574,39311.21
10680,11427.076
23607,12200.938
67834,17010.523
68148,9947.289
50786,13007.98
73110,22313.906
90728,9120.3
38326,14349.422
81497,9226.6455
95591,9051.099
22643,40269.11
15318,3098.1887
22671,30838.988
84081,8726.996
94723,12052.799
62832,9501.743
70349,14425.841
52435,8375.044
30971,8683.273
39004,11047.781
95327,35250.29
86291,16004.684
52555,39577.547
34327,30739.992
34719,7837.243
13058,6989.963
69420,16471.545
18001,55066.72
19652,8832.567
98563,8780.185
25692,14478.066
55750,14735.121
31584,13102.426
83853,21804.87
60904,11513.964
88413,9545.241
29421,7957.3037
26128,6803.769
67043,46837.863
38740,11353.181
25972,8073.7407
73292,10485.753
77734,10511.89
87458,20704.037
14271,23129.918
74227,57737.168
96925,9377.374
49249,12759.671
82777,30377.621
94208,11557.895
57680,29810.035
43804,7210.7593
61603,28285.346
88657,9507.331
97030,14857.586
60875,7352.896
39761,18996.326
89368,20362.578
98791,13140.316
54740,11964.523
19008,18645.014
83052,48188.977
71110,40124.465
53878,16561.621
16780,13569.776
39455,10540.872
15742,10838.333
69008,36958.207
49075,8499.078
50209,9383.776
35735,25424.02
44430,11423.38
86928,13313.2705
18094,6292.209
96602,25213.307
69055,11464.544
54354,20778.51
69556,20927.787
49066,6369.667
77129,11045.826
92943,10412.197
87567,11222.204
17209,18716.988
82072,8703.529
61044,7919.108
33763,14974.276
31761,22669.521
55561,15952.545
62716,11490.585
75603,24271.357
37915,13147.4375
75996,20886.975
40886,28638.785
20251,8966.091
52139,19010.64
85499,7044.6074
37262,17869.988
64246,4551.888
82848,21429.236
47597,7164.455
38021,34151.613
29215,11485.485
54255,33679.766
23008,10242.132
55612,8566.072
76492,15553.822
62319,49578.29
17158,16467.936
20911,10975.904
49830,15460.911
88439,15297.6875
68719,31584.682
94731,15090.849
66607,10080.283
52154,14292.723
46472,25316.367
98238,11972.367
43000,8145.755
10807,27881.074
33947,39883.258
14351,12810.291
49038,15313.053
62774,12759.671
43059,8832.207
42308,13670.886
31825,7513.0215
85191,8331.322
65141,6261.71
44071,9799.846
64717,15298.662
38932,10734.625
47006,12788.305
85463,7688.6147
22454,6745.932
40669,17145.896
47728,14566.347
87466,21765.008
29084,9271.745
96655,29241.45
51315,10778.629
81732,27174.936
65728,44024.12
21708,15822.288
69933,15468.812
99891,14469.127
88219,16483.883
56608,10589.375
39870,23117.451
72962,10846.901
10281,18165.467
59351,8392.764
82500,16904.596
84580,12056.419
48158,11516.807
96112,13515.232
35755,18076.686
38264,26745.713
71972,10493.155
45650,11406.342
67137,11246.977
76717,7597.664
33243,11640.598
42421,47412.727
91981,45120.42
66525,9743.28
63191,11140.772
94631,8962.477
29016,12391.077
81800,15162.545
47402,28269.729
47847,9586.868
12451,11083.905
50246,9841.383
16368,17057.17
69091,31234.162
81500,8959.661
12555,17413.254
55599,8013.5493
53990,11974.736
48924,5056.231
32087,11948.052
83361,13356.175
87333,17400.57
94390,10844.694
25949,10316.397
81080,24149.867
10621,26417.217
12023,3962.7278
38469,23860.752
39473,23197.795
72348,6729.587
55293,7319.645
88764,19482.06
24776,25597.139
65020,14406.869
24451,29261.361
25530,23642.205
85886,33302.297
52354,28592.703
64384,10112.749
41548,9601.623
92725,17867.207
17242,24700.908
19763,20928.793
35909,26170.004
79110,12407.786
27286,7970.002
95416,12790.232
68552,16774.928
41379,9895.458
76355,14961.44
14070,8332.522
44341,31352.572
98929,6810.7036
98072,25102.83
98998,23606.133
45097,9145.72
64181,21033.951
57843,31106.133
36009,10464.305
22761,13026.179
49577,13235.152
91185,17104.234
26689,24983.18
67351,5757.706
28090,7957.1104
43389,17620.637
45809,25860.05
80162,43223.34
47679,15739.468
50731,15520.79
49445,14764.602
60475,14552.698
18666,26902.307
65301,6177.7446
10910,17676.121
44991,17476.832
54097,13568.479
79268,15546.069
25540,9845.111
42269,25409.906
18412,47351.316
31605,11959.645
21359,12052.799
98407,17412.219
41869,31205.793
80892,10025.903
49041,15131.759
44789,18779.123
31281,14458.941
33087,18061.303
43869,26810.002
65917,18648.414
68636,12322.1455
79842,16190.309
78423,16174.559
52118,10058.066
58233,22384.957
11485,6953.1924
67946,17542.496
35746,19865.564
48306,8874.764
16699,14165.688
70761,15974.164
32185,17700.146
68932,20881.914
54344,20970.566
62060,22645.127
27217,9823.151
56336,8730.665
84368,31762.875
84829,6477.151
70925,16762.504
66383,7464.511
94649,34471.18
17955,13957.225
50779,7011.9907
75220,21684.947
57778,8645.793
17085,13285.237
21564,11339.916
13029,13167.361
38614,10939.786
92401,11529.847
63119,15706.996
88375,11993.812
72241,17941.23
47579,21092.057
11784,18166.912
75181,17486.754
19502,5694.8926
84145,7016.8447
86434,10729.171
49931,7723.161
78444,11203.258
66203,6397.228
91040,19069.09
95155,31322.104
57686,36659.918
58970,9567.473
89097,14892.106
42718,25471.365
12741,9372.541
84329,12099.717
67545,14395.455
23804,9951.177
47046,16964.703
10316,4205.9585
69217,8121.6323
37214,16698.84
95705,10673.891
74907,19009.686
18871,22480.72
37460,8634.736
53531,9102.818
50966,18650.75
96192,9881.525
20247,16819.75
48764,18765.924
97850,11034.449
23725,30304.105
79185,14530.011
20903,20734.451
76500,11410.939
80381,19434.047
44643,27874.775
93744,20473.594
74457,27213.863
27622,33633.016
76496,16442.91
12862,18200.44
90085,14270.98
19912,27548.04
50966,24087.033
18888,6348.522
74578,23476.02
36093,24399.156
42996,7540.7695
91580,21835.97
16437,13724.526
98809,19313.96
63078,26540.973
10458,22438.082
74799,9944.402
62622,6924.2017
65853,15208.922
41555,8356.981
34943,11349.168
74766,18534.613
10377,27178.4
77104,14011.827
23391,6423.0073
37565,12547.191
89037,10132.857
54424,10576.462
51820,14927.374
34504,30181.59
36063,6814.1313
30293,37297.457
70529,13509.455
70082,29144.879
79551,12732.282
20739,22280.486
88574,8682.295
26975,19211.047
24675,16176.085
49173,8441.849
27498,30603.844
40437,30493.71
10328,18135.21
92853,9211.978
41227,9595.308
99586,17649.031
90587,5057.1562
22782,9234.067
93463,7752.209
99341,21244.227
64748,7284.763
41697,6626.773
29629,5754.598
92813,11593.618
13081,20656.166
45751,11972.814
64122,29117.016
53754,9901.211
16402,7646.0947
19830,53146.52
49815,33896.43
36755,10238.686
73979,7503.45
28942,18769.266
45917,13635.997
61038,14501.313
64443,16062.491
25160,5814.331
54504,49396.12
94406,19757.44
32638,23331.527
10544,14022.883
87907,10487.305
72272,18338.648
66463,12867.551
98450,20341.646
51920,15587.897
71202,9354.709
74979,10201.428
28424,17290.47
82298,10791.949
89965,3268.44
73910,12719.457
69286,6649.2554
83137,9691.683
63965,9458.023
73730,19114.559
41661,12690.596
52906,14735.485
18787,18176.695
84779,15535.216
76621,13584.605
19254,15099.828
22323,26491.988
30144,4283.655
85523,19513.104
39039,23622.822
87971,7924.0737
93564,24870.457
48567,22471.805
93477,29354.729
70742,7786.829
39540,8098.993
91608,22635.05
83149,14546.382
28854,15227.359
75437,21730.121
98210,8113.395
20305,12789.44
15318,10231.015
47157,17859.57
88905,16699.043
55481,20030.893
98935,45566.66
15588,7559.533
41475,10995.963
41270,15869.835
13441,7959.3174
28349,18466.078
91204,26015.53
16686,11042.735
74619,33739.63
82328,18715.727
14980,9361.009
35028,11996.975
37811,15641.494
63935,33539.4
18126,10160.375
94716,19034.82
61290,8849.711
39411,14088.876
71046,17768.186
77766,9789.832
36494,25780.014
53951,23878.154
79337,10796.717
58426,7561.1426
58318,24431.305
38001,9437.724
56547,23288.55
58954,12487.729
76241,23345.307
11634,12824.248
66694,10204.667
14557,6633.598
57663,5367.912
53490,13574.131
32958,11914.515
27701,5574.6577
98159,23213.326
99283,18947.574
51051,17331.273
19196,16684.299
78264,11143.657
27603,7424.3716
24914,8185.4067
50665,10153.707
50230,8204.512
49270,32901.254
69370,16794.965
23435,13931.299
77248,10001.122
37120,49261.844
87819,24084.043
17251,42444.812
28085,20553.25
83297,20647.54
18315,10435.281
95962,9048.532
88632,19129.818
87993,19871.088
97197,12283.675
77972,5860.7017
98279,15015.565
99623,12218.753
20714,7324.474
72217,23931.506
80639,9768.458
47030,21507.115
51683,15399.839
57776,19962.992
24858,3964.5842
75739,26665.277
28049,14932.6
94827,5097.8716
87987,6870.8354
95370,24470.143
50902,13154.404
14389,15981.245
74367,14082.239
84758,33027.258
22306,10844.086
65847,9151.002
81361,6688.1416
83058,12575.483
13483,13027.339
84747,17769.795
35071,9031.606
72046,34621.715
61341,9119.588
97088,17268.893
66247,16575.324
76081,8067.1084
15062,10690.527
66921,10794.841
76208,55275.125
56250,47302.887
50487,48400.984
42534,10657.936
26621,10173.07
58222,25529.074
52699,11425.095
38008,15152.703
28941,10866.529
77564,12814.084
45669,2705.6409
24674,14313.462
51906,14719.39
31820,11762.201
58982,11441.438
50839,14822.298
18010,20518.514
12504,5786.4937
17035,11447.859
55841,16812.057
44981,10602.6455
52006,7527.263
94386,33378.69
19661,14441.282
63566,10277.84
79359,13315.441
18325,41303.492
67879,15875.562
97085,6556.152
14296,7356.5938
70572,19894.102
26432,8500.331
14414,7555.8853
48614,14812.416
59441,24664.295
43876,7606.429
29316,21773.486
99919,18372.375
24854,26799.338
46422,15180.093
55168,16585.537
71594,48425.15
64127,20233.969
88016,14152.546
18070,19785.035
47208,12511.981
42967,7030.63
28857,5523.2993
82200,12656.136
85043,12021.128
12506,17478.986
38795,22333.2
17724,10794.768
11464,10736.83
75747,15860.034
22567,19982.383
35951,9277.902
31724,14379.387
13715,14823.714
18044,5938.9697
71136,26130.135
26340,13270.215
85964,8098.506
35144,15783.198
77898,7517.43
29363,9721.595
96837,16461.143
87602,14710.225
78308,7647.3213
90316,7002.9375
99140,11662.505
17704,6747.1
28921,20314.102
96441,21092.084
86256,16320.35
47624,28662.234
15748,11870.957
51447,8136.6777
21599,31432.742
72774,22601.414
67251,12685.711
28507,20613.09
93657,22196.734
58274,12622.726
77405,12046.913
78967,13526.6
37927,29375.11
43836,10774.267
97762,10063.232
97554,36853.727
73888,19325.346
57843,23898.443
25997,13246.098
21043,3795.9783
15301,28061.889
96650,3996.597
96822,33283.36
66305,14034.274
53447,7915.5522
83525,9680.767
69067,10370.706
30494,11840.7705
78944,23660.71
38125,14642.641
96348,18696.348
90563,10819.652
22547,14775.907
68497,20183.96
42524,10016.602
92894,22446.799
21741,24106.26
87804,12594.485
97394,17594.914
22055,4867.6733
82726,10838.924
17387,22509.922
42165,11828.91
86912,9702.0
92112,19266.113
52943,24773.973
89848,10067.305
13979,13048.773
50689,8569.687
44109,10594.337
67130,8762.963
35619,24575.463
46452,6512.793
32746,6130.989
21832,24719.684
86324,15850.871
61173,20493.562
71089,21261.506
49483,21348.504
96753,7644.4805
10927,9069.196
32966,8836.567
95776,15407.27
35767,6448.2256
26318,9741.252
27890,48363.47
84641,11113.265
89410,10581.498
54843,9567.44
54486,11999.781
51694,9785.818
38558,7397.5977
80445,11811.358
72874,24824.854
41127,19544.3
72942,8357.424
71007,28962.615
32773,13025.647
99728,14535.45
43926,20000.23
95060,10032.776
41455,8898.84
11601,11907.139
22204,33941.57
43303,10999.627
73902,10832.843
86252,18767.637
70471,26349.672
48176,12998.366
85632,12131.44
42518,5629.817
36003,7153.1904
68685,8455.04
84280,9869.196
21529,29224.45
29284,20193.135
94448,27141.467
96469,21572.08
92806,7102.1577
99122,10398.809
65957,14205.975
91154,34384.0
93930,48845.68
87211,47311.684
75320,8595.639
29589,7721.4756
56988,21527.777
87285,9085.21
13950,15038.531
76589,13970.859
41546,16814.54
69941,28491.713
94284,11701.785
11426,10421.042
31610,13648.484
98057,7218.377
52372,9756.043
26333,9028.847
25638,10501.66
54827,10317.182
99502,22034.686
72399,12785.214
70944,20364.389
45433,8963.709
33615,8162.854
38864,23089.812
38878,7980.6455
53974,9204.991
77333,41062.785
86322,22891.256
42436,11645.198
89415,25555.596
26844,14523.53
84146,8669.155
16351,13489.497
47423,27926.02
31147,16877.05
18174,13797.052
61634,11868.43
75279,20118.73
97597,21185.666
59073,15043.275
50579,13353.278
50557,10042.541
88571,15933.163
54178,8223.191
22481,12147.495
44647,21976.428
62086,23079.633
30487,10662.012
69817,32522.445
26944,49303.137
96092,7716.072
47342,10716.3125
41062,7481.7993
39770,45469.062
39232,15382.748
27510,27193.262
72785,10253.587
99716,22744.668
83621,13483.062
76059,33579.105
20889,9871.779
13150,34690.098
76198,15480.068
81049,7077.9023
82287,9944.514
42567,18671.756
23443,6333.8496
11157,11268.639
63155,8535.115
72108,9943.154
50322,21056.014
40804,28416.111
67883,11581.32
90069,43969.96
32289,8341.726
52595,31787.373
94812,8094.161
56532,10259.922
22519,8153.986
83102,18008.8
79965,19783.617
80409,15270.538
32244,28070.756
65587,15422.059
24824,17409.633
96040,6548.5693
18877,10056.795
64882,31517.8
20155,8516.715
87347,13619.07
46994,21281.041
21545,11497.449
89546,10232.158
93750,10519.297
34592,8755.47
99796,12427.59
27842,15532.381
10396,4075.6719
32106,11916.325
45882,33032.125
73598,31977.748
84886,8868.604
35731,10298.652
23019,20104.525
93682,11966.911
43394,24850.47
42582,17963.016
26468,10872.215
10784,7228.4487
38717,9607.251
54897,20056.082
83187,14628.249
33777,17471.652
74524,10042.45
37464,24350.627
39163,23017.318
46214,28055.965
53261,15225.537
44758,18709.678
42769,32279.072
45798,15652.227
53816,34784.05
69247,22473.639
48280,11022.402
89237,20339.936
28459,20176.38
92203,11838.637
85938,11828.91
18208,7007.0986
65375,15249.578
84697,11855.553
87381,20547.31
16110,29064.703
71529,28666.92
49190,15646.4
63632,15733.766
28823,18422.115
36625,18605.29
38753,11434.527
92344,13243.362
12202,24768.352
89555,9237.492
92777,19381.256
76054,11396.267
89001,19292.178
22391,8087.025
38125,14253.54
19979,13978.55
61425,12465.899
93398,11382.303
95406,7380.158
73656,28531.014
69145,15319.481
33583,15800.274
94723,18356.918
22385,7012.744
51523,36159.613
91668,24028.96
70787,35088.227
79923,25334.389
60952,11540.685
68399,26480.924
69485,7956.957
86011,13618.266
99174,55838.836
81979,27405.953
58594,9102.319
73772,10211.822
31430,29261.111
95567,15186.299
40776,8538.405
69052,16936.871
17786,14072.669
36220,10561.113
61560,19929.078
99491,7375.8027
43023,19988.588
47029,10481.328
48679,30463.123
33418,18036.451
85500,29737.309
60254,15773.591
22847,2161.7844
50236,8078.567
17167,8847.848
92476,20794.094
10775,35488.58
41829,14619.028
53055,17348.486
60410,29106.277
66163,9297.259
58769,24638.463
64041,19282.691
48478,22711.492
18079,5883.6597
64701,8902.206
20670,9052.037
64115,9504.006
70721,26543.572
29280,17614.32
94069,8769.8545
80317,16102.937
32256,21155.664
27204,25299.043
49651,13168.294
52824,7629.303
83095,12163.971
56301,13435.499
37749,12696.266
67234,46370.055
79935,10728.668
58944,12068.292
47283,19102.768
79117,20641.959
14880,21187.904
47941,9365.476
35433,5463.6714
27523,18653.281
89261,10404.582
41229,13376.382
71569,17616.9
44410,16951.318
69903,67004.84
61145,9148.047
82556,46876.523
60701,9708.309
30606,7808.968
23456,7801.0645
50447,22832.42
68579,15707.178
38034,41992.184
14253,5785.016
64441,9668.703
30055,16900.717
12162,22270.451
98336,21153.54
82305,17208.27
25290,7224.793
12433,19440.389
45094,9131.745
96794,23138.645
60120,26176.46
63593,25547.094
15209,13865.033
55786,13401.928
45960,14071.344
30737,76339.91
67251,9482.375
49482,24460.35
51745,15821.531
71482,16833.338
72277,23458.764
19293,21787.37
23834,25754.64
56412,39919.38
86912,17395.592
43248,8738.604
60360,11543.722
34010,6847.22
38102,32732.23
15419,9846.249
99126,19108.875
60675,10936.577
62248,57513.242
88102,14850.807
42182,14748.438
25061,14164.715
15565,10336.255
14690,10253.117
53505,10787.822
55280,14174.648
16375,8992.061
98971,27467.049
49886,24146.498
45397,9031.737
64905,47438.816
32532,9997.272
36943,10369.468
50723,14096.55
70429,33838.188
71320,37938.812
53687,21504.54
21879,25170.082
29337,23674.734
93552,8795.963
75978,18547.322
89918,37567.152
10272,14346.368
19159,20051.52
53179,26991.734
13534,11809.231
51537,15020.366
19035,21910.605
61810,8709.817
70545,15703.905
55308,9433.156
14167,8361.916
38500,21223.957
14729,9591.794
90891,9161.602
73038,9773.72
93864,12944.515
78263,18710.527
87103,11232.481
10520,28916.201
99311,7141.359
70998,18455.736
75920,12579.141
38725,9966.527
45009,22678.621
94648,26958.518
76698,20071.184
82377,13489.693
87169,12334.249
51272,15323.264
18598,23829.588
79053,12501.357
27260,15756.631
35451,9318.1
22057,12244.643
18178,82596.72
14335,14273.1
20351,31660.96
52928,20448.766
80432,7697.1655
77434,9354.205
36538,14661.888
94909,21291.963
42041,17260.35
93173,7575.6543
32595,4939.853
24085,26003.705
28039,9694.424
88417,40776.97
19727,10759.213
24501,7432.146
15348,2266.7754
64877,6631.1704
39292,10316.233
58924,19245.346
77802,20531.773
65728,9274.754
16526,23981.342
75054,5371.78
89495,15295.811
56953,27896.4
66810,21731.814
40059,7840.868
68656,20008.207
97085,16258.542
17080,7301.138
14295,8037.257
98677,8295.083
31296,25000.094
32069,18165.05
42653,16527.787
64433,16826.486
71309,45948.746
95717,23403.3
75265,1676.471
52088,13067.845
67348,11744.718
27556,11847.544
59661,5858.017
23834,43970.965
86884,6677.81
95472,15791.3
45449,14762.715
98722,7970.0166
21433,21231.523
60896,23577.188
25334,18388.99
48797,24135.05
77543,6981.1997
15597,14038.895
66460,33972.598
57540,10644.627
74450,15347.101
42987,23583.412
51098,9286.561
89968,12763.253
62151,14953.699
67793,17948.549
74309,16620.58
63090,8082.1343
93300,15540.468
32870,29924.146
64844,24611.512
30354,6210.1553
30729,12944.095
25182,21543.184
96069,21715.316
61238,13252.06
75885,23199.555
31790,16468.98
92204,20068.531
46130,6656.6597
80454,4135.1157
86523,11451.457
79511,8575.146
28768,16613.621
39537,14374.763
35230,16128.792
46263,16431.541
88310,11938.023
22314,22852.625
25951,7405.9043
31350,21542.037
81836,20844.385
84274,30500.787
44689,4528.759
39755,15525.206
60847,34368.17
46233,9996.642
74820,32914.023
23598,9528.274
40990,6276.652
69158,12335.474
68571,12965.365
75329,22710.86
50989,17646.322
86162,16023.582
85506,9402.895
51623,9964.259
26191,13190.7295
94279,25277.979
95430,14271.952
43989,9077.157
41467,17097.592
57864,15749.87
25851,29452.992
29700,26217.49
26979,10140.647
65011,12004.789
13487,13853.993
20707,2453.836
86795,9620.383
31354,9414.551
76610,88726.32
89017,10793.289
20755,6357.6167
42134,8299.66
17053,6226.2505
77956,16012.02
17243,15139.484
91801,13098.978
52434,4776.8945
75592,24584.805
34383,11092.9375
55475,14520.764
36343,9676.348
39400,2503.9548
23864,30939.986
88119,24875.73
63446,3888.5266
69612,11145.325
36160,13872.367
49302,27190.244
85913,9259.715
96202,18689.365
55017,6056.5894
21194,31737.553
16981,6441.8345
78284,54906.508
27094,28949.773
40387,12918.983
34268,12407.736
32328,7179.511
13627,26920.156
78469,11371.427
72702,6608.851
39817,3853.6633
20174,7495.3853
47710,29631.205
32020,7286.997
97254,21192.703
35456,10977.844
90835,10724.501
29853,18104.934
72726,17516.293
68244,12431.094
13935,19782.21
10839,14274.265
88713,17523.06
67850,15948.509
10950,14031.524
48114,16835.63
40944,8198.902
65720,13830.412
84245,18475.871
74683,10089.746
42278,20276.86
21184,114869.445
94232,8951.66
50707,7677.4346
88889,13199.243
75505,14711.578
34325,20174.477
61942,11000.58
66028,18436.39
52732,7575.5513
94644,38171.785
21879,59676.816
89944,30649.504
66273,15590.264
43927,10411.55
29482,10187.433
19502,20397.43
85172,17745.412
12201,16250.557
99786,21372.13
31967,15510.718
14586,9948.484
81072,10394.713
80349,9169.192
27543,17893.574
89960,7356.585
77968,9823.891
66609,11989.319
39525,17881.764
88461,5561.2827
96294,15272.624
67844,36208.812
91133,10652.704
50602,13454.307
36653,9515.552
66827,7727.632
20390,20340.246
38510,22666.807
63296,10016.608
21015,11296.626
56911,33827.656
18840,13342.93
58417,24000.127
41476,24869.283
81515,6687.9766
53281,21119.152
13673,12898.286
11212,19062.123
19336,12764.746
72308,12115.185
39550,48179.906
71343,6130.827
13719,36533.527
74687,10961.0625
25319,10841.577
67178,13062.995
78602,18382.035
20300,15623.548
78920,5750.424
15484,7425.8276
42579,27217.1
28815,20471.832
65906,23656.0
58023,15499.275
74751,11011.94
16421,7660.101
71467,19650.44
90758,21046.26
13441,25717.79
36043,13892.213
35520,30439.633
68217,31861.139
84270,14409.252
90681,15674.123
62156,45429.812
85640,13697.483
22641,11070.51
47672,13344.89
61880,27166.729
14621,55058.004
41963,13687.519
57051,10758.193
74978,23734.969
69623,12376.506
77589,18829.123
89221,15571.845
70254,8235.761
29988,8611.27
57641,9597.19
10528,6738.5913
12011,28273.418
53948,30597.006
54308,18214.209
80437,11291.752
59475,13418.553
11015,12513.75
42000,10070.626
25337,10585.623
83985,14641.209
69525,20863.25
26827,14049.207
99045,-329.52756
48673,20714.82
45734,29593.012
96256,28645.025
25843,23035.936
32450,7365.223
76035,11268.791
93672,8819.255
72616,22899.307
94306,11049.968
25366,23715.803
41307,55462.88
37944,26355.367
90918,18176.846
29060,31674.723
17969,11823.963
86470,19038.494
13144,16746.914
23100,24562.201
71723,24624.361
35191,13674.849
95443,13610.785
33813,15931.03
62007,21079.998
28219,13987.419
57049,8949.897
59923,11341.136
84144,10740.151
68303,31712.03
80297,9102.474
81068,13242.331
27830,10187.433
19117,14867.582
36797,25907.3
74565,18214.535
90820,10286.214
71058,12758.963
16556,9964.674
93053,19274.652
32480,15294.102
82785,12830.298
98281,14907.732
55076,7749.484
42898,11397.069
89548,14123.924
48203,18281.174
29540,19485.146
14956,20374.885
43099,8872.353
81485,13864.059
86372,26330.006
92324,24725.729
32957,28364.197
57200,24519.12
29245,6840.5835
10593,20191.574
90951,9651.645
77889,15788.796
30160,40086.277
99047,10174.179
99260,65063.016
55672,24242.809
28616,25719.355
18623,4907.86
29942,7817.9937
45955,13792.175
49131,10000.634
53264,10750.729
28664,20500.826
66675,14921.226
13743,29278.49
68222,9387.915
85094,22099.39
86538,15732.813
99962,7947.365
88115,20110.076
54175,8018.093
62414,11487.476
84530,16190.338
57226,14044.01
10180,10873.207
59830,12325.274
41811,10420.641
38479,8019.057
97483,10021.412
55024,5074.6055
57086,27832.17
28495,15228.259
44224,9529.313
64324,17083.668
96502,5616.4546
43112,20025.61
41166,31379.783
61233,25295.824
43910,8018.736
82669,20277.523
66942,10040.077
60802,7246.5684
56046,15963.353
47888,8483.0205
45599,28002.188
95194,8995.843
13652,9109.998
20622,12141.061
96538,7136.315
46794,16210.829
88363,16587.38
45401,15106.618
46310,28591.72
14704,6524.0137
74636,11382.303
14161,27155.074
80299,8045.839
77307,19337.686
13704,25239.922
60778,20040.334
82929,12606.571
38881,17192.287
40466,16246.39
61031,28509.137
58475,41737.504
34354,13141.222
16503,13631.811
50626,19865.959
47364,15829.849
89001,9432.206
92615,7880.7
97630,13691.361
53961,6197.463
23776,9694.629
57972,8203.059
37311,32492.326
52838,7530.332
82602,12849.435
15093,33858.977
60345,34170.812
52240,10390.709
40140,16121.902
70087,10111.978
99096,22082.326
29206,8240.881
87106,36299.79
53821,31308.164
35767,19064.648
69044,20321.816
46896,19993.959
87171,21527.777
58107,25064.615
55928,9038.103
30581,7525.952
85166,25654.67
77774,38703.64
72009,16998.783
82242,14670.456
70808,55447.47
68969,12244.758
30144,12933.522
81350,24602.326
78109,6864.6475
44144,10364.365
59899,9483.717
48063,7877.1323
73728,21158.918
27230,36065.48
38579,10921.251
42082,31770.945
91821,27044.229
58566,13585.233
58906,2311.18
72954,11891.007
10838,8616.899
99193,37073.023
90333,12460.923
54329,5770.6387
39436,20047.525
79434,47959.473
90308,15439.464
50904,10176.458
49177,12663.9375
35626,7865.103
91264,49473.887
91284,13189.429
15953,30032.258
49815,19256.082
24761,6500.6606
23854,10614.96
15421,33196.027
80405,22984.184
15013,18874.992
57043,10915.614
71169,31214.773
93708,12959.755
34756,29906.953
46450,8074.198
40324,23392.605
83541,6380.2075
38500,13458.422
74232,13728.271
15829,18778.375
56859,18938.598
87234,19620.225
81435,33576.836
99874,10057.652
67510,25233.24
32625,10592.795
48007,11878.839
55407,20735.88
47837,17815.814
74165,10108.715
31562,28566.758
86930,23196.598
71550,22102.066
40835,6131.5327
33647,11803.344
39193,50807.42
37593,7522.451
48077,14020.723
49283,13849.996
94553,11328.185
57030,7317.0947
36395,21274.125
63610,14567.662
13031,14988.959
19111,7280.8105
21110,11635.432
49328,14952.358
12062,12399.185
95582,28297.65
82179,11851.449
18307,7852.2236
13387,7270.021
43824,10218.143
80030,5702.1323
99707,17131.639
26151,35220.18
49700,37419.004
29768,31447.195
36074,25421.74
48793,8271.871
81851,16212.081
62484,14610.623
35867,9057.34
16747,9982.89
44726,16882.506
97395,18892.5
55766,33676.39
14719,12325.588
88182,5639.108
43359,9666.659
32496,5768.548
96445,32861.83
98679,7998.9307
60559,67089.94
99639,16708.998
93027,14553.441
29836,8442.824
74749,9972.429
99115,18829.209
22338,15882.503
98591,8811.748
58867,13383.154
49105,62035.656
33034,10889.428
37130,14187.922
91139,10835.426
45555,10621.77
73552,15126.263
22300,32625.498
29797,8397.651
38530,9480.154
42711,21087.764
41992,30700.734
86451,9711.628
50670,12204.703
83870,20614.93
63578,19151.94
77364,9943.802
88675,9663.788
97177,20801.67
92109,20383.521
67625,19790.996
10250,15931.599
38097,17853.545
51948,12039.417
87444,22366.96
39415,16979.373
87156,44635.504
67749,16878.553
15848,26636.797
94556,6385.4546
28529,17371.871
24218,12253.559
60815,8376.475
38381,17726.473
38987,10540.714
62013,33117.465
80099,18537.19
95002,9608.584
29110,9405.373
28319,24967.453
49957,9902.831
56910,11315.312
93415,14186.541
73186,25408.627
39123,10539.816
10405,26608.307
28418,11019.078
21205,23235.46
93166,18572.865
64951,11100.062
12186,16251.764
42460,12385.792
46251,21947.725
48872,23944.926
28640,13693.615
78908,8217.838
75735,18276.326
84851,9306.81
84696,14540.094
83203,12917.865
16392,15708.866
10617,8624.669
14175,15077.628
19905,14220.175
40728,24834.744
34864,20024.383
39452,14549.108
42905,20772.822
57069,12659.998
23214,17254.352
33662,49422.766
73892,14761.1875
95939,17534.404
36520,18348.25
93693,9218.732
27806,5645.8755
81088,13442.042
26702,13002.9795
63252,14177.481
21794,12688.707
37972,11424.367
57640,17352.285
70868,21785.31
20779,27389.79
71919,8443.98
44498,21585.904
12921,5241.0444
92357,7053.4575
57386,9181.085
80469,15892.211
68598,31901.385
93439,9956.824
67154,6366.4956
98459,9446.317
45854,30484.475
87676,17933.43
61629,22182.924
38556,14933.536
34898,9082.34
28568,25134.781
36214,24515.963
74211,12101.412
95550,33063.34
74463,20738.174
42761,9382.684
25890,5072.938
24030,8274.084
62352,14442.785
64273,14895.328
83717,10865.163
91003,21181.363
49007,19033.182
89703,12645.8125
84861,6065.776
54748,16850.133
28886,11408.935
51151,19128.49
11623,9795.646
13955,11210.913
42978,31131.518
11627,19282.22
82735,5361.8833
50983,9360.381
84891,9364.176
56824,18219.0
30365,10876.297
77037,12071.627
63279,16014.229
17242,16421.818
54290,15208.653
45106,20102.475
64661,10701.95
94039,11715.104
88362,27073.336
47532,19891.568
42007,18769.121
96772,14387.679
34364,23826.703
71276,12757.835
84478,7823.569
33416,8356.893
56482,33504.34
55378,30670.742
17865,11998.41
12199,12943.445
60522,5301.5503
47523,18995.809
21480,37738.176
33643,21632.902
80973,19364.451
15731,10450.681
14830,18332.107
32166,15462.088
28145,20569.61
22061,11371.53
67089,17453.05
37301,11106.666
35134,6987.675
78852,11133.005
75988,16148.668
75445,13004.384
31478,12144.611
41054,12351.449
37838,19897.656
34236,33042.754
84271,11462.778
67058,15194.376
73954,14212.407
54542,7900.6646
20973,9617.243
26195,25639.67
15497,5358.818
13348,5372.038
69076,11085.509
27881,12611.604
42697,20341.303
98454,27198.795
82435,18408.152
84286,12239.404
60490,16998.248
42804,57003.36
34855,10317.793
90369,11332.133
41779,8032.0825
73794,30084.42
15456,11455.567
45657,40150.633
28855,11875.232
79793,15089.304
11306,6238.542
88529,6813.156
86038,27063.096
98282,43770.188
78161,22339.742
30582,21012.91
53954,9597.674
99543,16516.352
48137,14006.522
99113,14057.413
48965,15370.997
32546,10427.973
46790,25171.33
38045,11619.237
75816,26991.293
21713,13132.564
32903,13457.373
30304,25848.262
66024,18662.084
40569,6187.153
58114,19147.209
29524,9209.634
38463,12123.129
77447,11174.894
57320,19534.516
44150,11938.025
44780,10013.516
67209,10702.683
77770,12234.289
75138,49232.008
75497,18106.803
42100,11598.57
14134,24568.807
95977,18852.557
51877,13183.389
80162,11568.847
88251,19903.049
61869,18538.877
98733,38537.74
67204,17768.014
77187,24956.27
27507,35104.992
52770,10026.892
11558,17146.629
13064,10045.72
81994,7773.472
33320,6371.366
71909,12961.502
89538,16872.791
25265,18219.494
23900,10149.113
34311,38506.086
79541,25732.074
28014,8052.281
39916,13914.358
86093,10439.816
59747,28909.025
68884,6400.4126
91100,10858.77
86602,9618.919
89006,30367.484
71433,3947.4783
30745,9647.619
74938,30819.143
63219,24738.799
32235,17094.266
86463,23843.713
68585,13396.227
71647,17377.992
62067,22229.975
49230,17469.895
59788,14025.296
40420,10591.173
25032,14959.856
49143,11340.1045
39178,11243.847
22070,10962.22
96512,39147.92
35838,30660.807
28002,10786.862
41370,9836.298
70954,11587.557
47486,21860.557
25377,10574.457
74800,7296.697
57803,24896.559
16627,24881.162
70225,27758.477
86364,10372.735
25048,15124.598
23573,3122.5098
17130,13512.161
20286,18196.19
18677,30212.36
55085,6763.4185
89867,37885.36
48109,10448.98
92301,26953.229
27298,15591.363
17575,22994.29
14357,5768.3975
36914,14017.015
79775,7858.192
11879,18292.094
89069,8057.7617
96120,8640.085
44669,14826.756
19111,40105.617
48774,7723.208
28754,11584.641
99615,18540.44
31823,7498.97
84092,6085.0415
82899,18972.252
47468,7280.0464
65714,20855.406
80959,25877.031
55104,12402.254
32133,10256.766
51623,10689.427
87836,10398.964
31579,8692.647
15486,8679.295
89759,15096.465
52008,11942.29
72969,9891.349
17213,19390.877
10838,35043.316
62320,21556.117
86663,11297.068
58354,9108.801
57617,24469.936
47038,30139.926
15660,13561.228
37793,13138.282
35744,10227.807
27034,14763.496
50294,3401.4944
44492,18060.432
51813,13029.243
63185,27357.373
35070,11281.272
43302,22685.352
94639,17783.436
99507,17530.074
48762,38508.28
25958,7695.0444
64281,9882.081
91572,10267.678
66886,13389.297
22574,6548.5693
27026,24159.496
36757,18797.69
98554,25842.883
48205,9454.772
33641,6533.41
83341,6739.1772
94295,21435.666
69261,17775.928
94923,8926.034
53081,15558.364
40032,11780.643
14273,6423.6206
86832,4335.5605
82981,9002.872
60086,10558.763
41278,19978.732
98339,16274.88
38960,15533.732
50113,30899.625
16313,7379.231
25478,20975.416
72549,6122.725
50161,29708.023
43069,28021.633
90260,11604.638
50803,7164.047
51612,9121.734
33867,12527.695
99257,16188.929
24601,14922.533
49349,15850.248
63599,45486.047
49565,15900.322
76129,31229.941
72451,12675.509
47680,16396.594
66665,41478.832
45562,20530.045
82522,13229.271
54709,8140.235
21708,13106.509
38092,6613.1807
84810,13470.421
27952,14639.2
62279,13078.305
57566,7841.6543
61859,13009.0205
57594,6685.415
53910,12531.486
76880,16498.865
84773,8211.568
44776,17462.398
90495,18597.84
61738,17539.871
24164,34428.805
43279,7233.359
92498,7581.544
81419,7203.22
97330,9412.665
43040,17476.922
88060,7716.072
65261,11859.001
53519,7964.842
15533,50811.79
96516,15178.811
39041,16876.639
11713,6613.011
11884,18198.227
43433,10387.988
41763,21268.84
90897,14676.381
67225,8387.14
81115,15571.845
53377,19524.906
28047,30019.684
99381,22017.705
52336,7316.3765
90756,6216.752
48381,17632.992
93063,18466.078
93436,34836.62
89347,9776.753
63679,9897.974
80250,13013.503
39129,15709.604
10045,21225.932
51267,8126.7227
55487,8873.655
48962,15676.804
81703,29996.28
89986,6613.1807
21021,16864.295
85815,48623.48
33598,20761.549
33392,15993.341
42610,14857.826
85636,10909.501
33446,10123.292
27044,7654.8457
30613,16797.545
87852,20231.762
61337,21313.38
99330,20502.209
17829,10915.913
95919,12571.011
37911,12454.75
29108,16353.543
37023,24692.383
26515,6873.027
86670,14342.528
14885,21416.736
29923,15503.613
96030,7761.962
39748,23847.164
65475,15225.042
10648,38782.043
92288,9921.737
36579,9711.456
55779,22310.404
85005,19420.559
54772,24637.027
17167,26926.088
40002,6438.8813
41443,9996.769
69993,12052.412
88549,13509.214
85210,18403.537
97643,10978.927
72507,24547.18
27762,8699.137
18842,14335.166
81507,27727.865
67885,47540.895
89113,15188.577
35188,19547.773
32301,7942.765
84683,21087.764
46934,26152.451
71621,15064.917
83326,16964.281
88401,23136.74
14368,5777.4443
98441,30267.17
95406,15812.555
53912,14644.624
35046,18671.232
44660,8286.571
30831,22600.6
16920,11190.183
43787,10006.04
84220,6655.7935
97288,5946.891
76603,8503.79
92539,15522.533
87738,11250.497
22321,8444.811
62517,18075.959
28150,12413.897
22604,26549.527
97449,13539.778
91691,5798.4336
12104,21549.873
23053,5878.6025
64005,13890.256
27948,33546.547
53886,10929.652
14057,23465.049
58191,16146.744
86953,26550.627
71980,7046.284
65073,6890.959
36667,36039.23
94729,12934.965
74392,6152.268
27104,16648.42
13540,12173.615
87015,17739.521
28628,6620.7285
88990,18308.383
94541,10165.692
57615,10532.708
12435,21272.643
17928,18056.229
90468,14450.888
53985,10660.628
18164,21880.719
56700,6075.662
96400,14650.233
76338,17578.438
31912,5701.314
86355,10321.126
22469,59443.242
92705,9247.67
57350,6396.26
79351,28553.55
50220,8698.211
76911,16725.432
88544,12910.444
16019,18404.19
39645,15091.1
40504,29788.975
68194,24967.037
29591,11529.779
77677,11514.981
15431,46456.742
50529,24682.316
86729,7520.8315
69363,11010.631
95634,8868.118
28638,27878.36
64618,6767.855
11965,16258.432
65682,20201.43
53903,40986.457
45034,9272.179
93122,9125.689
48807,16177.04
30845,12159.764
29818,9429.887
17387,12062.053
63641,22641.686
55349,23471.078
72903,12833.741
66348,6540.9927
47156,6086.612
12494,16103.97
67265,7901.861
78902,24634.22
52221,10577.547
87446,17718.77
70731,10197.113
73448,6984.449
82429,10121.729
29475,10419.883
78070,20494.047
85563,5807.703
23844,19818.924
10317,18054.242
89532,15156.941
95722,18544.004
75639,13399.182
68572,18578.574
52833,13285.479
76538,20728.113
37430,10443.361
19640,11570.869
69345,10032.286
34942,8289.37
55602,14626.992
42905,25598.064
96954,9123.22
23105,11931.999
14874,11377.62
78940,20415.082
90554,13598.882
42283,15615.834
71145,7686.02
52136,8560.861
51141,15688.272
26348,10110.713
65775,19904.29
42787,28962.615
77369,14358.116
69045,20441.225
71047,13415.872
37389,19925.943
73716,15414.128
86523,15327.923
27810,13914.012
73158,11268.607
93814,13381.124
57641,16377.746
54546,26106.139
63013,13385.803
38022,10149.113
84395,21991.822
79372,12493.236
64960,10858.906
90977,20486.74
40000,16664.543
34164,8901.901
12615,5948.906
24767,15439.464
31164,21015.8
61803,26472.484
18934,8992.519
45346,19752.713
95347,13220.633
25920,14294.566
82169,11046.342
66445,20961.092
85797,14283.319
59316,6882.9287
11085,16514.129
82407,9566.695
42626,10713.478
78725,11886.737
22698,35741.727
86508,9918.345
33884,22705.379
16366,13382.906
80438,12646.913
43366,28597.74
11988,7665.083
98552,6881.7773
80070,5005.4443
60592,16699.238
26775,16801.314
10472,9680.114
33790,10217.489
20977,19104.67
80021,13676.738
27978,10374.839
49062,20978.664
58104,9559.105
35517,6938.238
86871,8477.514
98121,10966.589
12722,18264.41
17942,7312.7417
81089,12926.365
43408,10657.68
60444,16020.173
40587,13983.76
26328,11665.708
37383,11213.978
46635,24232.56
56650,25485.586
72843,10814.229
50752,2577.6218
87408,21249.322
26778,9895.364
39092,13605.916
22807,16360.937
71427,20928.58
88400,7407.9443
35703,21859.55
25185,14361.171
10810,39835.574
51402,15381.814
96690,3266.4702
64987,23146.908
95323,6663.583
99045,18622.271
95137,13756.451
20227,56933.434
84673,31974.031
85471,14844.224
28400,18869.49
73009,9403.066
97225,11452.266
60139,15719.403
73850,33459.875
52384,9075.143
77325,8280.4795
92824,8926.66
42631,29774.084
88910,6583.958
28975,8770.826
99555,7984.9414
93644,12810.867
87173,11876.391
71847,14005.016
83328,12307.45
66856,26080.467
23262,6787.513
82037,7787.002
73031,7220.0513
37416,8772.607
37979,16069.212
36290,10328.249
69950,10927.018
89098,7163.403
72515,25957.092
94508,27200.057
53030,6958.632
68138,40216.035
32208,18619.201
99011,16880.807
35617,46406.66
53024,17546.906
51006,6874.3765
70505,19501.121
64002,10147.922
75349,15013.297
82272,18566.371
44564,25835.492
48110,32930.203
38407,28689.465
36128,6688.185
91947,20002.062
33410,44066.598
86192,13699.634
34139,12503.375
91308,29518.916
37018,14541.877
73621,30846.018
94902,13934.573
29328,9580.153
76650,32608.719
11773,9179.878
98006,19249.936
90218,10194.404
68384,14311.683
97902,9454.584
98026,25386.604
35859,10275.193
31980,59853.363
21268,10674.417
27207,21524.803
55625,8668.341
98592,13599.317
53281,8162.3945
19188,20362.125
19103,14277.803
71098,14267.783
52983,21407.22
81388,24887.791
16656,14309.447
28694,9303.079
76002,17543.86
55860,9982.831
78431,8906.362
48049,25496.23
73281,27433.338
12424,14741.749
91686,16711.205
89030,7462.735
15518,14003.796
21081,7260.8887
15263,11066.104
45953,26136.775
92045,21048.238
21665,11535.096
34856,21525.521
24036,18188.422
39603,15123.618
10727,12451.008
40640,19161.904
68568,9707.995
18758,14906.235
89202,12293.672
13543,27016.145
77559,11678.784
70037,9552.571
34390,35746.145
43915,14236.775
90823,14766.58
11069,29623.455
17937,22519.828
90154,7944.539
83807,16654.83
85915,30704.53
83801,5999.257
65343,26182.127
38068,26447.715
24136,16500.535
38344,10908.238
54519,13378.018
99457,8574.2
44064,13235.043
30032,31480.09
85788,7714.2896
78056,8679.694
57420,17401.455
14106,31805.482
91506,11151.844
52930,19298.822
13948,19905.361
77459,12468.893
49198,3537.2615
80023,33207.62
97698,20928.281
57026,7455.5513
45399,18362.059
58889,27828.11
28226,14370.23
10085,7465.474
13084,7698.255
54130,17068.201
89336,11173.242
30493,16271.804
69267,31507.246
38354,24510.238
40506,10317.294
72848,6208.942
16622,18255.457
57657,7891.5317
47219,25311.512
87068,19338.59
87282,9160.878
83482,15894.755
32860,12238.534
58698,9551.385
14026,12127.244
11783,22320.61
51410,20410.559
76670,31631.064
76814,12244.642
98201,16788.994
48704,13274.224
42916,11246.977
35979,11273.184
37137,10137.075
64147,13878.892
88937,25254.064
52443,10415.062
17829,14624.164
50836,9596.214
37398,10275.193
83811,71186.086
16661,21344.21
14622,17829.264
85034,14744.452
45334,25498.143
21844,14479.264
48181,31753.293
47667,16952.43
32328,25240.914
59536,10582.754
62513,9799.846
25656,12712.351
45578,6587.3296
85056,20035.08
30401,30847.852
57707,15093.035
63607,42588.01
29280,25039.96
78642,16566.924
47890,8664.227
39523,11507.353
25448,14862.342
74690,10353.632
89559,7668.829
45131,6277.8975
15241,13050.087
94120,6227.9907
93663,11680.36
90727,15952.365
37493,3900.927
32011,19225.23
95160,17724.865
35086,22941.443
29940,10993.123
97160,23223.871
51685,8024.878
86549,9179.345
47382,15010.058
46929,15485.096
59993,10523.493
80857,9948.484
43930,9482.375
35833,33136.66
16192,10558.843
68968,10815.829
73878,40031.223
36880,13376.946
43806,14678.928
57093,6311.7134
35618,19725.955
66116,22516.336
96087,15984.243
12617,2662.3752
20509,12906.244
48103,16525.664
64957,19797.838
51125,8513.416
23336,11538.325
28250,14169.526
38068,25925.746
81148,23420.4
66794,9167.22
25134,14208.744
68210,26295.383
90998,20659.406
23190,7824.397
45189,11183.426
22507,9137.115
95180,12161.87
43687,14792.742
40239,16341.201
52137,12262.977
68844,22615.46
75622,15760.868
84246,42530.97
50829,21728.158
26151,28625.541
15181,9878.316
45413,7395.257
57461,19725.246
85131,10162.218
55923,18519.822
40083,13042.282
11254,7780.0825
43596,13839.767
88680,13450.3
22817,11239.081
79008,10072.312
10004,7317.2964
15457,9722.876
15836,4559.1743
65949,7936.457
40869,9219.41
34770,13839.767
31022,15973.398
51126,9573.641
20513,20688.418
27338,18927.441
97520,13579.3955
89270,10410.357
18392,31197.596
67778,51767.793
12284,22642.016
93355,16113.896
25543,18266.31
18528,14690.982
43707,9124.115
95341,7421.376
86112,6557.4834
32687,9719.938
88008,23937.156
89447,9257.029
39373,13899.931
11562,15680.169
98377,15225.817
82508,1310.3787
85038,45443.066
72502,22451.602
46102,9608.431
60983,11113.087
82831,7632.2065
10643,18475.857
82794,39835.945
78568,7923.127
25991,14503.701
55903,9445.232
61363,9329.875
47161,7642.3066
33448,12030.798
35960,11324.386
18664,13459.776
57033,16809.521
21142,14460.548
50098,5814.8096
12898,27446.984
70172,7143.5894
62423,18410.316
51381,14030.638
61178,15436.967
27493,25513.518
87093,16651.342
30656,11176.76
89906,14641.164
12536,14785.647
11852,14126.426
94803,21309.998
39057,22294.33
79797,9605.934
58212,14578.775
40633,13212.71
59355,11807.545
86230,15818.105
53146,8044.599
45754,45604.406
11367,14550.313
72290,24404.668
12969,8728.236
65967,19979.393
86159,22076.12
61405,8708.136
40713,9929.756
57974,15876.728
80854,16493.527
45262,10876.489
42706,13077.916
80048,22099.738
11652,50189.555
44182,5906.596
97582,49209.21
53050,7877.5283
84284,12148.016
22770,9200.351
57078,26086.916
95826,10761.439
59095,46205.65
32037,26623.879
48867,14900.351
32328,15745.256
76349,25121.652
93890,8948.082
12448,12649.543
93482,14751.99
16022,11370.859
88261,13922.638
39868,10255.471
57945,10876.404
52781,6858.3022
77679,15613.4375
92538,15514.171
69129,8217.97
33950,10187.433
78315,16659.404
28178,7738.2964
45364,29549.365
55698,9805.504
17275,12786.492
97838,9470.115
98743,17282.402
80375,10101.797
58906,12443.924
86588,12851.141
56725,9770.541
74872,9947.357
11795,37232.375
39037,16862.041
77801,23206.896
54086,74606.836
88733,21912.371
20734,9230.84
45259,12608.874
66013,36250.906
26737,29272.826
18290,18123.846
15027,13143.82
39360,20513.969
46751,11350.634
76832,9521.983
18339,7278.4067
31712,9565.0625
51419,13760.778
19454,10735.181
82523,13888.201
99278,12490.243
79088,5311.6265
40554,18710.523
34600,7852.339
92547,10219.0205
50639,49035.2
85642,24605.707
71261,17446.111
95412,46231.39
18636,18023.334
67312,6193.26
56779,8284.459
26203,20066.182
56370,15995.8
47249,7218.3584
33383,21004.682
66263,18959.744
80758,7833.309
48382,7747.6265
75862,13578.483
23431,24785.836
61121,8198.68
97186,7233.114
12645,34683.28
65561,18753.848
11346,16565.008
12510,2538.7183
53248,15465.474
72079,4361.717
40838,3278.4744
97856,13464.315
13753,25166.113
51234,7180.5747
20809,19529.46
55203,10046.989
31168,11340.1045
55426,7231.7075
45559,11906.238
13113,17575.102
39534,10760.389
52730,14368.421
12991,8819.333
95071,11196.278
17343,30272.295
46090,23925.879
86875,23528.139
84847,24114.197
68814,9218.186
29586,7797.3423
28769,8097.358
52298,16484.205
77138,6905.432
66368,31511.152
73176,33222.03
86326,35519.816
75361,7543.8257
10001,10073.665
17879,9299.535
64331,20671.492
57874,13774.856
25649,14985.737
37237,30371.3
76346,9089.377
71167,11155.085
83279,30496.479
81758,25438.455
27455,2632.6926
16407,3280.1846
76149,6298.6494
39161,15109.073
98609,29394.111
23119,16329.509
32941,20351.863
15252,33486.363
81048,30961.375
23112,22308.47
83124,27213.383
19626,16813.482
43859,7547.605
54574,5733.103
95101,13172.856
66424,8662.274
63399,5891.3267
27590,16832.78
68423,12581.51
46661,31911.488
79391,8223.619
12383,23199.38
41065,13531.795
11926,24043.025
28424,15018.514
30222,14754.881
39326,18693.533
41798,8500.5205
83560,7820.3145
78946,10390.108
16214,15082.642
84605,12391.082
63270,7368.05
45509,31302.008
10525,14485.184
38460,27315.707
31928,24984.863
55860,11575.003
62448,6603.303
78093,15913.136
31384,18619.877
87499,10606.909
59969,16395.3
34830,13851.32
58354,17605.604
43109,29614.492
19340,20812.377
89246,14419.672
76821,43734.17
74394,19069.03
32721,27005.873
36154,29857.146
62807,13736.028
58438,5328.563
32782,16439.426
17636,19677.8
25666,5651.709
66165,19732.385
38489,14609.7705
28610,21524.125
51872,9125.373
44038,35553.664
36726,11771.026
53124,15210.519
70810,39822.652
12061,20667.406
51814,16142.498
54620,12978.226
65664,19145.986
87910,21241.611
73014,10019.229
59879,27960.326
68381,14471.123
47817,30321.814
16615,11512.041
22848,23662.752
48276,17867.81
78234,15306.372
45707,10201.08
40766,32302.5
77596,5264.376
35824,18777.082
22643,20733.393
19842,13210.951
87013,11011.643
12226,7212.0786
48631,56860.008
15146,12655.96
67028,24153.979
18780,14147.251
13833,13591.798
53430,9427.53
26209,13470.998
50138,16503.63
74488,13327.722
29714,10380.831
40922,7623.266
41041,15401.189
26210,12628.361
11840,9566.259
41682,14271.227
94851,6510.341
51210,17853.072
61736,12678.431
97779,13493.344
32265,11552.379
11402,15795.556
80614,18263.285
69795,10652.012
31548,15494.446
42576,15971.023
64086,7362.317
58120,47515.492
91570,13685.274
73439,20479.127
83283,19637.674
84551,16525.705
16994,6634.219
46461,3599.2134
80533,9542.718
86135,16604.992
19123,10681.295
35420,2265.7324
92658,11799.638
52659,21109.006
44174,16792.467
17169,27303.705
51625,22628.545
16551,15610.974
44070,10366.276
53174,11032.851
27550,9504.006
72502,12780.895
42303,18487.027
87889,12874.366
79305,8540.126
86663,17750.209
68736,10448.468
28897,9304.605
88416,23678.092
49490,10126.348
54907,11028.456
89194,12763.856
17241,17132.258
63272,18942.922
90894,14701.688
47198,11213.852
42029,8359.929
29192,10376.706
19104,12563.316
96530,7685.933
27981,15633.102
74046,13137.236
66532,5683.42
52516,49032.9
25571,14164.33
98128,9957.335
37579,8062.756
11832,31821.107
83234,9953.988
89500,27563.09
62680,12995.169
87206,40045.008
60828,15822.689
70219,11119.462
86575,12317.095
34375,13928.77
54917,21176.254
18059,2770.1018
89467,14382.488
97922,52455.11
18326,7484.127
91120,22581.053
88489,12130.462
88997,11217.8955
33573,13408.669
71027,14999.961
81175,22662.387
81442,26441.219
78220,40742.58
59219,21872.857
20157,17008.973
71619,16472.625
59024,13049.882
16918,14009.796
33210,33391.023
11282,6072.6167
87335,8866.162
35477,34264.375
18655,13874.239
89022,30212.36
54078,6607.419
50587,18967.336
68120,10646.431
10805,39269.844
37275,14392.825
99319,11590.945
82326,7331.219
12551,18093.148
37337,7455.3726
30186,6106.217
80703,15816.517
57607,13270.361
33106,17728.457
83902,9623.799
26707,8338.166
28411,10374.891
68070,10737.353
31955,19244.35
11699,28271.947
31317,21066.744
67885,29275.621
11473,36561.98
86909,18867.016
11762,30084.441
81736,20638.785
99690,33441.203
71686,14051.603
34127,14855.204
83656,13349.047
73479,14613.41
90895,7353.6494
22480,10001.542
24229,6372.285
34976,20676.416
81772,18124.652
75192,8313.936
53451,9984.694
25252,15936.587
82503,29006.297
29477,9553.882
77309,27670.807
83062,25345.504
77825,10945.197
19583,10238.985
20969,25096.688
10037,11768.413
42544,13576.922
55273,28923.213
35610,9313.564
39258,23807.85
50195,27526.639
94658,24493.988
19108,8361.178
56688,20579.262
73136,13797.973
93245,17391.2
36877,8123.7026
50302,16706.17
74610,24947.24
39572,18127.086
13566,4278.928
14425,8897.174
48741,29465.867
91333,9490.943
18908,30001.328
42307,17321.465
73166,30891.645
32150,14524.009
40525,12596.171
96792,29410.4
83338,10535.239
88319,19323.525
91545,9643.254
60499,16281.256
53706,14454.108
47668,21132.12
48144,14142.563
94361,17750.615
53291,27265.82
41605,12582.664
39332,14867.801
27060,31690.506
66300,13234.409
80637,13212.543
71486,18594.363
92792,26413.812
32975,11653.859
84445,4078.7915
79698,13310.405
59059,20743.209
69359,6695.8936
62673,13868.029
65232,9597.12
57723,6956.7256
57831,13495.62
52977,11035.761
10638,21069.059
73541,9025.667
31018,39822.652
53368,14374.75
39917,17833.17
83848,19033.326
13454,10832.103
79955,30136.695
25995,7733.9116
49875,14007.419
17634,8820.501
91620,12293.107
96575,10227.325
24427,11718.571
68785,27725.076
55827,6099.793
82257,11623.046
99327,21786.482
94774,28703.287
52445,10021.12
94781,20742.973
52577,16256.265
42690,5716.5977
46675,9856.572
19691,13119.417
12781,22826.445
64791,9948.484
72468,6373.251
95513,10242.082
20770,30268.0
46481,4729.5806
88837,19737.34
45275,94579.57
70368,38591.793
63142,7965.392
36937,31623.186
54649,10988.85
77011,11519.908
26810,11322.5
37342,19077.867
76487,14349.422
41620,27726.184
49485,17246.459
56576,14277.198
46719,30184.123
89809,28741.127
74384,9754.083
18436,14679.099
65058,11008.884
52332,11852.52
13731,19719.29
51833,18738.566
98968,9371.9375
14439,34079.4
40468,23059.688
84834,16197.468
13940,29126.865
92859,15081.012
47830,6276.316
56222,8028.964
16539,20640.03
55595,9812.829
97380,34165.797
43083,11054.702
95740,10300.585
66495,17152.771
77826,17896.45
73239,8690.541
79076,1635.2461
57648,17695.932
95678,8179.493
39060,33158.918
73010,20788.396
39033,17489.527
38644,17445.656
59430,34902.562
29631,7771.94
91137,18189.775
16581,10381.222
22286,19324.773
41756,37524.395
88109,16128.083
32503,8011.26
12326,10121.4
40114,11591.508
19307,20301.648
26240,1814.7147
86075,10533.396
73196,11050.113
26985,10795.976
69959,9582.463
97713,15297.719
23835,23444.453
73776,8523.111
16255,11320.254
73972,20152.787
29043,9235.512
37568,8291.742
25734,25946.398
26651,42224.223
52710,11127.31
96160,50430.035
99452,10607.654
51751,21260.625
63913,4386.397
25358,27966.61
87716,6848.523
18715,43640.57
70993,9489.982
48577,17865.258
88315,21404.541
50700,20951.076
33740,13169.734
62390,16623.035
65758,92139.766
98028,18625.555
97769,27802.477
73103,18076.756
93776,9569.244
89537,8700.108
50263,12566.171
22801,10696.282
14273,19434.979
17361,35402.426
45896,8443.914
83974,7604.7397
11342,14635.905
50051,17104.824
75662,10211.896
15602,10951.519
71140,33565.242
34338,14349.6
73754,27378.682
30498,9597.55
76451,13410.912
67683,8545.478
11289,20228.215
60559,42329.66
15375,23544.34
43778,7249.7915
73006,16905.053
45645,11560.235
74590,10723.286
46600,26134.83
10581,12079.422
80708,5849.606
57144,13524.223
58002,43270.0
12365,12369.477
95187,12413.017
20958,8972.881
26652,13832.437
72738,6963.1846
73609,17877.38
20405,16950.844
89620,10815.829
35177,9443.929
34046,27710.766
57023,3560.8997
20957,11847.946
53658,11756.916
28249,20376.79
41162,11246.061
31018,9211.978
41112,9329.875
21637,18900.447
66542,15106.229
81225,9756.677
21484,13071.485
45938,9577.166
97268,11822.736
94508,11529.0
56048,7870.224
59662,5299.8276
21215,11975.703
54970,21157.684
69121,14746.606
37824,13180.58
83821,19685.244
92848,34992.5
27377,27903.861
46455,14374.834
89280,10388.562
50008,7669.538
17502,7447.545
85306,10149.113
86130,12767.166
12709,47430.09
18417,10857.226
25333,12135.164
96517,10800.348
30341,21409.275
53206,10185.82
32576,39839.836
93658,8688.08
21607,9378.712
92959,1108.3429
84120,16148.013
47662,19453.938
18829,23064.527
37047,16996.26
48108,27515.945
48237,29927.818
61890,18747.744
76321,7520.8315
63005,19393.307
29170,13852.647
43440,11984.421
80909,16766.967
87816,11221.601
56493,11778.93
40061,14800.047
90593,25540.367
21771,20674.645
22192,15503.723
20613,6666.3164
98771,19274.053
73815,6785.9414
61666,13855.115
63247,19279.86
87951,16489.648
55096,24389.205
54185,21585.898
65703,13298.806
35867,14053.599
50059,11284.416
57823,31334.742
67947,31510.734
94295,12083.403
45384,6516.0293
62210,10116.025
72606,11461.839
70349,10706.734
95264,11538.651
68608,22700.445
58283,15818.577
11339,30095.033
46286,9002.472
74081,10680.35
73933,11653.859
65022,130751.98
54157,12089.944
94210,11865.549
29995,30395.184
14396,13383.195
18028,9303.12
33895,17406.266
15329,23429.465
53859,16530.312
35888,6357.6167
10170,12604.982
32803,7154.8906
69080,7310.4287
62000,18137.943
67805,16034.809
46607,7748.197
28997,10072.078
68891,11417.085
61035,5751.679
62346,12564.714
76138,14100.419
26674,24670.568
43124,21141.268
71376,13770.202
74330,23585.506
85141,9452.24
13792,24797.441
65266,10547.672
25916,6739.4937
49037,19365.658
52164,21190.19
35653,18183.203
39502,24670.863
85315,23411.234
27901,11827.215
98212,7045.9043
78532,20951.22
26700,18170.027
23214,10387.828
79364,35189.02
60702,8322.082
31013,9460.13
27092,13218.524
19458,24580.533
44068,10727.441
61815,14677.244
61063,8016.107
27959,23266.87
21272,38895.11
34235,11943.655
36961,8946.778
22537,10089.746
27459,10620.733
80491,17572.137
81086,21430.572
39044,27124.709
54191,19552.623
96182,13421.308
66171,21435.818
35183,17357.684
34441,8523.235
86865,19663.703
42573,7145.898
17786,10414.632
88159,20208.51
64795,15687.609
99418,15509.431
15581,23230.592
76656,13860.4375
56680,25835.012
43596,7134.252
12599,12005.411
66287,11456.97
78724,17954.31
58774,26609.482
37998,17864.105
64854,13042.239
27277,21635.984
51753,20214.797
28580,17448.846
98882,6669.9033
11183,22318.178
48307,31697.416
40991,8831.956
26001,10901.779
37908,38641.754
18619,9722.491
69590,24615.123
61486,9566.53
59130,36286.16
80271,12781.864
71736,33286.54
97604,22130.916
76988,29989.389
73351,20604.75
66419,17121.486
39437,19742.168
41136,16540.727
34314,32313.904
68158,18363.533
34887,7254.887
65795,10862.815
94841,19121.832
96772,12654.246
62789,42139.07
37945,14129.365
86405,15710.262
11029,7968.8574
73485,16365.034
67787,39230.23
77161,8019.1714
56795,18613.92
60685,13268.65
41976,52540.613
94907,31967.982
77356,7025.9663
72300,10675.8125
75542,47744.273
18880,14455.604
74347,12084.421
84141,24311.803
91165,25604.082
86089,31945.578
54669,19007.93
57855,17915.414
31763,6776.466
47308,16847.146
47018,10068.769
44629,9140.267
34639,5331.901
12637,24641.268
46147,49427.664
10310,16012.988
80925,15373.372
78355,28247.338
99166,39024.863
27970,18378.062
15561,14580.554
52911,22101.383
50513,23421.875
59010,16798.346
34328,7855.637
14228,6824.5107
69963,18016.084
97746,18734.375
71354,24658.744
29631,6797.3594
72925,6632.765
13491,10566.745
43364,10199.441
38597,15870.323
86374,24749.635
46778,9167.045
55255,26258.438
99861,7376.1714
88373,17226.5
48669,18470.809
32869,25199.86
66588,10735.394
89692,17967.855
85199,29866.365
20416,9418.344
53185,9353.402
86561,7958.695
78146,10904.107
72650,14636.321
67651,15181.103
38448,7642.617
23677,12033.214
79107,25671.252
51184,5363.465
27915,16204.995
68147,16181.319
55606,20199.97
56032,14563.297
82542,8721.447
87639,11790.519
75586,21617.96
42295,29581.338
16112,12776.902
13677,8215.899
25925,4008.1196
25951,18253.1
11432,19541.062
36402,39964.66
56711,23810.9
86838,7690.155
71478,17009.309
14750,16030.225
61747,8774.88
49943,11342.326
68071,11064.385
65760,16075.333
93203,23614.705
24099,16702.979
51161,10920.094
10064,6562.8657
76776,8452.376
88362,9918.704
35144,10217.119
82043,11608.998
89463,21762.125
24812,26187.72
39363,22030.756
24615,13111.857
80815,14429.6455
97222,9049.831
10957,17111.266
19528,6108.9775
32135,9545.852
17415,15534.207
53488,9287.667
45147,10231.021
86633,47460.996
31578,11658.898
73843,19386.145
88872,25044.914
45243,9645.902
34833,9807.184
65749,26141.785
24023,6580.83
92293,10173.816
89547,11344.093
16601,12255.582
73306,7558.5596
60524,11669.197
83147,23383.342
55389,16771.871
86200,15870.484
50145,19143.291
18646,8189.1025
59359,45294.363
74264,7925.712
50859,17967.855
51596,13524.6875
25740,12248.689
89854,31869.152
94360,13161.621
91181,7566.032
36152,25694.959
41143,10436.223
62691,13215.596
80397,6951.767
68875,17048.967
85386,23751.344
93350,13526.291
44985,16179.898
64591,9028.843
66210,28498.793
18913,13196.478
32613,9967.851
59771,29906.031
73814,11061.388
25403,11113.974
52435,25809.338
68989,50900.438
64494,17811.867
95822,16436.18
77096,6712.79
99962,29674.023
44729,21282.803
20786,7358.3877
33089,31194.86
26586,21755.898
62904,20794.955
62488,20856.922
65920,19443.305
12775,20393.068
88784,15205.426
57437,14561.491
35070,11744.671
73993,7706.489
44790,12273.447
12424,4212.4136
68914,10993.464
34216,8050.5425
60057,10546.782
76857,10058.403
87148,14196.67
95777,25422.21
88274,19657.252
29053,14119.678
38164,10186.666
17007,27005.709
18877,20437.094
53929,15137.158
85792,17403.58
30255,14857.068
75208,24433.582
48581,32683.969
86097,27086.03
93068,7893.123
11617,18721.426
41322,13435.821
67372,28695.336
90762,31452.709
74500,7425.022
40440,14921.555
65790,14691.693
77787,9120.69
49531,31320.676
37274,9718.994
44939,11929.983
56342,7664.6255
87960,13922.422
51857,16266.343
19577,9733.686
42862,28172.17
34199,28788.693
17781,9771.897
89184,9682.776
12799,18798.742
65937,5709.5366
93953,9717.89
44834,6504.0576
41778,26955.395
26989,7954.367
54092,9900.694
93540,30694.092
50693,8528.37
60940,7523.758
89163,37375.523
66543,39851.96
64890,25182.342
57960,33449.9
34753,6615.972
97110,11565.936
70068,43517.707
59568,12928.723
76441,30910.889
98796,14491.748
72629,11742.133
12315,33020.14
16679,12410.835
20952,11123.497
46682,8695.79
90230,11062.252
20382,9135.26
10745,15773.194
88101,32677.545
32256,13827.767
51383,14516.628
72305,12050.524
27444,15196.611
28725,11990.432
83372,35390.26
75253,10989.344
33902,33583.43
20235,5972.9004
86955,8948.291
62400,28607.928
76410,10036.749
52524,8998.207
19509,13297.169
27205,27333.736
70862,17598.445
55934,10481.765
65311,41568.24
14469,18535.13
38061,15434.052
39804,19111.6
26082,10622.312
83356,14681.682
24467,9633.215
57750,11590.945
70030,11761.69
60874,22020.283
58548,7882.669
47164,9392.756
50997,22014.629
16209,9668.99
95171,7408.4717
62837,11027.305
54560,28822.059
27938,11198.728
36258,23599.639
87469,13853.104
44946,23702.156
94645,12847.398
27028,7940.9727
21392,9481.803
34629,25116.814
54774,24411.506
14996,7323.5967
29559,5339.894
76048,50746.375
19916,13064.081
52738,7098.74
84682,26613.492
38000,11965.544
10560,7894.108
71221,8184.144
97623,12463.302
42728,27043.123
35807,18100.736
18274,6121.704
80393,14838.356
37580,18150.014
99941,10257.1045
47810,9192.121
52881,8660.646
38463,11098.039
15494,22425.781
45353,7745.917
14255,7140.8037
22001,12409.925
83332,14669.284
93544,7454.2534
87012,24014.297
96121,28297.334
26483,24899.207
10569,9794.774
62669,29281.406
70554,13568.176
40356,33768.62
42680,6204.231
12953,11821.857
11929,21047.824
41386,9492.673
64294,12399.215
65556,12679.76
59201,9935.986
31029,7313.5244
84845,25133.764
85601,15378.503
87055,16147.639
75096,12668.037
88481,12979.188
21560,10369.678
29939,16126.947
75006,10913.329
12069,5923.7812
96317,7843.932
73636,33916.56
32344,9434.11
16155,18233.023
27070,6576.622
57046,15728.214
90823,30428.908
29837,18110.498
35841,16820.863
64002,10324.835
64820,7150.5894
44785,6690.0166
31127,17186.225
71608,8174.1543
18023,17733.137
65575,8377.307
97317,18890.53
62907,38553.402
19465,10392.136
39652,19400.625
96256,30604.635
18743,13287.567
72310,13672.476
68015,9934.008
59274,15002.452
26214,10812.745
48510,8488.367
11840,9745.8545
60369,2588.516
85147,12404.283
13609,13643.105
22762,26507.125
63269,29605.172
42907,20926.424
69686,9568.885
12666,31497.031
61497,11849.088
85038,9902.33
65968,10208.997
47503,30955.754
95583,21157.27
80246,26260.734
98829,8027.217
39877,14891.558
81275,29367.7
34570,32356.73
86885,22275.498
44490,14282.027
89862,26712.93
93892,27788.975
69473,8056.2344
95808,9385.296
13414,21937.398
38514,23345.307
38175,17767.717
98685,8836.567
27186,14412.368
99184,6923.918
53585,8877.844
44927,22081.086
25748,7424.291
90752,8740.574
26775,8272.115
85357,23485.625
42709,17233.639
27055,56289.203
95894,6134.047
63961,15919.336
17899,7419.278
88248,20593.625
81696,24224.04
41896,10875.922
20346,16195.258
64353,15557.616
97835,36181.887
99374,23486.305
36675,11635.693
72408,14072.059
75612,16702.574
16481,12030.021
79548,23343.193
83979,11957.487
87080,9161.359
74428,13391.227
95164,4866.227
43374,10124.439
57700,11647.78
54890,13610.785
27529,16347.3125
39039,7743.424
21541,10164.4375
62414,19013.201
27325,63989.6
98606,9279.042
47581,8885.487
68423,7082.932
44449,9493.681
12538,17986.615
35051,37947.523
84793,7467.6167
85660,14597.667
40238,15789.029
83468,14753.531
12091,14014.721
87642,48338.926
99560,13886.48
45015,12148.226
93533,18550.662
84941,18586.594
99518,26624.01
64270,11921.925
14109,14606.653
59833,62559.566
34314,9953.402
72723,11222.252
42631,7630.7856
80171,18631.027
44688,22339.172
92813,7770.4106
53060,12546.005
68736,38244.082
88475,52324.566
59887,9761.741
69956,17146.12
21550,17171.979
14013,9268.327
93293,12189.871
84172,12090.576
72874,11613.8
39993,7258.7017
76565,9113.493
14239,24145.586
57884,21997.254
46551,13716.094
87855,30064.557
96923,11569.334
24872,33613.367
49386,20975.096
19631,18848.55
17196,15766.082
41918,26823.084
23468,26046.182
76708,25600.285
36263,22183.055
88247,18847.297
19656,11121.673
16492,6670.936
55132,20919.549
49453,11756.192
52019,6435.4814
54943,9197.6045
77013,11898.109
22637,17254.254
37539,7387.3413
22880,7157.59
39516,31616.752
95021,26220.324
95855,14256.49
81870,14589.722
94504,15260.013
30681,19382.328
15998,10599.628
61188,12711.524
31860,10559.866
33548,29431.178
66421,14676.683
60616,25508.89
39457,10833.729
59650,14215.772
97035,22678.996
68771,26359.898
88451,19000.559
26582,8663.017
12299,14711.618
21627,20313.006
41493,8966.284
59018,12538.458
86528,17778.924
60838,8988.727
93694,7530.3813
25290,15838.714
71767,8538.7295
80696,12561.651
45748,7511.61
56615,23511.521
58375,52565.0
16833,11714.409
22657,11791.883
99382,11043.566
66526,10709.543
40522,17337.564
57478,13126.726
84063,11387.943
55125,19868.586
26775,9953.637
29242,9652.876
21672,20210.371
87618,40830.18
50336,8724.845
55138,18431.992
29629,13809.353
97938,11471.628
63506,13413.009
35255,11714.581
20485,7307.115
82156,22524.936
97283,21261.574
35343,12369.477
25417,11101.425
30336,15799.12
67005,7135.4844
93384,23728.432
66575,10043.934
64653,41317.71
60784,12397.581
67041,6974.1084
10608,2573.2322
17218,30575.346
77673,17891.16
44342,9167.014
71570,33955.723
67711,29494.139
61296,9900.544
27858,19192.11
18307,7447.545
18187,14472.438
77047,57315.82
59202,10485.129
83604,15238.186
54347,5847.542
33259,29255.416
74646,19585.92
41745,15512.828
50455,34967.41
27341,7037.348
20394,24373.662
66710,23729.168
30953,22575.678
67815,23661.873
81610,20937.152
80647,14928.405
18662,15319.955
32411,9451.942
43870,17014.99
29094,35516.375
22135,18913.049
28045,23781.71
91353,11667.713
59613,25118.652
93405,7359.848
21481,9870.463
58237,20459.1
86335,14142.41
13452,14101.842
82526,35331.457
52370,10742.294
18498,13754.102
72296,21211.955
18521,10962.888
52216,7513.7173
34900,18291.166
32876,16471.533
80822,20353.5
63760,13414.066
72317,24115.164
97219,14808.811
60172,20850.441
37305,12415.071
12001,5295.9746
15660,13633.396
69958,15052.773
85221,6256.02
35812,14715.468
16834,44350.273
19693,20280.172
95808,15852.312
53245,16384.254
78483,11460.217
22170,24272.998
79224,20175.416
37290,14756.792
73622,50720.33
52088,10758.938
39853,18061.8
86974,7604.419
39139,11458.521
39022,30214.479
12060,13284.884
81812,14691.183
33523,16219.962
71572,15598.978
46379,32327.152
29664,20988.268
97672,17365.117
57444,13327.361
90192,11467.039
81280,15004.017
28221,9878.265
62338,24271.07
26282,13256.048
92235,17407.838
18568,21632.547
25939,6859.863
53032,19964.928
52475,19820.066
72960,6911.5176
65042,27621.922
25269,49008.188
78429,42804.285
40135,21322.852
59681,21901.787
68660,11349.866
57535,18089.406
25137,15545.977
81280,30034.164
24393,9418.673
26025,12377.549
50162,11536.68
36686,33017.24
78674,70875.766
40257,13146.184
95051,7259.315
72862,14629.891
23666,11231.661
97664,18108.043
36094,21206.9
87378,9728.581
67281,17736.8
10195,17017.535
52901,7254.551
89789,14333.957
18245,12140.69
75496,21143.623
66690,13677.02
28825,13826.726
54237,6558.006
12696,12677.59
25198,10472.99
19003,6874.338
51247,24028.309
86647,35402.38
97881,9243.208
89527,11884.206
62529,29692.955
65781,11639.885
51102,8662.045
45759,23853.35
45129,19201.5
44266,16513.572
26776,12916.649
60983,15430.261
45222,13395.3545
47063,27918.201
74196,20054.719
58352,24717.268
10119,7207.9785
74343,20937.002
79679,12119.407
85485,19449.926
51953,47734.434
10633,14513.113
83137,16439.389
26939,8454.05
77756,40261.29
97363,8208.559
78152,6572.0137
88140,10211.822
76079,21665.39
10586,9366.953
34603,24239.574
25965,14637.904
90983,22571.512
57859,9949.493
71770,14058.339
80615,30730.064
95142,8760.333
38612,11135.611
43498,28032.8
58094,12529.009
26020,12215.206
30152,16143.644
78536,22118.348
20667,64621.824
61878,8304.533
33763,17240.8
56778,15805.764
98169,13176.372
89020,36068.867
38504,11961.9375
93284,13303.716
79982,27132.596
43267,8281.772
38315,9845.781
88818,5337.276
96454,29596.947
98772,8949.032
44166,30574.389
50527,30352.262
86520,13337.656
25721,12386.148
72350,8505.999
29709,10601.82
53941,8386.927
34246,39530.066
92837,18331.838
20869,9359.244
30733,10124.402
27149,18572.31
95635,33161.72
97439,11365.292
39214,10739.682
95697,19550.7
60717,21571.184
81901,31198.102
56933,8477.489
69174,26632.309
39042,14313.462
94887,12855.077
73220,11000.012
37045,9530.169
44304,13456.796
24740,24237.553
48252,7360.117
19933,16682.932
42779,16575.254
93765,15033.207
28314,16005.91
32323,17115.152
54021,13383.44
11514,7413.2954
54742,16830.889
30318,18585.414
38225,7555.1826
87370,31479.574
86376,11727.208
24353,9248.838
64000,18329.156
93200,11926.784
35460,22338.379
40369,18635.78
34151,13942.811
16583,13756.601
68902,12498.394
73390,18940.283
40302,14173.404
69193,18638.795
64960,9242.941
98221,55605.816
69236,9009.123
80119,47509.03
15676,7791.7524
21848,13124.863
35911,16494.627
83485,9544.8955
86416,41406.38
81490,20850.154
21113,3185.274
93442,18488.607
19059,9115.183
61969,11808.374
81430,9507.012
35604,11827.836
29102,10305.745
85801,53606.53
18766,5636.794
65123,16002.852
34896,17383.0
97594,11711.604
70357,17474.225
31231,21101.758
49381,5511.6177
18111,29701.566
88944,8101.5293
40868,29603.402
70858,10769.242
13563,21057.352
27324,17751.059
24563,15063.466
54374,13406.315
97211,19311.686
33602,16913.602
38252,6250.2515
88732,10406.946
12439,24354.582
55752,9612.988
29344,22046.08
48913,9768.378
21667,15407.134
25163,12399.131
43897,13634.858
13809,13048.376
99489,10901.018
51324,89897.65
72286,10809.943
70403,11799.277
99367,28319.506
16065,12030.011
34380,6960.519
86170,14092.5
32799,18868.477
42400,13389.846
14721,5902.7515
35818,13208.301
67601,13608.39
53902,16977.893
34765,6749.6797
63673,14882.853
21270,12006.578
86545,39712.54
57627,7527.263
70142,13443.366
63087,23460.596
65788,27103.52
15035,12922.144
60021,11080.305
81300,46309.78
19734,13143.989
35220,6239.643
91819,31962.715
87831,12547.812
85794,18382.873
13502,12847.926
13307,6462.3555
98862,18138.793
33080,11803.851
88957,21011.91
35468,10189.1
53410,20230.363
90535,19354.219
70238,19063.605
86250,7679.3643
27035,20716.314
14135,46736.496
42106,27674.283
71377,17285.207
64577,22577.799
73109,14542.758
89203,16982.389
65008,14511.07
20747,19872.805
76007,11377.706
39790,18810.67
79364,16446.76
57724,12530.977
14467,19538.234
23282,9003.993
12395,14394.897
66873,22680.14
17857,14651.676
14030,19015.973
52364,13781.75
25392,12660.265
60455,9947.31
13314,9778.583
32581,7150.802
60065,13421.932
55877,21709.951
10248,6418.562
95151,24050.748
26620,8440.932
59905,6495.3013
59245,23125.445
44160,4203.6445
63868,18562.766
40706,15268.567
82853,13444.101
54063,18479.56
68456,15923.23
70357,52345.83
29485,10710.388
89318,18843.582
53170,16010.114
31956,16327.26
27159,24976.479
24306,16818.729
67096,25493.186
16815,8394.443
96479,7577.466
57936,25822.504
65257,28124.67
18067,14953.353
55646,16457.494
17679,8994.134
87167,19925.943
59768,26587.129
17579,8197.764
76845,28919.586
47828,7902.7324
13690,7982.1133
27290,39542.766
12418,6724.94
77215,52123.97
27888,12689.754
51244,12823.705
71836,7966.823
88059,6955.1025
16818,6407.502
76887,12262.119
46738,6894.6367
34742,28819.654
37271,9700.747
42087,20630.883
64702,23516.512
63438,15621.755
92190,19595.72
26753,16410.953
76029,30333.371
52139,19062.633
50041,12020.158
46948,17678.055
96248,11279.033
79086,21832.035
90135,5723.5947
18792,42139.07
26508,15913.184
13992,17363.203
35434,18855.082
66180,30143.607
91451,7380.4077
99588,30895.996
91093,18236.453
99858,16954.037
56520,26425.68
89304,11962.661
53025,9401.086
50552,9485.75
81688,16493.154
13674,11627.522
13884,29417.674
59099,9555.853
59636,17657.826
47888,12443.937
29284,11745.543
28990,11053.019
82473,6071.672
54490,19137.422
20695,21558.873
74153,8061.8135
18227,10312.682
23330,6992.4243
28292,10316.833
30328,7460.6865
29273,15733.766
99037,19610.338
99077,12420.892
95722,10332.894
77614,12036.045
74902,22301.62
66886,20477.81
80114,11279.607
42606,16108.001
79438,21050.8
91874,15571.912
25782,28179.34
95454,19748.729
23447,8206.701
77708,6288.2944
28299,16061.141
71199,15646.77
75003,13062.113
93685,21133.297
70446,11609.211
48052,13687.941
84716,18225.658
73007,36303.586
65364,24247.45
30243,7685.933
82878,20736.684
76560,17023.568
81168,37371.535
29222,8262.267
73090,18308.941
46691,32327.834
33592,10667.286
97928,7211.8154
58884,28713.816
57285,19364.998
68206,53767.258
31564,8189.3
59939,10038.162
83597,14309.447
83552,12198.051
46972,9846.57
39725,12517.206
10947,19960.559
21742,11268.203
31478,13957.696
70461,23350.643
98697,28105.53
38672,12478.386
90714,9825.646
86477,34125.902
85598,26602.521
95484,18200.2
95841,13096.898
38100,9338.035
46735,57582.812
67201,14767.464
52864,20605.564
20343,18621.826
30789,133226.84
87113,5600.61
61450,16396.594
25456,21174.701
11494,17198.936
39886,20166.176
40861,19599.041
76057,8155.5703
22606,22304.463
15118,10838.624
61599,16432.7
78399,10084.896
62021,34091.023
44794,9421.017
42236,14050.036
65408,38621.67
45167,35660.285
12870,23767.162
54349,14538.662
87492,11423.123
20040,10312.062
38693,12275.233
25701,25830.418
91789,11431.176
47157,14412.982
54798,10793.77
39076,19213.307
77796,19325.385
70238,53485.426
87496,19558.133
16451,9162.439
52050,28835.223
53040,37480.535
65211,17571.643
29851,10980.163
83465,17667.56
78020,7836.0337
65998,24932.156
93770,36347.094
41227,34991.09
14258,13404.766
51380,24201.244
40516,23315.537
72773,19099.53
21188,10681.34
66889,10702.574
90920,6503.7915
35350,5113.7197
52644,15637.722
22270,9127.037
95378,30873.588
61847,10430.6875
78476,9085.533
57679,21165.17
48519,12062.622
73766,15253.917
32459,16215.63
74511,9597.123
94454,11828.733
54184,14825.183
88568,16973.889
95212,7236.1367
82748,27754.03
84195,22707.13
15711,21456.955
54920,11810.125
30262,28068.068
84728,23655.252
56960,11123.631
85238,27795.28
96435,9264.94
18294,10668.986
34514,15864.176
33237,16017.568
44752,32346.61
57054,14064.691
75214,7604.297
51148,10925.986
88306,8528.321
80773,14051.957
87606,7313.5493
55908,29629.553
77342,12667.381
54473,30639.16
30431,15771.985
52315,13695.977
63755,15114.401
94745,11866.048
14487,21430.71
83622,11103.793
47362,12447.548
30734,10317.482
56999,9235.899
22661,11048.908
59578,21281.041
68841,17830.873
81045,16400.979
82777,12721.648
17800,3962.7278
45701,23762.375
16908,7170.5435
35368,10515.515
39350,18095.307
38392,16343.527
93090,18765.924
76531,11708.525
88737,8654.381
52357,20373.596
80423,17817.69
70862,14490.327
91397,14905.953
45906,16176.085
16539,9000.181
16770,9615.724
87907,14425.94
25009,51633.797
40216,11402.834
73281,21315.545
69875,22079.998
78537,11138.262
83531,18903.15
86236,15511.976
37886,20498.75
65343,54419.81
75289,21512.85
22248,16057.168
53505,7618.244
43314,24349.45
72285,49047.035
84949,13171.59
60654,14338.811
28516,30387.895
76969,5193.508
37267,17250.428
13748,8111.8623
92652,27657.885
43058,18580.443
17438,74348.7
47991,10582.124
52517,10801.388
94431,25706.531
69474,12163.75
93982,14820.817
37850,18409.328
44451,9852.293
36045,31306.127
36129,13083.076
38692,27316.271
31120,25529.242
25963,14581.034
31678,8427.617
64541,20433.445
48986,54331.27
69565,7021.7383
78397,11772.442
26391,10486.594
34282,15967.509
16058,12965.836
43610,21474.633
63303,22524.3
74388,11408.159
60438,8704.098
28537,8836.583
40907,9934.288
24886,56987.17
57510,12720.898
47767,10616.11
65328,13373.436
41913,14004.81
27679,11920.41
76000,2815.6724
26302,3614.7078
13685,6104.4385
69575,11169.949
59982,13403.874
44815,26204.49
65862,14021.737
52854,12070.802
89295,17141.863
88772,8458.433
72302,9496.923
36408,19580.484
49930,7524.319
98264,8783.295
84196,42680.664
84931,18108.123
52137,39342.39
53438,447.01532
39525,5937.294
52579,25979.295
29726,30995.467
86365,8497.849
96827,5874.2144
94723,8794.743
18584,17119.58
72270,24435.373
49689,28743.762
67633,7480.2188
29924,31168.516
76088,46817.5
24564,10068.591
78719,22591.348
65815,10173.527
86944,6977.183
29662,12369.006
59903,9936.084
38244,24382.53
86796,17804.584
81590,22381.998
17791,12389.542
67203,15811.49
21103,9006.821
82662,13270.511
72437,7463.6753
60237,29875.6
74676,21949.803
77010,15729.592
47226,12171.604
13288,7994.9185
55306,8160.283
50026,34019.496
19414,21596.713
52768,10080.142
57687,11427.232
56264,24461.227
45035,12630.308
28273,63510.285
20474,22347.19
22609,13221.527
42334,13741.105
72280,17804.828
84768,17652.852
78509,8210.539
42100,32626.518
71527,18876.082
93609,10173.527
79016,19727.707
72054,15222.755
95008,44056.832
45311,20543.746
24731,10986.731
68199,14384.973
30414,14852.694
31479,6222.938
98465,17024.496
33961,20419.988
68929,38315.11
43936,21459.324
24914,17552.422
30079,10901.018
67347,12613.732
62856,17512.244
34345,18721.426
55119,14015.739
26239,16114.118
43327,36311.86
73793,21341.422
46816,9209.418
33435,18771.445
38496,9865.847
74306,7879.2153
58988,17587.223
78072,14155.489
86732,12932.928
68552,11262.831
62298,8295.861
43270,26191.174
20901,10268.783
95640,24256.064
85954,11483.596
72975,13172.24
91260,35363.8
26981,7274.4927
29842,25820.945
14068,6472.055
43154,58561.742
90507,9476.989
21125,6416.003
20069,7900.193
60550,17106.367
62414,6816.8726
59468,10402.295
75960,6438.8813
48318,21383.998
59462,21397.844
84123,3833.3374
27449,28954.436
49535,9600.606
61397,10809.694
59185,32633.592
97555,28792.807
45433,38686.598
49160,13067.042
50634,11796.803
21094,6589.153
13504,13077.916
14299,25060.428
80684,14313.966
25906,21564.316
84542,10232.706
19444,10650.763
91912,10240.984
11160,16630.143
58651,31252.406
30310,6805.323
88760,10302.328
39761,7015.0156
67067,12760.888
28932,14141.46
34352,26143.527
30148,7682.71
17968,15934.315
11983,12619.308
30937,26889.121
14698,10470.897
55951,19106.135
19937,26637.342
15939,12603.429
72294,24158.082
56539,9851.502
28203,31735.99
44990,18468.979
60350,59193.812
66219,10573.31
53965,11437.24
27224,19521.83
15345,21991.13
83174,10571.228
90013,44779.03
96080,9495.701
42404,9279.851
64475,13442.22
58809,6071.0513
99594,10483.596
43187,13282.044
98377,11278.363
51035,11141.754
69684,7644.8477
74757,21493.098
19944,17881.625
35029,10592.63
86346,7818.0737
15108,16208.852
15435,7939.5093
36105,17989.254
87584,7722.989
85492,4131.0264
73468,33112.457
55077,23670.986
13605,27851.184
89359,9845.782
59576,9559.089
23659,12399.421
31043,20557.566
70012,19785.91
57759,31757.947
52952,19088.752
39702,14903.926
46649,23196.395
18524,6405.211
50510,23429.695
64906,6915.524
62183,21683.35
20430,9130.618
58330,5901.2915
61146,28679.613
43135,11327.3545
34071,12882.124
69226,28733.555
95456,28007.102
55610,10166.902
16472,21197.887
49596,20562.744
54279,9124.115
97828,11395.305
68972,16849.316
27457,11081.209
76113,6967.7637
84033,8730.314
48311,11906.212
43940,11540.869
33732,13500.049
37997,21372.494
38035,10139.829
76266,10061.935
81013,23559.72
78153,7059.1934
29485,30282.277
60212,17759.256
82272,20976.436
85393,29440.064
36824,11605.813
79616,19089.258
37788,12203.425
24523,8293.436
94209,16188.454
82029,16774.457
44054,9922.316
86776,13216.459
62683,18181.035
79992,14090.996
97476,30075.773
78916,9527.483
38234,27893.422
73431,9866.972
12884,10978.891
66906,14869.571
66377,9705.938
28321,30409.057
85487,18592.37
79161,12107.584
99672,13209.373
22053,7745.917
73363,16138.58
49891,9882.1875
34281,8372.566
69297,25426.928
15621,13797.343
32241,16599.775
42002,17526.566
19036,18841.303
98429,7773.119
67219,5058.054
47621,17172.209
41524,10555.837
84458,22234.955
31211,27024.873
50391,7966.1987
32013,12660.265
12145,36340.773
80886,20249.244
91124,13873.494
37016,25860.336
52585,14559.195
74180,12954.533
85856,9711.205
85198,21560.285
84882,9692.816
50560,7453.519
73542,11327.216
10857,26282.639
82027,20520.414
53938,11945.101
69584,20647.914
62391,24700.426
56615,20987.377
56444,7784.4727
86759,20565.047
87554,11802.954
43671,19662.156
22219,17862.428
81205,9706.858
18123,9205.985
25363,17323.232
86316,12054.37
41308,44867.336
92575,22687.533
38584,17771.99
16858,12198.689
28623,13812.984
64425,38039.492
86770,13429.069
16778,38242.86
20582,7340.473
76137,13766.588
92672,9208.013
53092,12254.586
71812,20436.33
47978,13373.41
14571,6087.2534
55266,13489.497
53106,31450.006
67946,21572.928
68410,7926.9727
92250,51071.5
68330,13827.647
96304,12054.769
44163,14224.997
13588,8066.825
32801,20260.062
59725,3901.1729
58773,14507.355
31671,26062.719
81169,12263.65
82888,16210.216
72255,15674.194
53544,12916.618
94112,30704.334
76161,36584.703
84232,14699.257
54170,7350.5854
21240,25681.938
39626,34526.24
50591,23781.71
29002,13796.637
51343,22725.832
92720,16616.506
27282,36070.08
62746,9344.468
93148,37330.758
78155,18183.17
53436,13465.238
75210,26021.588
60080,17886.79
19836,20873.508
58133,25435.512
83324,11805.415
84623,10011.281
17982,19770.408
67154,41365.79
16433,32805.87
69226,25343.09
64660,17131.639
61193,8159.288
11284,24272.236
44128,16728.293
35676,6900.1157
31088,8428.049
21210,17007.164
34942,6070.933
21546,14991.278
20499,21662.94
78131,23691.484
43821,19023.895
66035,20607.133
94744,9288.578
16491,10483.108
82409,16008.367
15400,12013.496
72910,9725.591
94720,27173.076
16711,21753.527
90474,16511.506
84099,27091.9
74624,13402.826
73497,11421.815
73387,14580.133
60702,12867.286
55741,10588.652
36473,24302.322
21453,6904.148
44261,13160.549
22387,7775.686
28171,14843.734
99139,6504.2075
56389,4862.3794
60557,12189.227
32846,13102.015
21276,20630.945
20201,9689.685
42273,19128.99
43049,13092.233
51523,26854.975
53415,23048.902
65412,15403.122
37071,17398.652
90937,6499.9224
97926,9189.5625
26887,10145.282
95202,9374.546
91038,13159.988
43726,21669.955
19316,11077.624
94960,27876.795
87345,14725.46
77017,9860.578
27596,11427.863
55538,14316.838
57244,6634.761
91918,22611.76
94146,35263.11
45254,11602.41
97614,6206.8706
33546,11959.287
95297,18536.164
12618,22745.15
61541,19776.738
18356,11376.544
86719,26615.357
21727,13033.985
32478,30095.473
55365,15021.932
49334,17169.244
92683,10956.645
60868,10601.701
56761,12227.241
99233,10317.793
81882,9506.74
96027,18713.352
66882,11513.154
64481,15555.996
81963,24796.305
82844,18979.684
54797,18252.912
72227,6804.687
72163,9555.083
90371,6701.4463
43120,23914.076
11997,14605.943
45287,9593.536
90605,7745.077
40130,16444.465
74777,30006.068
11800,10494.924
98198,17367.63
81065,27892.414
59863,16942.049
36197,9608.461
76253,28404.89
50364,9019.853
82101,29413.46
86648,7851.237
16229,33975.19
89672,19535.693
71276,36181.594
74683,2930.009
46271,11053.309
59019,9119.588
39659,10887.3955
34326,30425.275
85037,10757.704
17570,19408.254
39463,32704.191
49215,21101.355
10897,13750.346
80316,14715.797
22631,14409.189
19360,38699.53
99620,17147.37
31268,42828.332
23453,14382.193
50446,20776.014
79902,17045.27
76209,23220.621
63017,12107.604
81562,23554.566
82815,5968.4756
61823,23615.86
92612,7514.9277
30685,20640.03
26488,25871.592
42815,18132.46
28070,13205.996
65465,6983.72
75740,4802.487
70608,18923.826
45967,25453.83
86975,13880.365
62825,10110.218
59910,12131.1
50919,9832.6
47099,12766.611
67091,8951.156
36847,6814.24
55079,23091.232
57603,20223.664
14694,19917.246
84204,29167.996
13398,20011.63
56268,12713.62
58157,15598.978
47088,17568.422
91002,14356.101
52619,52292.668
63643,12189.182
22066,13578.385
12511,5304.443
89624,10176.716
82031,10860.98
57880,3627.1292
33660,16460.16
57631,10264.645
82031,15441.747
70981,10302.889
63367,10794.446
25744,8062.481
22397,28345.338
39237,19942.785
90192,11246.977
47492,55355.945
91504,8838.01
68519,6757.863
64227,31838.582
29716,14191.59
54234,16456.977
94069,11209.251
15287,19149.266
73794,5959.8145
34622,12530.02
29080,12069.556
19528,16687.672
40640,22478.254
68678,44898.637
67738,16097.473
49546,13153.933
71614,12123.153
56418,30492.217
78193,9876.295
51916,8799.946
13528,29935.77
36644,15041.662
66204,9561.124
68222,17067.252
67624,10406.109
77171,10692.732
92104,17664.828
74353,13193.009
72217,19722.96
75883,14363.503
47362,7971.7354
40316,8831.871
43775,14509.98
36964,19525.596
73010,9547.047
52489,15949.028
90847,20092.545
33634,27791.115
44497,17706.27
81048,28534.793
15579,13362.668
42708,15219.435
50620,17746.234
32010,9551.263
26635,37270.215
61748,10951.109
10149,16944.691
40465,18073.785
84053,15041.31
91886,11542.038
77010,29684.768
37524,15325.624
66876,18132.271
16705,12274.722
58024,17007.164
95192,35584.598
32384,30609.234
57597,15422.531
52765,16918.053
41753,22044.9
59183,9699.531
93933,9245.599
40808,14504.267
20846,24815.586
39350,16194.326
21044,7487.556
37321,16192.514
53728,25810.197
91727,12868.022
32879,19567.203
93115,19941.63
94587,17999.354
64925,8378.558
85930,10859.649
22999,11610.881
69733,25075.229
63492,13181.08
45458,9997.686
93736,14916.315
74186,8418.1875
43200,9623.729
32617,14725.544
39465,11807.704
74487,6546.0137
71907,11291.885
73600,11739.307
38451,7474.511
79261,6759.994
93954,6353.057
67387,5900.828
37916,31239.371
43962,14242.143
69711,20453.74
19521,11342.326
43064,7910.0806
97697,45104.254
62660,12274.449
63349,18695.377
77430,9223.97
74519,23432.793
44591,9567.254
60567,13152.806
71258,21350.71
84279,13376.234
86316,9392.756
16387,21867.098
37484,15780.79
30123,11261.658
42086,8960.444
66291,26502.734
46603,5440.3936
37507,7162.878
23575,11371.043
67321,10685.425
57121,21492.16
23962,9358.33
94106,9455.467
57872,11997.52
98397,38806.19
53917,14222.521
29834,24722.031
92024,53795.65
34840,14214.773
25080,25314.428
67268,22142.002
34234,15666.156
36398,8701.411
46632,48363.47
66717,16674.295
13497,13100.525
68851,12243.618
24564,9617.243
26252,15244.128
76686,15327.171
19546,24262.291
24618,17026.73
64185,7513.7173
64529,22072.195
69309,24868.324
18063,10199.47
95056,10020.494
72478,23516.42
25717,15744.048
14985,20814.916
24728,25536.826
22174,10768.805
76822,14794.28
80816,8034.885
78820,10514.385
12404,29391.836
19264,7534.6914
35649,7286.7705
41745,25715.758
13933,16874.62
29586,7867.922
63605,16291.529
35135,26535.527
19429,17178.678
63055,8696.648
44977,14755.901
46212,6951.5435
89957,33407.1
94832,22748.283
41045,10838.924
53024,11029.175
79187,14343.276
47862,25995.975
87506,14950.43
90657,29705.357
53424,27196.62
61070,41211.355
19777,18389.299
55521,30776.566
74131,15380.977
98162,10852.983
88998,22052.229
25342,25964.36
73205,9530.243
82989,5445.66
87367,13595.136
62347,17106.918
54620,10149.113
21573,16453.533
56161,18441.002
51320,18031.305
28939,12887.045
53734,9857.986
28374,12349.6875
79432,13021.486
82701,21077.092
49798,5788.251
93748,17688.992
22277,11667.151
19262,16003.323
57313,13549.785
68346,10438.236
76135,6422.8696
11970,15733.766
80455,19487.688
24664,11436.37
47579,12599.161
31964,9406.286
73630,15535.827
10766,10144.86
48583,18263.951
13482,9284.955
52829,15262.169
87843,11232.704
34122,8884.353
97318,15614.584
97922,13788.595
70065,12100.221
49705,19158.463
50598,7064.786
39165,9426.089
22349,7007.392
82384,8845.076
56432,13705.35
16104,47342.027
82267,12872.013
34317,9668.99
78632,17069.025
50768,7050.9937
62345,19903.795
12793,22625.186
11504,14041.2295
24966,8030.786
33371,15377.572
77031,10231.717
43553,16756.06
23930,8797.721
40839,2852.829
45965,26062.492
28618,12976.536
11947,56381.707
30050,15460.472
63773,21187.506
45114,11483.004
46552,32421.791
83493,43563.402
56669,15485.1045
17247,6924.1514
29698,15530.182
33620,7608.616
82371,7261.5356
59958,20765.016
72518,8909.337
68308,7517.0938
17050,19416.9
63995,9746.701
22145,25642.7
36104,16952.43
70494,7449.4873
56811,11936.3545
69675,38700.79
61191,21570.055
59810,29105.617
44137,9472.981
32054,21319.264
85594,10122.833
95049,7098.7974
95813,10653.497
62561,11749.839
17141,6529.7715
34224,9225.677
76565,15848.743
73015,17298.078
89190,11345.626
44151,20166.475
83974,32598.02
67322,22170.857
87775,17494.473
79501,20431.637
69181,14424.0
99154,20493.562
44459,31590.523
11269,16863.416
20379,10042.45
60234,14243.879
51165,27624.078
25407,15306.238
68515,7384.947
15793,23545.74
16318,11023.828
78549,13394.055
12418,17638.78
62878,6124.52
19545,6597.8647
77178,18736.88
33101,14966.65
25295,10584.417
61444,9694.424
19248,15127.682
14818,20724.098
33334,10031.122
38295,19007.6
18472,26397.271
21415,19988.045
28253,20540.11
60874,10397.554
47936,10821.14
50541,35088.5
70103,13877.903
65711,13132.554
57708,13769.133
95152,13228.549
60147,23188.705
84456,13814.035
48050,14453.222
64967,13106.122
80213,11597.536
88518,8530.931
39300,15135.578
94984,13502.619
87675,16485.332
67998,9598.334
62751,19435.045
71721,21377.082
37645,9573.746
12262,34504.266
92361,9920.826
41394,17407.525
25916,14321.339
88859,10414.706
84076,8506.03
13768,33611.0
75148,8059.6396
72300,14505.338
60847,20152.049
19119,11356.673
11381,8387.14
34523,10062.481
80305,13641.061
56042,12270.718
53510,24687.652
20557,12277.892
43626,7092.9834
23573,16681.566
95024,10631.491
63403,8819.129
72264,21081.465
73868,14443.513
57008,20627.914
29739,29299.787
96390,8034.885
72031,15186.001
95360,17095.932
56059,14347.991
41190,17491.477
49244,8977.307
61084,12933.537
28876,18545.824
49668,8583.171
38578,7425.4033
28670,8713.572
56011,20373.598
64600,5950.6523
14797,19921.766
30232,9365.705
27094,16351.084
17708,11397.771
92440,12468.041
97217,11840.75
70917,17354.54
96456,10026.238
87217,25574.123
62215,12197.187
55609,19063.861
55444,8197.431
81117,12486.413
80337,8052.2803
20474,17734.36
79122,40461.72
22526,15705.407
17766,25955.344
44750,8101.4917
76235,30455.535
34604,16384.78
12014,7937.264
65032,7950.404
94762,10729.434
79622,40776.4
43048,11247.065
72120,12666.86
43532,14759.954
55681,21333.086
58158,11423.201
80953,35094.63
28771,28950.86
31358,24221.033
31318,25349.238
20514,17471.76
27907,16168.361
47556,12611.121
81294,26262.174
35252,5258.8857
25096,14786.778
22632,6750.3823
58951,13740.537
34690,16077.482
52827,6285.318
19735,17191.932
37603,18496.074
45631,9149.47
97254,26450.967
41001,50261.836
77478,7010.211
69987,7587.379
72548,15405.925
79778,7409.7104
40925,9807.429
45502,13734.581
50308,9842.288
85507,22685.174
96835,10318.895
28738,7636.047
46855,14549.023
20582,6781.95
74527,17348.154
18099,11421.157
50191,14564.922
92363,8305.738
49966,15784.847
73112,12079.07
62095,15505.833
95683,10400.319
73827,18320.184
81951,16813.666
95801,5937.957
95370,15246.943
11303,18888.66
92269,11644.861
52879,11318.477
46070,31772.049
32301,27972.693
62682,12004.997
91707,24056.32
28045,13669.727
31955,8860.897
34772,12751.233
60470,10510.517
43698,9383.915
68242,9148.391
38096,9439.497
63445,17141.494
20228,14852.22
36393,29165.57
90767,27084.414
75101,12760.143
14643,16362.192
53230,13160.403
67785,7959.8027
91733,25809.338
48723,16625.125
65307,5401.8154
11429,13677.02
33830,16890.074
52728,29439.002
64247,56348.027
87970,14946.479
31553,10672.1045
59556,8012.8296
31328,7193.5938
18429,20253.355
35513,10277.9
57860,29437.572
89748,19901.838
20455,25179.436
64893,21325.94
13180,11696.76
93050,11507.734
74237,29358.922
67981,17165.879
34657,6723.266
60056,42056.652
32647,10559.2705
27034,15260.751
83305,8721.704
77206,16168.242
44022,43084.812
30127,11488.028
66083,6679.0435
97490,23557.697
10605,11596.866
24502,30708.73
31552,1950.897
75688,6106.82
62176,17724.62
11270,32558.55
89637,14986.852
79058,9905.257
37496,11427.06
47556,13890.256
96739,17634.11
86879,9619.969
10310,24319.018
77941,45580.59
40054,10948.329
70608,13334.127
18491,39314.426
26096,20799.207
24313,9354.709
97297,25208.084
21027,25617.309
59279,16781.057
98167,6567.5723
68160,8787.901
52058,14312.664
32397,21264.393
70919,13089.13
36120,6955.5806
14218,47805.895
11643,21108.213
95986,2186.2488
15227,9618.919
40682,11568.847
75480,4048.1426
29992,1767.0355
71803,56767.02
59112,13726.565
46845,15599.802
33384,14844.796
39970,7707.5083
65655,35192.9
20380,14381.699
40853,15105.473
16004,15687.801
42387,50441.99
99263,12190.14
30340,24302.117
50866,12008.931
70344,14479.436
61566,14883.406
23969,21161.293
19421,10990.282
83900,5802.041
59476,10131.872
59452,16412.982
68714,7446.8237
37316,29073.266
71948,5106.6924
65338,12735.375
27192,16561.201
62599,11003.698
21402,25690.6
22829,30211.303
42129,11111.979
93465,19523.48
26736,15752.0
80914,7224.4185
58573,11583.505
20314,13766.543
24407,21157.162
26250,31369.11
14832,7660.5103
10651,31549.123
66535,61730.3
90048,6953.9126
11770,25932.545
92798,16841.688
66692,8814.813
13234,9928.724
33337,9813.699
84551,30386.396
26706,10008.8545
15124,19895.541
30187,16500.482
39896,17556.152
95102,3564.7542
13304,5316.3203
11958,13534.776
74669,14531.3955
44564,7085.4243
66769,12092.639
53461,27364.994
70978,13711.584
11291,28546.082
38496,15135.066
52933,20870.596
90007,10098.74
12253,10077.033
27687,3687.0452
93640,15587.164
72615,16743.29
27416,5470.4663
25218,15239.209
63413,10147.252
86403,26164.17
60893,11262.831
72908,23059.059
84394,17691.006
61563,14451.838
67138,21861.166
22629,29711.566
65508,9816.4
84864,11820.26
92277,11670.386
44501,17859.074
70395,19034.377
30312,9169.192
51130,29533.064
12651,10056.146
37135,24293.076
31620,7866.849
56208,18304.396
23227,9588.694
64082,10328.682
28483,11099.477
28026,11930.385
49076,10209.461
12187,6553.211
62343,8201.07
89653,10003.142
52149,29355.486
83351,16332.382
68276,27879.605
43519,11596.507
78253,34441.01
32970,9996.978
77042,13476.293
25346,20980.328
94538,26140.377
34876,10032.286
34451,7198.8257
34281,21641.326
62475,22428.553
13355,25612.281
10789,17683.658
91420,35182.77
34218,15195.24
72912,15286.637
56217,14491.49
98225,10670.367
40863,46093.5
89831,12841.734
17146,29339.738
57042,12957.979
62016,10801.649
12867,11736.942
63459,6669.7114
87465,19189.305
22387,13246.946
26538,16754.719
71145,14693.488
15271,20627.52
98967,37470.95
95107,25126.348
80480,16507.492
74080,21379.74
89065,49645.195
15049,8190.4175
77430,22881.275
45650,11825.471
38658,7897.972
71682,5463.209
62808,11982.931
55717,21696.215
99994,26222.744
33769,11194.992
47715,35172.96
25191,6305.334
73991,27400.04
55313,10694.166
21052,8996.301
17296,8574.2
63563,28183.855
97604,7348.083
31294,18892.594
71239,27812.072
93995,21456.312
25631,20174.396
80921,32071.008
95787,17805.338
75565,17779.992
62305,18263.133
40812,8128.466
59412,10680.35
80812,27515.307
58160,16082.681
54406,28518.305
89035,11295.378
13427,7789.4395
90274,20779.459
17478,8587.813
69712,10809.328
65181,31761.47
48640,22712.197
83246,24117.598
28139,15808.145
46376,8592.447
12999,13087.202
76727,26392.309
49204,10358.395
11165,25250.613
82942,12290.254
43701,14212.507
40156,17696.27
94721,8423.57
33670,9974.213
81020,11284.724
61687,7595.1353
28047,18558.846
35327,15667.142
59278,6768.395
98968,9011.259
38042,14055.975
28776,16484.975
79059,19746.23
11009,10085.097
74696,9621.24
31245,16604.621
26979,12052.1
81717,19015.56
72514,21087.977
55732,20126.67
35994,21407.48
95676,19918.582
73161,8842.357
71124,12172.946
68933,15123.55
75169,10167.961
82077,26146.799
27401,7126.8867
92192,8970.83
23388,26027.463
44402,7892.342
51779,5838.939
75668,23121.8
34953,13623.488
79646,12777.225
80852,19866.033
63901,13008.014
83406,11429.318
89537,15069.827
48680,18568.666
69779,15851.922
33249,6986.7583
96676,14354.282
47706,21421.309
37546,20070.557
62824,21549.088
26207,10321.648
54537,16113.829
97025,15142.813
96628,21007.37
18591,12882.167
81152,27879.605
44652,11894.016
13675,9560.641
57385,9745.734
64942,14374.606
60564,6655.9956
55809,15483.028
20749,8540.125
57565,10178.21
49459,14122.157
38081,28639.05
63871,21971.438
95823,41770.95
90170,20701.756
38139,16490.537
50062,14578.775
84518,20197.033
95540,21092.852
52266,17255.338
91961,4182.9863
81246,16616.084
26078,7573.2676
63779,6973.593
63918,7374.68
93289,22350.621
40792,11305.014
62235,17516.379
45881,15456.8
90560,10054.26
75695,8579.738
30190,14639.986
66757,16938.174
38389,12102.101
68557,6999.2676
62416,13779.697
35044,10261.523
44989,16391.283
39618,12362.183
92675,22680.455
66123,18218.584
24677,16128.155
96022,41332.27
98745,13425.952
19537,19449.576
69131,19585.457
85552,15419.154
54393,15447.008
92432,16406.83
32332,15988.623
23428,14750.968
88949,40429.562
40163,10026.012
90733,14261.191
45971,16895.324
94183,47706.734
79085,8683.626
12756,19012.71
56979,18791.328
66922,9863.703
50608,10503.364
60143,7492.1323
37290,14333.064
69494,24211.572
27008,10611.716
74688,11006.096
51847,15026.918
38400,26492.201
97666,15377.336
69101,12702.852
39586,34823.09
64577,16937.512
47246,12394.197
62255,13163.449
67469,15742.911
48350,31171.426
27877,20005.924
49551,10195.203
36209,19564.893
53750,14452.449
95446,13887.601
55703,17774.35
59870,24502.467
31344,7666.5454
77754,33847.137
92629,10414.652
19125,26371.445
85258,15634.62
12065,17572.35
23045,19099.629
38097,10867.467
11107,7201.393
65233,8800.269
87435,42196.82
14653,11052.577
92062,29689.312
73909,17031.67
88603,14285.527
74365,6091.704
40080,7787.9214
36944,16174.528
77910,8673.137
59833,21326.688
26129,9840.83
62364,14524.873
93609,12091.867
44886,11830.246
84605,10235.269
70775,19339.344
92807,19639.59
57971,9924.064
15428,10904.887
36845,30024.404
78172,17669.15
88252,9240.542
79160,6869.683
42064,13521.336
79828,12022.046
93452,1989.9595
39170,61522.89
60527,7538.166
69417,9402.579
53076,35411.64
39676,18801.693
47047,12220.496
73417,17311.797
56519,11297.139
25386,11374.7705
92320,2428.2285
49586,12875.088
11697,9315.795
92206,15196.634
59629,29746.36
30680,17853.533
65356,34773.176
16648,9778.305
94712,10512.13
94178,12384.913
12211,11516.207
54072,24020.29
81285,10828.897
91459,23599.127
44107,16361.541
66918,11978.803
24835,45055.105
93179,26565.74
70167,16648.707
20323,7905.4375
18739,19864.688
31708,13103.731
31184,10837.382
84404,14766.581
43443,13099.583
70134,16802.584
43491,9061.32
48228,7360.1445
93580,23769.56
89727,13841.919
72187,17139.023
51227,7247.348
72696,19614.125
63418,6507.733
49556,68058.39
70592,2578.692
92230,13564.499
56605,9020.15
26858,10741.144
60018,18916.09
53704,16329.889
45906,6669.39
64905,13656.158
27592,12219.48
96127,8721.505
39475,10541.525
83098,10462.981
74709,9976.099
17250,7189.1597
90614,10268.689
18089,21389.826
67726,9032.95
22352,20188.904
72133,6986.976
81144,13267.619
77229,9512.33
92551,14799.802
10398,19501.121
83212,7785.1353
12435,9794.948
14207,13068.016
91427,16326.016
89214,25182.596
83331,7463.1006
54257,10215.01
14801,11929.379
48484,18059.273
69214,24341.615
48950,9591.794
52716,29941.201
65356,6698.185
76488,7353.6494
45898,22345.459
27138,34098.06
78179,19780.021
64528,7740.655
58464,27274.371
27348,15052.031
30415,28992.918
60728,9135.376
50331,19788.803
14631,11340.1045
40219,7417.2803
27380,19097.092
56225,20938.605
97839,11170.183
71716,19640.566
82371,20837.98
23008,22186.191
10193,11703.429
70308,10989.673
18330,12048.755
95641,6032.6274
92278,8108.1465
46464,16860.32
43758,19215.855
36521,8694.242
29775,11176.068
36735,12686.614
39642,16722.006
35738,6493.772
67374,12261.275
25258,24319.018
79063,12384.683
95481,13401.549
28132,10388.562
92052,62487.04
99694,8247.925
10880,23620.95
51001,24712.023
79643,6784.8633
11317,33278.848
22598,16575.86
62674,15704.227
46015,28247.232
38417,19320.217
22816,9021.049
22452,11892.832
97774,4523.573
88377,17709.678
57295,20493.678
62607,18657.154
57673,29072.467
98641,18716.414
83705,14856.202
84973,15420.644
78155,17109.396
56651,48004.258
84120,11305.076
87619,20827.705
50386,15082.007
27994,55577.465
60721,14213.723
49037,10398.1455
91992,7544.4434
58609,9501.241
63250,8379.197
10140,20568.5
43336,11666.77
47635,11777.394
49013,29362.066
14311,9510.096
75252,13507.616
38614,10571.228
68331,7538.109
10965,25447.873
35837,6974.1084
30974,71595.46
66706,19654.836
74711,7829.9688
29574,29791.56
38725,13330.177
75438,22615.91
91439,15899.6875
20392,15839.945
44232,11625.547
35507,21296.322
99517,10062.481
88874,6729.588
56282,16914.65
25938,23508.93
71851,11396.267
89218,19320.533
67720,10150.86
71755,65905.9
64804,8766.955
38170,13229.271
39869,21352.803
32098,22175.896
93677,16844.926
40610,20034.816
56189,19117.959
87791,8385.072
91588,20975.738
85798,23472.414
91104,7281.8945
12455,17729.758
92114,19475.498
15172,9941.755
97351,18223.81
88962,24289.229
16001,17644.023
55360,2065.214
95266,18274.23
19817,9838.116
31660,19324.588
46929,12621.15
54455,18992.758
38630,53703.246
29249,46380.33
40803,26749.328
99264,10797.71
81922,7814.2246
45643,11047.639
17490,13083.888
50427,12504.849
87547,10318.738
82863,15313.487
33047,18200.74
87778,26583.607
20971,17867.564
67036,11459.272
11511,7360.655
19892,8084.9565
81276,11136.455
64791,17229.738
37466,3807.5518
39231,8376.958
13668,58934.145
45753,23890.756
76290,19639.818
82938,16692.58
74509,20145.041
48490,19575.836
21590,21972.95
50555,21446.49
30872,16337.921
88754,7199.394
27302,11566.175
31556,11509.432
43201,10140.352
77128,23456.254
63878,14057.348
58033,13228.856
92448,130252.5
76049,21394.613
72255,27968.807
21020,19664.639
33162,18756.59
45090,7446.0933
81479,11245.895
28615,10645.664
19616,4610.6216
76207,25513.518
30552,9643.4795
19546,25547.047
25771,12810.488
61401,7548.8433
39046,14690.478
43057,23294.955
52777,10285.232
76099,34205.535
18415,24341.193
99271,28347.191
47895,9176.367
40330,6933.2446
10781,14609.7705
50750,21057.79
37581,22504.918
37167,11962.953
93278,9493.121
64287,14417.63
18752,6576.1655
81057,8648.157
29778,9240.545
71914,8901.368
13768,27574.953
63725,17852.775
33354,9607.317
16705,11320.859
46619,22779.23
33526,15541.791
27744,9321.716
94688,9996.642
41762,13461.67
25856,6198.9053
14796,28652.996
48769,20508.365
91682,19839.668
99233,6369.2905
78104,14788.578
52751,16282.806
85052,14191.726
73000,9434.598
24116,5301.0425
33948,7101.4844
96807,24889.482
88375,30337.875
31526,9366.978
66850,32764.361
64815,16820.139
45954,9145.722
48321,10872.593
13384,9048.705
92610,9688.639
67427,24821.275
61875,26834.717
24593,21664.092
19680,9412.126
62701,16482.684
91437,936.9726
78300,26442.086
21449,24526.375
88492,20667.406
61344,19971.336
69217,11625.547
57887,8830.403
42680,15771.979
95537,8987.225
36069,18735.459
72421,9417.207
92916,10518.461
67220,12014.367
29033,11229.879
15709,46456.742
16622,15272.639
23615,34017.957
61425,13851.621
92960,19713.344
28919,19529.291
79469,18284.871
88830,6049.8506
68334,18543.66
30003,31693.645
88758,13444.756
38974,22345.533
49743,24754.416
99588,16250.726
61258,15275.393
46092,11051.438
57400,10810.085
92783,17243.422
17365,19207.953
65234,8046.1626
86077,13853.772
32594,10664.401
92603,15169.345
20180,20267.11
66214,17705.812
85800,13722.892
16753,9603.653
52340,27616.328
19060,24210.383
23455,15613.913
99556,9876.85
55848,16634.652
46337,4335.5605
49044,8016.7344
52224,10425.004
52333,12468.053
53231,7058.918
94289,7362.249
79181,16618.123
85008,10636.766
79128,31355.193
62792,9047.411
50534,19796.197
82867,27572.412
68039,26732.973
64474,36218.027
16043,7968.376
20058,7056.498
23015,11783.283
77430,21645.332
70897,10955.893
72445,25397.793
17160,10703.752
62501,13641.061
61896,18967.514
69264,11756.812
44532,10815.093
73805,8381.313
62049,8105.593
63254,8299.89
97660,14286.044
52887,10901.367
71768,12870.582
10001,17704.135
62623,13484.353
41695,8019.922
82794,19761.61
25071,14010.59
71146,15390.829
28444,9315.479
97163,23435.986
48098,15689.935
54756,40481.77
39911,13486.774
90954,14391.619
87380,7323.866
32166,12802.687
21596,23690.889
19913,6573.5757
24285,10137.648
23668,36935.23
45590,19187.219
97992,16346.061
45876,11592.446
40589,41312.688
16116,13970.402
84871,22729.252
26175,7823.478
49381,13625.409
13759,7417.593
80312,7268.7915
11524,13422.56
63395,17355.32
71334,9482.662
13506,17221.502
37383,7139.069
98416,10165.578
46730,25270.004
85054,23893.889
57186,11108.994
82329,8988.651
31688,8084.3755
31031,13634.088
99814,24682.316
40509,10641.082
47546,30242.0
69333,21723.393
97523,7934.2393
54296,6758.47
73696,16198.869
47698,30368.846
70268,30017.291
82282,8272.821
27296,21511.072
33116,12425.649
50838,29120.691
86065,10991.598
60928,11636.906
22525,30034.31
95313,14573.628
98587,9812.483
66402,10647.701
97627,7437.272
93332,17026.455
50803,7091.87
58983,19435.64
17582,11956.785
36970,8478.242
67229,23012.957
37348,18526.469
41935,23637.252
82245,22323.746
27125,14171.087
19495,17860.98
13328,8048.0273
57073,8161.1763
63496,9294.968
59951,16754.719
46492,12181.67
19944,16634.955
36406,18849.186
48750,13278.5205
96921,22017.426
31167,24398.047
44644,21551.1
53734,28794.479
79217,12234.865
80526,10257.305
79112,19346.732
33494,15350.085
67890,6417.1494
81489,7909.292
56271,14083.396
53846,19843.674
52002,11238.461
45044,12747.902
98373,19894.02
28076,12807.08
31526,12914.66
98118,9983.24
53306,12727.3
36437,19724.336
82836,6422.3613
97428,18907.402
19585,7598.79
75055,31036.473
42035,26091.977
25284,9545.241
85969,29814.902
77457,10764.735
22155,3999.3567
15839,10065.378
11663,15758.408
30098,16934.42
93480,3618.1946
46752,48486.945
72455,19321.75
93839,7876.769
60635,38048.66
69179,27049.059
33289,15710.015
90578,9177.159
15744,5427.634
73511,14349.422
95536,14542.638
16336,27598.215
23489,19874.77
83255,13334.239
20130,29245.607
58200,2940.4385
41751,13386.884
90876,16356.873
73993,16860.256
54229,24063.504
36002,14024.065
77577,9169.192
47683,26282.844
92344,15882.463
47785,18023.277
22504,29493.416
94896,29665.582
93864,17054.58
45055,9578.276
20535,24749.295
81815,15157.29
94903,27848.594
43561,6519.779
25941,9176.367
42321,25864.898
94170,25430.38
77564,17251.33
87776,13172.199
67974,16634.773
82657,11837.023
23079,36601.234
95577,50560.984
26436,7941.607
21087,25618.727
37466,22920.148
90948,7085.958
78315,6959.086
65922,17828.021
29470,12003.903
68077,5951.384
59967,16535.82
42747,38656.76
25402,16005.718
80803,46052.312
11698,29391.486
10564,9049.306
78707,24726.297
14511,30837.592
84359,7527.73
71873,9596.747
95960,15331.959
21581,18949.045
13740,34220.953
40234,9723.883
25001,32796.766
17247,18061.22
15780,12421.805
72761,9597.12
16105,8622.01
33927,21331.768
37170,30056.18
75087,10516.928
67548,9954.986
13225,15909.533
11033,12141.13
47134,17543.084
27228,8315.789
93613,8690.763
45166,11482.0205
64925,19860.92
76410,23649.465
27446,20469.268
25418,32094.496
52761,14824.0205
62054,12642.093
24518,10865.406
15921,22797.738
61017,7317.025
59626,9581.952
43229,5407.503
26878,13454.457
41107,16552.932
45266,6442.0146
90785,27332.84
36401,10750.36
81300,33858.977
80083,12644.254
45384,10333.722
46312,33689.473
70363,16143.362
90103,11754.789
18883,23891.453
29609,5731.1597
69563,7203.4907
44099,6461.5835
67956,6711.957
80887,10602.575
32780,11980.871
22450,15198.209
11668,10961.094
24654,12148.42
34738,5127.4253
35668,12449.036
18735,28337.617
90686,16583.21
33507,15099.898
42353,10379.378
51926,7674.99
90356,14610.989
58084,24984.596
91377,66528.96
97832,9283.28
26415,7802.438
88318,11709.946
82719,10187.165
76816,7990.579
39655,26383.191
94569,21626.623
96123,21082.791
88912,22077.055
79092,9604.315
56310,22010.508
19523,35171.863
36876,12910.475
58682,6812.9556
34320,16044.703
93972,10370.655
80006,24380.895
75036,4634.7627
98988,30878.867
23613,14309.167
26510,17990.625
18562,9529.992
47307,10649.407
92257,9965.666
49027,52499.21
43298,11467.456
87811,13431.922
20541,11032.877
81045,13373.526
39639,14103.103
96205,15913.033
82019,12033.248
37551,18635.85
84821,8540.126
47334,8270.218
88609,3440.3247
35784,12052.262
97798,21757.848
44159,21432.824
51506,11490.585
63396,15027.504
91213,6078.876
30362,11173.956
53575,20249.45
80600,11723.598
32721,18855.133
80637,18940.406
65314,25708.217
98891,7126.4336
39265,37933.0
15145,24660.797
14103,7762.238
93907,8100.5073
55215,10061.208
79254,20812.266
10480,13007.844
14954,23952.658
47110,18576.441
63921,28492.54
41799,27495.164
29497,7638.5254
25418,11583.683
16972,13585.069
80182,9698.509
19147,13049.822
17377,20235.791
75330,24704.965
15116,26175.516
26347,20605.564
10210,22399.957
85578,20741.102
17153,11542.234
19963,16917.67
21170,11416.75
85338,10757.982
64188,21593.203
76360,13082.036
39805,11135.873
16202,12306.977
59063,9981.716
73136,6569.8384
13117,7788.133
26013,14765.757
60789,25038.906
40515,13922.359
61791,20697.783
66628,18580.053
87355,10281.542
59234,6406.438
92234,16964.895
78795,8663.383
54509,12730.463
54493,34260.055
58161,31124.639
19607,12444.984
41406,12290.254
27472,22158.477
80496,10416.411
33498,21131.469
49844,12687.404
79629,10766.79
96175,4747.468
69352,10554.424
69481,6392.566
97341,25573.393
64994,29583.81
48551,27910.656
82541,20230.785
32082,9571.135
49071,10697.299
22582,16751.65
64168,29161.646
57719,9027.896
18233,5545.4155
33915,9673.392
57681,11785.703
25529,25024.33
97108,3832.4785
77915,14179.093
87358,11845.786
13980,7255.518
14354,15008.17
82296,16554.86
11803,14717.833
89348,8303.748
62119,16150.625
88627,7485.168
20979,6190.958
16578,11121.601
52980,9506.246
35994,26193.928
53180,12013.406
39925,17105.266
26719,24815.586
12060,19463.748
59663,16654.803
35084,11860.77
37312,18099.555
80390,21246.424
27127,7166.552
27419,7707.752
75130,14132.376
34788,5883.9785
42175,13442.449
15090,15752.0
75702,21747.309
27331,6042.872
69606,16008.367
87932,35109.8
14398,9799.917
74587,48362.992
51736,6339.9756
30291,13343.729
86814,29874.803
87522,20952.945
11308,24519.12
81959,10589.429
32669,9951.177
84508,16046.051
42661,22919.84
92195,15807.366
88888,13935.704
15387,27378.916
57172,9846.618
68150,10925.212
59364,11878.198
67497,24385.564
20530,18603.973
76051,9313.827
56700,19113.17
50813,27251.691
56577,16788.438
95408,28073.543
68081,6783.641
69116,24256.514
14606,26774.943
16945,14940.343
61987,9698.268
64979,20223.291
60480,16455.81
22675,9755.528
35301,10781.859
79847,9323.55
28183,9884.942
74193,8575.24
69943,7407.653
55675,9313.374
92986,15940.377
94103,7469.0845
45558,21253.621
24598,7333.805
96688,16089.958
18363,21776.244
89371,12593.092
83815,15975.73
46555,7746.604
55954,14257.653
15747,5987.188
82689,3652.8826
65870,9024.728
23684,7589.2188
81715,26998.959
17836,12920.822
24534,18940.494
71605,31751.473
24786,10946.634
16018,28380.877
87051,8086.0454
47299,10166.564
32044,10681.372
68699,12431.14
88605,15909.302
29665,14375.717
94455,9035.818
66736,13756.305
57757,19908.77
41186,13009.112
87772,13605.702
69191,24340.045
74154,10704.421
54952,34691.6
33028,13243.202
92094,17554.562
51436,31802.357
41012,30228.072
89586,13898.373
56769,12435.404
64969,12047.799
41076,21055.135
23315,13815.742
40558,14510.836
33582,10914.481
41987,17815.205
16004,11477.044
29709,39788.28
27872,11508.6455
31513,23533.568
71877,5774.4375
87877,20447.426
19575,23617.197
79862,8918.265
18432,4804.134
14878,8016.149
97707,17681.412
48367,14281.625
66184,8411.376
75713,6874.3765
97696,18026.328
77710,67789.89
95446,16503.037
72832,10268.324
17644,8459.734
92024,45900.855
99674,29334.475
80386,11914.381
18833,19695.52
33332,15278.298
46025,10713.276
64714,21781.629
17555,16200.664
68470,21774.793
42746,15574.664
52937,18877.547
27730,18214.18
10721,7052.2046
72080,15046.23
50979,22339.0
24048,10158.646
40596,14058.878
93099,12314.65
36093,6546.3306
29009,32459.145
49493,14104.9795
32427,18507.45
65626,20801.992
70305,9981.601
17876,8608.16
15013,33442.105
76662,21900.01
97258,28402.822
87922,30677.848
27706,19316.201
70745,7028.596
39281,26470.0
36232,15309.977
14965,20307.324
94999,14635.489
43676,38997.914
33320,11243.215
63082,12153.501
58417,26566.969
63458,18512.6
11311,30929.875
45843,13782.842
68716,14800.554
52298,8755.932
45498,16880.807
26999,11635.562
78568,18328.691
17631,6941.3467
93489,13322.123
73435,10702.857
22011,6150.1377
67389,10094.532
48125,18305.623
63350,22505.781
98919,13844.042
87998,8634.811
67192,11892.8955
68433,11942.821
17437,14418.537
83270,23210.123
98736,29536.51
29241,27355.393
15852,16789.979
73981,48507.637
20074,17161.193
14891,16663.074
89235,9757.359
52911,11265.095
89532,7859.34
57292,24356.781
48841,19440.283
31659,6735.353
43037,14067.052
17447,17718.186
98115,3474.9438
26989,17547.617
73187,10529.824
36867,18365.467
26703,13470.856
88270,6101.9683
37694,6223.521
34487,15556.741
29253,21860.557
11753,15311.331
51761,10631.491
67247,12154.877
72291,17180.031
39210,17639.953
63008,9237.381
51985,10375.478
53844,9490.292
88552,9391.254
84604,9873.789
23786,14556.849
67660,7374.725
57101,14228.524
27706,21635.305
21364,20093.506
61607,18905.434
12354,9131.302
46662,7254.251
59619,11182.445
31074,21084.2
86955,44915.566
41911,25682.6
86450,10507.802
27533,7071.8887
37079,6367.4434
89129,11375.406
19819,14687.361
19904,10458.75
93590,18498.957
98321,12658.449
44956,25453.83
92232,14252.569
43740,16097.894
46454,25227.398
28905,13581.907
29015,26394.201
42816,29403.9
85203,13054.587
18629,10193.068
15242,18476.33
14287,10916.764
57271,13808.597
38391,8534.717
82240,22778.15
47730,22992.846
82062,26545.621
10161,7374.0137
42328,4938.793
54715,103.00021
44441,15367.543
51316,19368.39
95101,10911.132
29346,22249.908
95458,40711.523
33938,13502.134
62804,13578.115
87167,14657.729
27787,12307.609
47078,20920.953
22020,3925.6501
36514,5611.998
20395,11720.907
41264,12506.013
44429,16069.312
65176,7534.803
63481,11842.351
33770,19998.578
15421,22095.66
69032,25892.506
12552,10549.59
77512,8629.527
76838,20100.53
79732,12327.381
61248,21146.682
18776,13878.784
87798,11061.692
69880,7954.777
57896,3950.1213
87461,19777.057
24959,21326.902
63114,16849.057
77774,33728.125
26092,10137.427
43425,19033.248
55411,13643.6455
88888,13368.647
62593,11544.295
65914,11044.994
47884,10319.812
97811,17208.715
64004,14059.011
68879,22886.094
69676,7226.113
37317,18077.666
48247,14313.819
19856,10950.622
67928,9298.1045
69919,3061.4211
39673,10557.892
42501,10631.518
30132,21622.186
65293,10945.718
71209,7180.9746
85157,13068.224
78760,15047.103
53838,16135.038
21206,9565.009
68261,16409.602
18897,36521.336
68616,6341.4463
54015,15416.876
81390,9055.356
15480,15733.766
61436,12374.668
24844,4079.021
33750,11862.325
81537,9133.777
18386,25853.566
73952,15399.839
17829,25057.723
21287,22928.54
89536,19573.918
67885,7019.8477
88702,24079.74
27228,12006.421
12549,8862.025
32410,29368.172
50753,13969.889
93920,8013.5493
80252,11241.395
61942,15285.164
12167,28225.168
88865,10043.845
33777,15002.411
61368,12274.634
36201,13694.336
96555,20027.928
34535,7296.572
26311,16623.672
90582,7468.6606
75175,12616.93
32649,19864.639
34634,8832.036
72651,15109.8545
95664,21697.398
77760,17638.365
81191,9966.23
20229,9486.9
10611,14361.942
33215,13635.947
53260,26085.521
77788,49209.21
79293,9349.276
53843,6482.2466
61168,3909.2515
66415,15440.244
54692,14889.885
25309,5456.9346
90782,15849.127
80730,12476.032
46525,7303.896
44124,16785.79
36039,11086.23
57137,17303.59
58211,10164.4375
76290,33324.58
61123,12866.192
91378,17706.906
38602,14418.933
47144,8460.698
69099,20049.475
27321,22657.996
80315,22275.719
73067,15262.935
60489,10717.706
31868,13184.889
50459,9634.067
68640,9947.937
15532,11832.225
25955,15533.69
89944,5688.2544
18688,19295.262
29888,15570.869
79827,19563.863
62764,10432.413
28456,11430.344
36272,33410.934
25868,27684.662
96973,7650.505
57479,10812.245
15912,6805.698
99606,13857.897
54972,14507.161
68866,12154.295
47183,20432.316
11750,16566.945
94785,13479.277
42391,10259.661
69629,21264.03
67961,10231.717
69029,7114.283
64719,22216.371
50033,10166.009
87477,32071.645
94681,18895.387
83280,17863.623
42352,13375.645
86960,10561.234
62388,7295.6865
45757,12915.8545
26866,11924.788
12003,11612.624
65456,4751.756
92833,48137.707
90466,15535.96
42138,36784.14
69347,31211.97
30075,8305.307
39125,14355.297
68296,19101.834
84277,6421.567
71981,19242.19
63738,13192.951
71916,12648.651
63464,8664.173
18273,9246.282
10744,7577.035
31901,38643.49
83188,18428.418
59490,1860.3301
79538,11222.311
97897,42846.5
66293,16888.727
17992,12774.913
42313,21149.6
16562,11842.883
24373,11789.9
46197,12129.965
38244,18446.01
52653,15218.635
45132,13192.736
71929,10793.171
68845,12051.793
90510,9809.192
56481,11541.902
91571,6962.448
15766,10449.832
57419,19420.928
85868,6791.207
94629,6497.865
56741,6081.702
87241,10896.959
85155,21026.93
22149,15783.899
52633,13259.695
22656,20394.748
59988,24059.363
59757,17583.656
70625,7413.393
90609,29615.871
34287,21354.633
69838,14095.833
76736,34384.0
33123,19428.945
43401,22717.543
92748,12511.981
73253,18322.08
76521,16642.361
10113,11739.56
60238,9508.052
85964,15106.229
86918,13150.956
60535,24982.691
75649,23313.668
63770,21464.613
43048,13744.823
69539,17112.29
98049,13703.125
63328,15514.199
36671,12261.516
42502,10533.36
42212,12489.635
22215,15859.314
25882,15728.141
53367,16494.67
42389,11498.619
55915,20720.818
68495,11671.816
29845,21179.834
88720,9511.627
86857,11619.338
82744,13522.884
44961,10425.13
39293,16060.875
71793,9364.366
54128,13735.915
65844,23383.938
82194,17719.178
11650,10217.754
66698,8534.717
79288,15561.826
85057,20837.355
41434,16801.707
45331,36461.15
44860,7969.9395
83248,18144.52
27170,20622.527
77020,7325.337
90917,13343.256
96487,23389.809
67362,11083.848
13939,16820.113
53819,9111.122
48058,5983.1616
77309,18453.482
69028,40937.09
96214,8935.872
52088,27623.672
57089,29008.047
46934,11850.812
38199,23675.127
52725,22883.719
32381,7690.3857
98454,18317.045
12725,9872.238
37680,12524.137
72980,33987.723
58979,24028.309
64889,34012.758
49373,21906.479
10883,2617.9976
93647,27182.371
53651,10201.263
11322,25232.873
30422,19707.555
88658,5633.4917
94023,24757.234
18558,8174.846
69677,13756.592
93217,16146.04
42318,26152.814
91125,18705.355
40340,8173.996
50086,14906.975
76902,28303.564
80902,11361.974
92162,13905.5
84498,19122.69
55695,17632.63
93390,49577.562
97403,14933.573
45565,9324.614
59267,10276.451
91765,22080.975
58666,12058.005
94964,6238.136
60333,10208.018
82829,12455.175
27248,28347.178
73151,18338.346
36447,19536.062
20750,21486.482
66090,17175.055
19797,3380.1077
28396,12780.667
15824,19599.576
31152,11358.824
73805,12617.801
47466,13830.752
83396,23885.168
63829,14260.81
10079,3136.4111
82194,10696.282
17299,7302.003
82889,7219.204
91329,8755.751
34341,7025.9663
99816,6559.359
17266,9948.484
80769,13786.68
79930,26274.893
22081,20621.73
99269,37972.246
71503,20141.375
97453,6027.036
20530,7279.4297
55403,23225.129
94501,7486.178
93185,11428.791
29877,24712.428
13373,9821.692
87827,13069.381
94156,17517.465
10624,13266.235
19527,10902.134
98142,8087.0386
62215,27007.775
10805,20520.516
54776,36994.594
77347,11256.093
62871,20468.82
45379,19730.69
68916,11402.046
18958,19580.668
44458,26147.826
82339,18220.705
24128,7716.072
10753,26667.484
76264,20261.62
79287,17325.295
16733,21304.61
78719,12447.318
11066,6346.0464
20101,11290.342
80884,9934.288
55078,17988.547
51494,26771.53
52320,6372.8706
81260,17989.982
70645,7747.644
36253,13817.637
83280,20578.662
73210,9897.633
22835,13407.415
23553,28892.393
35243,36217.61
85960,9744.658
98417,9542.205
83347,27162.123
24421,19419.373
19626,17643.197
11428,7721.7563
60478,37401.406
62721,7031.926
14016,10112.565
81621,9168.639
59017,23981.484
93784,10393.732
41154,2529.395
55124,10742.629
87502,7680.9985
75805,20240.373
23005,18990.57
15668,7359.848
32037,32950.805
72662,26547.24
42684,51659.01
82535,13539.221
87186,11959.302
10273,19942.785
64197,12572.087
32967,13595.558
33801,27811.934
21476,21602.498
46178,12957.282
37032,8524.066
83632,11217.709
76858,16549.637
47337,8720.326
67335,30369.092
91020,26338.662
38593,11873.677
13839,12638.176
88194,16993.357
10125,19806.775
26078,32496.93
17135,19309.842
46193,34458.383
36608,24512.62
50373,17932.455
40609,24167.29
95165,9925.311
43466,21102.82
15377,8529.386
80544,10020.877
33767,14971.029
51823,24059.031
15223,9005.242
84838,20593.9
44524,12036.045
75270,29956.361
93959,6953.2974
90864,9756.349
45807,18560.412
12527,8198.893
87044,18101.145
96212,8095.049
66906,13746.056
88705,8643.131
21741,7893.6055
25724,14544.934
58012,20035.477
19437,9853.144
68158,17945.85
51191,6114.7627
32981,9664.534
10257,11810.125
82656,15248.069
21930,9558.217
84538,8249.102
98050,22505.154
39126,15206.374
78652,14082.415
46819,11251.971
14004,18903.121
45767,17022.4
32681,14339.201
53706,12928.967
43441,20768.49
54909,5494.0747
68865,11710.509
94606,10584.643
19549,24652.56
61709,7043.212
57147,27580.592
30608,24525.732
95334,9559.105
14826,16463.916
19796,15311.419
95331,5969.7646
14476,13442.422
47176,6598.7075
33568,24092.426
91604,11874.137
49262,9839.866
45064,10527.706
74500,18085.654
19180,12607.836
69769,15547.83
54590,20155.125
98378,10814.229
17089,9876.051
70026,25026.752
17087,8851.769
53463,15323.893
46100,13257.079
91978,15246.351
89677,20681.072
84393,34779.793
91061,4719.395
66585,9329.391
62819,16363.61
18976,15751.55
38154,9305.796
66007,7926.9727
66769,9175.611
52219,10749.012
90706,11741.8
68627,30868.18
21017,30219.348
45396,26005.236
89349,7367.097
59845,23339.188
98084,7979.1772
33911,25744.955
30855,13611.702
97549,17836.285
29079,6924.8643
66835,10301.978
24524,20011.453
55295,22338.41
13094,44005.81
95995,14422.629
62995,18160.246
42347,9099.081
98829,23592.924
45306,9744.04
76797,22221.434
58733,13581.97
63988,14108.085
84673,11776.737
75223,8476.0
25419,6101.0107
37267,11257.109
32463,20450.885
94755,20171.69
10114,13309.346
52737,10619.729
43203,10378.639
92743,10596.963
89942,12977.45
69171,11938.887
30920,10161.876
23695,12313.013
23250,8655.537
12516,15083.017
61279,19856.424
99828,23348.412
61838,18006.188
34452,9873.674
64519,28698.963
87572,15994.552
61847,14056.888
74886,3514.281
81412,12006.154
39023,16210.575
55890,10790.2705
38954,16998.783
49535,35694.26
41434,19412.47
52715,17873.94
77274,32413.363
97465,13273.857
66657,19314.111
94476,16144.105
87338,54774.79
46373,14449.645
69293,10709.026
21081,10331.726
48603,7406.6997
29442,22476.807
51984,7610.7505
72572,11318.995
22136,21467.873
60739,54684.414
43900,8752.072
37191,11677.196
41478,10038.664
57153,20351.863
54412,12991.569
33331,34403.145
57151,20746.328
27954,14110.61
84602,54926.93
61517,30398.572
81256,26766.53
41951,7662.649
44458,14299.04
82589,11371.043
85337,7601.434
46953,2564.1572
82922,15124.598
89086,26552.143
24281,18562.219
30461,17096.42
42089,7872.7495
41012,6080.6704
93937,17219.756
86624,9310.962
44879,13375.645
71462,12039.417
94208,15540.457
87593,25786.604
39136,7288.942
90246,13345.558
37898,21718.398
63359,38720.277
74237,13993.49
22506,2295.606
46176,14770.008
19334,4508.5376
71125,21769.996
70983,9404.677
80580,22734.117
42978,7168.3354
70251,11456.97
16005,15195.727
15518,7320.276
87111,11615.053
20081,28217.867
81953,20864.555
63450,14661.419
43751,17503.021
62557,15958.605
26854,16188.728
76467,7018.4194
78536,9981.208
54214,22928.852
87299,52909.824
50780,21075.205
32404,30522.74
79780,38294.227
40772,19107.496
13667,17489.94
46222,11945.13
13763,16312.76
89634,17839.287
30889,13736.044
35805,12138.023
46249,27053.055
11619,18719.445
94126,21004.488
10641,9369.769
30512,17804.912
81414,23990.65
54791,10461.149
56381,19255.734
34800,10699.908
98794,10141.857
23314,8108.453
97124,18217.03
72561,30589.37
68418,2733.2732
44246,15748.566
67471,10673.747
88628,11742.253
42345,22143.377
15925,6634.8135
42844,16872.871
25577,8327.431
76185,38191.94
37174,16023.411
41587,3222.6294
54495,11856.124
32858,30630.158
35154,27127.299
38845,10722.011
99646,9866.43
51950,26557.46
25201,15399.839
11256,26914.896
56518,12207.449
97103,10393.493
62813,7397.7666
91249,31902.871
12889,15204.253
77417,22725.791
15941,11122.91
42386,15414.529
15632,8710.9795
46833,17787.041
75319,8614.75
69288,14588.121
94665,19032.514
46155,21421.604
15743,19158.479
35053,9256.578
47362,16389.791
21760,26197.627
43801,7376.2373
31246,14614.974
27975,10631.793
66536,19914.445
85206,5286.9644
16384,11126.703
93073,7084.38
94266,16859.55
48307,25656.549
15861,6668.7456
67507,11945.893
16374,27379.584
40861,26483.684
91108,14366.72
86096,12347.438
96823,29171.334
56116,21486.504
85838,19710.088
98129,13239.719
43494,14523.63
59935,31992.285
12493,13503.489
82724,16804.31
37629,28777.895
56674,7521.1973
64195,24552.795
78257,12009.874
75198,13034.596
45877,38612.113
67652,8602.851
47476,17265.627
62092,6367.4434
67327,14062.864
99299,6229.497
17170,7172.421
16756,22419.445
93083,12922.758
52836,14580.785
12556,15865.035
79696,21613.621
99152,11015.961
95690,35814.28
38564,9181.24
85167,23269.262
98482,7342.4917
17656,7496.9116
61976,11730.993
70221,13154.89
20249,6319.9517
58131,5098.4053
35214,6249.4087
49401,41322.055
88165,11361.237
57356,17266.105
37180,9356.744
72405,10523.007
83237,19943.607
33824,6450.883
45852,4751.9585
47609,8968.473
16754,11271.323
76816,18978.389
80377,14006.503
46652,16936.396
99595,7005.8047
23874,9994.727
44837,16337.921
41831,13934.573
45223,46753.863
52499,9196.596
33072,23555.078
84379,5946.8423
95628,13782.273
45559,20546.383
40140,6022.4946
43091,6520.1235
13641,11884.924
83307,26095.809
13141,9716.153
33943,11455.194
93734,22455.646
64763,10149.98
92032,20296.11
34027,5962.312
90546,12169.963
95507,15316.173
15180,12690.835
96176,10978.927
89359,25290.486
50852,10601.514
85996,29544.662
85148,10948.856
71653,18543.6
32975,12538.458
36465,6728.4526
27340,9772.039
53516,10214.809
62848,19369.014
76129,12861.924
92828,16014.517
21284,6238.849
16521,13486.481
19441,15847.494
44616,11282.445
70356,27169.977
75491,11319.267
26554,18864.727
83464,16718.53
26283,11279.863
50150,11499.868
16362,12407.215
64174,25692.291
26506,9756.966
18241,13885.84
18748,28769.389
27830,6874.3765
52961,32686.717
60340,17155.01
90267,20067.871
27476,26539.617
53693,33385.54
35224,14624.741
50134,7007.392
83934,15751.791
45257,10077.044
50690,21495.527
96165,6579.234
83118,7330.016
98121,15997.762
15753,21935.703
62356,7534.803
54881,10367.948
66514,10960.888
31419,4743.622
97578,22084.309
88545,20435.26
71676,10977.554
27038,10491.34
53075,7157.59
95140,19294.36
70393,34251.03
83872,14910.901
35611,9350.53
56814,14175.678
30420,21564.299
57028,23705.873
59990,35265.547
48477,15066.074
84424,7669.5845
12853,11288.015
82038,10689.281
71455,10019.455
32787,11067.987
20908,12570.365
88783,12420.383
10712,13481.185
79236,17023.81
57426,11703.95
92829,15945.761
26788,26557.986
47300,11848.3955
66698,25441.734
62712,14119.628
43725,15717.549
25035,10569.375
13696,28644.266
17352,20292.707
40706,9189.064
37176,23209.797
38923,14610.298
13988,27162.164
97802,7177.486
29230,30291.959
81208,14835.309
95000,10965.617
32467,29852.486
65986,12617.548
81533,49058.504
73424,13887.829
76906,6680.1816
40732,19814.697
82704,21003.822
61472,20251.354
14816,18684.734
88802,11281.185
68372,24524.184
22750,30562.13
96195,28503.258
87568,8894.912
42265,26390.318
95642,11920.896
37357,11059.787
62299,12802.225
51435,2234.9548
96934,26453.979
26369,14648.264
82696,20145.75
26435,13104.366
59083,11973.858
79981,56851.38
11965,11213.656
12657,20303.176
59506,10514.917
62955,7416.6978
45707,29698.498
76136,10734.726
49321,15656.544
30197,10035.998
22769,9911.163
40597,18506.592
54818,30079.682
39750,6397.6763
80440,11578.251
13322,14094.127
36632,9361.936
65516,9759.014
42483,10977.92
64188,23040.361
19964,14902.895
32723,19580.29
87134,9373.577
63850,13770.129
75119,7393.4805
79648,31504.613
19260,7998.0615
29256,10594.998
56381,14533.984
74967,37719.746
42121,15048.256
80995,16153.672
54661,10544.133
26854,8089.9585
81164,14792.327
22808,27958.5
44089,6793.675
73658,26120.975
34663,13957.558
32720,18228.559
42175,22931.68
97806,13385.803
17500,11987.753
12631,28806.793
15324,16191.286
39645,16454.553
79640,10803.783
94851,12391.315
11865,19306.066
59198,15697.211
59527,6885.767
41701,13667.837
96886,4510.3535
27964,19168.268
11240,7245.5024
77244,12859.299
19846,21580.25
76383,9499.917
25549,10222.113
30839,19141.688
65983,28434.297
72064,11778.146
66880,13442.097
90290,15037.836
95867,17493.465
43591,25667.135
14486,16475.121
49113,10994.947
31579,26112.27
14743,5560.6284
33999,9518.847
81951,28269.459
25485,12718.654
83720,17019.086
98897,9961.008
77587,12912.071
82954,15038.43
47979,22674.389
42950,7534.298
54504,7067.722
21774,33460.344
62416,13934.83
84195,17483.57
86408,23849.02
22156,21393.434
67767,16491.217
59139,7855.637
87315,41075.332
30224,13752.976
83453,14064.632
56327,13109.801
93849,26428.535
91863,10583.647
37952,7075.3013
39955,22426.738
91469,8461.026
72692,29760.822
74144,37786.773
46068,24846.988
25078,10062.757
99808,30135.012
90325,15932.786
32353,8301.213
29560,24231.719
99224,25940.006
52709,13378.846
46596,14425.061
18949,21117.738
20304,6377.903
96714,10867.467
97430,14622.73
35966,6265.7676
85902,6486.0527
44696,7148.566
68346,9448.642
48284,13648.484
95277,12421.873
50205,5106.6924
55432,23281.674
18722,23842.299
46885,7256.1924
95345,20917.852
65269,8183.117
29472,16218.378
43072,16143.676
95314,12084.11
31776,13902.099
67497,13538.425
10946,26174.35
94577,22542.598
36551,23871.754
62169,16243.607
16309,8623.818
23891,17787.139
88984,14850.495
15883,27834.61
12032,12605.69
58353,9925.613
26718,21178.297
15422,9065.596
46441,10644.691
47272,12266.826
92565,12654.862
37283,17560.006
29041,9646.974
96692,13890.537
21853,7166.0796
94772,19251.33
73376,19249.066
39931,16167.56
92382,25513.518
29576,20984.24
22660,16404.498
42034,18587.9
16627,9186.924
11228,12299.488
83160,7187.3438
91066,33334.836
20268,31967.611
42500,22339.742
28236,16906.086
50750,16254.13
59924,25938.795
74446,14859.904
10377,9335.431
16235,24805.459
98201,10049.901
38440,13484.868
18318,15462.2
46684,22614.707
39821,20595.416
33464,14038.081
60321,10649.968
16657,26819.447
60659,13335.079
76230,19322.908
30996,17174.8
34310,21614.93
69019,7992.8535
20036,12011.135
31325,15782.503
74875,10674.655
83750,13894.701
89294,15805.259
91523,17467.055
48260,34209.723
39007,13506.09
92964,7802.0596
75077,6311.9297
76977,14295.636
15136,16423.604
53314,7060.7134
14209,12851.804
28483,11045.03
65393,19047.838
98433,24319.062
91894,8489.7705
49181,31434.291
53467,33035.836
94669,24673.912
67399,14721.984
23573,12678.878
19364,14844.08
49729,10936.898
43346,13391.227
49181,4643.058
74546,13774.978
15332,9505.7295
71474,9222.698
17681,21986.047
38291,5611.001
79756,11827.836
89369,15523.459
38772,17355.389
51603,5325.744
35295,28043.05
65430,9150.549
74481,7664.591
34473,25558.01
95318,11229.677
87898,4031.321
18953,26022.326
85688,45835.594
20892,44312.715
10233,6076.755
26711,20813.424
55587,18447.062
46437,5752.3325
72624,11316.812
84913,25566.637
16782,18667.396
72856,8217.089
91929,16946.139
88397,19104.61
99601,11240.15
66172,21178.691
82249,19696.479
54928,7718.5273
41856,22557.451
35338,42268.5
45951,9813.594
14649,24999.195
28854,11836.971
63354,16848.844
84122,6383.707
52409,10297.722
54543,7031.3066
81148,17562.604
35229,28674.207
13484,27851.229
26439,17666.688
54603,16283.106
97629,13122.171
55723,8087.0386
12310,6595.7363
72510,17669.633
58470,9573.942
43886,14309.402
21034,24853.756
44539,11819.002
85518,74608.56
62935,52105.008
32147,12561.266
91752,13244.069
11408,21970.89
55192,13810.972
30478,9348.951
94202,19890.957
48949,15243.444
21244,15742.906
42987,17710.773
27920,8501.619
87470,13880.051
36666,10552.744
63204,8928.586
40468,10479.107
99126,49211.49
23445,21031.453
69530,4950.385
96557,22870.092
83086,20146.838
85527,16987.229
37625,40505.527
39397,10056.51
31907,8904.28
12646,19933.49
22675,13699.381
19144,7880.724
34957,10529.6045
33151,13694.009
34412,5699.285
79381,20132.076
72972,7880.7
35356,7403.3496
91415,9195.861
64302,16653.25
68699,17256.0
11908,15097.543
47377,9761.569
51720,12064.824
11986,13356.518
15414,11492.004
54447,9325.041
50071,13962.509
77094,26071.797
13879,9405.918
25274,15376.376
97825,15961.5625
72350,19407.713
82216,11013.728
84533,4599.194
16205,18333.078
80805,11840.432
17250,25729.83
70417,12663.162
64251,11417.085
79908,31869.287
91255,6900.9883
62888,10422.5625
13951,20643.504
58978,16220.942
85745,7911.696
28115,18297.135
91976,4615.821
90352,18127.652
50953,10756.171
83896,19161.238
13504,7655.836
38941,22698.021
75764,42244.52
97325,6520.805
21466,16728.906
25409,14130.571
77898,16834.445
19142,7793.3833
37073,19386.44
62021,8880.373
19018,32435.318
52989,11170.014
82845,8367.958
46016,10050.32
44633,29089.312
64605,10429.326
55017,32583.002
74229,16491.38
35056,11542.951
12864,14885.931
45734,8080.35
44480,6809.0312
49746,10965.818
18609,2838.6304
68970,16147.885
53874,33700.414
11879,27531.06
12277,29003.5
60445,13296.719
76664,13111.273
48073,18413.643
55901,32107.121
79120,7735.029
51973,9138.541
76485,24663.514
43611,17672.252
56352,17375.53
74876,15309.09
93106,22374.086
13507,13379.814
33633,4020.6006
26710,13754.942
89362,52638.332
51674,21477.215
47728,8548.57
72193,28023.162
67035,16864.295
36479,30602.469
18439,21730.871
93569,7677.744
69000,32649.33
25091,22260.79
20621,11464.544
98360,24384.053
72793,26186.941
54311,19914.332
25770,18539.494
70587,6740.7495
94993,54000.67
99039,9164.706
49918,10456.419
45234,32390.385
47752,8513.873
44914,8683.125
81292,19906.951
42895,16462.58
99319,9150.13
40941,21588.941
54046,18784.713
55573,21099.729
15380,23101.13
71649,11099.017
12300,11509.942
87668,29699.855
81093,23838.912
64089,11656.201
73433,15240.454
15438,11031.697
19392,30725.145
48662,7120.2935
34913,27672.31
73494,23331.7
62614,14146.914
86290,19597.098
90970,10778.629
29982,10089.638
58649,30371.783
43982,41376.27
12410,24096.17
99315,9607.317
80930,15372.398
97869,2241.2976
93773,7976.6045
84652,19919.191
40804,13810.6
91293,21534.61
16068,6840.33
72471,12759.165
23212,7154.2773
90798,15677.777
92449,11997.358
84861,12192.222
62881,12513.38
19486,7207.9785
22214,5701.438
34912,19867.17
33300,30201.766
53253,11257.495
13415,16780.352
67778,20003.71
37575,11815.775
17778,2295.3757
30692,27505.037
70837,12313.013
48211,14522.454
58637,8752.6455
74990,24308.938
85207,7823.233
34556,17745.232
49570,26771.53
29494,7646.5293
47007,31443.838
81743,7676.9253
65791,7596.125
91249,9991.791
61960,11052.011
90966,27426.088
68006,22117.559
77801,10023.502
75138,8010.193
80738,22001.18
38711,23876.652
64150,13017.356
39008,13370.4
93175,24706.043
80352,12564.222
23254,15826.307
48686,41044.227
21220,15594.903
10626,7150.5093
61097,19853.76
56289,14484.931
49873,26738.264
17731,14402.206
23474,13335.286
37671,12225.762
64217,25051.762
91981,55900.867
82473,20909.834
10598,24987.527
37447,15273.767
57449,9900.4795
79010,10302.759
96708,9785.772
92697,17275.379
50000,9505.319
41952,14922.249
61945,26723.264
51129,10172.62
82202,9715.423
90592,9364.343
26585,11948.753
92827,7929.898
33941,20390.844
28230,18894.53
39617,33841.66
44857,18207.129
46223,8512.833
67661,8299.957
79839,29754.531
88281,16017.199
84553,14058.296
50913,5648.2163
35706,26260.281
81604,25149.191
24376,20031.682
31601,47870.094
13250,19697.916
28054,28094.018
45693,17421.275
30284,24534.922
85750,11892.754
79576,19813.174
70022,15989.375
54686,25786.604
69954,4515.29
55933,11370.385
29526,30525.936
50072,30683.572
55957,16507.152
50366,28951.393
64545,13316.144
50646,13408.639
59502,19085.4
84990,21087.764
89364,18553.055
43863,10381.847
57514,31861.139
10988,18882.963
43115,57948.363
78239,10459.554
25218,17648.102
95433,9751.173
86393,18889.805
86590,3920.8628
11778,7237.6533
87601,11615.053
49397,22871.63
59652,16828.982
44217,35286.176
46995,9499.644
32174,14212.608
52206,16150.398
55036,10132.159
19133,15057.572
61044,12610.103
15595,14419.608
31751,13249.907
87838,27756.945
14781,30547.174
38916,29237.756
22238,20176.191
45268,10001.542
80010,16751.803
24320,24218.742
82656,28735.111
70121,19156.234
70541,17881.594
14165,21237.434
95338,9768.784
95677,31425.887
66010,22899.71
79955,12259.563
97668,26013.71
38837,11956.766
81947,12377.024
82763,11898.157
23986,9409.659
87183,9070.698
93147,24390.912
71707,14976.497
90668,7946.147
52620,22878.178
19794,7985.963
92868,18615.998
18052,17016.928
51577,22587.035
19597,11996.949
42155,23291.936
14454,16286.783
87933,31435.018
94773,10512.154
26490,20700.0
88595,11574.536
60959,53814.273
43643,29450.734
85010,12992.328
63457,7440.046
71199,23943.049
62576,12948.602
66310,9045.2295
32787,4267.8726
46664,24689.426
56458,8098.958
30042,15073.3955
82018,10427.973
52971,11271.031
48513,14236.586
29439,20652.418
42837,17188.146
12858,18453.775
21451,13327.912
38757,8443.63
42767,10766.524
54976,18180.512
96159,8594.657
53351,19842.887
67067,14369.05
69640,19872.5
89470,26188.85
68112,18664.387
22954,12540.73
15467,12945.43
44293,23342.021
60360,14523.63
61664,13022.028
18206,11959.951
15757,16661.688
40943,21507.334
66424,11382.401
34025,20832.436
76850,8792.893
68117,17488.838
37913,6974.923
50796,13088.06
82744,14913.254
38116,20231.969
90367,8627.077
22891,8578.421
25967,9859.485
39681,18801.459
32697,8841.265
71136,13298.88
98621,11117.125
98301,7789.602
35085,10975.066
64354,7914.1484
88305,7390.2075
37648,8348.017
71348,17192.684
40768,21009.188
31504,7463.6753
17268,9668.99
41481,12471.219
12531,20380.062
32932,26255.13
30156,9083.922
15742,32595.809
39470,21683.688
26051,24609.209
66882,10500.395
99668,20911.262
76590,11427.076
36899,10650.185
73630,17831.59
42462,4826.799
95184,19849.082
61781,18478.86
80653,15580.093
51211,33032.176
85749,7207.9785
90337,22296.936
41736,19483.242
90673,13991.595
58756,7805.5874
13510,23793.963
14824,28931.992
71784,28837.13
77723,10990.38
68649,21013.57
43380,9830.413
74515,11060.522
46075,33170.05
45967,6288.2944
39786,29198.371
63981,7649.485
61227,15968.654
87716,22223.895
10761,10373.93
79222,13859.089
11606,7133.289
27484,31152.342
13029,62988.777
74248,23630.107
24341,12480.08
54967,13832.614
31685,7431.1943
19121,18874.309
17380,13053.506
20352,6946.326
39165,7604.1313
49785,12133.748
93851,7080.985
88630,10513.28
17601,23427.752
88554,17193.297
98598,25754.64
61124,8632.524
40408,9002.412
18665,8953.117
67389,12550.825
17460,22507.96
17253,16952.43
33459,16610.99
53088,32522.445
89193,22582.98
85907,8544.754
71258,11210.43
93096,8948.304
59038,14492.985
46806,20438.846
79468,45437.324
87628,7467.735
74230,10703.881
81160,7028.74
46813,7060.9897
10487,19167.57
37285,13853.156
71649,10791.313
36949,24364.324
35322,10411.55
37441,9457.483
83930,26314.355
43230,16723.04
68539,8864.679
78734,8245.42
48375,16206.824
58161,14504.865
46087,9643.428
49250,26850.322
31778,9435.417
57399,21644.197
20063,9438.623
31534,13687.519
58923,22110.963
36503,14529.407
83771,8591.958
50442,12951.247
78029,23577.188
85630,6270.1704
63649,602.36743
23045,11743.357
15884,25776.504
77272,22064.283
44547,11324.329
17392,28799.334
34082,15475.017
88805,15340.101
56774,9096.172
77255,3509.8254
44621,9063.855
46791,9506.446
53244,28918.682
63783,13190.771
96042,7506.361
51244,12570.079
90071,10775.595
70548,10259.529
88624,15805.149
35286,11294.323
99412,7542.3247
85167,19215.035
11478,17900.135
53493,13520.01
33833,8672.948
35415,6915.524
99036,14422.729
77826,14904.947
90498,9761.946
90523,28700.725
51401,12900.781
69485,9332.46
15452,15637.396
54950,19246.732
10962,22033.0
93754,9681.028
14147,13846.303
64231,29478.727
75003,9655.784
86167,10506.212
52859,30818.121
68876,14597.438
80397,10701.064
62159,11838.809
61976,30766.678
33549,27332.84
61423,29556.014
39090,13760.778
84228,12087.333
10494,21600.143
34609,12998.691
44054,11017.21
71965,29740.512
34580,11598.214
48229,11731.636
57546,9882.578
32105,13210.936
32608,30141.89
31861,17455.18
97763,8908.777
18010,22591.908
79744,7611.6787
97227,18327.514
47388,9631.664
97334,12396.95
91908,9924.064
69260,13575.287
92277,8095.293
79727,10061.408
36434,7620.32
44629,9783.478
64495,14735.078
28208,12431.275
47867,8333.55
68852,21603.637
79021,14618.784
24454,26601.225
14466,28575.947
80709,13746.252
57507,26774.943
76816,10772.276
40241,24442.408
96073,5039.9463
45694,13194.584
89718,7253.0073
85912,20948.992
33007,20876.574
99262,10265.646
81199,13542.25
34239,23867.525
90454,7610.0054
85893,19351.953
20116,7821.9707
25737,8679.694
30970,16607.895
79775,18747.787
81125,19329.516
80676,25312.564
82628,8430.94
24619,5938.2603
47826,5658.8975
29198,16044.899
39250,21544.547
51658,7768.599
16136,13243.7295
95582,24577.182
39704,17903.613
99010,22786.508
64475,7816.217
59621,18185.703
40642,10193.688
76489,22741.08
57820,14999.177
91046,21130.725
56093,13609.045
91880,9757.916
59309,14703.125
82652,24658.87
77680,27411.107
67151,13005.03
93223,20896.984
73250,11018.72
72607,14170.101
21954,15059.253
38054,7855.0356
27196,7247.0435
27522,14001.12
92293,13255.015
97105,12505.633
55396,14248.582
72064,14572.494
29612,28586.857
97599,20910.662
31030,31924.031
61436,17144.3
70447,19185.703
18941,15509.093
98097,18779.35
29980,9406.32
40465,32847.32
84831,26892.508
75056,12833.698
45284,43235.74
79751,10213.2
30051,7368.05
60504,19470.375
22623,49810.082
97178,18668.186
52682,13388.087
92513,15480.431
33823,22382.527
11159,7846.469
12413,44325.824
21632,37041.344
73580,24513.217
18276,15337.191
99310,11610.9795
14773,13844.066
52206,19739.139
23148,11761.116
97006,21861.262
55179,13377.2
89606,11175.815
53054,33745.33
32363,14881.547
81032,5485.134
87416,7323.906
30701,18548.922
11846,24282.533
71922,22460.16
27268,25223.225
88713,19145.74
24211,17141.65
13491,10483.926
51013,25029.412
41737,16619.516
72530,31766.025
30014,27376.863
12618,15657.729
41768,9525.13
76395,11917.057
38791,12313.172
32076,66384.85
73669,10531.643
44269,17982.719
96594,8644.7295
62109,15154.512
41289,29814.553
65837,7834.744
94858,20674.766
38771,9651.55
53583,9661.4375
38943,17737.85
84721,8119.1694
41242,16884.572
70191,10753.845
19920,13850.831
84672,11619.421
32707,36062.12
47172,27390.682
95050,7664.354
69632,12418.615
44766,16048.53
59717,12117.509
26464,13085.558
48780,15507.6875
70850,8827.973
31638,14600.013
51336,53798.195
26931,37804.97
67817,16238.031
36570,8592.98
73573,5498.382
19948,3701.69
19863,9448.409
59791,13793.219
39827,11675.129
19391,7526.34
12099,10161.777
30147,24701.682
70805,8179.889
26554,19557.48
20554,9962.596
54389,11162.251
23179,5687.805
83737,13231.082
20105,8954.735
69636,8698.562
92378,2504.3132
55228,33048.395
58930,18584.709
26529,15658.062
61767,24148.016
79760,34062.402
82955,16136.716
79737,16957.057
73719,41458.074
93884,21194.62
24684,9643.254
81949,23606.254
97201,25535.95
96128,13759.622
66356,24015.846
46330,16230.137
69930,18479.217
96648,14489.481
86887,6832.3696
22456,9580.08
61601,11645.7705
91755,9810.445
81647,26887.385
42841,8362.366
15217,20001.76
69500,7649.153
99152,23727.527
17064,12618.433
60302,9701.58
76412,17281.012
57440,15752.534
91790,11691.865
40153,20048.814
73618,12778.515
36429,34339.605
61599,1622.3429
67548,15830.343
12246,10064.354
15474,8237.106
14002,16824.217
46151,18134.701
55973,7295.6865
51235,20415.25
76647,13693.439
76433,15548.965
80157,6876.532
51238,19303.363
31223,13874.461
14645,19566.96
41027,19376.324
75491,7694.481
92806,11602.011
40400,18605.678
69913,7700.85
57204,23632.217
45269,10198.076
88515,9352.643
25159,29344.135
64331,11919.296
69955,19615.727
25288,25799.393
67322,30043.51
20438,6517.025
76959,12932.928
57963,10276.651
31586,11175.011
51676,8925.922
82383,13915.4
59686,14653.686
51579,38000.43
91953,17260.242
45869,11470.127
47337,13675.88
75879,7425.676
41864,7799.416
55736,33941.74
48654,15004.419
11672,10359.372
45717,6126.385
49467,16282.228
86883,8006.931
69964,7011.365
13337,9927.95
36071,13668.422
78681,33875.99
51645,17690.566
74944,33146.406
21653,25229.729
96434,6960.523
56365,16309.296
55106,16580.31
45946,19882.93
14692,11071.5
47963,9274.51
70239,6038.292
77779,23540.455
39101,22667.963
43128,15737.008
36485,17058.94
41496,31630.504
20490,15953.594
95921,9958.009
13006,11334.957
39208,7989.6577
24091,21678.492
69981,16638.146
65030,22202.748
56301,18183.926
82202,8641.428
88383,4647.947
57073,13341.653
60695,11500.903
89941,9036.889
29558,5208.5215
76822,19252.357
70698,18705.29
66892,12961.54
72430,22784.416
27010,20306.586
13240,20256.354
21275,6747.1
22494,16190.472
53458,35615.574
51311,5616.074
14238,19205.67
54873,19974.549
43446,10950.105
98361,8754.552
74406,23001.352
44477,23676.158
50267,8541.75
49416,8878.796
30301,7970.002
70181,14009.147
23160,13308.882
16859,16765.924
43043,5198.577
91608,30549.375
30455,15608.789
85876,40492.273
22412,6996.1416
52146,13467.396
90706,16841.695
98119,20370.354
43639,17383.76
63752,6603.2754
56277,20954.473
78400,13760.67
11117,11419.275
87686,22474.352
77051,28531.016
28351,17029.518
14803,12174.126
64664,18180.152
25785,13560.018
75701,25439.873
28264,23595.104
15099,19021.023
22256,27223.271
14691,6278.3013
11941,12350.837
16521,7119.5728
72905,6633.598
50227,11926.202
78111,19840.379
10335,9662.86
64266,21382.314
67824,18318.1
70083,12777.225
14335,34037.598
93542,19995.154
61265,13523.315
11907,19226.146
68293,11584.336
62532,18994.883
51331,21163.777
92150,10510.797
25870,8591.958
37855,15185.154
91859,13168.989
30012,30175.771
45638,27514.037
27094,16460.592
20738,20289.629
53791,7555.876
89205,24254.3
97343,34683.28
66633,34524.68
85090,10610.815
13877,9866.398
99061,11911.755
13085,9013.642
36966,10106.659
82575,10336.114
49853,19798.695
79950,8780.873
57795,7616.4155
71799,10516.389
20975,11251.116
97889,9241.5
45375,30015.63
50231,34414.008
35123,14271.781
99534,19853.76
25980,30959.887
17591,26492.834
63962,10951.438
83350,26318.08
55826,16416.262
91641,22790.666
25564,15483.546
49324,12497.898
13719,11175.98
89574,8381.842
29046,9620.848
85102,9636.399
64170,43472.82
25556,28460.895
40545,14713.495
16579,10002.847
86192,28938.201
11995,8298.936
66457,39350.99
65384,20801.42
22539,23397.408
27010,8760.333
87230,14583.503
62738,32198.146
66123,7205.184
98795,17517.02
74330,24799.982
58615,9327.88
32813,16395.643
75777,8001.0825
71855,8629.711
15429,19162.293
48623,23316.332
83903,17417.207
56808,15330.181
24405,14579.14
41121,15077.0205
11209,15354.569
59961,8926.5
43411,27562.486
90881,22314.11
26987,12199.391
33695,9117.991
43205,5419.2705
15562,17184.383
31894,16012.958
63772,14419.051
84305,21760.46
26859,11449.964
15240,11673.332
72394,14305.609
81987,16116.539
99841,20494.713
71873,8387.183
37324,12937.318
39791,18721.426
91142,26371.914
88499,18515.04
79870,22341.639
65827,9366.953
42589,14563.043
82251,28454.234
75250,9044.543
80447,12576.295
74515,16262.602
90852,12459.27
31865,11669.51
93755,25090.28
74416,21339.67
23536,13224.695
44195,19713.607
40856,9586.284
29340,11124.817
71730,18904.55
32865,23748.807
28514,8141.8193
74802,19371.238
16132,5443.3975
84911,21984.43
73372,28941.002
25941,10193.366
70766,29261.988
21542,11882.418
59790,12239.782
52913,9976.593
50980,17622.807
26083,9355.111
94343,15352.729
84899,17899.754
28363,25049.4
95317,11292.028
43622,8394.456
94782,5907.1016
94269,16139.278
24776,7901.279
13223,16106.006
59380,5837.7607
42257,11428.479
59827,34349.207
46460,19020.152
65973,13546.648
14794,17006.225
67087,14671.547
71981,25402.17
38590,14055.351
71913,13741.105
54149,21316.414
16195,4891.6763
36903,21065.873
85268,12057.45
80851,13400.992
35752,18934.738
63296,21537.588
37747,27285.465
77408,14420.77
46672,20877.785
15818,6673.2236
80266,7604.7397
40184,27672.035
70040,8452.376
70717,10054.013
17097,19199.395
43962,31319.225
72370,20739.635
27577,23000.39
13622,11098.079
55142,11649.51
53693,20160.027
21113,7981.104
66598,9317.471
77669,17051.861
50675,11940.402
40380,15454.403
72697,8982.948
53675,6021.649
62000,10858.606
18702,15819.334
64815,16543.42
17597,19553.707
12657,18810.67
26393,8701.832
41606,43297.73
97520,19735.479
71939,30533.504
44569,15722.086
55476,15578.4
57215,14495.289
65599,14322.366
15959,17922.432
91024,12483.693
20786,17545.643
13746,11965.544
75098,5145.6953
64179,10448.839
14309,6889.2407
15101,28825.365
11853,10917.354
98760,13209.019
91309,11539.515
64302,7638.126
50092,9737.054
56338,10888.003
91490,8804.226
88892,20706.209
50708,19707.344
14527,22343.4
85907,8863.147
25274,10040.78
25880,15521.22
28418,13712.934
21517,8581.439
85077,17884.268
21826,5986.1865
48600,21768.484
60982,24877.77
34827,56325.754
40630,26339.182
65173,10118.752
69398,21476.945
58566,34972.98
97185,17610.383
25407,17778.271
97051,19619.473
38712,13221.912
94041,8987.937
83766,25064.65
86622,18792.812
54455,10300.238
56123,16218.194
26456,28820.84
17364,11706.753
86440,7054.367
73057,34207.426
43577,24112.178
54742,10141.028
28356,8634.025
47707,8019.057
95488,18111.697
12630,9758.39
97035,8698.096
44478,17783.105
17386,13230.209
79607,16697.607
32614,20058.447
29084,20875.047
36283,9564.211
84328,10856.904
79233,8698.909
23123,18563.861
27667,8209.176
93341,33334.836
33832,12279.363
98589,10241.037
19984,33421.27
17023,9902.169
38463,10020.494
83368,9727.013
87445,8382.926
54813,18964.088
96197,9206.287
31615,18196.643
75574,5179.2236
61934,8616.958
22939,12182.103
66098,15108.775
63767,17274.258
10634,13305.197
85131,28595.61
38529,27376.408
43150,14118.687
35893,28839.37
40574,14237.383
46254,9542.19
11700,12898.286
68827,8610.259
88251,17236.02
80367,12433.204
44457,12490.266
81306,30402.422
24821,11424.792
27711,5363.9907
31932,19538.182
26953,10202.756
48591,3460.8633
81186,19562.94
21049,7398.592
44520,6164.999
77257,15844.286
89907,14237.383
62258,17539.814
55784,26089.943
13614,19078.93
27190,5574.6577
58147,7302.0356
54062,15559.785
50912,9019.871
54055,10763.798
23906,19480.158
28731,11138.829
39142,13572.265
30098,11049.833
65656,20370.203
93835,41826.67
45928,14792.443
61240,19718.494
67666,17558.158
88824,18653.117
11462,14865.095
87186,10306.819
97765,13001.229
96909,13443.953
39345,20807.842
63225,7497.3735
11177,17882.645
37520,19291.371
73834,9502.829
60221,17299.734
60640,20850.78
87072,11643.479
39717,17685.828
25948,11397.39
84689,9169.921
35455,21973.756
69036,16103.903
70018,8575.91
73557,40463.055
91078,11842.077
30604,20752.635
45882,28545.93
36860,9303.075
94419,16988.188
41532,14535.782
59596,18462.969
51991,7211.7817
84309,9304.079
16427,9855.324
44094,12284.169
12194,25015.229
15504,9388.695
55743,31942.309
84014,12937.057
24345,14935.965
18210,7393.169
99694,17503.154
19383,14560.313
65427,15487.659
23215,9361.278
59916,7878.6943
31515,16381.053
92844,8188.88
31799,14674.306
39987,19180.828
69698,21873.12
63385,16179.898
48080,24434.107
44164,5007.171
86917,27043.756
81202,9798.587
15610,8161.7925
83634,21192.562
37916,8005.2915
45497,10070.19
39849,28061.889
32033,23932.895
33355,10878.727
87464,14001.077
41357,4353.4688
39494,30593.826
76960,26255.154
37062,40793.25
38539,2871.7317
14623,8771.927
26190,8895.208
70035,21446.701
35490,4957.1826
12405,29413.225
18192,7662.4277
35767,28005.82
25876,54605.367
17943,8857.079
62068,39362.41
44724,9719.195
50609,9165.324
63046,16812.795
52720,22154.234
29435,15428.727
98165,18870.271
15265,28474.588
55540,18859.258
25530,29042.451
44088,26791.674
52509,9657.326
68902,10794.1875
44276,6812.2886
80600,11700.387
10729,29287.543
89433,28925.027
17123,20387.682
37856,11789.272
59144,6993.4253
75172,21767.684
21376,14666.49
10057,9490.701
11424,9274.139
32234,26122.135
78631,13063.639
25214,10129.052
50792,27259.64
43578,15559.822
26850,31887.904
96982,22502.418
13448,18882.408
39095,11516.207
98055,9420.032
66818,17232.375
89695,9207.714
18670,14200.045
23463,11666.346
26413,6725.307
23759,7126.935
17540,13810.972
29139,7381.0938
39204,18048.246
43141,19022.803
19509,19646.326
67074,6699.5737
10739,18905.754
81857,9467.479
10675,25215.814
53008,10653.073
74144,35390.26
52198,11427.982
36704,32449.729
69408,6381.359
12641,3948.0212
50388,8006.156
66605,26050.074
20197,19126.5
40545,11598.878
34533,12589.15
10945,6754.982
80195,21092.592
23519,5733.103
28198,27668.607
13232,13415.354
74372,13232.904
78093,15897.804
54047,16610.252
40608,12066.56
71213,9805.504
23409,9036.868
32057,26786.043
16380,8190.6294
69844,19974.115
73087,11092.649
68422,15565.703
96080,8548.555
72730,8851.988
49351,18927.879
13982,17103.518
19314,9341.331
95857,12239.372
16927,16959.549
89023,6861.037
24826,8786.317
17120,10260.287
79245,52573.87
58271,13645.427
10402,8184.144
21401,24577.666
76342,26935.959
83684,11605.886
25900,23450.764
63844,13455.611
36741,31143.518
63545,32686.541
57439,21739.467
96555,12726.269
49786,20255.488
77179,7004.21
23624,6933.2446
22329,24085.885
88605,11271.031
40209,15769.556
28205,19840.26
60652,4899.5522
51137,16238.12
28739,5706.8853
92187,19198.018
61845,10951.057
46443,7257.923
86457,41133.55
54263,19726.9
89911,10836.208
46709,6111.098
81736,24821.363
97666,8961.955
10761,31762.875
26784,23000.447
16608,10022.238
42898,13542.364
44818,25485.586
43801,11597.221
83429,14130.727
89465,33984.035
15963,13320.581
91358,9830.95
94054,24989.248
81043,16427.855
50039,13419.268
85942,8717.829
53526,11582.522
57762,6247.622
22105,4849.1426
39846,7203.8784
29953,13307.715
57159,14358.831
68339,8090.0967
23153,12059.952
80759,20984.127
35696,7082.487
93190,9498.096
51831,6952.908
90238,14958.933
69553,10525.354
67388,19544.998
75836,19201.771
58919,6848.521
22604,8538.828
10046,8998.3545
82341,18678.205
69371,8431.687
48866,13639.347
16454,11977.649
30914,15850.35
10305,10657.936
83307,12575.091
59533,20019.137
10360,12611.802
57893,8932.879
17263,15299.743
50735,13866.105
36673,8997.688
39125,19988.178
63705,9446.107
59274,15367.135
34893,11033.886
71773,10677.71
27901,15338.238
64752,24855.719
15971,19815.693
87381,5982.142
39834,19467.867
44038,12325.237
33182,7106.022
25299,8746.54
62161,33525.957
38737,20921.592
73517,10421.349
91763,8356.241
35646,24671.07
40694,29738.764
61778,27187.354
76993,15996.27
95636,10205.173
87911,9709.973
59289,24656.447
99762,6386.1924
27647,27115.092
45631,39621.047
53717,13046.744
90882,19603.041
20995,14514.067
26321,10358.395
37620,4906.655
31530,13278.786
92067,27134.469
88193,21270.852
33412,14192.23
82874,11569.133
88648,9004.565
19109,15584.941
61145,23760.379
74938,20070.082
73320,6747.8916
84977,30600.307
30958,22243.158
45888,27748.514
52128,12487.729
72662,26185.195
72516,15076.572
18498,26031.758
63905,25310.729
95618,8711.41
49073,16318.514
23824,13430.187
14795,20511.277
20436,19730.271
93100,25354.21
18230,17811.867
70307,24378.99
69263,7724.9688
60327,57142.297
73307,8723.913
16983,14268.062
85151,11051.382
43661,7499.1436
93995,22631.553
49072,5709.8926
92241,24517.555
68847,14942.373
92117,11306.442
63749,12721.43
17187,12451.519
92262,3531.4048
96628,13247.94
54526,7156.352
31375,14328.145
47108,15704.686
20702,16558.598
35262,20003.768
55294,1575.4229
72140,13740.043
13645,14181.216
86689,15787.57
40880,25820.205
82891,14988.227
70670,13732.988
86647,14249.691
84835,29874.676
59729,20183.691
86454,3312.3918
69059,22533.186
97414,11140.715
60271,12510.523
72749,4695.2417
22836,14836.535
85780,13862.822
69072,12800.056
90561,11066.781
80305,20782.926
95857,14461.131
98982,23409.635
47250,10065.337
41805,17486.15
54760,26255.598
48500,12753.478
41536,8186.085
44680,20785.986
37993,10595.882
14252,16771.664
77891,17277.203
87829,39625.008
91246,5087.156
13825,16361.352
23885,6277.47
94980,19808.342
14101,12957.048
29584,11434.636
77983,13432.15
77695,20681.93
75839,15794.597
66788,27412.25
29681,56955.83
82854,8315.796
54435,14276.407
26542,18444.473
15573,13378.846
51376,32278.322
94512,35530.418
27558,10651.819
52134,10557.892
21568,34255.125
23128,8679.691
77926,23064.812
62273,16997.832
39111,9830.805
22716,11936.594
56176,22102.758
30415,10525.947
38218,10991.722
10163,10457.463
29149,8408.129
21138,31674.238
93643,20099.832
87539,26373.822
46055,26619.045
60517,17064.756
76977,10469.54
55516,6814.24
42199,17222.355
15137,11533.569
13856,11347.235
51005,10924.64
89897,19686.09
40105,10443.014
33006,16013.041
98738,10885.849
14535,32959.727
64100,15701.166
43486,20535.07
98555,13455.502
66617,19363.307
51020,11710.956
95997,18817.385
83166,2856.1975
45353,29548.63
52763,17921.025
28957,9376.525
21206,13628.905
51299,15227.765
92592,27780.271
50388,11082.432
75915,16291.3955
87134,9111.122
56687,10646.431
89826,11499.757
68259,28038.895
97034,48512.574
93270,7171.3647
79059,10649.233
18370,8438.958
53050,20423.633
84065,11054.614
78930,20174.64
28130,9348.951
26254,14107.907
42163,21980.387
20172,15985.574
52347,35351.69
34165,34091.465
73462,7784.9565
93249,15338.57
94007,10042.45
44495,19323.746
81091,7559.3237
66007,19592.621
97984,16922.787
70986,13481.716
91377,10680.809
42774,7575.6494
55511,6831.953
95710,12469.19
22952,9854.809
39500,6802.1763
92934,34498.426
50056,10157.021
63869,47517.93
25052,11927.217
22511,41019.902
11070,8992.7705
83956,13527.749
13414,9855.425
42713,22834.592
18806,20977.404
87728,29655.45
52391,19907.994
23422,13851.441
85305,9246.179
97130,21770.14
30823,4586.1523
46911,14406.07
46649,21682.83
21694,15763.615
21070,17062.54
32925,7447.085
29208,25049.309
88298,8046.977
15445,13602.11
97773,10244.374
36268,6372.645
21547,19898.402
86297,9795.251
82648,21223.957
81075,10315.972
68043,21800.615
72550,14986.115
98956,13275.128
35518,38378.203
87934,29754.357
73941,10433.001
85713,9868.682
19489,13931.922
50119,9758.154
55968,9117.925
17119,20680.691
85310,10244.423
32531,31730.736
68133,13925.126
60512,8500.757
12302,12576.494
96336,11622.015
38518,47240.15
67171,35388.926
79157,15967.249
17478,14465.509
44456,13922.876
91051,16337.598
15421,10525.858
27860,15205.623
15670,6163.523
78187,18406.562
20178,10364.246
55673,11710.509
40728,13830.752
82648,8731.022
33747,11388.791
21095,8083.584
12525,13505.413
18623,13132.554
42743,13723.97
43317,17209.355
42069,10463.349
87527,25633.064
63913,22080.521
38136,13292.588
71430,10948.028
60592,31995.25
28464,10091.17
81822,10495.678
93519,16373.913
73077,15827.456
76486,8351.446
78388,12161.093
62317,31887.945
44388,14715.926
33988,19122.723
56111,9623.799
34283,15746.92
74054,16163.94
37251,31636.58
77189,44769.12
73217,10980.557
65618,12136.1045
63836,7528.504
32405,12908.477
49001,17679.521
83485,26555.465
12193,30774.81
61540,29119.148
19162,9637.691
77429,19999.787
16434,10356.698
22133,11369.271
84723,13199.583
78669,7921.3184
67647,10594.464
58627,10434.694
41911,13507.294
44914,9122.117
24127,16034.736
78447,9802.705
29894,13710.097
32691,33135.8
80591,14879.224
26884,21070.11
33190,15016.648
48985,12273.617
58912,7571.0815
80406,12933.736
85382,11871.859
17453,12572.344
82681,18506.281
50469,9984.941
95564,5027.9243
95446,11942.138
47365,9257.833
96774,15145.1875
60240,11426.398
47787,18037.275
50393,29831.7
89325,10834.072
71362,52283.707
58892,7448.32
13528,11382.303
33873,7824.867
30456,10087.107
25664,43684.465
62105,14617.56
83946,27948.38
10323,12056.256
54965,11494.301
75658,8934.393
70681,10945.233
30356,7453.458
80223,5643.735
34637,32539.303
82858,12020.358
75284,14800.573
11090,12059.99
10640,15705.31
12857,16964.078
96340,9463.579
90215,19408.93
36067,18634.486
36495,37392.926
92327,10412.579
17680,12356.019
69248,27098.719
85378,7484.1323
33965,9973.253
81996,7309.452
84413,10653.47
65539,15241.934
87416,22676.547
75628,6829.0176
47625,14089.162
32635,9818.298
88918,19812.666
57762,22356.879
87301,17018.57
80582,30637.938
31560,26824.328
77647,9611.529
80466,8185.5024
96446,8269.261
34612,9404.883
23558,7711.0703
79301,13559.363
29255,13277.548
71111,22672.79
57409,45171.31
36429,21294.596
40326,22267.363
15677,16343.544
35956,10065.985
63807,11503.363
64332,8183.1357
31720,18900.088
57152,11482.311
85225,8706.448
33350,10240.879
58080,18983.361
22109,14885.389
85314,23127.445
81253,12430.582
92517,28909.463
46254,30578.793
68510,18645.883
77561,6543.9185
22258,20110.373
23803,5374.086
54304,12115.443
13665,7418.9663
94607,7158.149
36345,9027.633
48241,20744.674
20698,6778.3945
88656,16412.684
75447,9570.232
90524,14546.52
49943,21795.645
26882,20182.787
94898,9251.429
34750,6196.259
73802,35846.48
68587,11953.685
53965,11341.906
18176,13542.217
53926,10727.78
33715,17246.947
51534,15832.721
15686,17630.38
97580,20190.322
27626,11973.234
90807,10465.886
89732,9541.332
81635,7740.7974
90649,6123.391
38769,5107.012
51339,21414.686
19229,21285.074
93470,14931.48
33336,18207.83
72510,6936.0723
73771,18020.14
32072,17288.83
42176,29405.99
96195,12583.33
53215,10353.626
16868,15390.118
50036,29452.857
34903,8949.607
33538,9895.81
54817,19794.865
73872,17888.17
39135,19445.246
23892,13460.173
68592,12178.362
97691,9064.581
46778,28687.482
14555,24670.111
26418,9446.391
17123,11244.6875
56120,10253.117
44583,16384.19
10590,18826.31
58242,15390.827
72189,6402.5464
16381,12850.254
73871,24728.379
95489,13607.439
57537,36161.62
30298,6176.485
51309,4843.3794
60777,8948.274
28277,37298.766
59153,10411.55
32399,10462.941
80378,14522.175
10723,16005.469
23821,25711.67
15459,8293.5205
65319,6117.3164
79766,10134.36
30937,17792.998
39577,13675.253
13966,17217.246
35431,9549.814
42917,11692.261
30771,10361.256
27921,16721.635
10810,19287.334
93710,9798.631
97394,12583.816
33566,6298.6494
19229,8318.909
38232,13458.491
11717,12096.456
28637,24879.812
95440,48878.66
50545,6231.805
76385,9866.398
19468,15827.4
56883,15379.271
72049,8860.917
48317,25886.396
33335,18740.492
98848,8459.976
20012,6576.802
21874,7574.0464
67228,14217.253
71485,15953.213
83573,15963.353
71538,15711.837
77365,19285.443
34796,14300.915
83622,11897.171
24184,12955.609
94060,9974.98
68903,6926.9883
27581,17971.693
92508,24232.9
96904,21301.164
46590,11742.665
69882,10324.835
93747,15393.562
54376,8101.4917
15516,13248.405
41032,17912.287
75608,8595.47
66242,6772.341
85655,16182.362
35037,12007.884
38228,25253.467
18409,17387.213
91880,35403.88
65832,6183.596
49357,12499.91
26226,6868.5786
49634,44709.562
95231,7716.3545
85398,19008.396
46067,10165.85
62723,11123.76
18704,7675.551
12025,10157.032
32617,9132.265
55053,15473.772
26728,31440.611
77677,17746.734
42142,25600.65
94184,9024.559
87467,70006.83
11774,27735.047
94888,18553.355
99039,7664.5356
63090,7966.222
31681,6973.354
25482,16284.194
17917,24112.373
66643,11145.073
54482,22121.371
87951,22687.732
83345,9952.703
14940,8721.475
68304,17564.697
26429,9172.899
35177,8388.94
21993,10575.86
32585,22406.186
85940,19602.932
92765,14737.205
80457,22310.506
33816,12021.151
16715,28055.82
29698,53291.71
50146,19069.684
31918,30979.912
60187,38459.145
69155,11745.184
87240,9481.828
62467,14918.992
34938,18258.582
12899,11832.142
88559,19732.275
23827,31266.184
31329,6154.2285
59133,12059.96
86534,11573.959
40880,25759.012
57910,9034.451
99390,11542.301
45943,17348.064
91166,8488.01
16873,6700.765
61385,7568.003
95681,7437.372
54815,29803.113
80547,13703.836
98786,28025.004
90182,57377.074
25448,6804.7314
90731,12818.231
80189,9944.514
47883,14629.832
10837,13294.395
18342,14464.283
29400,20941.732
39059,29421.318
25389,48867.613
58349,20308.166
90623,5701.3335
51915,13261.651
78285,19478.986
13297,48914.098
13016,8901.957
78426,56457.57
61703,8815.12
90397,13114.613
31916,9636.399
31184,9955.206
80454,34090.004
21580,29238.285
20564,6782.5723
66254,5958.0513
60653,9174.731
61844,45272.098
34834,18974.166
73900,6101.0107
87902,13054.999
18816,8135.816
95228,15341.946
62411,45524.902
33398,40655.934
63309,58437.42
84544,6775.3896
49998,7899.993
82358,16642.111
49230,6687.837
33528,11145.109
62471,10878.638
98830,16332.595
60456,19436.268
49188,15258.753
16249,12227.178
92595,14216.213
98782,13177.772
59542,21610.543
17428,48188.49
82937,13109.728
69556,19786.65
88386,14717.883
65177,20183.652
87834,8774.03
20860,9024.857
34940,10500.193
46650,25951.275
68410,18956.445
93250,6721.189
16815,8178.2104
97797,28949.555
19326,28878.334
37812,8359.417
44553,14898.763
55826,25502.22
99973,13995.097
21272,13224.512
48706,13381.124
39968,9486.9
39090,9027.466
10330,20126.68
39819,19729.613
28480,14031.247
49642,26911.205
67411,16881.984
90370,24621.58
88258,9595.235
74311,13749.039
61189,5925.4365
89271,7929.9844
62577,34356.754
50755,7974.4155
26400,17059.193
65587,9344.239
61038,9967.379
46110,17732.861
79186,13839.042
25954,15318.672
41461,16170.309
13138,21276.68
65233,10610.371
65521,22462.217
82875,7610.841
55002,25784.123
28742,11644.861
27830,21460.32
23883,58879.59
49352,10278.109
64404,7107.8833
88310,30187.057
30286,21487.568
88231,13126.676
29635,24162.648
51373,32654.191
89474,18215.965
27690,28918.668
50363,7524.319
51943,34248.625
31250,21015.281
54760,15585.81
91043,18187.785
93523,9951.177
39318,10426.379
67337,6793.8994
11808,6659.373
37647,28038.895
58921,14979.529
93557,14220.956
50036,8386.675
90001,9918.076
36533,13014.667
75165,24808.38
51239,13372.458
72939,6990.1313
65686,20797.902
17328,20258.357
67395,9233.046
28772,11015.961
14070,11255.014
87097,53703.246
68724,13433.969
25953,25729.113
63070,9470.544
19078,6645.738
31975,6812.9336
34097,19295.414
72154,15844.286
82572,6671.2485
62841,5175.163
73364,10305.745
24274,6415.5596
93223,24745.758
79528,13178.189
64766,9132.179
73561,22702.523
92726,22849.0
83721,11988.169
92406,18819.037
17975,11313.218
65949,10368.391
14108,9799.884
67207,11570.492
53604,6541.8604
66857,6624.177
85500,14827.396
10973,58805.79
76102,15008.527
49462,26494.648
85490,12415.366
75947,8917.792
39188,10286.94
78070,11670.944
10836,5685.794
60567,21975.727
46036,9838.656
30851,14091.461
10852,15379.953
29739,8788.724
73868,14847.919
30093,28146.041
65138,15992.323
32475,20500.338
86579,7446.8237
80454,17797.531
86268,22255.375
16324,12559.338
82011,13861.95
51450,32956.957
58048,11887.206
67175,34765.78
73371,18461.742
52627,19627.504
44432,16576.424
66168,17596.379
90295,16956.188
69036,10276.078
49466,9781.27
54941,10926.191
42905,4016.6077
86735,31012.053
61779,10433.001
50921,16007.164
10908,14517.925
26847,30190.846
67200,18292.494
18598,28840.6
76277,29936.715
17179,25000.955
83073,15210.424
40548,7896.2915
36298,17450.414
24581,9147.051
26950,27466.113
90124,54899.047
70405,9299.028
27485,21781.479
97853,7475.337
38043,11061.692
82429,72164.06
65491,16482.54
77855,15058.081
43965,22191.596
14369,11133.83
45598,84728.59
48275,7946.9116
73836,20828.594
91427,19215.111
21206,14287.6875
77949,21654.572
50112,12124.923
96698,9694.519
68431,9617.497
17910,5241.0854
62703,9275.796
98657,10364.221
41910,30442.22
85206,15412.093
84082,48726.34
17247,25902.154
47389,14221.95
24747,16866.012
14072,8491.648
38519,14789.404
39973,18101.463
76683,24637.488
53709,19043.447
70836,19366.19
87601,40187.24
39372,20686.691
59066,9219.954
31925,13052.931
30585,16079.045
74762,9179.878
69762,10486.594
99301,14584.107
81274,10817.57
81158,15749.732
92423,20550.639
13818,17422.803
45488,8805.29
96056,8274.597
34853,20969.303
74727,14009.185
30916,14738.866
13001,28558.344
48903,7881.379
12079,19486.705
73814,49143.418
99027,7942.359
84762,15491.613
43732,11957.032
19155,13661.722
22163,9793.938
47808,20837.355
84170,20963.701
34551,14072.889
21789,7707.1885
39371,24757.348
75145,10267.985
34111,35738.15
88531,17513.545
14007,12105.283
23225,16919.533
53248,8567.859
23521,16443.932
23773,1590.7262
16873,17232.275
55637,10886.101
38532,9449.894
27447,9476.338
82213,9551.086
34258,7694.122
76317,15524.894
75513,25228.838
51039,31839.51
45257,19155.102
16928,28370.38
46001,21050.64
36510,22465.383
91032,19335.35
44310,18701.62
74655,14614.756
25334,10427.996
55461,24478.494
67808,10746.982
35091,25765.86
15335,24465.77
70074,35223.746
61506,26837.861
52958,9137.264
99146,13729.369
21539,15929.915
88250,18398.3
63230,14820.817
91365,9250.694
19971,12678.135
31520,19819.602
13161,10144.84
21038,9913.627
73460,13213.968
86901,14597.667
30649,21319.486
83419,59376.688
23647,20052.107
29760,5194.755
60965,32709.75
79698,14926.062
77716,12845.443
61256,35565.383
48140,12049.898
35782,9954.773
79065,19869.244
24292,28075.701
50543,20913.37
80646,13536.489
85066,9349.875
67533,5848.8813
26594,31617.977
88288,11122.761
73798,16608.086
43840,48925.56
27761,12602.986
78818,33676.293
68512,16348.713
92485,13344.97
74967,10622.312
95649,10789.096
21946,17734.586
18848,11010.034
23840,10001.542
54983,19702.473
15640,22961.623
33454,16571.703
71404,16070.814
50617,15438.337
99381,17966.547
83612,18000.979
58730,3758.7712
50257,9058.848
41342,21690.928
65573,26905.99
64333,14445.294
26346,17554.607
70795,37306.6
67491,14084.482
30397,12250.346
64546,27347.729
95841,10655.208
23438,33755.69
57161,28393.87
26446,22277.217
39798,11325.362
73942,8760.405
96514,11953.582
54917,20222.705
56856,6580.2993
20429,22457.271
37811,24994.941
45307,8053.733
58456,16070.423
82419,7001.7627
90256,14423.022
33325,24977.227
53789,19382.24
40864,43492.38
58391,46315.25
65887,8568.58
76541,83.547386
12668,12718.192
54180,8029.1523
93944,10865.197
92572,14457.594
51511,21744.766
10306,8131.8213
35328,11459.335
11186,14826.865
53945,18466.967
86042,13279.287
90344,3809.7986
25561,16033.042
10532,6160.8843
88733,14864.113
41537,7797.8003
81665,16390.115
66331,15030.805
86734,9662.742
32512,9017.31
23055,10384.266
63002,24650.76
38262,23985.984
72672,13822.554
19752,9354.146
97877,16145.41
60804,5032.822
84638,18090.23
62068,14350.248
21234,5900.9487
20912,20668.848
92725,11087.621
29950,11218.85
57121,25392.287
42823,13140.093
76687,7357.5576
65526,12345.086
85379,11170.867
74606,12359.09
83950,6956.761
19852,13587.522
97214,11590.753
48556,7132.7056
12645,16918.42
35398,17795.814
58341,33004.492
21486,7957.1104
74646,6241.631
79383,9572.138
38254,13118.5205
40621,27830.568
18678,13299.444
13323,10271.288
93750,57228.375
67804,7444.4463
72663,18284.025
46849,32293.047
39909,29567.07
65124,44185.03
17037,26046.096
98451,19262.744
62173,14425.499
15221,13346.294
91884,13870.0625
57342,9779.94
25577,14426.718
75533,15567.988
82331,11427.568
39995,11477.738
52325,32496.93
92448,16322.941
15246,18894.098
38683,15711.837
14110,9589.327
29880,21879.13
94041,56551.82
22573,12433.539
65145,10694.905
15708,5707.1455
81469,14795.196
22479,13481.716
37882,20813.424
49959,5152.578
27076,10381.413
78361,13205.284
15663,18445.271
75212,13619.916
93222,23232.646
27408,18014.791
43030,8802.625
24805,26898.143
41043,8301.778
96326,26956.193
13488,15965.41
61159,17981.887
54582,27503.29
34911,12400.885
67333,10536.257
94180,17590.764
25126,9150.865
93572,6662.4473
94844,30763.04
50366,9950.08
11703,34213.67
90811,9725.916
60960,15441.4795
22406,30554.543
78517,19562.383
30231,13604.481
46117,6498.4575
99778,8508.584
29100,19847.285
36985,18793.156
38387,21802.617
42851,15888.863
24270,14103.913
29536,18308.287
67784,9092.592
53345,10126.55
64518,9599.811
50819,29824.31
66593,28706.396
18930,11569.334
86113,8834.684
23175,8136.803
80190,8670.98
26265,19442.275
97996,19169.025
66598,47874.426
21779,10330.943
55239,14843.088
65312,9409.361
39002,13654.001
26844,8951.68
79840,29699.627
11399,9826.47
83576,13049.386
30626,13157.451
90188,7181.2217
19926,17369.182
87193,5484.4927
49032,14698.254
30636,26628.637
43165,30985.977
82364,12566.847
85319,9302.227
98367,19594.838
48787,32162.818
16940,30154.352
44298,14627.744
82455,16163.77
56316,1610.7943
93302,7855.1353
94537,8661.943
52451,19902.832
18544,5800.3315
59096,14553.05
72303,25442.463
41971,7387.3096
22315,28334.629
80509,1523.3142
48927,49988.11
44547,13831.767
94422,10370.909
88709,11042.769
97966,9624.655
16279,14661.236
43670,7973.7227
66522,8381.579
33092,18395.49
81877,10107.199
91952,15249.58
55834,18579.791
23156,20490.0
62539,16144.271
77429,22119.441
76427,8529.752
66639,22121.846
34658,24049.678
24509,20794.975
13605,13924.875
87309,16858.51
22144,12373.156
62203,11394.198
90929,19327.123
17314,6953.2974
87325,10247.809
67240,22633.031
26206,11192.711
46979,20227.406
55801,15942.092
45726,11107.473
36648,21853.305
62018,41274.223
71414,18555.07
22244,26813.58
60341,9582.22
72977,19552.111
98877,17680.488
44339,13508.272
75359,8586.558
12321,4609.4185
98975,29752.197
21089,12646.913
72712,10516.287
65774,7784.4727
69542,10678.691
99499,10264.364
60057,18836.072
25519,12966.941
38387,16697.174
37924,14394.67
70514,15402.305
52304,7315.9995
89017,23777.11
23385,16792.768
16286,35411.89
43953,28973.648
33870,6254.672
54157,15186.586
17425,9826.163
32682,12052.1
83416,21655.502
57048,25610.623
32651,9148.334
53015,13550.382
18454,18075.639
84867,13319.023
77211,23312.434
47153,18458.947
57523,7791.0547
67737,32117.021
18702,21221.729
85752,16479.55
11536,14968.738
97422,26968.209
97105,11314.233
20596,12595.483
19327,18014.492
28586,16906.709
68926,27010.416
18374,22087.08
49327,14609.049
77271,7014.255
71255,6792.0435
53658,8760.035
46239,20035.533
61702,15923.581
63727,20373.889
17640,17716.025
46525,14112.644
83704,13200.729
66029,23812.926
75801,21972.553
19190,14190.74
48863,12994.645
28291,9805.324
83513,31769.176
13584,10189.422
29227,20739.557
13874,9133.84
69078,23513.254
43968,8285.388
74146,24028.309
76531,10825.916
87404,11711.119
20165,18526.783
84016,13401.928
82439,5137.255
92021,16035.739
73527,8977.176
94472,19084.234
88818,8665.501
28611,25532.002
73452,22026.27
24540,12351.561
14102,13394.91
33464,9892.953
65016,29733.682
67471,21221.34
72051,9578.148
24360,9778.305
56473,13557.02
85526,11325.562
61489,10991.598
73843,7043.212
51613,10402.471
62157,13381.877
41393,17496.643
61107,29830.3
86211,10747.453
80530,25797.076
36032,23247.445
69347,29217.7
25975,13826.853
29690,18342.553
74915,16649.14
20564,24218.639
78225,49893.78
23818,6644.988
45359,23685.807
63346,17672.752
83826,9530.224
72655,8298.261
73121,13249.663
13555,15588.531
30199,9153.865
80315,28558.342
31376,8094.161
26374,25665.18
58609,20858.422
20142,20806.822
31677,11946.84
57155,9224.12
86816,11618.589
45047,4756.0625
31149,25101.422
52263,33089.133
88807,12399.472
38460,17085.088
12776,11350.575
23189,38230.574
37755,24944.016
53502,12648.651
23831,15344.596
61676,17284.12
61525,20516.648
65956,21219.05
30312,13850.191
99476,11041.967
68625,15596.842
68163,7052.3
11393,14725.195
62166,11686.336
30685,25163.736
24418,2679.7827
57893,10393.686
51588,27637.021
66155,18399.365
12561,15899.517
80588,20492.621
44510,16363.622
35882,16235.608
85284,21061.986
85482,21641.326
23809,9588.846
22339,9711.522
33835,8252.887
87798,10479.824
94956,15330.265
81609,12124.332
76040,16659.852
19048,17189.828
17768,6206.9907
63293,11103.866
82044,27842.584
14112,12049.594
14198,13793.222
45873,10683.877
22101,8047.934
36737,17770.695
87821,11756.192
29328,8393.26
14346,29685.283
71612,15588.161
83475,28701.494
60762,14197.691
55968,13240.132
41532,54505.035
18989,11011.643
44800,11496.895
54074,17148.973
80962,10414.739
12049,21281.041
29169,28947.432
51370,7018.123
49161,18410.457
74930,10942.146
57798,24637.373
15588,13818.235
59736,8906.11
24327,15351.657
99463,9887.09
33580,56377.375
74767,18124.645
85251,19169.025
19094,51961.062
10484,14697.0205
54045,12219.716
95538,26443.87
24409,12897.14
33464,14611.992
38423,31470.072
19042,18833.463
77245,10892.951
84367,26277.654
71540,52217.984
36609,17805.424
87479,23273.414
60879,5871.6826
45224,7205.109
12427,9585.142
22335,34064.18
27004,9401.704
56622,13317.067
19300,14106.189
59302,16273.242
28946,8727.688
29516,18144.156
24048,8474.349
56090,8528.959
20844,8499.078
87028,10830.094
13130,8020.4683
26592,22716.252
64998,8799.977
10714,11715.383
70014,6671.175
67028,19594.336
20959,19208.709
31495,8216.954
96194,11149.62
49046,13887.09
22126,46751.92
68267,9930.027
47889,11984.589
39348,40413.2
51233,9012.156
37359,14890.4
46399,11070.023
49014,8434.22
55261,9424.731
19990,13460.58
38883,19014.31
61632,18023.012
45839,19013.727
76887,33177.55
61787,27488.818
74084,10063.425
51576,15203.122
14160,30476.865
62601,19251.33
49239,5321.9688
23009,15547.459
18543,33120.01
19471,19018.799
57817,1246.4188
84174,19239.812
12414,12317.879
97787,20868.084
28819,34323.977
21168,30138.188
32312,21905.51
33648,11065.3955
51763,3538.4653
99444,18030.904
20668,22364.068
83788,15201.026
53445,18937.268
43330,22475.549
55496,31903.469
62565,90415.98
45621,18302.41
42502,19912.832
56169,8775.196
79462,10166.707
79789,15906.631
23884,16211.029
75233,30207.93
46190,12066.56
84701,15022.922
24362,23323.365
45772,11884.516
59622,7125.982
59634,16998.82
95212,18219.598
85501,16234.757
96874,13572.867
62814,8482.83
83222,13368.39
53002,28571.256
47202,9533.615
50601,13613.735
54847,20560.871
76459,25812.277
96066,22041.04
62647,12312.242
30181,33418.24
22843,9121.734
34610,9378.08
97277,8122.67
73508,13731.367
47913,23226.549
72749,6113.874
33219,20475.81
14536,18658.947
44105,24324.504
40277,32070.838
11455,10609.174
78490,9535.707
28391,27896.4
61076,30527.965
76959,13066.83
12442,23056.71
21248,7985.4653
29333,32374.973
84694,15497.098
44922,14793.981
62483,30250.775
20042,8566.072
89018,8521.532
74568,16130.832
78824,34919.66
45982,10592.795
71643,15859.272
12017,8720.366
10114,9948.484
28704,25765.428
89864,13274.149
83262,29991.371
84494,16383.456
79317,22296.107
17098,16909.201
62321,14824.201
93247,21948.33
27508,6282.534
65746,28143.703
44357,12394.687
13501,11112.864
93771,11818.57
54671,7338.527
73288,42327.32
76393,16058.926
13301,11996.936
29126,11233.533
32503,11506.633
20007,28348.812
94933,42769.168
91614,7670.9585
46828,47776.344
66114,15115.505
74833,23534.47
35024,17805.057
36370,6617.5903
64066,38425.707
94329,13408.964
25816,8945.137
12188,16014.092
76425,13769.133
53859,15410.085
43016,24439.264
99861,10749.012
23335,9531.278
51831,16541.81
59663,15359.992
70173,5640.0327
96651,12559.792
38418,7986.922
25517,18580.426
15207,6795.908
33035,21315.422
12632,19775.451
99622,42653.152
50592,18966.715
25628,17785.736
89396,6233.1133
70525,7739.2803
65328,10099.566
43982,6500.172
48843,9307.53
97565,15551.178
95138,13727.638
53253,19691.42
45335,10409.207
49747,12864.351
21808,8745.43
93025,16812.668
34638,10153.146
30635,19647.018
84358,13682.794
12233,20500.305
80762,6061.328
62716,8975.693
41894,9504.731
40217,16602.023
98478,15784.337
97880,15074.269
15590,11684.45
12571,8576.48
58050,18176.762
56057,18183.902
38537,16759.158
30336,8425.335
70291,28631.475
81075,12940.276
45366,28672.701
95791,10338.998
54172,10194.12
42302,11085.918
14966,27030.277
85577,16341.7705
30595,8948.216
92101,23216.697
40805,7326.7754
77303,18853.568
28009,7070.383
95750,9306.947
63160,15610.22
20972,9294.111
30361,10772.345
35944,15838.481
38565,20509.674
50203,30450.477
51495,20314.18
23882,14604.359
56063,13251.021
29360,7139.706
35725,31451.564
21333,15716.53
19057,21865.781
10637,12505.633
83215,12597.637
22715,9648.289
14739,19568.547
25027,16988.713
79479,10790.579
77959,17252.008
64117,29134.686
97339,6251.3965
70792,18202.148
43486,9259.296
59836,10314.092
48580,12260.71
43872,7205.2773
19617,49034.49
78803,6611.819
84828,11256.093
63459,50564.195
28367,32406.176
21878,22299.12
93717,5810.6045
65532,18753.035
18443,21937.51
57355,8847.309
98097,17280.312
69649,9216.235
44356,7071.907
88070,10263.806
81854,23064.355
82859,8477.514
59023,54598.13
37906,38218.164
45368,7120.3145
45613,8316.549
95433,19748.998
38922,14927.354
59468,10655.795
87038,24007.07
14096,54272.66
54428,18421.914
85009,22127.076
72940,14480.129
23754,18340.209
13942,7327.653
39931,32948.48
28957,11095.376
81470,18990.625
50461,13346.556
74736,14755.56
61510,26779.47
84767,11164.18
88897,19333.281
58964,47245.543
25919,16952.164
35262,21239.693
59651,19815.232
60401,12137.761
89436,15562.882
58360,9196.206
98770,13151.172
79043,6856.5586
65208,7611.734
22840,9950.15
30956,71560.46
40577,5419.8633
82667,18398.31
73837,20374.002
67396,17035.486
19508,37957.742
51989,4591.5107
41596,7939.2744
21052,13276.299
65097,19881.73
32760,26075.607
50654,10917.203
28969,13356.943
10489,15107.798
42338,15146.819
90653,11631.769
68190,19108.543
96676,9745.484
29853,31193.744
16013,15693.014
20603,9106.237
49692,21354.625
67277,6376.3833
42756,21499.51
91365,19585.457
69426,10009.855
30753,13824.953
83751,4048.9287
39598,22539.312
18496,11923.273
64703,13159.517
31145,22116.92
24314,12416.95
79055,20553.25
23387,13616.664
58161,10447.215
81104,17081.188
18240,35694.26
31725,21038.635
80907,8996.395
32778,19907.994
13156,13770.189
91869,5343.941
49560,14148.977
16351,32251.14
38414,24973.34
94751,11059.224
41082,8898.479
83959,12210.39
50460,15485.096
31062,7683.2383
52781,7816.2603
36550,13168.737
23557,11475.749
19017,12135.531
50009,4980.1523
36968,14575.332
35575,10435.356
52018,16547.83
36513,12473.298
22999,20721.469
35780,8673.675
59686,18705.602
97495,28416.004
72094,10298.131
84829,22235.023
78684,12729.599
39227,16868.715
37537,30039.93
74214,13795.562
70192,9231.776
78380,15086.28
89124,17878.768
64603,31338.096
35738,6332.5967
58553,17831.047
83567,11934.002
84699,18886.814
82359,9678.546
96151,16914.828
11714,16821.223
41927,18729.68
41107,18923.959
15753,30557.654
12109,6918.087
29428,3170.7373
11345,14946.641
77350,20925.678
20863,18480.893
40967,12738.369
31601,10685.352
84090,10656.736
40069,6249.9795
57153,9174.316
23748,8176.8213
32961,9375.585
82060,11920.423
36780,8511.434
79687,8987.395
38088,16354.11
96163,9574.207
93964,10596.061
32408,7573.637
61476,8670.98
90087,43001.19
73460,11075.797
15769,9567.512
16768,80210.484
10944,19501.795
65075,10584.742
29506,11879.908
22759,10486.029
23395,13394.055
24742,9455.978
53101,9022.933
73914,19040.486
67039,24660.797
36427,18711.94
78139,28488.736
87435,9999.252
14280,24478.992
14063,20362.455
93658,7089.102
27823,28426.254
17700,5099.0684
19267,17806.625
28075,14765.044
14311,10678.273
27523,45833.926
25914,43446.53
43049,21795.428
10490,13371.106
30757,21244.13
35595,27320.264
87429,3072.5808
64595,6314.4014
83223,6446.052
74177,12839.575
63106,22331.273
60669,31227.742
65422,14035.816
50618,7546.8735
69474,13439.854
19399,8559.629
31338,10225.319
58471,9438.755
83236,20363.936
10298,10893.413
73383,7595.0283
34014,16584.012
49264,31221.002
25451,17856.574
69279,20897.012
39358,19794.988
19664,27183.477
66898,24545.389
79307,17413.59
63081,24660.797
22611,19302.33
35070,8266.375
48104,8278.551
78445,14050.872
12497,9541.971
71536,27113.488
46058,6064.0415
80665,6383.21
55896,35684.477
54420,9680.309
33509,20209.955
41203,17458.23
14943,12355.963
70592,16308.481
82758,15770.338
51268,12496.645
72439,15891.822
27632,8059.305
18575,7902.7324
77584,7389.419
80447,14806.518
36738,24401.596
37142,9697.354
22008,19890.615
71187,7455.918
22049,29468.223
22301,21359.918
66455,4440.6777
15194,31943.11
25751,17901.758
29554,16746.79
76566,13288.803
88697,41444.547
85643,44445.105
48519,25632.06
37884,9800.332
35184,7361.347
79557,13009.895
44761,10650.803
27901,9682.387
71875,20924.586
73828,7320.736
24494,22885.1
46996,31627.947
76914,7721.3413
14463,18553.287
77069,11071.865
10500,10100.452
65174,23566.613
73218,17568.178
38189,38429.637
91938,11118.602
49811,20585.416
30253,11283.25
98254,6421.2485
98368,19113.207
15671,23385.531
66581,19516.346
36466,13178.728
43613,16206.328
30662,30784.756
73488,19671.443
61814,8233.246
13035,13724.513
92855,11963.44
96555,9324.201
24761,16728.38
94015,7395.351
11034,5295.9756
11999,10062.099
25151,6185.6733
80929,8252.555
71749,15178.302
26030,10905.264
33755,19957.797
11511,15761.596
55759,38593.645
13571,6613.1807
10813,13843.138
97397,15446.282
81532,13105.517
29046,45671.25
21602,23726.84
93044,17078.637
11171,29558.275
30792,13893.153
41135,10899.901
80745,8707.404
82261,14383.471
27282,20281.379
53239,12424.291
95202,22098.87
67583,13722.675
37970,7149.4253
21134,10552.823
54816,18505.342
18309,18558.682
65376,7862.2925
52054,6833.3896
61788,9836.786
84247,8668.7295
24635,43138.996
84116,31755.014
67663,9592.437
86699,8198.893
82321,10287.118
52511,8937.486
71821,15649.579
89764,17146.229
19573,6333.6562
90017,10792.179
61612,18591.955
43862,17585.4
69003,22391.982
31113,17966.266
34908,2249.0823
28425,6407.558
19539,19346.61
69206,11047.684
29722,21672.361
93293,8819.776
38795,7337.1646
64064,11016.551
84586,14323.729
54045,7882.4204
49548,13191.338
18356,13853.08
26576,8628.355
84990,25494.818
80604,19028.98
48906,6434.3096
12492,19190.459
85505,15139.353
87973,15170.489
10781,13835.326
22650,9214.001
89326,15700.227
76289,22568.123
48054,11196.171
61859,16906.576
75878,57949.844
61320,10298.131
39631,9047.682
17179,20941.732
43687,9690.414
59746,12914.088
30669,27018.584
41298,31419.906
91165,9900.765
14337,19978.037
55519,11065.548
32742,15190.602
39616,20559.084
66675,11733.608
67126,31878.395
46931,18156.035
76082,9963.313
11937,13102.088
68052,15216.754
91926,7527.263
91783,5871.6826
96578,9667.253
50125,15706.003
80485,25146.094
28357,7892.1895
19700,20909.834
31373,10610.77
20317,71680.07
48971,13581.104
77509,6268.4316
70149,10542.971
75206,14320.524
63783,11310.563
62721,3250.8833
98430,14369.667
29418,7408.878
21084,27635.46
32264,12069.465
79951,17604.307
12917,8596.504
23592,20388.033
65461,17642.17
74172,12759.671
88983,18034.363
62167,17946.453
34642,14055.962
89854,11014.074
95649,8730.314
51271,11851.623
96240,19185.84
52083,8478.461
44865,30412.58
65788,14962.157
81882,21852.295
92258,19989.152
39285,10265.272
82345,13059.464
74028,57479.895
23796,7600.072
18357,20553.324
55701,6649.905
91283,9130.783
21736,8282.034
56996,9204.578
64421,15418.913
59458,22360.928
20410,30508.87
63630,9990.283
14030,17920.365
18213,13130.967
35307,10752.657
92651,33438.34
65167,12000.057
22325,12062.018
48958,27647.162
47801,9510.483
13070,9692.961
57571,9964.259
56178,12141.276
87848,17222.305
36372,11427.399
30919,26401.924
55327,29482.064
25754,7151.152
60519,14133.689
73962,15462.475
69177,17839.223
53675,13513.124
48491,13087.718
94665,24875.73
33555,17684.18
78295,9866.398
50275,34542.156
25225,7649.753
41202,15673.508
95861,7671.5845
29323,28007.162
18407,24358.477
41941,12402.337
46745,3848.345
38812,12642.133
65765,16157.898
50636,6106.592
62638,7493.9688
69312,8223.191
13101,25043.627
48150,16670.1
66236,23342.021
79427,20482.436
28319,23418.275
98070,12223.737
70866,15879.43
61859,32449.658
20499,7814.742
22976,56494.94
93483,9398.084
64765,11882.435
30752,24434.084
99507,13787.929
79581,6153.617
37650,16990.85
88375,41724.41
56644,13459.747
12429,15088.24
12488,14211.737
46423,20630.941
72862,22929.398
38606,24504.826
77722,21064.707
85265,10628.106
82818,13159.596
70756,10389.064
73624,6540.6113
44584,8105.6045
30137,6036.464
16499,10538.128
28458,23398.537
62539,12027.409
70835,10716.281
22096,10967.187
39248,26444.127
66175,19367.453
24885,14125.323
74439,21730.387
90208,20918.037
66512,15569.974
52294,17127.172
93473,13034.891
41222,79846.95
84270,18012.86
76735,20148.404
92432,3088.7905
92242,7250.425
30167,2058.8777
82789,30910.889
20813,10659.351
87075,21262.314
29930,16140.309
61645,7132.697
62731,5758.9595
23738,17887.482
78249,21410.29
47659,7106.5806
35218,14247.302
55038,25089.273
40263,17529.492
69916,6561.089
73351,30242.0
46696,17278.967
19474,13648.484
67519,10629.683
34666,9168.906
51155,10153.218
57350,10772.057
93818,11145.109
11838,13109.118
18717,14017.443
12689,4044.569
28041,9508.361
51857,18538.877
68182,22100.764
28200,9597.123
61526,6340.291
38166,10736.334
31360,12243.141
21970,10329.929
36615,16710.613
13344,14349.164
92763,12413.953
94050,12750.145
13646,8670.98
11922,10065.852
80419,7198.316
58792,13807.946
10211,31174.844
17297,36792.367
12415,14382.666
43474,8604.243
91451,55593.125
69981,7440.132
44203,7446.0576
59570,19745.695
91270,12885.619
61001,10521.346
75962,8723.732
52848,40117.336
55857,17455.666
42911,12086.074
76687,59681.44
71191,26598.838
19897,16193.071
84463,30782.648
70013,13871.688
33773,13618.385
60329,14960.891
19994,5564.181
29201,21328.44
51079,8749.252
51879,29800.402
54723,16182.222
38861,4431.377
75429,2648.6335
67103,8286.771
78977,10486.543
14156,10025.336
95607,35240.03
38052,11266.477
79920,51728.863
31081,11054.808
85130,26042.525
32641,20641.928
80186,15047.255
86035,16080.28
18220,8485.1
92830,11016.329
59321,22081.805
26641,3876.4631
80593,22918.15
85546,20002.062
93456,9203.732
88400,11201.719
75345,8371.715
93531,18759.666
57383,11428.791
12144,17265.842
48373,22554.201
79529,20897.574
92756,9170.379
77029,8742.378
86156,24644.531
80500,14728.551
12373,16537.625
84129,8743.718
65761,10080.3125
48145,5166.571
32830,17164.223
72667,28887.355
80582,25033.623
54263,21112.9
62346,13987.614
58324,12742.216
38005,12632.703
89378,8387.678
22615,6974.2876
41062,23617.084
17080,16306.841
96696,4742.87
86637,17194.61
26128,37686.94
13152,14777.472
51925,20534.309
58806,11604.53
57414,11848.06
30873,12010.028
17134,23441.037
21995,22150.146
87693,19927.438
81932,13349.131
21879,20581.533
70117,8605.202
26946,24256.404
56658,4560.1987
92343,16245.419
47451,17491.191
97123,15291.002
15063,67546.65
96270,22524.604
12370,22035.564
20134,23573.81
70896,19775.451
26268,10178.864
87641,23972.82
49345,16217.716
35444,21112.332
21882,8196.716
98503,9073.023
63157,23767.498
22274,16511.506
45687,12295.953
76917,19012.965
51275,7524.454
96795,12143.722
32579,12542.067
42508,10064.413
44712,7294.7417
89919,12966.941
71167,9374.072
69240,33924.617
33553,15531.151
30057,13050.869
86754,16260.881
80579,17294.463
51915,22544.762
52139,10393.686
30748,18675.477
49596,25412.328
52906,18511.227
28420,12015.559
22823,13738.348
76269,9793.247
89375,10586.856
68971,16183.93
92097,11598.345
92280,12160.326
70402,25764.74
73685,8610.373
52108,16207.521
48163,11441.7705
48639,24175.098
73882,17749.25
71716,17280.498
16236,18577.18
82468,19636.893
85432,5979.492
20410,18043.877
80282,26677.3
23699,15769.152
59050,6393.829
52982,12512.267
57153,21989.22
42841,13648.741
68598,1505.2083
89577,22635.297
58410,15251.649
54024,19912.023
95442,38423.945
42097,25013.521
21845,7919.7295
41064,12560.54
68193,42653.152
73994,7356.011
35273,20386.354
38025,19762.967
95369,9009.69
80120,17351.191
96555,2731.1501
40731,21302.63
29406,11226.828
13618,18813.219
61752,10314.735
87741,7864.626
48937,10785.23
81235,18013.719
35663,14655.933
99876,37551.574
61006,20359.348
64985,6904.6597
29537,23958.533
79023,8726.935
81170,10757.656
44119,17314.06
32286,19647.521
13118,18086.596
84007,21981.957
41556,15144.681
85069,10041.95
26395,2799.4058
82774,13094.045
32790,9761.783
16505,19378.879
48692,9737.721
30661,8074.1763
69416,10900.055
21633,15655.049
20485,11892.914
34294,10432.836
67250,14112.763
37876,18308.955
54662,22096.736
75108,15356.771
33187,8708.473
18906,8241.442
81750,17067.264
52712,10828.897
28208,9169.086
13959,12320.196
38842,6602.559
41235,15714.997
13933,31942.205
90537,32387.572
93348,5106.312
10508,30034.32
82709,7490.1777
88773,11400.051
24170,14650.259
46839,16779.463
63546,8558.019
61493,8507.695
81953,9466.364
56233,27080.945
26832,7050.854
78740,10381.52
66398,7261.3887
70734,8088.193
76800,7469.014
78018,17579.404
55289,7945.4507
80219,18054.514
65122,17093.727
98977,14687.237
79365,12001.083
59567,3019.781
66946,15304.206
76242,11747.109
75487,18692.385
97457,34408.75
95989,8736.967
92027,21292.883
19904,7237.022
28135,13794.527
48841,16334.088
21629,14420.299
71664,23888.334
72366,17604.94
20091,14493.505
99817,25477.676
11112,25828.809
31165,14225.01
54115,11828.733
60409,12051.524
49160,9683.91
41353,13499.088
69016,13132.146
82917,13865.391
26141,19179.793
36793,13579.91
75175,8012.4727
98459,24568.771
33328,8652.075
28506,10710.714
54153,20379.803
42579,27615.795
36324,27302.271
28298,10315.972
52041,25161.693
69365,22461.396
65136,20469.94
44093,22239.613
18267,13285.727
72314,27896.4
77987,44753.01
47121,11781.454
55772,22562.564
41119,20648.78
44178,11792.094
71906,3686.5867
90467,25284.627
14373,7959.484
92775,19333.295
91263,11038.821
48604,11573.959
96342,11670.944
41548,9629.891
17756,31354.916
57010,6751.684
80975,8703.447
75767,30149.445
50842,33588.617
46645,15063.879
14171,10281.77
58775,4802.546
15029,15589.642
86484,25031.807
71357,17782.54
43545,33196.77
19381,50019.953
22392,16910.203
48515,14463.134
51218,9257.287
21513,22474.65
50549,20843.084
40202,21464.512
55358,8666.913
85598,9031.858
85551,15328.811
75903,32107.24
59595,19446.174
47544,17110.137
18541,29378.713
87753,15669.778
11604,14915.844
43210,24395.625
81446,19950.982
43056,9944.409
21118,14919.605
55500,20980.328
94697,9539.618
33717,8062.756
98291,20981.064
51402,8275.691
54408,8442.824
63096,20260.062
15246,12145.09
63228,12975.035
35753,9664.825
80377,18771.096
57081,8654.686
56475,12711.522
26736,4671.5425
42327,17249.46
81133,14580.791
74055,9734.028
55916,15650.559
31647,10519.58
30953,9839.61
31285,8422.823
34820,9045.177
10926,34124.766
21051,29240.357
42857,45881.23
52076,9169.2705
32713,20216.205
25230,9334.871
65606,15695.381
78808,13008.949
71608,13302.136
92959,15100.497
24482,15387.057
78163,10990.38
68607,35336.652
83635,7820.117
62506,21164.475
30899,7732.323
63529,11261.146
30967,19326.84
34950,24152.285
94293,20591.715
95039,9430.1455
37392,22048.883
84817,17463.703
27222,10223.817
77457,8781.729
22990,32665.62
32443,13071.464
60205,29957.873
97739,15522.235
30856,15927.27
20848,44764.11
20046,12897.307
97728,10155.107
95962,28663.658
93873,7697.392
76532,14653.917
80432,12656.006
31837,28675.857
54885,9401.94
70232,13918.663
72371,19951.785
23414,24947.87
94629,7477.275
11686,29666.725
58519,30570.867
96009,16220.987
26736,8927.153
79289,27674.727
81311,9601.089
88222,14976.227
90075,9612.007
51993,11692.368
12028,14073.68
12434,18976.816
66350,19262.9
43478,12016.221
20688,7236.033
98195,5685.384
47463,13507.989
28515,17897.34
35846,14043.6455
81140,9449.946
73899,14261.452
99803,8556.0205
35956,16531.486
62465,16841.973
57778,8245.42
37273,11173.423
14770,15018.133
93063,7701.946
81412,8525.31
95074,10269.457
11662,8983.063
14529,15035.926
97520,13142.293
35105,9790.928
81761,30628.938
44746,26355.209
11649,22558.37
60280,27389.04
30084,14432.911
15193,21002.916
90895,18006.225
10207,5113.221
55854,11038.727
42842,12952.966
59334,24734.887
14674,8070.8506
42733,12180.153
63919,11128.762
98529,23552.2
58779,11509.995
57704,4183.447
99102,14312.242
43959,10552.305
82128,20662.422
78940,45486.33
22469,8398.194
23120,23422.314
49437,10406.65
32543,16406.28
10944,10983.108
31553,15535.216
62345,48305.047
94371,16150.621
94588,26314.703
97018,24943.523
21225,10445.785
11912,6647.7256
41630,13741.419
53517,10074.182
80437,4887.239
20323,17475.707
79971,13349.715
95098,29991.371
49369,7906.277
15828,8802.666
83622,9980.935
52994,19607.297
74383,16337.921
43436,8539.566
72528,4978.2197
20577,10872.593
29731,30635.732
94585,34110.62
16994,32134.566
68783,14527.327
73441,9828.36
48949,22027.543
10657,23448.53
53157,21142.629
74763,14402.602
55416,17573.516
21026,25255.596
82651,28860.861
94286,11323.558
92073,11110.419
57443,34189.44
54677,6549.9473
12321,18680.21
60222,30670.844
53714,17444.941
92025,7843.001
69932,15728.141
20506,12430.286
51914,9515.68
52854,11285.617
58710,11716.447
44257,82405.75
39119,15663.06
67454,17217.527
20745,6950.3643
50417,16669.115
12138,10426.947
66419,7978.036
78411,17236.02
80984,22268.629
62475,12728.522
74149,7441.4365
44809,11461.631
30931,17131.639
62082,15116.265
19743,19361.904
72785,34120.645
52569,8704.209
45590,27972.014
68367,16719.066
74683,39429.375
60206,11739.804
80957,16731.254
85518,6190.8257
83914,13238.865
42778,9493.386
93420,9757.359
44253,21684.947
36154,24817.795
73767,12024.454
67313,6457.0464
67548,16170.237
73698,13140.663
48754,7233.478
41766,29601.836
24476,28730.422
99014,9126.427
21712,18128.35
39757,18438.445
74654,6401.638
68890,19191.977
26519,7847.024
97134,7016.634
10188,34196.875
36910,58401.57
40732,7364.9404
40843,17775.928
66915,11144.741
50507,23683.727
97193,15349.239
88024,8178.381
89322,9846.501
83372,42426.766
51844,18722.348
20244,48668.367
39644,13106.794
59563,34326.383
11557,33041.562
42645,10598.209
69320,19651.332
77105,18111.688
89662,22464.455
93569,12315.29
76465,12983.573
23466,24963.303
11417,14822.636
20107,11155.9
53330,15081.518
29811,9701.101
97833,8796.601
56399,9535.42
87010,8844.0625
66561,13045.719
30283,13517.209
81496,54222.637
59492,11028.81
95348,8668.317
56232,31264.217
70197,7203.343
76025,21087.764
72404,31057.736
38484,18506.133
24096,20390.693
62649,13216.182
22971,12051.514
97241,21703.186
83177,7623.1167
11900,11324.8955
54715,27739.072
63249,18837.762
85196,14720.258
97666,15789.905
10317,17218.213
49779,7728.12
30168,15906.714
12285,11080.119
21634,23374.104
85989,31977.783
33940,8717.801
54437,19126.58
15798,15785.354
36397,15248.1455
24168,25985.893
33318,45533.52
38461,13237.436
81099,9350.31
13838,7444.104
83758,36907.043
89279,14742.895
81932,17008.156
49028,15253.041
27583,19061.455
29451,7807.935
18106,12534.345
43397,17920.365
49071,18239.945
46857,17334.28
46661,19299.938
78443,12237.759
68562,11647.111
72800,9000.139
85694,18480.55
39640,10099.763
21103,18106.803
38793,11138.281
40878,12937.108
58596,12791.416
58944,25574.123
50602,21555.89
86314,12102.761
96381,30854.055
72985,8907.318
71596,18564.28
10767,14534.979
95640,15856.92
51520,26959.406
39831,15970.533
69423,11064.385
14357,19698.447
36035,8413.911
55855,45084.656
36855,8192.909
31653,6269.142
45257,12050.854
32919,7641.0957
83750,8511.42
48370,14831.862
12718,15178.819
98256,13688.836
95549,13456.202
15738,10305.587
65479,12780.664
24764,21589.516
88473,13911.321
45814,8622.01
28661,24317.533
51113,24062.31
36356,13743.56
67981,10293.319
92254,7309.0337
18738,12653.88
47550,11720.031
72291,20433.02
52800,12937.564
72681,9188.033
61804,11219.051
75721,12708.587
28199,47477.81
66543,7450.538
56378,14119.705
48046,18808.096
84611,14178.855
25236,11464.544
26515,45600.152
92668,22718.008
91704,24802.738
81959,26941.463
42851,17773.078
18451,13989.049
78527,7267.6567
28532,7195.393
30521,11744.296
12932,20074.53
85817,20105.107
76181,25297.213
17824,15361.922
20594,14419.048
96888,7552.046
83250,7611.116
58077,46345.324
11908,10074.162
65642,18364.355
13966,24129.482
13364,7664.07
92054,10984.799
12458,19022.502
21393,31479.574
77424,26769.771
67018,8529.438
52247,9996.969
52825,21625.074
47509,10287.448
29924,10790.579
36074,30342.984
54945,15036.209
41685,10543.787
34326,9325.13
78209,17585.006
84515,25484.258
18846,22835.73
29670,27680.305
71497,9823.303
34333,13822.011
72243,21477.09
52367,7309.1646
64391,9523.156
56922,12846.007
85024,11717.74
10464,8209.243
86158,27147.582
49763,8472.1455
20707,7405.7554
77538,11986.646
41649,21290.107
76744,9296.97
95990,13768.777
40958,14454.586
52318,28544.209
92757,21051.762
59898,21833.2
68106,13716.094
28817,11029.07
77236,9769.185
93471,16261.521
78003,15986.403
34147,2331.6484
36664,10960.278
33285,54512.07
63406,8713.235
65558,12896.686
59803,7154.8906
34699,14830.416
42568,18789.701
89413,12000.957
37160,12167.099
52446,16208.729
17817,9397.076
92231,15577.986
10199,7343.135
84659,7319.3887
86420,14523.731
29569,19994.672
82333,9464.059
39913,10012.077
73794,20944.871
50051,19102.129
40083,5910.512
74866,7136.315
72287,17208.746
38360,17574.023
64317,18822.62
77795,18925.855
38847,15855.167
57830,7592.443
20145,9537.594
68019,7534.803
84380,17085.885
51484,10768.754
73604,24219.844
94320,7806.8413
76144,37193.004
15864,8253.245
64508,27216.162
78513,9382.267
10772,14816.197
96993,7193.6226
60204,7020.5405
64892,7220.7695
61221,7680.936
66825,32741.738
40906,27814.73
89950,21034.71
10608,17019.299
81670,5754.821
44635,17961.602
27415,14429.9375
13329,13464.163
57456,10249.123
74562,6750.6064
23104,16648.746
91437,15566.612
27640,16728.361
15956,11289.258
32415,18042.598
19447,14620.832
88187,9997.43
41933,54481.72
75961,12682.118
73932,11042.232
51352,17539.143
96680,8653.838
21921,12140.578
41707,11448.257
44149,11841.728
16024,12328.57
47115,8122.675
50558,12793.415
27850,23589.73
40295,7012.688
10907,9712.367
98272,66126.875
55235,25507.627
83561,19984.979
46775,10589.985
17294,14085.936
44324,11677.739
94368,12505.887
66628,26020.273
93898,10917.364
64425,25865.42
53426,12767.739
97659,9064.142
77725,10939.151
38184,31725.893
41253,27620.195
67369,8520.643
78834,29318.797
82291,10345.399
66207,11898.781
62814,14712.481
81017,26842.16
11951,9139.597
91730,8184.1606
59909,16948.41
58319,9505.334
70231,16492.5
27538,11096.807
70642,20742.178
58735,22599.562
38096,12620.499
25622,6699.084
92343,11268.791
64226,10676.63
92554,6319.375
10281,9437.379
68580,9325.785
61875,9385.21
60734,16719.459
26691,9275.379
57010,11327.216
83068,20389.275
59116,19295.816
98979,21213.053
86346,27638.48
11318,30129.062
43203,24650.76
80857,26946.424
13573,8977.993
71513,17273.744
45324,10022.238
67654,21137.387
54725,10271.455
46130,21448.082
67448,14911.505
57736,9924.064
44133,10118.736
12198,54199.84
10321,19817.209
91202,14745.95
96921,6523.714
40024,9726.892
72272,7918.68
25636,10963.3
25855,14007.262
66680,7753.905
80102,23451.338
66819,16288.728
13014,15495.977
82903,9037.86
27399,10056.912
44822,29472.406
73303,33868.945
91836,17796.824
30726,5477.001
32486,20709.322
99400,28321.742
57623,22326.877
24281,17641.422
42353,13418.644
55249,13371.079
11287,10409.48
43336,6776.1665
67060,29038.342
11026,7839.236
96767,24008.107
27198,14939.807
63755,8380.939
45030,14906.396
53058,14348.44
11297,16624.852
54339,17219.084
70535,50745.8
69624,33780.99
76503,25606.16
85139,17951.77
70183,8461.939
52018,10833.871
90437,16760.002
75074,12694.228
82112,9974.984
93169,22884.158
86760,20290.709
82762,10365.587
92834,12484.802
25763,16980.977
28832,13345.434
27353,16561.799
51672,8065.92
38237,9439.599
35179,15394.221
43775,8481.959
63845,14108.646
96563,30310.932
54962,29048.963
19938,15140.455
92120,20523.117
61823,10589.359
63736,9233.846
16051,9171.905
79971,48386.316
85037,11114.243
74156,9872.927
34291,10339.712
57901,11017.675
53157,9756.609
13079,9844.223
61494,7840.987
37743,14869.995
17974,20963.682
92541,45717.664
89606,25274.217
13269,16132.83
19164,24123.99
24936,7343.0986
59759,18718.385
39808,30160.523
80421,71123.766
19577,5704.1206
30623,46460.67
44196,22818.076
32304,7693.233
61101,8054.966
67909,27875.826
93168,21178.934
69010,8945.199
67837,9968.575
76521,6813.0195
55240,18577.268
18022,6965.537
95888,10042.157
40125,7136.2075
81568,12275.491
76355,16608.406
59631,12336.651
96341,10926.805
85586,10303.165
73313,9413.602
26765,47248.5
16435,15014.233
52124,11083.257
81243,21392.129
32644,3999.4365
54138,24443.012
73851,10174.987
83471,7698.255
61762,10596.593
71998,10099.134
42593,6160.7886
25426,13370.65
68791,24843.588
78760,12734.425
89861,4031.8435
64596,20271.229
89716,7560.167
27232,19416.908
39942,12168.024
63984,17191.47
43779,23315.994
49281,8553.255
25009,10133.557
25011,10432.99
46791,25031.021
38554,14607.181
33587,11879.112
12916,10273.292
52829,13476.293
54399,23160.86
83919,16586.986
33920,21207.871
50033,19157.012
59281,14062.753
60871,8419.614
31161,17626.03
75457,16969.904
61908,24350.744
23938,24988.803
54876,19556.918
72708,22571.037
32924,9993.091
98799,15210.042
27263,15848.738
87017,9079.658
83419,11656.674
19520,22078.969
45173,23786.1
21153,13076.51
90281,16331.507
15340,18314.871
75005,10731.367
45423,34570.742
51259,20848.01
35817,25515.836
84365,6647.009
82663,60271.25
15609,21246.363
84146,14801.972
24444,8633.328
88761,17769.58
21734,8196.716
55887,26338.79
93338,13446.135
74741,10149.829
55062,21049.225
31696,21616.033
42761,15307.238
55590,32655.633
86313,25949.654
93741,9900.551
32012,9204.119
91842,14548.629
16519,11456.842
26929,18836.076
86593,35257.555
31331,5890.795
12798,17802.795
58453,42974.53
95971,23799.998
59636,42180.82
87383,16594.422
14442,29376.555
31205,13199.301
62884,18408.064
52207,25612.613
48181,8466.61
17447,15746.92
39672,30715.705
48782,17547.55
63164,32796.37
42252,26219.016
21187,19573.719
29499,9670.515
67590,21765.305
18524,7867.137
34749,15670.081
39802,16125.316
58253,18033.434
87657,10646.112
49054,37866.566
36829,17081.61
54369,13492.189
96555,13656.016
83130,17188.959
49187,13143.619
18396,7689.095
10039,13448.265
27768,30306.557
62759,20159.05
76768,8278.002
16966,62766.457
29822,32361.098
29972,11125.539
28100,20729.537
64278,13040.197
28494,11214.911
16833,20302.889
29738,21251.791
56077,11892.322
21196,12409.348
59677,28135.328
48975,18479.186
17255,14028.427
93498,22032.547
27730,12104.512
35990,16039.481
36676,14331.29
35381,13832.437
20833,17034.973
11630,13576.922
15657,17944.516
83701,6143.36
27262,20411.549
78102,11390.29
71894,12960.558
24768,23168.098
63607,18478.223
35427,20661.566
17360,13099.313
48122,12707.775
59604,12959.755
60442,7462.7305
88908,8721.447
81446,9623.958
29067,31443.838
65109,25669.945
70010,14562.626
96004,11064.908
24869,10633.991
93229,19463.537
72121,7546.6484
72114,9730.269
63457,26310.285
68073,13560.564
73801,19836.625
55742,28840.6
76715,10215.965
62532,11709.85
90035,8888.45
38336,52550.168
94735,20919.227
51763,22430.066
53217,18457.846
55645,20638.402
35755,16186.789
28287,32205.783
38952,9545.008
12281,11696.509
14007,9166.149
31489,31276.656
26658,8152.663
78078,9026.457
20266,18243.809
19192,11313.746
28073,26985.031
48819,22438.082
13999,9678.87
46340,46589.016
88201,12635.356
18860,17972.834
89338,22025.434
35518,11227.385
31461,14832.444
88508,50589.895
23755,10509.816
72473,14531.577
70545,12002.546
37053,7397.7803
91720,10349.46
19252,28976.0
51762,55505.32
20502,3866.5146
67594,45342.824
22984,9933.726
39950,14987.812
63769,13477.43
70445,14210.026
41843,21325.16
95589,15443.777
16665,13481.244
40200,41874.457
60994,10985.087
32221,13526.463
79111,13161.352
70570,13764.739
47030,16532.578
92282,30169.406
90350,12121.461
93959,9424.731
12795,47427.227
90327,16273.489
36843,20780.504
21848,9526.745
49295,9079.503
41588,8926.238
38451,17186.97
77460,7058.567
72085,17058.516
79114,19788.676
77694,17518.729
22423,10434.064
91603,10647.402
87221,25691.14
96610,24366.543
11230,14807.283
55103,28297.643
31395,13513.273
15354,15464.677
28317,16205.321
53687,9621.937
61474,33426.293
62689,11876.474
69231,8052.6436
74442,20600.004
68046,17367.209
90144,11519.045
37838,16510.516
16365,12383.097
58421,23592.72
84302,9145.823
45969,7930.105
67397,7617.5234
88606,9892.639
58251,12492.729
34101,18625.484
56404,8653.299
38689,10343.934
94327,22820.355
74086,14241.914
70843,12218.441
57532,37286.23
26476,17080.945
27824,19539.375
81548,24313.154
34130,27617.838
89555,16046.122
93413,17509.094
14914,20229.156
75558,16290.354
21819,23654.377
44408,8227.149
81003,10513.297
54305,6168.8105
89865,34303.76
39146,15976.195
10178,19920.78
55534,27148.5
99725,10487.586
23217,9216.214
81787,10497.922
69091,16065.051
80632,18186.434
41135,10061.408
22950,9665.284
62492,11478.409
26678,7793.7563
63937,12070.802
64562,6311.9297
84249,17200.549
31670,7443.765
33499,37555.547
66662,11352.95
72621,16104.354
26546,17966.078
80191,9391.257
10148,21631.75
19741,17271.236
43213,11611.874
91729,10486.988
72274,10724.199
96964,25699.316
77962,25034.037
85772,12141.276
36848,16745.834
73732,14927.119
85295,5800.3374
14213,10921.113
87921,15641.896
99659,13507.207
88254,8194.953
67729,10152.929
28438,22519.41
20363,16314.88
12150,10472.159
39791,27099.73
56455,9207.186
79955,25504.527
48605,35795.816
94079,30818.352
64407,19955.994
73432,11055.589
62555,8765.328
92534,7065.9556
56200,14242.807
46476,9095.664
74961,9532.867
49704,6461.3013
44740,9859.663
73744,20670.455
44317,16481.1
64687,7422.552
54407,21151.662
42777,9656.043
59290,8041.6465
22298,24222.658
37938,6960.519
74851,11241.387
23305,18480.387
82049,20554.547
64351,12321.316
44770,11757.873
83294,13766.544
10723,15648.953
59813,8762.795
44452,8249.771
24391,28965.248
32127,11544.572
68611,11912.905
78457,10631.491
25762,22026.145
19785,9397.506
44125,29284.7
79504,13663.922
72270,10534.203
49283,25351.812
65953,13314.306
76068,47005.816
98507,5579.251
42358,10887.005
91404,13858.844
10259,10700.688
10384,18967.457
35264,16469.998
56302,20213.705
97511,12311.944
16338,29172.645
44568,11741.504
31041,18733.326
88586,25122.562
12741,12421.805
60833,12053.604
62370,4970.077
51196,15639.515
46976,12745.108
89241,10164.4375
89955,29563.41
39833,25760.477
24072,10396.022
36646,15441.158
71158,22320.193
61346,10248.242
35393,5785.424
70590,11319.933
55689,10187.433
81332,19094.604
38404,21709.16
60031,24984.596
49553,10703.797
25158,12766.064
10185,11027.282
33806,10835.338
48285,10691.849
98269,26543.863
51756,14420.18
46805,7493.9688
27859,26710.277
20678,10521.396
26274,9791.76
79009,10774.972
18609,11145.3125
25419,15547.929
51187,10625.049
41161,21626.576
44109,5667.1714
65183,25104.54
44963,12790.471
11347,16855.79
42950,10603.553
91877,17408.357
17921,7229.7803
50662,15095.748
34165,19771.94
15362,21226.014
52975,8148.99
14097,15567.848
53051,15102.352
55394,5708.4395
33682,13490.34
92621,10574.861
54387,25352.234
83881,8789.855
96728,14733.049
55340,5435.2314
24776,18045.568
94924,16192.964
71560,2726.2212
10977,11598.203
86933,14340.6875
52174,22945.332
83844,13395.3545
96953,8752.995
34606,11261.658
83547,27414.762
52718,9515.68
33415,11185.284
91292,17202.26
97126,12032.516
71882,12503.555
64493,11476.173
23901,13011.312
70222,8017.0454
24366,12845.51
87058,21371.453
40255,10698.256
73535,14898.994
33217,17521.98
35549,20457.793
19282,19098.355
41257,5637.5024
80169,10569.322
86334,9158.62
15896,34524.81
86963,26742.463
32167,18368.012
99862,20830.732
71357,16002.778
67217,14903.735
38430,43438.457
14588,18187.156
82419,21522.154
74531,25570.354
72902,9875.787
65192,19984.121
28188,11381.7705
27631,7800.0996
87113,13340.267
91079,17738.111
70964,12978.129
74253,13076.706
30387,20350.307
39889,14120.023
10782,12371.5625
45190,3209.9006
53742,19601.932
56166,8806.237
90813,15571.177
57806,10215.811
85414,6600.352
94324,33753.035
86309,20647.871
97267,13427.963
97145,25620.137
75950,14929.76
62639,10068.993
97822,16369.137
80962,24663.514
72940,25139.262
31157,27249.193
39475,13573.83
90763,18612.844
74412,31807.775
97356,17490.38
98703,15946.976
31513,16773.912
44864,22341.95
63925,4254.4243
41684,10739.152
20924,7217.632
77894,14383.012
32453,10330.424
88560,10079.216
60104,8814.652
46925,13453.116
59670,25237.773
67425,30745.979
42767,9151.267
22015,62018.12
43095,10995.412
63524,15101.827
44319,11419.813
78516,20619.117
94507,9709.042
93809,22138.91
80317,12659.961
93556,6418.562
23845,14840.305
48534,11345.5205
84232,13627.699
47396,21054.057
59746,9799.6045
67948,9299.932
17424,9847.413
59779,22310.521
77417,11360.62
99866,10948.397
31940,11538.528
25628,22657.412
45625,22619.896
86803,30055.6
96672,21368.744
66088,11766.564
76074,13568.745
80052,8568.783
66977,18580.152
19536,9816.107
98195,40049.96
96873,5827.687
69909,38954.336
17876,12272.6
16255,50619.86
78613,7364.2544
29448,10542.597
78790,7486.3755
61133,13482.642
30963,15605.863
39076,6251.3965
23384,10218.143
66757,7230.043
19585,33709.953
87531,8318.945
53129,21265.295
49762,25568.02
66317,13194.011
89026,13065.364
63702,28025.004
77369,15934.178
19710,9031.368
96631,7165.3887
16790,10092.231
80793,11442.89
72209,11112.958
39947,9070.631
82711,21109.771
64241,9610.853
45922,14108.029
75501,16153.916
45925,27355.066
90387,11083.074
30100,20497.963
92993,28618.04
50970,10963.827
77247,14817.068
26541,9167.9375
79551,14717.919
89187,21091.668
49415,13173.334
89419,19072.225
41255,36173.605
79420,19545.443
40749,11062.252
86017,5327.152
45884,23939.377
75351,14738.099
97930,14794.223
48870,22858.223
84761,9608.431
38571,17428.336
15305,9461.264
83670,14434.936
79066,16419.436
11016,6812.378
72641,5015.801
54383,20423.568
37644,19579.799
47044,15624.468
53188,13005.951
11424,17139.955
95076,28352.7
64251,38652.88
21751,16654.049
41036,13317.823
18903,30584.99
82377,6212.471
44875,13504.124
43585,34890.625
88458,13407.942
94784,11647.691
68225,13007.319
64959,8622.322
44846,13702.221
11113,8498.747
99292,8778.922
56468,32202.11
14437,19142.148
38547,5183.3003
33347,13831.359
21237,14618.026
60785,10723.179
49875,19491.154
82937,8186.2876
14502,16945.484
74282,9312.848
56801,26783.45
30143,11821.353
28694,18781.232
32697,26675.932
10921,17492.664
79062,18444.043
56485,6865.8623
77141,19497.72
84299,22820.496
47467,18924.982
20911,8395.276
95574,6241.9424
32053,5880.111
25635,60027.625
66811,5586.0015
53321,10198.813
28425,9242.761
91573,9606.336
28968,11786.642
87718,17144.3
35255,16117.999
22117,16678.912
64901,12724.618
70202,7751.9526
23930,10735.491
49334,25434.748
30157,16733.24
96948,28835.428
46935,27938.494
69021,9516.961
73586,8589.611
13563,15974.884
64130,16739.564
86773,31609.473
48837,10442.023
98756,11101.406
28005,24705.057
81786,12845.7705
93475,10624.3955
34966,16352.159
40096,9718.393
40374,15540.835
12824,37807.613
81430,18566.021
61134,9474.483
56143,9807.402
18740,6511.833
59696,9173.217
54534,15940.449
86187,20302.234
82885,29336.871
65100,11251.53
14284,34779.117
96205,8622.48
85226,19411.191
46883,5616.076
30821,53121.72
19888,5620.208
22720,9756.816
67515,17037.295
51493,15540.026
31101,26976.172
56716,14033.113
73604,23959.803
42502,7055.7646
55136,19269.793
62388,10770.033
60659,47050.324
84197,12364.505
90664,14012.6
98409,13356.943
37385,17374.625
93873,25141.033
64437,8419.843
16603,19058.77
77825,37253.92
17729,8658.333
12111,17232.957
78955,10292.587
37331,19892.656
45444,8733.932
14173,10294.947
37808,18213.197
38304,23186.475
34776,26431.854
96533,25998.482
58386,18868.488
16390,3455.8018
55510,11386.889
20611,9288.871
93659,12398.326
28397,7727.632
71891,9768.136
63065,9766.356
14474,16133.826
32379,36161.62
51809,5296.092
65135,19431.168
51127,12276.822
13799,13454.877
37701,9770.511
75104,10818.859
29059,10282.804
64581,40917.062
92212,12853.293
66204,29475.44
46481,26704.367
81173,26157.574
61841,18086.113
34747,13893.821
31282,9122.148
34896,23212.162
25064,13677.02
92797,5467.592
68324,5297.471
51270,14932.14
87633,25312.506
12713,13168.885
29958,9807.402
89556,22666.148
69905,14374.582
38125,28002.576
25142,8959.691
93034,7019.8477
19193,25688.191
12379,22683.52
21185,11366.709
28136,10832.446
69895,54337.734
54895,41335.324
72911,28055.537
91403,8961.891
98904,12431.253
33166,9121.184
54033,7601.434
13092,20887.672
71426,14570.681
47192,23158.963
89943,25529.148
63509,23859.19
49691,8839.975
14175,9730.222
54756,9309.113
65461,7377.4336
38186,14610.527
98835,15041.772
18821,11094.105
70629,6810.586
97880,16618.271
66696,10468.236
55326,6783.2734
37022,20045.494
81573,25578.85
73585,8438.439
92942,6964.8623
65912,15965.993
42275,23659.06
63856,7338.4204
18872,10314.483
26107,7749.4253
76830,19377.953
17775,9677.399
96622,12862.517
74932,14836.44
74590,11614.48
38836,6669.6904
24417,22957.438
14665,19032.322
67303,53900.754
70387,10128.892
95066,24434.6
50223,27655.389
28099,53216.82
18532,27924.111
89072,10984.157
88669,13847.099
64212,15906.391
12101,18633.371
61189,13705.5
25734,10903.776
36563,18154.238
69359,33851.4
23412,14506.169
87766,11007.39
57509,5950.951
64527,19938.24
55903,23665.129
71450,7041.7495
38885,14881.214
59218,14742.645
11102,20788.98
62280,20197.57
38258,8471.829
74309,14012.6
71897,8777.755
15741,7325.337
74175,10283.024
40733,24741.096
62097,13148.684
59626,8470.016
77355,13118.513
96688,17346.918
16218,7822.317
38092,16640.58
28900,24475.193
50994,15379.879
31394,9989.669
54720,8532.94
28224,12603.618
87883,16514.56
52181,28124.695
98186,9775.908
62333,12947.155
96453,11183.347
68793,15377.476
24594,25850.688
43889,13676.926
65536,14339.997
59000,21126.998
77375,20682.44
88153,19978.84
66629,21701.62
59970,18085.932
63069,20926.64
30241,7183.402
33279,9031.737
85214,8802.954
25215,7436.9375
17849,24060.703
58727,23276.086
67608,24332.66
38104,15577.863
90265,22899.15
20559,11852.739
71502,26624.477
49287,39556.117
15342,13215.737
49484,16112.686
15789,28949.578
58949,13525.71
13588,18892.428
37762,15321.853
10575,15829.628
26671,18856.814
59625,18017.7
82306,10471.38
36362,14879.604
63231,20997.549
29100,44155.246
95277,13742.608
80593,12490.194
18386,1965.1736
14885,33210.008
17794,26359.898
21012,19181.066
61686,15641.274
24051,14195.453
25950,20904.959
71827,9528.055
77683,12353.545
13956,16204.692
28157,21709.883
79046,10510.797
26209,13387.257
10443,18877.959
29990,6528.8325
43241,10583.501
24967,21180.252
55049,11190.183
96426,9944.164
49617,15279.279
32705,2856.1975
79132,31161.465
87303,15233.831
96871,26293.445
35952,12570.143
55635,14881.04
39419,15320.65
84161,10316.246
67745,9643.254
48505,26884.91
94557,10519.328
38038,19889.697
44203,21520.273
99565,13328.517
15783,12348.904
24542,7036.0547
40308,8959.31
50663,9813.557
49855,29362.02
67482,17863.21
59693,17979.797
42995,20962.348
95530,25118.084
61444,16072.5
24386,15433.449
14866,9623.721
47917,10157.681
45087,17151.822
99364,10382.26
96510,21171.748
92751,17214.498
99102,20621.48
82278,10897.144
46538,13672.147
62440,48305.047
47287,26995.783
49606,17529.535
51695,18772.262
32282,14799.255
46275,7426.9214
18452,20864.604
39043,8652.15
48197,6803.258
81137,10470.625
42768,18837.057
64947,15742.16
22371,15707.282
63110,5883.1274
99227,16636.393
20017,10899.16
88134,8495.155
81337,24424.887
15671,14460.659
77231,4861.5127
58605,53169.65
40278,18200.59
71800,16672.025
79688,14588.121
37929,15338.376
86837,11754.499
67557,10211.247
91133,21950.85
15066,19690.322
59344,9264.457
99335,6322.7993
64251,26680.576
59447,14975.392
36118,8090.2197
59786,21258.635
44328,7892.936
73938,8814.808
80496,19268.422
98987,20349.95
59812,9218.678
63408,7045.774
86554,11015.191
78496,19610.525
80493,9104.97
81919,17219.914
38672,5898.3438
89695,20766.406
63173,9093.96
77184,9459.463
72315,15330.023
84872,10716.559
58010,28783.271
59303,4403.491
64310,14505.293
22289,34851.285
13897,29334.475
27938,19850.129
31530,6273.117
57358,14526.812
37706,24482.787
30466,20184.398
89973,13395.3545
79440,20779.537
92153,18607.043
30649,8032.6514
16839,8475.168
68164,10258.031
88534,7264.796
67263,10173.816
96140,12539.57
97471,8531.7295
98851,3487.8508
16392,28605.697
91596,10734.806
49338,21117.564
14706,11320.859
33144,14884.271
53367,17007.113
14382,11065.548
78926,10323.347
30941,14639.763
34160,16952.43
71649,8134.833
52382,9869.255
10407,9267.683
18873,9738.96
64738,14404.858
69176,28415.5
25543,39229.023
98674,24281.436
55412,12283.507
76546,6702.643
56661,58812.004
42885,22455.27
78026,39974.16
26425,17853.379
53262,7341.749
28327,20277.598
50988,25845.883
43991,15449.008
81677,8310.95
19953,10326.489
67815,16157.989
16693,10172.124
20822,18570.006
25073,12009.4
19071,7627.6025
38083,52191.785
61418,13333.013
99298,12985.564
75190,19282.143
61464,20875.322
97676,7236.1367
43421,28960.096
87351,9160.413
51300,13922.876
80752,14858.136
38530,21821.04
20070,55065.676
15365,14453.361
70224,24221.066
74600,17834.395
77575,8345.797
33904,21308.695
76931,13683.09
70946,22206.615
55898,11650.213
88927,33095.31
22712,19490.496
31625,19159.092
19851,27703.295
94311,15292.591
45628,24536.38
98596,15523.208
53433,29815.648
58557,10257.159
25988,10341.114
40032,8319.575
58654,8390.8125
87814,25839.318
40595,8088.963
47192,6648.792
65885,14058.551
53628,14755.178
25010,11480.318
96591,9882.1875
66114,10584.492
77172,25056.113
98308,11621.568
86801,11361.094
22696,13124.691
23564,6436.098
94438,13355.603
26371,18953.654
44169,16151.785
29429,7141.2026
73269,30089.795
13884,17312.527
94564,27404.977
23683,9373.95
91889,23539.377
25069,32263.373
97314,8342.898
81444,11433.421
91132,18657.627
20340,28215.178
92398,12425.444
13038,58661.41
66778,23508.826
61670,19672.176
64370,16448.81
53172,25334.857
57299,6750.9424
20118,9061.081
86221,13327.927
96240,26192.436
70562,19230.756
62188,10287.449
68301,19768.283
85800,10040.077
59638,10924.355
28031,15770.064
98728,10834.367
67408,8270.316
77830,9238.973
54724,15939.012
18096,13198.849
70139,30164.645
60279,7355.139
51145,22987.906
66571,22257.71
21200,2671.5862
27007,15332.653
98702,23803.568
89841,18280.682
63276,25805.94
96026,9030.839
93151,9940.305
37918,22458.59
13649,19066.906
59881,13432.15
69434,14803.394
76507,17369.918
47965,12570.721
83266,13035.842
72720,19356.172
31662,13482.22
87347,25034.502
96569,17373.568
57873,13532.974
56176,28235.316
63574,7677.4346
11197,16935.182
62489,8268.998
32217,8088.32
95396,9981.589
10079,35910.04
41586,35975.28
80367,30705.201
49035,4906.56
50738,11093.179
98428,8499.11
97621,8880.086
19001,38485.324
21171,10459.9795
58596,6888.3135
88976,20589.664
11592,21296.322
42209,28504.234
59688,11316.339
78158,19425.48
33426,10431.036
22536,12412.532
72235,24869.057
57212,15858.586
58925,11516.207
29878,31097.938
98491,-183.11316
31237,8247.088
19378,16556.469
80187,63214.035
79638,24670.29
96453,12367.043
21991,17168.709
66647,15247.76
22841,27993.486
78066,17342.312
85865,24076.266
67834,23642.943
44001,10787.527
77115,12798.438
37812,25463.273
33299,14774.326
44480,3741.8594
89258,10171.166
55199,10933.035
66283,16375.467
73527,16313.623
89456,11072.445
81679,14979.847
42570,18068.17
21264,24807.072
72877,13151.872
52441,12531.351
55163,18186.488
25651,43272.652
58697,9591.794
31663,6830.979
13995,16805.295
82027,20277.154
37790,8002.683
94828,9936.941
51805,15614.527
34349,27388.021
81897,12524.082
70901,10268.85
13322,17944.777
62849,25836.389
34869,20749.332
56131,12174.454
99309,15269.801
31623,21117.99
55352,40898.965
89621,31832.854
58319,14834.636
17147,12109.96
31340,11212.927
29138,12238.489
34620,18101.406
11107,29635.092
39770,12801.601
80217,41494.453
61396,15172.491
30904,19128.246
10279,14884.278
73345,17320.318
38756,10218.143
35873,7588.6807
73982,22138.246
80486,15653.206
26504,49804.742
82466,9928.838
42275,38492.027
71342,6798.3423
53653,22864.408
96468,11003.912
52499,12855.253
26044,9449.395
64777,13580.732
18689,27406.803
14251,15615.813
19458,35754.008
74059,18983.463
57247,6516.026
24129,12749.403
16312,17917.861
40701,11120.898
79547,23596.244
72086,13493.706
29779,4103.6924
53751,19082.447
76557,17660.22
99393,8795.756
19952,19214.47
24991,8372.827
87173,30289.469
74482,22717.504
95465,13671.177
67964,20428.223
59745,31092.88
24166,17292.668
83616,7150.7266
36343,12569.705
28949,28771.996
70272,43369.31
78756,7290.1772
12012,29681.354
46835,10085.259
24825,21549.2
81936,15154.512
24684,8740.96
29071,27530.121
22465,19794.988
98094,35414.297
21553,22342.043
71045,26793.006
46687,9970.998
30099,25097.986
76663,13405.612
29934,5077.6
20788,45268.35
82192,13139.045
55289,25723.271
31378,15396.52
38995,24356.607
44142,18195.912
38571,48667.527
65971,16106.009
84647,16069.758
41567,20704.732
77696,7681.282
98728,22930.625
73339,11709.051
26241,15463.389
92037,8280.311
12012,16130.816
92914,18790.443
52775,17767.047
14149,20056.814
37505,19568.377
63696,25602.164
90202,19940.13
44096,21043.348
76600,9710.891
55786,14651.852
97531,14281.625
20035,7645.553
66213,9542.3955
17743,14868.142
55422,17552.21
87382,51354.387
63276,33812.473
22312,7261.3887
53380,19621.678
64856,15518.522
39680,20564.541
85157,14340.475
50114,10435.356
81576,10674.789
70934,15126.064
91330,12109.242
23915,15780.123
15865,13194.784
16685,29800.402
16059,16165.07
86012,27640.723
17196,7794.3506
95711,25865.42
27773,15005.103
70757,18409.328
85167,25110.977
16667,7662.181
79821,26968.35
25863,9701.385
94602,17671.273
96040,19703.451
61047,9796.733
24356,18197.258
22424,21728.783
68109,19870.973
14178,26689.797
98091,6266.155
88183,19889.145
45858,23994.283
42604,16532.578
23986,18765.338
89899,8791.051
19524,26169.201
39356,10039.957
11358,15731.33
40900,40754.492
27683,4716.55
17695,8142.7266
66337,21373.121
56170,5749.921
60209,16215.532
17315,29979.027
10164,7749.5254
71299,6130.513
76567,9943.823
70574,19747.805
46808,11116.306
28578,9594.258
70180,27694.07
12736,20654.307
39943,2205.9812
99637,10530.443
34680,11394.115
20400,11588.074
68091,17663.336
79003,20919.344
99228,15987.237
39123,13495.655
46485,29692.61
20265,8575.646
50683,7318.481
98069,23206.049
80029,19186.865
96670,23917.55
70562,12914.791
12991,18079.592
92388,12128.322
29890,11619.374
81210,20209.398
62489,17059.193
61042,19328.232
93759,7524.571
47096,5783.8154
83239,22814.547
17001,10486.543
65578,23064.812
45321,57905.656
98796,22424.73
78175,15995.8
40345,9463.287
12980,23543.477
53300,48646.33
80835,10194.04
26388,11886.33
65585,13511.108
88802,6157.4395
54768,10689.086
97679,15641.755
25351,31241.121
37717,16301.198
29422,11038.706
34038,21960.588
55941,15155.36
63470,25857.395
60077,8822.97
37429,11442.318
46783,27490.139
63732,36106.48
73308,9378.357
16903,25244.895
93566,9368.606
55825,26919.654
66291,20899.58
66870,26998.785
26022,14738.944
44144,19871.002
47994,11197.447
94276,37533.05
52632,12281.331
74840,11019.398
10386,13376.234
68625,15901.091
46490,10070.18
88392,31412.988
52253,25801.18
73804,29674.223
50931,20058.81
15223,16468.69
99682,10752.486
47567,9242.247
96011,22282.832
85147,18789.895
68591,21879.465
10427,19408.326
60815,7860.3184
58386,16411.934
15273,20013.568
20919,58501.297
20123,8952.231
66671,9223.552
94263,10370.8545
93425,5318.1367
90520,6807.0386
75916,9106.237
72799,20590.014
55738,23286.713
12697,15809.775
90656,12007.362
82372,17434.82
39065,10591.657
39035,13264.502
79605,16328.688
89550,19136.729
84651,13576.067
63829,13118.786
47957,15917.835
45479,19474.18
45394,12105.103
99263,11729.029
11369,10994.234
33108,12819.337
64425,10503.297
45904,19101.834
34210,20630.107
95337,5799.547
59966,18867.898
77871,12711.985
16140,17250.203
36906,23313.287
92129,15976.619
43293,24147.9
23629,15347.899
18526,12779.015
42945,20165.84
20875,14665.501
21999,7252.2837
91408,45768.25
93704,28087.885
13770,9948.484
94613,22072.195
26348,13926.78
98270,7237.7026
12089,14462.889
30550,15920.999
40361,14711.416
12859,21759.943
13194,18496.328
50082,25683.162
19998,15536.9375
30210,9140.967
91259,6506.7993
85600,15508.509
49257,18292.945
53070,8528.2705
61848,12389.773
53888,27999.416
46066,28478.182
70928,8062.803
66781,8628.349
69023,14073.347
56798,8690.827
63345,21434.486
82205,20520.383
48184,11868.392
75574,7600.0503
62634,11016.568
99876,11329.582
92707,33156.54
88524,30400.955
69933,28462.943
13900,19861.346
98503,19478.125
72950,14189.546
34882,20011.512
28353,24738.572
84931,38005.785
50164,25566.332
57936,53729.332
51302,24075.205
58612,13192.951
24537,13573.88
30028,9095.297
51519,15868.387
48761,15288.765
96903,14907.117
42463,13242.354
96164,35243.277
75193,49986.484
29940,14737.954
72047,6572.1455
92013,12446.207
47799,19044.664
81332,22463.842
92233,20113.85
41180,13481.716
22880,24137.877
11913,14309.193
71978,16478.479
70271,16509.037
21339,10351.989
66538,12338.371
12014,14870.247
39129,17616.309
78906,24559.53
61688,22478.078
93771,13287.904
84284,30815.764
44863,10842.947
77133,13762.255
58031,10823.892
61915,19880.176
41615,29268.598
84968,25487.59
19394,3972.4204
32922,9415.054
62803,10812.348
41007,19693.203
57285,5757.706
57821,8673.95
67146,23139.299
13366,30258.846
52409,8613.69
86047,6192.5835
33844,10444.228
18491,8242.319
31661,11405.4795
38418,13001.185
61214,16259.121
29698,9631.549
93880,18216.14
32224,16652.258
54694,13123.8125
58909,22040.795
91914,13862.288
98522,14325.983
47634,13710.819
25435,16051.124
53403,17280.312
86143,17439.695
12658,17280.312
28935,7934.6177
20232,23000.879
94189,13032.79
43805,14388.764
25265,6987.966
76064,10201.263
38753,10199.244
44296,7682.03
49752,14835.991
87947,28465.262
35617,11791.086
69919,20648.729
88405,20763.432
30683,8584.955
94015,27788.527
63491,11356.938
95492,24326.693
79478,7715.615
51366,16670.43
18898,25379.07
37629,12458.876
47674,19495.564
74310,11742.133
22177,7726.101
14704,10490.055
55590,23032.643
85671,15821.058
81551,6953.998
37113,9025.838
38853,13123.2295
53751,9841.845
68401,2568.131
28438,12159.744
55259,10370.706
76440,9255.176
10276,21873.129
55821,13161.105
20992,7675.6934
12907,29246.828
75101,17846.074
84649,7103.048
61289,22248.318
86020,9122.028
93487,21175.434
49444,19878.254
82655,7358.3877
22769,13499.066
56729,20230.143
56597,15046.147
50511,57287.785
49471,9481.718
32213,5566.0
12635,8130.88
81899,12721.062
35314,25839.242
95778,11726.704
85349,10918.062
10928,10324.243
22110,11464.751
77555,8940.874
96604,11338.347
53261,19425.455
65594,29877.023
98831,10139.909
81691,24497.123
16706,15369.739
42179,11905.465
78477,17921.975
41599,6355.519
37776,7684.932
94606,22733.68
43614,14896.033
37312,7136.354
37757,8336.709
39284,14231.022
86923,8020.914
85890,17312.082
32415,12594.049
81623,5490.251
11882,14247.963
30902,20387.312
32486,15384.561
32194,13796.153
13639,8241.442
88621,11039.427
87971,31420.25
81125,14057.168
85936,15692.155
23527,11019.834
72408,8989.754
15671,21613.639
48647,7427.005
89442,10183.366
20035,18051.1
81055,31379.783
95040,8499.845
84189,20470.033
67964,13115.249
30285,19784.67
64210,26559.803
32970,5716.963
84352,15052.7705
70281,14210.08
38144,27123.502
50434,12047.851
54501,7877.1973
57180,25136.293
16742,21139.275
70019,9980.795
66332,9385.674
19068,8135.816
88988,10622.312
42528,19333.473
94596,8311.438
65118,7660.773
67824,22224.574
59047,12470.284
20382,20368.732
89144,59037.227
34002,6035.8213
43225,7677.3623
51053,10655.187
45378,25881.95
22898,6773.2427
54579,30611.07
76382,26902.812
32631,26551.63
96094,14933.536
53465,8226.802
50013,20258.361
27881,26782.127
84125,8985.35
72040,14777.832
56134,32299.986
55684,8455.346
39765,8180.573
19744,34438.992
54938,12573.954
84642,5766.8096
55225,13915.671
59145,11675.577
67591,14633.257
58751,20067.365
20307,14772.114
77380,12377.131
59557,48820.977
75356,18309.475
89011,20909.87
88971,28788.727
56945,10700.062
24037,6933.453
43668,15741.994
17683,7895.3613
69576,10380.059
30322,18864.225
40679,27125.408
70962,25325.191
74745,14256.463
71971,12535.402
63510,10874.733
27171,21301.057
74102,2815.0945
25720,15082.818
77254,18426.97
68681,11046.591
70853,25732.816
36937,19695.955
66139,11836.971
69920,12555.17
64321,14419.33
65640,14423.903
62545,16245.9375
10856,14800.573
34846,14134.507
90919,15138.349
87337,14744.525
94359,11089.316
68043,11186.878
21969,27065.19
25484,10994.043
67131,18827.166
99278,7534.2603
81704,10985.615
23118,10499.928
40788,7078.4834
79926,14276.693
63698,12744.2705
11809,12904.8
50379,9127.015
79950,13244.831
78781,11807.54
63241,18241.88
67619,22027.994
62934,19968.686
92763,14244.405
83190,22099.742
12120,5406.4487
16665,21611.059
53803,7771.883
89032,14847.05
95987,11424.99
66003,9914.022
42484,18519.857
31192,9567.254
47717,10564.525
51946,30115.922
96033,9365.246
98294,9578.754
26829,28884.14
52605,8465.417
92695,10126.753
32228,32293.943
64570,10670.353
79163,14326.91
66486,28839.37
24342,9287.137
97640,10167.466
23438,26582.064
32839,10015.239
60029,12595.393
21024,8752.844
33847,10792.311
10370,32177.957
67073,13734.463
89744,19669.504
59088,14755.56
44027,10412.073
42786,20720.127
50484,24163.922
57048,9905.77
55617,8537.364
55831,11415.191
26030,6945.337
23192,18519.416
25503,10501.528
91230,11752.011
72652,19928.496
42805,23158.963
15761,13919.765
25113,9736.256
32609,20703.738
89420,10536.257
92163,24245.207
40940,5396.911
91916,9582.463
22699,38617.793
72880,21054.227
84804,14690.847
55089,18646.514
65407,32061.516
18728,16286.582
99394,21371.453
40434,13343.18
30266,28478.93
27365,9492.673
66622,15880.489
95823,13652.891
46782,56250.004
14314,8111.8623
69789,21535.668
90163,20385.305
40804,9094.391
67712,14168.763
20407,9620.945
35883,10604.105
60887,40289.68
32920,8558.6875
36762,10882.281
63763,23751.938
92115,20151.148
20983,14675.789
55399,6689.586
86940,60180.785
85808,14076.177
73996,6141.676
67339,10564.474
77733,13558.657
21952,19616.857
38138,12188.848
96776,16565.008
62086,8505.999
14393,46390.47
89576,49379.633
99645,8884.68
49817,16534.027
76470,17831.684
43650,15018.795
23128,26020.408
32244,6875.2363
42715,21740.629
77570,8049.277
83072,9886.611
89666,18934.871
27779,37972.875
70910,17316.48
33956,13202.509
93663,8314.345
74540,21176.236
73382,7787.9214
99487,63941.88
19543,16985.592
11317,8390.741
86535,10077.885
59135,19818.373
41925,9846.57
76774,23311.285
15161,14653.607
32904,10001.913
15824,10885.459
39967,17792.084
97146,19390.502
69179,48747.33
94375,6072.255
10503,8053.8833
99904,34625.812
89871,9004.134
14590,22291.438
59325,34542.156
63968,22126.527
21012,14360.699
64373,10541.441
45129,31075.947
96170,3287.335
60085,28786.674
27005,2926.4717
11843,12676.344
12614,29710.514
42632,10096.879
18113,9320.978
59766,41744.547
50556,27866.004
40796,12076.833
53244,8644.927
51359,11911.324
16224,15419.421
47615,16340.383
45633,20472.785
20597,27572.402
89597,6939.8184
67389,9064.581
81936,7527.263
82814,15730.834
76858,6119.132
41459,13317.301
94079,10489.294
86219,10400.961
57404,14082.212
78695,28263.324
35706,13555.26
47177,7610.841
80297,9840.198
56447,28106.37
22330,28898.494
33049,9736.256
16377,8568.807
19940,19848.703
26511,9453.402
94064,8759.278
52026,6383.9326
41951,9267.655
68997,10503.436
40203,22326.84
65692,14569.319
49327,22871.96
59997,11578.63
84027,3769.7175
51911,9838.116
68674,38929.074
54036,14774.664
74390,11417.438
66835,6813.3755
48698,14931.2
46866,19628.537
73866,12475.206
68155,19839.879
55027,8094.161
71736,12790.179
57446,17264.729
84495,18023.873
21424,21153.188
38273,7697.1655
86688,17215.383
74121,12338.619
24895,16446.43
97190,7079.0737
58638,24697.76
28869,14625.658
26599,19832.441
60580,22416.855
97924,19552.074
65408,6198.14
41286,20050.35
35155,45843.56
99906,11067.987
79413,15175.602
91567,9890.007
55283,64079.99
10460,18023.178
11261,18816.885
67905,14872.275
89504,9566.695
64745,7275.9507
59897,21756.994
25716,19977.06
85491,27510.547
60591,22853.262
69691,22543.793
47784,12770.533
48613,10173.893
62754,13053.11
36567,8007.6733
86848,6332.5967
90246,8349.46
21100,17466.375
41822,40251.105
81963,8063.9453
67458,40908.168
45280,17930.709
54775,8353.8
42672,6784.5557
32081,9799.739
78396,10337.205
86723,13426.997
76939,25592.621
61779,14928.287
65219,21973.805
67750,14035.117
91532,9365.896
61696,13509.214
50085,6163.9355
86012,4728.855
36275,19662.275
96086,9095.438
98304,7408.878
29250,21281.041
50395,8262.759
33012,6907.3657
68834,11884.761
68518,9091.996
23900,11264.439
32021,14558.536
30807,48668.37
51114,9609.036
66464,14119.982
99682,23078.83
28973,17183.516
55072,10838.924
48683,16889.521
84571,25119.984
51472,20528.94
74362,9629.848
32152,8990.847
91740,9941.184
22333,9387.015
87374,5043.2305
14655,7444.4463
10317,6582.261
77444,17320.523
60967,8669.621
88130,9887.99
93527,12206.921
69241,13500.778
19784,14389.687
13540,26662.389
11029,21410.475
35213,8523.813
60938,19520.465
90450,18121.035
46874,13206.097
43228,10813.474
49134,17924.49
52064,9995.828
66759,39102.92
54114,7362.3086
10283,7677.918
36239,5339.9985
30234,10241.86
69348,22500.717
83236,15448.707
91878,7164.4526
88429,7516.088
23037,17574.926
93210,9974.414
70077,20983.309
72158,20198.46
72266,10196.278
29026,26051.57
41790,27042.717
17604,17547.734
73903,22703.432
77443,20829.854
34952,21333.29
79691,15320.825
43052,18372.602
82652,15956.477
59587,15189.2295
67028,11410.939
73051,31826.164
15129,23489.072
82901,11144.12
50473,14467.108
28585,20638.451
21784,27450.346
74166,28357.814
50897,18890.178
95979,12043.936
19909,9814.503
92488,15606.393
37764,8883.857
28091,11506.633
39612,11323.113
89124,17479.518
55013,10500.395
31300,15325.265
46287,17606.62
93148,10995.125
80707,8224.232
48921,46911.207
78834,32520.492
99318,10998.414
28188,9323.863
14265,10527.828
41816,9186.507
98060,17054.58
31479,18727.469
79091,28316.326
41195,23830.36
13883,5545.502
19208,44331.336
66690,25039.3
98883,28281.691
46000,2986.4094
57135,24859.375
77834,11664.267
26493,6018.0776
29601,9191.863
46563,9313.564
30971,7291.316
60814,48766.332
41832,9495.452
64712,11729.658
27238,15062.684
10375,13421.355
25927,9494.879
67509,34313.69
42789,38799.227
14407,26009.408
63818,15396.666
29652,7149.7715
32819,10724.9
22950,10021.225
45455,20021.13
40591,10149.113
78964,14432.46
67719,33129.305
20509,8902.447
34043,17195.748
66744,7255.518
51312,21514.275
47187,18703.604
45581,31193.744
62604,11063.939
11468,13434.212
43008,22281.098
69408,13947.38
71604,15198.545
58594,6891.869
79409,9020.0625
38653,16873.557
89618,10009.132
42882,10007.146
53450,27186.826
64576,13544.518
19316,18332.066
73448,11352.95
69404,8369.703
94915,14255.963
12673,9967.052
90906,13350.162
81361,15357.701
50227,17531.559
88660,7166.184
30774,23637.145
41313,26446.113
35912,17190.309
63902,21430.975
22915,9751.579
35827,15389.574
39948,11427.076
28149,11159.427
85538,10146.856
18992,14795.196
88249,10628.562
47000,30004.535
76110,15085.428
44100,11042.24
81447,20006.188
17093,17933.408
95843,26821.799
92575,12765.939
23612,17622.299
35241,11651.942
58803,9257.832
88839,26551.037
49579,9297.087
50165,15939.219
20156,18761.904
41722,19536.76
75429,7432.129
30735,22611.771
49122,9376.303
46474,6236.348
77085,6715.2417
64479,8673.319
45072,7392.2866
10779,21507.14
21338,11427.076
71105,12991.759
17591,27584.035
25721,26577.88
47993,15837.611
32712,11338.994
32333,5750.523
15345,20423.154
95137,13272.115
64418,7888.004
97116,1757.2626
49887,30078.33
81920,17650.77
99632,10577.862
23192,10171.416
55922,33769.75
71792,24643.113
38082,7409.3423
45828,10957.511
32250,14890.641
65038,30443.95
59177,20120.541
91047,17378.646
84627,34850.793
23143,12397.065
44378,24737.465
26353,17104.016
16140,27244.686
50663,19788.111
25680,21790.102
11367,12786.065
78297,13140.166
46349,10390.162
92366,8256.719
57264,19171.275
67909,16442.654
53694,21752.56
10198,19126.404
31416,7050.1807
79745,13762.56
90141,18622.832
76140,17851.193
34763,13145.13
57583,12800.044
56959,13978.895
72266,7352.966
15053,27652.729
16285,10625.0625
93712,21410.162
46099,18477.508
66360,12220.429
17322,9680.983
93682,30849.03
98009,7895.8105
20076,8610.436
67845,13512.161
59553,14884.022
90212,7882.669
51249,26184.719
31024,29324.53
46490,13771.454
64010,11880.696
76700,13262.146
81681,11647.96
37883,42460.996
15074,12163.134
28109,8032.475
60359,15289.382
98179,8059.87
19252,10584.417
49380,14220.5205
47227,2839.241
47630,21140.744
33037,30470.549
39598,21748.197
87053,8367.876
79333,12958.359
19458,21851.812
61774,12311.869
76145,13178.001
34318,8729.012
56012,14107.702
42286,10578.948
66302,50917.81
23578,8078.716
53550,10340.695
33471,21148.326
93292,29063.775
77253,7093.0894
56712,13224.748
73611,15149.202
99954,25002.807
17685,12408.309
43606,11111.979
19317,17446.496
56361,2662.445
64074,9554.774
13892,12364.761
60908,8831.617
84544,56587.676
35200,12840.866
86193,6776.1665
14277,16045.8955
26478,13404.766
55914,6120.685
81525,17221.83
46119,16502.328
63818,11582.656
39207,9154.396
85403,14632.582
60999,27971.834
20245,23953.266
60759,16176.085
91782,13641.055
67560,15463.428
91024,11612.038
85551,20903.277
50217,19677.217
25177,11406.055
23362,14765.044
60160,10890.8125
97532,8770.633
21132,10703.285
40168,39472.473
64808,10514.089
75434,23689.73
79878,7566.014
98647,20442.004
51923,6963.756
93261,12085.102
28753,17159.047
50210,16901.393
78511,16421.424
73568,17419.123
82182,9814.503
17039,22671.832
77306,36339.43
39204,13229.088
40514,18329.97
74737,14541.123
82096,25013.098
29325,16429.084
45821,13580.947
81413,16075.643
76961,15569.829
30326,12238.672
78393,10672.238
23268,11964.475
80046,3682.3723
85259,16948.41
55893,11563.699
41016,21405.291
22056,14366.13
84022,4453.073
78203,9831.74
76472,13203.732
63365,27147.582
78823,11179.925
16109,9252.026
44401,16481.69
98743,6413.146
80070,7909.708
82175,21609.068
17645,21463.277
32493,9089.377
98790,25784.123
42787,13174.005
76717,10099.151
91343,23918.898
57030,8511.923
25774,30563.264
89274,13496.171
50895,8872.522
86750,14752.426
77184,6379.059
16505,7143.5894
41157,17804.318
99642,14934.113
42321,14185.682
24849,17716.375
58835,6275.688
40833,10732.554
88664,13485.892
71529,11611.507
38549,26282.34
86828,24974.357
65298,8573.873
86134,4978.2197
40388,9557.207
92517,14045.018
37584,6253.19
96361,26107.918
32367,7802.8325
37364,13298.078
44199,30389.164
23279,23434.91
63160,20585.176
12574,21281.229
74435,15235.725
94516,5093.8687
42297,21775.77
76776,13631.614
10472,17619.441
48140,11086.306
39012,9734.239
24572,27655.688
71736,20608.26
60027,11908.793
56031,17431.26
75642,13376.234
17397,12304.974
55456,7801.615
52052,16978.21
71097,22392.467
90477,14740.744
64677,10105.107
32002,17781.158
16136,8241.958
86383,8600.548
66784,29900.252
16662,11725.708
96869,10889.145
21670,1597.9141
79200,11053.309
25927,12874.641
82196,8188.909
68736,10319.43
51056,15405.07
20811,19465.617
53590,10139.829
62028,9563.023
24694,13125.115
94625,6783.1597
83627,10251.852
17599,7877.4
15355,17923.379
58531,17161.164
51425,9157.274
20075,18946.553
96992,10462.5625
63459,16372.947
30438,24603.658
46431,32270.846
87670,7683.2383
86931,18939.479
47581,17239.812
59181,28852.803
81001,11574.761
61546,9758.673
30524,28440.424
60938,22729.084
81683,9444.535
33320,6866.901
16720,11549.614
72520,11038.001
67734,12951.748
11495,12587.039
47058,14451.226
21234,8325.844
48695,1334.5085
96503,10603.969
82884,28393.166
48378,14996.06
71662,12353.305
84964,8163.305
44540,6576.8354
76230,6904.148
53030,11795.042
51486,18539.693
97218,48122.582
97240,13420.78
70707,13361.887
35160,6461.625
80135,9083.293
58842,7076.1914
62087,11720.007
16231,15253.704
35848,17318.574
55083,11402.334
52140,9051.588
97475,15701.984
19035,20740.943
50014,11848.915
45189,9298.1045
28889,6671.108
54433,18898.865
23017,11913.3125
58279,28270.549
68652,19464.4
43446,15206.977
27734,29730.426
16211,25249.371
16975,9476.087
51889,22729.445
38511,6693.5845
29659,10082.868
54704,28819.67
74701,20431.82
83423,11017.836
68765,28405.271
46084,8799.946
75383,13018.41
48982,11767.049
24916,12927.027
30952,16608.639
29212,13994.061
45363,15598.609
10038,16723.428
84765,11571.498
38853,12561.437
17227,12398.294
32209,9334.981
29689,18037.81
13296,7975.212
51593,38067.734
24400,31179.27
13707,7437.018
17747,17536.889
29691,12344.077
17052,16387.086
23245,11182.066
21404,18555.662
74029,11805.083
84924,13796.467
53144,23722.469
59503,41337.613
25160,6742.926
67532,18265.535
60902,21692.057
40511,8750.435
16774,10047.549
71394,7735.733
36766,14697.791
17054,29358.922
93871,22479.643
21695,38171.785
21536,12518.016
50586,11614.628
61122,17199.805
94950,14656.433
26034,16733.24
37231,18401.256
86058,5294.8667
70413,34452.176
31487,5326.3677
67955,12378.068
29748,14257.397
81298,21991.123
43176,8595.984
98794,14196.234
61523,13383.44
98020,8166.2944
13114,20207.098
51446,8800.976
48757,9943.802
47986,10152.578
35140,24883.807
94174,15613.529
55455,8323.248
18230,6397.6763
47811,6088.905
44232,26580.031
50946,9242.601
71261,23336.078
87548,12218.2705
78370,14254.77
37899,23335.0
17642,20320.531
22175,16688.697
26476,24043.182
11644,7007.5503
81715,9682.218
61200,70389.44
54343,6460.5483
66987,12431.533
77407,8960.149
39416,24733.41
18755,14483.618
12350,11492.246
89556,7463.6753
98459,30083.537
91584,15294.25
47702,14091.275
28960,9866.065
20584,13605.301
67017,8519.832
49858,20059.842
92801,13992.533
77255,7899.885
78404,17136.986
49508,33813.195
29597,12686.664
61459,22071.586
61719,19020.709
87333,12602.431
10824,14871.745
93837,18350.316
63741,9500.409
84815,5959.8145
47573,15751.042
83141,25053.59
33173,4206.126
46043,21957.174
18445,31556.496
56375,10552.322
53035,14490.88
94543,8778.168
57371,13203.998
91378,18864.854
57503,15784.124
89974,19398.56
15816,3655.1006
90077,29007.344
38299,7324.9316
36458,25821.004
22087,13748.201
68654,7342.4917
57255,15554.998
70419,33847.137
96955,13391.227
25574,97152.89
92329,8148.944
50599,13804.5625
45441,13160.706
57775,11475.749
95280,45660.79
99382,28118.654
46998,8515.287
60103,18929.416
17123,17560.83
40162,17447.635
62842,13332.524
84780,16943.97
38208,7655.8535
94066,4937.2803
87239,29305.695
14125,10568.412
63429,12119.741
86279,10691.524
23038,10081.552
25971,32773.85
23036,9861.245
60327,24703.588
54084,13682.946
99528,13421.932
95448,29105.617
96230,11058.683
53785,14767.372
89593,12733.06
78014,9512.6875
34336,15883.405
37344,10054.723
38922,17140.742
36119,37588.18
21136,9640.156
98635,19443.127
95561,15239.335
65552,48374.2
82957,18464.318
87670,8747.605
46944,14078.626
71241,15811.473
97504,6759.994
38821,8016.478
50956,17257.074
47687,7349.324
33641,8982.854
89892,13813.471
22938,14447.224
70443,31257.396
86319,16977.326
52400,18307.58
57632,13087.718
63200,16849.316
25568,20729.777
94079,11162.725
42985,10709.048
36374,6125.254
23678,36349.445
84984,21733.082
41584,18445.162
81762,25861.426
34720,11283.25
25762,19785.709
30815,10103.547
30090,17241.83
62917,23468.098
50625,19616.045
29405,16730.412
45797,26433.496
33302,11359.967
61419,12978.568
78652,13580.55
74889,11274.894
32532,12872.53
83967,7455.393
94234,9792.14
14983,13102.088
11941,18740.697
49874,19670.562
72372,25411.016
28944,5850.565
27731,17588.348
44093,14570.02
69848,30859.016
40780,8201.333
94705,8554.7705
53796,6414.7974
32425,11804.393
73735,13375.585
45879,6409.007
65155,20382.32
72051,11688.002
14247,7081.997
31298,13469.239
45766,15921.356
30936,20920.934
10998,11354.269
87314,8412.796
31548,23885.72
20349,30597.39
78138,9267.171
92033,29141.154
57337,14076.245
85675,10184.019
45217,9120.704
86163,15489.728
81807,11161.454
77657,52260.656
66351,21587.957
61691,6994.8516
73435,16718.53
22384,10611.721
66645,12894.324
30760,25663.414
79338,14003.858
50848,10845.143
49340,9701.072
44781,24448.422
54246,14308.584
19504,5858.979
89089,10366.005
51770,10663.861
38699,10039.4795
12554,9839.829
15137,6121.704
62631,18051.016
58289,8690.827
82289,18191.771
87378,15689.935
99253,21358.22
10990,12037.178
32134,12100.748
31516,8996.496
94865,10637.069
44756,15300.832
71064,29536.66
46939,25258.451
19616,60286.582
29321,9106.883
18237,14002.198
31463,9196.891
37177,24746.074
25357,19433.76
83933,30957.992
16506,17839.223
17052,13002.373
49482,12396.95
48742,17632.367
54237,20589.887
45427,34653.402
47996,35780.223
11726,9946.697
81496,22557.861
95070,10505.362
16743,23038.76
88011,22228.334
17975,19904.227
84892,5158.7646
56079,43547.875
63880,19452.666
40166,16392.166
33566,13044.888
55607,9378.357
99761,11841.345
46551,13524.804
54844,10668.986
34685,21062.54
46769,19592.725
81551,20683.434
45277,6792.619
32120,18092.82
45351,14496.7
74776,33095.46
64801,22593.178
92435,11982.684
37228,17658.184
94273,16011.814
38546,12741.027
19967,23749.457
81979,9995.625
24657,29461.139
36501,8202.875
83157,14831.6
38673,13434.98
98316,8429.4375
22150,89998.84
39018,13139.798
28363,14645.478
46229,18170.76
53643,12734.56
90047,13712.775
79156,16876.217
66515,9728.581
98885,8662.057
89782,11423.123
69063,6711.336
29163,14954.006
68968,27728.662
58001,15426.535
32314,6646.638
38407,16588.586
91209,21435.355
52466,18230.055
83847,7125.982
92596,8377.773
55209,22354.793
80208,10686.34
66816,18982.502
67429,14126.272
83340,16493.598
33390,13212.269
97317,18647.605
72764,14900.353
51213,19188.166
39165,11924.337
58398,20225.373
69985,6960.5947
48496,14830.869
90487,10366.276
83243,11213.164
86864,12957.137
11015,30890.508
26008,6797.381
33705,117945.06
67820,16654.037
16728,17368.006
65377,15958.414
89531,14547.377
77366,20511.758
34087,11746.192
48442,22709.393
95742,16473.836
32612,9637.667
39005,8117.8794
48831,18898.865
21556,26484.998
58865,11897.486
56303,17881.625
91575,11153.803
86449,25942.217
74423,24132.67
85283,14016.303
86236,7809.84
86726,10508.241
44302,33166.805
88031,11991.538
43640,26192.309
69196,16026.481
55455,12254.497
81120,14908.363
80310,28848.705
26577,29922.83
87534,17248.178
78354,48771.355
98103,8597.678
47597,26360.162
93770,13028.211
37007,12471.968
76708,10101.088
96600,8725.67
64307,55664.44
63105,16009.513
21369,19042.04
50461,13309.346
17403,26085.521
15226,10948.065
90697,5868.386
72113,18280.975
65701,17666.438
81234,24200.668
10151,30604.785
34037,22591.348
16993,14345.038
59469,9841.237
87262,11022.797
93315,15667.142
70015,12521.946
79446,10973.803
61363,8743.834
99340,24877.828
48239,24990.623
72115,7526.38
60629,16068.062
83944,28024.59
44193,23618.012
40886,12081.828
18226,13382.075
90658,41678.094
67240,18215.672
93741,11640.52
38311,7049.7725
29792,11825.049
88595,10308.074
64714,14131.552
24282,16111.883
88896,19373.947
68460,10904.02
52811,12078.135
31783,10173.816
13519,21548.01
60390,14419.449
30670,24863.18
83963,10115.716
75327,20104.426
89353,16159.076
83575,4615.6523
12194,13407.397
18255,18638.795
22067,21024.492
24498,16911.367
97725,26449.102
87338,18557.465
49008,25211.266
57271,26674.662
55169,7328.1255
57289,10344.477
41865,10364.874
29844,6877.279
51201,8522.972
93902,8329.5625
15832,26281.543
75262,19346.668
15780,18795.463
31837,11157.975
94289,25582.805
43861,18511.818
68091,7212.0786
44615,28770.014
93638,19562.715
41173,11054.429
51425,32080.604
79042,73082.516
14968,38071.457
45040,19131.523
96815,10704.115
79114,11709.946
40958,44520.56
28826,7363.667
50576,21747.967
76975,15264.104
42682,18713.018
87635,25598.156
14476,8849.981
19383,44519.324
49423,7864.5137
82328,16347.817
36724,30073.127
37120,8898.209
90122,15793.251
26797,31474.775
44015,13326.764
47184,18703.41
49711,16915.273
59262,12769.152
73940,6468.2383
49301,20897.39
30508,13031.422
75820,20924.16
27435,11931.741
78479,9004.927
65834,14524.615
80763,11652.139
32343,15098.607
76179,37132.65
35733,15338.419
60945,19635.564
83747,9880.316
13646,15448.523
27094,22571.037
13265,12339.783
89396,7154.8906
80634,11283.921
73607,10412.311
25733,6789.2207
69155,9540.983
47696,20837.701
26480,9934.129
19097,11272.105
32996,13934.382
94042,34432.793
26112,12105.82
52470,21814.688
77919,21372.088
51799,17643.742
48510,7752.1206
84852,23214.418
17955,22090.594
23640,26241.697
11298,35047.45
38017,14259.057
68431,13945.626
77188,49314.168
57033,8584.955
52241,16553.078
43183,41140.113
10224,8703.487
14950,6049.281
86924,17066.713
19235,13801.166
68794,10435.356
32575,25853.684
28402,21233.707
51482,20161.209
60898,8443.266
42431,14172.631
57493,6321.0703
80329,24803.646
50720,15751.683
50633,21283.41
83212,11800.723
61889,3852.766
37743,25651.236
18828,8132.038
42682,6907.523
28149,17379.455
95313,17477.756
23615,12354.407
56940,7415.578
18885,10591.655
53901,19273.275
80338,9516.829
16742,29208.984
45463,19797.816
88474,17213.742
81993,13631.77
84076,6380.538
44842,28593.87
44325,9670.253
84072,16178.442
44415,13434.604
88856,8325.844
31063,8602.343
11159,29440.047
27327,13993.816
45386,40297.02
98325,5885.892
41278,18714.781
84857,9841.383
79287,16759.117
95776,13191.928
86433,10208.101
68201,10141.803
68865,35897.12
62894,12861.924
12893,9255.274
50766,56811.547
95824,6777.9043
73399,18762.406
42383,6655.7935
93207,22570.807
67620,10683.839
41721,24645.86
23403,24296.467
17072,27324.008
69600,30176.674
17527,11660.594
71674,19169.025
92943,19464.213
54306,27448.584
19558,12883.492
60025,26515.922
37062,9047.012
43853,42062.414
25976,8289.549
76658,11204.372
39371,14009.423
10459,19458.28
64016,10312.425
17369,3686.5867
24096,26698.787
27700,12119.099
11382,8726.799
43532,12718.039
85416,15892.356
58518,12871.744
16377,11883.102
97316,12866.113
40960,14957.612
61445,11995.763
39139,31512.574
72147,12195.603
58677,15321.641
19066,15366.746
81657,9894.536
74639,15577.167
52793,14507.877
52755,11519.497
59903,11271.169
89473,3544.1018
77029,13820.246
33394,29340.232
83183,7683.543
62369,21742.62
65470,14310.454
55195,19299.557
88923,9451.182
58794,10581.935
99783,22682.662
44714,18446.314
78337,10130.678
16041,15021.932
47309,15961.68
55483,10739.382
65678,56675.24
60411,16299.804
39685,31172.504
77288,7272.9214
72971,13711.748
89879,19900.547
88718,11083.849
82494,10110.183
67166,8348.196
87302,13176.195
43455,7778.873
59111,22788.518
92843,17358.898
15972,11926.312
71311,10386.586
73494,28190.908
51215,16459.766
64267,24868.156
90026,13215.882
61808,27075.197
75584,40740.824
92589,15152.771
12201,34413.94
24980,7377.8315
53877,9811.412
20422,28587.229
47020,6504.8228
80611,25251.51
41838,9714.142
46593,12141.504
67659,10792.04
65373,13411.154
58939,20897.012
10608,28038.45
71755,27593.895
41151,10926.823
89532,10262.52
40260,29844.9
41242,26231.883
38005,27549.008
91792,20455.0
78270,12033.84
50090,10184.318
34902,11908.315
86477,23627.816
25850,16639.98
43340,11409.905
45867,7581.214
67330,13124.863
66888,25040.53
64830,11867.647
43719,14622.043
83972,8091.1406
33978,16545.547
84477,12918.986
25347,24658.46
99484,15688.217
10990,21529.855
46560,33586.84
39886,4925.4995
10239,13690.983
17095,18444.707
37991,19129.115
99950,12604.507
44790,18315.738
23989,7588.6807
96128,8992.79
30665,6638.813
59827,8324.828
16439,25734.781
16581,741.6359
50726,13334.595
86302,13955.067
99454,8136.741
69563,12418.188
44628,13471.879
68044,46479.137
16367,28958.176
37164,41922.855
22795,32533.162
35201,5349.244
29537,13777.797
78479,19492.066
47090,18867.756
76079,2309.0884
93516,14036.129
18341,24350.627
95477,7739.2803
42100,19374.69
19027,4126.4067
77649,29643.826
71681,17695.523
57163,10398.123
72982,21112.652
27672,10432.858
71382,22551.69
38183,23346.502
66526,9448.409
94904,4761.626
15740,32279.482
79090,15273.783
78760,21307.328
26853,10484.861
63382,19340.047
34498,8766.955
69047,31634.418
51212,15028.629
62324,40228.605
79054,8885.28
67421,20344.926
12198,13094.832
66786,27958.334
43076,17972.484
90814,19092.309
67692,6279.6807
16766,8817.169
80479,12431.058
43537,20344.992
14720,9513.797
30051,10646.112
68339,16835.932
33747,22359.113
32778,24383.201
90477,24147.57
37254,15178.124
33667,11736.923
19146,13164.849
20850,28685.277
20754,10757.704
78502,12470.928
85847,19413.865
40791,11925.093
50043,10777.188
63273,27848.594
93510,12282.7
96133,22469.611
56914,6942.608
96631,4316.824
18831,13590.376
29288,9059.726
64194,29535.525
91187,17903.607
97329,10877.715
68217,29010.543
88803,8331.322
54991,2047.4701
74521,22912.42
66502,24554.66
43284,8733.649
88204,10064.035
37572,21175.35
67536,16664.7
32816,25737.867
77267,9856.793
22422,11216.373
93034,8151.814
88685,11512.041
66551,9608.431
16754,5598.1357
68518,7705.8013
48802,29843.01
30380,18389.996
30975,14442.936
86440,23319.113
41198,14948.561
31526,25595.867
48164,15604.547
32896,11025.632
49152,13127.544
87490,13816.315
82679,13724.321
42382,33928.715
34947,9589.745
54388,34387.418
93336,2684.8523
71220,21800.59
71204,18711.525
81802,11507.422
15200,16140.51
66989,22715.404
98321,21748.404
30283,12688.736
87762,9805.029
33798,58944.605
74154,18503.959
41934,18840.703
80358,17131.334
79548,28315.375
45948,3837.4746
17925,31135.041
29830,11098.576
26780,20240.566
17855,18775.244
82757,31196.902
17466,23418.275
80916,13047.645
72900,8889.587
79478,33677.35
36277,33202.0
59704,6925.16
64705,7856.1343
72193,33900.07
64549,46716.527
54057,17630.656
13662,12745.616
61668,29979.646
89681,30963.86
87516,9425.462
28413,22310.506
49958,16142.929
54977,12637.731
16016,15104.344
48168,9928.22
63039,17838.482
76313,34404.44
31152,10403.498
52397,19016.023
13824,11734.609
74261,20984.766
22381,18237.566
32610,16099.047
87933,19218.047
62657,11812.439
26966,31721.559
16396,12777.58
37310,14911.252
41450,17014.584
15044,20335.705
41275,17673.44
48281,36043.2
94890,13697.01
73655,18455.877
84115,9318.145
29906,8209.58
90950,7575.6543
23761,12958.225
24329,17534.404
72878,9913.851
77284,22683.975
28907,8818.21
10116,12275.304
74165,30156.465
55062,17217.033
99467,16857.195
74798,15686.756
42019,6414.343
91411,28805.17
41990,17176.568
18489,16073.917
23853,14032.851
23329,10324.835
89398,16632.14
50640,15329.418
97173,21349.54
54705,24531.166
52499,31730.736
53040,9380.366
15902,42528.45
85535,7669.538
52932,13132.564
80397,19816.277
19887,40890.79
11988,7851.3457
62663,24008.336
49983,27923.867
27370,12924.845
69091,4908.667
62500,19873.307
33163,12895.679
94087,12363.3
18738,22123.85
42701,26082.31
95059,13730.775
75633,14259.253
74899,33841.66
38688,7884.8604
52300,24581.068
29960,13613.812
42511,8084.3755
79024,7690.1733
63817,20421.234
84147,9296.293
18124,11247.613
39473,13295.99
63975,21495.96
78385,21183.496
21575,19680.953
52232,7882.758
34160,17883.803
57492,12707.592
46415,14979.551
73559,7775.1797
19923,12828.71
63035,11836.971
50015,36900.332
97634,8400.148
34363,11338.8125
57159,3415.213
41118,9911.155
59745,12647.082
98297,11767.382
32169,15598.172
81732,48557.555
96379,14511.014
54869,20042.783
54101,12718.654
78524,9579.74
25202,5384.15
84446,32151.113
66823,17064.365
38921,13575.48
30038,19312.348
69406,20490.615
31816,32205.783
93546,13435.499
21558,31834.473
65276,6247.6357
71425,7756.794
13624,13012.509
83713,14397.293
84348,18092.861
98678,32938.004
71949,19719.424
27516,29992.975
63599,13523.315
21272,17144.375
70652,16155.26
96375,21189.03
68849,12756.137
50576,15089.573
32672,8099.1455
84238,14563.081
98440,11626.055
21424,10896.561
33823,12544.636
88339,8968.751
42519,28323.88
72291,16308.683
91036,23526.656
45022,7118.849
34085,19635.686
22674,51992.547
48948,18444.578
20672,14139.129
11924,9984.941
93547,13234.462
10933,27206.166
68183,29367.443
43540,11005.52
90833,7674.7134
65342,8528.37
94911,5755.868
90503,6541.8604
74610,7267.6567
11188,20153.66
84935,9937.863
49553,15378.636
24580,20350.498
39278,27073.898
45506,10118.736
27037,8692.647
11219,9177.42
36794,19700.117
42134,8940.4795
80761,13608.22
44199,11750.912
36763,9994.008
32962,12510.767
92818,22487.85
37515,46236.086
28895,10918.463
74840,17237.562
26230,20125.178
61207,17010.404
15679,4722.731
69218,6144.5547
29680,10981.581
41054,23920.922
99966,12453.996
62942,23981.902
66180,23933.572
68825,15654.357
16226,34281.797
59681,16636.393
83985,36747.94
83054,15496.929
50203,7654.8667
71181,12585.008
39012,17210.104
31218,27979.863
63269,9728.253
97074,28082.941
56316,7915.6226
25428,15830.44
83320,6827.4873
24548,11125.717
97971,5017.0625
34391,11336.447
52768,32256.686
97180,11265.442
74298,13303.193
74087,9698.304
10353,67199.734
62630,9046.332
24572,25441.734
38525,12113.951
32065,25870.363
99990,27369.871
64429,7508.4175
10548,28653.043
45264,17217.979
65232,13214.539
67148,19541.865
73413,17464.23
62364,12118.565
83004,10250.887
72557,14599.991
28780,9759.055
32118,15344.483
35516,8115.1943
45047,40372.773
57857,16579.957
91544,13094.045
42583,10828.764
71074,10388.112
42222,12889.731
48030,10278.013
11704,14546.6455
76864,25835.715
16007,22018.611
62405,11734.544
98575,27858.63
26753,24322.97
63931,13224.222
84359,29764.465
25480,7764.5063
97204,10320.436
81089,13513.843
89865,16381.226
38194,24853.732
23597,23762.082
96396,11460.512
58299,11176.386
59838,17256.102
85245,30023.578
97111,41191.93
66557,24000.568
86018,7585.4053
59088,8831.34
68560,9154.396
93627,24651.219
70151,8125.483
13629,33679.086
72337,23627.918
82933,28078.824
11270,26359.898
87139,11727.969
93336,17829.516
11175,11241.194
46433,14915.04
44113,19332.893
35233,15995.183
11818,14372.533
15768,12715.336
68325,54951.465
69598,7248.149
61248,23062.604
65851,13268.674
13180,23058.99
21937,21337.924
71129,10556.562
26541,8099.934
17706,10334.856
62652,14233.864
51706,13841.949
94897,9685.328
24238,31233.145
71266,6442.0146
50620,9209.105
31862,11113.974
65932,9514.25
42603,25139.277
44873,12105.103
13385,20161.045
95882,27958.71
43073,53767.258
62882,9896.361
88201,34170.812
21401,7213.7534
35181,10699.356
40419,23050.945
23824,6697.6772
62530,28769.164
32827,12780.664
81740,21155.783
42123,20287.129
92198,28878.713
84070,15099.096
24979,9690.847
66120,19793.059
80665,22887.938
83362,12933.226
14487,17740.855
77351,26728.951
82624,9932.345
57754,9769.757
66194,9100.861
91955,22045.535
78619,20932.736
54415,7835.544
16657,7275.6006
53144,9499.735
31296,29277.947
34415,16174.754
17115,23999.98
23597,19329.574
75813,13206.075
17157,9760.52
61148,33725.535
18017,12175.476
93567,9336.07
76087,11209.834
74092,27794.422
72979,20071.404
21252,21324.002
31567,9862.884
21167,8836.701
16273,25774.723
89112,6030.104
85366,18796.889
60296,12853.293
41167,13687.941
53155,31934.678
14135,39969.03
20957,8338.353
17337,10821.514
63722,14144.783
36284,6533.41
87378,7529.5776
38724,17952.297
44186,8991.584
47412,10338.983
45403,17350.74
55843,34999.434
13068,9106.705
79149,9306.198
68606,5429.674
91819,22430.293
81440,22464.4
86490,14570.926
50875,27787.033
94171,18973.543
38856,37580.684
46074,10371.209
16327,16470.51
81541,14750.61
16657,10625.711
96565,21123.914
51744,38924.926
98734,18865.531
47078,15472.65
59585,20134.168
84073,37505.49
87822,12179.222
75178,9242.879
45196,22913.885
10314,32889.027
83915,11739.53
50456,10521.86
47924,16173.972
99452,25731.758
18645,22647.043
91769,12616.356
76220,26373.969
36529,24077.975
51663,12668.037
43114,12540.73
17149,23795.053
17138,25312.764
15118,2668.7083
57054,13675.466
92577,15008.743
83835,6464.647
52049,10445.477
72162,7969.084
31011,26087.969
28567,7889.3643
21091,14248.582
11241,6524.688
98278,18812.857
44993,26303.97
40482,28297.643
62709,23294.855
51556,14238.711
87495,22853.146
64119,21824.514
58443,12811.539
97406,34257.535
61344,14243.149
23724,21812.51
84020,12447.912
75451,5071.391
37095,11878.739
38797,16453.781
26107,26727.01
42841,9645.659
36738,8524.548
75271,34265.723
48456,9852.524
15819,13564.921
82997,25020.58
63291,28271.076
66283,19710.088
29026,30239.816
74098,35937.492
43033,7540.8604
79289,34994.36
39303,6609.3984
70758,9337.081
57931,5799.746
33629,17318.855
15540,46405.73
86544,8228.2295
11081,19902.37
37841,4388.1035
59094,10742.12
77129,11652.064
28266,22060.17
45084,12823.713
11517,16439.238
89259,9511.359
85068,22497.605
82047,12018.525
69441,18340.379
99897,30621.273
12206,12378.021
65027,18311.137
25933,12663.517
97040,16666.648
44389,8061.6484
78510,8940.187
10740,8715.126
25305,12982.451
85038,31241.076
65864,12112.144
31800,9228.601
53016,7377.0093
82568,13762.708
35603,22071.482
90984,24662.865
58190,19936.303
48135,51538.18
12550,10760.072
50292,5846.445
20809,13035.2
39861,18243.2
11042,8962.309
18384,30518.271
16980,9874.72
89135,38412.74
89101,10215.327
10139,8250.011
83835,21682.773
71334,22398.057
50047,11901.9795
14025,14742.456
59072,20570.441
99175,8836.567
63501,15990.74
26193,23440.523
92907,11099.709
16471,20620.71
68871,14793.418
77921,24617.45
65935,13665.26
80072,41425.934
91326,20929.248
27781,14425.94
70862,8962.035
31399,9571.974
52647,19334.867
56848,21253.422
76886,15306.466
52628,21788.932
78050,17410.955
45248,23901.717
24840,7682.535
84346,18344.303
50197,9778.334
15816,39470.047
36690,15790.573
10917,2333.5542
44168,18489.475
28927,21010.914
21656,17578.24
87516,27494.402
66876,7714.641
72024,9160.413
49655,24004.338
96520,12481.246
33834,11190.183
95188,23676.756
28110,19104.277
34777,15483.023
44293,18249.74
48172,1527.5068
96422,5685.384
56114,6622.9834
50738,16277.854
85967,20937.371
79089,9698.268
29175,7284.355
68296,15042.79
91760,31457.904
74740,9125.966
28772,10455.802
35720,15743.786
49825,11725.732
30568,11080.201
49699,6616.92
17321,8985.704
30285,23238.273
84096,8344.493
69740,25620.621
15905,12820.716
66359,4757.495
22501,5301.122
45326,10633.508
54424,25054.43
99067,14639.303
76356,29390.818
80781,9827.27
60523,14913.812
99754,19322.295
82353,7477.7837
91312,10103.547
59643,19305.54
48591,9243.814
28909,18228.732
79514,15400.304
59283,23250.998
43646,13023.83
58306,27496.957
86806,19675.37
54311,34192.676
79073,12380.895
41423,8852.619
18131,19612.166
59797,11714.724
20437,35576.01
32125,17390.123
67705,48757.12
76189,6520.1616
46785,5163.8555
41439,40899.99
28443,11424.145
41662,5785.3267
46727,30354.594
94563,14512.573
10555,12073.838
18561,22786.01
45549,13374.577
22837,15135.066
15803,16371.23
20250,31963.82
89770,38294.227
73747,8407.406
26875,11292.028
60392,10606.86
89089,15009.199
86499,10815.829
77167,11483.254
58755,27235.666
34263,11423.766
60557,18473.482
14251,56529.395
20843,8397.803
61677,15215.495
18130,11677.105
95141,17753.344
92401,22354.896
57198,27187.309
49408,16060.528
20964,27049.398
98882,30332.154
96007,105510.516
20905,10491.433
91938,11664.499
64707,22239.117
82975,15932.682
84526,15282.8955
63708,19634.254
49079,25207.047
74675,6895.619
44546,22083.037
46541,18818.564
36419,8921.881
64337,49209.21
98675,22724.39
64852,25116.701
54701,23594.658
89995,10775.581
37887,8251.383
27634,13435.499
79841,12764.588
53091,11008.547
47351,4139.117
22511,27385.752
89355,15090.917
52170,18332.016
79914,17273.076
75885,13449.141
86169,21986.678
12328,57520.92
41533,6760.308
34508,10129.765
69414,19440.18
40217,19782.834
60537,23064.812
13794,18505.074
10233,29595.684
37467,13575.615
45086,11589.345
66892,26152.451
75525,20007.582
20326,5677.046
21662,11044.853
93417,10246.007
50773,20905.06
99901,10651.953
36042,8962.588
49156,9404.018
37124,16058.73
49373,7004.21
55709,9317.907
97312,18098.768
74255,25341.63
84269,15771.977
78022,21545.67
92784,20119.797
78610,6486.248
11280,14918.294
84952,9221.698
34601,10723.42
36712,8756.565
34033,10999.627
66332,15127.634
75466,28301.688
35905,13025.818
37216,22196.041
84487,11815.803
86523,20689.213
59908,22128.979
57170,4402.1694
97289,13002.9795
80043,8617.517
79689,39263.082
28360,22194.996
64452,8594.175
64809,21730.387
93915,29810.035
77638,27180.195
24926,10412.227
86352,15541.781
52792,15250.119
21270,21350.842
36806,10251.871
55406,13537.436
88529,9319.353
71691,19549.969
38338,12063.123
35213,16964.137
39883,19546.912
57052,28181.77
11599,10617.446
75633,7769.9175
41324,6079.0674
71525,8169.234
58168,7282.4053
54660,12414.844
23302,10146.092
88281,5069.805
32073,9693.122
49826,31931.559
88978,22592.75
57575,8747.514
59797,11952.126
21782,18896.916
69812,10308.049
27080,19181.482
86049,21229.77
93069,18893.81
72170,6572.3423
85417,10531.719
17272,16830.238
93281,12035.521
48481,17857.424
92069,32146.33
24387,7525.48
39477,9556.405
56027,12033.709
92485,7277.7407
94353,32910.51
14900,21415.266
34759,7143.221
49670,17532.322
77709,9165.8125
23874,10647.337
63185,38209.3
13199,19571.998
21891,13416.929
56091,13445.162
67514,8969.684
52386,6262.32
32688,21105.305
41041,12473.133
37258,9710.631
64858,7650.505
46446,9392.811
58843,16253.049
80626,9633.588
23454,12250.631
81454,5969.7646
95018,23095.65
84551,14144.542
74350,10527.64
75199,5744.055
32175,47118.5
42742,9702.828
81610,11003.956
47675,8922.923
36276,20468.912
46720,11573.772
34236,17373.19
68663,40266.42
99237,21078.584
18261,15333.326
20897,13229.646
40528,14823.714
96460,8256.977
23172,10843.675
80989,13968.319
95307,8953.494
53532,15417.296
76511,16482.51
57112,10144.095
64202,49710.266
13825,10409.439
56227,18664.412
21544,15205.426
91661,14535.261
55116,25949.654
22085,26661.672
45559,9144.1
63629,16397.27
66253,8734.93
30426,14553.915
81664,56065.117
85645,19278.256
29174,18954.516
53576,32064.885
43574,11979.922
39890,14068.07
91406,24747.396
28163,10448.383
15796,20299.137
13973,9514.515
93762,7906.5615
12566,12315.29
38822,9512.442
60512,19149.215
12649,10891.707
36480,5888.1357
76222,16617.031
27793,48338.926
19204,21976.295
94692,7729.2495
83791,34355.05
39033,9925.613
22940,17276.387
86995,8692.114
68674,11882.822
74898,10011.166
86449,4511.389
61610,11139.501
51907,13560.554
35073,10027.076
27102,19542.998
78911,5483.5957
79968,16425.654
17607,7086.635
92760,22233.346
58611,13822.084
50203,9791.76
25717,20682.1
65509,9322.636
10086,26970.004
65921,28997.361
88757,11021.923
41057,25485.586
99143,14624.835
21484,30557.014
39603,20904.875
39963,5591.7563
28855,24135.05
92319,6923.245
88854,10638.53
91401,16252.848
18595,21134.932
87187,13543.779
43505,22586.229
54667,20711.393
15114,8394.122
43915,9766.861
16795,17960.94
25805,15864.199
13574,11059.533
39027,8497.11
19348,15291.244
64479,9141.193
65154,7330.17
31851,18880.258
96373,30859.102
27484,13640.5
99781,33517.68
10135,7567.651
76291,20673.271
13653,17288.184
63511,14730.338
71915,10457.463
68553,20270.768
50863,12116.577
74338,13566.059
76556,13519.3955
36540,9615.2705
26706,17000.66
78136,9388.893
65320,8010.433
68369,15818.105
68629,18595.92
48306,11671.561
55336,9533.354
37328,9258.729
84526,13251.007
24933,8410.795
90940,9499.79
68061,20481.086
77957,17905.383
84598,10276.178
40213,14328.179
76930,28146.742
19457,25139.262
49779,4372.5254
85625,5564.181
12220,31333.041
15490,10162.218
46114,28123.889
91425,24195.41
62420,20205.877
47750,18571.135
35007,5373.9526
58841,9130.397
30999,14664.134
95820,11132.277
20209,10406.932
88863,12861.816
58917,17208.645
35450,23095.568
16548,26446.094
42201,6576.802
33684,9926.65
60661,6826.1104
76580,15825.647
63870,9969.9
84994,10927.805
33391,30941.941
87117,7885.571
20196,20471.766
60639,7814.2246
97325,18932.227
77305,19294.709
29813,26518.613
24880,7428.1323
73331,25225.129
41144,6582.261
85063,8591.58
70587,15207.392
55524,35118.996
13525,7204.029
90369,26600.242
27686,17377.47
47974,4909.319
40290,12818.785
31780,18232.99
20522,16693.977
69177,11708.103
44355,11520.113
60954,15407.814
75881,12409.198
91052,21907.846
63116,10609.284
84577,44920.6
16482,24935.043
61418,6968.0176
94640,19433.436
79692,42409.117
48411,30289.035
59545,16031.741
46311,9944.197
52870,17559.984
79162,30719.36
73589,17940.441
79741,15736.471
80165,12799.916
83549,10665.106
59090,23249.947
47260,10587.219
26638,18512.43
32847,52960.56
52622,22354.176
12230,20723.596
52692,17842.361
71744,17926.545
12209,11785.895
19298,14670.361
63745,9434.11
62487,7254.251
43700,18765.924
70450,9127.828
76614,14117.714
96268,19393.307
94365,8158.2563
68190,17907.277
14214,5259.2246
76181,18665.234
71077,23820.904
21102,12079.07
70143,18717.879
13583,9962.278
20595,17306.932
73841,11121.507
56073,27973.35
32531,22597.516
69981,22769.207
37806,8936.298
71894,27165.441
61199,6480.0894
23838,27285.465
68610,12736.17
64797,9649.558
55368,9821.425
14870,25295.445
86847,9364.145
68127,13464.865
44331,7704.588
80743,12765.135
78942,31983.963
22396,32823.637
49297,12010.256
48788,7931.186
10233,33913.65
70395,13238.695
53760,27363.654
99657,14698.979
77805,11081.338
12867,14417.984
89244,16977.893
21014,10881.892
65736,11040.154
42071,18964.037
49784,54867.926
26547,18048.967
63780,10820.845
32984,37752.27
21829,9210.609
85549,7077.75
95371,8868.817
71118,16645.809
61983,12685.877
35454,18653.846
13809,9278.91
41214,8078.5264
24429,22606.643
71621,13151.193
24849,57119.164
82470,8424.475
74927,27424.79
59455,16839.414
22601,6262.5024
95100,21194.26
14089,11818.325
47724,13122.171
46766,15525.1
34463,14431.338
68568,29779.21
78374,18468.281
30672,6997.7993
65596,5944.382
42379,22077.61
82687,13446.135
44069,13423.996
51604,15325.205
97310,16244.603
74385,6126.829
92103,10540.336
11334,11189.0205
15783,16582.975
65582,18251.402
72089,25570.174
25360,24266.008
97860,7498.963
29859,11194.07
41136,29144.223
42432,5948.828
51696,12738.369
60995,18256.22
18098,22518.508
65292,7392.324
40214,15520.665
63028,10493.624
42246,13539.035
37564,20189.736
26804,7113.387
78555,14950.5
42491,14398.368
29966,23093.064
70378,10579.313
96453,11001.763
51371,11685.619
52081,13079.499
47797,19641.775
98556,10632.269
85069,44118.816
63182,10846.901
34074,26417.984
38616,18549.586
10426,8927.188
30189,25191.986
35864,9782.936
39543,16329.988
88425,15455.561
12752,8174.5293
24874,43469.445
34388,9224.956
34408,10738.665
62805,10406.968
85854,15730.523
28886,13276.321
54355,9690.923
81355,23323.787
40609,8875.921
22015,38408.973
13499,9938.349
36117,7020.4277
63821,12503.812
86022,27020.326
27822,6964.7173
13682,13565.36
92082,14552.586
54759,12011.038
12821,9466.277
95543,11729.92
84917,7932.525
90905,15773.277
39607,7390.377
91495,24950.07
49229,16864.982
98842,16384.78
77232,13955.482
60053,15382.941
34979,23238.602
55317,8902.417
13226,46944.508
21959,19172.299
76840,38733.242
79033,16068.819
30839,9965.139
12380,18014.53
12814,20635.94
55886,11792.029
95740,9035.1045
17730,10145.282
52345,11038.109
84124,10373.048
58637,12317.401
61645,34528.188
54161,14723.132
55292,9434.504
34055,19895.686
91665,16882.072
29847,23682.959
72006,7604.965
12081,22162.139
93728,30048.217
23667,9834.482
77583,17503.572
10809,22197.686
82453,28397.926
54850,29052.938
59616,9105.263
52070,8189.787
19236,22975.332
81565,15545.768
10688,8384.587
11851,14730.397
36670,13897.413
51641,11497.139
72696,26334.906
43099,9363.494
45163,16933.068
96220,18188.748
34632,7019.13
47283,10037.658
52799,11194.34
93908,14824.667
51769,15553.779
94992,10401.061
99139,22301.2
34086,10228.185
89572,10515.384
60687,29237.756
25482,21685.17
78349,13381.124
12815,9948.484
52126,1225.4707
93927,17735.648
49162,14296.909
38148,15744.312
26487,7720.431
91096,16672.916
82262,23406.111
63025,15053.31
54779,10400.017
82442,14728.401
79729,23335.598
18784,17636.252
54773,18550.98
50277,16271.085
22022,7898.297
57209,35138.39
98581,20150.912
88564,9967.694
90945,12574.721
52649,24430.777
36272,12722.966
84795,25776.504
96062,4877.314
12205,54020.06
49707,8261.023
97063,27457.195
58248,30670.39
64567,48394.523
46518,12034.622
52660,10617.738
72917,7207.9785
99412,29355.338
28136,7260.092
96519,13901.583
57209,21592.34
16735,26771.168
70411,15490.053
64780,12490.326
39980,23777.584
99159,9601.843
92500,9774.727
97215,35695.348
72303,18288.23
66151,13292.588
48179,30751.865
34721,18390.258
26917,9279.683
48285,10669.771
47879,24971.89
17977,30304.855
70687,29275.07
46281,7526.9146
77028,8944.407
19871,8660.646
68101,19893.014
68958,29047.48
46418,9579.91
52247,14121.443
83325,15819.915
59308,30649.455
26732,41881.23
24403,16308.368
61596,45236.074
14367,13360.423
83640,14761.026
11982,1873.5076
34350,13146.931
22360,28147.104
21480,12109.96
54963,31869.432
45857,33582.316
90581,29356.865
46839,35310.508
15687,11104.765
55972,20448.945
87733,19871.002
48418,6881.277
36399,8493.151
99506,28924.936
45328,7195.375
81699,16956.883
73801,7653.912
86249,16490.49
23991,6604.4165
31461,15846.681
34108,11169.12
13739,11392.093
71018,14549.294
17205,15740.171
68059,1640.7477
92606,10670.122
35035,10345.059
46214,15794.614
82303,4804.4507
43293,25144.55
38745,12560.886
46640,8524.093
37619,8736.333
78463,5521.4136
62588,20393.963
65474,9423.699
42873,18916.818
57230,6311.0522
97216,25782.496
26806,19686.148
94693,15554.646
89078,23820.564
67280,11571.466
20075,9064.142
75831,11598.214
15432,25064.615
76430,35864.168
90416,13340.977
65796,13898.851
62688,17075.318
52616,14713.972
32935,17180.1
13791,19226.883
62350,29158.156
99817,6562.8657
69265,12557.581
41608,9708.647
15805,15919.393
63744,17650.822
26855,23864.324
10130,19367.658
70579,45934.082
38423,13011.386
72417,11538.542
39556,9689.952
91716,4005.122
29990,4221.9585
53443,21595.021
29782,5908.7944
80986,33537.74
13458,11875.352
96993,24183.564
43124,25510.428
36905,18095.621
61777,22675.525
